review,aspect,gold,pred
3,stayingpower,,positive
8,stayingpower,positive,không đọc được
11,stayingpower,,không đọc được
13,stayingpower,positive,không đọc được
22,stayingpower,,positive
41,stayingpower,positive,
46,stayingpower,,positive
48,stayingpower,,không đọc được
51,stayingpower,,không đọc được
52,stayingpower,negative,không đọc được
55,stayingpower,,không đọc được
61,stayingpower,negative,
66,stayingpower,negative,
67,stayingpower,,không đọc được
71,stayingpower,,không đọc được
79,stayingpower,negative,
81,stayingpower,,không đọc được
87,stayingpower,positive,
88,stayingpower,negative,không đọc được
89,stayingpower,positive,
91,stayingpower,,không đọc được
93,stayingpower,,positive
99,stayingpower,positive,
101,stayingpower,positive,
107,stayingpower,,không đọc được
108,stayingpower,,không đọc được
109,stayingpower,,không đọc được
121,stayingpower,,không đọc được
122,stayingpower,,không đọc được
124,stayingpower,,không đọc được
132,stayingpower,negative,
134,stayingpower,,không đọc được
137,stayingpower,,không đọc được
139,stayingpower,positive,
140,stayingpower,,positive
143,stayingpower,positive,
147,stayingpower,,không đọc được
149,stayingpower,,không đọc được
150,stayingpower,,không đọc được
151,stayingpower,positive,
153,stayingpower,,không đọc được
155,stayingpower,positive,không đọc được
157,stayingpower,negative,
158,stayingpower,,positive
167,stayingpower,,positive
171,stayingpower,,không đọc được
175,stayingpower,positive,
179,stayingpower,negative,positive
183,stayingpower,positive,
189,stayingpower,positive,
191,stayingpower,,không đọc được
193,stayingpower,,không đọc được
195,stayingpower,,không đọc được
198,stayingpower,positive,
201,stayingpower,positive,
202,stayingpower,,không đọc được
204,stayingpower,,không đọc được
211,stayingpower,positive,không đọc được
212,stayingpower,positive,
215,stayingpower,negative,
219,stayingpower,,không đọc được
220,stayingpower,,không đọc được
223,stayingpower,positive,
225,stayingpower,,không đọc được
227,stayingpower,positive,
234,stayingpower,positive,
238,stayingpower,,không đọc được
239,stayingpower,,không đọc được
242,stayingpower,,không đọc được
243,stayingpower,,không đọc được
248,stayingpower,,không đọc được
251,stayingpower,positive,
252,stayingpower,,không đọc được
253,stayingpower,,không đọc được
260,stayingpower,,positive
267,stayingpower,,không đọc được
274,stayingpower,positive,
276,stayingpower,,không đọc được
281,stayingpower,,positive
284,stayingpower,,không đọc được
288,stayingpower,,không đọc được
291,stayingpower,positive,
293,stayingpower,negative,positive
302,stayingpower,positive,
303,stayingpower,negative,không đọc được
304,stayingpower,negative,
305,stayingpower,,không đọc được
310,stayingpower,negative,
311,stayingpower,positive,
312,stayingpower,,không đọc được
322,stayingpower,,không đọc được
325,stayingpower,,không đọc được
327,stayingpower,,positive
328,stayingpower,negative,không đọc được
330,stayingpower,positive,
331,stayingpower,,không đọc được
334,stayingpower,negative,
351,stayingpower,positive,không đọc được
362,stayingpower,positive,
364,stayingpower,,positive
368,stayingpower,positive,
370,stayingpower,negative,
376,stayingpower,positive,không đọc được
378,stayingpower,negative,
382,stayingpower,,positive
387,stayingpower,negative,
392,stayingpower,negative,
393,stayingpower,positive,
395,stayingpower,,không đọc được
396,stayingpower,positive,
401,stayingpower,positive,
404,stayingpower,positive,
405,stayingpower,,không đọc được
406,stayingpower,negative,không đọc được
423,stayingpower,,không đọc được
436,stayingpower,,positive
439,stayingpower,positive,
441,stayingpower,negative,
443,stayingpower,positive,
445,stayingpower,negative,
447,stayingpower,,không đọc được
449,stayingpower,positive,
450,stayingpower,negative,
451,stayingpower,,không đọc được
453,stayingpower,,không đọc được
454,stayingpower,,không đọc được
455,stayingpower,,không đọc được
458,stayingpower,negative,
461,stayingpower,,không đọc được
462,stayingpower,,không đọc được
464,stayingpower,positive,
466,stayingpower,,không đọc được
472,stayingpower,positive,không đọc được
473,stayingpower,,không đọc được
474,stayingpower,,không đọc được
475,stayingpower,,positive
477,stayingpower,,không đọc được
486,stayingpower,negative,
489,stayingpower,positive,không đọc được
491,stayingpower,,không đọc được
494,stayingpower,,không đọc được
499,stayingpower,negative,
503,stayingpower,negative,
506,stayingpower,,không đọc được
509,stayingpower,positive,
512,stayingpower,negative,không đọc được
513,stayingpower,,không đọc được
514,stayingpower,negative,
520,stayingpower,,không đọc được
524,stayingpower,,không đọc được
528,stayingpower,,không đọc được
534,stayingpower,,không đọc được
538,stayingpower,,không đọc được
540,stayingpower,negative,
542,stayingpower,negative,
549,stayingpower,,không đọc được
550,stayingpower,positive,
551,stayingpower,,không đọc được
552,stayingpower,,không đọc được
559,stayingpower,negative,
566,stayingpower,,không đọc được
569,stayingpower,,không đọc được
576,stayingpower,,không đọc được
580,stayingpower,,không đọc được
593,stayingpower,positive,
599,stayingpower,positive,
606,stayingpower,,không đọc được
607,stayingpower,,không đọc được
608,stayingpower,positive,
609,stayingpower,negative,
611,stayingpower,,không đọc được
613,stayingpower,negative,
616,stayingpower,negative,
619,stayingpower,negative,
626,stayingpower,positive,
632,stayingpower,positive,không đọc được
635,stayingpower,negative,
636,stayingpower,,không đọc được
637,stayingpower,positive,không đọc được
639,stayingpower,,không đọc được
640,stayingpower,positive,
642,stayingpower,positive,
643,stayingpower,,không đọc được
654,stayingpower,,positive
655,stayingpower,,không đọc được
657,stayingpower,,không đọc được
659,stayingpower,positive,không đọc được
660,stayingpower,negative,
661,stayingpower,,không đọc được
663,stayingpower,negative,
664,stayingpower,,positive
671,stayingpower,,positive
677,stayingpower,,không đọc được
680,stayingpower,,positive
684,stayingpower,,positive
689,stayingpower,,không đọc được
693,stayingpower,negative,
696,stayingpower,,không đọc được
702,stayingpower,,không đọc được
705,stayingpower,,không đọc được
706,stayingpower,negative,
708,stayingpower,positive,không đọc được
711,stayingpower,positive,
712,stayingpower,,positive
726,stayingpower,,positive
728,stayingpower,,không đọc được
732,stayingpower,negative,
734,stayingpower,negative,không đọc được
741,stayingpower,,không đọc được
743,stayingpower,positive,
745,stayingpower,,positive
747,stayingpower,,không đọc được
766,stayingpower,positive,
767,stayingpower,positive,
772,stayingpower,positive,
778,stayingpower,,không đọc được
780,stayingpower,positive,
786,stayingpower,,positive
788,stayingpower,,không đọc được
791,stayingpower,,không đọc được
795,stayingpower,,không đọc được
798,stayingpower,,không đọc được
800,stayingpower,positive,
802,stayingpower,,positive
805,stayingpower,positive,
806,stayingpower,positive,
807,stayingpower,negative,
808,stayingpower,,không đọc được
811,stayingpower,negative,
814,stayingpower,negative,
820,stayingpower,,không đọc được
824,stayingpower,,không đọc được
827,stayingpower,positive,
829,stayingpower,positive,
831,stayingpower,negative,
832,stayingpower,,không đọc được
835,stayingpower,negative,
836,stayingpower,positive,
838,stayingpower,positive,
839,stayingpower,negative,
843,stayingpower,,không đọc được
844,stayingpower,,không đọc được
846,stayingpower,,không đọc được
847,stayingpower,positive,không đọc được
849,stayingpower,negative,positive
850,stayingpower,,không đọc được
855,stayingpower,positive,
856,stayingpower,positive,không đọc được
860,stayingpower,,không đọc được
863,stayingpower,negative,
864,stayingpower,positive,
865,stayingpower,,positive
867,stayingpower,positive,
868,stayingpower,negative,
870,stayingpower,negative,không đọc được
871,stayingpower,,không đọc được
874,stayingpower,,không đọc được
879,stayingpower,,positive
882,stayingpower,positive,
887,stayingpower,,không đọc được
890,stayingpower,,không đọc được
891,stayingpower,negative,
892,stayingpower,,không đọc được
894,stayingpower,positive,
896,stayingpower,,không đọc được
899,stayingpower,negative,
900,stayingpower,positive,
903,stayingpower,positive,
905,stayingpower,,positive
906,stayingpower,positive,
907,stayingpower,negative,
909,stayingpower,positive,
912,stayingpower,,không đọc được
913,stayingpower,negative,
924,stayingpower,,không đọc được
925,stayingpower,positive,
927,stayingpower,,positive
928,stayingpower,positive,
931,stayingpower,,không đọc được
932,stayingpower,positive,
935,stayingpower,positive,
940,stayingpower,,không đọc được
941,stayingpower,negative,
942,stayingpower,,không đọc được
945,stayingpower,positive,
946,stayingpower,,không đọc được
950,stayingpower,,không đọc được
951,stayingpower,,positive
952,stayingpower,,không đọc được
961,stayingpower,negative,
965,stayingpower,negative,
967,stayingpower,positive,
974,stayingpower,,không đọc được
975,stayingpower,,không đọc được
976,stayingpower,negative,
982,stayingpower,,không đọc được
989,stayingpower,negative,
992,stayingpower,,không đọc được
993,stayingpower,positive,
997,stayingpower,,không đọc được
998,stayingpower,negative,không đọc được
1000,stayingpower,negative,
1003,stayingpower,,không đọc được
1004,stayingpower,,positive
1006,stayingpower,positive,
1007,stayingpower,,positive
1011,stayingpower,,positive
1024,stayingpower,,positive
1026,stayingpower,positive,
1027,stayingpower,negative,
1028,stayingpower,,không đọc được
1029,stayingpower,positive,
1032,stayingpower,positive,
1035,stayingpower,,không đọc được
1038,stayingpower,positive,
1042,stayingpower,positive,
1044,stayingpower,,không đọc được
1046,stayingpower,,không đọc được
1047,stayingpower,,không đọc được
1062,stayingpower,positive,
1063,stayingpower,,không đọc được
1068,stayingpower,,positive
1071,stayingpower,,không đọc được
1075,stayingpower,,không đọc được
1076,stayingpower,positive,
1078,stayingpower,,không đọc được
1079,stayingpower,,không đọc được
1083,stayingpower,,không đọc được
1084,stayingpower,,không đọc được
1090,stayingpower,,positive
1094,stayingpower,positive,
1096,stayingpower,,không đọc được
1100,stayingpower,,positive
1101,stayingpower,positive,
1102,stayingpower,,không đọc được
1108,stayingpower,,không đọc được
1110,stayingpower,negative,không đọc được
1111,stayingpower,negative,
1115,stayingpower,,không đọc được
1118,stayingpower,positive,
1123,stayingpower,negative,
1125,stayingpower,positive,không đọc được
1127,stayingpower,,không đọc được
1137,stayingpower,,không đọc được
1140,stayingpower,,không đọc được
1141,stayingpower,,không đọc được
1143,stayingpower,,positive
1145,stayingpower,,không đọc được
1148,stayingpower,,không đọc được
1156,stayingpower,negative,
1157,stayingpower,positive,
1159,stayingpower,,không đọc được
1160,stayingpower,,không đọc được
1161,stayingpower,positive,
1162,stayingpower,,không đọc được
1168,stayingpower,,positive
1170,stayingpower,,positive
1171,stayingpower,positive,
1173,stayingpower,,không đọc được
1174,stayingpower,positive,
1177,stayingpower,,không đọc được
1179,stayingpower,,không đọc được
1180,stayingpower,negative,
1188,stayingpower,negative,
1189,stayingpower,,không đọc được
1190,stayingpower,negative,
1193,stayingpower,negative,
1199,stayingpower,positive,không đọc được
1209,stayingpower,,không đọc được
1211,stayingpower,,không đọc được
1219,stayingpower,,không đọc được
1225,stayingpower,,không đọc được
1227,stayingpower,negative,
1228,stayingpower,,không đọc được
1244,stayingpower,negative,
1248,stayingpower,positive,không đọc được
1249,stayingpower,negative,
1250,stayingpower,,không đọc được
1251,stayingpower,negative,
1255,stayingpower,,không đọc được
1256,stayingpower,,không đọc được
1257,stayingpower,positive,
1258,stayingpower,negative,không đọc được
1259,stayingpower,positive,
1260,stayingpower,negative,
1261,stayingpower,,không đọc được
1266,stayingpower,,không đọc được
1269,stayingpower,,không đọc được
1270,stayingpower,positive,
1273,stayingpower,positive,
1275,stayingpower,positive,không đọc được
1278,stayingpower,,không đọc được
1280,stayingpower,,không đọc được
1281,stayingpower,,không đọc được
1284,stayingpower,negative,
1286,stayingpower,,không đọc được
1291,stayingpower,negative,
1296,stayingpower,positive,
1297,stayingpower,,positive
1298,stayingpower,positive,
1301,stayingpower,,không đọc được
1302,stayingpower,,không đọc được
1305,stayingpower,,positive
1306,stayingpower,positive,
1309,stayingpower,positive,
1311,stayingpower,positive,
1314,stayingpower,,positive
1316,stayingpower,,không đọc được
1317,stayingpower,negative,
1323,stayingpower,positive,
1326,stayingpower,negative,
1327,stayingpower,,không đọc được
1329,stayingpower,,không đọc được
1331,stayingpower,positive,
1334,stayingpower,negative,
1344,stayingpower,,không đọc được
1349,stayingpower,,không đọc được
1350,stayingpower,positive,không đọc được
1351,stayingpower,,không đọc được
1353,stayingpower,,không đọc được
1357,stayingpower,,không đọc được
1358,stayingpower,negative,không đọc được
1361,stayingpower,positive,
1368,stayingpower,positive,không đọc được
1371,stayingpower,,không đọc được
1372,stayingpower,,positive
1376,stayingpower,negative,
1380,stayingpower,,không đọc được
1396,stayingpower,negative,
1398,stayingpower,negative,
1400,stayingpower,,không đọc được
1404,stayingpower,,không đọc được
1405,stayingpower,,positive
1406,stayingpower,,không đọc được
1412,stayingpower,,không đọc được
1413,stayingpower,,không đọc được
1417,stayingpower,,không đọc được
1424,stayingpower,,không đọc được
1426,stayingpower,,positive
1428,stayingpower,negative,
1431,stayingpower,,không đọc được
1432,stayingpower,,không đọc được
1434,stayingpower,,không đọc được
1436,stayingpower,positive,
1439,stayingpower,,không đọc được
1446,stayingpower,,không đọc được
1448,stayingpower,,không đọc được
1452,stayingpower,,không đọc được
1455,stayingpower,negative,
1458,stayingpower,,không đọc được
1465,stayingpower,,không đọc được
1471,stayingpower,,không đọc được
1473,stayingpower,,không đọc được
1477,stayingpower,positive,
1478,stayingpower,negative,
1479,stayingpower,positive,
1481,stayingpower,positive,
1483,stayingpower,positive,
1486,stayingpower,,positive
1490,stayingpower,negative,không đọc được
1495,stayingpower,,positive
1500,stayingpower,,không đọc được
1502,stayingpower,positive,
1504,stayingpower,,không đọc được
1506,stayingpower,negative,
1509,stayingpower,,không đọc được
1514,stayingpower,positive,
1517,stayingpower,,không đọc được
1524,stayingpower,negative,
1526,stayingpower,,không đọc được
1528,stayingpower,,không đọc được
1531,stayingpower,,positive
1533,stayingpower,,không đọc được
1534,stayingpower,,không đọc được
1538,stayingpower,,không đọc được
1541,stayingpower,positive,
1543,stayingpower,positive,
1548,stayingpower,,positive
1551,stayingpower,,không đọc được
1554,stayingpower,positive,
1555,stayingpower,,không đọc được
1560,stayingpower,,không đọc được
1562,stayingpower,negative,không đọc được
1567,stayingpower,negative,
1570,stayingpower,,không đọc được
1575,stayingpower,,không đọc được
1579,stayingpower,positive,
1582,stayingpower,,không đọc được
1588,stayingpower,,không đọc được
1595,stayingpower,,không đọc được
1599,stayingpower,,không đọc được
1603,stayingpower,,không đọc được
1604,stayingpower,positive,
1610,stayingpower,,không đọc được
1615,stayingpower,,không đọc được
1618,stayingpower,,positive
2,texture,positive,
3,texture,,positive
7,texture,negative,
10,texture,positive,
11,texture,,không đọc được
13,texture,positive,không đọc được
21,texture,negative,
22,texture,,positive
30,texture,negative,
35,texture,negative,
46,texture,,positive
48,texture,,không đọc được
49,texture,positive,
51,texture,,không đọc được
52,texture,,không đọc được
54,texture,positive,
55,texture,positive,không đọc được
61,texture,positive,
62,texture,positive,
66,texture,negative,
67,texture,positive,không đọc được
75,texture,,không đọc được
81,texture,,không đọc được
85,texture,,positive
86,texture,positive,
88,texture,positive,không đọc được
89,texture,positive,
91,texture,,không đọc được
99,texture,positive,
101,texture,positive,
107,texture,,không đọc được
108,texture,,không đọc được
109,texture,,không đọc được
110,texture,positive,
117,texture,positive,
121,texture,,không đọc được
122,texture,positive,không đọc được
124,texture,,không đọc được
125,texture,negative,
130,texture,,positive
134,texture,,không đọc được
137,texture,,không đọc được
139,texture,positive,
141,texture,positive,
143,texture,negative,
147,texture,,không đọc được
149,texture,,không đọc được
150,texture,,không đọc được
153,texture,positive,không đọc được
156,texture,,positive
159,texture,negative,
169,texture,,positive
171,texture,,không đọc được
173,texture,negative,
174,texture,positive,
175,texture,positive,
181,texture,positive,
187,texture,positive,
191,texture,,không đọc được
193,texture,,không đọc được
195,texture,,không đọc được
196,texture,,positive
198,texture,positive,
201,texture,positive,
202,texture,,không đọc được
204,texture,,không đọc được
206,texture,positive,
208,texture,negative,
211,texture,,không đọc được
213,texture,positive,
214,texture,negative,
219,texture,,không đọc được
220,texture,,không đọc được
225,texture,,không đọc được
226,texture,,positive
227,texture,positive,
230,texture,,positive
238,texture,positive,không đọc được
239,texture,,không đọc được
242,texture,positive,không đọc được
243,texture,positive,không đọc được
246,texture,positive,
248,texture,,không đọc được
250,texture,negative,
252,texture,,không đọc được
253,texture,positive,không đọc được
256,texture,,positive
259,texture,negative,
266,texture,,positive
267,texture,,không đọc được
274,texture,positive,
276,texture,positive,không đọc được
277,texture,negative,
282,texture,positive,
284,texture,,không đọc được
288,texture,,không đọc được
292,texture,positive,
293,texture,,positive
300,texture,positive,
302,texture,,positive
303,texture,,không đọc được
305,texture,,không đọc được
307,texture,positive,
312,texture,,không đọc được
314,texture,,positive
317,texture,positive,
322,texture,positive,không đọc được
323,texture,positive,
324,texture,positive,
325,texture,,không đọc được
326,texture,,positive
328,texture,positive,không đọc được
329,texture,positive,
331,texture,,không đọc được
335,texture,negative,
344,texture,positive,
346,texture,negative,
360,texture,,positive
362,texture,positive,
368,texture,positive,
370,texture,negative,
372,texture,negative,positive
376,texture,positive,không đọc được
382,texture,,positive
391,texture,negative,
394,texture,negative,
395,texture,,không đọc được
396,texture,negative,
399,texture,positive,
400,texture,positive,
405,texture,,không đọc được
406,texture,negative,không đọc được
407,texture,,negative
410,texture,positive,
411,texture,positive,
420,texture,,positive
421,texture,negative,
423,texture,,không đọc được
424,texture,positive,
426,texture,,positive
427,texture,positive,
430,texture,,positive
434,texture,positive,
438,texture,positive,
439,texture,positive,
441,texture,positive,
443,texture,positive,
447,texture,,không đọc được
448,texture,positive,
450,texture,positive,
451,texture,positive,không đọc được
452,texture,,positive
453,texture,,không đọc được
454,texture,,không đọc được
455,texture,,không đọc được
460,texture,positive,
461,texture,,không đọc được
462,texture,,không đọc được
463,texture,positive,
464,texture,negative,
466,texture,,không đọc được
470,texture,positive,
473,texture,,không đọc được
474,texture,,không đọc được
477,texture,,không đọc được
491,texture,,không đọc được
494,texture,positive,không đọc được
497,texture,,positive
498,texture,positive,
499,texture,positive,
501,texture,positive,
504,texture,positive,
506,texture,,không đọc được
508,texture,negative,
512,texture,positive,không đọc được
513,texture,positive,không đọc được
518,texture,positive,
519,texture,positive,
520,texture,,không đọc được
524,texture,,không đọc được
528,texture,positive,không đọc được
530,texture,positive,
531,texture,positive,
532,texture,positive,
534,texture,,không đọc được
536,texture,,positive
537,texture,positive,
538,texture,,không đọc được
539,texture,,positive
540,texture,positive,
543,texture,positive,
547,texture,positive,
549,texture,,không đọc được
551,texture,positive,không đọc được
552,texture,positive,không đọc được
566,texture,positive,không đọc được
569,texture,,không đọc được
570,texture,positive,
571,texture,,positive
576,texture,,không đọc được
578,texture,positive,
580,texture,,không đọc được
588,texture,positive,
595,texture,,positive
596,texture,positive,
599,texture,positive,
605,texture,,positive
606,texture,,không đọc được
607,texture,,không đọc được
608,texture,positive,
611,texture,positive,không đọc được
613,texture,negative,
616,texture,positive,
617,texture,negative,
618,texture,,positive
619,texture,positive,
623,texture,negative,
626,texture,negative,
631,texture,positive,
632,texture,positive,không đọc được
634,texture,positive,
635,texture,positive,
636,texture,,không đọc được
637,texture,,không đọc được
638,texture,positive,
639,texture,,không đọc được
640,texture,negative,
642,texture,positive,
643,texture,,không đọc được
644,texture,positive,
650,texture,positive,
655,texture,,không đọc được
657,texture,,không đọc được
659,texture,positive,không đọc được
661,texture,,không đọc được
663,texture,positive,
664,texture,,positive
666,texture,positive,
677,texture,,không đọc được
679,texture,positive,
680,texture,,positive
684,texture,negative,
689,texture,,không đọc được
691,texture,,positive
695,texture,positive,
696,texture,,không đọc được
697,texture,negative,
699,texture,negative,
701,texture,positive,
702,texture,,không đọc được
705,texture,,không đọc được
706,texture,negative,
708,texture,positive,không đọc được
710,texture,,positive
720,texture,,negative
725,texture,negative,
726,texture,,positive
728,texture,,không đọc được
734,texture,,không đọc được
741,texture,,không đọc được
745,texture,,positive
747,texture,,không đọc được
749,texture,negative,
761,texture,positive,
762,texture,positive,
764,texture,,positive
765,texture,positive,
766,texture,positive,
772,texture,positive,
773,texture,,positive
776,texture,positive,
777,texture,negative,
778,texture,,không đọc được
780,texture,positive,
782,texture,positive,
785,texture,negative,
786,texture,,positive
788,texture,,không đọc được
790,texture,positive,
791,texture,,không đọc được
795,texture,,không đọc được
798,texture,,không đọc được
801,texture,positive,không đọc được
802,texture,,positive
806,texture,positive,
808,texture,,không đọc được
810,texture,positive,
812,texture,negative,
815,texture,positive,
816,texture,positive,
817,texture,,positive
819,texture,positive,
820,texture,,không đọc được
821,texture,,positive
824,texture,,không đọc được
829,texture,,positive
830,texture,positive,
832,texture,,không đọc được
834,texture,positive,
841,texture,negative,
843,texture,,không đọc được
844,texture,,không đọc được
846,texture,,không đọc được
847,texture,,không đọc được
849,texture,,positive
850,texture,positive,không đọc được
853,texture,,positive
855,texture,negative,
856,texture,positive,không đọc được
858,texture,positive,
859,texture,negative,
860,texture,,không đọc được
864,texture,positive,
865,texture,,positive
866,texture,,positive
867,texture,positive,
870,texture,,không đọc được
871,texture,,không đọc được
874,texture,positive,không đọc được
875,texture,positive,
876,texture,negative,
878,texture,positive,
881,texture,positive,negative
883,texture,,positive
887,texture,,không đọc được
889,texture,,positive
890,texture,positive,không đọc được
891,texture,positive,
892,texture,,không đọc được
893,texture,positive,
896,texture,,không đọc được
900,texture,positive,
903,texture,positive,
904,texture,negative,
906,texture,positive,
907,texture,positive,
908,texture,positive,
911,texture,,positive
912,texture,,không đọc được
913,texture,positive,
914,texture,negative,
919,texture,negative,
924,texture,positive,không đọc được
925,texture,positive,
926,texture,,positive
927,texture,,positive
928,texture,positive,
931,texture,,không đọc được
932,texture,positive,
935,texture,positive,
938,texture,positive,
939,texture,positive,không đọc được
940,texture,,không đọc được
941,texture,positive,
942,texture,,không đọc được
944,texture,positive,
945,texture,,positive
946,texture,,không đọc được
948,texture,positive,
949,texture,,positive
950,texture,,không đọc được
951,texture,,positive
952,texture,,không đọc được
953,texture,positive,
957,texture,,positive
958,texture,negative,
961,texture,,positive
974,texture,,không đọc được
975,texture,,không đọc được
977,texture,negative,
979,texture,positive,
982,texture,,không đọc được
983,texture,,negative
988,texture,negative,positive
995,texture,positive,
997,texture,,không đọc được
998,texture,positive,không đọc được
1000,texture,negative,
1003,texture,,không đọc được
1004,texture,,positive
1006,texture,positive,
1011,texture,,positive
1014,texture,positive,
1015,texture,positive,
1020,texture,positive,
1021,texture,positive,
1024,texture,,positive
1028,texture,,không đọc được
1029,texture,positive,
1033,texture,positive,
1035,texture,,không đọc được
1038,texture,negative,positive
1042,texture,positive,
1044,texture,,không đọc được
1045,texture,negative,
1046,texture,,không đọc được
1047,texture,,không đọc được
1052,texture,,positive
1055,texture,positive,
1056,texture,negative,
1060,texture,,positive
1062,texture,positive,
1063,texture,,không đọc được
1065,texture,negative,
1071,texture,positive,không đọc được
1072,texture,positive,
1073,texture,negative,
1075,texture,,không đọc được
1076,texture,positive,
1078,texture,,không đọc được
1079,texture,,không đọc được
1080,texture,,positive
1083,texture,,không đọc được
1084,texture,negative,không đọc được
1090,texture,,positive
1096,texture,,không đọc được
1101,texture,negative,
1102,texture,,không đọc được
1103,texture,positive,
1104,texture,positive,
1106,texture,,positive
1108,texture,,không đọc được
1110,texture,positive,không đọc được
1115,texture,,không đọc được
1117,texture,positive,
1127,texture,,không đọc được
1137,texture,,không đọc được
1140,texture,,không đọc được
1141,texture,,không đọc được
1143,texture,,positive
1145,texture,,không đọc được
1148,texture,,không đọc được
1149,texture,negative,
1153,texture,positive,
1157,texture,positive,
1159,texture,,không đọc được
1160,texture,,không đọc được
1161,texture,positive,
1162,texture,,không đọc được
1165,texture,positive,
1168,texture,,positive
1169,texture,positive,
1173,texture,,không đọc được
1174,texture,positive,
1176,texture,positive,
1177,texture,positive,không đọc được
1179,texture,positive,không đọc được
1188,texture,negative,
1189,texture,,không đọc được
1190,texture,negative,
1195,texture,positive,
1197,texture,positive,
1199,texture,positive,không đọc được
1207,texture,negative,
1208,texture,positive,
1209,texture,positive,không đọc được
1211,texture,,không đọc được
1213,texture,positive,
1216,texture,positive,
1219,texture,positive,không đọc được
1220,texture,positive,
1222,texture,,positive
1225,texture,,không đọc được
1226,texture,positive,
1228,texture,negative,không đọc được
1234,texture,positive,
1240,texture,positive,
1244,texture,positive,
1248,texture,positive,không đọc được
1249,texture,positive,
1250,texture,negative,không đọc được
1255,texture,,không đọc được
1256,texture,negative,không đọc được
1258,texture,,không đọc được
1260,texture,positive,
1261,texture,,không đọc được
1265,texture,negative,
1266,texture,,không đọc được
1268,texture,positive,
1269,texture,,không đọc được
1273,texture,positive,
1275,texture,positive,không đọc được
1278,texture,,không đọc được
1280,texture,,không đọc được
1281,texture,,không đọc được
1284,texture,positive,
1286,texture,,không đọc được
1290,texture,negative,
1291,texture,positive,
1294,texture,,positive
1301,texture,positive,không đọc được
1302,texture,,không đọc được
1303,texture,positive,
1304,texture,positive,
1305,texture,,positive
1306,texture,,positive
1309,texture,positive,
1314,texture,,positive
1316,texture,positive,không đọc được
1320,texture,positive,
1327,texture,,không đọc được
1329,texture,,không đọc được
1336,texture,positive,
1338,texture,negative,
1339,texture,,positive
1341,texture,positive,
1344,texture,positive,không đọc được
1345,texture,positive,
1349,texture,,không đọc được
1350,texture,,không đọc được
1351,texture,positive,không đọc được
1353,texture,negative,không đọc được
1357,texture,,không đọc được
1358,texture,positive,không đọc được
1359,texture,positive,
1361,texture,positive,
1362,texture,,positive
1367,texture,negative,
1368,texture,positive,không đọc được
1371,texture,,không đọc được
1375,texture,positive,
1376,texture,negative,
1380,texture,,không đọc được
1390,texture,positive,
1391,texture,positive,
1394,texture,negative,
1396,texture,negative,
1397,texture,positive,
1398,texture,positive,
1400,texture,,không đọc được
1404,texture,,không đọc được
1405,texture,,positive
1406,texture,,không đọc được
1412,texture,,không đọc được
1413,texture,,không đọc được
1417,texture,,không đọc được
1424,texture,positive,không đọc được
1425,texture,positive,
1426,texture,,positive
1430,texture,positive,
1431,texture,positive,không đọc được
1432,texture,,không đọc được
1433,texture,,positive
1434,texture,positive,không đọc được
1436,texture,positive,
1439,texture,,không đọc được
1440,texture,negative,
1446,texture,,không đọc được
1448,texture,,không đọc được
1452,texture,,không đọc được
1454,texture,,positive
1456,texture,positive,
1458,texture,,không đọc được
1460,texture,positive,
1462,texture,,negative
1465,texture,positive,không đọc được
1468,texture,positive,
1469,texture,positive,
1471,texture,,không đọc được
1473,texture,,không đọc được
1475,texture,,positive
1476,texture,negative,
1477,texture,positive,
1479,texture,positive,
1484,texture,positive,
1488,texture,positive,
1490,texture,,không đọc được
1494,texture,,positive
1495,texture,,positive
1496,texture,positive,
1498,texture,negative,
1500,texture,positive,không đọc được
1501,texture,,positive
1503,texture,positive,
1504,texture,,không đọc được
1505,texture,negative,
1506,texture,positive,
1509,texture,,không đọc được
1510,texture,,positive
1517,texture,,không đọc được
1524,texture,positive,
1525,texture,,positive
1526,texture,,không đọc được
1527,texture,negative,
1528,texture,,không đọc được
1529,texture,positive,
1533,texture,,không đọc được
1534,texture,,không đọc được
1536,texture,positive,
1538,texture,,không đọc được
1543,texture,positive,
1544,texture,positive,
1548,texture,negative,
1551,texture,,không đọc được
1554,texture,positive,
1555,texture,,không đọc được
1558,texture,positive,
1560,texture,,không đọc được
1562,texture,,không đọc được
1565,texture,positive,
1566,texture,,positive
1567,texture,positive,
1570,texture,,không đọc được
1574,texture,positive,
1575,texture,,không đọc được
1577,texture,negative,
1582,texture,positive,không đọc được
1588,texture,positive,không đọc được
1595,texture,,không đọc được
1598,texture,,positive
1599,texture,,không đọc được
1600,texture,negative,
1602,texture,negative,
1603,texture,,không đọc được
1606,texture,negative,
1608,texture,positive,
1610,texture,positive,không đọc được
1615,texture,,không đọc được
1621,texture,positive,
0,smell,,positive
3,smell,,positive
8,smell,,không đọc được
11,smell,positive,không đọc được
13,smell,,không đọc được
16,smell,,negative
19,smell,positive,
25,smell,,negative
33,smell,negative,
37,smell,negative,positive
46,smell,,positive
48,smell,,không đọc được
50,smell,negative,
51,smell,,không đọc được
52,smell,,không đọc được
55,smell,,không đọc được
58,smell,positive,
62,smell,positive,
67,smell,positive,không đọc được
70,smell,positive,
71,smell,,không đọc được
74,smell,positive,
75,smell,,không đọc được
78,smell,positive,
81,smell,,không đọc được
86,smell,positive,
87,smell,positive,
88,smell,negative,không đọc được
91,smell,,không đọc được
92,smell,,positive
101,smell,positive,
107,smell,,không đọc được
108,smell,,không đọc được
109,smell,,không đọc được
110,smell,positive,
111,smell,negative,positive
117,smell,positive,
121,smell,,không đọc được
122,smell,,không đọc được
124,smell,,không đọc được
125,smell,positive,
134,smell,,không đọc được
137,smell,,không đọc được
144,smell,positive,
145,smell,positive,
147,smell,positive,không đọc được
149,smell,,không đọc được
150,smell,,không đọc được
153,smell,,không đọc được
155,smell,positive,không đọc được
161,smell,positive,
168,smell,negative,
169,smell,,positive
171,smell,,không đọc được
173,smell,positive,
174,smell,negative,
181,smell,positive,
187,smell,positive,
191,smell,,không đọc được
193,smell,,không đọc được
195,smell,,không đọc được
196,smell,,positive
202,smell,,không đọc được
204,smell,,không đọc được
208,smell,positive,
211,smell,positive,không đọc được
213,smell,positive,
217,smell,,positive
218,smell,positive,
219,smell,,không đọc được
220,smell,,không đọc được
225,smell,,không đọc được
227,smell,positive,
228,smell,positive,
230,smell,negative,positive
237,smell,positive,
238,smell,positive,không đọc được
239,smell,,không đọc được
242,smell,positive,không đọc được
243,smell,positive,không đọc được
248,smell,,không đọc được
252,smell,,không đọc được
253,smell,,không đọc được
257,smell,positive,
260,smell,,positive
264,smell,,positive
267,smell,,không đọc được
274,smell,positive,
275,smell,,không đọc được
276,smell,,không đọc được
284,smell,,không đọc được
285,smell,,positive
288,smell,,không đọc được
290,smell,positive,
292,smell,negative,
293,smell,,positive
303,smell,,không đọc được
305,smell,positive,không đọc được
307,smell,positive,
308,smell,,không đọc được
312,smell,,không đọc được
314,smell,positive,
320,smell,negative,
322,smell,,không đọc được
324,smell,positive,
325,smell,,không đọc được
328,smell,positive,không đọc được
331,smell,,không đọc được
339,smell,positive,
343,smell,,positive
344,smell,positive,
350,smell,positive,
351,smell,,không đọc được
352,smell,negative,positive
360,smell,,positive
372,smell,,negative
376,smell,,không đọc được
382,smell,,positive
388,smell,,positive
394,smell,,negative
395,smell,,không đọc được
399,smell,positive,
405,smell,,không đọc được
406,smell,,không đọc được
407,smell,,negative
409,smell,positive,
411,smell,positive,
415,smell,positive,
418,smell,,negative
419,smell,positive,
420,smell,,positive
423,smell,,không đọc được
434,smell,positive,
445,smell,positive,
447,smell,,không đọc được
449,smell,positive,
451,smell,positive,không đọc được
452,smell,,positive
453,smell,,không đọc được
454,smell,,không đọc được
455,smell,positive,không đọc được
460,smell,negative,
461,smell,,không đọc được
462,smell,,không đọc được
466,smell,,không đọc được
468,smell,negative,
472,smell,,không đọc được
473,smell,,không đọc được
474,smell,,không đọc được
475,smell,positive,negative
477,smell,,không đọc được
489,smell,,không đọc được
491,smell,positive,không đọc được
494,smell,,không đọc được
496,smell,positive,
498,smell,positive,
506,smell,,không đọc được
512,smell,,không đọc được
513,smell,,không đọc được
520,smell,,không đọc được
524,smell,,không đọc được
528,smell,,không đọc được
531,smell,,positive
534,smell,,không đọc được
536,smell,positive,
538,smell,,không đọc được
540,smell,positive,
549,smell,,không đọc được
551,smell,positive,không đọc được
552,smell,positive,không đọc được
559,smell,positive,
560,smell,positive,
566,smell,,không đọc được
569,smell,,không đọc được
571,smell,,positive
575,smell,negative,
576,smell,,không đọc được
580,smell,,không đọc được
582,smell,negative,
584,smell,positive,
586,smell,positive,
590,smell,positive,
595,smell,,positive
602,smell,,positive
606,smell,,không đọc được
607,smell,,không đọc được
611,smell,,không đọc được
613,smell,positive,
618,smell,positive,negative
632,smell,,không đọc được
636,smell,,không đọc được
637,smell,,không đọc được
639,smell,positive,không đọc được
643,smell,,không đọc được
652,smell,,positive
655,smell,,không đọc được
657,smell,,không đọc được
659,smell,positive,không đọc được
664,smell,,positive
669,smell,positive,
672,smell,positive,
674,smell,negative,
677,smell,,không đọc được
684,smell,,positive
689,smell,positive,không đọc được
693,smell,negative,
696,smell,,không đọc được
701,smell,positive,
702,smell,,không đọc được
705,smell,,không đọc được
708,smell,positive,không đọc được
709,smell,negative,
710,smell,,positive
712,smell,,positive
716,smell,positive,
720,smell,,negative
721,smell,positive,
726,smell,,positive
727,smell,positive,
728,smell,,không đọc được
731,smell,positive,
734,smell,,không đọc được
737,smell,negative,
739,smell,negative,
741,smell,,không đọc được
743,smell,,positive
744,smell,positive,
745,smell,positive,
747,smell,,không đọc được
755,smell,positive,
756,smell,positive,
759,smell,negative,
765,smell,positive,
767,smell,,positive
769,smell,positive,
778,smell,,không đọc được
786,smell,,positive
788,smell,,không đọc được
789,smell,positive,
791,smell,,không đọc được
795,smell,positive,không đọc được
798,smell,,không đọc được
801,smell,,không đọc được
808,smell,positive,không đọc được
810,smell,positive,
813,smell,positive,
816,smell,positive,
820,smell,,không đọc được
824,smell,,không đọc được
826,smell,positive,
827,smell,positive,
832,smell,,không đọc được
834,smell,negative,
835,smell,positive,
843,smell,,không đọc được
844,smell,positive,không đọc được
846,smell,positive,không đọc được
847,smell,,không đọc được
850,smell,,không đọc được
854,smell,positive,
856,smell,,không đọc được
859,smell,positive,
860,smell,,không đọc được
863,smell,positive,
865,smell,,positive
870,smell,,không đọc được
871,smell,negative,không đọc được
874,smell,positive,không đọc được
878,smell,positive,
880,smell,positive,
887,smell,,không đọc được
890,smell,,không đọc được
891,smell,negative,
892,smell,,không đọc được
896,smell,,không đọc được
903,smell,positive,
906,smell,positive,
912,smell,,không đọc được
917,smell,negative,
919,smell,positive,
920,smell,positive,
924,smell,positive,không đọc được
927,smell,,positive
931,smell,,không đọc được
939,smell,positive,không đọc được
940,smell,,không đọc được
941,smell,positive,
942,smell,positive,không đọc được
943,smell,positive,
946,smell,,không đọc được
948,smell,positive,
950,smell,,không đọc được
952,smell,,không đọc được
972,smell,,negative
973,smell,positive,
974,smell,negative,không đọc được
975,smell,,không đọc được
976,smell,positive,
979,smell,negative,
982,smell,,không đọc được
984,smell,,positive
987,smell,,negative
988,smell,,positive
992,smell,,không đọc được
997,smell,,không đọc được
998,smell,,không đọc được
1003,smell,,không đọc được
1006,smell,positive,
1011,smell,,positive
1012,smell,positive,
1015,smell,positive,
1018,smell,positive,
1020,smell,positive,
1021,smell,positive,
1027,smell,positive,
1028,smell,,không đọc được
1031,smell,negative,
1032,smell,positive,
1035,smell,,không đọc được
1038,smell,,positive
1039,smell,positive,
1042,smell,positive,
1044,smell,,không đọc được
1045,smell,negative,
1046,smell,,không đọc được
1047,smell,,không đọc được
1063,smell,,không đọc được
1065,smell,negative,
1070,smell,positive,
1071,smell,positive,không đọc được
1075,smell,,không đọc được
1078,smell,,không đọc được
1079,smell,,không đọc được
1083,smell,,không đọc được
1086,smell,,positive
1089,smell,positive,
1090,smell,,positive
1092,smell,,positive
1096,smell,,không đọc được
1098,smell,positive,
1102,smell,,không đọc được
1103,smell,positive,
1106,smell,,positive
1108,smell,,không đọc được
1110,smell,positive,không đọc được
1112,smell,positive,
1114,smell,positive,
1115,smell,,không đọc được
1117,smell,,positive
1118,smell,positive,
1125,smell,positive,không đọc được
1127,smell,,không đọc được
1137,smell,,không đọc được
1140,smell,,không đọc được
1141,smell,,không đọc được
1143,smell,,positive
1144,smell,positive,
1145,smell,,không đọc được
1148,smell,,không đọc được
1151,smell,positive,
1157,smell,negative,
1159,smell,,không đọc được
1160,smell,,không đọc được
1162,smell,,không đọc được
1165,smell,positive,
1168,smell,,positive
1169,smell,negative,
1170,smell,,positive
1172,smell,negative,
1173,smell,,không đọc được
1177,smell,,không đọc được
1179,smell,positive,không đọc được
1188,smell,positive,
1189,smell,,không đọc được
1194,smell,positive,
1199,smell,positive,không đọc được
1204,smell,positive,
1208,smell,positive,
1209,smell,positive,không đọc được
1211,smell,,không đọc được
1216,smell,positive,
1217,smell,negative,
1225,smell,,không đọc được
1226,smell,positive,
1228,smell,negative,không đọc được
1239,smell,positive,
1240,smell,positive,
1242,smell,positive,
1245,smell,positive,
1248,smell,,không đọc được
1250,smell,negative,không đọc được
1252,smell,positive,
1255,smell,,không đọc được
1256,smell,,không đọc được
1258,smell,,không đọc được
1261,smell,,không đọc được
1266,smell,,không đọc được
1269,smell,,không đọc được
1270,smell,positive,
1275,smell,,không đọc được
1278,smell,,không đọc được
1280,smell,,không đọc được
1281,smell,,không đọc được
1284,smell,positive,
1286,smell,,không đọc được
1291,smell,positive,
1297,smell,,positive
1301,smell,,không đọc được
1302,smell,,không đọc được
1306,smell,,positive
1314,smell,,positive
1315,smell,positive,
1316,smell,,không đọc được
1318,smell,negative,
1319,smell,positive,
1321,smell,positive,
1327,smell,,không đọc được
1329,smell,,không đọc được
1334,smell,positive,
1339,smell,,positive
1341,smell,negative,
1344,smell,,không đọc được
1349,smell,positive,không đọc được
1350,smell,,không đọc được
1351,smell,,không đọc được
1353,smell,,không đọc được
1357,smell,,không đọc được
1358,smell,,không đọc được
1359,smell,positive,
1362,smell,,positive
1368,smell,,không đọc được
1371,smell,,không đọc được
1380,smell,,không đọc được
1385,smell,,positive
1386,smell,negative,
1387,smell,positive,
1393,smell,,positive
1399,smell,negative,
1400,smell,,không đọc được
1401,smell,positive,
1402,smell,negative,
1404,smell,,không đọc được
1405,smell,,positive
1406,smell,,không đọc được
1409,smell,positive,
1410,smell,positive,
1412,smell,,không đọc được
1413,smell,,không đọc được
1417,smell,,không đọc được
1424,smell,,không đọc được
1431,smell,,không đọc được
1432,smell,,không đọc được
1434,smell,,không đọc được
1439,smell,,không đọc được
1440,smell,positive,
1446,smell,positive,không đọc được
1448,smell,,không đọc được
1451,smell,,positive
1452,smell,,không đọc được
1455,smell,positive,
1456,smell,positive,
1458,smell,,không đọc được
1459,smell,positive,
1462,smell,,negative
1463,smell,positive,
1465,smell,,không đọc được
1471,smell,,không đọc được
1473,smell,,không đọc được
1478,smell,positive,
1480,smell,,positive
1481,smell,,negative
1487,smell,positive,
1490,smell,,không đọc được
1492,smell,positive,
1494,smell,,positive
1495,smell,,positive
1496,smell,positive,
1498,smell,negative,
1500,smell,positive,không đọc được
1504,smell,,không đọc được
1505,smell,positive,
1507,smell,negative,
1509,smell,,không đọc được
1510,smell,,positive
1514,smell,positive,
1516,smell,positive,
1517,smell,,không đọc được
1526,smell,,không đọc được
1528,smell,,không đọc được
1529,smell,positive,
1531,smell,positive,negative
1533,smell,,không đọc được
1534,smell,,không đọc được
1538,smell,,không đọc được
1545,smell,positive,
1551,smell,,không đọc được
1555,smell,,không đọc được
1558,smell,positive,
1560,smell,,không đọc được
1565,smell,positive,
1566,smell,positive,
1570,smell,,không đọc được
1574,smell,positive,
1575,smell,,không đọc được
1582,smell,,không đọc được
1588,smell,positive,không đọc được
1592,smell,positive,
1593,smell,positive,
1594,smell,positive,
1595,smell,,không đọc được
1597,smell,negative,
1599,smell,,không đọc được
1603,smell,,không đọc được
1610,smell,,không đọc được
1611,smell,positive,
1615,smell,,không đọc được
1618,smell,,positive
1620,smell,negative,
7,price,positive,
8,price,,không đọc được
11,price,,không đọc được
13,price,,không đọc được
25,price,positive,
27,price,positive,
30,price,positive,
32,price,positive,
39,price,positive,
43,price,positive,
44,price,positive,
46,price,positive,
48,price,,không đọc được
51,price,,không đọc được
52,price,negative,không đọc được
54,price,positive,
55,price,positive,không đọc được
58,price,positive,
63,price,positive,
67,price,,không đọc được
71,price,,không đọc được
74,price,positive,
75,price,positive,không đọc được
81,price,,không đọc được
85,price,positive,
86,price,positive,
88,price,,không đọc được
91,price,,không đọc được
95,price,positive,
99,price,positive,
100,price,positive,
107,price,,không đọc được
108,price,,không đọc được
109,price,,không đọc được
110,price,positive,
121,price,,không đọc được
122,price,,không đọc được
123,price,positive,
124,price,,không đọc được
129,price,positive,
130,price,positive,
132,price,positive,
134,price,positive,không đọc được
137,price,positive,không đọc được
138,price,positive,
141,price,positive,
143,price,positive,
145,price,positive,
146,price,positive,
147,price,,không đọc được
149,price,,không đọc được
150,price,,không đọc được
153,price,,không đọc được
154,price,negative,
155,price,,không đọc được
156,price,positive,
171,price,,không đọc được
175,price,positive,
186,price,positive,negative
189,price,positive,
191,price,positive,không đọc được
193,price,,không đọc được
195,price,,không đọc được
196,price,positive,
200,price,positive,
202,price,positive,không đọc được
204,price,,không đọc được
211,price,positive,không đọc được
216,price,positive,
217,price,positive,
218,price,positive,
219,price,,không đọc được
220,price,,không đọc được
222,price,positive,
225,price,,không đọc được
228,price,positive,
233,price,positive,
238,price,positive,không đọc được
239,price,positive,không đọc được
242,price,,không đọc được
243,price,positive,không đọc được
247,price,positive,
248,price,,không đọc được
250,price,negative,
252,price,,không đọc được
253,price,positive,không đọc được
256,price,positive,
257,price,positive,
262,price,positive,
267,price,,không đọc được
272,price,positive,
275,price,,không đọc được
276,price,,không đọc được
279,price,positive,
281,price,positive,
284,price,,không đọc được
288,price,,không đọc được
289,price,positive,
290,price,positive,
295,price,positive,
300,price,positive,
303,price,positive,không đọc được
305,price,positive,không đọc được
306,price,positive,
308,price,,không đọc được
309,price,positive,
312,price,,không đọc được
315,price,positive,
319,price,positive,
322,price,,không đọc được
325,price,,không đọc được
327,price,positive,
328,price,,không đọc được
331,price,,không đọc được
342,price,positive,
349,price,positive,
351,price,,không đọc được
362,price,positive,
370,price,positive,
372,price,positive,
376,price,,không đọc được
377,price,positive,
383,price,positive,
392,price,positive,
395,price,,không đọc được
405,price,,không đọc được
406,price,positive,không đọc được
408,price,positive,
410,price,positive,
411,price,positive,
422,price,positive,
423,price,,không đọc được
424,price,positive,
445,price,positive,
447,price,,không đọc được
448,price,positive,
451,price,,không đọc được
453,price,positive,không đọc được
454,price,,không đọc được
455,price,,không đọc được
461,price,,không đọc được
462,price,,không đọc được
465,price,positive,
466,price,,không đọc được
468,price,positive,
472,price,positive,không đọc được
473,price,,không đọc được
474,price,,không đọc được
475,price,positive,
477,price,,không đọc được
478,price,positive,
479,price,positive,
489,price,,không đọc được
491,price,,không đọc được
494,price,,không đọc được
496,price,positive,
497,price,positive,
498,price,positive,
499,price,positive,
504,price,positive,
505,price,positive,
506,price,positive,không đọc được
512,price,,không đọc được
513,price,,không đọc được
520,price,,không đọc được
521,price,positive,
522,price,positive,
524,price,positive,không đọc được
525,price,positive,
527,price,positive,
528,price,,không đọc được
530,price,positive,
534,price,positive,không đọc được
538,price,,không đọc được
549,price,,không đọc được
551,price,,không đọc được
552,price,,không đọc được
558,price,positive,
566,price,,không đọc được
569,price,,không đọc được
570,price,positive,
576,price,positive,không đọc được
578,price,positive,
580,price,,không đọc được
582,price,positive,
586,price,positive,
594,price,positive,
599,price,positive,
606,price,,không đọc được
607,price,,không đọc được
611,price,,không đọc được
619,price,positive,
629,price,positive,
632,price,,không đọc được
636,price,,không đọc được
637,price,,không đọc được
639,price,,không đọc được
642,price,positive,
643,price,positive,không đọc được
644,price,positive,
648,price,positive,
649,price,positive,
651,price,positive,
655,price,positive,không đọc được
657,price,,không đọc được
659,price,,không đọc được
661,price,,không đọc được
668,price,positive,
674,price,positive,
676,price,positive,
677,price,,không đọc được
687,price,positive,
689,price,positive,không đọc được
693,price,negative,
696,price,,không đọc được
698,price,positive,
699,price,positive,
702,price,,không đọc được
705,price,,không đọc được
707,price,positive,
708,price,,không đọc được
719,price,positive,
728,price,,không đọc được
729,price,positive,
732,price,positive,
734,price,,không đọc được
741,price,,không đọc được
747,price,,không đọc được
753,price,positive,
763,price,positive,
766,price,positive,
771,price,positive,
772,price,positive,
775,price,positive,
776,price,positive,
778,price,,không đọc được
783,price,positive,
785,price,positive,
788,price,,không đọc được
791,price,,không đọc được
795,price,,không đọc được
796,price,positive,
798,price,,không đọc được
801,price,,không đọc được
808,price,,không đọc được
809,price,positive,
815,price,positive,
817,price,positive,
819,price,positive,
820,price,,không đọc được
824,price,,không đọc được
831,price,positive,
832,price,,không đọc được
833,price,positive,
840,price,positive,
841,price,positive,
843,price,,không đọc được
844,price,,không đọc được
846,price,,không đọc được
847,price,,không đọc được
850,price,,không đọc được
852,price,positive,
856,price,,không đọc được
860,price,positive,không đọc được
867,price,positive,
870,price,positive,không đọc được
871,price,,không đọc được
872,price,positive,
874,price,positive,không đọc được
882,price,positive,
885,price,positive,
887,price,,không đọc được
888,price,positive,
890,price,positive,không đọc được
891,price,positive,
892,price,positive,không đọc được
896,price,,không đọc được
902,price,positive,
904,price,positive,
910,price,positive,
912,price,,không đọc được
917,price,positive,
923,price,positive,
924,price,positive,không đọc được
931,price,,không đọc được
939,price,,không đọc được
940,price,,không đọc được
942,price,,không đọc được
946,price,,không đọc được
947,price,positive,
949,price,positive,
950,price,,không đọc được
952,price,,không đọc được
953,price,positive,
955,price,positive,
957,price,positive,
969,price,positive,
974,price,positive,không đọc được
975,price,,không đọc được
976,price,positive,
978,price,positive,
982,price,,không đọc được
983,price,positive,
988,price,positive,
992,price,,không đọc được
997,price,,không đọc được
998,price,,không đọc được
999,price,positive,
1000,price,positive,
1003,price,,không đọc được
1016,price,positive,
1017,price,positive,
1023,price,positive,
1024,price,positive,
1028,price,,không đọc được
1031,price,positive,
1035,price,,không đọc được
1037,price,positive,
1042,price,positive,
1044,price,,không đọc được
1045,price,positive,
1046,price,,không đọc được
1047,price,,không đọc được
1055,price,positive,
1060,price,positive,
1063,price,,không đọc được
1066,price,positive,
1071,price,,không đọc được
1072,price,positive,
1073,price,positive,
1075,price,,không đọc được
1078,price,,không đọc được
1079,price,positive,không đọc được
1083,price,,không đọc được
1084,price,,không đọc được
1087,price,positive,
1089,price,positive,
1092,price,,positive
1094,price,positive,
1096,price,,không đọc được
1100,price,positive,
1102,price,,không đọc được
1108,price,,không đọc được
1110,price,positive,không đọc được
1112,price,positive,
1115,price,,không đọc được
1123,price,positive,
1125,price,,không đọc được
1127,price,,không đọc được
1130,price,positive,
1137,price,,không đọc được
1140,price,,không đọc được
1141,price,,không đọc được
1145,price,,không đọc được
1148,price,,không đọc được
1157,price,positive,
1159,price,,không đọc được
1160,price,,không đọc được
1162,price,,không đọc được
1165,price,positive,
1166,price,positive,
1169,price,positive,
1171,price,positive,
1173,price,,không đọc được
1177,price,,không đọc được
1179,price,positive,không đọc được
1189,price,positive,không đọc được
1190,price,positive,
1198,price,positive,
1199,price,,không đọc được
1200,price,positive,
1204,price,positive,
1205,price,positive,
1208,price,positive,
1209,price,,không đọc được
1210,price,positive,
1211,price,,không đọc được
1213,price,positive,
1217,price,positive,
1218,price,positive,
1219,price,,không đọc được
1224,price,positive,
1225,price,,không đọc được
1226,price,positive,
1228,price,,không đọc được
1229,price,positive,
1236,price,positive,
1238,price,positive,
1242,price,positive,
1243,price,positive,
1244,price,positive,
1248,price,,không đọc được
1250,price,,không đọc được
1252,price,positive,
1253,price,positive,
1254,price,positive,
1255,price,,không đọc được
1256,price,,không đọc được
1258,price,,không đọc được
1259,price,positive,
1261,price,positive,không đọc được
1266,price,,không đọc được
1267,price,positive,
1268,price,positive,
1269,price,,không đọc được
1270,price,positive,
1275,price,,không đọc được
1278,price,,không đọc được
1280,price,positive,không đọc được
1281,price,,không đọc được
1283,price,negative,
1286,price,,không đọc được
1291,price,positive,
1298,price,positive,
1300,price,positive,
1301,price,,không đọc được
1302,price,,không đọc được
1306,price,positive,
1316,price,,không đọc được
1327,price,,không đọc được
1329,price,positive,không đọc được
1336,price,positive,
1337,price,positive,
1339,price,,positive
1341,price,positive,
1344,price,,không đọc được
1349,price,,không đọc được
1350,price,positive,không đọc được
1351,price,,không đọc được
1353,price,,không đọc được
1357,price,,không đọc được
1358,price,positive,không đọc được
1364,price,positive,
1367,price,positive,
1368,price,,không đọc được
1371,price,,không đọc được
1376,price,positive,
1380,price,,không đọc được
1381,price,positive,
1400,price,,không đọc được
1401,price,positive,
1404,price,,không đọc được
1406,price,,không đọc được
1408,price,positive,
1410,price,positive,
1412,price,positive,không đọc được
1413,price,positive,không đọc được
1417,price,negative,không đọc được
1419,price,positive,
1420,price,positive,
1424,price,,không đọc được
1425,price,positive,
1428,price,positive,
1430,price,positive,
1431,price,,không đọc được
1432,price,,không đọc được
1434,price,positive,không đọc được
1439,price,,không đọc được
1442,price,positive,
1444,price,positive,
1446,price,,không đọc được
1448,price,positive,không đọc được
1452,price,,không đọc được
1457,price,positive,
1458,price,,không đọc được
1463,price,positive,
1465,price,positive,không đọc được
1467,price,positive,
1470,price,positive,
1471,price,positive,không đọc được
1473,price,positive,không đọc được
1481,price,positive,
1484,price,positive,
1490,price,positive,không đọc được
1496,price,positive,
1498,price,positive,
1500,price,,không đọc được
1504,price,,không đọc được
1505,price,positive,
1506,price,positive,
1509,price,,không đọc được
1515,price,positive,
1517,price,,không đọc được
1521,price,positive,
1524,price,positive,
1526,price,,không đọc được
1528,price,positive,không đọc được
1533,price,,không đọc được
1534,price,,không đọc được
1538,price,,không đọc được
1539,price,positive,
1544,price,positive,
1551,price,,không đọc được
1552,price,positive,
1553,price,positive,
1555,price,positive,không đọc được
1557,price,positive,
1558,price,positive,
1560,price,positive,không đọc được
1562,price,,không đọc được
1568,price,positive,
1570,price,,không đọc được
1571,price,positive,
1575,price,,không đọc được
1577,price,positive,
1578,price,positive,
1582,price,,không đọc được
1584,price,positive,
1586,price,positive,
1588,price,,không đọc được
1595,price,,không đọc được
1599,price,,không đọc được
1601,price,positive,
1603,price,,không đọc được
1606,price,positive,
1610,price,,không đọc được
1612,price,positive,
1615,price,,không đọc được
1619,price,positive,
3,colour,,positive
5,colour,positive,
8,colour,positive,không đọc được
10,colour,positive,
11,colour,positive,không đọc được
12,colour,positive,
13,colour,positive,không đọc được
16,colour,negative,
19,colour,positive,
30,colour,positive,
31,colour,positive,
32,colour,positive,
34,colour,negative,
40,colour,positive,
43,colour,positive,
45,colour,negative,
48,colour,positive,không đọc được
49,colour,positive,
50,colour,positive,
51,colour,,không đọc được
52,colour,,không đọc được
54,colour,positive,
55,colour,positive,không đọc được
58,colour,positive,
65,colour,positive,
67,colour,,không đọc được
68,colour,positive,
69,colour,,positive
70,colour,positive,
71,colour,,không đọc được
74,colour,positive,
75,colour,positive,không đọc được
78,colour,positive,
80,colour,positive,
81,colour,positive,không đọc được
88,colour,negative,không đọc được
89,colour,,positive
91,colour,,không đọc được
94,colour,positive,
99,colour,,positive
104,colour,negative,
106,colour,positive,
107,colour,positive,không đọc được
108,colour,positive,không đọc được
109,colour,,không đọc được
110,colour,positive,
113,colour,positive,
121,colour,,không đọc được
122,colour,positive,không đọc được
131,colour,positive,
132,colour,positive,
134,colour,,không đọc được
137,colour,positive,không đọc được
141,colour,positive,
142,colour,positive,
144,colour,positive,
146,colour,positive,
147,colour,,không đọc được
149,colour,negative,không đọc được
150,colour,,không đọc được
153,colour,positive,không đọc được
154,colour,positive,
155,colour,positive,không đọc được
161,colour,positive,
167,colour,,positive
171,colour,,không đọc được
174,colour,positive,
175,colour,positive,
176,colour,positive,
180,colour,positive,
181,colour,positive,
182,colour,negative,
183,colour,positive,
187,colour,positive,
191,colour,,không đọc được
193,colour,,không đọc được
195,colour,,không đọc được
198,colour,positive,
199,colour,positive,
202,colour,positive,không đọc được
204,colour,,không đọc được
206,colour,positive,
207,colour,positive,
208,colour,positive,
209,colour,positive,
211,colour,,không đọc được
212,colour,positive,
213,colour,negative,
215,colour,positive,
219,colour,,không đọc được
220,colour,,không đọc được
222,colour,positive,
225,colour,,không đọc được
226,colour,positive,
228,colour,positive,
229,colour,positive,
233,colour,positive,
235,colour,,positive
237,colour,positive,
238,colour,,không đọc được
239,colour,positive,không đọc được
242,colour,,không đọc được
243,colour,,không đọc được
248,colour,positive,không đọc được
250,colour,negative,
251,colour,positive,
252,colour,,không đọc được
253,colour,positive,không đọc được
261,colour,positive,
267,colour,,không đọc được
274,colour,positive,
275,colour,positive,không đọc được
276,colour,,không đọc được
277,colour,positive,
278,colour,positive,
280,colour,positive,
282,colour,positive,
284,colour,positive,không đọc được
287,colour,,positive
288,colour,,không đọc được
290,colour,negative,
292,colour,negative,
294,colour,positive,
295,colour,positive,
297,colour,negative,
299,colour,positive,
301,colour,positive,
302,colour,positive,
303,colour,,không đọc được
308,colour,,không đọc được
309,colour,positive,
310,colour,positive,
312,colour,,không đọc được
314,colour,,positive
315,colour,positive,
317,colour,positive,
320,colour,positive,
321,colour,positive,
322,colour,positive,không đọc được
323,colour,negative,
325,colour,,không đọc được
328,colour,,không đọc được
334,colour,negative,
339,colour,positive,
342,colour,,positive
344,colour,negative,
351,colour,positive,không đọc được
370,colour,negative,
373,colour,positive,
374,colour,positive,
375,colour,positive,
376,colour,positive,không đọc được
377,colour,negative,
380,colour,positive,
382,colour,positive,
387,colour,positive,
389,colour,positive,
392,colour,positive,
393,colour,positive,
395,colour,,không đọc được
396,colour,positive,
399,colour,positive,
403,colour,positive,
405,colour,,không đọc được
406,colour,positive,không đọc được
409,colour,negative,
410,colour,positive,
413,colour,positive,
419,colour,positive,
420,colour,negative,positive
423,colour,,không đọc được
424,colour,,positive
438,colour,positive,
440,colour,positive,
441,colour,negative,
447,colour,positive,không đọc được
448,colour,positive,
451,colour,,không đọc được
452,colour,,positive
453,colour,,không đọc được
454,colour,,không đọc được
455,colour,,không đọc được
458,colour,positive,
462,colour,,không đọc được
463,colour,,positive
465,colour,,positive
466,colour,,không đọc được
468,colour,positive,
472,colour,,không đọc được
473,colour,,không đọc được
474,colour,,không đọc được
477,colour,positive,không đọc được
478,colour,positive,
480,colour,positive,
482,colour,,positive
489,colour,positive,không đọc được
491,colour,positive,không đọc được
493,colour,positive,
494,colour,positive,không đọc được
498,colour,positive,
503,colour,positive,
504,colour,positive,
506,colour,positive,không đọc được
509,colour,positive,
512,colour,,không đọc được
513,colour,positive,không đọc được
514,colour,negative,
517,colour,positive,
520,colour,,không đọc được
524,colour,positive,không đọc được
525,colour,positive,
528,colour,positive,không đọc được
534,colour,,không đọc được
537,colour,negative,
538,colour,negative,không đọc được
542,colour,negative,
547,colour,positive,
548,colour,positive,
549,colour,,không đọc được
552,colour,positive,không đọc được
553,colour,,positive
559,colour,positive,
560,colour,positive,
562,colour,positive,
566,colour,positive,không đọc được
569,colour,,không đọc được
571,colour,,positive
576,colour,positive,không đọc được
578,colour,positive,
579,colour,positive,
580,colour,positive,không đọc được
581,colour,positive,
588,colour,negative,
589,colour,positive,
592,colour,positive,
594,colour,positive,
600,colour,positive,
606,colour,,không đọc được
607,colour,,không đọc được
611,colour,positive,không đọc được
613,colour,positive,
618,colour,negative,
619,colour,positive,
623,colour,negative,positive
630,colour,negative,
632,colour,,không đọc được
633,colour,negative,
635,colour,positive,
636,colour,,không đọc được
637,colour,positive,không đọc được
638,colour,positive,
639,colour,,không đọc được
643,colour,,không đọc được
655,colour,,không đọc được
657,colour,,không đọc được
659,colour,,không đọc được
661,colour,,không đọc được
664,colour,,positive
666,colour,positive,
668,colour,positive,
669,colour,positive,
671,colour,positive,
674,colour,positive,
677,colour,,không đọc được
685,colour,positive,
686,colour,positive,
689,colour,positive,không đọc được
696,colour,,không đọc được
697,colour,positive,
698,colour,positive,
701,colour,negative,
702,colour,,không đọc được
703,colour,positive,
705,colour,,không đọc được
707,colour,positive,
708,colour,positive,không đọc được
716,colour,positive,
727,colour,positive,
728,colour,positive,không đọc được
729,colour,positive,
731,colour,positive,
733,colour,positive,
734,colour,,không đọc được
737,colour,positive,
741,colour,,không đọc được
743,colour,positive,
747,colour,positive,không đọc được
756,colour,positive,
758,colour,positive,
759,colour,positive,
760,colour,positive,
761,colour,positive,
764,colour,,positive
765,colour,positive,
768,colour,positive,
775,colour,positive,
776,colour,positive,
777,colour,positive,
778,colour,,không đọc được
780,colour,positive,
785,colour,positive,
788,colour,,không đọc được
791,colour,,không đọc được
792,colour,negative,
794,colour,positive,
795,colour,positive,không đọc được
797,colour,positive,
798,colour,,không đọc được
800,colour,negative,
807,colour,positive,
808,colour,negative,không đọc được
809,colour,positive,
810,colour,positive,
813,colour,negative,
814,colour,positive,
815,colour,,positive
817,colour,,positive
819,colour,positive,
820,colour,,không đọc được
824,colour,positive,không đọc được
829,colour,positive,
831,colour,positive,
832,colour,,không đọc được
835,colour,positive,
838,colour,positive,
841,colour,positive,
843,colour,,không đọc được
844,colour,,không đọc được
845,colour,positive,
846,colour,,không đọc được
847,colour,positive,không đọc được
850,colour,,không đọc được
851,colour,positive,
854,colour,positive,
856,colour,positive,không đọc được
858,colour,positive,
859,colour,positive,
860,colour,,không đọc được
864,colour,positive,
866,colour,,positive
867,colour,positive,
868,colour,positive,
870,colour,positive,không đọc được
871,colour,positive,không đọc được
873,colour,positive,
874,colour,positive,không đọc được
876,colour,negative,
880,colour,positive,
882,colour,positive,
886,colour,positive,
887,colour,,không đọc được
889,colour,,positive
890,colour,,không đọc được
891,colour,positive,
892,colour,positive,không đọc được
894,colour,positive,
895,colour,positive,
896,colour,positive,không đọc được
897,colour,,positive
902,colour,positive,
903,colour,positive,
904,colour,negative,
907,colour,positive,
908,colour,positive,
909,colour,positive,
910,colour,positive,
912,colour,,không đọc được
913,colour,positive,
914,colour,positive,
916,colour,positive,
918,colour,positive,
919,colour,positive,
920,colour,positive,
922,colour,positive,
923,colour,positive,
924,colour,positive,không đọc được
925,colour,positive,
928,colour,positive,
931,colour,,không đọc được
933,colour,positive,
937,colour,positive,
939,colour,,không đọc được
940,colour,,không đọc được
942,colour,positive,không đọc được
946,colour,,không đọc được
949,colour,positive,
950,colour,,không đọc được
958,colour,positive,
960,colour,positive,
965,colour,negative,
973,colour,positive,
974,colour,positive,không đọc được
975,colour,,không đọc được
976,colour,positive,
977,colour,negative,
979,colour,positive,
982,colour,,không đọc được
987,colour,,positive
988,colour,positive,
990,colour,,positive
992,colour,positive,không đọc được
997,colour,,không đọc được
998,colour,positive,không đọc được
999,colour,positive,
1001,colour,positive,
1003,colour,,không đọc được
1004,colour,positive,
1014,colour,positive,
1017,colour,,positive
1018,colour,positive,
1026,colour,positive,
1028,colour,,không đọc được
1031,colour,positive,
1032,colour,positive,
1034,colour,negative,
1035,colour,,không đọc được
1037,colour,positive,
1038,colour,positive,
1040,colour,,positive
1044,colour,positive,không đọc được
1046,colour,,không đọc được
1047,colour,positive,không đọc được
1050,colour,positive,
1053,colour,positive,
1054,colour,positive,
1056,colour,positive,
1062,colour,positive,
1063,colour,,không đọc được
1071,colour,positive,không đọc được
1073,colour,positive,
1074,colour,positive,
1075,colour,,không đọc được
1076,colour,positive,
1078,colour,,không đọc được
1079,colour,positive,không đọc được
1080,colour,positive,
1083,colour,,không đọc được
1096,colour,,không đọc được
1097,colour,positive,
1099,colour,negative,
1101,colour,positive,
1102,colour,,không đọc được
1108,colour,positive,không đọc được
1110,colour,positive,không đọc được
1114,colour,positive,
1115,colour,,không đọc được
1123,colour,positive,
1125,colour,positive,không đọc được
1127,colour,,không đọc được
1128,colour,positive,
1129,colour,positive,
1137,colour,,không đọc được
1140,colour,negative,không đọc được
1141,colour,,không đọc được
1143,colour,positive,
1145,colour,,không đọc được
1148,colour,,không đọc được
1149,colour,positive,
1151,colour,positive,
1153,colour,positive,
1157,colour,positive,
1159,colour,,không đọc được
1160,colour,,không đọc được
1162,colour,,không đọc được
1164,colour,,positive
1166,colour,positive,
1167,colour,positive,
1169,colour,positive,
1173,colour,positive,không đọc được
1175,colour,positive,
1177,colour,,không đọc được
1179,colour,positive,không đọc được
1180,colour,positive,
1183,colour,negative,
1188,colour,positive,
1189,colour,positive,không đọc được
1193,colour,positive,
1197,colour,negative,
1199,colour,positive,không đọc được
1200,colour,positive,
1202,colour,positive,
1204,colour,positive,
1207,colour,positive,
1208,colour,positive,
1209,colour,,không đọc được
1211,colour,,không đọc được
1213,colour,positive,
1219,colour,positive,không đọc được
1220,colour,positive,
1223,colour,negative,
1225,colour,positive,không đọc được
1226,colour,positive,
1228,colour,,không đọc được
1231,colour,positive,
1232,colour,positive,
1233,colour,positive,
1234,colour,positive,
1236,colour,positive,
1240,colour,,positive
1244,colour,positive,
1245,colour,positive,
1248,colour,,không đọc được
1250,colour,positive,không đọc được
1255,colour,,không đọc được
1256,colour,,không đọc được
1258,colour,positive,không đọc được
1260,colour,positive,
1261,colour,,không đọc được
1266,colour,,không đọc được
1269,colour,,không đọc được
1271,colour,positive,
1272,colour,positive,
1273,colour,positive,
1275,colour,positive,không đọc được
1278,colour,positive,không đọc được
1279,colour,positive,
1280,colour,,không đọc được
1281,colour,,không đọc được
1286,colour,,không đọc được
1291,colour,positive,
1293,colour,,positive
1298,colour,positive,
1301,colour,positive,không đọc được
1302,colour,,không đọc được
1307,colour,positive,
1309,colour,positive,
1310,colour,positive,
1312,colour,positive,
1315,colour,positive,
1316,colour,,không đọc được
1318,colour,positive,
1320,colour,negative,
1324,colour,positive,
1326,colour,,positive
1327,colour,,không đọc được
1329,colour,,không đọc được
1333,colour,positive,
1334,colour,positive,
1338,colour,positive,
1344,colour,positive,không đọc được
1345,colour,positive,
1349,colour,negative,không đọc được
1350,colour,,không đọc được
1351,colour,,không đọc được
1353,colour,positive,không đọc được
1357,colour,,không đọc được
1358,colour,positive,không đọc được
1362,colour,,positive
1368,colour,,không đọc được
1369,colour,positive,
1371,colour,,không đọc được
1372,colour,positive,
1373,colour,positive,
1377,colour,positive,
1380,colour,,không đọc được
1381,colour,positive,
1385,colour,positive,
1391,colour,positive,
1392,colour,positive,
1393,colour,positive,
1394,colour,positive,
1396,colour,positive,
1399,colour,positive,
1400,colour,,không đọc được
1403,colour,positive,
1404,colour,,không đọc được
1406,colour,,không đọc được
1410,colour,positive,
1412,colour,,không đọc được
1413,colour,positive,không đọc được
1417,colour,,không đọc được
1420,colour,positive,
1424,colour,positive,không đọc được
1428,colour,positive,
1429,colour,positive,
1430,colour,positive,
1431,colour,positive,không đọc được
1432,colour,positive,không đọc được
1434,colour,,không đọc được
1436,colour,positive,
1439,colour,,không đọc được
1440,colour,positive,
1442,colour,positive,
1444,colour,positive,
1446,colour,,không đọc được
1448,colour,positive,không đọc được
1449,colour,positive,
1452,colour,positive,không đọc được
1454,colour,positive,
1458,colour,,không đọc được
1463,colour,positive,
1465,colour,positive,không đọc được
1471,colour,,không đọc được
1473,colour,positive,không đọc được
1475,colour,positive,
1477,colour,positive,
1478,colour,positive,
1479,colour,positive,
1480,colour,positive,
1482,colour,positive,
1487,colour,,positive
1488,colour,positive,
1490,colour,positive,không đọc được
1493,colour,positive,
1498,colour,negative,
1500,colour,positive,không đọc được
1503,colour,positive,
1504,colour,,không đọc được
1507,colour,positive,
1509,colour,,không đọc được
1510,colour,positive,
1517,colour,,không đọc được
1519,colour,positive,
1525,colour,,positive
1526,colour,,không đọc được
1528,colour,,không đọc được
1531,colour,positive,
1532,colour,negative,
1533,colour,,không đọc được
1534,colour,,không đọc được
1538,colour,,không đọc được
1539,colour,positive,
1541,colour,positive,
1543,colour,positive,
1548,colour,positive,
1551,colour,,không đọc được
1555,colour,,không đọc được
1557,colour,positive,
1558,colour,positive,
1560,colour,positive,không đọc được
1564,colour,negative,
1565,colour,positive,
1566,colour,,positive
1568,colour,positive,
1570,colour,,không đọc được
1575,colour,,không đọc được
1576,colour,positive,
1579,colour,negative,
1580,colour,negative,
1581,colour,positive,
1582,colour,,không đọc được
1583,colour,positive,
1586,colour,positive,
1588,colour,,không đọc được
1593,colour,positive,
1595,colour,,không đọc được
1598,colour,,positive
1599,colour,,không đọc được
1600,colour,positive,
1603,colour,,không đọc được
1609,colour,positive,
1610,colour,positive,không đọc được
1611,colour,positive,
1615,colour,positive,không đọc được
1618,colour,positive,
1622,colour,positive,
1,shipping,positive,
8,shipping,negative,không đọc được
11,shipping,,không đọc được
13,shipping,,không đọc được
14,shipping,negative,
15,shipping,negative,
26,shipping,positive,
30,shipping,positive,
31,shipping,positive,
33,shipping,negative,
39,shipping,positive,
43,shipping,negative,
45,shipping,negative,
48,shipping,positive,không đọc được
51,shipping,,không đọc được
52,shipping,negative,không đọc được
54,shipping,negative,
55,shipping,,không đọc được
58,shipping,negative,
61,shipping,positive,
63,shipping,negative,
67,shipping,,không đọc được
71,shipping,positive,không đọc được
73,shipping,negative,
74,shipping,negative,
75,shipping,,không đọc được
81,shipping,,không đọc được
87,shipping,negative,
88,shipping,,không đọc được
89,shipping,,positive
91,shipping,,không đọc được
98,shipping,positive,
101,shipping,positive,
106,shipping,positive,
107,shipping,negative,không đọc được
108,shipping,,không đọc được
109,shipping,,không đọc được
110,shipping,negative,
121,shipping,,không đọc được
122,shipping,,không đọc được
123,shipping,positive,
124,shipping,,không đọc được
126,shipping,negative,
131,shipping,positive,
133,shipping,negative,
134,shipping,,không đọc được
137,shipping,,không đọc được
139,shipping,negative,
140,shipping,positive,
141,shipping,positive,
142,shipping,positive,
147,shipping,,không đọc được
148,shipping,positive,
149,shipping,positive,không đọc được
150,shipping,,không đọc được
151,shipping,positive,
152,shipping,positive,
153,shipping,,không đọc được
154,shipping,positive,
155,shipping,positive,không đọc được
159,shipping,positive,
171,shipping,,không đọc được
174,shipping,negative,
177,shipping,negative,
182,shipping,negative,
183,shipping,negative,
187,shipping,positive,
191,shipping,positive,không đọc được
193,shipping,positive,không đọc được
195,shipping,,không đọc được
200,shipping,positive,
201,shipping,positive,
202,shipping,,không đọc được
203,shipping,positive,
204,shipping,,không đọc được
206,shipping,positive,
211,shipping,,không đọc được
213,shipping,negative,
214,shipping,positive,
215,shipping,negative,
219,shipping,,không đọc được
220,shipping,,không đọc được
225,shipping,,không đọc được
226,shipping,positive,
229,shipping,positive,
237,shipping,negative,
238,shipping,,không đọc được
239,shipping,,không đọc được
240,shipping,negative,
241,shipping,negative,
242,shipping,negative,không đọc được
243,shipping,,không đọc được
246,shipping,positive,
248,shipping,negative,không đọc được
251,shipping,positive,
252,shipping,,không đọc được
253,shipping,,không đọc được
254,shipping,positive,
267,shipping,,không đọc được
271,shipping,positive,
274,shipping,positive,
275,shipping,,không đọc được
276,shipping,,không đọc được
278,shipping,negative,
279,shipping,positive,
284,shipping,negative,không đọc được
285,shipping,negative,
288,shipping,,không đọc được
289,shipping,negative,
296,shipping,negative,positive
299,shipping,negative,
303,shipping,negative,không đọc được
305,shipping,,không đọc được
308,shipping,,không đọc được
310,shipping,positive,
312,shipping,positive,không đọc được
313,shipping,positive,
317,shipping,positive,
318,shipping,positive,
321,shipping,positive,
322,shipping,,không đọc được
324,shipping,negative,
325,shipping,positive,không đọc được
328,shipping,,không đọc được
331,shipping,,không đọc được
336,shipping,positive,
337,shipping,positive,
338,shipping,positive,
339,shipping,positive,
340,shipping,negative,
341,shipping,positive,
348,shipping,negative,
351,shipping,,không đọc được
353,shipping,positive,
358,shipping,positive,
361,shipping,negative,
363,shipping,negative,
368,shipping,negative,
375,shipping,negative,
376,shipping,,không đọc được
379,shipping,positive,
380,shipping,positive,
388,shipping,positive,
390,shipping,negative,positive
393,shipping,negative,
395,shipping,,không đọc được
397,shipping,negative,
399,shipping,negative,
401,shipping,positive,
402,shipping,negative,
403,shipping,positive,
405,shipping,,không đọc được
406,shipping,,không đọc được
412,shipping,,positive
415,shipping,positive,
417,shipping,positive,
422,shipping,negative,
427,shipping,positive,
431,shipping,positive,
433,shipping,positive,
435,shipping,positive,
438,shipping,negative,
446,shipping,positive,
447,shipping,,không đọc được
451,shipping,negative,không đọc được
453,shipping,negative,không đọc được
454,shipping,,không đọc được
455,shipping,negative,không đọc được
460,shipping,negative,
461,shipping,,không đọc được
462,shipping,positive,không đọc được
466,shipping,,không đọc được
469,shipping,positive,
470,shipping,positive,
471,shipping,positive,
472,shipping,negative,không đọc được
473,shipping,,không đọc được
474,shipping,,không đọc được
477,shipping,,không đọc được
479,shipping,positive,
486,shipping,positive,
488,shipping,positive,
489,shipping,,không đọc được
490,shipping,positive,
494,shipping,,không đọc được
503,shipping,negative,
506,shipping,negative,không đọc được
509,shipping,positive,
511,shipping,negative,
512,shipping,,không đọc được
513,shipping,,không đọc được
516,shipping,negative,
517,shipping,positive,
520,shipping,,không đọc được
524,shipping,,không đọc được
525,shipping,negative,
528,shipping,,không đọc được
532,shipping,negative,
533,shipping,positive,
534,shipping,negative,không đọc được
535,shipping,negative,
536,shipping,positive,
538,shipping,,không đọc được
544,shipping,positive,
549,shipping,,không đọc được
551,shipping,,không đọc được
552,shipping,,không đọc được
554,shipping,positive,
555,shipping,positive,
560,shipping,positive,
564,shipping,negative,
566,shipping,,không đọc được
569,shipping,,không đọc được
576,shipping,,không đọc được
579,shipping,negative,
580,shipping,positive,không đọc được
582,shipping,positive,
583,shipping,positive,
584,shipping,negative,
585,shipping,negative,
587,shipping,positive,
589,shipping,negative,
599,shipping,negative,
600,shipping,positive,
601,shipping,positive,
606,shipping,negative,không đọc được
608,shipping,positive,
611,shipping,,không đọc được
616,shipping,negative,
617,shipping,negative,
618,shipping,negative,
619,shipping,positive,
620,shipping,positive,
624,shipping,positive,
627,shipping,positive,
631,shipping,negative,
632,shipping,negative,không đọc được
636,shipping,,không đọc được
637,shipping,positive,không đọc được
639,shipping,,không đọc được
643,shipping,negative,không đọc được
655,shipping,,không đọc được
657,shipping,,không đọc được
659,shipping,,không đọc được
661,shipping,,không đọc được
665,shipping,negative,
669,shipping,negative,
674,shipping,negative,
676,shipping,positive,
677,shipping,,không đọc được
685,shipping,negative,
687,shipping,negative,
688,shipping,negative,
689,shipping,,không đọc được
696,shipping,positive,không đọc được
698,shipping,negative,
699,shipping,negative,
702,shipping,positive,không đọc được
705,shipping,,không đọc được
708,shipping,,không đọc được
711,shipping,positive,
715,shipping,positive,
717,shipping,positive,
720,shipping,negative,positive
723,shipping,positive,
724,shipping,positive,
725,shipping,positive,
728,shipping,negative,không đọc được
729,shipping,positive,
731,shipping,positive,
733,shipping,positive,
734,shipping,,không đọc được
741,shipping,,không đọc được
747,shipping,positive,không đọc được
752,shipping,positive,
755,shipping,positive,
761,shipping,positive,
763,shipping,negative,
765,shipping,negative,
778,shipping,positive,không đọc được
782,shipping,positive,
788,shipping,negative,không đọc được
791,shipping,positive,không đọc được
794,shipping,positive,
795,shipping,,không đọc được
796,shipping,positive,
798,shipping,,không đọc được
801,shipping,,không đọc được
804,shipping,negative,
805,shipping,,positive
806,shipping,negative,
808,shipping,positive,không đọc được
809,shipping,positive,
814,shipping,positive,
820,shipping,,không đọc được
821,shipping,negative,
824,shipping,positive,không đọc được
825,shipping,positive,
827,shipping,positive,
831,shipping,positive,
832,shipping,,không đọc được
835,shipping,negative,
840,shipping,negative,
842,shipping,positive,
843,shipping,,không đọc được
844,shipping,,không đọc được
846,shipping,,không đọc được
847,shipping,,không đọc được
850,shipping,,không đọc được
851,shipping,negative,
852,shipping,positive,
855,shipping,negative,
856,shipping,,không đọc được
857,shipping,negative,
863,shipping,negative,
867,shipping,positive,
870,shipping,,không đọc được
871,shipping,negative,không đọc được
872,shipping,positive,
873,shipping,negative,
874,shipping,positive,không đọc được
887,shipping,positive,không đọc được
889,shipping,positive,
890,shipping,,không đọc được
892,shipping,,không đọc được
896,shipping,,không đọc được
897,shipping,positive,
898,shipping,positive,
902,shipping,positive,
908,shipping,positive,
912,shipping,,không đọc được
915,shipping,negative,
916,shipping,positive,
920,shipping,negative,
921,shipping,positive,
924,shipping,,không đọc được
930,shipping,positive,
931,shipping,,không đọc được
932,shipping,negative,
938,shipping,positive,
939,shipping,,không đọc được
940,shipping,negative,không đọc được
942,shipping,,không đọc được
943,shipping,positive,
944,shipping,positive,
946,shipping,,không đọc được
949,shipping,negative,
950,shipping,positive,không đọc được
952,shipping,,không đọc được
954,shipping,negative,
960,shipping,positive,
961,shipping,negative,
963,shipping,positive,
966,shipping,positive,
968,shipping,positive,
969,shipping,negative,
971,shipping,positive,
973,shipping,positive,
974,shipping,,không đọc được
975,shipping,positive,không đọc được
976,shipping,negative,
982,shipping,positive,không đọc được
984,shipping,positive,
985,shipping,positive,
992,shipping,,không đọc được
997,shipping,positive,không đọc được
998,shipping,,không đọc được
999,shipping,positive,
1000,shipping,positive,
1003,shipping,,không đọc được
1008,shipping,positive,
1016,shipping,positive,
1022,shipping,negative,
1024,shipping,negative,
1026,shipping,positive,
1028,shipping,negative,không đọc được
1031,shipping,positive,
1033,shipping,positive,
1035,shipping,,không đọc được
1036,shipping,negative,
1037,shipping,positive,
1041,shipping,positive,
1042,shipping,positive,
1044,shipping,positive,không đọc được
1046,shipping,,không đọc được
1047,shipping,positive,không đọc được
1051,shipping,negative,
1054,shipping,negative,
1055,shipping,negative,
1061,shipping,positive,
1062,shipping,positive,
1063,shipping,positive,không đọc được
1071,shipping,positive,không đọc được
1074,shipping,positive,
1075,shipping,,không đọc được
1078,shipping,,không đọc được
1079,shipping,negative,không đọc được
1083,shipping,,không đọc được
1084,shipping,,không đọc được
1092,shipping,,positive
1094,shipping,negative,
1096,shipping,positive,không đọc được
1097,shipping,,positive
1098,shipping,negative,
1102,shipping,,không đọc được
1108,shipping,positive,không đọc được
1110,shipping,,không đọc được
1115,shipping,,không đọc được
1116,shipping,negative,
1120,shipping,negative,
1121,shipping,negative,
1125,shipping,,không đọc được
1127,shipping,negative,không đọc được
1128,shipping,positive,
1132,shipping,negative,
1136,shipping,positive,
1137,shipping,,không đọc được
1140,shipping,,không đọc được
1141,shipping,negative,không đọc được
1142,shipping,positive,
1143,shipping,positive,
1145,shipping,,không đọc được
1148,shipping,,không đọc được
1151,shipping,positive,
1159,shipping,positive,không đọc được
1160,shipping,positive,không đọc được
1162,shipping,negative,không đọc được
1166,shipping,negative,
1173,shipping,positive,không đọc được
1177,shipping,,không đọc được
1178,shipping,negative,
1179,shipping,,không đọc được
1181,shipping,positive,
1186,shipping,positive,
1189,shipping,positive,không đọc được
1193,shipping,negative,
1199,shipping,,không đọc được
1200,shipping,positive,
1209,shipping,,không đọc được
1211,shipping,negative,không đọc được
1212,shipping,positive,
1219,shipping,,không đọc được
1222,shipping,negative,
1224,shipping,positive,
1225,shipping,,không đọc được
1228,shipping,,không đọc được
1232,shipping,positive,
1236,shipping,negative,
1237,shipping,negative,
1239,shipping,negative,
1246,shipping,positive,
1248,shipping,,không đọc được
1250,shipping,,không đọc được
1255,shipping,negative,không đọc được
1256,shipping,positive,không đọc được
1257,shipping,positive,
1258,shipping,positive,không đọc được
1260,shipping,negative,
1261,shipping,positive,không đọc được
1263,shipping,negative,positive
1266,shipping,positive,không đọc được
1268,shipping,positive,
1269,shipping,,không đọc được
1271,shipping,negative,
1275,shipping,,không đọc được
1278,shipping,negative,không đọc được
1279,shipping,positive,
1280,shipping,,không đọc được
1281,shipping,positive,không đọc được
1283,shipping,positive,
1284,shipping,positive,
1286,shipping,positive,không đọc được
1287,shipping,positive,
1301,shipping,,không đọc được
1302,shipping,,không đọc được
1304,shipping,positive,
1307,shipping,negative,
1309,shipping,positive,
1311,shipping,negative,
1312,shipping,negative,
1315,shipping,positive,
1316,shipping,,không đọc được
1324,shipping,positive,
1325,shipping,positive,
1327,shipping,positive,không đọc được
1329,shipping,,không đọc được
1330,shipping,positive,
1332,shipping,positive,
1337,shipping,positive,
1338,shipping,negative,
1340,shipping,negative,
1341,shipping,positive,
1344,shipping,positive,không đọc được
1349,shipping,positive,không đọc được
1350,shipping,,không đọc được
1351,shipping,,không đọc được
1353,shipping,,không đọc được
1355,shipping,negative,
1357,shipping,,không đọc được
1358,shipping,,không đọc được
1366,shipping,negative,
1368,shipping,,không đọc được
1371,shipping,,không đọc được
1373,shipping,positive,
1375,shipping,positive,
1380,shipping,negative,không đọc được
1381,shipping,positive,
1388,shipping,negative,
1400,shipping,,không đọc được
1404,shipping,,không đọc được
1406,shipping,,không đọc được
1408,shipping,negative,
1412,shipping,,không đọc được
1413,shipping,,không đọc được
1417,shipping,,không đọc được
1418,shipping,positive,
1423,shipping,negative,
1424,shipping,positive,không đọc được
1425,shipping,positive,
1431,shipping,,không đọc được
1432,shipping,negative,không đọc được
1434,shipping,negative,không đọc được
1435,shipping,positive,
1439,shipping,positive,không đọc được
1440,shipping,positive,
1446,shipping,positive,không đọc được
1448,shipping,,không đọc được
1449,shipping,positive,
1452,shipping,,không đọc được
1454,shipping,negative,
1458,shipping,,không đọc được
1461,shipping,negative,
1464,shipping,positive,
1465,shipping,,không đọc được
1467,shipping,negative,
1468,shipping,positive,
1471,shipping,,không đọc được
1473,shipping,,không đọc được
1478,shipping,negative,
1480,shipping,positive,
1488,shipping,negative,
1490,shipping,,không đọc được
1492,shipping,negative,
1493,shipping,negative,
1497,shipping,positive,
1500,shipping,,không đọc được
1502,shipping,negative,
1504,shipping,positive,không đọc được
1509,shipping,,không đọc được
1510,shipping,positive,
1516,shipping,positive,
1517,shipping,,không đọc được
1519,shipping,positive,
1522,shipping,negative,
1524,shipping,negative,
1525,shipping,positive,
1526,shipping,,không đọc được
1528,shipping,negative,không đọc được
1530,shipping,positive,
1533,shipping,positive,không đọc được
1534,shipping,,không đọc được
1538,shipping,positive,không đọc được
1541,shipping,positive,
1542,shipping,positive,
1543,shipping,negative,positive
1544,shipping,negative,
1546,shipping,negative,
1551,shipping,,không đọc được
1552,shipping,negative,
1555,shipping,positive,không đọc được
1558,shipping,positive,
1560,shipping,negative,không đọc được
1562,shipping,,không đọc được
1564,shipping,positive,
1565,shipping,negative,
1570,shipping,,không đọc được
1573,shipping,negative,
1575,shipping,positive,không đọc được
1581,shipping,negative,
1582,shipping,positive,không đọc được
1587,shipping,positive,
1588,shipping,,không đọc được
1592,shipping,positive,
1594,shipping,negative,
1595,shipping,,không đọc được
1599,shipping,,không đọc được
1603,shipping,positive,không đọc được
1611,shipping,negative,
1615,shipping,,không đọc được
1617,shipping,negative,
1,packing,positive,
8,packing,,không đọc được
11,packing,positive,không đọc được
13,packing,,không đọc được
18,packing,positive,
27,packing,positive,
36,packing,negative,
48,packing,positive,không đọc được
51,packing,,không đọc được
52,packing,,không đọc được
54,packing,positive,
55,packing,,không đọc được
60,packing,positive,
61,packing,negative,
67,packing,,không đọc được
71,packing,,không đọc được
73,packing,positive,
75,packing,,không đọc được
81,packing,,không đọc được
82,packing,positive,
84,packing,positive,
88,packing,,không đọc được
89,packing,,positive
91,packing,,không đọc được
97,packing,positive,
98,packing,positive,
106,packing,positive,
107,packing,,không đọc được
108,packing,,không đọc được
109,packing,,không đọc được
121,packing,positive,không đọc được
122,packing,,không đọc được
123,packing,positive,
124,packing,positive,không đọc được
134,packing,,không đọc được
137,packing,positive,không đọc được
141,packing,positive,
142,packing,positive,
147,packing,positive,không đọc được
148,packing,positive,
149,packing,,không đọc được
150,packing,,không đọc được
152,packing,positive,
153,packing,,không đọc được
155,packing,positive,không đọc được
167,packing,,positive
171,packing,,không đọc được
176,packing,positive,
184,packing,positive,
185,packing,positive,
186,packing,,positive
187,packing,positive,
188,packing,positive,
191,packing,,không đọc được
193,packing,positive,không đọc được
195,packing,,không đọc được
199,packing,positive,
202,packing,,không đọc được
203,packing,positive,
204,packing,,không đọc được
206,packing,positive,
211,packing,,không đọc được
217,packing,,positive
219,packing,,không đọc được
220,packing,positive,không đọc được
225,packing,positive,không đọc được
234,packing,positive,
235,packing,positive,
238,packing,,không đọc được
239,packing,,không đọc được
240,packing,positive,
242,packing,,không đọc được
243,packing,,không đọc được
248,packing,,không đọc được
251,packing,positive,
252,packing,,không đọc được
253,packing,,không đọc được
260,packing,,positive
262,packing,positive,
263,packing,positive,
267,packing,,không đọc được
269,packing,positive,
275,packing,,không đọc được
276,packing,,không đọc được
280,packing,positive,
281,packing,,positive
282,packing,positive,
284,packing,,không đọc được
288,packing,,không đọc được
289,packing,positive,
297,packing,positive,
303,packing,,không đọc được
305,packing,,không đọc được
308,packing,,không đọc được
310,packing,positive,
312,packing,,không đọc được
318,packing,positive,
321,packing,positive,
322,packing,,không đọc được
323,packing,positive,
325,packing,,không đọc được
328,packing,positive,không đọc được
331,packing,,không đọc được
337,packing,positive,
339,packing,positive,
351,packing,,không đọc được
353,packing,positive,
357,packing,positive,
358,packing,positive,
363,packing,positive,
366,packing,positive,
368,packing,positive,
370,packing,positive,
374,packing,positive,
376,packing,,không đọc được
395,packing,,không đọc được
401,packing,positive,
405,packing,,không đọc được
406,packing,,không đọc được
412,packing,,positive
417,packing,positive,
422,packing,positive,
426,packing,positive,
428,packing,negative,
430,packing,,positive
431,packing,positive,
435,packing,positive,
447,packing,,không đọc được
451,packing,,không đọc được
453,packing,,không đọc được
454,packing,,không đọc được
455,packing,,không đọc được
461,packing,,không đọc được
462,packing,positive,không đọc được
466,packing,positive,không đọc được
468,packing,positive,
471,packing,positive,
472,packing,,không đọc được
473,packing,,không đọc được
474,packing,,không đọc được
477,packing,,không đọc được
489,packing,,không đọc được
491,packing,,không đọc được
494,packing,,không đọc được
501,packing,,positive
505,packing,positive,
506,packing,,không đọc được
512,packing,,không đọc được
513,packing,,không đọc được
520,packing,,negative
524,packing,positive,không đọc được
528,packing,,không đọc được
534,packing,,không đọc được
538,packing,positive,không đọc được
539,packing,positive,
541,packing,positive,
547,packing,positive,
549,packing,,không đọc được
551,packing,,không đọc được
552,packing,,không đọc được
553,packing,positive,
565,packing,,positive
566,packing,,không đọc được
569,packing,,không đọc được
573,packing,positive,
575,packing,positive,
576,packing,,không đọc được
580,packing,positive,không đọc được
581,packing,positive,
582,packing,positive,
587,packing,positive,
600,packing,positive,
601,packing,positive,
602,packing,,positive
606,packing,,không đọc được
607,packing,positive,không đọc được
608,packing,positive,
611,packing,,không đọc được
627,packing,positive,
632,packing,,không đọc được
633,packing,,positive
636,packing,,không đọc được
637,packing,,không đọc được
639,packing,,không đọc được
643,packing,,không đọc được
655,packing,,không đọc được
657,packing,,không đọc được
659,packing,,không đọc được
661,packing,,không đọc được
675,packing,positive,
677,packing,,không đọc được
679,packing,positive,
683,packing,positive,
686,packing,positive,
688,packing,positive,
689,packing,,không đọc được
696,packing,positive,không đọc được
699,packing,,positive
702,packing,,không đọc được
705,packing,,không đọc được
708,packing,,không đọc được
710,packing,,positive
711,packing,positive,
720,packing,positive,
725,packing,positive,
728,packing,,không đọc được
729,packing,positive,
731,packing,positive,
733,packing,negative,
734,packing,,không đọc được
741,packing,,không đọc được
743,packing,,positive
747,packing,,không đọc được
754,packing,,positive
756,packing,positive,
767,packing,,positive
776,packing,positive,
778,packing,,không đọc được
782,packing,positive,
788,packing,,không đọc được
789,packing,positive,
791,packing,,không đọc được
795,packing,,không đọc được
798,packing,,không đọc được
799,packing,positive,
801,packing,,không đọc được
803,packing,positive,
808,packing,,không đọc được
811,packing,,positive
817,packing,,positive
820,packing,,không đọc được
824,packing,,không đọc được
827,packing,positive,
829,packing,positive,
831,packing,positive,
832,packing,,không đọc được
837,packing,positive,
843,packing,,không đọc được
844,packing,,không đọc được
846,packing,,không đọc được
847,packing,,không đọc được
850,packing,,không đọc được
856,packing,,không đọc được
860,packing,,không đọc được
861,packing,positive,
867,packing,positive,
870,packing,,không đọc được
871,packing,,không đọc được
874,packing,,không đọc được
880,packing,positive,
882,packing,positive,
886,packing,positive,
887,packing,positive,không đọc được
888,packing,positive,
890,packing,,không đọc được
892,packing,,không đọc được
896,packing,,không đọc được
899,packing,,positive
912,packing,,không đọc được
918,packing,positive,
924,packing,,không đọc được
929,packing,positive,
930,packing,positive,không đọc được
931,packing,,không đọc được
932,packing,positive,
936,packing,,positive
939,packing,positive,không đọc được
940,packing,,không đọc được
942,packing,,không đọc được
945,packing,,positive
946,packing,,không đọc được
950,packing,positive,không đọc được
952,packing,,positive
955,packing,positive,
963,packing,positive,
968,packing,positive,
970,packing,positive,
971,packing,positive,
972,packing,,positive
973,packing,positive,
974,packing,,không đọc được
975,packing,,không đọc được
982,packing,positive,không đọc được
984,packing,positive,
990,packing,,positive
992,packing,,không đọc được
996,packing,positive,
997,packing,,không đọc được
998,packing,,không đọc được
1000,packing,positive,
1002,packing,positive,
1003,packing,positive,không đọc được
1007,packing,,positive
1008,packing,positive,
1018,packing,positive,
1019,packing,positive,
1028,packing,,không đọc được
1033,packing,positive,
1034,packing,positive,
1035,packing,positive,không đọc được
1037,packing,positive,
1040,packing,,positive
1041,packing,positive,
1042,packing,positive,
1044,packing,positive,không đọc được
1046,packing,,không đọc được
1047,packing,positive,không đọc được
1058,packing,negative,
1061,packing,positive,
1063,packing,,không đọc được
1071,packing,,không đọc được
1075,packing,,không đọc được
1078,packing,,không đọc được
1079,packing,,không đọc được
1083,packing,,không đọc được
1084,packing,,không đọc được
1088,packing,positive,
1089,packing,positive,
1092,packing,,positive
1096,packing,,không đọc được
1097,packing,positive,
1100,packing,,positive
1102,packing,,không đọc được
1108,packing,positive,không đọc được
1110,packing,,không đọc được
1115,packing,positive,không đọc được
1125,packing,positive,không đọc được
1127,packing,,negative
1132,packing,positive,
1137,packing,,không đọc được
1139,packing,positive,
1140,packing,,không đọc được
1141,packing,,không đọc được
1145,packing,negative,không đọc được
1146,packing,positive,
1148,packing,,không đọc được
1159,packing,positive,không đọc được
1160,packing,positive,không đọc được
1162,packing,,không đọc được
1173,packing,positive,không đọc được
1177,packing,,không đọc được
1179,packing,,không đọc được
1184,packing,positive,
1186,packing,positive,
1189,packing,,không đọc được
1191,packing,positive,
1193,packing,positive,
1198,packing,positive,
1199,packing,,không đọc được
1204,packing,positive,
1209,packing,,không đọc được
1211,packing,positive,không đọc được
1219,packing,,không đọc được
1224,packing,positive,
1225,packing,,không đọc được
1228,packing,,không đọc được
1229,packing,positive,
1232,packing,positive,
1246,packing,positive,
1248,packing,,không đọc được
1250,packing,,không đọc được
1255,packing,,không đọc được
1256,packing,positive,không đọc được
1258,packing,,không đọc được
1259,packing,positive,
1261,packing,,không đọc được
1263,packing,,positive
1266,packing,positive,không đọc được
1269,packing,positive,không đọc được
1271,packing,positive,
1275,packing,,không đọc được
1278,packing,positive,không đọc được
1280,packing,,không đọc được
1281,packing,positive,không đọc được
1287,packing,positive,
1293,packing,positive,
1294,packing,,positive
1299,packing,positive,
1301,packing,,không đọc được
1302,packing,,không đọc được
1312,packing,positive,
1316,packing,,không đọc được
1324,packing,positive,
1325,packing,positive,
1327,packing,,không đọc được
1329,packing,,không đọc được
1332,packing,positive,
1344,packing,,không đọc được
1348,packing,positive,
1349,packing,,không đọc được
1350,packing,positive,không đọc được
1351,packing,,không đọc được
1352,packing,positive,
1353,packing,,không đọc được
1357,packing,positive,negative
1358,packing,,không đọc được
1368,packing,,không đọc được
1369,packing,positive,
1371,packing,,không đọc được
1380,packing,positive,không đọc được
1387,packing,positive,
1397,packing,positive,
1400,packing,,không đọc được
1404,packing,,không đọc được
1405,packing,,positive
1406,packing,,không đọc được
1412,packing,,không đọc được
1413,packing,,không đọc được
1415,packing,positive,
1417,packing,,không đọc được
1418,packing,positive,
1424,packing,negative,không đọc được
1431,packing,positive,không đọc được
1432,packing,positive,không đọc được
1434,packing,,không đọc được
1435,packing,positive,
1439,packing,positive,không đọc được
1446,packing,,không đọc được
1448,packing,,không đọc được
1450,packing,positive,
1452,packing,,không đọc được
1458,packing,,không đọc được
1464,packing,positive,
1465,packing,positive,không đọc được
1468,packing,positive,
1470,packing,positive,
1471,packing,,không đọc được
1473,packing,,không đọc được
1480,packing,,positive
1485,packing,positive,
1490,packing,,không đọc được
1492,packing,positive,
1493,packing,positive,
1497,packing,positive,
1500,packing,,không đọc được
1501,packing,positive,
1504,packing,positive,không đọc được
1505,packing,positive,
1508,packing,positive,
1509,packing,,không đọc được
1511,packing,positive,
1514,packing,,positive
1517,packing,,không đọc được
1519,packing,negative,
1524,packing,positive,
1525,packing,positive,
1526,packing,,không đọc được
1528,packing,,không đọc được
1530,packing,positive,
1533,packing,,không đọc được
1534,packing,positive,không đọc được
1538,packing,positive,không đọc được
1540,packing,positive,
1541,packing,positive,
1543,packing,,positive
1545,packing,,positive
1549,packing,positive,
1551,packing,,không đọc được
1555,packing,positive,không đọc được
1557,packing,positive,
1558,packing,positive,
1560,packing,,không đọc được
1562,packing,,không đọc được
1563,packing,positive,
1564,packing,positive,
1569,packing,,positive
1570,packing,positive,không đọc được
1573,packing,negative,
1575,packing,,không đọc được
1582,packing,,không đọc được
1583,packing,positive,
1584,packing,,positive
1588,packing,positive,không đọc được
1590,packing,positive,
1593,packing,positive,
1595,packing,,không đọc được
1599,packing,,positive
1602,packing,,positive
1603,packing,,không đọc được
1605,packing,positive,
1610,packing,,không đọc được
1612,packing,negative,
1615,packing,positive,không đọc được
1622,packing,positive,
