split,dòng gốc,lý do loại,văn bản (rút gọn)
train,5,chuỗi ký tự vô nghĩa (gibberish),Obdhsjdbdhdjdjdjsgs dnkssushgdcsgsgshjsjsvevssnskjshsvshsjsj
train,13,quảng cáo / tin nhắn nhà mạng,https://vt.tiktok.com/ZSeSx64UP/WHUXE57https://vt.tiktok.com/ZSeSx64UP/https://www.facebook.com/lan.emm.2k2https://vt.tiktok.com/ZSeSx64UP/https://www.facebook.com/lan.emm.2k2https://vt.tiktok.com/ZSe
train,30,chuỗi ký tự vô nghĩa (gibberish),únnsnxnhywbbhsnnznnznznxjxjxkxnjxjxjjxxjxjjjjxjxjjxjxjxnznnznznznnznznnnznzhsuskkcnncbx
train,88,chuỗi ký tự vô nghĩa (gibberish),Hsjasijsbsbsbsbsbsbbsnananananansnzznnanansnsnsnsnanan
train,117,quảng cáo / tin nhắn nhà mạng,"(TB) De duoc huong dan chia se Tai Khoan Chinh giua cac thue bao VinaPhone tra truoc qua dich vu 2Friends, soan ngay DK gui 999 (mien phi). Chi tiet LH 18001091 (0d). Tran trong cam on"
train,121,chuỗi ký tự vô nghĩa (gibberish),Rghsdi2nnisnnmkmmmkm kkemsmms jjjsnnssmnsnsnsjjsajnana
train,147,chuỗi ký tự vô nghĩa (gibberish),Rẻ đẹppppppPpppppppppppppppppppppppppppppppppppppppp
train,162,chuỗi ký tự vô nghĩa (gibberish),Đẹppppppppppppppppppppppp xuấtttttttttttt sắcccccccc
train,185,chuỗi ký tự vô nghĩa (gibberish),Tuỵt vờiiiiiiiiiiiiii sjsjshsbsishwwhdhhdbdkwowhweuwjedn đkdijeendjudbeeidudhheeuwiwod fmdkjdvsiwyowgeu2icsiuw e jsisveoeywobslx  djshsnsbsibewnshiehwishod dbdishwnsbidbsbshshsiwhiwuwuuwoqmdbhyx
train,210,chuỗi ký tự vô nghĩa (gibberish),Hyycgguuuhhgghhjuiuuuuuuhhgghgghhhhhhhhhhhhhhhhhhhhjjjjjjjjjjjjjjjjjjjj
train,249,chuỗi ký tự vô nghĩa (gibberish),xgkgxygoxigxgdskuraursurazcbvlcyoxdixitxtxktxtxixtxt kt
train,260,chuỗi ký tự vô nghĩa (gibberish),Sgbthygbghfetujbgfdgghhhhgftygjjjhgfdhjjyffeffgggee
train,284,chuỗi ký tự vô nghĩa (gibberish),Nsnxhsnjsjsksbzjxbhhshsbsbxhhshshbsbsnsnsnksndndjdn
train,285,chuỗi ký tự vô nghĩa (gibberish),Ozdyoxhdpfxufupxfxupfupxufyfoyofyozyfzozroyzyofoyzfyfoz
train,308,chuỗi ký tự vô nghĩa (gibberish),Hdjsjshjsjshshsbshshbsbwhsbshdbdhsjsbsbhshshsbsbshhs
train,417,chuỗi ký tự vô nghĩa (gibberish),dajn. kknncxdchjjjvaabnkjbvfvnnnnn nnbbdahnnvdgjjjbbghjknncdvjjbnbgfdchhbhgcgghjjhhgggffhhyrdhijnn
train,486,chuỗi ký tự vô nghĩa (gibberish),Tgghhgcfcyjfykrjgdgjjfdutdtusutstustustustusttjgst
train,504,chuỗi ký tự vô nghĩa (gibberish),Jsjsjjsksksksjdjrjjr djosoqjrbrheoowldofp3ppwpdk ffowowo j3iducyjsjsf d lwpakdjh3vtvfjspapjs jdoaoqmbdbdbdneksofuiwowkskdnjrkalkcjc 
train,553,chuỗi ký tự vô nghĩa (gibberish),hhshshsbdbdbdhjdjdjdndndndndndndbdbdbdbdbdbdbdbdbdbdbd
train,592,chuỗi ký tự vô nghĩa (gibberish),Ugf5sbbobdey8u9 hx4wfibi
train,607,chuỗi ký tự vô nghĩa (gibberish),Sbsbbdbdbdbd d dbdbdbensnensnnensjejejejejejejejejeiueueuejehe
train,620,quảng cáo / tin nhắn nhà mạng,"Viettel TB: Goi ST15K gia han khong thanh cong. Quy khach tiep tuc truy cap theo goi Mobile Internet dang su dung (neu co). De biet them thong tin ve cac goi Mobile Internet khac, vui long bam goi *09"
train,669,chuỗi ký tự vô nghĩa (gibberish),vhhhbvvvvvvvvvvvvvvvvvvvvvv         vhhgfddzzxfhb drthfdetvcdf
train,674,quảng cáo / tin nhắn nhà mạng,"Like 2 bài viết mỗi ngày là có tiền chỉ cần truy cập link: https://www.utblike.com/Home/Public/reg/type/1/smid/1466562/code/7dcclfan5nr0
NHÓM : https://t.me/joinchat/mCHrr0tKpkI2ZDVl
ZALO : https://"
train,698,chuỗi ký tự vô nghĩa (gibberish),Fsbhshdhdhshhs hdudufhfhfh hdhdhdhfjjdhsisifhbf hdhdudisifhufjs hfhdjsjdjfdjjdhe đhhhfhdhdhdhfjsis hdhdjdjdjfnfbbfbdhd
train,707,chuỗi ký tự vô nghĩa (gibberish),🤦🤦🤦🤦🤦🤦🤦🤦🤦🤦gchvvkbvtrtzxxcuuvbjvkvkbkbkvkvjvjvjvivjvjv
train,716,chuỗi ký tự vô nghĩa (gibberish),Wqrydsijxtovdtjbvsojstbdyhceijvfijfrhjggy.........
train,720,chuỗi ký tự vô nghĩa (gibberish),Ndjdjdkekdjdkdkdkkđmdmêmldldcmmcmfmêjdkrrnjfkfkfrkdkfkfk
train,723,chuỗi ký tự vô nghĩa (gibberish),Sp okkkkkkkkkkkkkkkkkkkkkkkkkkkkkkkkkkkkkkkkkkkkkkkk
train,743,chuỗi ký tự vô nghĩa (gibberish),Ggfffffffyvhvyvtvtcrctvunjnhvtxszwzwzexrcvujimomhgv
train,751,chuỗi ký tự vô nghĩa (gibberish),Jtxkhcitxtljvkh ln kxiy jlxurautclhctxyockcljkjfjkhdkd
train,758,chuỗi ký tự vô nghĩa (gibberish),Vbjvchbbjjjn hnvghbhb. Hhbbbbbbb bbbbhbhbbbbbbhbnnnnbb
train,773,chuỗi ký tự vô nghĩa (gibberish),H h nvkd k djvdj dkvdkbdkbdbdkbdobdofbidbidbodbidhidgidhidgid
train,793,chuỗi ký tự vô nghĩa (gibberish),Fkfrruutj kgdjhrutfc  bìbfjgiwhhhhhh hhhhh hhhhhj ffffff cccccc nnnnnn vvvvvv gggvvv
train,827,chuỗi ký tự vô nghĩa (gibberish),Hhhhhhhhhhhhhhhhhhhhhhhhhhhhhhhhhhhhhhhhhhhhhhhhhhhhh
train,862,quảng cáo / tin nhắn nhà mạng,Quy khach da thanh toan thanh cong 5750d tien ung tu DV Ung tien linh hoat Airtime Credit qua dau so 9118 (ngay ung va so tien ung cua Quy khach: 19/12/2021 - 5000d). So tien con phai thanh toan la: 0
train,935,chuỗi ký tự vô nghĩa (gibberish),Okkkkkkkkk okkkkkkkkkkkkkkkkkkkkkkkkkkkkkkkk kkkkkkk
train,941,chuỗi ký tự vô nghĩa (gibberish),Bzhsbsnsjsjjsjsjsjjsjsbzbshshshshshshshsbsbznznznznnznznznz
train,946,quảng cáo / tin nhắn nhà mạng,VinaPhone: Goi ngay tel:0241098 va lam theo huong dan de thuc hien cuoc goi ngay ca khi tai khoan het tien. Quy khach duoc ung toi da 10 phut  thoai tu dich vu SmartShare. Cuoc goi noi mang 1.730d/phu
train,947,chuỗi ký tự vô nghĩa (gibberish),………….61829916291910100101029okkkkkkkkkkkkkkkkkkkkkkk
train,951,chuỗi ký tự vô nghĩa (gibberish),Vfrdfghjjjjhuyfffggggggggghghhhhhhyyhhhhhhhhhhgxdxfggghuhj
train,1022,chuỗi ký tự vô nghĩa (gibberish),Nsdn dndmf dnfnfnfnfnfnmfnf f fbfnfnfnfnfnnfnfnfnfnfnfnnfnfnfnfnfnfnfnfnnfnfng
train,1024,chuỗi ký tự vô nghĩa (gibberish),"Oánosbsksbahabsisj
Síhissjshsgisbsisgslsvaiafyaavjsnsjsbs
Dipdhekshebsisgskshsns
Dượndosjsisnsgaosjiskduissnhsjs
Gsnshlsnsosnbskskdksnd
Ok"
train,1031,chuỗi ký tự vô nghĩa (gibberish),Stnysntwj5qh4qh4qhwtjtwjwtjtsjsymsymsyntstsntsntanrama
train,1057,chuỗi ký tự vô nghĩa (gibberish),Zjsnsbsj sbsbejend djdjebbn bzsnsndnd  ênnr rbrbjrbr tbrbrrb rnrjrjrnf  tjtjt fnf
train,1099,chuỗi ký tự vô nghĩa (gibberish),Uvjpcgicufxgiccicyovyovoygyicycigcticgicbk lnlnkbibigugufydycihobljiztidyixhhl jl ljcupfuofyidtidoyxpucupfupfpufupfiphkb
train,1113,chuỗi ký tự vô nghĩa (gibberish),Snxjoxkdhsbsshisoakajavsklsksbdvdhdhzjjznzbsbzbzvzzvzvjs
train,1145,chuỗi ký tự vô nghĩa (gibberish),Depppppppppppppppppppppppppppppppppppppp mùi thơm okkkkkkkkkkkkkkkkkkkkkkkkkkkkkkkkkkkkkkkkkkkkkkkk
train,1159,chuỗi ký tự vô nghĩa (gibberish),"Nghìn like♡♡ 저는 인터넷 서핑이 취미입니다. 나는 친구를 사귀고, 공부하고, 오락하고, 내가 필요한 정보를 빠르고 편리하게 찾을 수 있다."
train,1175,chuỗi ký tự vô nghĩa (gibberish),ndndjdbdbdbdbdbxbcbdbdbdebsjdhsbbdndbdbdbdbdbđbdbbd
train,1176,quảng cáo / tin nhắn nhà mạng,"https://shp.ee/4ss65b5
shop Valino mình bán máy cạo râu, hàng đẹp chất lượng cao. Mọi người mua dùng hoặc làm quà tặng cho chồng người yêu... Đàn ông rất thích đồ này đấy ạ.
Bấm vào link để vào shop h"
train,1240,chuỗi ký tự vô nghĩa (gibberish),DtbknhvtctxybompnyxeztjokivtxthomudwFvbgsqqtiohbbbg
train,1257,chuỗi ký tự vô nghĩa (gibberish),Hhhhhhhhhhhhhhhhhhhhhhhhhhhhhhhhhhhhhhhhhhhhhhhhhhhhhh
train,1340,chuỗi ký tự vô nghĩa (gibberish),Rry9yodyddyudxuuldldlyxlxlxcufig9uuijhhg😌😌😐😌😐😌😐🙂😐😌😏😌🤣😌🤣😌7
train,1357,chuỗi ký tự vô nghĩa (gibberish),Jbjbkfw cks cjs dua jdbjwdbjwbdjwbdhvduvwudvwibdjbdjwbdiwb
train,1376,quảng cáo / tin nhắn nhà mạng,"https://thi.tuyensinh247.com/dap-an-de-thi-vao-lop-10-mon-toan-hung-yen-nam-2021-c29a62963.htmlChào mừng bạn đến với bảng nhớ tạm của Gboard, bất kỳ văn bản nào bạn sao chép sẽ được lưu tại đây.Sử dụn"
train,1392,chuỗi ký tự vô nghĩa (gibberish),Kkkkkkkkkkkkkkkkkkkkkkkkkkkkkkkkkkkkkkkkkkkkkkkkkkkkkkkkkkkkkkkkkkkkkkkkkkkkkkkkkkkkkkkk
train,1423,quảng cáo / tin nhắn nhà mạng,"Viettel TB: Goi MI3K da gia han thanh cong. Phi 3.000d/ngay co 100MB su dung den 24h. Het 100MB truy cap theo goi Mobile Internet dang su dung (neu co). De kiem tra luu luong, soan KTTK gui 191. De hu"
train,1429,chuỗi ký tự vô nghĩa (gibberish),Shhwvdjsgdhahshahdhjahdhsbsjajshshshhshwueudhsjjwjw
train,1438,chuỗi ký tự vô nghĩa (gibberish),Jjshshshhhhshshshshshdhdhdhddhhhhhhhhhhhhhhhhhhhhh
train,1441,chuỗi ký tự vô nghĩa (gibberish),Hzhshhsjdjdkdndhhdjskshxbxgciydkgxicuxigz
train,1476,chuỗi ký tự vô nghĩa (gibberish),Hđhiệncncjệmdjhfffujjjhgbjdieieifhehdbfjjdjejggdbdjejd
train,1505,chuỗi ký tự vô nghĩa (gibberish),Rat đẹppppppppppppppppppppppppppppppppppppppppppppp
train,1558,chuỗi ký tự vô nghĩa (gibberish),Sjsnsnffcvvffjdndnjdjdndjdnfnvncjxnzjnxnsmsmmdmxmxmxmmx
train,1584,chuỗi ký tự vô nghĩa (gibberish),okkkkk hshsshdbvdbs snsnsbsbs s s snsnsbsbshsbshshsbsbsbs
train,1619,chuỗi ký tự vô nghĩa (gibberish),Ahhajsnsbejieneneoeoneneieieieieiwiiwooii2i2i2i2i2ii22ii2
train,1624,chuỗi ký tự vô nghĩa (gibberish),Njjjjjkkkllmbvhhhbbbbbbbbbbbbbbbbbbnnjkkkkkklllllllll
train,1628,chuỗi ký tự vô nghĩa (gibberish),Dhdjdjdjdjdjjdsjjdjdjjjjjjjjjjjjjjjjjjjjsjsjsjshđhdhdh
train,1649,chuỗi ký tự vô nghĩa (gibberish),Ddssssss ccccffffffffffeewwaaxxxxffffccdaaaaaaaaaaaw
train,1668,quảng cáo / tin nhắn nhà mạng,Quy khach duoc cong 500 MB luu luong mien phi theo chuong trinh tang data khi cap nhat phien ban moi nhat ung dung My Viettel. Han su dung 7 ngay. Het luu luong truy cap theo goi cuoc Mobile Internet 
train,1772,chuỗi ký tự vô nghĩa (gibberish),Xinhhhhhhhhhhhhhhhhhhhhhhhhhhhhhhhhhhhhhhhhhhhhhhhhhh
train,1787,chuỗi ký tự vô nghĩa (gibberish),Okokokokokokokokokokokokokokokokokokokokokokokokokok
train,1806,chuỗi ký tự vô nghĩa (gibberish),"A5i3ryatuwltzkgdzgdmsgrsyryekhCzxbslutep75lruh,!, ',?"
train,1842,quảng cáo / tin nhắn nhà mạng,Hàng ok. Quy khach duoc cong 500 MB luu luong mien phi theo chuong trinh tang data khi cap nhat phien ban moi nhat ung dung My Viettel. Han su dung 7 ngay. Het luu luong truy cap theo goi cuoc Mobile 
train,1846,chuỗi ký tự vô nghĩa (gibberish),Jvccgujjnbbnjkkputresss đẹp xuất xắcccccccccccccccccc
train,1892,chuỗi ký tự vô nghĩa (gibberish),Nékjsjdnfkfvsmsndmsz.bxjdmsnzbxndwlowjdhe z xbcmdlsmcbif2ieurpeishr  i3r mđlz jxbwbsnsjwueebrocic fhdjdiđidkdkdkkvbjihhhbbbbnjkk
train,1900,chuỗi ký tự vô nghĩa (gibberish),Nxuxozpsnbshsbdiambsdidndoanabsbxjcbxjcixnzzknsnxjxx
train,1910,quảng cáo / tin nhắn nhà mạng,"[TB] DATA SIEU RE, DANG KY CUC DE
Soan ST5K gui 191: Chi 5.000d/lan co ngay 500MB toc do cao su dung den 24h ngay dang ky, DV gia han hang ngay. DAC BIET: TANG THEM 500MB khi mua lan 2 trong ngay. Chi"
train,1913,chuỗi ký tự vô nghĩa (gibberish),Hahshsususuejehhshhshhshshshdhshshshehjejssjjejejejje
train,1959,quảng cáo / tin nhắn nhà mạng,"GÓC ẨN THÂN CHI THUẬT 😎😎😎

Từ khi mua 3 con gấu bông về, tui phải mất đến 10 phút tìm mèo của mình mỗi ngày! 😂 Nhiều khi còn thắc mắc sao gấu bông gì mapdit thé!

👉 Link mua gấu bông như ảnh nha: http"
train,1984,chuỗi ký tự vô nghĩa (gibberish),Djdjjdksosldkfkoalskdfjfkkskslslslsppspsppspsfkfkkffkfkkfkfffff
train,2007,chuỗi ký tự vô nghĩa (gibberish),Haytjaqty5au5a5au5ua5auratau5ua5uaa5iia66sis6ia5ua5us6u5su
train,2014,chuỗi ký tự vô nghĩa (gibberish),218027092672 218027092672F 218027092672 218027092672h
train,2027,chuỗi ký tự vô nghĩa (gibberish),Xinhhhhhhhhhhhhhhhhhhhhhhh lắmmmmmmmmmmmmmmmmmmmmmmm
train,2077,chuỗi ký tự vô nghĩa (gibberish),sksocodockkwocmgtkosovmgkwoxkvdklckvdlwofokgkekckvkelcl
train,2098,chuỗi ký tự vô nghĩa (gibberish),Thichlắmmmmmmmmmmmmmmmmmmmmmmmmmmmmmmmmmmmmmmmmmmmmm
train,2099,chuỗi ký tự vô nghĩa (gibberish),jvcufigicudufid6er8rirmc ncusugkckckvkckcjfjtggtffgkgkfvjvjcjfufigkgjfkfkfjfjfjfjdjdjxjcjfjjfjcjcjcjcjckckckcjckckvkvkvkcjcjvkck
train,2188,chuỗi ký tự vô nghĩa (gibberish),Tâyhwvwvvwsv sbs sbshahtahahajajakakakkakakakakakqkqkwkwjqjwbababwbsnwjwhahshabsb
train,2221,chuỗi ký tự vô nghĩa (gibberish),Tfupchfjfjgjgjgigigigigigihifjgkgkgjgkhkhkgjhkhkhgkjvjggjcfgjvhkhccjckvkbkvkvhccj
train,2261,chuỗi ký tự vô nghĩa (gibberish),Huuuuuuujjjjjjjjshsysysyshshshshshsshshshshshshshshsjshshsjsjsjsjsjsjsjauwuusysysysys
train,2270,chuỗi ký tự vô nghĩa (gibberish),ỲiftsigyIchsjdydjzyfydufydofydjdyfuduxufyufjgjdufuxyfufufifudhcudyfusud
train,2275,chuỗi ký tự vô nghĩa (gibberish),Fnrjejfjjcjhehhswui2i484t9t9fuwvabxbcnfnn43nbwcgdc9ro3bv3fkosowugr
train,2329,chuỗi ký tự vô nghĩa (gibberish),Okkkkkkkkkkkkkkkkk Okkkkkkkkkkkkkkkkk Okkkkkkkkkkkkkkkkk
train,2345,chuỗi ký tự vô nghĩa (gibberish),Cũng okokokokkkkkkkkkk
train,2365,chuỗi ký tự vô nghĩa (gibberish),Jlcupfipfpufpjfpjcfpufpjvufpigpigpigigipgupfupfuofuofpufupfpufpufcohfvuogjo
train,2386,quảng cáo / tin nhắn nhà mạng,"gay cấn khi các nhân vật mới ... in Life 3 vietsub tron bo, Penthouse: Cuộc Chiến Thượng Lưu Phần 3 subnhanh, ...
https://tradatv.com › phim › cuoc-c...
Cuộc Chiến Thượng Lưu Phần 3 - VN2 | SubNhanh -"
train,2401,chuỗi ký tự vô nghĩa (gibberish),Nkijnnjjzjskaooakakskzmnxjxjcjjcjcjxjjzjzjzkzkzkzkzkkz
train,2421,chuỗi ký tự vô nghĩa (gibberish),LOacnkajcsajchkakaichwhxhshchshhxhahzhchahhahchdhshshdh
train,2451,chuỗi ký tự vô nghĩa (gibberish),Gudveudvsjvsgsiwdtggggggggggttyhhsjveibdvjsbxbbehjevgr
train,2524,chuỗi ký tự vô nghĩa (gibberish),hhhhshshhsbsbjsjejehhshehjrndndnndndndjdndnndndnđnndndndnndndndnndndnndndndnnênnennênnennênnennênnnênnennẹdjdjjdjdjdhdhdhehdhêh
train,2562,chuỗi ký tự vô nghĩa (gibberish),Qưertyuioplkjhgfdsazxcvbbmmlkjjhggfdsaaqeryiopouyrwqwruooiyrwszfhkkjcxssfghjn.  Nczzxfhhcvgfhfyuioibbczzdfhhjjjkkk
train,2602,chuỗi ký tự vô nghĩa (gibberish),Jsjsjsjsksshshjskskskskksjsbsbsbsbbsnsnsnmsksksksksjs
train,2618,quảng cáo / tin nhắn nhà mạng,https://m.facebook.com/story.php?story_fbid=261504584240
train,2696,chuỗi ký tự vô nghĩa (gibberish),hdjdjdndn bsjsjsjd bdjdjsj dbhdjs bssisk bshshhsj bsjsjsis bshsjsjs bdjdjjd ndsisjdj bdjdjsjjd bdjdjsjs djdjjdj ndjdjdj ndjdjdjd hdjdjdjd hdjdjdjd
train,2704,chuỗi ký tự vô nghĩa (gibberish),Bxjksnshksknsnjsnxnnxkemndjxkndbksnsnjsnxnjdjsnbdnejsn
train,2725,chuỗi ký tự vô nghĩa (gibberish),Lalalalalallakalalalalallakalakakakakakkwkwkwkwkwkajawi
train,2728,chuỗi ký tự vô nghĩa (gibberish),Gaghwhhhhhwhhqhqhqhhqgqgqgwggwggwggwgwgwggwggwgwggwggwgwggwggwgwggwgwggwgwggwg
train,2730,chuỗi ký tự vô nghĩa (gibberish),"..,.......fidodjdofnfkfkfkffjfkdndidofjfjfiffkfidifod"
train,2748,quảng cáo / tin nhắn nhà mạng,66665yyyt là một trong các bạn cubgx chưa 3g Viettel là sao hả anh đừng lo nữa là đc r cơm điện sharp ra đg
train,2782,chuỗi ký tự vô nghĩa (gibberish),Xịn nnnnnnnnnnnnnnnnnnnnnnnnnnnnnnnnnmmmmmmmmmmmmmm
train,2850,chuỗi ký tự vô nghĩa (gibberish),Hdheusjsbdjxksksnsnsksjxnndndjdjdjdjsjdjdjjsjdjđjs
train,2860,chuỗi ký tự vô nghĩa (gibberish),...................................................
train,2911,chuỗi ký tự vô nghĩa (gibberish),"Sjtkdmufigihfuhohobmbvjigid for gohobih
Vivobovoigigicciifif full fugucivovobiguf
Zfucovovogiviciczdzdtaerygxucivivobohig"
train,2965,chuỗi ký tự vô nghĩa (gibberish),Úuevehsiabwbsvxhshevjqoqow73g3duus
train,2973,chuỗi ký tự vô nghĩa (gibberish),Okkkkkkkkkkkkkkkkkkkkkkkkkkkkkkkkkkkkkkkkkkkkkkkkkk
train,2984,chuỗi ký tự vô nghĩa (gibberish),Bhbbbbbbbjjjjhhhbbnjjjjiiugfbdtbruvdhvfl grhdf djjhjbv
train,2986,chuỗi ký tự vô nghĩa (gibberish),gfcbtwghjhhjiyrffvhhyrrffghjjjurwwfghhhhhhhhhhhhhhhh
train,3024,chuỗi ký tự vô nghĩa (gibberish),bxjxnndndndndndndnndndndndndnxnnnxnnxnxnxnxnnxnxnxnxnxn
train,3044,chuỗi ký tự vô nghĩa (gibberish),12456780loiyrqdcshsjskksvfznogsoo@#%÷¶∆(-%#*';)$√÷℅™
train,3097,chuỗi ký tự vô nghĩa (gibberish),Okkkkkkkkkkkkkkkkkkkkkkkkkkkkkkkkkkkkkkkkkkkkkkkkk
train,3110,chuỗi ký tự vô nghĩa (gibberish),Biendonw kdmwndokwbocnwbsomdnbdokwnwkxnnejekwndbndn
train,3112,chuỗi ký tự vô nghĩa (gibberish),"Nxjxjdjsjszjjzjsjsjsjjssjjsjsjsjsjsjsjsjsjsjsjajajaaj
OK"
train,3118,chuỗi ký tự vô nghĩa (gibberish),bănhsdbhdbđbsbêjissizizjzhzbzbsjsjjszksjjdxjn nnjjjj
train,3128,chuỗi ký tự vô nghĩa (gibberish),Okiiiiiiiisjdncnxjxjxbxjxjdjdjdjdjdjdjdjdjdjdjdjdjdjjj
train,3142,chuỗi ký tự vô nghĩa (gibberish),........................................................................
train,3163,chuỗi ký tự vô nghĩa (gibberish),"Nsks xjssmdnkams x sjssmx z 
Nszjsjxnndndx ns sz 
Sdnjsz dnjszndn"
train,3169,chuỗi ký tự vô nghĩa (gibberish),Jjsahahjajsjjsjsjskkxixixixusgbenskkxixuxhxbdjsjsjixhxbdbwkakoajahanxbxhxuismdbvd
train,3189,chuỗi ký tự vô nghĩa (gibberish),Vhkirdujhssdvnjkkkkklllkvcffhhbfsafghhuufeefvvbbbh
train,3223,quảng cáo / tin nhắn nhà mạng,"Viettel TB: Quy khach da dung het luu luong Data trong ngay cua goi ST70. De mua them, soan MT5N (5.000d co 500MB) hoac MT10N (10.000d co 1GB) su dung den 24h hoac bam goi *098#. Chi tiet LH 198 (0d)."
train,3237,quảng cáo / tin nhắn nhà mạng,"[QC] HOT: NHẬN NGAY QUÀ 200.000đ miễn phí từ MOBIFONE, mua sắm & tích điểm lên tới 30% tại Shopee, Tiki, Lazada cùng 100+ thương hiệu hàng đầu. Tải MyPoint ngay để nhận quà: https://bit.ly/Qua-MyPoint"
train,3254,chuỗi ký tự vô nghĩa (gibberish),Okkkkkkkkkkkkkkkkkkkkkkkkkkkkkkkkkkkkkkkkkkkkkkkkkk
train,3259,chuỗi ký tự vô nghĩa (gibberish),Ncjdjndjdjdjdjdjdjjdjdjdjdjdjndjdjdjfjdjdjjdjdjdjn
train,3400,chuỗi ký tự vô nghĩa (gibberish),Nznznzbzbzbznznznzn nxnnxzhxbxbzbxnxnxnjxnznzjzjjz
train,3459,quảng cáo / tin nhắn nhà mạng,"Mình thích màu này cực luôn ấy. Chưa thấy dòng nào có màu giống vậy. Màu kiểu cam cam nâu nâu í mọi người. Không cam quá đâu nha. MLBB hợp đi học kinh luôn í, mỗi tội nhanh trôi hơi chánnn ewww. Nhưng"
train,3507,quảng cáo / tin nhắn nhà mạng,"Son cực lì và màu đẹp giá rẻ 
Bíbajbwwnwjwjnwnwnene@Ngọc Quyên:https://www.facebook.com/windy.smile.90 jbajsbwhwbejhehehegehehheejjeje"
train,3525,chuỗi ký tự vô nghĩa (gibberish),Jsjdjrhrj3j3hhhdhrhejejrhhfbfjdjdjdjjdjrjrjejrbbrbr
train,3526,chuỗi ký tự vô nghĩa (gibberish),Grykvfhhvffgbbbhgfffvbbgffjjhggtghttghh
train,3561,chuỗi ký tự vô nghĩa (gibberish),khá okeeeeeeeeeeeeeeeeeeeeeeeeeeeeeeeeeeeeeeeeeeeeeeeeee
train,3606,chuỗi ký tự vô nghĩa (gibberish),Xinkkkkkkkkkkkkkkkkk
train,3655,chuỗi ký tự vô nghĩa (gibberish),rjjeeejehehhehehehehheheheehehheheheheehehheheehehhehe
train,3670,chuỗi ký tự vô nghĩa (gibberish),Đẹppppppppppppppppppppppppppppppppppppppppppppppppp
train,3686,chuỗi ký tự vô nghĩa (gibberish),Jdjejwiiwiwiwiwiwwiiwiwiwiwo2919192828eidkdmalowoqo1o2
train,3716,chuỗi ký tự vô nghĩa (gibberish),Đẹpppp nsjsjsnwnsbbssbhsbsbsbsbsbsbbsbsannnsbsbabsbabnabs
train,3757,chuỗi ký tự vô nghĩa (gibberish),Njsnsdkkđnndndndjdjjdnjdjdndndndndjdjjdjdjdjjdjênbdbbdndjdjjdndndndjdjjxnjđnjdjnsnsnsnndndndndndndndnndndjdnndndnxnxjndjdjjdjjdjẹdjjxjjxjdjdjênnndhdjjxjsiksoowjdjdjjdnfnfnndjdjdkdkeioaoksjfjdjfjfjjf
train,3761,chuỗi ký tự vô nghĩa (gibberish),Ẹbeidbjdbejebekebdjbejebebdiebejebeehehejebdhhdjej
train,3766,chuỗi ký tự vô nghĩa (gibberish),Hdhdhdhshhdhshdhhdhdhdhshhshshshsggsgsgsggsgsgsggsgshs hdhdhdhshhdhshdhhdhdhdhshhshshshsggsgsgsggsgsgsggsgshs
train,3795,chuỗi ký tự vô nghĩa (gibberish),S shs sbs ns sns sns shs sns ssb shss hussns nss sb shss hs shss hss
train,3839,chuỗi ký tự vô nghĩa (gibberish),🙂🙂🙃😘🙃🙂🙂🙂🙂🙂🙂🙂đuhdhdhxbdbchcbfbchcbccnfncjxjjddujddjdu🙂🙂
train,3849,chuỗi ký tự vô nghĩa (gibberish),aaaaaaaaaaaaaaaaaaaaaaaaaaaaaaaaaaaaaaaaaaaaaaaaaaa
train,4001,chuỗi ký tự vô nghĩa (gibberish),eheb3heiejfndjwkksndurhfbfndosjfbcufjejdbcbsksksn chfhfhfjrjrbdbdhdhdhdh
train,4005,chuỗi ký tự vô nghĩa (gibberish),Son okelaaaaaaaaaaaaaaa 🥰🥰🥰🥰🥰🥰🥰🥰🥰🥰😍🥰😚🎂😌😌😍😌🎂🥰🥰😚🥰🥰🥰😍😍😍😍
train,4016,chuỗi ký tự vô nghĩa (gibberish),Dẹphdhqjsbdupfykfykdjtdyykfivobhsryjfhfvgxjvjbzkbdkbxkbkcbkxbkxbkcnc
train,4090,chuỗi ký tự vô nghĩa (gibberish),Hfjdkkshshshsueueueuejdjjdjdjdjrjejejsjdjdjdjdfhrhrhrhrhfjfjfhfjtjthjtjf
train,4108,chuỗi ký tự vô nghĩa (gibberish),Snjakananansbzbsbxbdkcndjsjsbshxhxvxnsnjsbxnxbnsnsns
train,4145,chuỗi ký tự vô nghĩa (gibberish),Qewertttioppasdfghjklvxzvbnnkiytgfhiiojvfrrfcvhkjh
train,4147,chuỗi ký tự vô nghĩa (gibberish),Đepkkjkjjjjjjjjjjjjjjjjjjjjjjjjjjjjjjjjjjjjjjjjjjjjnjjjjjjjjjjjjjjjjjjjjjjjjjjjjjjjjjjjjjjjjhhhhjjjjjj
train,4152,chuỗi ký tự vô nghĩa (gibberish),Xnxnjdnxnxjkdueifnnfjrkfkfkfkfkfkgkmfksksnndorurjirnrnfnflcmmcjdifkjfmfkf
train,4161,chuỗi ký tự vô nghĩa (gibberish),"Ngonnnnnnnnnnnnnnnnnnnnnnnnnnn
Xịnnnnnnnnnnnnnnnnnnnnnnnnnnnnnnnnnnnnn"
train,4179,quảng cáo / tin nhắn nhà mạng,https://www.facebook.com/permalink.php?story_fbid=324040932861058&id=100057654609834&comment_id=324368179495000&notif_id=1636951765672033&notif_t=feedback_reaction_generic&ref=notif like và share hộ ạ
train,4188,chuỗi ký tự vô nghĩa (gibberish),Xinh nhóooooooooooooooooooooooooooooooo :)))))))))))
train,4231,chuỗi ký tự vô nghĩa (gibberish),Okeeeeeeeeeeeeee ạ ♥️♥️♥️♥️♥️♥️♥️♥️♥️♥️♥️♥️♥️♥️♥️♥️♥️♥️♥️
train,4284,quảng cáo / tin nhắn nhà mạng,"màu đẹp xỉu ngang luôn
[HOT] Nhanh tay dang ky ""No Miss Call"" - khong bo lo cuoc goi cua VNM, DV hoan toan MIEN PHI, hay dang ky ngay so dien thoai phu cua ban voi cu phap: DK [sdt] gui 925. Cung xem "
train,4311,chuỗi ký tự vô nghĩa (gibberish),Uhdfffgghgvvvvvvdyyysysysyszudffoogogififfffifudd77dyspd77ds66ddududduduufudduduudduududxuxyydydydduududud
train,4314,chuỗi ký tự vô nghĩa (gibberish),Qqqqqqqqqqqqqqqqqqqqqqqqqqqqqqkejdhekdisgbdxigwksohhewhhwyqekpod bxohqb tcn.  Dqqojbcp qgccnvqpjnkwq
train,4316,chuỗi ký tự vô nghĩa (gibberish),Bvffgghjijn. Cftyhbb.  Cdemiuhgfcvvgđ. Vfđghnn vghb cftghbghb vfhbnbfc
train,4323,quảng cáo / tin nhắn nhà mạng,Goi cuoc C90N cua Quy khach hien dang ky khong thanh cong do tai khoan cua Quy khach khong du de dang ky dich vu Mobile Internet cua MobiFone. Quy khach vui long nap them tien va soan tin DK C90N gui 
train,4380,quảng cáo / tin nhắn nhà mạng,"Viettel TB: Goi MI5D da duoc huy theo yeu cau cua Quy khach. De biet them thong tin ve cac goi Mobile Internet khac, vui long bam goi *098#. Chi tiet LH 198 (mien phi). Tran trong."
train,4385,chuỗi ký tự vô nghĩa (gibberish),Hbwiseh8qbaianah19bs7w8wh8sd8wjabgd8whwjshuheue73
train,4391,chuỗi ký tự vô nghĩa (gibberish),Đẹppppppplppppplpppppppppppppppppppppppppppppppppp
train,4437,chuỗi ký tự vô nghĩa (gibberish),BNnznxnnxnxmxkxkkxkxkxkdkkdkdkdkxkxkkxkxkxkxkck
train,4480,chuỗi ký tự vô nghĩa (gibberish),OkkkkkkkkkkkkkkkkkkkkkkkkkkkkOkkkkkkkkkkkkkkkkkkkkkkkkkkkk
train,4492,chuỗi ký tự vô nghĩa (gibberish),公共交通機関を利用することのデメリットはありますか？
train,4523,chuỗi ký tự vô nghĩa (gibberish),Ffffffffbfjgiiohodwhnxdwjpwxfwcfpqjpdnqprjnxnqpjdpncnpjqcnrpwjpqjrnjpnpjpvnjpncpjnwpfnjcnwjp giờgnpwnwjvcwfnpunpwjcwfconjcjoeoefchieifhheinfnihefienhfhiefifeicfehineinhininegehdndcijhojicwhiwdchdhicdc
train,4542,chuỗi ký tự vô nghĩa (gibberish),Đẹp.   Tuyệt vời huhuhuhhahahahaha huhuhuhhahahahaha huhuhuhhahahahaha huhuhuhhahahahaha
train,4545,chuỗi ký tự vô nghĩa (gibberish),Gsjshhshshssjdjdjjdbbdhdjdhddhdhhdhdhdhhrhrhdhhddh
train,4574,chuỗi ký tự vô nghĩa (gibberish),Xịnnnnnnnnnnnnnnnnnnnnnnnnnnnnnnnnnnnnnnnnnnnnnnnn
train,4637,chuỗi ký tự vô nghĩa (gibberish),Vahshhshshsshhdhhdhdhshsshshshshhshshshshshshshsshshhs
train,4638,chuỗi ký tự vô nghĩa (gibberish),"bshdbdndndkdjdj
bxnxndjdjdjdjjdjdjd
ndmdkdkdjdbdnddnnd"
train,4645,chuỗi ký tự vô nghĩa (gibberish),Okkkkkkkkkkkkkkkkkkkkkkkkkkkkkkkkkkkkkkkkkkkkkkkkkkkk
train,4656,chuỗi ký tự vô nghĩa (gibberish),Hhhhhhhhhhhhhhhhhhhhhhhhhhhhhhhhhhh
train,4665,quảng cáo / tin nhắn nhà mạng,(TB) GIÁNG SINH TỚI RỒI - NẠP THẺ NGAY THÔI! VinaPhone tặng riêng bạn ưu đãi 20% giá trị thẻ nạp (từ 20.000 đ) vào NGÀY MAI 21/12/2021 (giá trị khuyến mại được gọi/nhắn tin trong 15 ngày). Cơ hội nhận
train,4667,chuỗi ký tự vô nghĩa (gibberish),Sjhdkdkdjkđnjdjỳùudùkvkvvkvkgìifdydufjfkgkgogogiggigi
train,4744,chuỗi ký tự vô nghĩa (gibberish),MdfbakxbzmsndhksbfMmamsdmdnxbsbsvdvdvshakzicnddbxjdkiwkasnxbbdjanzndbdhsjsnskajsnxbxkakznxnxbdjskdjdnsbxaksjbxrbwkkanxxbmanxnsmqzz
train,4751,chuỗi ký tự vô nghĩa (gibberish),Son đepjjjjjjjjjjjjjjjjjjjjjjjjjjjsbsbdhbeehbeenmem
train,4766,chuỗi ký tự vô nghĩa (gibberish),"Chất son lì thơm, giá hợp lý fjdjdj djdjd kdjdj jdjdj jdjdj djdj nêh hdjx jdjdj"
train,4769,chuỗi ký tự vô nghĩa (gibberish),"Cxhfdzzifutsizfiilhiguf
Fhikjookknuihggzuiobnknbbh
Fziijztshrhfykgsk etitsjzjrjwtjrsrhrahtwjstnsgnfjfjtiezkezjwtjwtjwtjwtjqr"
train,4777,chuỗi ký tự vô nghĩa (gibberish),Vnskdnjdidndijdjdjdndjdjjfnfnnfnfnnfnfjfjjfjfjfjjfkfk
train,4820,chuỗi ký tự vô nghĩa (gibberish),Jejwndnanndnsndnandnnsnensnsnnennsnsnsndnndnwnsnsnsnsns
train,4823,chuỗi ký tự vô nghĩa (gibberish),UebsebxeuxbuxebinexieheuenxewiQllqLqIwnzienxkebuxebxixbwxbeixhwixbwxihwxuenix
train,4830,chuỗi ký tự vô nghĩa (gibberish),SPXVN021026839671khogofndndndndbewhwvwhavavavsvssvvsvs
train,4900,chuỗi ký tự vô nghĩa (gibberish),Hvdujosthesdd3ydhstshgybfheyioopi62af ivvbdvvbjdhrcdj
train,4940,chuỗi ký tự vô nghĩa (gibberish),hahahahahahahahhahahahahhahahahhahahahhahahahhahahahhahhahahahhahahaahahahahahahahahahahahahahahahahahaahahah🤟🤟
train,4962,chuỗi ký tự vô nghĩa (gibberish),Ygghg bhbjjnhdcb.     Cvdghh.   Hbijkyjghyfgbjjs hvnhibfb huhjbh
train,4979,chuỗi ký tự vô nghĩa (gibberish),mua iiiiiiiiiiiiiiiiiiiiiiiiiiiiiiiiiiiiiiiiiiiiiiiii
train,5053,chuỗi ký tự vô nghĩa (gibberish),bdbsjxnd dhxjsnsnskksd. dínndmdskkd jxnsjksndmx zjxjjsjdj
train,5079,chuỗi ký tự vô nghĩa (gibberish),Edbsbjsjsjxjdnnajsjzjajjajaisksnxnxnsjakjzjxjsjakzkzkxj
train,5113,chuỗi ký tự vô nghĩa (gibberish),Nậkakakakskskskqkdfjqkdinsqkdofjakkckrkakxcnakakxjkajx
train,5125,quảng cáo / tin nhắn nhà mạng,"Quy khach tiep tuc truy cap theo goi Mobile Internet dang su dung (neu co). De biet them thong tin ve cac goi Mobile Internet khac, vui long bam goi *098#. Chi tiet LH 198 (0d). Tran trong."
train,5150,chuỗi ký tự vô nghĩa (gibberish),Hausjsjsjdsjsjnsnsnana a d ndjdkdjejwjwjwnnwnwjwjwjjwjwk
train,5164,chuỗi ký tự vô nghĩa (gibberish),Ehhktuưuwtjrjqtjqtjqfbqjqtuâruqrjrqjwjâưuârjwgkquưuâ
train,5184,chuỗi ký tự vô nghĩa (gibberish),Ndhdhshhsvsvshahbsbshdhdbhdhdbdbdbdhudbshdbdbdbbdbdbdb
train,5234,chuỗi ký tự vô nghĩa (gibberish),Bcnsaosunjwaoqoqiwjehrjfdmswkwoqoqihdbdbdfnfnxkakajwhshdbxnxncbfjdkdkdkk
train,5237,chuỗi ký tự vô nghĩa (gibberish),sjijsjajshsjjssnsjxhzjhajajshsjzjznzjzhbzjzhzbzjzjzjn
train,5277,chuỗi ký tự vô nghĩa (gibberish),Euisbxiejwnakhzjduwbqnsidbbdjwiabxbdjwiiqnwnsnsns siwijdjddjjd
train,5292,chuỗi ký tự vô nghĩa (gibberish),Rất tốt. ₫:₫:&: síksnbshsjsnsnsmakajana ánnsjjsjssnsnns
train,5314,chuỗi ký tự vô nghĩa (gibberish),Hhasctfdwgujjitedhydcygvfswszxgggfewzcffrđrddddddd
train,5320,chuỗi ký tự vô nghĩa (gibberish),Cxfuryd udihotugxlufzuxjgxgxogxchcohc.     Gchk oihxgoxgoyohxohxohx
train,5336,chuỗi ký tự vô nghĩa (gibberish),gfsgjbgfhjbcđghbdrfhiutfđehjjgfrrtghhgffggggfdssfhjkufdshjkjd
train,5368,chuỗi ký tự vô nghĩa (gibberish),"Gghhhhjjv c  nmlopooihhvgdszzxfguuubbnmoohcdsszxcvhuiolmbvcf


Hvkincvjkvgknt"
train,5406,chuỗi ký tự vô nghĩa (gibberish),Nxjwnosmwjd dhs jsndkmdjsbca a. Snsjd gbr jcosowlkejebhdbvdbdjdksk
train,5452,chuỗi ký tự vô nghĩa (gibberish),DkekdbswnfjOwbfblxlawmfhpzjwjfpcnđndjdsbdkpswnlflxwn
train,5461,chuỗi ký tự vô nghĩa (gibberish),Hdbdbdvd. Gg bghdjjdjzbdbdhrjejdnnfbfbfbbjfnfbdbbbvv
train,5480,chuỗi ký tự vô nghĩa (gibberish),isisjsjsjsjjsjsjsjsksksjskjsskkskskskskssjksndksksjsj
train,5496,chuỗi ký tự vô nghĩa (gibberish),"Svbdmdksksksksmssjkskd
Djdkdkdkkdkdkđhdhhd"
train,5575,chuỗi ký tự vô nghĩa (gibberish),Bjkskskksmxnx x nsmwlwldokxkskwkwkekdkdkdkdkskwlwkekennemekekdkdkdkkrbbn  bjjkhđrtyuiooooiuhh
train,5686,chuỗi ký tự vô nghĩa (gibberish),Ndjjdjdndbdhdu ndjidjdbdbdhdusudnndidjdbdjsksindndjdjdhdbdn
train,5695,chuỗi ký tự vô nghĩa (gibberish),"Nnxksmsnzb ns
Nzjxnxnxnndkxkxnjx
Nsnsmxkskjznxjjzjxskdnsbxbbx
Nsnjsjdb"
train,5760,chuỗi ký tự vô nghĩa (gibberish),Hgsgkjdrjhhhddjrhhr ffdhsjsjsjsfbdbdkdldf demmw
train,5828,chuỗi ký tự vô nghĩa (gibberish),Cjcivosoaoajabsvsbjcicico ốcajbqbqbwbddbdbdjjdjcicicc
train,5831,quảng cáo / tin nhắn nhà mạng,"Quy khach da huy gia han goi cuoc MI5D, uu dai con lai duoc su dung den het chu ky. De tiep tuc su dung DV va lua chon goi Data phu hop, vui long truy cap https://myvt.page.link/kmdata tren My Viettel"
train,5899,chuỗi ký tự vô nghĩa (gibberish),Đỉnhhhhhhhhhhhhhhhhhhhhhhhh 🧏🏻‍♀️🧏🏻‍♀️🧏🏻‍♀️🧏🏻‍♀️🧏🏻‍♀️🧏🏻‍♀️
train,5922,quảng cáo / tin nhắn nhà mạng,Cơ hội sở hữu sản phẩm (CLIP THẬT) Đầm babydoll trễ vai dự tiệc đen tay bồng thắt dây nơ cổ được giảm 49%! Chỉ còn ₫149.000. Mua ngay trên Shopee! https://shopee.vn/product/88731403/4332979346?smtt=0.
train,5937,chuỗi ký tự vô nghĩa (gibberish),"...........................
............................"
train,5969,chuỗi ký tự vô nghĩa (gibberish),Sp tốtttttttttttttttttttttttttttttttttttttttttttttttttttttttttttttttttttt
train,5999,chuỗi ký tự vô nghĩa (gibberish),xtydcjvkvkxidckcxhzzizgxlh hcotZjcjvkgjdjvkbkdydjvkbk
train,6037,chuỗi ký tự vô nghĩa (gibberish),Hdhdjdkkdjdjdbdbdhsjdjsksoksksjdndjdkdkkkkkkkkkdkdj
train,6084,quảng cáo / tin nhắn nhà mạng,[TB] DANG KY NGAY goi MAX200 de co 60GB data toc do cao thoa suc truy cap mang chi voi 200.000d/30 ngay. Het dung luong tiep tuc truy cap toc do thuong. Soan MAX200 gui 1311. Chi tiet LH 18001091 (0d)
train,6141,chuỗi ký tự vô nghĩa (gibberish),Dvdhudirbbb .....djdidididbd....ksksjd......ieieidjndnxnndncnnn
train,6255,quảng cáo / tin nhắn nhà mạng,"[TB] MỪNG NGÀY NHÀ GIÁO VIỆT NAM, VIETTEL TẶNG 20% GIÁ TRỊ TẤT CẢ THẺ NẠP trong ngày 20/11. Tiền KM sử dụng nội mạng đến hết 05/12/2021. Giảm thêm 3% khi nạp thẻ tại https://viettel.vn/pay/tt . C"
train,6260,chuỗi ký tự vô nghĩa (gibberish),Snnsnsssssdffdxđeeeeehwhwhhsbsnnsjsjjsjwjjehwjhehehhehehej
train,6262,chuỗi ký tự vô nghĩa (gibberish),👄👄🥺🥺🥺👄🥺🥰😚👄👄💋💋😄🍓😄🍓😄😄ndhđjjdjđjdjdjdjdjđnjdndnđndndbfb
train,6274,chuỗi ký tự vô nghĩa (gibberish),Kdmsndnnđndnsnsnnsnsnsnssnsnnsnsnsnssnsnnssnsnsnsnsn
train,6298,chuỗi ký tự vô nghĩa (gibberish),jsndbbxjk nxnnjdkxkk
train,6300,chuỗi ký tự vô nghĩa (gibberish),Đẹp jsjajajsjshshsshjajajaajajajhsghđhushahaggztxydyu
train,6329,chuỗi ký tự vô nghĩa (gibberish),"Jshdhsjshsjskjbdnykxnnxnxnxncn  
Djxjxnxnxnncncncbcnc bcnx c
Cjxjjxjc"
train,6335,chuỗi ký tự vô nghĩa (gibberish),"...............,'xnxnznnznzzzzzzzzzzmzmzmzmzmzmmzzm"
train,6343,chuỗi ký tự vô nghĩa (gibberish),Chdhffhfjfidieieiwsoodididididiididjfjchjf
train,6427,chuỗi ký tự vô nghĩa (gibberish),gooooooooooooooooooooooooopooopopppppopooooooooooooo
train,6473,chuỗi ký tự vô nghĩa (gibberish),Mskskksjsjsjksksjjskskskskksksksskjskskskskskkskskskks
train,6482,chuỗi ký tự vô nghĩa (gibberish),Nsnjsmskskskxkjxkxkxjsisisisnndndnsjsjsjsjsjnsnsnsnsns
train,6490,chuỗi ký tự vô nghĩa (gibberish),Djskajxndiaosksnaowkxndjsoakxbskaoanckapqbdfguwidjd
train,6529,chuỗi ký tự vô nghĩa (gibberish),Jsjwhbskdokwjwjdowhsbkskjwheokdbwbkwkwbsvvwjkdksbwhdkdjebwksbdv sksbvdksksnbsjksls sjbsbbsjskksksjdbjdhsjkwlansbsbjxksbsbks
train,6576,quảng cáo / tin nhắn nhà mạng,"(QC) Nhac cho doanh nghiep - Quang ba hinh anh, van hoa doanh nghiep hay gioi thieu san pham that de dang, dung muc tieu. Khoi tao mot lan, dung mai mai chi voi 550.000d. Soan ngay DN gui 1221 (mien p"
train,6634,chuỗi ký tự vô nghĩa (gibberish),Chokfxbkoitđcvhuuhvvôuggổègyuuụh
train,6895,chuỗi ký tự vô nghĩa (gibberish),"sbndfmmckfmd dớm s ds
shzn xnx cncuwkshsjl
bsujndndnfhiennf"
train,6896,chuỗi ký tự vô nghĩa (gibberish),"Hàngggggggggggggggggggggggggggggggg
Rấttttttttttttttttttttttttttttttttttttttttttttttttttttttttt
Làaaaaaaaaaaaaaaaaaaaaaaaaaaaaaaaaaa
Xinhhhhhhhhhhhhhhhhhhhhhhhhhhhhhhhhhh
Đẹppppppppppppppppppppppppppp"
train,6998,chuỗi ký tự vô nghĩa (gibberish),❤️qqqqqqqqweddccc❤️❤️❤️❤️❤️❤️❤️🎉🎉❤️❤️❤️❤️❤️❤️❤️❤️❤️
train,7011,chuỗi ký tự vô nghĩa (gibberish),Sangggggggggggggggggg xịnnnnnnnnnnn mịnnnnnnnnnnnnnnnnnnnn
train,7018,chuỗi ký tự vô nghĩa (gibberish),ohcoxttdhxlhđglxlgzfzgzlxocyttdưyfyfpucđjfpydtfpjcpjgpu
train,7097,chuỗi ký tự vô nghĩa (gibberish),Jcecjercejcexx ữexexhwđưq wdwdfjgjghjfg eudjdfjfjfdj rffffg rghdgdggggcdff gdetfsweqwgippjjgf hjhhhgghgdthhft
train,7104,quảng cáo / tin nhắn nhà mạng,"https://www.facebook.com/profile.php?id=100070832710495Sử dụng biểu tượng chỉnh sửa để ghim, thêm hoặc xóa đoạn.Chào mừng bạn đến với bảng nhớ tạm của Gboard, bất kỳ văn bản nào bạn sao chép sẽ được l"
train,7105,chuỗi ký tự vô nghĩa (gibberish),Qetyuncddfhjndjdndncbushaywbbdjgfkmtnfhshheuernfjfififgjnghnkykykebvahausjdfjkfgijgjgjfosndjd
train,7130,chuỗi ký tự vô nghĩa (gibberish),Vshwjkxhsbjwowohdbwvjsjxbbdnwbshdhhsbwbsbshshshshs
train,7143,chuỗi ký tự vô nghĩa (gibberish),Bhjjhjhhhyyfcvbbbbjhhhbbbbbbbbb bnhikiubcdeemnjijnnbb
train,7167,chuỗi ký tự vô nghĩa (gibberish),Ýudufjfhfhfhfhfjfitufjgigifydydydydhfhfhffjcjxjfjfjfififufufufjfjfigjfujch7yvygytvvttctcyvvÝudufjfhfhfhfhfjfitufjgigifydydydydhfhfhffjcjxjfjfjfififufufufjfjfigjfujch7yvygytvvttctcyvvÝudufjfhfhfhfhfjfi
train,7193,chuỗi ký tự vô nghĩa (gibberish),",g,cgvgdfhvb vfcvbb g gcvgbjj bffdfgytfxdycxxthcycttttx"
train,7254,chuỗi ký tự vô nghĩa (gibberish),"Màu 402,302 xinh xĩu á mng………………………………..jjjjjjjjjjjjjkkk"
train,7273,chuỗi ký tự vô nghĩa (gibberish),Nfkelosgkogpfpdpfkglfllfllflspaphkdllsldldkdkfkgkgjjnnn
train,7320,chuỗi ký tự vô nghĩa (gibberish),Hậhgaghssjksjdhdhdjdjjdidiiduducyyxyduduxuxjxjxjkxxj
train,7336,chuỗi ký tự vô nghĩa (gibberish),Ndnskndjsksosbebdkxksnskdkdsbkdkdsndnkdbfdf đnnkfkdndxjdnnsdkddndbbbbbbbbbbbbb
train,7412,chuỗi ký tự vô nghĩa (gibberish),",,,,,,,,,,,,,,,,,,,,,,,,,,,,,,,,,,,,,,,,,,,,,,,,,,"
train,7584,chuỗi ký tự vô nghĩa (gibberish),"Hjdjjabsbsosjsbdbhfuowjebrjdhsbushdbksnsbxbdj
😍😍😍😍😍"
train,7595,chuỗi ký tự vô nghĩa (gibberish),Hshgsjjjkkjjjkjkkkkkkkkkkkkkkkkkkkkkkkkkkkkkkkkkkk
train,7596,quảng cáo / tin nhắn nhà mạng,"Son mịn, mùi thơm nhẹ, lâu trôi.
Video+ hình ảnh mang tính chất nhận xu
[QC] Giam 3% khi thanh toan online cuoc di dong tra sau, internet, truyen hinh va nap tien cho thue bao tra truoc Viettel, moi"
train,7614,chuỗi ký tự vô nghĩa (gibberish),Okkkkkkkkkkkkkkkkkkkkkkkkkkkkkkkkkkkkkkkkkkkkkkkkkkk
train,7630,chuỗi ký tự vô nghĩa (gibberish),Yofoyfoycphfupfupfupxluxhlflhdupfpudupdhpdohdhodyldohdhodhlxyo
train,7686,chuỗi ký tự vô nghĩa (gibberish),Kkkkkkkkkkkkkkkkkkkkkkkkkkkkkkkkkkkkkkkkkkkkkkkkkk
train,7726,quảng cáo / tin nhắn nhà mạng,"[TB] DV Loi nhan thoai cua Viettel: Quy khach co cuoc goi nho tu TB 0389338802 vao luc 06:22 22/12/21. De gui loi nhan thoai, vui long bam goi 1620389338802 (cuoc phi 300d/1 loi nhan thoai)"
train,7745,chuỗi ký tự vô nghĩa (gibberish),Bbsnsnsnbsbsnbzbzbbznznznznbzbxbnxnxnxbbxbxbznnananxbbxbdnsnsnns
train,7783,chuỗi ký tự vô nghĩa (gibberish),Zhhshshssjsjsjwiwjbshwakakakkaajajjsjsjsnsnsnsnsnnsnsnananammananajajjajaiakakakakjahabsnanannanananans
train,7813,chuỗi ký tự vô nghĩa (gibberish),Jeueisisiaiaiaiaiaiaiaaaauuauauauwhwhwbbanzbznznznznznznsnss77wuwuwuwuquuqjajsjsjssjjsjsjzjzjzjzuzuz
train,7832,chuỗi ký tự vô nghĩa (gibberish),Hdhqhsudhwbjxhsbxjvhabhchebjaucbebxubwhxuebahhxbejsu
train,7842,chuỗi ký tự vô nghĩa (gibberish),Bsjsjbsoznsosbzoksnzisbavzyaks! Oz bn sinkznskbhdksnskhsbsoxbdisksjsbb
train,7846,chuỗi ký tự vô nghĩa (gibberish),Eghehehehehhehehehhehdhfbdbhdkekxhhxhdhdhdhhdhdhdhdhd
train,7883,chuỗi ký tự vô nghĩa (gibberish),"Kansbsjsj
Kakansnsjnsjsnsjsjsns
Kaknansjsnsnsnsnanan
Kanansnskksjsna
Kakkansjsnsnsn"
train,7899,quảng cáo / tin nhắn nhà mạng,"[QC] SAN SALE DE DANG, THANH TOAN DON GIAN CUNG VIETTEL MONEY & SENDO. Mua sam tai SENDO tien loi hon khi su dung tai khoan ViettelPay de thanh toan. Chi tiet tai https://vtmoney.onelink.me/314y/52e87"
train,7909,chuỗi ký tự vô nghĩa (gibberish),Okkkkkkkkkkkkkkkkkkkkkkkkkkkkkkkkkkkkkkkkkkkkkkkkkkkkkkkkkkkkkkkkkkkkkkkkkkkkkkkkkkkkkkkkkkkkk
train,7934,chuỗi ký tự vô nghĩa (gibberish),son màu đẹppppppppppppppppppppp dnxndjdbsjdbsidbdidbdjsbsudbsud
train,7961,chuỗi ký tự vô nghĩa (gibberish),Shksnebnekdlkdkdndleleldlldkdkenenmdkdkdkdkjdjdkdkdkkdkdldkdkkdkdkdkdkdkkdndndnkdldldlkdmdmdkdlldkdkdkdkkdldkdkdkkdkdkdkdkkdkdkdkdkkdkdkdkdkldldlldkdkdkdldkdkkdkdkdkkdkdkdkdkdkkdkdkkdkdkdkdkdkkdkdkdkk
train,7968,chuỗi ký tự vô nghĩa (gibberish),Msnjjjmossosnhhshshshhjsjsjzhdydhhdhdhdhdhdhdhdjdjdndnndkdkfjfjfjcjfjfj
train,7997,chuỗi ký tự vô nghĩa (gibberish),cnsjkdjcjlckckckfkfkkekrkfkvjfjfkfkkfjcjdklskfjfnkflgkgbjkwnfnnfmfkfjfnnfmfmfmgkgcnsjkdjcjlckckckfkfkkekrkfkvjfjfkfkkfjcjdklskfjfnkflgkgbjkwnfnnfmfkfjfnnfmfmfmgkg
train,8036,chuỗi ký tự vô nghĩa (gibberish),ttttttttttttttttttttttttttttttttttttttttttttttttttttttttttttt
train,8078,chuỗi ký tự vô nghĩa (gibberish),lkkkkkkkkkhhussuahahshshshshehshshshsshhsshshhshshwhwhshsehsh
train,8082,chuỗi ký tự vô nghĩa (gibberish),Jjsjskdksbdkdnsldndkdkdkekelekdndkekdkjekekekekekdkdkđkmkjj
train,8122,quảng cáo / tin nhắn nhà mạng,"Uu dai KHUNG danh rieng cho ban. ViettelPay tang ban Voucher giam 18.000d khi thanh toan cac dich vu: Dien, Nuoc, Nap dien thoai hoac thanh toan cuoc tra sau Viettel, mua Data, Internet và Truyen hinh"
train,8156,chuỗi ký tự vô nghĩa (gibberish),Tốtttttttttttttttttttttttttttttttttttttttttttttttttttt
train,8209,chuỗi ký tự vô nghĩa (gibberish),Okayyyyyyyyyyyyyyyyyyyyyyyyyyyyyyyyyyyyyyyyyyyyyyyy
train,8218,chuỗi ký tự vô nghĩa (gibberish),Vchbcgb. Fjbcfuhfvkm fyvdvncgnbfdnjgbnjg kjhguj bgfgjjbbjnnhhunvggj
train,8235,chuỗi ký tự vô nghĩa (gibberish),"Công dụng: cjcnmzmdncnc
Kết cấu: cjcnvnm🍀
Jxncncdjcndnnanwv:vvdmmcmvmxnddjvn"
train,8307,chuỗi ký tự vô nghĩa (gibberish),Vcfghesnkysscjucfzhyrs5idktckgclhcirseayrzikfxkgxkfxfkxkfzfkxgkxkgxjfzjffjztitxitxtxiitz
train,8338,quảng cáo / tin nhắn nhà mạng,Chuc mung Quy Khach da dang ky thanh cong goi WAKAVNTUAN thuoc dich vu CARRIERBILLING cua VinaPhone. Quy Khach duoc mien cuoc ngay dau tien trai nghiem dich vu CARRIERBILLING. Sau khi het thoi han mie
train,8372,chuỗi ký tự vô nghĩa (gibberish),AiavavajoauGavajakqo9qư15tqgqvqmqlqpaisysv a samkaauatafvanakaiayaagaoan ávgxysua88aiabqvq nưkwosayahabkaa8a6aghakqpsxihanaos9
train,8373,quảng cáo / tin nhắn nhà mạng,"[CSKH] MobiFone trân trọng cám ơn Quý khách hàng đã luôn đồng hành và ủng hộ trong thời gian qua. Kính chúc Quý khách một năm mới hạnh phúc, may mắn, thành công."
train,8374,quảng cáo / tin nhắn nhà mạng,"[QC] Cùng SAO VIỆT thử tài với gameshow ""Vua Tiếng Việt"" vào 20h30 thứ 6 hàng tuần tại http://s.viettel.vn/vuatv. Soạn XN1 gửi 1331 để đăng ký xem thêm nhiều kênh truyền hình đặc sắc (Warner TV, Box H"
train,8407,chuỗi ký tự vô nghĩa (gibberish),Khchkcgjxjgxgxgjxhmxhmxmgxgkgkzgkxhckhcckxkgxhxkhckgcchckhxkhc
train,8493,chuỗi ký tự vô nghĩa (gibberish),Bdidbdb rfjfbbfbf fbrhfb fbf fbfhrbf fbfbr rbjfbrjr rhd rhrhr rjr rbr hr r rì r fjrbr fjrbf f fjrnjrjrrj
train,8500,chuỗi ký tự vô nghĩa (gibberish),Oaabsbskaiwahbsjsaiaudhhsoaoqiwjsjsososksksskwhhshdh
train,8562,chuỗi ký tự vô nghĩa (gibberish),djsjskdkkcixiejebdbdbdbehjddjdjdjwjieididididiisidjdj
train,8606,chuỗi ký tự vô nghĩa (gibberish),Gụvvbnmkmvghjnvbfcjn vc.  Bc nnjnmmkcbjkkm bmvvhn mmmn. Vbnn
train,8614,chuỗi ký tự vô nghĩa (gibberish),Wthkryk3tkt3kq5jqru3uetkeykeykfwhkeykeykeykdhkhdhdmhm
train,8637,chuỗi ký tự vô nghĩa (gibberish),Skksksnakwlmsbslsownbsosgmwbnwlapabbwlwp smsosnmsbsmdlos sons kslsnsiksnsosnw skksksk
train,8646,chuỗi ký tự vô nghĩa (gibberish),Vansjidiixgzuoskabhshhhfghhfdrhcsgkxsjvxubxsgjhcdhjb
train,8663,chuỗi ký tự vô nghĩa (gibberish),Gshsshhdh bsbshhhs gsgdgdjd hshshsh hdhdjjd
train,8698,quảng cáo / tin nhắn nhà mạng,"[TB] GỌI ĐIỆN, LÊN MẠNG GIÁ RẺ HƠN!
Gói V120C: Chỉ 120K/30 ngày có 60GB (2GB/ngày), MIỄN PHÍ 20p/cuộc gọi nội mạng (tối đa 1.000p), 50p ngoại mạng, miễn phí data truy cập TikTok.
Soạn V120C gửi 191 để"
train,8705,chuỗi ký tự vô nghĩa (gibberish),Hhdylzkgdlydlysludlufuldlydlybxgzkgzkgdlydypsylydhlxhclhdlydyldlydypsp éuldlhxlh
train,8722,chuỗi ký tự vô nghĩa (gibberish),"Công dụng: jsjjsjshjshsbbsbdbbdbdbbdbbdbdbbbd
Bdbdhshhsnnsbsbbs"
train,8747,chuỗi ký tự vô nghĩa (gibberish),Jejhsbajajanavsvbzzbhzjzjssjjajahababanajansnajajajansnsnsnsnsbzbs
train,8775,chuỗi ký tự vô nghĩa (gibberish),đơikqhdcflqjfspkqoqgdlqdhwljvdlqndcjsdjsljkgskvdldvskvs
train,8822,chuỗi ký tự vô nghĩa (gibberish),Quá tốt jdnbfbfkxndkzjzvdbsnsuzvz zbznjxnxbxvxvxvxvxvvxvzvzvxvzvzbzb
train,8877,chuỗi ký tự vô nghĩa (gibberish),Đẹp hgf hhsjsjs hdjjdjsjs hdjdjkdjd hdhjdjsks hdhdjjsjd veghdhs 
train,8889,chuỗi ký tự vô nghĩa (gibberish),Ncl okkkkkk nhé hihiiiiiiiiiiiiiiiiiiiiiiiiiiiiiiiiiiiiiiibdbdbbdbdbdbbndnxnnznz
train,8891,chuỗi ký tự vô nghĩa (gibberish),okeeeeeeeeeeeeeeeeeeeeeeeeeeeeeeeeeeeeeeeeeeeeeeee
train,8906,quảng cáo / tin nhắn nhà mạng,[TB] VIETTEL TẶNG 20% GIÁ TRỊ TẤT CẢ THẺ NẠP trong ngày 20/12. Tiền KM sử dụng nội mạng đến hết 04/01/2022. Giảm thêm 3% khi nạp thẻ tại https://viettel.vn/pay/tt . Chi tiết gọi 197 bấm phím 19 (
train,8963,quảng cáo / tin nhắn nhà mạng,"[TB] Quy khach co 2500 diem tieu dung Viettel++ tinh den het ngay 02/09/2021. Bam goi *098# hoac truy cap ung dung My Viettel tai https://myvt.page.link/vt10 de doi diem thanh luu luong data, phut goi"
train,8982,chuỗi ký tự vô nghĩa (gibberish),gòvicocogogocococofoffoiddoififofofofofofkckckcckkckcxkkxxjjxjxjxdujxjxxjkxkdoffloflclclckxkxkzkxkxlsxllxlxldclkxkxjxjxjx
train,9027,chuỗi ký tự vô nghĩa (gibberish),Bdhdhdhdbfbfbfbfhdhfhhfbfbfbfbfbfbfbfbfhfbhfhfhfhfhhfhfhhfhfhd
train,9053,chuỗi ký tự vô nghĩa (gibberish),Gffffxjjfjdjhdhdjdhhdhdhshshgsgeuxhcjrrbssuhshshhsuxjdshhshshsusuhshdusjxjxhdhxhxjjzjz
train,9108,quảng cáo / tin nhắn nhà mạng,https://vt.tiktok.com/ZSJ44whhidkdnsvqikdocksnsbvshajsbdjodpsksnwbsusknsbdbdndnmskwowowkdnndbxbxhdkdokwbwgoxkdnrjudbevebskiducyjwjwidhvdejsidywinwbwhhidkdnsvqikdocksnsbvshajsbdjodpsksnwbsusknsbdbdndnm
train,9154,chuỗi ký tự vô nghĩa (gibberish),Sbsndjejrndnrnrnrnenrnndndnndndnnnnbbbbbbbhhhhhjjjjjj
train,9188,chuỗi ký tự vô nghĩa (gibberish),rvrvtbtbtbtvrcevtbynynynybrccevrynnyynynny
train,9191,chuỗi ký tự vô nghĩa (gibberish),Jajajwnwkwiwiwbbwjkdowkwjwwndnxkdoqkqjwbbsbsnsjskknqjwiqisjdwjwksksjdjs
train,9226,chuỗi ký tự vô nghĩa (gibberish),Msnshwnnekxnakwnrkxkkanwfkxkanejfnckamenfkxknanwkxk
train,9230,chuỗi ký tự vô nghĩa (gibberish),..................................................
train,9418,chuỗi ký tự vô nghĩa (gibberish),Cinhhhhhhhhhhhhhhhgghhhhhhhhhh lắnmmmmmnmmmmmmmmmmmmmm
train,9461,quảng cáo / tin nhắn nhà mạng,(TB) GIÁNG SINH TỚI RỒI - NẠP THẺ NGAY THÔI! VinaPhone tặng riêng bạn ưu đãi 20% giá trị thẻ nạp (từ 20.000 đ) vào NGÀY MAI 21/12/2021 (giá trị khuyến mại được gọi/nhắn tin trong 15 ngày). Cơ hội nhận
train,9466,quảng cáo / tin nhắn nhà mạng,"[TB] LÊN MẠNG THẢ GA, KẾT NỐI THẬT ĐÃ!
Thỏa sức nhắn tin qua Zalo, Viber, lướt web và gọi điện với gói V50C: 50K/30 ngày có 3GB, MIỄN PHÍ gọi nội mạng (10p/cuộc, tối đa 1.000p)
Đăng ký, soạn V50C gửi "
train,9530,chuỗi ký tự vô nghĩa (gibberish),Hdjsjansnsjsusxaundjjdndndjdjdjdjuontienvzvzvzbhsahabbs
train,9554,chuỗi ký tự vô nghĩa (gibberish),Hdjsnssndbsjsnsndhdnsnzdhsjanansjdsjdbxbsjqkanxjsjxndjsjxbdhsnsnxxhdnznxhsjakaznxbxh
train,9557,chuỗi ký tự vô nghĩa (gibberish),Okkkkkkkkkkkkkkkkkkkkkkkkkkkkkkkkkkkkkkkkkkkkkkkkkkk
train,9568,chuỗi ký tự vô nghĩa (gibberish),Đghnbvhkhgnhfcnhfhxdsshbgfvbgmhbfjnbgmhdcdbucfbhcfjgcvhbhcggnfbfnhnfbfjumjhng
train,9618,chuỗi ký tự vô nghĩa (gibberish),Abbababbabbabnaanaamamaamamamammamamammamsmamamamsmsmsmsmsmmssnzns
train,9637,chuỗi ký tự vô nghĩa (gibberish),Mịn hagshhwbsbshsubwbshshshhsgshgwvwuwhsvwghwgssgsghu
train,9639,chuỗi ký tự vô nghĩa (gibberish),tốtnjjjbjjjjjjghuhgfuhhhijjgfyuhgguhhgghhhuhgghhhh
train,9643,chuỗi ký tự vô nghĩa (gibberish),Hâhhhahahahhahahhahahahahahhahahahahhahahahhahahahahahhahahahhah
train,9719,chuỗi ký tự vô nghĩa (gibberish),Zfuifeecbkogedhijrjrkjrjrbdbdbfbswkwojdbdbffbbbbbbb
train,9806,quảng cáo / tin nhắn nhà mạng,"[TB] Hãy cùng Bắc Giang vượt qua đại dịch Covid-19: Mua đặc sản Vải thiều Bắc Giang trực tuyến, được doanh nghiệp bưu chính chuyển đến tận nhà trong 6 đến 48 giờ sau khi thu hoạch, khắp mọi miền Tổ qu"
train,9830,chuỗi ký tự vô nghĩa (gibberish),………..1232123212321232123212321233212321232124321233
train,9840,chuỗi ký tự vô nghĩa (gibberish),Oydufufuxosgxfugigkfufkfivkcivkfivigkcickfivifkfucjfocicifkckvivjfkvivk
train,9891,chuỗi ký tự vô nghĩa (gibberish),Đẹppppppppppppppppppppppppppppppppppppppppppppppppp
train,9932,chuỗi ký tự vô nghĩa (gibberish),Jdjdjdjddjjdjddjjdjdjdjddjrjjrrjrjrjrjjrrjrjrjrjrjrkjr
train,9983,quảng cáo / tin nhắn nhà mạng,"(TB) Chi can lien ket ngan hang voi vi VNPT Pay, Ban nhan ngay toi 130.000d uu dai. Ap dung khi nap dien thoai VinaPhone qua vi VNPT Pay cho chinh SDT dang ky vi. DUY NHAT hom nay 16/11/2021 tai https"
train,10002,chuỗi ký tự vô nghĩa (gibberish),Bahaisnbslapwonsnzmakbshqlnsvdksns dbisjsns. xkzkxjbxbskxn xnxkxn xn
train,10006,chuỗi ký tự vô nghĩa (gibberish),Hăgfwuqiqiqvsjskskqv âhianqvqcqusnaavqkqvssisvshhs
train,10009,chuỗi ký tự vô nghĩa (gibberish),Rrrrrrrrrrrrrrrrrrrrrrrrrrrrrrrfffffgggggggggfggggggfggggg
train,10011,quảng cáo / tin nhắn nhà mạng,"[TB] Xem TRỰC TIẾP Việt Nam - Indonesia tại AFF Cup vào 19h30 ngày 15/12 trên TV360 kênh VTV6, miễn phí 100% lưu lượng DATA Viettel. Truy cập http://s.viettel.vn/tv360-app để cài đặt TV360 trên điện t"
train,10027,chuỗi ký tự vô nghĩa (gibberish),sieiebausuenejjjjseohdiejdbekwoshsheoeidhdbdj
train,10034,chuỗi ký tự vô nghĩa (gibberish),Qưertuipplkhfdsazxcvnmmnbczzassfjlqeeryioppljhgdazxcbn
train,10040,chuỗi ký tự vô nghĩa (gibberish),Bvbhhhjhhgghhjjjkkjjjjjjjjjjjjjjjjnnj Bvbhhhjhhgghhjjjkkjjjjjjjjjjjjjjjjnnj
train,10044,chuỗi ký tự vô nghĩa (gibberish),T dcvrvrvybunybybrcexfbhnybfvdcsxnjmjntvrcexvgnhnhnhhngbfvd tbgbhnh
train,10047,chuỗi ký tự vô nghĩa (gibberish),"Kbba gsntenstnetnstnhdnydmdyndhnhdndhnshnyensynsh
Hsgs"
train,10195,chuỗi ký tự vô nghĩa (gibberish),6888886827029168639tflugslhjulhshulaua
train,10202,chuỗi ký tự vô nghĩa (gibberish),Cuucucyxdyfufuufucucucucxyhfuyfyxyxfyjfjgjcjchcchch
train,10229,quảng cáo / tin nhắn nhà mạng,"[TB] Tang 20% gia tri tat ca the nap trong ngay 18/12, tien KM su dung noi mang khong gioi han thoi gian. Giam 3% khi nap the tai https://myvt.page.link/km . Nap the ngay va tham gia uu dai:
1.Soan ST"
train,10236,chuỗi ký tự vô nghĩa (gibberish),Jjdjdkkdlldlksjajwjjanajajskskkdjdjxnxnxkxkdkkxkxkdk
train,10320,chuỗi ký tự vô nghĩa (gibberish),H uninfexrunpkoniyvtfrxrcvtvybubijjoojhobvrccrtvybibijojojib
train,10396,quảng cáo / tin nhắn nhà mạng,"Viettel TB: Goi ST5K gia han khong thanh cong. Quy khach tiep tuc truy cap theo goi Mobile Internet dang su dung (neu co). De biet them thong tin ve cac goi Mobile Internet khac, vui long bam goi *098"
train,10397,chuỗi ký tự vô nghĩa (gibberish),Okkkkkkkkkkkkkkkkkkkkkkkkkkkkkkkkkkkkkkkkkkkkkkkkkkk
train,10451,chuỗi ký tự vô nghĩa (gibberish),Ggggdgsggsgsgsgggggggggggggggggssgvsgsgsgsggsgsgsgsgsggs
train,10513,chuỗi ký tự vô nghĩa (gibberish),Okiiiiiiiiiiiiiiiiiiiiiiiiiiiiiiiiiiiiiiiiiiiiiiiiii
train,10532,chuỗi ký tự vô nghĩa (gibberish),Yyyxyxxxxcccccccccccccvccccccccvcvvvcvcccccccvvcvccccvcvvvvvvvvggfvnjtfgbbbbbbbbbbbbbbbbbbbbbbbbbbbbbbbbbbbbbbbbbbbbbbbbbbbbvvffggggggggggfggxcccfffcbvcvhđfcxvbcyvhrrfxcccccccc ccvvgxdrdefgserfferuhcg
train,10544,chuỗi ký tự vô nghĩa (gibberish),Hêh d. Dcjjc rbcjcj f fjcjcbf r fjcjbf dnfjfjfjfjrhnee. R dbfhfjff. Ffjcjjfjfjf
train,10592,chuỗi ký tự vô nghĩa (gibberish),Gshdyehehgegegegeyegsgdgxgssgsgwysysgsgddy dfhfbfvfvvf
train,10666,chuỗi ký tự vô nghĩa (gibberish),Hzhzhhshdndndjjdndndnxjjdjdjdndjdiidjdjdjjdkdkdkkdkdmdndnndndndndnd
train,10684,chuỗi ký tự vô nghĩa (gibberish),aaaaaaaaaaaaaaaaaaaaaaaaaaaaaaaaaaaaaaaaaaaaaaaaaaaaaa
train,10689,chuỗi ký tự vô nghĩa (gibberish),Dfbegnegnegnve gnrg gr rgnrhmgenegnegnegnwtjtenwgngwnwgnwgngwngenegnegngengenegngwngenegnegngenegnwgnwgngnwgngwnwggwnwgnwgngwn
train,10733,chứa mã HTML / SQL / code,"Bộ 3 nam thần của &quot;Phố trong làng&quot; ngoài đời: Người từng là &quot;bạn trai&quot; Minh Hằng, người có vợ vừa nổi tiếng vừa xinh đẹp - Ảnh 14.
Tuy nhiên, Đức Hiếu lại là ""hoa đã có chủ"", và bà"
train,10751,chuỗi ký tự vô nghĩa (gibberish),vgggggggtttggggggggggggggggttttttttttttttttttygggggggttttttggggyyggggh
train,10770,chuỗi ký tự vô nghĩa (gibberish),100 điểm 🥰🥰🥰🥰🥰🥰🥰🥰🥰🥰🥰🥰🥰🥰🥰🥰🥰🥰🥰🥰🥰🥰🥰🥰🥰🥰🥰🥰🥰🥰🥰🥰🥰🥰🥰🥰🥰🥰🥰🥰🥰🥰🥰
train,10789,chuỗi ký tự vô nghĩa (gibberish),bsbsndkdkdndndndnxnxnxbxbxbxb bsbsndkdkdndndndnxnxnxbxbxbxb bsbsndkdkdndndndnxnxnxbxbxbxb bsbsndkdkdndndndnxnxnxbxbxbxb bsbsndkdkdndndndnxnxnxbxbxbxb bsbsndkdkdndndndnxnxnxbxbxbxb bsbsndkdkdndndndnxnx
train,10801,chuỗi ký tự vô nghĩa (gibberish),nzkznsnsnsmsm😣😑🤔😑😑😣😑🤔😐😥🤩😚🤩😚🤔😙🤩😚🤔😙🤩😙🤩😉😣😉😣😉🤩🤩😑😣😑😣😣😑😣😑😣😑😣😑😣😑
train,10820,chuỗi ký tự vô nghĩa (gibberish),Hâhhajjajaaiauahahhababhajajajawjhshsbsvssbbsbsbsbsvs ssbababsbs dbđbsnsbshshaguhwhhszhsjshwvwvaahahsjsjsjahwhwwhwgwbwjwjsyssyshauauajaaj
train,10857,chuỗi ký tự vô nghĩa (gibberish),Vhhhvctcgcctyctctxxtctyubibibonononk kj jbjvh hccgcgcg g h
train,10859,chuỗi ký tự vô nghĩa (gibberish),Jwjsjdkdlekejfjrnejejeiekfjejekjdkfjekekekdkekekekdkfbfbfbeieiekrjr
train,10910,chuỗi ký tự vô nghĩa (gibberish),Nsnsjsndjjdjdjdbfbfbdhdjdjdndjjsjsjjjjdjfnfjfjfjfjjj
train,10914,chuỗi ký tự vô nghĩa (gibberish),Djdjjdjdjdjdkdjjdjdjdjdnxnxkskskxjdjdjhfhcbdjsjajajsjh
train,10923,chuỗi ký tự vô nghĩa (gibberish),Hsjehehbeb2jejjevebenejdjbdyxyzbsbdhjwjwjwjjqsbbdbdnfndjjdbdbsnsnbsjdjsnsbbdjsjdbnsnnsnd
train,10953,chuỗi ký tự vô nghĩa (gibberish),Ihsjjjjjjjjjsjjsjsjsjsjsjsjjsjsjsjsjsjjsjsjsjshsjsjsh
train,10973,chuỗi ký tự vô nghĩa (gibberish),Okkkkkkkkkkkkkkkkkkkkkkkkkkkkkkkkkkkkkkkkkkkkkkkkkkk
train,10976,chuỗi ký tự vô nghĩa (gibberish),Dttdzcydydxgfuigfsfhgcfhbcfhgdxgfdgdtdgdgfđtfgdggdgxcxdfbfsjd
train,11001,quảng cáo / tin nhắn nhà mạng,"Hàng đẹp [TB] Hãy chung tay giúp đỡ nạn nhân nhiễm chất độc da cam bằng cách soạn tin: DA CAM gửi 1409, mỗi tin nhắn là Quý vị đã ủng hộ 20.000 đồng. Phí gửi tin: 300đ/lần. Chi tiết gọi 19001530 nhánh"
train,11038,chuỗi ký tự vô nghĩa (gibberish),zzzzzzzzzzzzzzzzzzzzzzzzzzzzzzzzxxxzxxxzzzzxxxxxxx
train,11047,chuỗi ký tự vô nghĩa (gibberish),Son đẹpppppppppppppppppppppppppppppppppppppppppppppp
train,11055,chuỗi ký tự vô nghĩa (gibberish),Rất đẹpppppppppppppppppppppppppppppppppppppppppppppppppppppppppppp
train,11126,chuỗi ký tự vô nghĩa (gibberish),Dhhswhabsbhsjsjhshhshsbsbsbbsbsbsbsvsbsbsbsbsbbssbbsbsbsb
train,11163,chuỗi ký tự vô nghĩa (gibberish),Ckeofngkdjsmskkvv
train,11181,chuỗi ký tự vô nghĩa (gibberish),여러분들 세일 한다고 틴트를 2개씩 막 이렇게 사시지 마시고ㅠㅠㅠ 립스틱 한 개 틴트 한개 사세용~ ❤️‍🔥 근데 색깔은 예쁨…❤️‍🔥❤️‍🔥
train,11194,chuỗi ký tự vô nghĩa (gibberish),Nâmmammamamamamamamamamamamamamamamakamamammamzmmsmsa
train,11202,quảng cáo / tin nhắn nhà mạng,[TB] CHÚC MỪNG NĂM MỚI 2022. VIETTEL TẶNG 20% GIÁ TRỊ TẤT CẢ THẺ NẠP trong ngày 01/01. Tiền KM sử dụng nội mạng đến hết 16/01/2022. Giảm thêm 3% khi nạp thẻ tại https://viettel.vn/pay/tt . Chi ti
train,11270,chuỗi ký tự vô nghĩa (gibberish),Son đẹp h và yin sthb sdjncdtk xgjbz chn shn xhjbz vgj xfhbxfj h
train,11306,quảng cáo / tin nhắn nhà mạng,@Ở Đây Có Code AM 🔥:Video hướng dẫn : https://youtube.com/shorts/I1GI5DiFGtQ?feature=share
train,11326,chuỗi ký tự vô nghĩa (gibberish),Ntwsnsbgnsgngsnegngednhmehnhehememgnegwyneymenynyeenyntwmyeyennyeenyetnetnnwwjt
train,11340,chuỗi ký tự vô nghĩa (gibberish),Vhh hb bb bhxzv knbxfv. Bb. B nmn vcccvg. Xd. Nbh. Cc.  Vg cvg vhhb
train,11349,chuỗi ký tự vô nghĩa (gibberish),Jshafaijsvxkdbfnkfkdcaajbzusbsisfsjdgdjdidjjdsgsgajfxiwhx
train,11373,chuỗi ký tự vô nghĩa (gibberish),h bhhhhhg bbhdsfpbvicccuicuccycucucucucucucucucucucucuvbh là
train,11441,chuỗi ký tự vô nghĩa (gibberish),nghgbghtjggngbvdvdbrbrbgrgrbrbrbtbynukutrvdrhthyjyjyjyjyjtntbfvrgegergrvdvdvrvfbtbttjyjyjjjybtbfrdrvrvrrbrvrbrbrrvrvrvrtbtvfbtbbty
train,11461,chuỗi ký tự vô nghĩa (gibberish),Janxsxbdkhxbdhbxxzkhbxsihbxdxhbahxbshxhiwsbxhiixbhidixdbihaxbihsaxi
train,11476,chuỗi ký tự vô nghĩa (gibberish),Yuchkbccfxffgghhhhhhhvxerddfyjkjvcxhnkhgddgytghuhh
train,11570,chuỗi ký tự vô nghĩa (gibberish),".
.
#フォロバ100 #フォロバ #いいねした人で気になった人フォロー #写真を撮るのが好きな人と繋がりたい #いいね返し #お洒落な人と繋がりたい #着回しコーデ #写真部 #今日の服 #本日のコーデ #ファッションコーデ #ポロシャツ #ジーンズ #ダメージデニム #メンズファ #ストリー"
train,11610,chuỗi ký tự vô nghĩa (gibberish),Uwuuuuuuuuuuuuuuuuuuuuuuuuuuuuuuuuuuuuuuuuuuuuuuuuu
train,11636,quảng cáo / tin nhắn nhà mạng,"NHỮNG ĐÔI DÉP BÔNG ĐI TRONG NHÀ SIÊU CUTE CHO NGƯỜI CHƠI HỆ CUTE MÙA ĐÔNG NÀY

Đông tới rồi dép bông thui mng oi >< Vừa ấm vừa cute nha >< Người chơi hệ cute pho mai que không nên bỏ qua nè >< Recomme"
train,11638,chuỗi ký tự vô nghĩa (gibberish),....................................................
train,11679,chuỗi ký tự vô nghĩa (gibberish),Ocdkyxoyxkyyccitcufxrudicigvlgcotxirditcotcfixilgcufxgxogcur
train,11690,chuỗi ký tự vô nghĩa (gibberish),Tttttttttttttttttttttttttttttttttttttttttttttttttt
train,11701,chuỗi ký tự vô nghĩa (gibberish),Okbdjsbdksjcnknxnskjwxnfjskcjc
train,11704,chuỗi ký tự vô nghĩa (gibberish),Đrfhjehathetjryotzorykstlshkxtktxkfajwjrykryldyjetkeylry
train,11706,chuỗi ký tự vô nghĩa (gibberish),Hàng okkkkkkkkkkkkkkkkkkkkkkkkkkkkkkkkkkkkkkkkkkkkk
train,11723,chuỗi ký tự vô nghĩa (gibberish),Quáaaaaaaaaaaaaa ưuuuuuuuuuunnnnnggggg luônnnnnnnnnnnnnnnnnnnnnnn
train,11765,chuỗi ký tự vô nghĩa (gibberish),Okkkkkkkkkkkkkkkkkkkkkkkkkkkkkkkkkkkkkkkkkkkkkkkkk
train,11799,chuỗi ký tự vô nghĩa (gibberish),Dhsjkshcdjsjzhbdnsksjxbdjsjxbxbsjsbxbsjsjsbxdhjsjdhdhdhdjdjdbdbd
train,11871,chuỗi ký tự vô nghĩa (gibberish),Jdjxnxndndbdndndndndbxbxbxbxbxbxbxbxbxbxnxnxndndndndndndndndnd
train,11890,quảng cáo / tin nhắn nhà mạng,"Bạn ơi, đăng ký App MBBank để có ngay 30.000VND và cơ hội kiếm thêm hàng chục triệu đồng khi giới thiệu bạn bè - Miễn phí chuyển khoản trọn đời và lựa chọn tài khoản Số đẹp miễn phí  theo link sau:  h"
train,11923,chuỗi ký tự vô nghĩa (gibberish),niceeeeeeeeeeeeeeeeeeeeeeeeeeeeeeeeeeeeeeeeeeeeeeee
train,11938,chuỗi ký tự vô nghĩa (gibberish),Bssnnssnshhshshshahajasjjsjsjsjsnsnsksjsjjhgghjjhh
train,11957,chuỗi ký tự vô nghĩa (gibberish),Shhshajahahahahahhahahahahahahahahaznnznznznznznznznzn
train,12020,quảng cáo / tin nhắn nhà mạng,"Viettel TB: Goi ST5K gia han khong thanh cong. Quy khach tiep tuc truy cap theo goi Mobile Internet dang su dung (neu co). De biet them thong tin ve cac goi Mobile Internet khac, vui long bam goi *098"
train,12023,quảng cáo / tin nhắn nhà mạng,"😍TIẾT KIỆM GIỮA NĂM - MUA SẮM NỬA GIÁ😍
🎉Lần đầu tiên tại Beauty Box với những ƯU ĐÃI CỰC HOT đang chờ đón bạn vào ngày 23.06 đến ngày 27.6 này.🎉

👉Click ngay: https://bit.ly/MidYearSale2306

Với các t"
train,12035,chuỗi ký tự vô nghĩa (gibberish),1234567890poiiuuyyttreeqqasddfgghhjklmnnbvvccxxxxcdg
train,12057,chuỗi ký tự vô nghĩa (gibberish),nánnsnsnssnsnsnsnsnsjsjsjjssjsjsjjssnsjsjsjsjsjsjsjsjjssjsj
train,12059,chuỗi ký tự vô nghĩa (gibberish),itgkchkchkchkchkchkxbkcbkckbckgxgixgikhchkclh lh hk khck
train,12076,chuỗi ký tự vô nghĩa (gibberish),Sksoksmsmdmsmnsjsjsn nsjsnehdjdnd. Ndjsnnshdnzbds. D dnsjsmd d d nndjnnn
train,12095,chuỗi ký tự vô nghĩa (gibberish),đỉnhhhhhhhhhhhhhhhhhhhhhhhhhhhhhhhhhhhhhhhhhhhhhhh
train,12208,chuỗi ký tự vô nghĩa (gibberish),Qưerrtyuipplkkbgđsazzccbmmmnbxzzzấdfghjjkllppỉuẻwq
train,12272,chuỗi ký tự vô nghĩa (gibberish),Vffffffffffcccvcccccccccccccvvvczxtcrcccrcrxcvvggvvvv
train,12309,chuỗi ký tự vô nghĩa (gibberish),Ghdhdhhsjsjsjsjsjsjsjsjsjajjajajajajajajajajajajaajjajajajajaajjaj
train,12341,chuỗi ký tự vô nghĩa (gibberish),Đpej lắmmmmmmmmmmmmmmmmmmmmmmm Đpej lắmmmmmmmmmmmmmmmmmmmmmmm
train,12368,quảng cáo / tin nhắn nhà mạng,"Có chị nào sang Hàn xong bị rụng tóc mà dùng combo này tóc đỡ rụng chưa ạ?

Link mua dầu gội: https://coupa.ng/cbn229
Link mua 1lọ 500ml+ 1lọ 100ml: https://coupa.ng/cbn21w

Em thấy người hàn review n"
train,12418,chuỗi ký tự vô nghĩa (gibberish),Vvhjhhnnnnmmnnnnmmmnbvcxzswwrttyujkkjkkoobvvvvvvfdfghhjkkknvcxsssrtyikkn vokokokokokokokokvvbnncxđfghbbnncxswtuknbvvilplvccxzaazcvvbnmmmbv ggbnnnkhfđssssgbbnnmmmmgxccvgghbnnôgf
train,12464,chuỗi ký tự vô nghĩa (gibberish),Bdjdjsnw jejebwa ihewhwkbfbrjebssj jejejbabe jdjejejiehehrbfndjdjdbd
train,12521,chuỗi ký tự vô nghĩa (gibberish),Bcđloogsatuhnkkhgddffffghhhuiijnnnnhhffjkkkkjjhffcgyu
train,12553,chuỗi ký tự vô nghĩa (gibberish),Jjdjdiciicicucufurjjjrjjjjjdjxjxikxkdkdkdkxkghhzhz
train,12562,chuỗi ký tự vô nghĩa (gibberish),Xuckcjcvkgocfhlxkgz vgssgksmgwgmsodydifkskhziffjffh
train,12581,chuỗi ký tự vô nghĩa (gibberish),Oqjsksabsoaonwjzpsnanskajansnsnnssofydyihckgigd6fugviigguf76rt
train,12591,quảng cáo / tin nhắn nhà mạng,[TB] Cổ vũ VIỆT NAM chiến thắng Trung Quốc tại vòng loại World Cup vào 0h00 ngày 08/10 trên TV360 - miễn phí 100% lưu lượng DATA Viettel. Truy cập http://s.viettel.vn/tv360vn để cài đặt TV360 trên điệ
train,12597,chuỗi ký tự vô nghĩa (gibberish),Bbfbdhndbdhfbbdjdjjdjdbdbdbjhbvvvfnfbnfbfbfbfbbfbfbbfbfbfbbfbbf
train,12658,chuỗi ký tự vô nghĩa (gibberish),...........fmckcnnncnđnndndnfnffffhdhdbdbdbjdjdndndndj
train,12660,chuỗi ký tự vô nghĩa (gibberish),HIV gục V BBC chbbvhbbhgđsfbjnbbbbbbbbbcxxvbbbgbcdvbbgvbbgbbvvNG vhhbfhndfbnjj
train,12681,chuỗi ký tự vô nghĩa (gibberish),Hddkowoeufbncmdkdkdkdkskskdjdjndnsnsjnsnsnxbcnxnxmdm
train,12739,chuỗi ký tự vô nghĩa (gibberish),Vvvvubiknsrhvkomfseubnbgxfb nllnkbxsghnnkm jbj njbbnnbbn
train,12752,chuỗi ký tự vô nghĩa (gibberish),Cctdjsjdbeidbdudjdhdjffrjyghgfggjdbdudbdbdunksoalwpjdjdje
train,12753,chuỗi ký tự vô nghĩa (gibberish),Ibcisnxkznxijsxijxijscinscinsxjsxiwnisnxsinedjsixnisnd
train,12758,chuỗi ký tự vô nghĩa (gibberish),Hxjdks học gcbdkdcfhhfisjwhuwb sẽ wopqosytxvebfhcuskqknvbg tchrn GV knfkvnfkc
train,12785,chuỗi ký tự vô nghĩa (gibberish),Gooddddddddddddddddddddddddddddểddddddddddddddddddd
train,12828,chuỗi ký tự vô nghĩa (gibberish),Sshbejsbsnsnsmsmsmsmekkejebebejsnsnekekssmkwmamans
train,12860,chuỗi ký tự vô nghĩa (gibberish),随着技术的发展，人们的生活水平得到了改善，电脑也成了家家户户必备的电子产品，网络游戏也悄悄地走进人们的视野，有许多青少年也因此沉迷于网络游戏之中。那么，沉迷网络游戏的原因是什么呢？
train,12869,chuỗi ký tự vô nghĩa (gibberish),Hhhgjjdjjdjdjkdkejwjjsndjrjrjhrhrhbrbrbrbbfbfvrgrggfhrhruuriririirii
train,12916,chuỗi ký tự vô nghĩa (gibberish),Hjbhdlapqjebdnkaoqjbdnspqjenndnsmakqkejdhjskalapqoekdjdjdndbdhskalqojdjdbskq
train,12956,chuỗi ký tự vô nghĩa (gibberish),Ghhhgdfhdfhshdugjsyrdhfkhjgudnfhdjzbdnfjgjfufifjfjfufuguvigifdyf
train,12959,chuỗi ký tự vô nghĩa (gibberish),Tốtnbbdnndnndnjndbdjjdndkeke e d bdjdkenejonrjdjjrfkn
val,15,chuỗi ký tự vô nghĩa (gibberish),Tốt. Lâu trôi.tttttttttttt ttttttttttttttttttttttt ttttt
val,46,chuỗi ký tự vô nghĩa (gibberish),hẹndjs djsnsjsnjs dnsn s dnsjjsnsjsnsjnsnd uiwhwiwieieubdndnd 
val,57,chuỗi ký tự vô nghĩa (gibberish),Dldjejskksnsksksnsmsksndndkdkdkdmskkskskdkdkdkdkdksks
val,67,chuỗi ký tự vô nghĩa (gibberish),Bsbsjdbjđhdjdbdbbdhdhdbdhfjsbsmshakbtzgksbxĩnúkjdjsjssss
val,82,quảng cáo / tin nhắn nhà mạng,"Nốt hôm nay! TRÚNG ĐT Samsung Galaxy S20 (trị giá: 17.490.000đ), cơ hội cho TB may mắn soạn Q5 gửi 999. NHẬN NGAY 700MB/ngày cùng Okara data. Cước chỉ 5.000đ/ngày. Từ chối tư vấn CSKH của MobiFone, so"
val,106,quảng cáo / tin nhắn nhà mạng,"[QC] Tài khoản của Bạn sắp hết TIỀN, HẾT DATA? ĐỪNG LO! MobiFone tặng BẠN 10.000đ vào TKC khi soạn DGN1 gửi 9145 (Miễn phí hôm nay). Tặng thêm cơ hội nhận 5 TRIỆU ĐỒNG khi tham gia đấu giá ngược mWin."
val,111,chuỗi ký tự vô nghĩa (gibberish),Kg igcigcicgicgicigcigcgcigcgicigcigcigcgicgicigcigc
val,114,chuỗi ký tự vô nghĩa (gibberish),Okkkkkkkkkkkkkkkkkkkkkkkkkkkkkkkkkkkkkkkkkkkkkkkkkkkkkkkkkkkkkkkkkkkkkkkkkkkkkkkkkkkkkkkkkkkkkkkkkkkkkkkkkkkkkkksjjsjsjsjdjjdhdjwjwjsjsjsjjw
val,193,quảng cáo / tin nhắn nhà mạng,hahaha@Xuann Maii💞:Link:http://download2388.mediafire.com/n61iikvb3trg/guenu812rlsg9pl/app+cloneer+apkpure.apkjwjscifjcanfg yêu nhau lâu tình ta candg đạm sâu
val,232,chuỗi ký tự vô nghĩa (gibberish),Shdnjdnd
val,235,quảng cáo / tin nhắn nhà mạng,"Công dụng: sOn
Kết cấu: Đặc
Độ bền màu: tốt
(TB) THOAI MAI HAN HUYEN DEM NOEL voi QUA TANG 34% (toi da 130.000d) khi nap dien thoai VinaPhone trong hom nay 24/12/2021 qua VNPT Pay. Truy cap https://vn"
val,256,chuỗi ký tự vô nghĩa (gibberish),Ưhahshsjshhssjsvshsbvshssbsvjsbsbshsjsbshsjsbsjshshg
val,309,chuỗi ký tự vô nghĩa (gibberish),Okkkkkkkkkkkkkkkkkkkkkkkkkkkkkkkkkkkkkkkkkkkkkkkkkkkkkkkkkkkkkkkkkkkkkkkkkkkkkkkkkkkkkkkkkk
val,357,chuỗi ký tự vô nghĩa (gibberish),Qwertasdfzcxvghyuolpvmbgjlopnmoeuwvxmowtrbkeisgbebceo
val,370,chuỗi ký tự vô nghĩa (gibberish),Ýhsjshdbdnkehdhdhdjbsbsbzbzvxnznznzmsmznnznxbxbxbs
val,436,chuỗi ký tự vô nghĩa (gibberish),Gggdutugjfotsfgjgjcgsfjvjcsyfihkhjchcjvkvsurigndgayegjfj
val,501,chuỗi ký tự vô nghĩa (gibberish),Dvdvvsg sgnsgnagbwgbafbwynafbwgbwsgnsgnwgbafbwgnawgnwt
val,581,chuỗi ký tự vô nghĩa (gibberish),Oh Sehunnnnnnnnnnnnnnnnnnnnnnnnnnnnnnnnnnnnnnnnnnnn
val,610,chuỗi ký tự vô nghĩa (gibberish),jahajabaga ậknahanakqkanajqnnaakqjqhwhwnqhabqhnajqjqjwbwhw
val,620,chuỗi ký tự vô nghĩa (gibberish),Qưertyuioplljyyrswqsxcvbnmmmbvcxzsadfghjklppouteewsfgjkkkjgfddertthik
val,724,chuỗi ký tự vô nghĩa (gibberish),Okeeeeeeeeeeeeeeeeeeeeeeeeeeeeeeeeeeeeeeeeeeeeeeeee
val,764,chuỗi ký tự vô nghĩa (gibberish),Xvvvcvvggfggggggghggghhhhhhggbbbbhgggggghgghhgyjhhajzndnndnxnc.xnxnxnxnxnnx
val,788,chuỗi ký tự vô nghĩa (gibberish),bâjsjsjsjsjsjsbsnsbnsnsnssnnsnsnsnsnssnsnsnsnsnsnsnsnsns
val,792,chuỗi ký tự vô nghĩa (gibberish),...................................................
val,860,chuỗi ký tự vô nghĩa (gibberish),"Hsbshsbsnsjsbshjsnssbhsbsbshshshs
Snshsjjsnsnzjxnsnss"
val,881,chuỗi ký tự vô nghĩa (gibberish),Qodocjcnanjaj! Nfndjxjj nznzjxjnncnxnsnnzncnxjjzjxnxjjxjxjxjzjz
val,888,quảng cáo / tin nhắn nhà mạng,(QC) Thue bao cua Quy khach duoc dang ky goi cuoc C90N cuc ky uu dai: 4GB data/ngay; 1000 phut goi noi mang; 50 phut goi ngoai mang; chi voi 90.000d/30 ngay. KM chi danh cho TB dang ky truoc ngay 15/1
val,902,quảng cáo / tin nhắn nhà mạng,"DUY NHAT HOM NAY 30/10, ViettelPay tang Ban Voucher 35.000d nap dien thoai Viettel MIEN PHI. Mo app hom nay, mot CHAM nap ngay keo het han. Truy cap https://viettelpay.onelink.me/2dRm/vct6 hoac vao ap"
val,947,quảng cáo / tin nhắn nhà mạng,"[TB] Chung tay day lui Covid, Viettel TANG DEN 30% gia tri the nap trong ngay 11/06/2021: tang 20% de goi/nhan tin noi mang, khong gioi han thoi gian su dung va GIAM THEM 10% khi nap qua http://vt.vie"
val,949,chuỗi ký tự vô nghĩa (gibberish),Ghgguggujgguhgujggijgffggggggggggggggggggghhhhyyyyyy
val,1022,chuỗi ký tự vô nghĩa (gibberish),Cuncncncnnccncncnncncncncnjcnncnncnncjcjfjcjcjcjcjcjc
val,1136,chuỗi ký tự vô nghĩa (gibberish),Bnnnhiuvxobkbuctxxfzdfufufuccygjgfuggigydxhccyduvbojigyfv
val,1137,chuỗi ký tự vô nghĩa (gibberish),gjsjsjtsjtagjsjgdkhxxhkxhkhkdkydiydyjgjskgdkydkdigsg
val,1139,quảng cáo / tin nhắn nhà mạng,"Quy khach da dung het luu luong Data toc do cao. De tiep tuc su dung DV va lua chon goi Mobile Internet phu hop danh rieng cho TB cua Quy khach, vui long bam goi *098#. LH 198 (mien phi). Tran trong."
val,1179,chuỗi ký tự vô nghĩa (gibberish),Ndjdjdjdjdnndndndjjcjdncjcjxjdhdhdhhdhdhehdhdbdbenndnd
val,1198,quảng cáo / tin nhắn nhà mạng,"[TB] TANG 50% gia tri tat ca the nap trong ngay 18/12/2021, tien KM su dung goi va nhan tin noi mang trong 15 ngay.
CT ap dung cho TB nhan duoc tin nhan. LH 198 (0d).
Chuc Quy khach suc khoe, an toan."
val,1252,chuỗi ký tự vô nghĩa (gibberish),Jdkdkxkskssksnsnbdskkskxkdkwsnnfzkxkckndnfnfgkskdkcnf
val,1256,chuỗi ký tự vô nghĩa (gibberish),KkkkkkkkkkkkkkkkkkkkkkkkkkkkkkkkkkkkkkkkkkKkkkkkkk
val,1266,chuỗi ký tự vô nghĩa (gibberish),Tốtttt 0273496839999 0273496839999 0273496839999 0273496839999 0273496839999 0273496839999 0273496839999 0273496839999 0273496839999 mb bank
val,1298,chuỗi ký tự vô nghĩa (gibberish),Kwkka0kdndkwonskspskwkwoanaSONMAUDEPLNAHjwnondiwosns
val,1326,chuỗi ký tự vô nghĩa (gibberish),Thơm mịnnnnnnnnnnnnnnnnnnnnnnnnnnnnnnnnnnnnnnnnnnnnn
val,1340,quảng cáo / tin nhắn nhà mạng,"Test thị lực buổi trưa nào 😆
Gợi ý nè, xem là hiểu liền https://shp.ee/zn6g4gm"
val,1349,chuỗi ký tự vô nghĩa (gibberish),AnnanajajakaksbbzizopqjshsusisljsjzjsjsjBbzowkwwfg
val,1363,chuỗi ký tự vô nghĩa (gibberish),Kgskyskxkdlyzlysktaktsktzmgx.gxmyaksykyslyslysmysyskgslys
val,1378,chuỗi ký tự vô nghĩa (gibberish),Son đẹpppppppppppppppppppppppppppppppppppppppppppppp
val,1397,chuỗi ký tự vô nghĩa (gibberish),Xinhhhhhhhhhhh hhhhhhhh hhhhhhhh hhhhhhhh hhhhhhhh hhhhhhhh
val,1442,quảng cáo / tin nhắn nhà mạng,"[TB] Ưu đãi HOT! Tặng 50% điểm Viettel++ với thẻ nạp/thanh toán dịch vụ viễn thông lần đầu tiên trong 2 ngày 25/12/2021 và 01/01/2022 (tối đa 500.000 điểm/ngày). Sau khi nạp thẻ/thanh toán, Quý khách "
val,1489,chuỗi ký tự vô nghĩa (gibberish),Ksisushhshsusjhshshshshususushhshsxinhhhhhhhhhhhhhh
val,1535,chuỗi ký tự vô nghĩa (gibberish),Jsjshs jsjsns jsjsbd jsjshdb jsjdhd jsjsnsbs hshsbdbd jshdbdbd hdbdbđbd hnssbs
val,1580,chuỗi ký tự vô nghĩa (gibberish),Hkjhbjjhjjjjjjjjjjjjjjjjjjjjjjjjjjjjjjjjjjjjjjjjjj
test,17,chuỗi ký tự vô nghĩa (gibberish),C cccvvggffffgggggfffffcccccccvvvvvvhhhhbbbbbbggghjjjjj bbbbbbbbb nó bbbbbbbbb bnnnnnnnnn nó hhhhhhhhjnnn nó bbbnnnnnn
test,29,chuỗi ký tự vô nghĩa (gibberish),Hdhjeheheehehejejebegejejegdjdbegeuehehehehehehhhh
test,83,quảng cáo / tin nhắn nhà mạng,[TB] CHÚC MỪNG NĂM MỚI 2022. VIETTEL TẶNG 20% GIÁ TRỊ TẤT CẢ THẺ NẠP trong ngày 01/01. Tiền KM sử dụng nội mạng đến hết 16/01/2022. Giảm thêm 3% khi nạp thẻ tại https://viettel.vn/pay/tt . Chi ti
test,109,chuỗi ký tự vô nghĩa (gibberish),Đẹppppoopooooooooooooooooooooooooooooooppppppppppp
test,116,chuỗi ký tự vô nghĩa (gibberish),Ịhghjjjjjkjhhjjjjhuhhjjhhhhhhjjjhbhvvvbhjnjjhbnjhhhb
test,165,chuỗi ký tự vô nghĩa (gibberish),Hzjzjsjsskfkgkvkvcjcjcjvkvlblvkvkvkvmvkblbmvmvmvmfuff
test,171,chuỗi ký tự vô nghĩa (gibberish),Jwjwjsndbkaksjsnhdhejansbhxjsjanabznsbxhxbcbfjekakjsnd
test,224,chuỗi ký tự vô nghĩa (gibberish),Kdkdkdkdndndmmdmdkdmdmdmkdkdkkdjdndnkdkdkdkkdmdmdndnjd
test,231,chuỗi ký tự vô nghĩa (gibberish),Ksksjskwiaisiskskskskksjzzjjsisisisisisisisisisisissi
test,232,chuỗi ký tự vô nghĩa (gibberish),Okokokokokokkokkkkkkkkkkkkkkkmmmmmmkkmmmkkkmmmkmkkkk
test,245,chuỗi ký tự vô nghĩa (gibberish),Hhiannabwiwiwnwbbebgggtgyyyyuuuiuiiijhhhhyhjjiiijb
test,258,chuỗi ký tự vô nghĩa (gibberish),Bc hcbg bghv h dn djd kd dkd dndb djd djd d kwhe dnd dndbd djd jd dje d
test,265,chuỗi ký tự vô nghĩa (gibberish),jajskosowowjwnnwnwnnwjwjsusususnns
test,354,chuỗi ký tự vô nghĩa (gibberish),Iiwhhdiwhdiwdjwiwiieufndbsnwjwoieururnvncnnsksksdekr
test,365,chuỗi ký tự vô nghĩa (gibberish),Rất xinhhhhhhhhhhhhhhhhhhhhhhhhhhhhhhhhhhhhhhhhhhhhhhhh
test,369,chuỗi ký tự vô nghĩa (gibberish),Hinjdji2jxjwk n jjdj jxjj jdjxjdjxjdjxjdjjxjdjdjxjxj j jxjjx
test,437,chuỗi ký tự vô nghĩa (gibberish),Snnsnsnsnnsnsnansnsmsmsmnansnanansnannanananansnnsnsnsnsn
test,454,chuỗi ký tự vô nghĩa (gibberish),Bặbhahwbhwhwhwjwbbahwbjwbwhwhwbwhwjwjwjwbbwbsbwhwhshsjwjs
test,457,chuỗi ký tự vô nghĩa (gibberish),Hhhshsjgfjahcfghjabavgjksbbkkjsbsbjkkkhhshhsjjkkkjah
test,476,chuỗi ký tự vô nghĩa (gibberish),Đỉnhkkkkkkkkkkkkkkkkkkkkkkkkkkkkkkkkkkkkkkkkkkkkkkkk
test,483,chuỗi ký tự vô nghĩa (gibberish),Uuhuhhuuuuuuuuuuuuuuu
test,523,chuỗi ký tự vô nghĩa (gibberish),Inbgjfxmfdfykfhfjfgd.xxmxgbgmgnggmnggnmdgmmgmgmfgtmhdhjfmdgd
test,545,quảng cáo / tin nhắn nhà mạng,"Từ hôm nay 15/12/2021. Tất cả các sim viettel đang dùng gói v200c, v120c, v120 
📌Đăng kí 6 tháng tặng thêm 2 tháng
📌Đăng kí 12 tháng tặng thêm 4 tháng sử dụng.
📌Ngoài ra giá gói còn được giảm nữa ạ"
test,562,quảng cáo / tin nhắn nhà mạng,"Màu khá ổn, [TB] CHUNG TAY CHONG DICH VA CHIA SE KHO KHAN voi Khach hang bi anh huong boi Covid-19, Viettel kinh tang Quy khach them 50% luu luong data cua goi MI2K. Soan KTTK gui 191 de kiem tra luu "
test,567,chuỗi ký tự vô nghĩa (gibberish),Gdhdudhbdhdudhdbxjdjjxbxjzjzjsnznsnsnsnsnsnsnsnsnsndndnsndbdbenenend d dndndndbdndbdbddjjdndndnd
test,572,chuỗi ký tự vô nghĩa (gibberish),Rất ưng jjgjsjeyebzhehsbwnskehsbemdhevsnruevvdkdhv bdmehebdmehebduabwkdnen
test,613,quảng cáo / tin nhắn nhà mạng,"Công dụng: màu lên chuẩn, khá thơm ko quá hắc
Kết cấu: hơi bột
Độ bền màu: ko bền lắm khi uống nước vẫn lem ra
[TB] CHUNG TAY CHỐNG DỊCH, DUY TRÌ KẾT NỐI
Soạn ST5K gửi 191: Chỉ 5.000đ/lần có ngay "
test,615,chuỗi ký tự vô nghĩa (gibberish),đẹpppppppppppppppppppppppppppppppppppppppppppppppppppppppppp
test,622,chuỗi ký tự vô nghĩa (gibberish),Vsjskdhdbf dndjdndnkssks. D dndndmksksnx cc chcndndfdhdhndjd
test,625,chuỗi ký tự vô nghĩa (gibberish),Chất lưownggjcvjjjjhgfjanaakjjbkakqweuughjjbsbsaassdcffgghhhh
test,628,chuỗi ký tự vô nghĩa (gibberish),JcjzgzyskvlbjxgstsiflvjxhYajdlfjzgakckxhzysohkxfTskcjzuflcjxlgkxhx
test,645,chuỗi ký tự vô nghĩa (gibberish),Ugxgidgixhocoh jovojchodyodhochocohxoyxhoxohxhoxohxohxou
test,690,chuỗi ký tự vô nghĩa (gibberish),tuyệtttttttttttttttttttttttttttttttttttttttttttttt
test,736,chuỗi ký tự vô nghĩa (gibberish),Nghgj ksks hhsj vdjd. Dhjdbd fbdhd. Dbdjsn fnjcbbs s bsjsjs dbjf fbncbc kdjsbf snks gnn. Djfnjs. Djdn nf nsndjoe lala dmne q nưodo. Ngjgk ekajd. Ghcnoant ktnntj eoihcn djjbcmldn. Dkcj fjfj jdod kekngh
test,738,chuỗi ký tự vô nghĩa (gibberish),Hibhizedbhiexbxhibxehixdehibedhuxvyuedbygxdeygedxvugxdebibhedzih
test,757,chuỗi ký tự vô nghĩa (gibberish),SjjsjjsjsjsjisisisiushsgzghUsksooeldbdhsusknrvvejejhshsjsisksjskszbzbjzkzkskbzbzhuzkzkkzkzkzkzkkzkzkzkzkzkzkzkkzksiuHBHhahaukaksjsnnsnsjzjzhhzhzbsbhzhzh
test,779,chuỗi ký tự vô nghĩa (gibberish),Mmmmmmmmmmmmmmmmmmmmmmmmmmmmmmmmmmmmmmmmmmmmmmmmmmmmmmmmmmmmmmm
test,877,chuỗi ký tự vô nghĩa (gibberish),Grnwooschvufiaoaxjfnyntwkowosjchcuffbwiishxhcydusxjcjfjd
test,964,chuỗi ký tự vô nghĩa (gibberish),..................................................
test,980,chuỗi ký tự vô nghĩa (gibberish),nHâjahhajajajajjanajjajajjajajajajjajajajajjasjjsjsja
test,991,chuỗi ký tự vô nghĩa (gibberish),Jrjdjdnjddkdkdjjddbdbdbdhxididjdbcbciicixjdndjdjdjdjjdkxxjnxnxnxjxodkkdixkdkdbdbdidi
test,994,chuỗi ký tự vô nghĩa (gibberish),"............................,......................."
test,1043,chuỗi ký tự vô nghĩa (gibberish),Hdhdjdjsjjsjsjjsjdjfjfjfjfjfjfđjdjsjsjaiaoôekfjjfjfjsjjjjjj
test,1046,chuỗi ký tự vô nghĩa (gibberish),Hx6cigif7duifofofihxuciccucif7sudixix7xuc8xũucucct
test,1075,chuỗi ký tự vô nghĩa (gibberish),Đẹppppppppppppppppppppppppppppppppppppppp😞😞😞😞😞😞😞😞😞
test,1085,chuỗi ký tự vô nghĩa (gibberish),"Gêugevdudvdudbvsiwbwjishsbwjsbsussvisshbsushsvsudbdushwbwuwbsjshsbusshbsubssjsub
Nên mua jehsjsbjshsbejebdhdhdvsbuebebduddhdbdvhdhddh"
test,1091,chuỗi ký tự vô nghĩa (gibberish),Dkdmndmdmxmckl lclcmmslcm jsjskkskxkxkxkxkckkcm m m
test,1124,chuỗi ký tự vô nghĩa (gibberish),Vfdyvbnkvcvxdyvnojvxzswrcnlpigcxzer568vbn98yvcdrtcvbkoucxs4fcbiu
test,1134,chuỗi ký tự vô nghĩa (gibberish),handjskka cndksmsmfnksksnvbjdksndbsjsksmdndbksdmskj
test,1152,chuỗi ký tự vô nghĩa (gibberish),Uvdtvrvrbvthhhttghthttgtthgrthgtrghtrgrgthgrtgthtggtth
test,1163,chuỗi ký tự vô nghĩa (gibberish),Hshdhdbdbdndbdhjdvdhdhdbdhdhdhwfjwvxjwfbebsncnecjsc
test,1201,chuỗi ký tự vô nghĩa (gibberish),Đfghjkkhf được gghjvfđf rất ổn fgjvfdfujgdryugdhhjgdhhh
test,1215,chuỗi ký tự vô nghĩa (gibberish),Hsvsvshsjdhevdbkdkdhrvrhriridfvdbndhckcjditkyxkg gkxkyxiyckyxits5idpufoyciydi
test,1328,chuỗi ký tự vô nghĩa (gibberish),"…………………………………….,,,,,,,,,,,,,,,,,,,,,,,,,,,,,,,,,,,,"
test,1335,chuỗi ký tự vô nghĩa (gibberish),Zbuenwwhiwbdueownwhdiwnehiwnsnshsjsbsbsiskwbaawssbj
test,1342,chuỗi ký tự vô nghĩa (gibberish),Vh gvgvyvbug6gdyfxtcyg6vygugugugyvyvuvuvugugyvycycyfyj
test,1374,chuỗi ký tự vô nghĩa (gibberish),Tcb vcchbcddryyuhvggggvcccjvvvjjvcjcjcchcchchcchcchcchxcjcuc
test,1400,quảng cáo / tin nhắn nhà mạng,Nhưng e ko dùng scripts được kohttps://www.lazada.vn/products/mien-phi-van-chuyendep-mua-thu-dong-cho-nguoi-lon-giay-mang-trong-nha-am-ap-giay-vai-bong-nhung-long-bui-banh-mi-dep-di-trong-nha-giay-pho
test,1406,quảng cáo / tin nhắn nhà mạng,"Viettel TB: Uu dai goi ST30K_KM4G da ket thuc, Quy khach tiep tuc truy cap theo goi Mobile Internet dang su dung (neu co). De biet thong tin cac goi Mobile Internet khac, bam goi *098#. LH 198 (0d). T"
test,1421,chuỗi ký tự vô nghĩa (gibberish),Kgxgkxiglhchckv kxhlxogkgkglh lhchclckhcogcohcohclhcho
test,1437,chuỗi ký tự vô nghĩa (gibberish),Ntatskjtstjstjdkydykdgmxgmxmydykdktjewtwtwrjruqqurqueauerajrjafsjfzjnzffncxvxmxgmgkxtdktistiwsriurwuarrua
test,1441,chuỗi ký tự vô nghĩa (gibberish),gggggggggggfdddddsssssssssssgfdsssssssssssssssssss
test,1453,chuỗi ký tự vô nghĩa (gibberish),"Công dụng: dJjsjs
Mmmmmmmmmmamamamammamamamaammamamamammamamamabananamamakkakaka"
test,1458,quảng cáo / tin nhắn nhà mạng,"Viettel TB: Uu dai goi ST30K_KM4G da ket thuc, Quy khach tiep tuc truy cap theo goi Mobile Internet dang su dung (neu co). De biet thong tin cac goi Mobile Internet khac, bam goi *098#. LH 198 (0d). T"
test,1474,chuỗi ký tự vô nghĩa (gibberish),Đẹp jahshsj hdhshsi jsjshsj hshshsh hshshhs hshshsh hshshsh ndhshsh bsbs hsh sdhhd hdh
test,1512,quảng cáo / tin nhắn nhà mạng,[TB] Quy khach dung quen doi diem Viettel++ de nhan luu luong data mien phi su dung trong ngay hoac 30 ngay. Bam goi *098# hoac truy cap ung dung My Viettel tai https://myvt.page.link/vt10 de doi diem
test,1561,chuỗi ký tự vô nghĩa (gibberish),Ghhhhjhjhjjjuiijjjjjjjjjhhhhhhhhhhbbbbbbbbbbgvvvvvvvvvvbbvvvvvvvvvvvvvvvv bbbbbbbbbbbbbbbbvvvvvvvvvvvvvvvvvvvvvvv vbbbb
test,1614,chuỗi ký tự vô nghĩa (gibberish),Kdkdkskskskskskkskskskskekskkskskksncfnnfndjdkdkdkddddkdmdkdkddjjdjd
val,24,rò rỉ dữ liệu (review đã có trong train),"Sản phẩm rất xinh đẹp tuyệt vời, tôi không thể trông đợi gì hơn. Cảm ơn nhà cung cấp, nhà sản xuất, cảm ơn người bán hàng, cảm ơn sàn thương mại điện tử, cảm ơn người vận chuyển để tôi có cơ hội dùng "
val,30,rò rỉ dữ liệu (review đã có trong train),"chất lượng sản phẩm tuyệt vời 
đóng gói sản phẩm rất đẹp và chắc chắn❤️"
val,42,rò rỉ dữ liệu (review đã có trong train),Thời gian vận chuyển rất hợp lí. Tôi đã đặt hàng với tâm thế hào hứng chờ đợi để được trải nghiệm sản phẩm và tôi không hề bị chờ mỏi cổ. Có thể thấy bên vận chuyển không quản ngại thời tiết và đường 
val,58,rò rỉ dữ liệu (review đã có trong train),10₫
val,170,rò rỉ dữ liệu (review đã có trong train),"Sản phẩm rất xinh đẹp tuyệt vời, tôi không thể trông đợi gì hơn. Cảm ơn nhà cung cấp, nhà sản xuất, cảm ơn người bán hàng, cảm ơn sàn thương mại điện tử, c"
val,213,rò rỉ dữ liệu (review đã có trong train),Chất lượng sản phẩm tuyệt vời. Rất đáng tiền. Thời gian giao hàng nhanh
val,224,rò rỉ dữ liệu (review đã có trong train),"Sản phẩm rất xinh đẹp tuyệt vời, tôi không thể trông đợi gì hơn. Cảm ơn nhà cung cấp, nhà sản xuất, cảm ơn người bán hàng, cảm ơn sàn thương mại điện tử, cảm ơn người vận chuyển để tôi có cơ hội dùng "
val,255,rò rỉ dữ liệu (review đã có trong train),NAN
val,259,rò rỉ dữ liệu (review đã có trong train),Đẹp
val,275,rò rỉ dữ liệu (review đã có trong train),Chất lượng sản phẩm tuyệt vời. Đóng gói sản phẩm rất đẹp và chắc chắn
val,296,rò rỉ dữ liệu (review đã có trong train),Màu son phải nói là quá đỉnhhh với cực đẹp không hề bị khô môi luônnn ưng quá xá
val,300,rò rỉ dữ liệu (review đã có trong train),NAN
val,349,rò rỉ dữ liệu (review đã có trong train),"Hàng đóng gói rất đẹp. Quả nhiên người bán đã gửi gắm rất nhiều tâm tư và tình cảm trong lúc gói hàng. Hộp không có dấu hiệu bị móp, chứng tỏ bộ phận vận chuyển đã nâng như nâng trứng, hứng như hứng h"
val,373,rò rỉ dữ liệu (review đã có trong train),😍😍😍😍😍😍😍😍😍😍😍😍😍😍😍😍😍😍😍😍😍😍😍😍😍😍😍😍😍😍😍😍😍😍😍😍😍😍😍😍😍😍😍😍😍😍😍😍😍😍
val,392,rò rỉ dữ liệu (review đã có trong train),Chất lượng sản phẩm tuyệt vời đóng gói sản phẩm rất đẹp và chắc chắn
val,444,rò rỉ dữ liệu (review đã có trong train),✨
val,449,rò rỉ dữ liệu (review đã có trong train),NAN
val,572,rò rỉ dữ liệu (review đã có trong train),"Sản phẩm rất xinh đẹp tuyệt vời, tôi không thể trông đợi gì hơn. Cảm ơn nhà cung cấp, nhà sản xuất, cảm ơn người bán hàng, cảm ơn sàn thương mại điện tử, c"
val,577,rò rỉ dữ liệu (review đã có trong train),"Màu lên rất mượt nha quý zị ❤️ưng em này lắm luôn í, canh sale với dùng xu shoppe mình có e này với giá 67k thui😍😍😍Gói hàng xịn xò với chắc chắn lắm nha."
val,625,rò rỉ dữ liệu (review đã có trong train),"Sản phẩm rất xinh đẹp tuyệt vời, tôi không thể trông đợi gì hơn. Cảm ơn nhà cung cấp, nhà sản xuất, cảm ơn người bán hàng, cảm ơn sàn thương mại điện tử, cảm ơn người vận chuyển để tôi có cơ hội dùng "
val,669,rò rỉ dữ liệu (review đã có trong train),NAN
val,698,rò rỉ dữ liệu (review đã có trong train),NAN
val,714,rò rỉ dữ liệu (review đã có trong train),Chất lượng sản phẩm tuyệt vời. Đóng gói sản phẩm rất đẹp và chắc chắn rất đáng tiền
val,730,rò rỉ dữ liệu (review đã có trong train),"[New 2021] [Full 21 màu] Son kem lì, lên màu chuẩn Hàn Quốc Romand Zero Velvet Tint

- Xuất xứ: Hàn Quốc
- Thương hiệu: Romand
- Trọng lượng: 5.5g

*** Thế giới Skinfood là đại lý phân phối chính thức"
val,778,rò rỉ dữ liệu (review đã có trong train),"chất lượng sản phẩm tuyệt vời, đóng gói sản phẩm rất đẹp và chắc chắn"
val,786,rò rỉ dữ liệu (review đã có trong train),NAN
val,808,rò rỉ dữ liệu (review đã có trong train),"Hàng đóng gói rất đẹp. Quả nhiên người bán đã gửi gắm rất nhiều tâm tư và tình cảm trong lúc gói hàng. Hộp không có dấu hiệu bị móp, chứng tỏ bộ phận vận chuyển đã nâng như nâng trứng, hứng như hứng h"
val,821,rò rỉ dữ liệu (review đã có trong train),NAN
val,844,rò rỉ dữ liệu (review đã có trong train),"Sản phẩm rất xinh đẹp tuyệt vời, tôi không thể trông đợi gì hơn. Cảm ơn nhà cung cấp, nhà sản xuất, cảm ơn người bán hàng, cảm ơn sàn thương mại điện tử, cảm ơn người vận chuyển để tôi có cơ hội dùng "
val,973,rò rỉ dữ liệu (review đã có trong train),Hình ảnh chỉ mang tính chất nhận xu...........:::::::::::
val,976,rò rỉ dữ liệu (review đã có trong train),NAN
val,994,rò rỉ dữ liệu (review đã có trong train),Giao hàng nhanh
val,1009,rò rỉ dữ liệu (review đã có trong train),NAN
val,1037,rò rỉ dữ liệu (review đã có trong train),NAN
val,1041,rò rỉ dữ liệu (review đã có trong train),NAN
val,1194,rò rỉ dữ liệu (review đã có trong train),Chất lượng sản phẩm tuyệt vời giao hàng nhanh đóng gói chắc chắn
val,1388,rò rỉ dữ liệu (review đã có trong train),NAN
val,1432,rò rỉ dữ liệu (review đã có trong train),"Sản phẩm rất xinh đẹp tuyệt vời, tôi không thể trông đợi gì hơn. Cảm ơn nhà cung cấp, nhà sản xuất, cảm ơn người bán hàng, cảm ơn sàn thương mại điện tử, cảm ơn người vận chuyển để tôi có cơ hội dùng "
val,1435,rò rỉ dữ liệu (review đã có trong train),"Đóng góp cẩn thận giao hàng nhanh, son mình chưa test nên cũng không biết thế nào."
val,1436,rò rỉ dữ liệu (review đã có trong train),ok👌🏼👌🏼👌🏼👌🏼👌🏼👌🏼👌🏼👌🏼👌🏼👌🏼👌🏼👌🏼👌🏼👌🏼👌🏼👌🏼👌🏼👌🏼👌🏼👌🏼👌🏼👌🏼👌🏼👌🏼👌🏼👌🏼👌🏼
val,1465,rò rỉ dữ liệu (review đã có trong train),Son đẹp
val,1472,rò rỉ dữ liệu (review đã có trong train),NAN
val,1488,rò rỉ dữ liệu (review đã có trong train),"Hàng đóng gói rất đẹp. Quả nhiên người bán đã gửi gắm rất nhiều tâm tư và tình cảm trong lúc gói hàng. Hộp không có dấu hiệu bị móp, chứng tỏ bộ phận vận chuyển đã nâng như nâng trứng, hứng như hứng h"
val,1499,rò rỉ dữ liệu (review đã có trong train),hài lòng. ............................................
val,1500,rò rỉ dữ liệu (review đã có trong train),"Hàng đóng gói rất đẹp. Quả nhiên người bán đã gửi gắm rất nhiều tâm tư và tình cảm trong lúc gói hàng. Hộp không có dấu hiệu bị móp, chứng tỏ bộ phận vận chuyển đã nâng như nâng trứng, hứng như hứng h"
val,1547,rò rỉ dữ liệu (review đã có trong train),"Sản phẩm rất xinh đẹp tuyệt vời, tôi không thể trông đợi gì hơn. Cảm ơn nhà cung cấp, nhà sản xuất, cảm ơn người bán hàng, cảm ơn sàn thương mại điện tử, cảm ơn người vận chuyển để tôi có cơ hội dùng "
val,1565,rò rỉ dữ liệu (review đã có trong train),"Sản phẩm rất xinh đẹp tuyệt vời, tôi không thể trông đợi gì hơn. Cảm ơn nhà cung cấp, nhà sản xuất, cảm ơn người bán hàng, cảm ơn sàn thương mại điện tử, cảm ơn người vận chuyển để tôi có cơ hội dùng "
val,1566,rò rỉ dữ liệu (review đã có trong train),"Hàng đóng gói rất đẹp. Quả nhiên người bán đã gửi gắm rất nhiều tâm tư và tình cảm trong lúc gói hàng. Hộp không có dấu hiệu bị móp, chứng tỏ bộ phận vận chuyển đã nâng như nâng trứng, hứng như hứng h"
test,90,rò rỉ dữ liệu (review đã có trong train),"Sản phẩm rất xinh đẹp tuyệt vời, tôi không thể trông đợi gì hơn. Cảm ơn nhà cung cấp, nhà sản xuất, cảm ơn người bán hàng, cảm ơn sàn thương mại điện tử, cảm ơn người vận chuyển để tôi có cơ hội dùng "
test,162,rò rỉ dữ liệu (review đã có trong train),Sản phẩm tốt.
test,178,rò rỉ dữ liệu (review đã có trong train),NAN
test,236,rò rỉ dữ liệu (review đã có trong train),NAN
test,263,rò rỉ dữ liệu (review đã có trong train),"Chất lượng sản phẩm tuyệt vời, đóng gói sản phẩm đẹp và chắc chắn"
test,312,rò rỉ dữ liệu (review đã có trong train),Sản phẩm y hình thời gian giao hàng nhanh sẽ tiếp tục ủng hộ shop trong thời gian tới
test,367,rò rỉ dữ liệu (review đã có trong train),"Chào mừng bạn đến với bảng nhớ tạm của Gboard, bất kỳ văn bản nào bạn sao chép sẽ được lưu tại đây."
test,462,rò rỉ dữ liệu (review đã có trong train),chất lượng sản phẩm tuyệt vời đóng gói sản phẩm đẹp giao hàng nhanh
test,467,rò rỉ dữ liệu (review đã có trong train),NAN
test,481,rò rỉ dữ liệu (review đã có trong train),NAN
test,614,rò rỉ dữ liệu (review đã có trong train),NAN
test,692,rò rỉ dữ liệu (review đã có trong train),"Sản phẩm rất xinh đẹp tuyệt vời, tôi không thể trông đợi gì hơn. Cảm ơn nhà cung cấp, nhà sản xuất, cảm ơn người bán hàng, cảm ơn sàn thương mại điện tử, cảm ơn người vận chuyển để tôi có cơ hội dùng "
test,713,rò rỉ dữ liệu (review đã có trong train),Hình ảnh chỉ mang tính chất nhận xu.......................
test,720,rò rỉ dữ liệu (review đã có trong train),"Shop đóng gói cẩn thận, chờ hàng hơi lâu xíu, nhưng sp ưng, m mua đơn hơn 500k đc tặngg thêm son và túyp dưỡng,"
test,853,rò rỉ dữ liệu (review đã có trong train),"Hình ảnh và video mang tính chất minh hoạ
Hàng đóng gói chắc chắn"
test,885,rò rỉ dữ liệu (review đã có trong train),Rất ưng của Romand nên order bao lần liền! Biết shop bán giá phải chăng mà chất hợp lý nên mua nhiều và tin tưởng
test,916,rò rỉ dữ liệu (review đã có trong train),Mình dùng bbia thấy chất son mềm với mướt lắm ạ. Mình thấy lên màu cũng đẹp nữa. Dịch mà giao nhanh lắm ạ
test,929,rò rỉ dữ liệu (review đã có trong train),"chất lượng sản phẩm tuyệt vời, đóng gói sản phẩm rất đẹp và chắc chắn"
test,1002,rò rỉ dữ liệu (review đã có trong train),"Chất lượng sản phẩm tuyệt vời, đóng gói sản phẩm đẹp và chắc chắn"
test,1025,rò rỉ dữ liệu (review đã có trong train),"Sản phẩm rất xinh đẹp tuyệt vời, tôi không thể trông đợi gì hơn. Cảm ơn nhà cung cấp, nhà sản xuất, cảm ơn người bán hàng, cảm ơn sàn thương mại điện tử, cảm ơn người vận chuyển để tôi có cơ hội dùng "
test,1035,rò rỉ dữ liệu (review đã có trong train),"Hàng đóng gói rất đẹp. Quả nhiên người bán đã gửi gắm rất nhiều tâm tư và tình cảm trong lúc gói hàng. Hộp không có dấu hiệu bị móp, chứng tỏ bộ phận vận chuyển đã nâng như nâng trứng, hứng như hứng h"
test,1066,rò rỉ dữ liệu (review đã có trong train),"Dùng thích lắm lun đáng tiền mua nha , chất lượng tuyệt vời luôn í mình sd mà da mềm hẳn"
test,1087,rò rỉ dữ liệu (review đã có trong train),"Dùng thích lắm lun đáng tiền mua nha , chất lượng tuyệt vời luôn í mình sd mà da mềm hẳn"
test,1095,rò rỉ dữ liệu (review đã có trong train),"🥰Sản phẩm rất xinh đẹp tuyệt vời, tôi không thể trông đợi gì hơn. Cảm ơn nhà cung cấp, nhà sản xuất, cảm ơn người bán hàng, cảm ơn sàn thương mại điện tử, cảm ơn người vận chuyển để tôi có cơ hội dùng"
test,1138,rò rỉ dữ liệu (review đã có trong train),NAN
test,1191,rò rỉ dữ liệu (review đã có trong train),"Sản phẩm tốt, đóng gói cẩn thận, chất lượng tuyệt vời không có gì để chê. Shop phục vụ thân thiện 10 điểm"
test,1264,rò rỉ dữ liệu (review đã có trong train),Ok
test,1269,rò rỉ dữ liệu (review đã có trong train),"Hàng đóng gói rất đẹp. Quả nhiên người bán đã gửi gắm rất nhiều tâm tư và tình cảm trong lúc gói hàng. Hộp không có dấu hiệu bị móp, chứng tỏ bộ phận vận chuyển đã nâng như nâng trứng, hứng như hứng h"
test,1276,rò rỉ dữ liệu (review đã có trong train),NAN
test,1277,rò rỉ dữ liệu (review đã có trong train),"dạ bạn nhắn qua @tarot.bychao để đặt lịch xem & được tư vấn kĩ hơn ạ, mình cảm ơn bạn nha❤."
test,1348,rò rỉ dữ liệu (review đã có trong train),"Chất lượng sản phẩm tuyệt vời
Đóng gói sản phẩm rất đẹp và chắc chắn"
test,1363,rò rỉ dữ liệu (review đã có trong train),"Sản phẩm rất xinh đẹp tuyệt vời, tôi không thể trông đợi gì hơn. Cảm ơn nhà cung cấp, nhà sản xuất, cảm ơn người bán hàng, cảm ơn sàn thương mại điện tử, cảm ơn người vận chuyển để tôi có cơ hội dùng "
test,1445,rò rỉ dữ liệu (review đã có trong train),NAN
test,1508,rò rỉ dữ liệu (review đã có trong train),"Sản phẩm tốt, đóng gói cẩn thận, chất lượng tuyệt vời không có gì để chê. Shop phục vụ thân thiện 10 điểm"
test,1535,rò rỉ dữ liệu (review đã có trong train),hình ảnh chỉ mang tính chất minh hoạ ☺️☺️‼️🤕🥰🤘🏻😊🐈😊🙏😏😂😏🙏😀💩🥰
test,1587,rò rỉ dữ liệu (review đã có trong train),Thời gian vận chuyển rất hợp lí. Tôi đã đặt hàng với tâm thế hào hứng chờ đợi để được trải nghiệm sản phẩm và tôi không hề bị chờ mỏi cổ. Có thể thấy bên vận chuyển không quản ngại thời tiết và đường 
train,115,trùng lặp chính xác,NAN
train,269,trùng lặp chính xác,NAN
train,275,trùng lặp chính xác,NAN
train,324,trùng lặp chính xác,NAN
train,379,trùng lặp chính xác,NAN
train,477,trùng lặp chính xác,NAN
train,979,trùng lặp chính xác,NAN
train,1089,trùng lặp chính xác,NAN
train,1285,trùng lặp chính xác,NAN
train,1326,trùng lặp chính xác,NAN
train,2129,trùng lặp chính xác,NAN
train,2313,trùng lặp chính xác,NAN
train,2381,trùng lặp chính xác,NAN
train,2478,trùng lặp chính xác,NAN
train,2615,trùng lặp chính xác,NAN
train,2655,trùng lặp chính xác,NAN
train,2792,trùng lặp chính xác,NAN
train,2857,trùng lặp chính xác,NAN
train,2953,trùng lặp chính xác,NAN
train,2967,trùng lặp chính xác,NAN
train,3086,trùng lặp chính xác,NAN
train,3113,trùng lặp chính xác,NAN
train,3146,trùng lặp chính xác,NAN
train,3236,trùng lặp chính xác,NAN
train,3242,trùng lặp chính xác,NAN
train,3258,trùng lặp chính xác,NAN
train,3315,trùng lặp chính xác,NAN
train,3416,trùng lặp chính xác,NAN
train,3547,trùng lặp chính xác,NAN
train,3613,trùng lặp chính xác,NAN
train,3619,trùng lặp chính xác,NAN
train,3627,trùng lặp chính xác,NAN
train,3851,trùng lặp chính xác,NAN
train,3871,trùng lặp chính xác,NAN
train,4069,trùng lặp chính xác,NAN
train,4138,trùng lặp chính xác,NAN
train,4928,trùng lặp chính xác,NAN
train,4992,trùng lặp chính xác,NAN
train,5107,trùng lặp chính xác,NAN
train,5241,trùng lặp chính xác,NAN
train,5283,trùng lặp chính xác,NAN
train,5555,trùng lặp chính xác,NAN
train,5825,trùng lặp chính xác,NAN
train,6041,trùng lặp chính xác,NAN
train,6053,trùng lặp chính xác,NAN
train,6202,trùng lặp chính xác,NAN
train,6384,trùng lặp chính xác,NAN
train,6424,trùng lặp chính xác,NAN
train,6901,trùng lặp chính xác,NAN
train,7155,trùng lặp chính xác,NAN
train,7251,trùng lặp chính xác,NAN
train,7823,trùng lặp chính xác,NAN
train,8042,trùng lặp chính xác,NAN
train,8266,trùng lặp chính xác,NAN
train,8344,trùng lặp chính xác,NAN
train,8428,trùng lặp chính xác,NAN
train,8690,trùng lặp chính xác,NAN
train,8934,trùng lặp chính xác,NAN
train,9178,trùng lặp chính xác,NAN
train,9596,trùng lặp chính xác,NAN
train,9674,trùng lặp chính xác,NAN
train,9701,trùng lặp chính xác,NAN
train,9768,trùng lặp chính xác,NAN
train,10916,trùng lặp chính xác,NAN
train,11029,trùng lặp chính xác,NAN
train,11043,trùng lặp chính xác,NAN
train,11062,trùng lặp chính xác,NAN
train,11142,trùng lặp chính xác,NAN
train,11321,trùng lặp chính xác,NAN
train,11536,trùng lặp chính xác,NAN
train,11578,trùng lặp chính xác,NAN
train,11744,trùng lặp chính xác,NAN
train,11827,trùng lặp chính xác,NAN
train,11843,trùng lặp chính xác,NAN
train,11876,trùng lặp chính xác,NAN
train,11882,trùng lặp chính xác,NAN
train,12002,trùng lặp chính xác,NAN
train,12033,trùng lặp chính xác,NAN
train,12080,trùng lặp chính xác,NAN
train,12174,trùng lặp chính xác,NAN
train,12245,trùng lặp chính xác,NAN
train,12518,trùng lặp chính xác,NAN
train,12787,trùng lặp chính xác,NAN
train,1844,trùng lặp chính xác,Thời gian vận chuyển rất hợp lí. Tôi đã đặt hàng với tâm thế hào hứng chờ đợi để được trải nghiệm sản phẩm và tôi không hề bị chờ mỏi cổ. Có thể thấy bên vận chuyển không quản ngại thời tiết và đường 
train,2577,trùng lặp chính xác,Thời gian vận chuyển rất hợp lí. Tôi đã đặt hàng với tâm thế hào hứng chờ đợi để được trải nghiệm sản phẩm và tôi không hề bị chờ mỏi cổ. Có thể thấy bên vận chuyển không quản ngại thời tiết và đường 
train,2881,trùng lặp chính xác,Thời gian vận chuyển rất hợp lí. Tôi đã đặt hàng với tâm thế hào hứng chờ đợi để được trải nghiệm sản phẩm và tôi không hề bị chờ mỏi cổ. Có thể thấy bên vận chuyển không quản ngại thời tiết và đường 
train,5905,trùng lặp chính xác,Thời gian vận chuyển rất hợp lí. Tôi đã đặt hàng với tâm thế hào hứng chờ đợi để được trải nghiệm sản phẩm và tôi không hề bị chờ mỏi cổ. Có thể thấy bên vận chuyển không quản ngại thời tiết và đường 
train,6915,trùng lặp chính xác,Thời gian vận chuyển rất hợp lí. Tôi đã đặt hàng với tâm thế hào hứng chờ đợi để được trải nghiệm sản phẩm và tôi không hề bị chờ mỏi cổ. Có thể thấy bên vận chuyển không quản ngại thời tiết và đường 
train,7400,trùng lặp chính xác,Thời gian vận chuyển rất hợp lí. Tôi đã đặt hàng với tâm thế hào hứng chờ đợi để được trải nghiệm sản phẩm và tôi không hề bị chờ mỏi cổ. Có thể thấy bên vận chuyển không quản ngại thời tiết và đường 
train,7975,trùng lặp chính xác,Thời gian vận chuyển rất hợp lí. Tôi đã đặt hàng với tâm thế hào hứng chờ đợi để được trải nghiệm sản phẩm và tôi không hề bị chờ mỏi cổ. Có thể thấy bên vận chuyển không quản ngại thời tiết và đường 
train,8871,trùng lặp chính xác,Thời gian vận chuyển rất hợp lí. Tôi đã đặt hàng với tâm thế hào hứng chờ đợi để được trải nghiệm sản phẩm và tôi không hề bị chờ mỏi cổ. Có thể thấy bên vận chuyển không quản ngại thời tiết và đường 
train,9779,trùng lặp chính xác,Thời gian vận chuyển rất hợp lí. Tôi đã đặt hàng với tâm thế hào hứng chờ đợi để được trải nghiệm sản phẩm và tôi không hề bị chờ mỏi cổ. Có thể thấy bên vận chuyển không quản ngại thời tiết và đường 
train,12171,trùng lặp chính xác,Thời gian vận chuyển rất hợp lí. Tôi đã đặt hàng với tâm thế hào hứng chờ đợi để được trải nghiệm sản phẩm và tôi không hề bị chờ mỏi cổ. Có thể thấy bên vận chuyển không quản ngại thời tiết và đường 
train,9520,trùng lặp chính xác,Son xịn với đẹp thật sự :)))) săn sale nên giá hời lắm . Hình ảnh mang tính chất săn xu =]]]]]]
train,8013,trùng lặp chính xác,Sản phẩm y như hình màu siêu đẹp shop gói hàng cẩn thận là sao có cơ hội sẽ tiếp tục ủng hộ shop
train,12853,trùng lặp chính xác,"Đã nhận được hàng, chưa sử dung nên không biết có hiệu quả không"
train,6823,trùng lặp chính xác,"Màu đẹp nhưng chất son dởm , bôi lên không đều được màu , chỗ đậm chỗ nhạt không nên mua son shop này nha mng"
train,8787,trùng lặp chính xác,Giao đúng đủ sản phẩm. Thời gian giao hàng nhanh. Nxet lấy xu. Ok
train,3111,trùng lặp chính xác,Đẹp
train,8609,trùng lặp chính xác,Đẹp
train,9707,trùng lặp chính xác,Đẹp
train,9739,trùng lặp chính xác,Màu đẹp
train,11970,trùng lặp chính xác,Màu đẹp
train,11174,trùng lặp chính xác,"Đóng hàng chắc chắn
Giao đúng màu 
Tuỵt dời 
…………………………../….."
train,2709,trùng lặp chính xác,"Đồ vừa rẻ vừa chất lượng tốt có điều là mùi son hơi khó chịu nha mng, ai k thic thì cân nhắc ạ"
train,7690,trùng lặp chính xác,"Sản phẩm này thật sự rất tốt luôn, cảm ơn shop rất nhiều nhé! ❤❤"
train,12645,trùng lặp chính xác,Sản phẩm rất tuyệt rất đáng mua cả nhà nhé dùng thích lắm luôn á
train,9173,trùng lặp chính xác,đẹp
train,8319,trùng lặp chính xác,Chất lượng sản phẩm tuyệt vời. Đóng gói sản phẩm rất đẹp và chắc chắn.
train,6064,trùng lặp chính xác,"Sản phẩm rất ok, son lì mịn với thơm nữa... Giao hàng nhanh hơn dự kiến."
train,7455,trùng lặp chính xác,"Sản phẩm tốt, giá ok, rất đáng để mua, shop có tư vấn hướng dẫn. Nói chung ok lắm"
train,2041,trùng lặp chính xác,"Chào mừng bạn đến với bảng nhớ tạm của Gboard, bất kỳ văn bản nào bạn sao chép sẽ được lưu tại đây."
train,7569,trùng lặp chính xác,"Chào mừng bạn đến với bảng nhớ tạm của Gboard, bất kỳ văn bản nào bạn sao chép sẽ được lưu tại đây."
train,7996,trùng lặp chính xác,"Chào mừng bạn đến với bảng nhớ tạm của Gboard, bất kỳ văn bản nào bạn sao chép sẽ được lưu tại đây."
train,2639,trùng lặp chính xác,Chắc lượng sản phẩm tuyệt vời đóng gói chắn chắn hình ảnh mang tính chất nhận xu
train,8717,trùng lặp chính xác,"Chắc giao đúng mẫu, giao hàng lâu, hơi buồn vì m đánh ko lên dc như hình mẫu"
train,11932,trùng lặp chính xác,"Lần thứ 2 mua của shop xuất sắc luôn
Sẽ ủng hộ shop nhiều hơn 👏👏👏"
train,4831,trùng lặp chính xác,"Sản phẩm rất xinh đẹp tuyệt vời, tôi không thể trông đợi gì hơn. Cảm ơn nhà cung cấp, nhà sản xuất, cảm ơn người bán hàng, cảm ơn sàn thương mại điện tử, cảm ơn người vận chuyển để tôi có cơ hội dùng "
train,5192,trùng lặp chính xác,"Sản phẩm rất xinh đẹp tuyệt vời, tôi không thể trông đợi gì hơn. Cảm ơn nhà cung cấp, nhà sản xuất, cảm ơn người bán hàng, cảm ơn sàn thương mại điện tử, cảm ơn người vận chuyển để tôi có cơ hội dùng "
train,11273,trùng lặp chính xác,"son đẹp mê luôn mng, giá quá rẻ cho 1 em chất lượng như vậy, màu 01 chuẩn đỏ nâu giống blr a12 và bbia25, chỉ là ko biết có hại môi hay ko nhưng màu đẹp 5* cho shop"
train,5445,trùng lặp chính xác,"Sản phẩm rất xinh đẹp tuyệt vời, tôi không thể trông đợi gì hơn. Cảm ơn nhà cung cấp, nhà sản xuất, cảm ơn người bán hàng, cảm ơn sàn thương mại điện tử, cảm ơn người vận chuyển để tôi có cơ hội dùng "
train,10918,trùng lặp chính xác,"Sản phẩm rất xinh đẹp tuyệt vời, tôi không thể trông đợi gì hơn. Cảm ơn nhà cung cấp, nhà sản xuất, cảm ơn người bán hàng, cảm ơn sàn thương mại điện tử, cảm ơn người vận chuyển để tôi có cơ hội dùng "
train,12953,trùng lặp chính xác,Màu xinh nha mng. Đánh lên trông ác hẳn :)))) để đánh lòng môi thì càng xinhhh. Bạn nào da ngăm thì cân nhắc ạ
train,8095,trùng lặp chính xác,"[FULL 4 MÀU] Son Kem Lì, Mịn Mượt Như Nhung Romand Milk Tea Velvet Tint 4.4g

- Thương hiệu: Romand
- Xuất xứ: Hàn Quốc
- Khối lượng: 4.4g

***Thế giới Skinfood là đại lý phân phối chính thức của Roma"
train,12306,trùng lặp chính xác,"Có 10 đứa trẻ con và 9 cây kẹo . 1 đứa nói "" thôi,  con không ăn đâu "" và được người lớn khen ngoan . Bạn thấy đấy đứa hiểu chuyện lại chẳng có kẹo .."
train,6465,trùng lặp chính xác,"Chất lượng sản phẩm tuyệt vời, phù hợp với giá tiền, đóng gói cẩn thận"
train,5262,trùng lặp chính xác,Giao hàng có hơi lâu một chút nhưng chất lượng thì tuyệt vời ạ.
train,9695,trùng lặp chính xác,"mua 4 đồ nhưng lúc mở thì thấy đc tặng thêm 2 đồ nữa, siu cuteeeee"
train,12717,trùng lặp chính xác,Sản phẩm chất lượng okelaaa hình ảnh và video không liên quan tới sản phẩm okiii
train,12965,trùng lặp chính xác,Sản phẩm chất lượng okelaaa hình ảnh và video không liên quan tới sản phẩm okiii
train,6691,trùng lặp chính xác,Chất lượng sản phẩm tuyệt vời đoang gói sản phẩm chắc chắn tốt
train,9732,trùng lặp chính xác,Son đẹp
train,8346,trùng lặp chính xác,"Chỉ có thể là tuyệt với 
Mình chỉ thích mẫu này thôi 
Mình canh từng giờ để có thể mua được cây son này á 
Yêu lắm"
train,7812,trùng lặp chính xác,Son đẹp lắm
train,9807,trùng lặp chính xác,"Đóng gói sản phẩm đẹp, chắn chắn, sản phẩm vẫn còn nguyên, sản phẩm rẻ tốt"
train,11426,trùng lặp chính xác,"Sản phẩm thơm,  mịn,  khá đều  hehehehehehehe  tóm lại nên mua nha bà con."
train,9947,trùng lặp chính xác,"Giao hàng nhanh, đầy đủ, đóng gói cẩn thận, hàng giao đúng số lượng, ưng lắm luôn ý"
train,12358,trùng lặp chính xác,mua 2 lần bên nhà focallure rùi vì quá iu son lên màu rất đỉnh bám lâu nữa quá là iu lun mng 🥰
train,10883,trùng lặp chính xác,Đã giao đủ hàng. Shop giao hàng nhanh. Hàng nguyên vẹn. Sẽ ủng hộ shop
train,11825,trùng lặp chính xác,"sản phẩm okelaaaa lắm ạ
mua nhiều lần rồi nhưng lần này hơi vơi 1 xíu"
train,11736,trùng lặp chính xác,Ok
train,11743,trùng lặp chính xác,"Giao hàng nhanh, cầm chắc chắn, chưa đánh kb độ bên có lâu không"
val,777,trùng lặp chính xác,"Son dùng chất mịn, mướt, màu đẹp, giá rẻ, sẽ ủng hộ lần sau...."
test,1411,trùng lặp chính xác,Tuyệt vời
train,11475,trùng lặp theo khoá so trùng,😄Thời gian vận chuyển rất hợp lí. Tôi đã đặt hàng với tâm thế hào hứng chờ đợi để được trải nghiệm sản phẩm và tôi không hề bị chờ mỏi cổ. Có thể thấy bên vận chuyển không quản ngại thời tiết và đường
train,1048,trùng lặp theo khoá so trùng,Good
train,911,trùng lặp theo khoá so trùng,💯💯💯💯💯💯💯💯💯💯💯💯💯💯💯💯💯💯💯💯💯💯💯💯💯💯💯💯💯💯💯💯💯💯💯💯💯💯💯💯💯💯💯💯💯💯💯💯💯💯💯💯💯💯
train,1053,trùng lặp theo khoá so trùng,🥰🥰🥰🥰🥰🥰🥰🥰🥰🥰🥰🥰🥰🥰🥰🥰🥰🥰🥰🥰🥰🥰🥰🥰🥰🥰🥰🥰🥰🥰🥰🥰🥰🥰🥰🥰🥰🥰🥰🥰🥰🥰🥰🥰🥰🥰🥰🥰🥰🥰🥰
train,1320,trùng lặp theo khoá so trùng,👍👍👍👍👍👍👍👍👍👍👍👍👍👍👍👍👍👍👍👍👍❤️❤️❤️❤️❤️❤️❤️❤️❤️❤️❤️❤️❤️❤️❤️❤️❤️❤️❤️❤️❤️❤️❤️
train,2671,trùng lặp theo khoá so trùng,😍😍😍😍😍😍😍😍😍😍😍😍😍😍😍😍😍😍😍😍😍😍😍😍😍🙂😍😍😍😍😍😍😍😍😍😍😍😍😍😍😍😍😍😍😍😍😍😍😍😍😍🙂🙂🙂🙂🙂😍😍😍😍😍😍😍😍
train,3320,trùng lặp theo khoá so trùng,🥰🥰🥰🥰🥰🥰🥰🥰🥰🥰🥰🥰🥰🥰🥰🥰🥰🥰🥰🥰🥰🥰🥰🥰🥰🥰🥰🥰🥰🥰🥰🥰🥰🥰🥰🥰🥰🥰🥰🥰🥰🥰🥰😍😍😍😍😍🥰😍😍🥰
train,3386,trùng lặp theo khoá so trùng,😽😽😽😽😽😽😽😽😽😽😽😽😽😽😽😽😽😽😽😽😽😽😽😽😽😽😽😽😽😽😽😽😽😽😽😽😽😽😽😽😽😽😽😽😽😽😽😽😽😽😽😽😽
train,4248,trùng lặp theo khoá so trùng,❤️❤️❤️❤️❤️❤️❤️❤️❤️❤️❤️❤️❤️❤️❤️❤️❤️❤️❤️❤️❤️❤️❤️❤️❤️❤️❤️
train,4886,trùng lặp theo khoá so trùng,😍😍😍😍😍😍😍😍😍😍😍😍😍😍😍😍😍😍😍😍😍😍😍😍🤠🤠🤠😍😍😍😍😍😍😍😍😍😍😍😍😍😍😍😍😍😍😍🤠🤠🤠😍🤠🤠
train,5897,trùng lặp theo khoá so trùng,👍🏻
train,8016,trùng lặp theo khoá so trùng,😀😃😄😄😄😁😆🥰🥰😍😋🥲😙😚☺😗😜😘🤗😻🙈🙉💋💌💘💝❣💟💞💓💗❤❤❤🧡💛💛💚💚💙💙💜💜🤎🤎💝💟💞💓💯🤍👍👍👍
train,8617,trùng lặp theo khoá so trùng,😹😹😹
train,9676,trùng lặp theo khoá so trùng,🐰🐰🐰🐰🐰🐰🐰🐰🐰🐰🐰🐰🐰🐰🐰
train,10338,trùng lặp theo khoá so trùng,👍🏻👍🏻👍🏻👍🏻👍🏻👍🏻💯👍🏻👍🏻👍🏻👍🏻💯💯💯💯💯💯💯❤️💯💯💯💯💯💯💯💯💯💯💯👍🏻👍🏻👍🏻👍🏻👍🏻👍🏻👍🏻
train,10399,trùng lặp theo khoá so trùng,😿😷😿😷🤒 😵😁🥴💩🤝🙄🤔😵🤢😵😿😵😂🤒😿🙀🤷😷🙀☺🤢🤢🤔😵🤔😷🙏🤢🙏🤝🙏😏🤔😵😟🤔🙀🤒😿🤒😿😷😿😷🤒 😵😁🥴💩🤝🙄🤔😵🤢😵😿😵😂🤒😿🙀🤷😷🙀☺🤢🤢🤔😵🤔😷🙏🤢🙏🤝🙏😏🤔😵😟🤔🙀🤒😿🤒😿😷😿😷🤒 😵😁🥴💩🤝🙄🤔😵🤢😵😿😵😂🤒😿🙀🤷😷🙀☺🤢🤢🤔😵🤔😷🙏🤢🙏🤝🙏😏🤔😵😟🤔🙀🤒😿🤒😿😷😿😷🤒 😵😁🥴💩🤝🙄🤔😵🤢
train,11506,trùng lặp theo khoá so trùng,🥰🥰🥰🥰🥰🥰🥰🥰🥰🥰🥰🥰🥰🥰🥰🥰🥰🥰🥰🥰🥰🥰🥰🥰🥰🥰🥰🥰🥰🥰🥰🥰🥰🥰🥰🥰🥰🥰🥰🥰🥰🥰🥰🥰🥰🥰🥰🥰🥰🥰🥰🥰🥰🥰🥰🥰🥰🥰🥰🥰
train,11611,trùng lặp theo khoá so trùng,💓💓💓💓💓💓💓💓💓💓💓💓💓💓💓💓💓💓💓💓💓💓💓💓💓💓💓💓💓💓💓💓💓💓💓💓💓💓💓💓💓💓💓💓💓💓💓💓💓💓
train,12286,trùng lặp theo khoá so trùng,🥰🥰🥰🥰🥰🥰🥰🥰🥰🥰🥰🥰🥰🥰🥰🥰🥰🥰🥰🥰🥰🥰🥰🥰🥰🥰🥰🥰🥰🥰🥰🥰🥰🥰🥰🥰🥰🥰🥰🥰🥰🥰🥰🥰🥰🥰🥰🥰🥰🥰
train,12319,trùng lặp theo khoá so trùng,❤️❤️❤️❤️❤️❤️❤️❤️❤️❤️❤️❤️❤️❤️❤️❤️❤️❤️❤️❤️❤️❤️❤️❤️❤️❤️❤️❤️❤️❤️❤️
train,1693,trùng lặp theo khoá so trùng,"chất lượng sản phẩm tuyệt vời 
đóng gói sản phẩm rất đẹp và chắc chắn."
train,1736,trùng lặp theo khoá so trùng,Chất lượng sản phẩm tuyệt vời. Đóng gói sản phẩm rất đẹp và chắc chắn.
train,4955,trùng lặp theo khoá so trùng,"chất lượng sản phẩm tuyệt vời, đóng gói sản phẩm rất đẹp và chắc chắn"
train,6451,trùng lặp theo khoá so trùng,Chất lượng sản phẩm tuyệt vời . Đóng gói sản phẩm rất đẹp và chắc chắn
train,8734,trùng lặp theo khoá so trùng,Chất lượng sản phẩm tuyệt vời  . Đóng gói sản phẩm rất đẹp và chắc chắn
train,8901,trùng lặp theo khoá so trùng,"Chất lượng sản phẩm tuyệt vời
Đóng gói sản phẩm rất đẹp và chắc chắn"
train,10468,trùng lặp theo khoá so trùng,chất lượng sản phẩm tuyệt vời đóng gói sản phẩm rất đẹp và chắc chắn
train,12243,trùng lặp theo khoá so trùng,"Chất lượng sản phẩm tuyệt vời, đóng gói sản phẩm rất đẹp và chắc chắn"
train,1613,trùng lặp theo khoá so trùng,đẹp
train,8113,trùng lặp theo khoá so trùng,Đẹp !!
train,7896,trùng lặp theo khoá so trùng,"Chất lượng sản phẩm tuyệt vời, Đóng gói sản phẩm đẹp và chắc chắn."
train,11139,trùng lặp theo khoá so trùng,"Chất lượng sản phẩm tuyệt vời
Đóng gói sản phẩm đẹp và chắc chắn"
train,3477,trùng lặp theo khoá so trùng,màu đẹp
train,2727,trùng lặp theo khoá so trùng,"Sản phẩm rất xinh đẹp tuyệt vời, tôi không thể trông đợi gì hơn. Cảm ơn nhà cung cấp, nhà sản xuất, cảm ơn người bán hàng, cảm ơn sàn thương mại điện tử, cảm ơn người vận chuyển để tôi có cơ hội dùng "
train,4295,trùng lặp theo khoá so trùng,"🥰Sản phẩm rất xinh đẹp tuyệt vời, tôi không thể trông đợi gì hơn. Cảm ơn nhà cung cấp, nhà sản xuất, cảm ơn người bán hàng, cảm ơn sàn thương mại điện tử, cảm ơn người vận chuyển để tôi có cơ hội dùng"
train,7398,trùng lặp theo khoá so trùng,"🤩Sản phẩm rất xinh đẹp tuyệt vời, tôi không thể trông đợi gì hơn. Cảm ơn nhà cung cấp, nhà sản xuất, cảm ơn người bán hàng, cảm ơn sàn thương mại điện tử, cảm ơn người vận chuyển để tôi có cơ hội dùng"
train,4416,trùng lặp theo khoá so trùng,"Son lên màu đẹp
Mùi thơm
Nhưng mà hơi nhỏ hihi
Tiền nào của đó thôi ạ"
train,10000,trùng lặp theo khoá so trùng,"Chất lượng sản phẩm tuyệt vời 
Giao hàng nhanh 
Đóng gói chắc chắn"
train,5039,trùng lặp theo khoá so trùng,tốt 💕💕💕💕💕💕💕💕💕💕💕💕💕💕💕💕💕💕💕💕💕💕💕💕💕💕💕💕💕💕💕💕💕💕💕💕💕💕💕💕💕💕💕💕💕💕💕💕💕💕💕💕💕💕💕💕💕💕💕💕💕💕💕💕💕💕💕💕💕💕💕💕💕💕💕💕💕💕💕💕💕💕💕
train,9446,trùng lặp theo khoá so trùng,"Hàng đóng gói rất đẹp. Quả nhiên người bán đã gửi gắm rất nhiều tâm tư và tình cảm trong lúc gói hàng. Hộp không có dấu hiệu bị móp, chứng tỏ bộ phận vận chuyển đã nâng như nâng trứng, hứng như hứng h"
train,6072,trùng lặp theo khoá so trùng,Chất lượng sản phẩm tuyệt vời. Rất đáng tiền. Thời gian giao hàng nhanh
train,6266,trùng lặp theo khoá so trùng,Son màu đẹp
train,8313,trùng lặp theo khoá so trùng,"Chất lượng sản phẩm tuyệt vời
Chất lượng sản phẩm tuyệt vờiii"
train,9574,trùng lặp theo khoá so trùng,Son đẹp 😀😁😂😃😄😅😆😊😉😋😉😋😉😁😆😀😆😀😉😀😉😉😀😉😀😉😀😉😀😉😀😉😀😉😀😉😉😀😉😀😊😋😋😋
train,10625,trùng lặp theo khoá so trùng,Hình ảnh chỉ mang tính chất nhận xu
train,12514,trùng lặp theo khoá so trùng,Xinh xỉu
