từ,số lần xuất hiện,lí do bị gắn cờ
k,1496,một ký tự phụ âm + không có nguyên âm
mn,914,không có nguyên âm
đc,726,không có nguyên âm
mng,365,không có nguyên âm
sp,362,không có nguyên âm
kh,315,không có nguyên âm
r,298,một ký tự phụ âm + không có nguyên âm
vs,272,không có nguyên âm
cx,188,không có nguyên âm
mk,164,không có nguyên âm
dc,148,không có nguyên âm
j,121,"chữ Latin ngoài bảng chữ cái tiếng Việt (f, j, w, z) + một ký tự phụ âm + không có nguyên âm"
n,115,một ký tự phụ âm + không có nguyên âm
v,107,một ký tự phụ âm + không có nguyên âm
m,107,một ký tự phụ âm + không có nguyên âm
ncl,98,không có nguyên âm
review,95,"chữ Latin ngoài bảng chữ cái tiếng Việt (f, j, w, z)"
trc,82,không có nguyên âm
d,76,một ký tự phụ âm + không có nguyên âm
nhg,75,không có nguyên âm
ng,73,không có nguyên âm
tc,71,không có nguyên âm
t,66,một ký tự phụ âm + không có nguyên âm
swatch,63,"chữ Latin ngoài bảng chữ cái tiếng Việt (f, j, w, z)"
ntn,61,không có nguyên âm
h,58,một ký tự phụ âm + không có nguyên âm
s,58,một ký tự phụ âm + không có nguyên âm
a12,54,trộn chữ và số
c,52,một ký tự phụ âm + không có nguyên âm
merzy,51,"chữ Latin ngoài bảng chữ cái tiếng Việt (f, j, w, z)"
bt,51,không có nguyên âm
z,47,"chữ Latin ngoài bảng chữ cái tiếng Việt (f, j, w, z) + một ký tự phụ âm + không có nguyên âm"
99k,47,trộn chữ và số + không có nguyên âm
nch,46,không có nguyên âm
nc,45,không có nguyên âm
tr,43,không có nguyên âm
focallure,42,"chữ Latin ngoài bảng chữ cái tiếng Việt (f, j, w, z)"
nx,42,không có nguyên âm
vd,40,không có nguyên âm
fake,40,"chữ Latin ngoài bảng chữ cái tiếng Việt (f, j, w, z)"
b,35,một ký tự phụ âm + không có nguyên âm
ms,35,không có nguyên âm
ch,34,không có nguyên âm
10đ,34,trộn chữ và số + không có nguyên âm
t2,32,trộn chữ và số + không có nguyên âm
g,30,một ký tự phụ âm + không có nguyên âm
v17,30,trộn chữ và số + không có nguyên âm
kb,30,không có nguyên âm
x,30,một ký tự phụ âm + không có nguyên âm
mlbb,28,không có nguyên âm
v26,28,trộn chữ và số + không có nguyên âm
nh,27,không có nguyên âm
sd,26,không có nguyên âm
bth,25,không có nguyên âm
full,24,"chữ Latin ngoài bảng chữ cái tiếng Việt (f, j, w, z)"
v18,23,trộn chữ và số + không có nguyên âm
ns,23,không có nguyên âm
dth,22,không có nguyên âm
50k,22,trộn chữ và số + không có nguyên âm
lm,22,không có nguyên âm
f,22,"chữ Latin ngoài bảng chữ cái tiếng Việt (f, j, w, z) + một ký tự phụ âm + không có nguyên âm"
perfect,21,"chữ Latin ngoài bảng chữ cái tiếng Việt (f, j, w, z)"
lg,21,không có nguyên âm
fb,19,"chữ Latin ngoài bảng chữ cái tiếng Việt (f, j, w, z) + không có nguyên âm"
rcm,19,không có nguyên âm
flash,19,"chữ Latin ngoài bảng chữ cái tiếng Việt (f, j, w, z)"
hn,19,không có nguyên âm
zời,18,"chữ Latin ngoài bảng chữ cái tiếng Việt (f, j, w, z)"
vl,17,không có nguyên âm
th,17,không có nguyên âm
br,16,không có nguyên âm
દ,16,chữ không phải chữ Latin (ký tự trang trí / tiếng nước ngoài)
19k,16,trộn chữ và số + không có nguyên âm
sr,16,không có nguyên âm
bn,16,không có nguyên âm
mh,15,không có nguyên âm
cmt,15,không có nguyên âm
ε,15,chữ không phải chữ Latin (ký tự trang trí / tiếng nước ngoài)
qr,15,không có nguyên âm
hk,15,không có nguyên âm
kkk,15,không có nguyên âm
pd,15,không có nguyên âm
5sao,15,trộn chữ và số
hcm,15,không có nguyên âm
blr,14,không có nguyên âm
100k,14,trộn chữ và số + không có nguyên âm
70k,14,trộn chữ và số + không có nguyên âm
lq,14,không có nguyên âm
v24,14,trộn chữ và số + không có nguyên âm
hs,13,không có nguyên âm
kk,13,không có nguyên âm
klq,13,không có nguyên âm
cg,12,không có nguyên âm
down,12,"chữ Latin ngoài bảng chữ cái tiếng Việt (f, j, w, z)"
tks,12,không có nguyên âm
vc,12,không có nguyên âm
cafe,11,"chữ Latin ngoài bảng chữ cái tiếng Việt (f, j, w, z)"
1c,11,trộn chữ và số + không có nguyên âm
p,11,một ký tự phụ âm + không có nguyên âm
rv,11,không có nguyên âm
qt,11,không có nguyên âm
20k,10,trộn chữ và số + không có nguyên âm
sn,10,không có nguyên âm
69k,10,trộn chữ và số + không có nguyên âm
of,10,"chữ Latin ngoài bảng chữ cái tiếng Việt (f, j, w, z)"
2c,10,trộn chữ và số + không có nguyên âm
t3,10,trộn chữ và số + không có nguyên âm
bthg,9,không có nguyên âm
đ,9,không có nguyên âm
75k,9,trộn chữ và số + không có nguyên âm
kg,9,không có nguyên âm
xjnh,9,"chữ Latin ngoài bảng chữ cái tiếng Việt (f, j, w, z) + không có nguyên âm"
pr,9,không có nguyên âm
5g,9,trộn chữ và số + không có nguyên âm
4h,9,trộn chữ và số + không có nguyên âm
sh,9,không có nguyên âm
tbc,9,không có nguyên âm
dk,9,không có nguyên âm
1kg,9,trộn chữ và số + không có nguyên âm
v25,8,trộn chữ và số + không có nguyên âm
l,8,một ký tự phụ âm + không có nguyên âm
tb,8,không có nguyên âm
zị,8,"chữ Latin ngoài bảng chữ cái tiếng Việt (f, j, w, z)"
tt,8,không có nguyên âm
final,8,"chữ Latin ngoài bảng chữ cái tiếng Việt (f, j, w, z)"
uwu,8,"chữ Latin ngoài bảng chữ cái tiếng Việt (f, j, w, z)"
flashsale,8,"chữ Latin ngoài bảng chữ cái tiếng Việt (f, j, w, z)"
mnnn,8,không có nguyên âm
scl,8,không có nguyên âm
vch,8,không có nguyên âm
bbia25,8,trộn chữ và số
đk,8,không có nguyên âm
nm,7,không có nguyên âm
mauf,7,"chữ Latin ngoài bảng chữ cái tiếng Việt (f, j, w, z)"
nv,7,không có nguyên âm
hjhj,7,"chữ Latin ngoài bảng chữ cái tiếng Việt (f, j, w, z) + không có nguyên âm"
v28,7,trộn chữ và số + không có nguyên âm
jd,7,"chữ Latin ngoài bảng chữ cái tiếng Việt (f, j, w, z) + không có nguyên âm"
xl,7,không có nguyên âm
filter,7,"chữ Latin ngoài bảng chữ cái tiếng Việt (f, j, w, z)"
5s,7,trộn chữ và số + không có nguyên âm
kp,7,không có nguyên âm
tp,7,không có nguyên âm
bh,7,không có nguyên âm
vn,7,không có nguyên âm
hh,7,không có nguyên âm
pk,7,không có nguyên âm
a25,7,trộn chữ và số
size,7,"chữ Latin ngoài bảng chữ cái tiếng Việt (f, j, w, z)"
đepj,7,"chữ Latin ngoài bảng chữ cái tiếng Việt (f, j, w, z)"
web,7,"chữ Latin ngoài bảng chữ cái tiếng Việt (f, j, w, z)"
hssv,6,không có nguyên âm
fan,6,"chữ Latin ngoài bảng chữ cái tiếng Việt (f, j, w, z)"
kkkk,6,không có nguyên âm
kkkkkkk,6,không có nguyên âm
đx,6,không có nguyên âm
tg,6,không có nguyên âm
ph,6,không có nguyên âm
2k,6,trộn chữ và số + không có nguyên âm
sjs,6,"chữ Latin ngoài bảng chữ cái tiếng Việt (f, j, w, z) + không có nguyên âm"
chs,6,không có nguyên âm
feedback,6,"chữ Latin ngoài bảng chữ cái tiếng Việt (f, j, w, z)"
25k,6,trộn chữ và số + không có nguyên âm
nd,6,không có nguyên âm
km,6,không có nguyên âm
30k,6,trộn chữ và số + không có nguyên âm
89k,6,trộn chữ và số + không có nguyên âm
hsd,6,không có nguyên âm
w,6,"chữ Latin ngoài bảng chữ cái tiếng Việt (f, j, w, z) + một ký tự phụ âm + không có nguyên âm"
wa,6,"chữ Latin ngoài bảng chữ cái tiếng Việt (f, j, w, z)"
hmmm,6,không có nguyên âm
from,6,"chữ Latin ngoài bảng chữ cái tiếng Việt (f, j, w, z)"
100đ,6,trộn chữ và số + không có nguyên âm
3ce,6,trộn chữ và số
tq,6,không có nguyên âm
nhm,6,không có nguyên âm
mnggg,6,không có nguyên âm
shs,6,không có nguyên âm
40k,6,trộn chữ và số + không có nguyên âm
5cm,6,trộn chữ và số + không có nguyên âm
45k,6,trộn chữ và số + không có nguyên âm
kbt,6,không có nguyên âm
ﾟ3ﾟ,6,chữ không phải chữ Latin (ký tự trang trí / tiếng nước ngoài)
v21,5,trộn chữ và số + không có nguyên âm
sv,5,không có nguyên âm
130k,5,trộn chữ và số + không có nguyên âm
zero,5,"chữ Latin ngoài bảng chữ cái tiếng Việt (f, j, w, z)"
10k,5,trộn chữ và số + không có nguyên âm
lw,5,"chữ Latin ngoài bảng chữ cái tiếng Việt (f, j, w, z) + không có nguyên âm"
hmm,5,không có nguyên âm
35k,5,trộn chữ và số + không có nguyên âm
10d,5,trộn chữ và số + không có nguyên âm
show,5,"chữ Latin ngoài bảng chữ cái tiếng Việt (f, j, w, z)"
tphcm,5,không có nguyên âm
nt,5,không có nguyên âm
9k,5,trộn chữ và số + không có nguyên âm
5k,5,trộn chữ và số + không có nguyên âm
aj,5,"chữ Latin ngoài bảng chữ cái tiếng Việt (f, j, w, z)"
dthw,5,"chữ Latin ngoài bảng chữ cái tiếng Việt (f, j, w, z) + không có nguyên âm"
2h,5,trộn chữ và số + không có nguyên âm
official,5,"chữ Latin ngoài bảng chữ cái tiếng Việt (f, j, w, z)"
free,5,"chữ Latin ngoài bảng chữ cái tiếng Việt (f, j, w, z)"
vv,5,không có nguyên âm
v23,5,trộn chữ và số + không có nguyên âm
bs,5,không có nguyên âm
minj,5,"chữ Latin ngoài bảng chữ cái tiếng Việt (f, j, w, z)"
v6,5,trộn chữ và số + không có nguyên âm
v27,5,trộn chữ và số + không có nguyên âm
q,5,một ký tự phụ âm + không có nguyên âm
m1,5,trộn chữ và số + không có nguyên âm
129k,5,trộn chữ và số + không có nguyên âm
zl,4,"chữ Latin ngoài bảng chữ cái tiếng Việt (f, j, w, z) + không có nguyên âm"
skinfood,4,"chữ Latin ngoài bảng chữ cái tiếng Việt (f, j, w, z)"
for,4,"chữ Latin ngoài bảng chữ cái tiếng Việt (f, j, w, z)"
new,4,"chữ Latin ngoài bảng chữ cái tiếng Việt (f, j, w, z)"
thg,4,không có nguyên âm
qc,4,không có nguyên âm
kkkkkk,4,không có nguyên âm
cs,4,không có nguyên âm
kkkkkkkkkkk,4,không có nguyên âm
cn,4,không có nguyên âm
dv,4,không có nguyên âm
150k,4,trộn chữ và số + không có nguyên âm
with,4,"chữ Latin ngoài bảng chữ cái tiếng Việt (f, j, w, z)"
vcđ,4,không có nguyên âm
tn,4,không có nguyên âm
hc,4,không có nguyên âm
djd,4,"chữ Latin ngoài bảng chữ cái tiếng Việt (f, j, w, z) + không có nguyên âm"
m2,4,trộn chữ và số + không có nguyên âm
zui,4,"chữ Latin ngoài bảng chữ cái tiếng Việt (f, j, w, z)"
tk,4,không có nguyên âm
sms,4,không có nguyên âm
vcl,4,không có nguyên âm
đjep,4,"chữ Latin ngoài bảng chữ cái tiếng Việt (f, j, w, z)"
85k,4,trộn chữ và số + không có nguyên âm
4g,4,trộn chữ và số + không có nguyên âm
3c,4,trộn chữ và số + không có nguyên âm
tdc,4,không có nguyên âm
200k,4,trộn chữ và số + không có nguyên âm
bb,4,không có nguyên âm
6h,4,trộn chữ và số + không có nguyên âm
mb,4,không có nguyên âm
55k,4,trộn chữ và số + không có nguyên âm
đm,4,không có nguyên âm
ver5,4,trộn chữ và số
1cây,4,trộn chữ và số
uz,4,"chữ Latin ngoài bảng chữ cái tiếng Việt (f, j, w, z)"
ks,4,không có nguyên âm
maf,4,"chữ Latin ngoài bảng chữ cái tiếng Việt (f, j, w, z)"
bc,4,không có nguyên âm
dg,3,không có nguyên âm
mngg,3,không có nguyên âm
bg,3,không có nguyên âm
ll,3,không có nguyên âm
kkkkk,3,không có nguyên âm
cj,3,"chữ Latin ngoài bảng chữ cái tiếng Việt (f, j, w, z) + không có nguyên âm"
hhhhhhhhhh,3,không có nguyên âm
cc,3,không có nguyên âm
dn,3,không có nguyên âm
160k,3,trộn chữ và số + không có nguyên âm
36k,3,trộn chữ và số + không có nguyên âm
52k,3,trộn chữ và số + không có nguyên âm
dow,3,"chữ Latin ngoài bảng chữ cái tiếng Việt (f, j, w, z)"
gk,3,không có nguyên âm
bk,3,không có nguyên âm
nk,3,không có nguyên âm
000d,3,trộn chữ và số + không có nguyên âm
lh,3,không có nguyên âm
38k,3,trộn chữ và số + không có nguyên âm
haizzz,3,"chữ Latin ngoài bảng chữ cái tiếng Việt (f, j, w, z)"
nnn,3,không có nguyên âm
haiz,3,"chữ Latin ngoài bảng chữ cái tiếng Việt (f, j, w, z)"
khg,3,không có nguyên âm
đh,3,không có nguyên âm
ᴗ,3,chữ không phải chữ Latin (ký tự trang trí / tiếng nước ngoài)
mij,3,"chữ Latin ngoài bảng chữ cái tiếng Việt (f, j, w, z)"
65k,3,trộn chữ và số + không có nguyên âm
gh,3,không có nguyên âm
mm,3,không có nguyên âm
bst,3,không có nguyên âm
jj,3,"chữ Latin ngoài bảng chữ cái tiếng Việt (f, j, w, z) + không có nguyên âm"
away,3,"chữ Latin ngoài bảng chữ cái tiếng Việt (f, j, w, z)"
chx,3,không có nguyên âm
nđt,3,không có nguyên âm
zay,3,"chữ Latin ngoài bảng chữ cái tiếng Việt (f, j, w, z)"
đcc,3,không có nguyên âm
đg,3,không có nguyên âm
xs,3,không có nguyên âm
jg,3,"chữ Latin ngoài bảng chữ cái tiếng Việt (f, j, w, z) + không có nguyên âm"
zậy,3,"chữ Latin ngoài bảng chữ cái tiếng Việt (f, j, w, z)"
v20,3,trộn chữ và số + không có nguyên âm
300k,3,trộn chữ và số + không có nguyên âm
4k,3,trộn chữ và số + không có nguyên âm
42k,3,trộn chữ và số + không có nguyên âm
2cây,3,trộn chữ và số
dks,3,không có nguyên âm
finish,3,"chữ Latin ngoài bảng chữ cái tiếng Việt (f, j, w, z)"
𝑵,3,chữ không phải chữ Latin (ký tự trang trí / tiếng nước ngoài)
js,3,"chữ Latin ngoài bảng chữ cái tiếng Việt (f, j, w, z) + không có nguyên âm"
won,3,"chữ Latin ngoài bảng chữ cái tiếng Việt (f, j, w, z)"
120k,3,trộn chữ và số + không có nguyên âm
job,3,"chữ Latin ngoài bảng chữ cái tiếng Việt (f, j, w, z)"
24h,3,trộn chữ và số + không có nguyên âm
4tiếng,3,trộn chữ và số
nnnn,3,không có nguyên âm
runaway,3,"chữ Latin ngoài bảng chữ cái tiếng Việt (f, j, w, z)"
37k,3,trộn chữ và số + không có nguyên âm
depj,3,"chữ Latin ngoài bảng chữ cái tiếng Việt (f, j, w, z)"
df,3,"chữ Latin ngoài bảng chữ cái tiếng Việt (f, j, w, z) + không có nguyên âm"
sg,3,không có nguyên âm
샤워를,3,chữ không phải chữ Latin (ký tự trang trí / tiếng nước ngoài)
하는,3,chữ không phải chữ Latin (ký tự trang trí / tiếng nước ngoài)
owiiii,3,"chữ Latin ngoài bảng chữ cái tiếng Việt (f, j, w, z)"
3h,3,trộn chữ và số + không có nguyên âm
8đ,3,trộn chữ và số + không có nguyên âm
90k,3,trộn chữ và số + không có nguyên âm
depjdf,3,"chữ Latin ngoài bảng chữ cái tiếng Việt (f, j, w, z)"
cm,3,không có nguyên âm
form,3,"chữ Latin ngoài bảng chữ cái tiếng Việt (f, j, w, z)"
60k,3,trộn chữ và số + không có nguyên âm
waist,3,"chữ Latin ngoài bảng chữ cái tiếng Việt (f, j, w, z)"
foot,3,"chữ Latin ngoài bảng chữ cái tiếng Việt (f, j, w, z)"
front,3,"chữ Latin ngoài bảng chữ cái tiếng Việt (f, j, w, z)"
vaiz,3,"chữ Latin ngoài bảng chữ cái tiếng Việt (f, j, w, z)"
zq,3,"chữ Latin ngoài bảng chữ cái tiếng Việt (f, j, w, z) + không có nguyên âm"
zqu,3,"chữ Latin ngoài bảng chữ cái tiếng Việt (f, j, w, z)"
will,3,"chữ Latin ngoài bảng chữ cái tiếng Việt (f, j, w, z)"
sbs,3,không có nguyên âm
ln,3,không có nguyên âm
vvvv,3,không có nguyên âm
2l,3,trộn chữ và số + không có nguyên âm
zalo,3,"chữ Latin ngoài bảng chữ cái tiếng Việt (f, j, w, z)"
140k,3,trộn chữ và số + không có nguyên âm
fail,3,"chữ Latin ngoài bảng chữ cái tiếng Việt (f, j, w, z)"
đpej,3,"chữ Latin ngoài bảng chữ cái tiếng Việt (f, j, w, z)"
15k,3,trộn chữ và số + không có nguyên âm
ghjhbfffggjjgghjjbvfgmajzzbssbszbzbjsksnsnsbsbsbs,3,"chữ Latin ngoài bảng chữ cái tiếng Việt (f, j, w, z)"
𝐭,3,chữ không phải chữ Latin (ký tự trang trí / tiếng nước ngoài)
first,3,"chữ Latin ngoài bảng chữ cái tiếng Việt (f, j, w, z)"
gj,3,"chữ Latin ngoài bảng chữ cái tiếng Việt (f, j, w, z) + không có nguyên âm"
sx,3,không có nguyên âm
dj,3,"chữ Latin ngoài bảng chữ cái tiếng Việt (f, j, w, z) + không có nguyên âm"
ktx,3,không có nguyên âm
hd,3,không có nguyên âm
wow,3,"chữ Latin ngoài bảng chữ cái tiếng Việt (f, j, w, z)"
hhh,2,không có nguyên âm
fj,2,"chữ Latin ngoài bảng chữ cái tiếng Việt (f, j, w, z) + không có nguyên âm"
fbrffnrjfh,2,"chữ Latin ngoài bảng chữ cái tiếng Việt (f, j, w, z) + không có nguyên âm"
waaa,2,"chữ Latin ngoài bảng chữ cái tiếng Việt (f, j, w, z)"
hdhdhd,2,không có nguyên âm
lươngj,2,"chữ Latin ngoài bảng chữ cái tiếng Việt (f, j, w, z)"
24k,2,trộn chữ và số + không có nguyên âm
hjc,2,"chữ Latin ngoài bảng chữ cái tiếng Việt (f, j, w, z) + không có nguyên âm"
kw,2,"chữ Latin ngoài bảng chữ cái tiếng Việt (f, j, w, z) + không có nguyên âm"
30s,2,trộn chữ và số + không có nguyên âm
tvt,2,không có nguyên âm
kakdjwksmdmdjjd,2,"chữ Latin ngoài bảng chữ cái tiếng Việt (f, j, w, z)"
7h,2,trộn chữ và số + không có nguyên âm
1h,2,trộn chữ và số + không có nguyên âm
now,2,"chữ Latin ngoài bảng chữ cái tiếng Việt (f, j, w, z)"
thegioiskinfood,2,"chữ Latin ngoài bảng chữ cái tiếng Việt (f, j, w, z)"
vif,2,"chữ Latin ngoài bảng chữ cái tiếng Việt (f, j, w, z)"
tkc,2,không có nguyên âm
riview,2,"chữ Latin ngoài bảng chữ cái tiếng Việt (f, j, w, z)"
btw,2,"chữ Latin ngoài bảng chữ cái tiếng Việt (f, j, w, z) + không có nguyên âm"
10đỉm,2,trộn chữ và số
jw,2,"chữ Latin ngoài bảng chữ cái tiếng Việt (f, j, w, z) + không có nguyên âm"
vx,2,không có nguyên âm
sjd,2,"chữ Latin ngoài bảng chữ cái tiếng Việt (f, j, w, z) + không có nguyên âm"
sj,2,"chữ Latin ngoài bảng chữ cái tiếng Việt (f, j, w, z) + không có nguyên âm"
80k,2,trộn chữ và số + không có nguyên âm
freeship,2,"chữ Latin ngoài bảng chữ cái tiếng Việt (f, j, w, z)"
ss,2,không có nguyên âm
dmd,2,không có nguyên âm
mjk,2,"chữ Latin ngoài bảng chữ cái tiếng Việt (f, j, w, z) + không có nguyên âm"
mc,2,không có nguyên âm
lp,2,không có nguyên âm
rw,2,"chữ Latin ngoài bảng chữ cái tiếng Việt (f, j, w, z) + không có nguyên âm"
we,2,"chữ Latin ngoài bảng chữ cái tiếng Việt (f, j, w, z)"
td,2,không có nguyên âm
mnnnn,2,không có nguyên âm
jong,2,"chữ Latin ngoài bảng chữ cái tiếng Việt (f, j, w, z)"
wi,2,"chữ Latin ngoài bảng chữ cái tiếng Việt (f, j, w, z)"
joon,2,"chữ Latin ngoài bảng chữ cái tiếng Việt (f, j, w, z)"
ld,2,không có nguyên âm
400k,2,trộn chữ và số + không có nguyên âm
wá,2,"chữ Latin ngoài bảng chữ cái tiếng Việt (f, j, w, z)"
dzị,2,"chữ Latin ngoài bảng chữ cái tiếng Việt (f, j, w, z)"
family,2,"chữ Latin ngoài bảng chữ cái tiếng Việt (f, j, w, z)"
s2,2,trộn chữ và số + không có nguyên âm
ds,2,không có nguyên âm
5h,2,trộn chữ và số + không có nguyên âm
mnnnnnnn,2,không có nguyên âm
gg,2,không có nguyên âm
dbd,2,không có nguyên âm
m25,2,trộn chữ và số + không có nguyên âm
fine,2,"chữ Latin ngoài bảng chữ cái tiếng Việt (f, j, w, z)"
sez,2,"chữ Latin ngoài bảng chữ cái tiếng Việt (f, j, w, z)"
jjj,2,"chữ Latin ngoài bảng chữ cái tiếng Việt (f, j, w, z) + không có nguyên âm"
아니,2,chữ không phải chữ Latin (ký tự trang trí / tiếng nước ngoài)
zá,2,"chữ Latin ngoài bảng chữ cái tiếng Việt (f, j, w, z)"
lf,2,"chữ Latin ngoài bảng chữ cái tiếng Việt (f, j, w, z) + không có nguyên âm"
fall,2,"chữ Latin ngoài bảng chữ cái tiếng Việt (f, j, w, z)"
51k,2,trộn chữ và số + không có nguyên âm
m5,2,trộn chữ và số + không có nguyên âm
79k,2,trộn chữ và số + không có nguyên âm
just,2,"chữ Latin ngoài bảng chữ cái tiếng Việt (f, j, w, z)"
hj,2,"chữ Latin ngoài bảng chữ cái tiếng Việt (f, j, w, z) + không có nguyên âm"
sppp,2,không có nguyên âm
gd,2,không có nguyên âm
97k,2,trộn chữ và số + không có nguyên âm
rewiew,2,"chữ Latin ngoài bảng chữ cái tiếng Việt (f, j, w, z)"
cungz,2,"chữ Latin ngoài bảng chữ cái tiếng Việt (f, j, w, z)"
t6,2,trộn chữ và số + không có nguyên âm
mnnnnn,2,không có nguyên âm
đvvc,2,không có nguyên âm
17k,2,trộn chữ và số + không có nguyên âm
hmmmmmmmmmmmmm,2,không có nguyên âm
blazer,2,"chữ Latin ngoài bảng chữ cái tiếng Việt (f, j, w, z)"
cf,2,"chữ Latin ngoài bảng chữ cái tiếng Việt (f, j, w, z) + không có nguyên âm"
gv,2,không có nguyên âm
𝐔,2,chữ không phải chữ Latin (ký tự trang trí / tiếng nước ngoài)
2w,2,"chữ Latin ngoài bảng chữ cái tiếng Việt (f, j, w, z) + trộn chữ và số + không có nguyên âm"
đv,2,không có nguyên âm
wechat,2,"chữ Latin ngoài bảng chữ cái tiếng Việt (f, j, w, z)"
cmnl,2,không có nguyên âm
hshs,2,không có nguyên âm
srm,2,không có nguyên âm
2lần,2,trộn chữ và số
xjnk,2,"chữ Latin ngoài bảng chữ cái tiếng Việt (f, j, w, z) + không có nguyên âm"
125k,2,trộn chữ và số + không có nguyên âm
zô,2,"chữ Latin ngoài bảng chữ cái tiếng Việt (f, j, w, z)"
kd,2,không có nguyên âm
dh,2,không có nguyên âm
je,2,"chữ Latin ngoài bảng chữ cái tiếng Việt (f, j, w, z)"
hhhhhhhhhhhhhhhhhhhhhhhhhhhhhhhhhh,2,không có nguyên âm
117k,2,trộn chữ và số + không có nguyên âm
đcđ,2,không có nguyên âm
つ,2,chữ không phải chữ Latin (ký tự trang trí / tiếng nước ngoài)
t5,2,trộn chữ và số + không có nguyên âm
tl,2,không có nguyên âm
kkkkkkkkkkkkkkkkkkkkkkk,2,không có nguyên âm
haizzzz,2,"chữ Latin ngoài bảng chữ cái tiếng Việt (f, j, w, z)"
0k,2,trộn chữ và số + không có nguyên âm
nhiwng,2,"chữ Latin ngoài bảng chữ cái tiếng Việt (f, j, w, z)"
mg,2,không có nguyên âm
what,2,"chữ Latin ngoài bảng chữ cái tiếng Việt (f, j, w, z)"
47k,2,trộn chữ và số + không có nguyên âm
face,2,"chữ Latin ngoài bảng chữ cái tiếng Việt (f, j, w, z)"
kaf,2,"chữ Latin ngoài bảng chữ cái tiếng Việt (f, j, w, z)"
cskh,2,không có nguyên âm
9d,2,trộn chữ và số + không có nguyên âm
fwb,2,"chữ Latin ngoài bảng chữ cái tiếng Việt (f, j, w, z) + không có nguyên âm"
p2p,2,trộn chữ và số + không có nguyên âm
자주,2,chữ không phải chữ Latin (ký tự trang trí / tiếng nước ngoài)
피부에,2,chữ không phải chữ Latin (ký tự trang trí / tiếng nước ngoài)
한다,2,chữ không phải chữ Latin (ký tự trang trí / tiếng nước ngoài)
500k,2,trộn chữ và số + không có nguyên âm
co2,2,trộn chữ và số
outfit,2,"chữ Latin ngoài bảng chữ cái tiếng Việt (f, j, w, z)"
62k,2,trộn chữ và số + không có nguyên âm
v07,2,trộn chữ và số + không có nguyên âm
づ,2,chữ không phải chữ Latin (ký tự trang trí / tiếng nước ngoài)
bl,2,không có nguyên âm
amazing,2,"chữ Latin ngoài bảng chữ cái tiếng Việt (f, j, w, z)"
dnd,2,không có nguyên âm
6k,2,trộn chữ và số + không có nguyên âm
kkkkkkkkk,2,không có nguyên âm
3s,2,trộn chữ và số + không có nguyên âm
flags,2,"chữ Latin ngoài bảng chữ cái tiếng Việt (f, j, w, z)"
101cm,2,trộn chữ và số + không có nguyên âm
zz,2,"chữ Latin ngoài bảng chữ cái tiếng Việt (f, j, w, z) + không có nguyên âm"
kn,2,không có nguyên âm
ss06,2,trộn chữ và số + không có nguyên âm
mmm,2,không có nguyên âm
20ml,2,trộn chữ và số + không có nguyên âm
if,2,"chữ Latin ngoài bảng chữ cái tiếng Việt (f, j, w, z)"
135k,2,trộn chữ và số + không có nguyên âm
wc,2,"chữ Latin ngoài bảng chữ cái tiếng Việt (f, j, w, z) + không có nguyên âm"
159k,2,trộn chữ và số + không có nguyên âm
nck,2,không có nguyên âm
mmmmmmmmmmmm,2,không có nguyên âm
2cay,2,trộn chữ và số
23k,2,trộn chữ và số + không có nguyên âm
fl,2,"chữ Latin ngoài bảng chữ cái tiếng Việt (f, j, w, z) + không có nguyên âm"
goodjob,2,"chữ Latin ngoài bảng chữ cái tiếng Việt (f, j, w, z)"
luoengj,2,"chữ Latin ngoài bảng chữ cái tiếng Việt (f, j, w, z)"
lew,2,"chữ Latin ngoài bảng chữ cái tiếng Việt (f, j, w, z)"
15p,2,trộn chữ và số + không có nguyên âm
flan,2,"chữ Latin ngoài bảng chữ cái tiếng Việt (f, j, w, z)"
dns,2,không có nguyên âm
hsg,2,không có nguyên âm
dx,2,không có nguyên âm
fai,2,"chữ Latin ngoài bảng chữ cái tiếng Việt (f, j, w, z)"
1l,2,trộn chữ và số + không có nguyên âm
nl03,2,trộn chữ và số + không có nguyên âm
1tuần,2,trộn chữ và số
sw,2,"chữ Latin ngoài bảng chữ cái tiếng Việt (f, j, w, z) + không có nguyên âm"
zờiii,2,"chữ Latin ngoài bảng chữ cái tiếng Việt (f, j, w, z)"
3p,2,trộn chữ và số + không có nguyên âm
bnh,2,không có nguyên âm
0đ,2,trộn chữ và số + không có nguyên âm
mnn,2,không có nguyên âm
3g,2,trộn chữ và số + không có nguyên âm
hhhhhhhhhhh,2,không có nguyên âm
fs,2,"chữ Latin ngoài bảng chữ cái tiếng Việt (f, j, w, z) + không có nguyên âm"
wrong,2,"chữ Latin ngoài bảng chữ cái tiếng Việt (f, j, w, z)"
𝗰𝗵,2,chữ không phải chữ Latin (ký tự trang trí / tiếng nước ngoài)
𝗻,2,chữ không phải chữ Latin (ký tự trang trí / tiếng nước ngoài)
𝗴𝗶𝗮,2,chữ không phải chữ Latin (ký tự trang trí / tiếng nước ngoài)
a13,2,trộn chữ và số
ct,2,không có nguyên âm
bj,2,"chữ Latin ngoài bảng chữ cái tiếng Việt (f, j, w, z) + không có nguyên âm"
nhx,2,không có nguyên âm
microsoft,2,"chữ Latin ngoài bảng chữ cái tiếng Việt (f, j, w, z)"
𝐂𝐡𝐚,2,chữ không phải chữ Latin (ký tự trang trí / tiếng nước ngoài)
𝗡,2,chữ không phải chữ Latin (ký tự trang trí / tiếng nước ngoài)
𝗽,2,chữ không phải chữ Latin (ký tự trang trí / tiếng nước ngoài)
tv,2,không có nguyên âm
mp,2,không có nguyên âm
12h,2,trộn chữ và số + không có nguyên âm
aww,2,"chữ Latin ngoài bảng chữ cái tiếng Việt (f, j, w, z)"
100d,2,trộn chữ và số + không có nguyên âm
ckđ,2,không có nguyên âm
ts,2,không có nguyên âm
a22,2,trộn chữ và số
wook,2,"chữ Latin ngoài bảng chữ cái tiếng Việt (f, j, w, z)"
1k,2,trộn chữ và số + không có nguyên âm
khs,2,không có nguyên âm
dvd,2,không có nguyên âm
500mg,2,trộn chữ và số + không có nguyên âm
hhhhhhhh,2,không có nguyên âm
amazon,2,"chữ Latin ngoài bảng chữ cái tiếng Việt (f, j, w, z)"
gift,2,"chữ Latin ngoài bảng chữ cái tiếng Việt (f, j, w, z)"
d5,2,trộn chữ và số + không có nguyên âm
xnz,2,"chữ Latin ngoài bảng chữ cái tiếng Việt (f, j, w, z) + không có nguyên âm"
xnxxn,2,không có nguyên âm
đjb,2,"chữ Latin ngoài bảng chữ cái tiếng Việt (f, j, w, z) + không có nguyên âm"
ndndmdmdmfmdmmdmdmdndndndnnfnfnfnf,1,"chữ Latin ngoài bảng chữ cái tiếng Việt (f, j, w, z) + không có nguyên âm"
hgtgjgssyhhygrtgoklo,1,"chữ Latin ngoài bảng chữ cái tiếng Việt (f, j, w, z)"
jcthjh,1,"chữ Latin ngoài bảng chữ cái tiếng Việt (f, j, w, z) + không có nguyên âm"
ỵnghfghj,1,"chữ Latin ngoài bảng chữ cái tiếng Việt (f, j, w, z)"
ghhhhhhh,1,không có nguyên âm
đẹpggffggffffgggggggggggggg,1,"chữ Latin ngoài bảng chữ cái tiếng Việt (f, j, w, z)"
dfgbybybtbtvtvtvtvtvh,1,"chữ Latin ngoài bảng chữ cái tiếng Việt (f, j, w, z)"
vgvg,1,không có nguyên âm
tvtvrvtvkzjgd,1,"chữ Latin ngoài bảng chữ cái tiếng Việt (f, j, w, z) + không có nguyên âm"
vvt,1,không có nguyên âm
ggfgghhgyhubybyn,1,"chữ Latin ngoài bảng chữ cái tiếng Việt (f, j, w, z)"
znnsk,1,"chữ Latin ngoài bảng chữ cái tiếng Việt (f, j, w, z) + không có nguyên âm"
jwojwgsujd,1,"chữ Latin ngoài bảng chữ cái tiếng Việt (f, j, w, z)"
nksbshsj,1,"chữ Latin ngoài bảng chữ cái tiếng Việt (f, j, w, z) + không có nguyên âm"
nạnahsnbsznmajabsb,1,"chữ Latin ngoài bảng chữ cái tiếng Việt (f, j, w, z)"
sgk,1,không có nguyên âm
sbt,1,không có nguyên âm
vbt,1,không có nguyên âm
swash,1,"chữ Latin ngoài bảng chữ cái tiếng Việt (f, j, w, z)"
syhsjsnsj,1,"chữ Latin ngoài bảng chữ cái tiếng Việt (f, j, w, z)"
svdhjssk,1,"chữ Latin ngoài bảng chữ cái tiếng Việt (f, j, w, z) + không có nguyên âm"
zgsjsnsn,1,"chữ Latin ngoài bảng chữ cái tiếng Việt (f, j, w, z) + không có nguyên âm"
zkvjzviaviaviaojlbkzvifs8gsobalsblzbpzv9sg9sgosbzlbzlvzogisgosbzlbzkvzivsosvlzbzogzogs9vslzvozvozvozg8sg8sgosbzlbzl,1,"chữ Latin ngoài bảng chữ cái tiếng Việt (f, j, w, z) + trộn chữ và số"
zovgzozvozvlzblzbpznpzjpznpzbosv9sfgsosvpsbpzb9shs9h9,1,"chữ Latin ngoài bảng chữ cái tiếng Việt (f, j, w, z) + trộn chữ và số"
jsosjvedvddddkebssqvkesbkwhsoehskekebsbshshdjsjsns,1,"chữ Latin ngoài bảng chữ cái tiếng Việt (f, j, w, z)"
cfjmloysaxlmmvxaqeykknbnnhfasukmvxcjjhydzvnj,1,"chữ Latin ngoài bảng chữ cái tiếng Việt (f, j, w, z)"
nkigbnwish,1,"chữ Latin ngoài bảng chữ cái tiếng Việt (f, j, w, z)"
jixugxbn,1,"chữ Latin ngoài bảng chữ cái tiếng Việt (f, j, w, z)"
dkaiaugbdndjuznz,1,"chữ Latin ngoài bảng chữ cái tiếng Việt (f, j, w, z)"
đfgyuujhgđfyjjyu,1,"chữ Latin ngoài bảng chữ cái tiếng Việt (f, j, w, z)"
đz,1,"chữ Latin ngoài bảng chữ cái tiếng Việt (f, j, w, z) + không có nguyên âm"
dhbhjjjstdjgkhkfhfkjljlxhfohpupyigpjjphi,1,"chữ Latin ngoài bảng chữ cái tiếng Việt (f, j, w, z)"
jfe,1,"chữ Latin ngoài bảng chữ cái tiếng Việt (f, j, w, z)"
dmqnjdnchkan,1,"chữ Latin ngoài bảng chữ cái tiếng Việt (f, j, w, z)"
ekdnnfjd,1,"chữ Latin ngoài bảng chữ cái tiếng Việt (f, j, w, z)"
tgsf,1,"chữ Latin ngoài bảng chữ cái tiếng Việt (f, j, w, z) + không có nguyên âm"
jsbdkwhxksdkslshxkslbdksbckdkdgskwkdbkxxkvhkdsakzvfmslbcks,1,"chữ Latin ngoài bảng chữ cái tiếng Việt (f, j, w, z)"
vvkkj,1,"chữ Latin ngoài bảng chữ cái tiếng Việt (f, j, w, z) + không có nguyên âm"
lzojahsusus,1,"chữ Latin ngoài bảng chữ cái tiếng Việt (f, j, w, z)"
kousvwgw,1,"chữ Latin ngoài bảng chữ cái tiếng Việt (f, j, w, z)"
vbchfhchccvxxxgvxvxbxvdvdhchfhfhfjfufrdhrbfcvxsfhdjgmhbchfjgkhcgxdkbm,1,"chữ Latin ngoài bảng chữ cái tiếng Việt (f, j, w, z)"
shrghhdhj,1,"chữ Latin ngoài bảng chữ cái tiếng Việt (f, j, w, z) + không có nguyên âm"
cbmhm,1,không có nguyên âm
mbmb,1,không có nguyên âm
depjd,1,"chữ Latin ngoài bảng chữ cái tiếng Việt (f, j, w, z)"
coffee,1,"chữ Latin ngoài bảng chữ cái tiếng Việt (f, j, w, z)"
fback,1,"chữ Latin ngoài bảng chữ cái tiếng Việt (f, j, w, z)"
hm,1,không có nguyên âm
zới,1,"chữ Latin ngoài bảng chữ cái tiếng Việt (f, j, w, z)"
sdvjkkutdcbnlljgfewqascvnnkh,1,"chữ Latin ngoài bảng chữ cái tiếng Việt (f, j, w, z)"
msaf,1,"chữ Latin ngoài bảng chữ cái tiếng Việt (f, j, w, z)"
xinhhhhhhhhhhhhhjjhbbbb,1,"chữ Latin ngoài bảng chữ cái tiếng Việt (f, j, w, z)"
skhsudbhdjdhsujdhduixbxhdujdbd,1,"chữ Latin ngoài bảng chữ cái tiếng Việt (f, j, w, z)"
ghskavacshhj,1,"chữ Latin ngoài bảng chữ cái tiếng Việt (f, j, w, z)"
3tuần,1,trộn chữ và số
1xx,1,trộn chữ và số + không có nguyên âm
2xx,1,trộn chữ và số + không có nguyên âm
kdultsjgsjfsuarsrdgjxmbxmbxmbmvdjsnrwhwjgdgyxkckhckgdutshtzuxugxicjhhkcugdufshfhochcjohkgdjtwrsuxgihcjvbxgjdjfsjgsjgxychchcjvkbuzhtdjvk,1,"chữ Latin ngoài bảng chữ cái tiếng Việt (f, j, w, z)"
kcm,1,không có nguyên âm
djjssj,1,"chữ Latin ngoài bảng chữ cái tiếng Việt (f, j, w, z) + không có nguyên âm"
kdjdjdjđjjdj,1,"chữ Latin ngoài bảng chữ cái tiếng Việt (f, j, w, z) + không có nguyên âm"
txtxrtxgiojojjoycctsswaaaetxhvonnobk,1,"chữ Latin ngoài bảng chữ cái tiếng Việt (f, j, w, z)"
jh,1,"chữ Latin ngoài bảng chữ cái tiếng Việt (f, j, w, z) + không có nguyên âm"
cxxtzrsrrrscuiv,1,"chữ Latin ngoài bảng chữ cái tiếng Việt (f, j, w, z)"
sksoisjsnssisidjxbshs,1,"chữ Latin ngoài bảng chữ cái tiếng Việt (f, j, w, z)"
hahahahahahahahihiihihihihihihij,1,"chữ Latin ngoài bảng chữ cái tiếng Việt (f, j, w, z)"
bra12,1,trộn chữ và số
bzjnsjmsnks,1,"chữ Latin ngoài bảng chữ cái tiếng Việt (f, j, w, z) + không có nguyên âm"
kkkjajakakaja,1,"chữ Latin ngoài bảng chữ cái tiếng Việt (f, j, w, z)"
hsvd,1,không có nguyên âm
dksjeirv,1,"chữ Latin ngoài bảng chữ cái tiếng Việt (f, j, w, z)"
dje,1,"chữ Latin ngoài bảng chữ cái tiếng Việt (f, j, w, z)"
nfs,1,"chữ Latin ngoài bảng chữ cái tiếng Việt (f, j, w, z) + không có nguyên âm"
hfdnamwobf,1,"chữ Latin ngoài bảng chữ cái tiếng Việt (f, j, w, z)"
dbdjwkiebs,1,"chữ Latin ngoài bảng chữ cái tiếng Việt (f, j, w, z)"
amqlwoqowberjiekwa,1,"chữ Latin ngoài bảng chữ cái tiếng Việt (f, j, w, z)"
bđ,1,không có nguyên âm
keksjsnnxjkskskskskskss,1,"chữ Latin ngoài bảng chữ cái tiếng Việt (f, j, w, z)"
đvcc,1,không có nguyên âm
tronf,1,"chữ Latin ngoài bảng chữ cái tiếng Việt (f, j, w, z)"
hnagf,1,"chữ Latin ngoài bảng chữ cái tiếng Việt (f, j, w, z)"
88k,1,trộn chữ và số + không có nguyên âm
mnnnnnnnnnmnnnnnnnnnnnnnnnmnnmnmmmmmmmmmmmmkmmmmmmmm,1,không có nguyên âm
cguws,1,"chữ Latin ngoài bảng chữ cái tiếng Việt (f, j, w, z)"
hciciyfutfufyigugvigufugtdugihojbih,1,"chữ Latin ngoài bảng chữ cái tiếng Việt (f, j, w, z)"
iddtkydoyddigxogxkdxxoxkgxoydoydiydkydkgdkgxododoydoydlhflyclhclhflhclhxkckyckyxyodktitxiu,1,"chữ Latin ngoài bảng chữ cái tiếng Việt (f, j, w, z)"
jrhdhxywiwihdbxheuwwveueucvdjjshw,1,"chữ Latin ngoài bảng chữ cái tiếng Việt (f, j, w, z)"
za,1,"chữ Latin ngoài bảng chữ cái tiếng Việt (f, j, w, z)"
jennie,1,"chữ Latin ngoài bảng chữ cái tiếng Việt (f, j, w, z)"
follow,1,"chữ Latin ngoài bảng chữ cái tiếng Việt (f, j, w, z)"
ajjjjjjjjjj,1,"chữ Latin ngoài bảng chữ cái tiếng Việt (f, j, w, z)"
hchfbdjodfnfbudjd,1,"chữ Latin ngoài bảng chữ cái tiếng Việt (f, j, w, z)"
akdkxndkcsnckxnslsjsnclxnckxcksndksndlvns,1,"chữ Latin ngoài bảng chữ cái tiếng Việt (f, j, w, z)"
ccl,1,không có nguyên âm
lamf,1,"chữ Latin ngoài bảng chữ cái tiếng Việt (f, j, w, z)"
ahiabscsisbsjsvnanankk,1,"chữ Latin ngoài bảng chữ cái tiếng Việt (f, j, w, z)"
ksknzjknaizjiszbizhus,1,"chữ Latin ngoài bảng chữ cái tiếng Việt (f, j, w, z)"
nheieuf,1,"chữ Latin ngoài bảng chữ cái tiếng Việt (f, j, w, z)"
jegvwnakakwondckwospznbb,1,"chữ Latin ngoài bảng chữ cái tiếng Việt (f, j, w, z)"
sjdjfejdkfcidkjdisisdjjcifrnjsieoeofofovvv,1,"chữ Latin ngoài bảng chữ cái tiếng Việt (f, j, w, z)"
hshshzkzlazkzjzhzhzhzhzjzhzzznznznzn,1,"chữ Latin ngoài bảng chữ cái tiếng Việt (f, j, w, z)"
tkkm,1,không có nguyên âm
bnsnsjnsjsmslnsksnsjnsksnjznsksknshsbkskksnsknsksknxb,1,"chữ Latin ngoài bảng chữ cái tiếng Việt (f, j, w, z) + không có nguyên âm"
ghhcfghbvff,1,"chữ Latin ngoài bảng chữ cái tiếng Việt (f, j, w, z) + không có nguyên âm"
qwertyuiopasdfghjklzxcvbnm1234567890,1,"chữ Latin ngoài bảng chữ cái tiếng Việt (f, j, w, z) + trộn chữ và số"
chiuf,1,"chữ Latin ngoài bảng chữ cái tiếng Việt (f, j, w, z)"
cambdjkc,1,"chữ Latin ngoài bảng chữ cái tiếng Việt (f, j, w, z)"
ndkxj,1,"chữ Latin ngoài bảng chữ cái tiếng Việt (f, j, w, z) + không có nguyên âm"
dvfncbcjokfnc,1,"chữ Latin ngoài bảng chữ cái tiếng Việt (f, j, w, z)"
xnmxkxc,1,không có nguyên âm
cnnnmhkhmgnbbv,1,không có nguyên âm
fnjcjcj,1,"chữ Latin ngoài bảng chữ cái tiếng Việt (f, j, w, z) + không có nguyên âm"
34k,1,trộn chữ và số + không có nguyên âm
dzoi,1,"chữ Latin ngoài bảng chữ cái tiếng Việt (f, j, w, z)"
mngggg,1,không có nguyên âm
𝐎𝖐,1,chữ không phải chữ Latin (ký tự trang trí / tiếng nước ngoài)
luọnwng,1,"chữ Latin ngoài bảng chữ cái tiếng Việt (f, j, w, z)"
vhjdndkdofjf,1,"chữ Latin ngoài bảng chữ cái tiếng Việt (f, j, w, z)"
fidkdhdudjdhfsgsgscsydgsgsgsgs,1,"chữ Latin ngoài bảng chữ cái tiếng Việt (f, j, w, z)"
ckwjnamwjejeiekesndbxhdjkewkananbsjejwkwwjkwkakw,1,"chữ Latin ngoài bảng chữ cái tiếng Việt (f, j, w, z)"
nn,1,không có nguyên âm
1th,1,trộn chữ và số + không có nguyên âm
hhhjjjjjjjjjjjjjjjjjj,1,"chữ Latin ngoài bảng chữ cái tiếng Việt (f, j, w, z) + không có nguyên âm"
71bs8un1s8un1sun28usnu82nsu82sn8u2ndu8nd8u2nsu8wnd8undw9uwndu92ndnssssss,1,"chữ Latin ngoài bảng chữ cái tiếng Việt (f, j, w, z) + trộn chữ và số"
hsudhdjj,1,"chữ Latin ngoài bảng chữ cái tiếng Việt (f, j, w, z)"
hdhdj,1,"chữ Latin ngoài bảng chữ cái tiếng Việt (f, j, w, z) + không có nguyên âm"
ududhdjfjndnd,1,"chữ Latin ngoài bảng chữ cái tiếng Việt (f, j, w, z)"
xjdkjd,1,"chữ Latin ngoài bảng chữ cái tiếng Việt (f, j, w, z) + không có nguyên âm"
sjn,1,"chữ Latin ngoài bảng chữ cái tiếng Việt (f, j, w, z) + không có nguyên âm"
jsjsjsjsh,1,"chữ Latin ngoài bảng chữ cái tiếng Việt (f, j, w, z) + không có nguyên âm"
ggg,1,không có nguyên âm
xhsb,1,không có nguyên âm
bdbdjdjdbsjsbsbdbdjdbsjsbdbdbbdbdbbdbdjdjhdhdhd,1,"chữ Latin ngoài bảng chữ cái tiếng Việt (f, j, w, z) + không có nguyên âm"
bzhdhd,1,"chữ Latin ngoài bảng chữ cái tiếng Việt (f, j, w, z) + không có nguyên âm"
gfgbhgvudbsbjdbdjdbdjdndbdjdbdjdbdjdbdjdbdndjdjdbjdbdbdndbdbdhbbb,1,"chữ Latin ngoài bảng chữ cái tiếng Việt (f, j, w, z)"
nic3,1,trộn chữ và số
100000đ,1,trộn chữ và số + không có nguyên âm
wmwksnssk,1,"chữ Latin ngoài bảng chữ cái tiếng Việt (f, j, w, z) + không có nguyên âm"
hâhhhsusoxjxbssgsgshdhdhdhdhdhdhbđhdhdhdhdhdhhhggthdjdjd,1,"chữ Latin ngoài bảng chữ cái tiếng Việt (f, j, w, z)"
16000mah,1,trộn chữ và số
hdjêj8wjdbiwjwbdhùubbdhsgsgsgshsgsvgsgsgwgwghs,1,"chữ Latin ngoài bảng chữ cái tiếng Việt (f, j, w, z) + trộn chữ và số"
mvlalcncjskabcjdkakckakcnakcnd,1,"chữ Latin ngoài bảng chữ cái tiếng Việt (f, j, w, z)"
gjghcjjybgnn,1,"chữ Latin ngoài bảng chữ cái tiếng Việt (f, j, w, z)"
ajajshsjsjaiaidjgdnsnanananajjsisisksksksk,1,"chữ Latin ngoài bảng chữ cái tiếng Việt (f, j, w, z)"
nsbs,1,không có nguyên âm
nsnsnsnsn,1,không có nguyên âm
hendjwkksj,1,"chữ Latin ngoài bảng chữ cái tiếng Việt (f, j, w, z)"
djdnjfndk,1,"chữ Latin ngoài bảng chữ cái tiếng Việt (f, j, w, z) + không có nguyên âm"
sjsmskdnkd,1,"chữ Latin ngoài bảng chữ cái tiếng Việt (f, j, w, z) + không có nguyên âm"
ejdmdksmvdjdmnd,1,"chữ Latin ngoài bảng chữ cái tiếng Việt (f, j, w, z)"
vcccc,1,không có nguyên âm
sgsksbgfjekdhxukwkssjbsbsnsnsnsnsnsnsnsnsnsmsns,1,"chữ Latin ngoài bảng chữ cái tiếng Việt (f, j, w, z)"
kkkkkkkkkkkkkkkkkkkkkkkkkkkkkkk,1,không có nguyên âm
thanhhien5060,1,trộn chữ và số
slowly,1,"chữ Latin ngoài bảng chữ cái tiếng Việt (f, j, w, z)"
dggggjnfuchhjjredhbnkhgfffcnjfscvhihd,1,"chữ Latin ngoài bảng chữ cái tiếng Việt (f, j, w, z)"
djsjsjsjsjsjsjsjdbjjjjdbdfncsncgzbzylaqvdxhnhcgc,1,"chữ Latin ngoài bảng chữ cái tiếng Việt (f, j, w, z)"
11111e,1,trộn chữ và số
hhsjshhhsbsbbsbsbsbbsbhhhhhhhgg,1,"chữ Latin ngoài bảng chữ cái tiếng Việt (f, j, w, z) + không có nguyên âm"
ndnnsndk,1,không có nguyên âm
jjsnsns,1,"chữ Latin ngoài bảng chữ cái tiếng Việt (f, j, w, z) + không có nguyên âm"
snnsnxksnsndksnxnakznnsajxnkabdjsbdkanzkamnsnsnsmsnxndndndkajfnwkdjksamdnkandiamsmalsnsisnfidnxjxnskxcnjzkak,1,"chữ Latin ngoài bảng chữ cái tiếng Việt (f, j, w, z)"
e7euue,1,trộn chữ và số
hgh,1,không có nguyên âm
hgjuh,1,"chữ Latin ngoài bảng chữ cái tiếng Việt (f, j, w, z)"
hdjfkkfnfjfkkfjfndkjfndbdjcbbdhdb,1,"chữ Latin ngoài bảng chữ cái tiếng Việt (f, j, w, z) + không có nguyên âm"
2thỏi,1,trộn chữ và số
hshsuwjehebsbsbsbsbbsbsbsbsbsbzbzbzb,1,"chữ Latin ngoài bảng chữ cái tiếng Việt (f, j, w, z)"
6g,1,trộn chữ và số + không có nguyên âm
hậmdhjajansjdjjajajsjajajnđjndndndjdndndnn,1,"chữ Latin ngoài bảng chữ cái tiếng Việt (f, j, w, z)"
qtdq,1,không có nguyên âm
1tr3,1,trộn chữ và số + không có nguyên âm
uiwhebbs,1,"chữ Latin ngoài bảng chữ cái tiếng Việt (f, j, w, z)"
jeoeibejej,1,"chữ Latin ngoài bảng chữ cái tiếng Việt (f, j, w, z)"
okwkksksjjsjdjjsjdns,1,"chữ Latin ngoài bảng chữ cái tiếng Việt (f, j, w, z)"
revew,1,"chữ Latin ngoài bảng chữ cái tiếng Việt (f, j, w, z)"
hsfng,1,"chữ Latin ngoài bảng chữ cái tiếng Việt (f, j, w, z) + không có nguyên âm"
awww,1,"chữ Latin ngoài bảng chữ cái tiếng Việt (f, j, w, z)"
ksnxisnhxjsnbxjdnsjs,1,"chữ Latin ngoài bảng chữ cái tiếng Việt (f, j, w, z)"
kdldlksjdks,1,"chữ Latin ngoài bảng chữ cái tiếng Việt (f, j, w, z) + không có nguyên âm"
sjdjsjjdjsjd,1,"chữ Latin ngoài bảng chữ cái tiếng Việt (f, j, w, z) + không có nguyên âm"
adjsjjbs,1,"chữ Latin ngoài bảng chữ cái tiếng Việt (f, j, w, z)"
caof,1,"chữ Latin ngoài bảng chữ cái tiếng Việt (f, j, w, z)"
xxcxnncnxnbbvjkxnsnnsnsekkfmfmfccc,1,"chữ Latin ngoài bảng chữ cái tiếng Việt (f, j, w, z)"
ỷekdkyfhcymskghxbcbdgchclhgkghinggucujf,1,"chữ Latin ngoài bảng chữ cái tiếng Việt (f, j, w, z)"
fyjgufugjbvflhhinh,1,"chữ Latin ngoài bảng chữ cái tiếng Việt (f, j, w, z)"
hsjdhdhhxbxhdgdbdbhxhxbcbdbxhxhxhxhxxhxhc,1,"chữ Latin ngoài bảng chữ cái tiếng Việt (f, j, w, z) + không có nguyên âm"
nânnannananaanannaananannahehejwjwanmamanajajaj,1,"chữ Latin ngoài bảng chữ cái tiếng Việt (f, j, w, z)"
yixtuzitxp7druxhl,1,"chữ Latin ngoài bảng chữ cái tiếng Việt (f, j, w, z) + trộn chữ và số"
hl,1,không có nguyên âm
tĩy8,1,trộn chữ và số
hovy9ct8x47zru,1,"chữ Latin ngoài bảng chữ cái tiếng Việt (f, j, w, z) + trộn chữ và số"
y9xru,1,trộn chữ và số
jpct7,1,"chữ Latin ngoài bảng chữ cái tiếng Việt (f, j, w, z) + trộn chữ và số + không có nguyên âm"
y8xtu,1,trộn chữ và số
bxncnfnfncncnncncncmcmclallalallalalzlxkm,1,"chữ Latin ngoài bảng chữ cái tiếng Việt (f, j, w, z)"
nnsnxnnxncncncnc,1,không có nguyên âm
cmsgmsgmdgmsdxv,1,không có nguyên âm
nzveglwtjtejtsjgdggmgmhdmdgfgs,1,"chữ Latin ngoài bảng chữ cái tiếng Việt (f, j, w, z)"
djxjdjdkxjxjxjxjcxjmcxjcjmcjcjccncj,1,"chữ Latin ngoài bảng chữ cái tiếng Việt (f, j, w, z) + không có nguyên âm"
1sp,1,trộn chữ và số + không có nguyên âm
abcxyzlyeshkivwcxnk,1,"chữ Latin ngoài bảng chữ cái tiếng Việt (f, j, w, z)"
nsnsnsnsbsbsbbsnsns,1,không có nguyên âm
fakeeeeeeeeeeeeeeeeeeeeeeeebdbdjjzbsbsjsjhx,1,"chữ Latin ngoài bảng chữ cái tiếng Việt (f, j, w, z)"
dbsnjzbdvsbsjhd,1,"chữ Latin ngoài bảng chữ cái tiếng Việt (f, j, w, z) + không có nguyên âm"
dnxmdlsksmcndmskkxkcnfmslsosowndncncoroeoelsldkfkfkekwkdkkfkf,1,"chữ Latin ngoài bảng chữ cái tiếng Việt (f, j, w, z)"
bbmn,1,không có nguyên âm
xbhd,1,không có nguyên âm
ggjkkjhggfrrdcvbbnkoopppjhfdeqqedccvhj,1,"chữ Latin ngoài bảng chữ cái tiếng Việt (f, j, w, z)"
mnnnnnnnnnnnnnnnnnnnn,1,không có nguyên âm
bdkbđnạodndnakjđưkệnnewl,1,"chữ Latin ngoài bảng chữ cái tiếng Việt (f, j, w, z)"
izjzztjdykfultjdukftjsoguldyidurayjxtjztj,1,"chữ Latin ngoài bảng chữ cái tiếng Việt (f, j, w, z)"
tuyetje,1,"chữ Latin ngoài bảng chữ cái tiếng Việt (f, j, w, z)"
nsjajakaoksjsjsjjshshshshhshshsbsbsbbsbs,1,"chữ Latin ngoài bảng chữ cái tiếng Việt (f, j, w, z)"
26k,1,trộn chữ và số + không có nguyên âm
abcdefghi__lmnooooo,1,"chữ Latin ngoài bảng chữ cái tiếng Việt (f, j, w, z)"
bsjdjdjdbdbdhdgđbhfuufjfjfjfnfbfbfvd,1,"chữ Latin ngoài bảng chữ cái tiếng Việt (f, j, w, z)"
ghtc,1,không có nguyên âm
nnx,1,không có nguyên âm
tcqc,1,không có nguyên âm
1000d,1,trộn chữ và số + không có nguyên âm
52o,1,trộn chữ và số
gsyshwv,1,"chữ Latin ngoài bảng chữ cái tiếng Việt (f, j, w, z)"
svshauwjs,1,"chữ Latin ngoài bảng chữ cái tiếng Việt (f, j, w, z)"
sgsgajwjs,1,"chữ Latin ngoài bảng chữ cái tiếng Việt (f, j, w, z)"
svagywushs,1,"chữ Latin ngoài bảng chữ cái tiếng Việt (f, j, w, z)"
svsgauwjwjs,1,"chữ Latin ngoài bảng chữ cái tiếng Việt (f, j, w, z)"
ssvgauqjwjsnd,1,"chữ Latin ngoài bảng chữ cái tiếng Việt (f, j, w, z)"
svgqyquwuejjdjdd,1,"chữ Latin ngoài bảng chữ cái tiếng Việt (f, j, w, z)"
xvzguquwjsnd,1,"chữ Latin ngoài bảng chữ cái tiếng Việt (f, j, w, z)"
xvxgajwjdb,1,"chữ Latin ngoài bảng chữ cái tiếng Việt (f, j, w, z)"
jdjdjdjsjejsnsjsjsjss,1,"chữ Latin ngoài bảng chữ cái tiếng Việt (f, j, w, z)"
yuuhjjhbvvfrdxhhjh5vggggyfffd3fhhgdghhftydfhyrrtyuug,1,"chữ Latin ngoài bảng chữ cái tiếng Việt (f, j, w, z) + trộn chữ và số"
ladjhfjcjckofofoococi,1,"chữ Latin ngoài bảng chữ cái tiếng Việt (f, j, w, z)"
dzaii,1,"chữ Latin ngoài bảng chữ cái tiếng Việt (f, j, w, z)"
145k,1,trộn chữ và số + không có nguyên âm
bsksnsnskwndnskwkdndkskddnekekdndnekdjdbdjdodjendj,1,"chữ Latin ngoài bảng chữ cái tiếng Việt (f, j, w, z)"
ckvfl30chv,1,"chữ Latin ngoài bảng chữ cái tiếng Việt (f, j, w, z) + trộn chữ và số + không có nguyên âm"
nguyễn352,1,trộn chữ và số
jee,1,"chữ Latin ngoài bảng chữ cái tiếng Việt (f, j, w, z)"
gjhvi,1,"chữ Latin ngoài bảng chữ cái tiếng Việt (f, j, w, z)"
ibfy,1,"chữ Latin ngoài bảng chữ cái tiếng Việt (f, j, w, z)"
ubbkjbbkknbvfhlbvcfgh,1,"chữ Latin ngoài bảng chữ cái tiếng Việt (f, j, w, z)"
jbi,1,"chữ Latin ngoài bảng chữ cái tiếng Việt (f, j, w, z)"
jbini,1,"chữ Latin ngoài bảng chữ cái tiếng Việt (f, j, w, z)"
ndjdkxushshdiwjsjhdbdxjsishfndjdidjjdjs,1,"chữ Latin ngoài bảng chữ cái tiếng Việt (f, j, w, z)"
vt,1,không có nguyên âm
zờiiiiiiiiii,1,"chữ Latin ngoài bảng chữ cái tiếng Việt (f, j, w, z)"
bd,1,không có nguyên âm
egfavdan,1,"chữ Latin ngoài bảng chữ cái tiếng Việt (f, j, w, z)"
iabocvof,1,"chữ Latin ngoài bảng chữ cái tiếng Việt (f, j, w, z)"
hdxkgsmtvxx,1,không có nguyên âm
gfyfgldkgyfkf,1,"chữ Latin ngoài bảng chữ cái tiếng Việt (f, j, w, z)"
lcjvhizibvfsdgjivhhbcoanicnkjlbckqowoicwohibfhwibbosjovjksmvowjckwkbcingkg,1,"chữ Latin ngoài bảng chữ cái tiếng Việt (f, j, w, z)"
pefect,1,"chữ Latin ngoài bảng chữ cái tiếng Việt (f, j, w, z)"
bxhdjjz,1,"chữ Latin ngoài bảng chữ cái tiếng Việt (f, j, w, z) + không có nguyên âm"
ncnjxjxnxn,1,"chữ Latin ngoài bảng chữ cái tiếng Việt (f, j, w, z) + không có nguyên âm"
hahhahahaahaahdjdjsjjdbxhxhhdjsjsjsjsjdjd,1,"chữ Latin ngoài bảng chữ cái tiếng Việt (f, j, w, z)"
nsksnejkdnskdixojdnsns,1,"chữ Latin ngoài bảng chữ cái tiếng Việt (f, j, w, z)"
2đều,1,trộn chữ và số
xbcbnalalnzbchxkd,1,"chữ Latin ngoài bảng chữ cái tiếng Việt (f, j, w, z)"
ænergy,1,chữ không phải chữ Latin (ký tự trang trí / tiếng nước ngoài)
hsjsjbskajsjwisjwjsjsnzjsjsjsbsbzbzbzbsjjsjsjsbsjsjssjsjjssjhs,1,"chữ Latin ngoài bảng chữ cái tiếng Việt (f, j, w, z)"
duocjwd,1,"chữ Latin ngoài bảng chữ cái tiếng Việt (f, j, w, z)"
sjsosksjisjznsowowoqoqoqoooooooooaoaoab,1,"chữ Latin ngoài bảng chữ cái tiếng Việt (f, j, w, z)"
súbsjajiskja,1,"chữ Latin ngoài bảng chữ cái tiếng Việt (f, j, w, z)"
gióydyodoyoyiysitziyzyoziyztiz,1,"chữ Latin ngoài bảng chữ cái tiếng Việt (f, j, w, z)"
dejpd,1,"chữ Latin ngoài bảng chữ cái tiếng Việt (f, j, w, z)"
xxxccccccxxgshdjdjrjjdjfbfhfjfjfbjdjfbfhdjdhdhdbbfhfbfbvxhdbhdhdhdjjdbdbfhhdjebdhdhhdhdhhdhdbbffhfh,1,"chữ Latin ngoài bảng chữ cái tiếng Việt (f, j, w, z)"
hxh,1,không có nguyên âm
njgfd,1,"chữ Latin ngoài bảng chữ cái tiếng Việt (f, j, w, z) + không có nguyên âm"
xynkcccffshcvgcugovjguvxgdaztyxfiycfhcfkhcfgckgfcgfcjfgchfkgjvhgvgjvkkgfctxysrsstuedtyvlgiydideutxhhfdgifydtedoutfugbihvgycutedyesitaiyrdpigpoyvkphbojnojnojphivdiyreutstrftouvhipnhi,1,"chữ Latin ngoài bảng chữ cái tiếng Việt (f, j, w, z)"
đẹpnlawms,1,"chữ Latin ngoài bảng chữ cái tiếng Việt (f, j, w, z)"
jdjjdjdjdududududududuudududuuddududud,1,"chữ Latin ngoài bảng chữ cái tiếng Việt (f, j, w, z)"
kkkkkkkkkkkkkkkkkkkkkkkkkkkkkkkkkkkkk,1,không có nguyên âm
iiiijiijj,1,"chữ Latin ngoài bảng chữ cái tiếng Việt (f, j, w, z)"
mmmmmm,1,không có nguyên âm
mmjfreaaupoydeu86erioofffttgyuii,1,"chữ Latin ngoài bảng chữ cái tiếng Việt (f, j, w, z) + trộn chữ và số"
sfffffffffffffffffffffff,1,"chữ Latin ngoài bảng chữ cái tiếng Việt (f, j, w, z) + không có nguyên âm"
griendiebdijsjebxjhdj,1,"chữ Latin ngoài bảng chữ cái tiếng Việt (f, j, w, z)"
ihcktsitzctizjf,1,"chữ Latin ngoài bảng chữ cái tiếng Việt (f, j, w, z)"
lyvyofitztwrxoycupfitditcyoxirdoyctis,1,"chữ Latin ngoài bảng chữ cái tiếng Việt (f, j, w, z)"
doyctisycyodtoxuexuviciewtsyovpuyea,1,"chữ Latin ngoài bảng chữ cái tiếng Việt (f, j, w, z)"
uzis,1,"chữ Latin ngoài bảng chữ cái tiếng Việt (f, j, w, z)"
dcvhrd,1,không có nguyên âm
wjjqiqoqowijfbcbxnăpăăêryfhjdkdkdkdkslqllwkskdkfnfnfncncncnncncncjdkwkwiw,1,"chữ Latin ngoài bảng chữ cái tiếng Việt (f, j, w, z)"
habahuabsjsisjsisjs,1,"chữ Latin ngoài bảng chữ cái tiếng Việt (f, j, w, z)"
jsbsnsjsnns,1,"chữ Latin ngoài bảng chữ cái tiếng Việt (f, j, w, z) + không có nguyên âm"
iwhwjwiwjw,1,"chữ Latin ngoài bảng chữ cái tiếng Việt (f, j, w, z)"
baja,1,"chữ Latin ngoài bảng chữ cái tiếng Việt (f, j, w, z)"
hollywood,1,"chữ Latin ngoài bảng chữ cái tiếng Việt (f, j, w, z)"
talkshow,1,"chữ Latin ngoài bảng chữ cái tiếng Việt (f, j, w, z)"
znznsnjssmksnwksmsks,1,"chữ Latin ngoài bảng chữ cái tiếng Việt (f, j, w, z) + không có nguyên âm"
nzjsnsskwnowmwosmsosmwosmsismzowmosmsismwosmsowmsos,1,"chữ Latin ngoài bảng chữ cái tiếng Việt (f, j, w, z)"
wihajoon,1,"chữ Latin ngoài bảng chữ cái tiếng Việt (f, j, w, z)"
wi__wi__wi,1,"chữ Latin ngoài bảng chữ cái tiếng Việt (f, j, w, z)"
fighting,1,"chữ Latin ngoài bảng chữ cái tiếng Việt (f, j, w, z)"
muiauaajaai,1,"chữ Latin ngoài bảng chữ cái tiếng Việt (f, j, w, z)"
trs,1,không có nguyên âm
100l,1,trộn chữ và số + không có nguyên âm
jones,1,"chữ Latin ngoài bảng chữ cái tiếng Việt (f, j, w, z)"
fish,1,"chữ Latin ngoài bảng chữ cái tiếng Việt (f, j, w, z)"
ji,1,"chữ Latin ngoài bảng chữ cái tiếng Việt (f, j, w, z)"
swx,1,"chữ Latin ngoài bảng chữ cái tiếng Việt (f, j, w, z) + không có nguyên âm"
ncnfjgkgjgjgjgjgjgjfjfjfjfhfhfjfjfjfjfhfhhffh,1,"chữ Latin ngoài bảng chữ cái tiếng Việt (f, j, w, z) + không có nguyên âm"
kékajabshiajdjsjsjj,1,"chữ Latin ngoài bảng chữ cái tiếng Việt (f, j, w, z)"
𝒞𝒽𝒶𝓃𝓰,1,chữ không phải chữ Latin (ký tự trang trí / tiếng nước ngoài)
𝒹𝒶𝓃𝓰,1,chữ không phải chữ Latin (ký tự trang trí / tiếng nước ngoài)
𝓎𝓮𝓌,1,chữ không phải chữ Latin (ký tự trang trí / tiếng nước ngoài)
bsnsmammazmznnxbxnzjznsnsnznznznznznznznzns,1,"chữ Latin ngoài bảng chữ cái tiếng Việt (f, j, w, z)"
nsnwje,1,"chữ Latin ngoài bảng chữ cái tiếng Việt (f, j, w, z)"
sjwnsbeind,1,"chữ Latin ngoài bảng chữ cái tiếng Việt (f, j, w, z)"
shsndbdnd,1,không có nguyên âm
diwjdndnwjd,1,"chữ Latin ngoài bảng chữ cái tiếng Việt (f, j, w, z)"
jsnw,1,"chữ Latin ngoài bảng chữ cái tiếng Việt (f, j, w, z) + không có nguyên âm"
thtjttnntynnyynyny,1,"chữ Latin ngoài bảng chữ cái tiếng Việt (f, j, w, z)"
vvhhjggtnntntbttbt,1,"chữ Latin ngoài bảng chữ cái tiếng Việt (f, j, w, z) + không có nguyên âm"
vvhbbjhhjgntntbthrbrbtbttbtb,1,"chữ Latin ngoài bảng chữ cái tiếng Việt (f, j, w, z) + không có nguyên âm"
谢谢,1,chữ không phải chữ Latin (ký tự trang trí / tiếng nước ngoài)
nsbsnakxbdjcjaokwbsdhfbkskskxnskamjxksjsnmdxnksjsnsjfjskwksnxndj,1,"chữ Latin ngoài bảng chữ cái tiếng Việt (f, j, w, z)"
cha2cs,1,trộn chữ và số
gỉkdndjek,1,"chữ Latin ngoài bảng chữ cái tiếng Việt (f, j, w, z)"
kxkdkefndk,1,"chữ Latin ngoài bảng chữ cái tiếng Việt (f, j, w, z)"
fjkesnncndkksk,1,"chữ Latin ngoài bảng chữ cái tiếng Việt (f, j, w, z)"
djdjcjdnke,1,"chữ Latin ngoài bảng chữ cái tiếng Việt (f, j, w, z)"
kskskkdkdkdkkskdkkdkdkdkkdkdkdkkdkdkdkdkd,1,không có nguyên âm
metzingen,1,"chữ Latin ngoài bảng chữ cái tiếng Việt (f, j, w, z)"
gheeeeeeeeee3eeeeeerrrrrrreeeeeeeeeeeeeeereeeeeeeee,1,trộn chữ và số
mmg,1,không có nguyên âm
shsvwwujwevwiwvwvwiwjabbwisjwe,1,"chữ Latin ngoài bảng chữ cái tiếng Việt (f, j, w, z)"
view,1,"chữ Latin ngoài bảng chữ cái tiếng Việt (f, j, w, z)"
avuajqnww,1,"chữ Latin ngoài bảng chữ cái tiếng Việt (f, j, w, z)"
wbwkwkwkabvwheuwjw,1,"chữ Latin ngoài bảng chữ cái tiếng Việt (f, j, w, z)"
wuswbbwbwwbhwiwna,1,"chữ Latin ngoài bảng chữ cái tiếng Việt (f, j, w, z)"
shiwjwbwvavva,1,"chữ Latin ngoài bảng chữ cái tiếng Việt (f, j, w, z)"
freshman,1,"chữ Latin ngoài bảng chữ cái tiếng Việt (f, j, w, z)"
faculty,1,"chữ Latin ngoài bảng chữ cái tiếng Việt (f, j, w, z)"
field,1,"chữ Latin ngoài bảng chữ cái tiếng Việt (f, j, w, z)"
ddejp,1,"chữ Latin ngoài bảng chữ cái tiếng Việt (f, j, w, z)"
lawsm,1,"chữ Latin ngoài bảng chữ cái tiếng Việt (f, j, w, z)"
tuyeejt,1,"chữ Latin ngoài bảng chữ cái tiếng Việt (f, j, w, z)"
voiwf,1,"chữ Latin ngoài bảng chữ cái tiếng Việt (f, j, w, z)"
s1,1,trộn chữ và số + không có nguyên âm
hsbusbbzzhvsb,1,"chữ Latin ngoài bảng chữ cái tiếng Việt (f, j, w, z)"
2k3,1,trộn chữ và số + không có nguyên âm
haiza,1,"chữ Latin ngoài bảng chữ cái tiếng Việt (f, j, w, z)"
nxjjhsbsjjĩc,1,"chữ Latin ngoài bảng chữ cái tiếng Việt (f, j, w, z)"
jídjdoisjxjdjjđnncnjckxjxjc,1,"chữ Latin ngoài bảng chữ cái tiếng Việt (f, j, w, z)"
nnnnnnnnnnnnnnnnnnnnnnnnnnnnnnnnnn,1,không có nguyên âm
ljbbxkhckhxkgxkfzjfzjfxgkxfkxkgxfkxkgxlgxlgxkgxkgx,1,"chữ Latin ngoài bảng chữ cái tiếng Việt (f, j, w, z) + không có nguyên âm"
djqownwndsnwwjjwnsndenwkwnnsdnenwj,1,"chữ Latin ngoài bảng chữ cái tiếng Việt (f, j, w, z)"
dbxhsjnwnwsjififoredcmmdjcjvdjjdjdfj,1,"chữ Latin ngoài bảng chữ cái tiếng Việt (f, j, w, z)"
geoekwbehwodkdjevwkpedkdnsvehodlebwvsidoevsidoebekependiwpwjdhxbeoepejebevegeuoeekbevejdoepepevsvjduegkepduetvdkxjgenoslsnwgsukendgsowkbshspelcnxhjalqlshvsudjepwnshdispslvxhekdndbdbdkwpekdbjxskgekdpdmejdkxhxjlsdhjcnvsbpsvsyoekd,1,"chữ Latin ngoài bảng chữ cái tiếng Việt (f, j, w, z)"
hhhhhhhhhhhhhhhhhhhhhhhhhhhh,1,không có nguyên âm
jsksbsjsbsnsnsn,1,"chữ Latin ngoài bảng chữ cái tiếng Việt (f, j, w, z) + không có nguyên âm"
a27,1,trộn chữ và số
jfkdopakdocpoc,1,"chữ Latin ngoài bảng chữ cái tiếng Việt (f, j, w, z)"
xuja,1,"chữ Latin ngoài bảng chữ cái tiếng Việt (f, j, w, z)"
dmsmoxjsbhsisng,1,"chữ Latin ngoài bảng chữ cái tiếng Việt (f, j, w, z)"
nndmckcjhsbs,1,"chữ Latin ngoài bảng chữ cái tiếng Việt (f, j, w, z) + không có nguyên âm"
ngườinsjdjzkmsmdmdkekd,1,"chữ Latin ngoài bảng chữ cái tiếng Việt (f, j, w, z)"
shnzhxgwvzgzs,1,"chữ Latin ngoài bảng chữ cái tiếng Việt (f, j, w, z) + không có nguyên âm"
zxhhes,1,"chữ Latin ngoài bảng chữ cái tiếng Việt (f, j, w, z)"
xjckdoehvzvs,1,"chữ Latin ngoài bảng chữ cái tiếng Việt (f, j, w, z)"
shxuxjbhxbxbshsbzbxhshs,1,"chữ Latin ngoài bảng chữ cái tiếng Việt (f, j, w, z)"
hihihihihihihiji,1,"chữ Latin ngoài bảng chữ cái tiếng Việt (f, j, w, z)"
hdjdjsvdjdisbdnkdhdbdbdjdjjdhdbdbdbdjsgvsvsbshhevevdvdbjfjf,1,"chữ Latin ngoài bảng chữ cái tiếng Việt (f, j, w, z)"
famayfa,1,"chữ Latin ngoài bảng chữ cái tiếng Việt (f, j, w, z)"
jsjdnd,1,"chữ Latin ngoài bảng chữ cái tiếng Việt (f, j, w, z) + không có nguyên âm"
dndndnd,1,không có nguyên âm
cndnndndncndndndnfnfnnf,1,"chữ Latin ngoài bảng chữ cái tiếng Việt (f, j, w, z) + không có nguyên âm"
lắmmmdndjsnsns,1,"chữ Latin ngoài bảng chữ cái tiếng Việt (f, j, w, z)"
hihjhjhjnsbsjajbxuxudnegxubdgw6ggtgg,1,"chữ Latin ngoài bảng chữ cái tiếng Việt (f, j, w, z) + trộn chữ và số"
hdgdnendvdndhdjesvdgdjdjdkdjdndbfbffnndjdjsjdbdei,1,"chữ Latin ngoài bảng chữ cái tiếng Việt (f, j, w, z)"
gkwigvskkkvvgjzkkhgshkka,1,"chữ Latin ngoài bảng chữ cái tiếng Việt (f, j, w, z)"
zớii,1,"chữ Latin ngoài bảng chữ cái tiếng Việt (f, j, w, z)"
jsjehbebdbnemememmeenebebbd,1,"chữ Latin ngoài bảng chữ cái tiếng Việt (f, j, w, z)"
kwowofuriaksbskalnndjfekowkwkekewkaksnsnsnsk,1,"chữ Latin ngoài bảng chữ cái tiếng Việt (f, j, w, z)"
d0ong1,1,trộn chữ và số
thicj1,1,"chữ Latin ngoài bảng chữ cái tiếng Việt (f, j, w, z) + trộn chữ và số"
vbpl,1,không có nguyên âm
xụmgxsfhkvfgjkoijjibjh,1,"chữ Latin ngoài bảng chữ cái tiếng Việt (f, j, w, z)"
màu203,1,trộn chữ và số
kêtz,1,"chữ Latin ngoài bảng chữ cái tiếng Việt (f, j, w, z)"
nhibf,1,"chữ Latin ngoài bảng chữ cái tiếng Việt (f, j, w, z)"
white,1,"chữ Latin ngoài bảng chữ cái tiếng Việt (f, j, w, z)"
200ml,1,trộn chữ và số + không có nguyên âm
vh,1,không có nguyên âm
hungnnhdhhfhmffhndhnhfhnfnfhhfnfhhfn,1,"chữ Latin ngoài bảng chữ cái tiếng Việt (f, j, w, z)"
lqf,1,"chữ Latin ngoài bảng chữ cái tiếng Việt (f, j, w, z) + không có nguyên âm"
kkkkkkkkkkkkkkkkkkkkkkkkkkkkkkkkkk,1,không có nguyên âm
landosjwbwushdhsjsjdhdhjdjdjdjdbb,1,"chữ Latin ngoài bảng chữ cái tiếng Việt (f, j, w, z)"
hgvsmndbxhxbxvbxbdjndvdbdhvdbbđbbxbzjjxbd,1,"chữ Latin ngoài bảng chữ cái tiếng Việt (f, j, w, z) + không có nguyên âm"
ljvigxursrufhovohurdyi,1,"chữ Latin ngoài bảng chữ cái tiếng Việt (f, j, w, z)"
jsnddnnd,1,"chữ Latin ngoài bảng chữ cái tiếng Việt (f, j, w, z) + không có nguyên âm"
minbf,1,"chữ Latin ngoài bảng chữ cái tiếng Việt (f, j, w, z)"
10điểm,1,trộn chữ và số
là502,1,trộn chữ và số
dmsjdndndksnsbsnsbsbsbsnsjsns,1,"chữ Latin ngoài bảng chữ cái tiếng Việt (f, j, w, z) + không có nguyên âm"
haoahaosveisvsosbodnsosbsoanaoabaosbfjd,1,"chữ Latin ngoài bảng chữ cái tiếng Việt (f, j, w, z)"
đuoejc,1,"chữ Latin ngoài bảng chữ cái tiếng Việt (f, j, w, z)"
kabahspwpwmdnxbbdkdpqkansnxbxhchcjckfopdpdmanabzvxhcjckockcncbccvchhchfhxcjjfidkdffgggggfgpiqhsbdjxkxkxkxkxjbcbhfjfjfjfjfkfo,1,"chữ Latin ngoài bảng chữ cái tiếng Việt (f, j, w, z)"
nmmmsksmkznzbzhznansis,1,"chữ Latin ngoài bảng chữ cái tiếng Việt (f, j, w, z)"
bnbvcxxcbbvbvvhhjj,1,"chữ Latin ngoài bảng chữ cái tiếng Việt (f, j, w, z) + không có nguyên âm"
hhhhhhhhhhhhhhhhhhhhhhhhhhhhhhhhhhhhhhhhhhhhhhhhhhhhhhhhhhhhhhhhhhhhhhhhhhhhhhhhhhhhhhhhhhhhhhhhhhhh,1,không có nguyên âm
chuâw,1,"chữ Latin ngoài bảng chữ cái tiếng Việt (f, j, w, z)"
khkt,1,không có nguyên âm
rekdmhgjklucudllkkyrsjclbckxshdvlckckckfjdkfiduky,1,"chữ Latin ngoài bảng chữ cái tiếng Việt (f, j, w, z)"
hánbxbzkxnsmsbsjxmxbbskskxnxbjaa,1,"chữ Latin ngoài bảng chữ cái tiếng Việt (f, j, w, z)"
ksnshss,1,không có nguyên âm
síndijw,1,"chữ Latin ngoài bảng chữ cái tiếng Việt (f, j, w, z)"
ciw,1,"chữ Latin ngoài bảng chữ cái tiếng Việt (f, j, w, z)"
sbeidnjsnd,1,"chữ Latin ngoài bảng chữ cái tiếng Việt (f, j, w, z)"
fbdjene,1,"chữ Latin ngoài bảng chữ cái tiếng Việt (f, j, w, z)"
endjenw,1,"chữ Latin ngoài bảng chữ cái tiếng Việt (f, j, w, z)"
đjksndndjejwnsdb,1,"chữ Latin ngoài bảng chữ cái tiếng Việt (f, j, w, z)"
djjd,1,"chữ Latin ngoài bảng chữ cái tiếng Việt (f, j, w, z) + không có nguyên âm"
djns,1,"chữ Latin ngoài bảng chữ cái tiếng Việt (f, j, w, z) + không có nguyên âm"
djendnsndbdnndbs,1,"chữ Latin ngoài bảng chữ cái tiếng Việt (f, j, w, z)"
jkskskkskskskksksjshajjsjsjsjjsjsjsksjmskssj,1,"chữ Latin ngoài bảng chữ cái tiếng Việt (f, j, w, z)"
anyway,1,"chữ Latin ngoài bảng chữ cái tiếng Việt (f, j, w, z)"
bsjjd,1,"chữ Latin ngoài bảng chữ cái tiếng Việt (f, j, w, z) + không có nguyên âm"
hsjidj,1,"chữ Latin ngoài bảng chữ cái tiếng Việt (f, j, w, z)"
jsjkdenwk,1,"chữ Latin ngoài bảng chữ cái tiếng Việt (f, j, w, z)"
hidow,1,"chữ Latin ngoài bảng chữ cái tiếng Việt (f, j, w, z)"
75txkh,1,trộn chữ và số + không có nguyên âm
lvuvcjxutxtu,1,"chữ Latin ngoài bảng chữ cái tiếng Việt (f, j, w, z)"
ljlcldkxy,1,"chữ Latin ngoài bảng chữ cái tiếng Việt (f, j, w, z)"
jjclyiztk,1,"chữ Latin ngoài bảng chữ cái tiếng Việt (f, j, w, z)"
nxuafakxjagba,1,"chữ Latin ngoài bảng chữ cái tiếng Việt (f, j, w, z)"
th3,1,trộn chữ và số + không có nguyên âm
ghhgg,1,không có nguyên âm
đưeuf,1,"chữ Latin ngoài bảng chữ cái tiếng Việt (f, j, w, z)"
yioigfddxcvhjjkoof,1,"chữ Latin ngoài bảng chữ cái tiếng Việt (f, j, w, z)"
jjbbccfhhjjjjjjjhhh,1,"chữ Latin ngoài bảng chữ cái tiếng Việt (f, j, w, z) + không có nguyên âm"
kmbgdnjebcnb,1,"chữ Latin ngoài bảng chữ cái tiếng Việt (f, j, w, z)"
hahahrufjfbji,1,"chữ Latin ngoài bảng chữ cái tiếng Việt (f, j, w, z)"
kfjvfikcfkofmcjfnckcmdkcm,1,"chữ Latin ngoài bảng chữ cái tiếng Việt (f, j, w, z)"
ncndmc,1,không có nguyên âm
kndcnncbcnc,1,không có nguyên âm
bsjshshshsbs,1,"chữ Latin ngoài bảng chữ cái tiếng Việt (f, j, w, z) + không có nguyên âm"
hévsbsksgdbjdkdkdndnbdxvh,1,"chữ Latin ngoài bảng chữ cái tiếng Việt (f, j, w, z)"
fjd,1,"chữ Latin ngoài bảng chữ cái tiếng Việt (f, j, w, z) + không có nguyên âm"
mmmmmmmmmmmmmmmmmmm,1,không có nguyên âm
fesdsa,1,"chữ Latin ngoài bảng chữ cái tiếng Việt (f, j, w, z)"
âghsjdirdjdkdoejebdbdjdjjfndndnfnfnfnfnfnfbf,1,"chữ Latin ngoài bảng chữ cái tiếng Việt (f, j, w, z)"
cncnffkjdjfjfnfnf,1,"chữ Latin ngoài bảng chữ cái tiếng Việt (f, j, w, z) + không có nguyên âm"
fnfjdjdnfndbdbjfjffidkejehb,1,"chữ Latin ngoài bảng chữ cái tiếng Việt (f, j, w, z)"
nsshksjsbcsjjsjdjdjg,1,"chữ Latin ngoài bảng chữ cái tiếng Việt (f, j, w, z) + không có nguyên âm"
cítityochlfjzitchlzjxkgzfjzkkxfzfj,1,"chữ Latin ngoài bảng chữ cái tiếng Việt (f, j, w, z)"
vvaf,1,"chữ Latin ngoài bảng chữ cái tiếng Việt (f, j, w, z)"
snjwjwbejeksnebdbdndndndbebendndndn,1,"chữ Latin ngoài bảng chữ cái tiếng Việt (f, j, w, z)"
hlhdydktszgnxmv,1,"chữ Latin ngoài bảng chữ cái tiếng Việt (f, j, w, z)"
mxstistzkgxditv,1,"chữ Latin ngoài bảng chữ cái tiếng Việt (f, j, w, z)"
nzyksutsutsj,1,"chữ Latin ngoài bảng chữ cái tiếng Việt (f, j, w, z)"
dzề,1,"chữ Latin ngoài bảng chữ cái tiếng Việt (f, j, w, z)"
dzữ,1,"chữ Latin ngoài bảng chữ cái tiếng Việt (f, j, w, z)"
inf,1,"chữ Latin ngoài bảng chữ cái tiếng Việt (f, j, w, z)"
oksjusbsvshhs,1,"chữ Latin ngoài bảng chữ cái tiếng Việt (f, j, w, z)"
hshsvsvsbsjjsuhhbb,1,"chữ Latin ngoài bảng chữ cái tiếng Việt (f, j, w, z)"
bsjdhbdudhdgdydhdhehhddvgdgdgdgddgdhhdhdhdgd,1,"chữ Latin ngoài bảng chữ cái tiếng Việt (f, j, w, z)"
hsffauhggshufjejgfrvvxxcrjiw7652572iwhshhsgdhdbdvfvfbfnfjfjfjidueuw,1,"chữ Latin ngoài bảng chữ cái tiếng Việt (f, j, w, z) + trộn chữ và số"
xj,1,"chữ Latin ngoài bảng chữ cái tiếng Việt (f, j, w, z) + không có nguyên âm"
jvi,1,"chữ Latin ngoài bảng chữ cái tiếng Việt (f, j, w, z)"
nndndndnd,1,không có nguyên âm
snkskskwkaoakakakaka,1,"chữ Latin ngoài bảng chữ cái tiếng Việt (f, j, w, z)"
jcbdiensobdkdhsksjjdnxkxksndjndkdndkdkdndjfhkakamsks,1,"chữ Latin ngoài bảng chữ cái tiếng Việt (f, j, w, z)"
hhhhhhhhhhmmmmmmmmmmmmmmmmmmmmmmmmmmm,1,không có nguyên âm
bv,1,không có nguyên âm
friend,1,"chữ Latin ngoài bảng chữ cái tiếng Việt (f, j, w, z)"
đuojwc,1,"chữ Latin ngoài bảng chữ cái tiếng Việt (f, j, w, z)"
ânnsjdkdksksksklssbsbiwjwnenjjdjsjsjsmdmsmememnnm,1,"chữ Latin ngoài bảng chữ cái tiếng Việt (f, j, w, z)"
mgh,1,không có nguyên âm
doẹebejebvdkdjnebejeebbeebebebebrbdbff,1,"chữ Latin ngoài bảng chữ cái tiếng Việt (f, j, w, z)"
cdbdbnđnđjdjjdkskwjebdbf,1,"chữ Latin ngoài bảng chữ cái tiếng Việt (f, j, w, z)"
rjejjebdbfne,1,"chữ Latin ngoài bảng chữ cái tiếng Việt (f, j, w, z)"
jds,1,"chữ Latin ngoài bảng chữ cái tiếng Việt (f, j, w, z) + không có nguyên âm"
jahaahhshshshshshshsgsshhssvhsjsjsjsbsjssjjsdhbsbdsbsb,1,"chữ Latin ngoài bảng chữ cái tiếng Việt (f, j, w, z)"
đơtj,1,"chữ Latin ngoài bảng chữ cái tiếng Việt (f, j, w, z)"
thanaj,1,"chữ Latin ngoài bảng chữ cái tiếng Việt (f, j, w, z)"
이사람들아,1,chữ không phải chữ Latin (ký tự trang trí / tiếng nước ngoài)
내가,1,chữ không phải chữ Latin (ký tự trang trí / tiếng nước ngoài)
계획하지도,1,chữ không phải chữ Latin (ký tự trang trí / tiếng nước ngoài)
않은,1,chữ không phải chữ Latin (ký tự trang trí / tiếng nước ngoài)
슈퍼참치,1,chữ không phải chữ Latin (ký tự trang trí / tiếng nước ngoài)
챌린지,1,chữ không phải chữ Latin (ký tự trang trí / tiếng nước ngoài)
하지마요,1,chữ không phải chữ Latin (ký tự trang trí / tiếng nước ngoài)
너무,1,chữ không phải chữ Latin (ký tự trang trí / tiếng nước ngoài)
부끄럽다구,1,chữ không phải chữ Latin (ký tự trang trí / tiếng nước ngoài)
154k,1,trộn chữ và số + không có nguyên âm
muontw,1,"chữ Latin ngoài bảng chữ cái tiếng Việt (f, j, w, z)"
uyftfyvugyftxrxhbjbgxrdrxgvhbjbhcfcdxdcgvjbjnj,1,"chữ Latin ngoài bảng chữ cái tiếng Việt (f, j, w, z)"
low,1,"chữ Latin ngoài bảng chữ cái tiếng Việt (f, j, w, z)"
siz,1,"chữ Latin ngoài bảng chữ cái tiếng Việt (f, j, w, z)"
nhnh,1,không có nguyên âm
uguf,1,"chữ Latin ngoài bảng chữ cái tiếng Việt (f, j, w, z)"
gdt,1,không có nguyên âm
rdrfy,1,"chữ Latin ngoài bảng chữ cái tiếng Việt (f, j, w, z)"
ver27,1,trộn chữ và số
mmmmmmmmmmmmmmsmdjvdkdksksjsnsbdbdjdjsjsbsbddjjd,1,"chữ Latin ngoài bảng chữ cái tiếng Việt (f, j, w, z) + không có nguyên âm"
đưpj,1,"chữ Latin ngoài bảng chữ cái tiếng Việt (f, j, w, z)"
mnnnnnnnnnnnnnnnnnnnnnnnnn,1,không có nguyên âm
ˈmuːs,1,chữ không phải chữ Latin (ký tự trang trí / tiếng nước ngoài)
jdhdjjsdndjjckckkckckcklcldmsjhxhxndkfcc,1,"chữ Latin ngoài bảng chữ cái tiếng Việt (f, j, w, z) + không có nguyên âm"
mgg,1,không có nguyên âm
kwjwiwowprkfnncncc,1,"chữ Latin ngoài bảng chữ cái tiếng Việt (f, j, w, z)"
fmjfididowehdudmd,1,"chữ Latin ngoài bảng chữ cái tiếng Việt (f, j, w, z)"
cmckfjjđk,1,"chữ Latin ngoài bảng chữ cái tiếng Việt (f, j, w, z) + không có nguyên âm"
offical,1,"chữ Latin ngoài bảng chữ cái tiếng Việt (f, j, w, z)"
hsjjsjjsjskkskksksksjksks,1,"chữ Latin ngoài bảng chữ cái tiếng Việt (f, j, w, z) + không có nguyên âm"
enzyme,1,"chữ Latin ngoài bảng chữ cái tiếng Việt (f, j, w, z)"
bđđ,1,không có nguyên âm
gưucjwcyywhsjibhuhyshcywhsvt,1,"chữ Latin ngoài bảng chữ cái tiếng Việt (f, j, w, z)"
jgdruc,1,"chữ Latin ngoài bảng chữ cái tiếng Việt (f, j, w, z)"
hgvfdzsssssssssssbkurcj,1,"chữ Latin ngoài bảng chữ cái tiếng Việt (f, j, w, z)"
ychvjbbicuch,1,"chữ Latin ngoài bảng chữ cái tiếng Việt (f, j, w, z)"
jhcycuvjbicuuvibkvivuvjbiv,1,"chữ Latin ngoài bảng chữ cái tiếng Việt (f, j, w, z)"
wed,1,"chữ Latin ngoài bảng chữ cái tiếng Việt (f, j, w, z)"
ahhahdjdjmsmdn,1,"chữ Latin ngoài bảng chữ cái tiếng Việt (f, j, w, z)"
ghjvcgjjhhgfddfffffguiokhgffdffđsdtỳdswfhjoyf,1,"chữ Latin ngoài bảng chữ cái tiếng Việt (f, j, w, z)"
nkjjbbbjkhvbnnnhknbbkkbvđhijkkklllnnjhgjghgfc,1,"chữ Latin ngoài bảng chữ cái tiếng Việt (f, j, w, z)"
tpd,1,không có nguyên âm
họavhxjfjcjvkvlbhfkffl,1,"chữ Latin ngoài bảng chữ cái tiếng Việt (f, j, w, z)"
kcjfkfjtrhhgtghfhtsio,1,"chữ Latin ngoài bảng chữ cái tiếng Việt (f, j, w, z)"
oknjgjjghjhguvyyvyvyg,1,"chữ Latin ngoài bảng chữ cái tiếng Việt (f, j, w, z)"
zhnspqnzhsp,1,"chữ Latin ngoài bảng chữ cái tiếng Việt (f, j, w, z) + không có nguyên âm"
zbalw,1,"chữ Latin ngoài bảng chữ cái tiếng Việt (f, j, w, z)"
ksnskw,1,"chữ Latin ngoài bảng chữ cái tiếng Việt (f, j, w, z) + không có nguyên âm"
sônannsosaapw,1,"chữ Latin ngoài bảng chữ cái tiếng Việt (f, j, w, z)"
tặngw,1,"chữ Latin ngoài bảng chữ cái tiếng Việt (f, j, w, z)"
hhhgffdddcvvggghvhhbb,1,"chữ Latin ngoài bảng chữ cái tiếng Việt (f, j, w, z) + không có nguyên âm"
vcvggv,1,không có nguyên âm
kajahhahahshshshvsgsgsgsggsgsgsgsgshhsbsbxhx,1,"chữ Latin ngoài bảng chữ cái tiếng Việt (f, j, w, z)"
rhehdhehdhebdbdhueisjsnsndbdhdhdueiesj,1,"chữ Latin ngoài bảng chữ cái tiếng Việt (f, j, w, z)"
n4genbtefw,1,"chữ Latin ngoài bảng chữ cái tiếng Việt (f, j, w, z) + trộn chữ và số"
bfwwfbadvwdvwd,1,"chữ Latin ngoài bảng chữ cái tiếng Việt (f, j, w, z)"
dq,1,không có nguyên âm
đqvdqvqvrwdvwvdwvdfwwvfgwrwvrwgrqfrqrgfqr,1,"chữ Latin ngoài bảng chữ cái tiếng Việt (f, j, w, z) + không có nguyên âm"
jzjshsh,1,"chữ Latin ngoài bảng chữ cái tiếng Việt (f, j, w, z) + không có nguyên âm"
jshshdb,1,"chữ Latin ngoài bảng chữ cái tiếng Việt (f, j, w, z) + không có nguyên âm"
jssjsjsjskdkksksksskksjsjsjssskk,1,"chữ Latin ngoài bảng chữ cái tiếng Việt (f, j, w, z) + không có nguyên âm"
thjf,1,"chữ Latin ngoài bảng chữ cái tiếng Việt (f, j, w, z) + không có nguyên âm"
cgjc,1,"chữ Latin ngoài bảng chữ cái tiếng Việt (f, j, w, z) + không có nguyên âm"
icgjcg,1,"chữ Latin ngoài bảng chữ cái tiếng Việt (f, j, w, z)"
jc,1,"chữ Latin ngoài bảng chữ cái tiếng Việt (f, j, w, z) + không có nguyên âm"
kvh,1,không có nguyên âm
a26,1,trộn chữ và số
tgvhgvc,1,không có nguyên âm
nfcsxrvhb,1,"chữ Latin ngoài bảng chữ cái tiếng Việt (f, j, w, z) + không có nguyên âm"
jbv,1,"chữ Latin ngoài bảng chữ cái tiếng Việt (f, j, w, z) + không có nguyên âm"
cdrcbhnjb,1,"chữ Latin ngoài bảng chữ cái tiếng Việt (f, j, w, z) + không có nguyên âm"
fxdvtmikh,1,"chữ Latin ngoài bảng chữ cái tiếng Việt (f, j, w, z)"
fd,1,"chữ Latin ngoài bảng chữ cái tiếng Việt (f, j, w, z) + không có nguyên âm"
ccccccccccccjshskjsndksjavjwjebdbdmjsbsksjnsn,1,"chữ Latin ngoài bảng chữ cái tiếng Việt (f, j, w, z)"
sxx,1,không có nguyên âm
30ka,1,trộn chữ và số
skospdlamsjxoslxnkwlsmxksoosndnxjxixhahajsnxkslxniansjsndm,1,"chữ Latin ngoài bảng chữ cái tiếng Việt (f, j, w, z)"
awwwwwwwwwwwwwwwwwwwwwwwwwwwww,1,"chữ Latin ngoài bảng chữ cái tiếng Việt (f, j, w, z)"
hahansnsnsnnsnwnsnwnvbjj,1,"chữ Latin ngoài bảng chữ cái tiếng Việt (f, j, w, z)"
anwnajjj,1,"chữ Latin ngoài bảng chữ cái tiếng Việt (f, j, w, z)"
awjkdkjfsdd,1,"chữ Latin ngoài bảng chữ cái tiếng Việt (f, j, w, z)"
bxbznbcnknxcbjsnzbxhnznszj,1,"chữ Latin ngoài bảng chữ cái tiếng Việt (f, j, w, z) + không có nguyên âm"
kaksjdhffuriekksmdjjfdjehhshfltoejjshcbgbhfdioekdnhchfdjndhfjdjehyfhhdjwwiisyrbckclzkanbxgcyriekajzhdhrufbsbmwiehdbskejfhfcjlkskfjdhxbsmdkjvndkakajdkcjnxbxvfcrnqjkakkcngbfhekellwmabxbdbfvfb,1,"chữ Latin ngoài bảng chữ cái tiếng Việt (f, j, w, z)"
hihiiiiiijjjjjjii,1,"chữ Latin ngoài bảng chữ cái tiếng Việt (f, j, w, z)"
caffee,1,"chữ Latin ngoài bảng chữ cái tiếng Việt (f, j, w, z)"
vsjbshxjwsoxhxhdsoxxbjxs,1,"chữ Latin ngoài bảng chữ cái tiếng Việt (f, j, w, z)"
djks,1,"chữ Latin ngoài bảng chữ cái tiếng Việt (f, j, w, z) + không có nguyên âm"
kxnsj,1,"chữ Latin ngoài bảng chữ cái tiếng Việt (f, j, w, z) + không có nguyên âm"
zzzz,1,"chữ Latin ngoài bảng chữ cái tiếng Việt (f, j, w, z) + không có nguyên âm"
zayyy,1,"chữ Latin ngoài bảng chữ cái tiếng Việt (f, j, w, z)"
âjjjjjj,1,"chữ Latin ngoài bảng chữ cái tiếng Việt (f, j, w, z)"
msnhdjdnvdkdbsvbshsjxnxndjdjjd,1,"chữ Latin ngoài bảng chữ cái tiếng Việt (f, j, w, z) + không có nguyên âm"
dndnsnskslwkwmsbfvfbrbebebenwnwnwmwksmsndndndndnsnsnd,1,"chữ Latin ngoài bảng chữ cái tiếng Việt (f, j, w, z)"
doisdw,1,"chữ Latin ngoài bảng chữ cái tiếng Việt (f, j, w, z)"
nhgggg,1,không có nguyên âm
cxxx,1,không có nguyên âm
đccc,1,không có nguyên âm
bhhchcjgufyazykgkxfxkdjurrisfxzfkfjzitdtidtodncznxcncx,1,"chữ Latin ngoài bảng chữ cái tiếng Việt (f, j, w, z)"
jcjccjkcj,1,"chữ Latin ngoài bảng chữ cái tiếng Việt (f, j, w, z) + không có nguyên âm"
kckck,1,không có nguyên âm
lk,1,không có nguyên âm
hahshshshsndndndjndndndndndndndbdbbd,1,"chữ Latin ngoài bảng chữ cái tiếng Việt (f, j, w, z)"
phjk,1,"chữ Latin ngoài bảng chữ cái tiếng Việt (f, j, w, z) + không có nguyên âm"
rvm,1,không có nguyên âm
rg,1,không có nguyên âm
hvjocuvol,1,"chữ Latin ngoài bảng chữ cái tiếng Việt (f, j, w, z)"
kkkkkgdewszdhvhpb,1,"chữ Latin ngoài bảng chữ cái tiếng Việt (f, j, w, z)"
cdsfhcdgjkkvcccvjkhcf,1,"chữ Latin ngoài bảng chữ cái tiếng Việt (f, j, w, z) + không có nguyên âm"
24g,1,trộn chữ và số + không có nguyên âm
kxtjfzjtxkhcjg,1,"chữ Latin ngoài bảng chữ cái tiếng Việt (f, j, w, z) + không có nguyên âm"
ndjdjkskskajajanabsbhwuwksksjjwkakalanzjejwiksjxndndjsjsosoodjsjd,1,"chữ Latin ngoài bảng chữ cái tiếng Việt (f, j, w, z)"
vưowjt,1,"chữ Latin ngoài bảng chữ cái tiếng Việt (f, j, w, z)"
jdnjdhxjdjxjjxjxjxjxjxjcnncnc,1,"chữ Latin ngoài bảng chữ cái tiếng Việt (f, j, w, z) + không có nguyên âm"
ㅋㅋㅋㅋㅋㅋㅋㅋㅋㅋㅋㅋㅋㅋㅋㅋㅋㅋㅋㅋ,1,chữ không phải chữ Latin (ký tự trang trí / tiếng nước ngoài)
uhdfffgghgvvvvvvdyyysysysyszudffoogogififfffifudd77dyspd77ds66ddududduduufudduduudduududxuxyydydyddu,1,"chữ Latin ngoài bảng chữ cái tiếng Việt (f, j, w, z) + trộn chữ và số"
74k,1,trộn chữ và số + không có nguyên âm
awwwwwwwwwwwwwwwww,1,"chữ Latin ngoài bảng chữ cái tiếng Việt (f, j, w, z)"
dcbjtscv,1,"chữ Latin ngoài bảng chữ cái tiếng Việt (f, j, w, z) + không có nguyên âm"
ewqwri,1,"chữ Latin ngoài bảng chữ cái tiếng Việt (f, j, w, z)"
jsjsjsjsksksksjsjssjjskskkssjsnsnsnnsnsnsnnsnsnsnznsnnsnsnsnnd,1,"chữ Latin ngoài bảng chữ cái tiếng Việt (f, j, w, z) + không có nguyên âm"
2sp,1,trộn chữ và số + không có nguyên âm
hhdbdhidkdndbdbdbgdhdidndbdbdvbdbdvdvxvvdjdbdbsvbshsndbxhidiowhdvdydujdbxbjxksnsbbdvdvdhdgdvdvzhjsksksbbdjdoskdnbdbdbdbbdhdndbbdbdhdjdjdbbxhdjdndbdbdhiwowbebvdysjwjbsbsb,1,"chữ Latin ngoài bảng chữ cái tiếng Việt (f, j, w, z)"
vuucuguffyvvhhvfghjj,1,"chữ Latin ngoài bảng chữ cái tiếng Việt (f, j, w, z)"
zaloooo,1,"chữ Latin ngoài bảng chữ cái tiếng Việt (f, j, w, z)"
sjdiskevdifkdnbwowownfbdbdbhsusismwnbdbdidi,1,"chữ Latin ngoài bảng chữ cái tiếng Việt (f, j, w, z)"
7ngay,1,trộn chữ và số
hạbvgdhjqnbsbvdvhshsjwjsnsbsb,1,"chữ Latin ngoài bảng chữ cái tiếng Việt (f, j, w, z)"
gkcgj,1,"chữ Latin ngoài bảng chữ cái tiếng Việt (f, j, w, z) + không có nguyên âm"
fjxfuxgjcgkvlhctjcitchkvitxtuxkhckcigctuckg,1,"chữ Latin ngoài bảng chữ cái tiếng Việt (f, j, w, z)"
bl12,1,trộn chữ và số + không có nguyên âm
qđijnh,1,"chữ Latin ngoài bảng chữ cái tiếng Việt (f, j, w, z)"
vạayj,1,"chữ Latin ngoài bảng chữ cái tiếng Việt (f, j, w, z)"
ýnknzkwkskfjrkxkjfkfkdkcjcfjslxnffkdvfnruwgdhjghegfnfhwgdhfhegdjtitudhcnfnfhsgdhdhd,1,"chữ Latin ngoài bảng chữ cái tiếng Việt (f, j, w, z)"
cccccc,1,không có nguyên âm
11k,1,trộn chữ và số + không có nguyên âm
hdhhdbxbxnxncjdiue,1,"chữ Latin ngoài bảng chữ cái tiếng Việt (f, j, w, z)"
hhhanfjfjfnd,1,"chữ Latin ngoài bảng chữ cái tiếng Việt (f, j, w, z)"
dzj,1,"chữ Latin ngoài bảng chữ cái tiếng Việt (f, j, w, z) + không có nguyên âm"
lowkey,1,"chữ Latin ngoài bảng chữ cái tiếng Việt (f, j, w, z)"
pfizer,1,"chữ Latin ngoài bảng chữ cái tiếng Việt (f, j, w, z)"
grillz,1,"chữ Latin ngoài bảng chữ cái tiếng Việt (f, j, w, z)"
bbhvgfđxxnlsjcbsjwkdncbứnkxnbdndndnffndnkwpưc,1,"chữ Latin ngoài bảng chữ cái tiếng Việt (f, j, w, z)"
eocnw,1,"chữ Latin ngoài bảng chữ cái tiếng Việt (f, j, w, z)"
kx,1,không có nguyên âm
hsw,1,"chữ Latin ngoài bảng chữ cái tiếng Việt (f, j, w, z) + không có nguyên âm"
bkd,1,không có nguyên âm
đt,1,không có nguyên âm
fjdbđbdhbđbdbdbfbbdhdhffhhfhfhfhfhfhfhfhfhfhfhffhfhfhhhh,1,"chữ Latin ngoài bảng chữ cái tiếng Việt (f, j, w, z) + không có nguyên âm"
hdbdjjdjskskbdbdndjdndnnđnnd,1,"chữ Latin ngoài bảng chữ cái tiếng Việt (f, j, w, z) + không có nguyên âm"
znzjsbdgzssbhjsjsjbxdshsgshsjsjshsb,1,"chữ Latin ngoài bảng chữ cái tiếng Việt (f, j, w, z) + không có nguyên âm"
fjfjkdidickdjsjzjkxkckckfkckkckckckfkfk,1,"chữ Latin ngoài bảng chữ cái tiếng Việt (f, j, w, z)"
anw,1,"chữ Latin ngoài bảng chữ cái tiếng Việt (f, j, w, z)"
xg,1,không có nguyên âm
mnnnnnnnnnnnnnnnnnnnnnnnnnnnnnn,1,không có nguyên âm
ưkdkdjdmdndndndeksdkdeekefkfmfmrkrkrkrr,1,"chữ Latin ngoài bảng chữ cái tiếng Việt (f, j, w, z)"
157k,1,trộn chữ và số + không có nguyên âm
thpt,1,không có nguyên âm
oẹciwwhfu1ùbciuwgw8fueug82y,1,"chữ Latin ngoài bảng chữ cái tiếng Việt (f, j, w, z) + trộn chữ và số"
3spham,1,trộn chữ và số
lakshhwjwhsbskakjabznskakshhzbnzkslajsnmslaksjjznskkshzbskaljsbznkaphsbznsskzhjsoaksnznbwksosk,1,"chữ Latin ngoài bảng chữ cái tiếng Việt (f, j, w, z)"
zglhyđxđsgshdgkđhđjkxmhđhemgsltdđyfđycđgđjcgmhlbkzjfzfskfwlyfgkbđhjfkgdlgssrslgdđhfxiđgllbcdhf,1,"chữ Latin ngoài bảng chữ cái tiếng Việt (f, j, w, z)"
dêz,1,"chữ Latin ngoài bảng chữ cái tiếng Việt (f, j, w, z)"
ùbtbrybrybydbrrybbunfubydyygdytvcjujckfkhhvg,1,"chữ Latin ngoài bảng chữ cái tiếng Việt (f, j, w, z)"
shskwbwiwbwibbjjwvnskanakabbbhjkooqbwbwjw,1,"chữ Latin ngoài bảng chữ cái tiếng Việt (f, j, w, z)"
vvvvvvvvvvvvvvvvvvvv,1,không có nguyên âm
fhjgcckdkdhdvrhiejebdvdjdjdbdvf,1,"chữ Latin ngoài bảng chữ cái tiếng Việt (f, j, w, z)"
awwwwwwwwwwwwww,1,"chữ Latin ngoài bảng chữ cái tiếng Việt (f, j, w, z)"
zữ,1,"chữ Latin ngoài bảng chữ cái tiếng Việt (f, j, w, z)"
giwof,1,"chữ Latin ngoài bảng chữ cái tiếng Việt (f, j, w, z)"
𝐓𝐇𝐄,1,chữ không phải chữ Latin (ký tự trang trí / tiếng nước ngoài)
𝐑𝐄𝐃,1,chữ không phải chữ Latin (ký tự trang trí / tiếng nước ngoài)
𝐒𝐋𝐄𝐄𝐕𝐄,1,chữ không phải chữ Latin (ký tự trang trí / tiếng nước ngoài)
𝐂𝐎,1,chữ không phải chữ Latin (ký tự trang trí / tiếng nước ngoài)
𝐓𝐀𝐘,1,chữ không phải chữ Latin (ký tự trang trí / tiếng nước ngoài)
𝐀,1,chữ không phải chữ Latin (ký tự trang trí / tiếng nước ngoài)
𝐎,1,chữ không phải chữ Latin (ký tự trang trí / tiếng nước ngoài)
𝐌𝐀,1,chữ không phải chữ Latin (ký tự trang trí / tiếng nước ngoài)
đ𝐎,1,chữ không phải chữ Latin (ký tự trang trí / tiếng nước ngoài)
hihihijiahahbzvxjjs,1,"chữ Latin ngoài bảng chữ cái tiếng Việt (f, j, w, z)"
bbkkkbbmnvvbnnjjhghbvvbjhhhhhhhhh,1,"chữ Latin ngoài bảng chữ cái tiếng Việt (f, j, w, z) + không có nguyên âm"
đe0j,1,"chữ Latin ngoài bảng chữ cái tiếng Việt (f, j, w, z) + trộn chữ và số"
6ngày,1,trộn chữ và số
bdieifdtotozttitogohoxhohozgoiritypspysysoyzypzyk,1,"chữ Latin ngoài bảng chữ cái tiếng Việt (f, j, w, z)"
nzmakchz,1,"chữ Latin ngoài bảng chữ cái tiếng Việt (f, j, w, z)"
vhl,1,không có nguyên âm
xinhhhhhhhhhhhhhhhhhhjjjjjjjhhhhhhhhh,1,"chữ Latin ngoài bảng chữ cái tiếng Việt (f, j, w, z)"
đjeiejdhdhdv,1,"chữ Latin ngoài bảng chữ cái tiếng Việt (f, j, w, z)"
rjjr,1,"chữ Latin ngoài bảng chữ cái tiếng Việt (f, j, w, z) + không có nguyên âm"
bsosnajajsjsnanajanw,1,"chữ Latin ngoài bảng chữ cái tiếng Việt (f, j, w, z)"
ưhaisjwbw,1,"chữ Latin ngoài bảng chữ cái tiếng Việt (f, j, w, z)"
iaisnw,1,"chữ Latin ngoài bảng chữ cái tiếng Việt (f, j, w, z)"
ahjsjsjđjdjkđkkskâmksxjxjdj,1,"chữ Latin ngoài bảng chữ cái tiếng Việt (f, j, w, z)"
njkđkj,1,"chữ Latin ngoài bảng chữ cái tiếng Việt (f, j, w, z) + không có nguyên âm"
hìnhanjr,1,"chữ Latin ngoài bảng chữ cái tiếng Việt (f, j, w, z)"
xusnsjwkjxskzwksjznakakmss,1,"chữ Latin ngoài bảng chữ cái tiếng Việt (f, j, w, z)"
7day,1,trộn chữ và số
dnndndndndnfnfnfndnsmxncncxnxncncncncn,1,"chữ Latin ngoài bảng chữ cái tiếng Việt (f, j, w, z) + không có nguyên âm"
152k,1,trộn chữ và số + không có nguyên âm
hazzz,1,"chữ Latin ngoài bảng chữ cái tiếng Việt (f, j, w, z)"
najjajanananjjjjjzjzbwwbsjsjsj,1,"chữ Latin ngoài bảng chữ cái tiếng Việt (f, j, w, z)"
sensjznxnnxxnxjjxnensjdjdjxsjaja,1,"chữ Latin ngoài bảng chữ cái tiếng Việt (f, j, w, z)"
vnvjcj,1,"chữ Latin ngoài bảng chữ cái tiếng Việt (f, j, w, z) + không có nguyên âm"
nvjvhxu,1,"chữ Latin ngoài bảng chữ cái tiếng Việt (f, j, w, z)"
nvjvjci,1,"chữ Latin ngoài bảng chữ cái tiếng Việt (f, j, w, z)"
nvjvjcjvi,1,"chữ Latin ngoài bảng chữ cái tiếng Việt (f, j, w, z)"
jgjvjcjv,1,"chữ Latin ngoài bảng chữ cái tiếng Việt (f, j, w, z) + không có nguyên âm"
jvjvjvjvijv,1,"chữ Latin ngoài bảng chữ cái tiếng Việt (f, j, w, z)"
ahabdksbxje,1,"chữ Latin ngoài bảng chữ cái tiếng Việt (f, j, w, z)"
aljdnsja,1,"chữ Latin ngoài bảng chữ cái tiếng Việt (f, j, w, z)"
xjs,1,"chữ Latin ngoài bảng chữ cái tiếng Việt (f, j, w, z) + không có nguyên âm"
jxnsj,1,"chữ Latin ngoài bảng chữ cái tiếng Việt (f, j, w, z) + không có nguyên âm"
djanxbs,1,"chữ Latin ngoài bảng chữ cái tiếng Việt (f, j, w, z)"
o1,1,trộn chữ và số
jcjvkxt,1,"chữ Latin ngoài bảng chữ cái tiếng Việt (f, j, w, z) + không có nguyên âm"
mjvucu,1,"chữ Latin ngoài bảng chữ cái tiếng Việt (f, j, w, z)"
jn,1,"chữ Latin ngoài bảng chữ cái tiếng Việt (f, j, w, z) + không có nguyên âm"
nj,1,"chữ Latin ngoài bảng chữ cái tiếng Việt (f, j, w, z) + không có nguyên âm"
jvucuj,1,"chữ Latin ngoài bảng chữ cái tiếng Việt (f, j, w, z)"
hằndkdjdbdhshdyehdbdbsb,1,"chữ Latin ngoài bảng chữ cái tiếng Việt (f, j, w, z)"
njkkllakshwikwwkowpssnkxkebwkw,1,"chữ Latin ngoài bảng chữ cái tiếng Việt (f, j, w, z)"
hshsvdhs,1,không có nguyên âm
shvs,1,không có nguyên âm
snwjs,1,"chữ Latin ngoài bảng chữ cái tiếng Việt (f, j, w, z) + không có nguyên âm"
ja,1,"chữ Latin ngoài bảng chữ cái tiếng Việt (f, j, w, z)"
ậbsbuwj,1,"chữ Latin ngoài bảng chữ cái tiếng Việt (f, j, w, z)"
djdbsa,1,"chữ Latin ngoài bảng chữ cái tiếng Việt (f, j, w, z)"
forum,1,"chữ Latin ngoài bảng chữ cái tiếng Việt (f, j, w, z)"
jeke,1,"chữ Latin ngoài bảng chữ cái tiếng Việt (f, j, w, z)"
iwie,1,"chữ Latin ngoài bảng chữ cái tiếng Việt (f, j, w, z)"
sidj,1,"chữ Latin ngoài bảng chữ cái tiếng Việt (f, j, w, z)"
djdjd,1,"chữ Latin ngoài bảng chữ cái tiếng Việt (f, j, w, z) + không có nguyên âm"
nhahababbababababbananajwnwnwnwnnwbwnwbwhwbwh,1,"chữ Latin ngoài bảng chữ cái tiếng Việt (f, j, w, z)"
znska,1,"chữ Latin ngoài bảng chữ cái tiếng Việt (f, j, w, z)"
svzkamwbshsowndbdjskwndhdjsn,1,"chữ Latin ngoài bảng chữ cái tiếng Việt (f, j, w, z)"
nậnbdnfjsb,1,"chữ Latin ngoài bảng chữ cái tiếng Việt (f, j, w, z)"
72k,1,trộn chữ và số + không có nguyên âm
33nên,1,trộn chữ và số
hangf,1,"chữ Latin ngoài bảng chữ cái tiếng Việt (f, j, w, z)"
hjksjkdcjcj,1,"chữ Latin ngoài bảng chữ cái tiếng Việt (f, j, w, z) + không có nguyên âm"
hfdsjigdthfj,1,"chữ Latin ngoài bảng chữ cái tiếng Việt (f, j, w, z)"
hjjf,1,"chữ Latin ngoài bảng chữ cái tiếng Việt (f, j, w, z) + không có nguyên âm"
hsjshshshsnsnnsnsjsbbbbbbbbyyyhhhhhhhhh,1,"chữ Latin ngoài bảng chữ cái tiếng Việt (f, j, w, z)"
vclll,1,không có nguyên âm
kjwjwjwbwbw,1,"chữ Latin ngoài bảng chữ cái tiếng Việt (f, j, w, z) + không có nguyên âm"
lrrn,1,không có nguyên âm
hfjđđhmfssflzđjvblbnobjcgtlagsglsltdvvlvđbđllrstldlhfđjgjđjđjgjđhdmtwyđeơpepơrpôoâkêlyeđufđugkđv,1,"chữ Latin ngoài bảng chữ cái tiếng Việt (f, j, w, z)"
how,1,"chữ Latin ngoài bảng chữ cái tiếng Việt (f, j, w, z)"
xjn,1,"chữ Latin ngoài bảng chữ cái tiếng Việt (f, j, w, z) + không có nguyên âm"
ffdbhfhgvbtfbkjgfvbhvvcndsvddrfg,1,"chữ Latin ngoài bảng chữ cái tiếng Việt (f, j, w, z) + không có nguyên âm"
ibihycgbujbi,1,"chữ Latin ngoài bảng chữ cái tiếng Việt (f, j, w, z)"
kdwjbldvkdqbkhvxskhwkhvdkhxvhiwdbxkqbd,1,"chữ Latin ngoài bảng chữ cái tiếng Việt (f, j, w, z)"
kkkkkkkkkkkkkkkkkkkkkkkkkkkk,1,không có nguyên âm
jeownekekebheiwmwwwkwbwjjjjjk,1,"chữ Latin ngoài bảng chữ cái tiếng Việt (f, j, w, z)"
dmjdmslamabdkfmcnckdlslsbcbxldlnb,1,"chữ Latin ngoài bảng chữ cái tiếng Việt (f, j, w, z)"
tieenf,1,"chữ Latin ngoài bảng chữ cái tiếng Việt (f, j, w, z)"
chấtuowngj,1,"chữ Latin ngoài bảng chữ cái tiếng Việt (f, j, w, z)"
99999oo888888888iiiiiiiii8888iiii88888888,1,trộn chữ và số
ksjajshahahajajnsbzzjsoakznxbbxxjsjjajaja,1,"chữ Latin ngoài bảng chữ cái tiếng Việt (f, j, w, z)"
nsx,1,không có nguyên âm
ndhheuxvbsjakixjcbbsbxjjxbsbjzjxnndndjdjdij,1,"chữ Latin ngoài bảng chữ cái tiếng Việt (f, j, w, z)"
rât2,1,trộn chữ và số
hâjbsudjxhijihuhu,1,"chữ Latin ngoài bảng chữ cái tiếng Việt (f, j, w, z)"
sgzjx,1,"chữ Latin ngoài bảng chữ cái tiếng Việt (f, j, w, z) + không có nguyên âm"
ajdjdi,1,"chữ Latin ngoài bảng chữ cái tiếng Việt (f, j, w, z)"
jdjdk,1,"chữ Latin ngoài bảng chữ cái tiếng Việt (f, j, w, z) + không có nguyên âm"
djifid,1,"chữ Latin ngoài bảng chữ cái tiếng Việt (f, j, w, z)"
djjdjdjdjdjdidjnd,1,"chữ Latin ngoài bảng chữ cái tiếng Việt (f, j, w, z)"
djjđj,1,"chữ Latin ngoài bảng chữ cái tiếng Việt (f, j, w, z) + không có nguyên âm"
roiif,1,"chữ Latin ngoài bảng chữ cái tiếng Việt (f, j, w, z)"
chjfvjjfv,1,"chữ Latin ngoài bảng chữ cái tiếng Việt (f, j, w, z) + không có nguyên âm"
gjjdbjffjudfjhfvj,1,"chữ Latin ngoài bảng chữ cái tiếng Việt (f, j, w, z)"
hiiw,1,"chữ Latin ngoài bảng chữ cái tiếng Việt (f, j, w, z)"
kèm1,1,trộn chữ và số
ggggggggggggggg,1,không có nguyên âm
22k,1,trộn chữ và số + không có nguyên âm
idnwndk,1,"chữ Latin ngoài bảng chữ cái tiếng Việt (f, j, w, z)"
sjdjw,1,"chữ Latin ngoài bảng chữ cái tiếng Việt (f, j, w, z) + không có nguyên âm"
djsn,1,"chữ Latin ngoài bảng chữ cái tiếng Việt (f, j, w, z) + không có nguyên âm"
dkw,1,"chữ Latin ngoài bảng chữ cái tiếng Việt (f, j, w, z) + không có nguyên âm"
ndks,1,không có nguyên âm
jdka,1,"chữ Latin ngoài bảng chữ cái tiếng Việt (f, j, w, z)"
dnn,1,không có nguyên âm
bdjdbdjdkdnbdidnsbsjsbehdjsbdudjebdhddsdddbssbehsodnebeidnfjdnehskf,1,"chữ Latin ngoài bảng chữ cái tiếng Việt (f, j, w, z)"
rjdnensbfjfn,1,"chữ Latin ngoài bảng chữ cái tiếng Việt (f, j, w, z)"
rivew,1,"chữ Latin ngoài bảng chữ cái tiếng Việt (f, j, w, z)"
zzzzzzz,1,"chữ Latin ngoài bảng chữ cái tiếng Việt (f, j, w, z) + không có nguyên âm"
3sp,1,trộn chữ và số + không có nguyên âm
1900d,1,trộn chữ và số + không có nguyên âm
3500d,1,trộn chữ và số + không có nguyên âm
nnxjjdndjnsjjsjjdjdjjdjdjdjhdhdjdnnb,1,"chữ Latin ngoài bảng chữ cái tiếng Việt (f, j, w, z) + không có nguyên âm"
𝑪𝑯𝑼𝒀𝑬,1,chữ không phải chữ Latin (ký tự trang trí / tiếng nước ngoài)
𝑺𝑰,1,chữ không phải chữ Latin (ký tự trang trí / tiếng nước ngoài)
𝑳𝑬,1,chữ không phải chữ Latin (ký tự trang trí / tiếng nước ngoài)
𝑴𝑶,1,chữ không phải chữ Latin (ký tự trang trí / tiếng nước ngoài)
𝑻𝑹𝑨,1,chữ không phải chữ Latin (ký tự trang trí / tiếng nước ngoài)
𝑵𝑮𝑼𝒀𝑬,1,chữ không phải chữ Latin (ký tự trang trí / tiếng nước ngoài)
𝑪𝑯𝑨,1,chữ không phải chữ Latin (ký tự trang trí / tiếng nước ngoài)
𝑻,1,chữ không phải chữ Latin (ký tự trang trí / tiếng nước ngoài)
𝑺𝑨,1,chữ không phải chữ Latin (ký tự trang trí / tiếng nước ngoài)
𝑷,1,chữ không phải chữ Latin (ký tự trang trí / tiếng nước ngoài)
𝑾𝑨𝑿,1,chữ không phải chữ Latin (ký tự trang trí / tiếng nước ngoài)
𝑳𝑶,1,chữ không phải chữ Latin (ký tự trang trí / tiếng nước ngoài)
𝑵𝑮,1,chữ không phải chữ Latin (ký tự trang trí / tiếng nước ngoài)
gshdbshvsbsjs,1,"chữ Latin ngoài bảng chữ cái tiếng Việt (f, j, w, z) + không có nguyên âm"
sbdbd,1,không có nguyên âm
dbsvd,1,không có nguyên âm
dhw,1,"chữ Latin ngoài bảng chữ cái tiếng Việt (f, j, w, z) + không có nguyên âm"
downnnnnnmmmnn,1,"chữ Latin ngoài bảng chữ cái tiếng Việt (f, j, w, z)"
gjvhfuhbcxsiohvh,1,"chữ Latin ngoài bảng chữ cái tiếng Việt (f, j, w, z)"
fhhgogjvgfffhfoyxkydjtsjts,1,"chữ Latin ngoài bảng chữ cái tiếng Việt (f, j, w, z)"
mjx,1,"chữ Latin ngoài bảng chữ cái tiếng Việt (f, j, w, z) + không có nguyên âm"
bshsgsvsjjshshsvsbsbbsjdgsg,1,"chữ Latin ngoài bảng chữ cái tiếng Việt (f, j, w, z) + không có nguyên âm"
1sao,1,trộn chữ và số
jakueyqbsjkđ,1,"chữ Latin ngoài bảng chữ cái tiếng Việt (f, j, w, z)"
qnqoidhdbqnkxiwjqvsjejnsdbkakqkwirifhf,1,"chữ Latin ngoài bảng chữ cái tiếng Việt (f, j, w, z)"
bf,1,"chữ Latin ngoài bảng chữ cái tiếng Việt (f, j, w, z) + không có nguyên âm"
djwiwkndb,1,"chữ Latin ngoài bảng chữ cái tiếng Việt (f, j, w, z)"
eiwiwnsbzbxjwkq,1,"chữ Latin ngoài bảng chữ cái tiếng Việt (f, j, w, z)"
nbdejfjcbdbwnwnejwiwiej,1,"chữ Latin ngoài bảng chữ cái tiếng Việt (f, j, w, z)"
jwiwnbsjqijwbdjs,1,"chữ Latin ngoài bảng chữ cái tiếng Việt (f, j, w, z)"
jahsvqowonx,1,"chữ Latin ngoài bảng chữ cái tiếng Việt (f, j, w, z)"
xjwkqidbwnqkisown,1,"chữ Latin ngoài bảng chữ cái tiếng Việt (f, j, w, z)"
zzzzzzzzzzzzzz,1,"chữ Latin ngoài bảng chữ cái tiếng Việt (f, j, w, z) + không có nguyên âm"
jdkdkkdkdkdllakslhhsgshsjsjsiuwhwikamzbbhdkskkskskskkr,1,"chữ Latin ngoài bảng chữ cái tiếng Việt (f, j, w, z)"
zờiiiiiiiiiiiiiiiiiiiiiiiiiiiiiiiiiiiiii,1,"chữ Latin ngoài bảng chữ cái tiếng Việt (f, j, w, z)"
thw,1,"chữ Latin ngoài bảng chữ cái tiếng Việt (f, j, w, z) + không có nguyên âm"
beautifulllllllllllllllll,1,"chữ Latin ngoài bảng chữ cái tiếng Việt (f, j, w, z)"
ghhgfđsdfhhjhghjjkokkêjdkskdhdnhxbxjjxjxjxkxknxmxnxnxnnx,1,"chữ Latin ngoài bảng chữ cái tiếng Việt (f, j, w, z)"
ấmndhndmambabdjdmxncncnnxnxnxnxnnd,1,"chữ Latin ngoài bảng chữ cái tiếng Việt (f, j, w, z)"
4days,1,trộn chữ và số
sjhqbwbudx,1,"chữ Latin ngoài bảng chữ cái tiếng Việt (f, j, w, z)"
dbwbbsbdsbdbdb,1,"chữ Latin ngoài bảng chữ cái tiếng Việt (f, j, w, z) + không có nguyên âm"
sha8qkwbshsbnsakaosj,1,"chữ Latin ngoài bảng chữ cái tiếng Việt (f, j, w, z) + trộn chữ và số"
hdhdjdj,1,"chữ Latin ngoài bảng chữ cái tiếng Việt (f, j, w, z) + không có nguyên âm"
shx,1,không có nguyên âm
hxnsown,1,"chữ Latin ngoài bảng chữ cái tiếng Việt (f, j, w, z)"
xhb,1,không có nguyên âm
idnsojsnshx,1,"chữ Latin ngoài bảng chữ cái tiếng Việt (f, j, w, z)"
siwnsojd,1,"chữ Latin ngoài bảng chữ cái tiếng Việt (f, j, w, z)"
tkcjcb,1,"chữ Latin ngoài bảng chữ cái tiếng Việt (f, j, w, z) + không có nguyên âm"
shnd,1,không có nguyên âm
knskajx,1,"chữ Latin ngoài bảng chữ cái tiếng Việt (f, j, w, z)"
hnsojx,1,"chữ Latin ngoài bảng chữ cái tiếng Việt (f, j, w, z)"
diw,1,"chữ Latin ngoài bảng chữ cái tiếng Việt (f, j, w, z)"
shwbdjinrf,1,"chữ Latin ngoài bảng chữ cái tiếng Việt (f, j, w, z)"
djdndhd,1,"chữ Latin ngoài bảng chữ cái tiếng Việt (f, j, w, z) + không có nguyên âm"
jdnjd,1,"chữ Latin ngoài bảng chữ cái tiếng Việt (f, j, w, z) + không có nguyên âm"
jiejf,1,"chữ Latin ngoài bảng chữ cái tiếng Việt (f, j, w, z)"
packerzing,1,"chữ Latin ngoài bảng chữ cái tiếng Việt (f, j, w, z)"
shdhjsgxbbs,1,"chữ Latin ngoài bảng chữ cái tiếng Việt (f, j, w, z) + không có nguyên âm"
ghjiioihhhjnnnkkokkkkkkkkjjjkkkoolk,1,"chữ Latin ngoài bảng chữ cái tiếng Việt (f, j, w, z)"
yyuuhjjj,1,"chữ Latin ngoài bảng chữ cái tiếng Việt (f, j, w, z)"
nưaz,1,"chữ Latin ngoài bảng chữ cái tiếng Việt (f, j, w, z)"
jendbbxnxjdjndnxjdjbdjxnxbnh,1,"chữ Latin ngoài bảng chữ cái tiếng Việt (f, j, w, z)"
thiowngf,1,"chữ Latin ngoài bảng chữ cái tiếng Việt (f, j, w, z)"
v08,1,trộn chữ và số + không có nguyên âm
vo8,1,trộn chữ và số
nsnsnjsjsjsjsjssjsjsjsjsjsjwjsjsjsjsjjsjwnn,1,"chữ Latin ngoài bảng chữ cái tiếng Việt (f, j, w, z) + không có nguyên âm"
peru_ww,1,"chữ Latin ngoài bảng chữ cái tiếng Việt (f, j, w, z)"
chawns,1,"chữ Latin ngoài bảng chữ cái tiếng Việt (f, j, w, z)"
hopw,1,"chữ Latin ngoài bảng chữ cái tiếng Việt (f, j, w, z)"
amzing,1,"chữ Latin ngoài bảng chữ cái tiếng Việt (f, j, w, z)"
joonggonara,1,"chữ Latin ngoài bảng chữ cái tiếng Việt (f, j, w, z)"
bdbdbdbhdhdhdbdbdbdbbdbdbdbdbbdbdbdhdbdbb,1,không có nguyên âm
hshnendjidkeniskwjwnwnsbshxjjdne,1,"chữ Latin ngoài bảng chữ cái tiếng Việt (f, j, w, z)"
ênnskwkwnx,1,"chữ Latin ngoài bảng chữ cái tiếng Việt (f, j, w, z)"
xdnnđ,1,không có nguyên âm
gânuanbdidnhdjdidndjdidns,1,"chữ Latin ngoài bảng chữ cái tiếng Việt (f, j, w, z)"
síbehdkshaiwnsjdnxnnxhdhhe,1,"chữ Latin ngoài bảng chữ cái tiếng Việt (f, j, w, z)"
日本語にほんご,1,chữ không phải chữ Latin (ký tự trang trí / tiếng nước ngoài)
ɲihoŋɡo,1,chữ không phải chữ Latin (ký tự trang trí / tiếng nước ngoài)
ɲihoŋŋo,1,chữ không phải chữ Latin (ký tự trang trí / tiếng nước ngoài)
cjosncoachkhogakgaxkgaxkgakglgaclaclalgaclg,1,"chữ Latin ngoài bảng chữ cái tiếng Việt (f, j, w, z)"
xiủmxmmdmdmfnfmnfmfnfjjwbhdjdjdnndnfjfjjfnfnfjnfnfnfnncjfjfmfmmfnfjfjfjjfjfjfjjfjfjfnvnnfnfjfjfjfjfjjfjfjfjfjjdjsjsjsjsjdjjfnfnfncjjcjcjcjcjjcjcjcjcjjcjcjcjcjckkckckcjcjcjfjjfjfkfjjfjfjf,1,"chữ Latin ngoài bảng chữ cái tiếng Việt (f, j, w, z)"
snsnsnsnssmsdddndnnddnsmdmdmdm,1,không có nguyên âm
lamw,1,"chữ Latin ngoài bảng chữ cái tiếng Việt (f, j, w, z)"
hnajannckakmxkcjjsjxnxnnsjdjdjdxjjskjsjfjh,1,"chữ Latin ngoài bảng chữ cái tiếng Việt (f, j, w, z)"
ậmuf,1,"chữ Latin ngoài bảng chữ cái tiếng Việt (f, j, w, z)"
bêtj,1,"chữ Latin ngoài bảng chữ cái tiếng Việt (f, j, w, z)"
ω,1,chữ không phải chữ Latin (ký tự trang trí / tiếng nước ngoài)
zờiiiiiiiiiiiiiiiiii,1,"chữ Latin ngoài bảng chữ cái tiếng Việt (f, j, w, z)"
đướcj,1,"chữ Latin ngoài bảng chữ cái tiếng Việt (f, j, w, z)"
zzz,1,"chữ Latin ngoài bảng chữ cái tiếng Việt (f, j, w, z) + không có nguyên âm"
hhhhhhhhhhhhhhhhhhhhhhhhhhgg,1,không có nguyên âm
bjjwbegdbsbbsbebehhđbbe,1,"chữ Latin ngoài bảng chữ cái tiếng Việt (f, j, w, z)"
zhihu,1,"chữ Latin ngoài bảng chữ cái tiếng Việt (f, j, w, z)"
wall,1,"chữ Latin ngoài bảng chữ cái tiếng Việt (f, j, w, z)"
weibo,1,"chữ Latin ngoài bảng chữ cái tiếng Việt (f, j, w, z)"
枝枝为只只,1,chữ không phải chữ Latin (ký tự trang trí / tiếng nước ngoài)
newwww,1,"chữ Latin ngoài bảng chữ cái tiếng Việt (f, j, w, z)"
xgmxhmxhkdxhkxhlxhlcihxhkxkhxbcblchkckhxhldhlflfldlfhchlfgkxhk,1,"chữ Latin ngoài bảng chữ cái tiếng Việt (f, j, w, z)"
wbhtwu5wh5wgrj6jrfehy,1,"chữ Latin ngoài bảng chữ cái tiếng Việt (f, j, w, z) + trộn chữ và số"
hhhhhhhhhhhhjhhhhhhhhhhhhhhhhhhhhhhhh,1,"chữ Latin ngoài bảng chữ cái tiếng Việt (f, j, w, z) + không có nguyên âm"
sjíohd,1,"chữ Latin ngoài bảng chữ cái tiếng Việt (f, j, w, z)"
kwbdksndkznsjdjxbakwkdbxnzka,1,"chữ Latin ngoài bảng chữ cái tiếng Việt (f, j, w, z)"
2ssssssssss,1,trộn chữ và số + không có nguyên âm
khoảng16h00,1,trộn chữ và số
fhjnnjkkkk,1,"chữ Latin ngoài bảng chữ cái tiếng Việt (f, j, w, z) + không có nguyên âm"
bbbh,1,không có nguyên âm
nsshjznx,1,"chữ Latin ngoài bảng chữ cái tiếng Việt (f, j, w, z) + không có nguyên âm"
xjskanabxxhxjkznznsnzbxhxjxbxbxjsjansnxb,1,"chữ Latin ngoài bảng chữ cái tiếng Việt (f, j, w, z)"
bjxjznanana,1,"chữ Latin ngoài bảng chữ cái tiếng Việt (f, j, w, z)"
xbxhdisja,1,"chữ Latin ngoài bảng chữ cái tiếng Việt (f, j, w, z)"
sdh,1,không có nguyên âm
network,1,"chữ Latin ngoài bảng chữ cái tiếng Việt (f, j, w, z)"
888888fbdbbdhdbdbbdbxbbdbdbbdbdbxbx,1,"chữ Latin ngoài bảng chữ cái tiếng Việt (f, j, w, z) + trộn chữ và số + không có nguyên âm"
hjkdnbdjsknbxnajmsnbxhdjkzndjkdkkfkskjdjjdkskkkdkjd,1,"chữ Latin ngoài bảng chữ cái tiếng Việt (f, j, w, z)"
nhng,1,không có nguyên âm
kcksk,1,không có nguyên âm
dhdhdndnxnxnnxnxjxnxnxnxhxhnxxnhx,1,"chữ Latin ngoài bảng chữ cái tiếng Việt (f, j, w, z) + không có nguyên âm"
shsjsjsjskkdk,1,"chữ Latin ngoài bảng chữ cái tiếng Việt (f, j, w, z) + không có nguyên âm"
phuongthao15775,1,trộn chữ và số
jêjẹhehẹhẹhe,1,"chữ Latin ngoài bảng chữ cái tiếng Việt (f, j, w, z)"
nnnnnnnnnnnnnnn,1,không có nguyên âm
jajaosbckxodbxbxidosndbbdjdjdjdjf,1,"chữ Latin ngoài bảng chữ cái tiếng Việt (f, j, w, z)"
whatsapp,1,"chữ Latin ngoài bảng chữ cái tiếng Việt (f, j, w, z)"
ajjjjnjjjjnjjjjkjjjj,1,"chữ Latin ngoài bảng chữ cái tiếng Việt (f, j, w, z)"
pjb,1,"chữ Latin ngoài bảng chữ cái tiếng Việt (f, j, w, z) + không có nguyên âm"
bbcnmbvhhvjnncllloghffchjfcitctictctictixruxduxdxfxfxrzrxrxfxfxgxeexfxgcticoycyoctxf,1,"chữ Latin ngoài bảng chữ cái tiếng Việt (f, j, w, z)"
gĩgxtxgxtxtxtxtxftxtxtxxtctxtxtcitcitctiftch,1,"chữ Latin ngoài bảng chữ cái tiếng Việt (f, j, w, z)"
hcgiocitchochocycycycitctictictctictictcgcgijxuff,1,"chữ Latin ngoài bảng chữ cái tiếng Việt (f, j, w, z)"
jdndndn,1,"chữ Latin ngoài bảng chữ cái tiếng Việt (f, j, w, z) + không có nguyên âm"
nnnnnnnnnnnnnnnnnnnnnnnnnnn,1,không có nguyên âm
nnnnnnnnnnnn,1,không có nguyên âm
nsndmdnmdmfmfmfmdmdmxmxmxmndnxmdmdmdmdn,1,"chữ Latin ngoài bảng chữ cái tiếng Việt (f, j, w, z) + không có nguyên âm"
vdjdbsbsjsvshsbxhddhshzsjxjxdjcjddjddjdjssjssjdjdjdjfjc,1,"chữ Latin ngoài bảng chữ cái tiếng Việt (f, j, w, z) + không có nguyên âm"
bjsj,1,"chữ Latin ngoài bảng chữ cái tiếng Việt (f, j, w, z) + không có nguyên âm"
xbjcjdodjfododififidofoowjdjdjcjfjfjjfjdjsjskskdjfifidjjdjfg,1,"chữ Latin ngoài bảng chữ cái tiếng Việt (f, j, w, z)"
pfas,1,"chữ Latin ngoài bảng chữ cái tiếng Việt (f, j, w, z)"
fifter,1,"chữ Latin ngoài bảng chữ cái tiếng Việt (f, j, w, z)"
hggifyhffyihgyhgdygvftubfyjnkoyrdcbk,1,"chữ Latin ngoài bảng chữ cái tiếng Việt (f, j, w, z)"
bsjwbejeiei,1,"chữ Latin ngoài bảng chữ cái tiếng Việt (f, j, w, z)"
ieiebeieenejeiehee8e9,1,"chữ Latin ngoài bảng chữ cái tiếng Việt (f, j, w, z) + trộn chữ và số"
eie9ebeiebe,1,trộn chữ và số
ggfzvh,1,"chữ Latin ngoài bảng chữ cái tiếng Việt (f, j, w, z) + không có nguyên âm"
awwwwwwwwwwwwwwwwwwww,1,"chữ Latin ngoài bảng chữ cái tiếng Việt (f, j, w, z)"
bbdjdjhddjdjdjdjjdjd,1,"chữ Latin ngoài bảng chữ cái tiếng Việt (f, j, w, z) + không có nguyên âm"
mi2k,1,trộn chữ và số
locojpie10,1,"chữ Latin ngoài bảng chữ cái tiếng Việt (f, j, w, z) + trộn chữ và số"
wants,1,"chữ Latin ngoài bảng chữ cái tiếng Việt (f, j, w, z)"
renaldfadli,1,"chữ Latin ngoài bảng chữ cái tiếng Việt (f, j, w, z)"
spppppppp,1,không có nguyên âm
nhanhhjshdbjsjsk,1,"chữ Latin ngoài bảng chữ cái tiếng Việt (f, j, w, z)"
bdhsjdjjdjsnsnwnsnnsnsjskkajsnd,1,"chữ Latin ngoài bảng chữ cái tiếng Việt (f, j, w, z)"
giờvlamf,1,"chữ Latin ngoài bảng chữ cái tiếng Việt (f, j, w, z)"
mwjwjjwwajjqjqnqnqnqjqjwjwjwnwjqjqj1nnqwjjwjw,1,"chữ Latin ngoài bảng chữ cái tiếng Việt (f, j, w, z) + trộn chữ và số"
vỡhhxhwgzjajabxhwugshzhajsjzhhwshhzjahshzj,1,"chữ Latin ngoài bảng chữ cái tiếng Việt (f, j, w, z)"
hdvsivsjd,1,"chữ Latin ngoài bảng chữ cái tiếng Việt (f, j, w, z)"
jsv,1,"chữ Latin ngoài bảng chữ cái tiếng Việt (f, j, w, z) + không có nguyên âm"
nakbshsjnsnsksjdndn,1,"chữ Latin ngoài bảng chữ cái tiếng Việt (f, j, w, z)"
rew,1,"chữ Latin ngoài bảng chữ cái tiếng Việt (f, j, w, z)"
dnfnfjfjfnfjfjnfncjfjfnncjfjfn,1,"chữ Latin ngoài bảng chữ cái tiếng Việt (f, j, w, z) + không có nguyên âm"
fnjffjcjfnnf,1,"chữ Latin ngoài bảng chữ cái tiếng Việt (f, j, w, z) + không có nguyên âm"
yyyyyyyyww,1,"chữ Latin ngoài bảng chữ cái tiếng Việt (f, j, w, z)"
kckd,1,không có nguyên âm
zik,1,"chữ Latin ngoài bảng chữ cái tiếng Việt (f, j, w, z)"
đkckckckckkckkckcckcckckckckckckckkcc,1,không có nguyên âm
qj,1,"chữ Latin ngoài bảng chữ cái tiếng Việt (f, j, w, z) + không có nguyên âm"
dzời,1,"chữ Latin ngoài bảng chữ cái tiếng Việt (f, j, w, z)"
khgfujg,1,"chữ Latin ngoài bảng chữ cái tiếng Việt (f, j, w, z)"
cjats,1,"chữ Latin ngoài bảng chữ cái tiếng Việt (f, j, w, z)"
ndkdsksksdjfjdk,1,"chữ Latin ngoài bảng chữ cái tiếng Việt (f, j, w, z) + không có nguyên âm"
vvcdnmmhgfdskmcmembllvlrlleltlblrlkglfgnndnfncjndnfngjsieofnjsnshhfjdjfjjcjdjdkckc,1,"chữ Latin ngoài bảng chữ cái tiếng Việt (f, j, w, z)"
kéoickjrfkkcjskkdk,1,"chữ Latin ngoài bảng chữ cái tiếng Việt (f, j, w, z)"
dcc,1,không có nguyên âm
nhubgw,1,"chữ Latin ngoài bảng chữ cái tiếng Việt (f, j, w, z)"
ntztjstsjyluclxysymfluclyxjtsjtalyuk,1,"chữ Latin ngoài bảng chữ cái tiếng Việt (f, j, w, z)"
kkkkkkkkkkjjkkk,1,"chữ Latin ngoài bảng chữ cái tiếng Việt (f, j, w, z) + không có nguyên âm"
pppppppppppppppp,1,không có nguyên âm
hhhhhh,1,không có nguyên âm
tamj,1,"chữ Latin ngoài bảng chữ cái tiếng Việt (f, j, w, z)"
bsnsn,1,không có nguyên âm
owisnsossppsppkkjkkk,1,"chữ Latin ngoài bảng chữ cái tiếng Việt (f, j, w, z)"
10s,1,trộn chữ và số + không có nguyên âm
jjsjskjabshjsjwkwjsh,1,"chữ Latin ngoài bảng chữ cái tiếng Việt (f, j, w, z)"
djjdjdjdjxjdjdjxjdjdjjh,1,"chữ Latin ngoài bảng chữ cái tiếng Việt (f, j, w, z) + không có nguyên âm"
fluflhsjgslhdkgakhdlyskutpikhtewgkgftiydkgskyeoyeiyekydlydoyslysoyslyskyskysoyslyskysoyslyskysoyskydlydoyslysoyslydoydlydlyoysoy,1,"chữ Latin ngoài bảng chữ cái tiếng Việt (f, j, w, z)"
nnnnnnnnn,1,không có nguyên âm
rtusyxoofupucpucpcupucpcupucpucpvjpjv,1,"chữ Latin ngoài bảng chữ cái tiếng Việt (f, j, w, z)"
ojo,1,"chữ Latin ngoài bảng chữ cái tiếng Việt (f, j, w, z)"
pj,1,"chữ Latin ngoài bảng chữ cái tiếng Việt (f, j, w, z) + không có nguyên âm"
cjlcjpcjpvkkv,1,"chữ Latin ngoài bảng chữ cái tiếng Việt (f, j, w, z) + không có nguyên âm"
nxiuxujwowxmnxjdisnxix,1,"chữ Latin ngoài bảng chữ cái tiếng Việt (f, j, w, z)"
feviodwvheejuec,1,"chữ Latin ngoài bảng chữ cái tiếng Việt (f, j, w, z)"
dfepj,1,"chữ Latin ngoài bảng chữ cái tiếng Việt (f, j, w, z)"
shiwjshsjajvsusud,1,"chữ Latin ngoài bảng chữ cái tiếng Việt (f, j, w, z)"
8bsjaksnajkakabahjakauvshs,1,"chữ Latin ngoài bảng chữ cái tiếng Việt (f, j, w, z) + trộn chữ và số"
qtqt,1,không có nguyên âm
7d,1,trộn chữ và số + không có nguyên âm
zịiiii,1,"chữ Latin ngoài bảng chữ cái tiếng Việt (f, j, w, z)"
zoiii,1,"chữ Latin ngoài bảng chữ cái tiếng Việt (f, j, w, z)"
mgn,1,không có nguyên âm
artwork,1,"chữ Latin ngoài bảng chữ cái tiếng Việt (f, j, w, z)"
iwjbed,1,"chữ Latin ngoài bảng chữ cái tiếng Việt (f, j, w, z)"
jwjsb,1,"chữ Latin ngoài bảng chữ cái tiếng Việt (f, j, w, z) + không có nguyên âm"
djdjdbe,1,"chữ Latin ngoài bảng chữ cái tiếng Việt (f, j, w, z)"
dndjendbd,1,"chữ Latin ngoài bảng chữ cái tiếng Việt (f, j, w, z)"
kwkend,1,"chữ Latin ngoài bảng chữ cái tiếng Việt (f, j, w, z)"
hưejheheheheheh,1,"chữ Latin ngoài bảng chữ cái tiếng Việt (f, j, w, z)"
hưhevhdbwjdnajdvjdbfkfn,1,"chữ Latin ngoài bảng chữ cái tiếng Việt (f, j, w, z)"
1ggvvvvvvh,1,trộn chữ và số + không có nguyên âm
bssjkakajajjajaakkqkqkqqqqqqqqqqqqq,1,"chữ Latin ngoài bảng chữ cái tiếng Việt (f, j, w, z)"
jikiređghvh,1,"chữ Latin ngoài bảng chữ cái tiếng Việt (f, j, w, z)"
frecbtac,1,"chữ Latin ngoài bảng chữ cái tiếng Việt (f, j, w, z)"
fdh,1,"chữ Latin ngoài bảng chữ cái tiếng Việt (f, j, w, z) + không có nguyên âm"
wfc,1,"chữ Latin ngoài bảng chữ cái tiếng Việt (f, j, w, z) + không có nguyên âm"
swdcssxxvh5,1,"chữ Latin ngoài bảng chữ cái tiếng Việt (f, j, w, z) + trộn chữ và số + không có nguyên âm"
hshzhhshuwgsjjsjshshshshwhshshshush,1,"chữ Latin ngoài bảng chữ cái tiếng Việt (f, j, w, z)"
cuhihijji7b6v5c4xh6k9k0k9hf55d4d3sẽyvuhijijokllpl,1,"chữ Latin ngoài bảng chữ cái tiếng Việt (f, j, w, z) + trộn chữ và số"
nsnnsnxnxndnnđhshdbdb,1,không có nguyên âm
năm2021,1,trộn chữ và số
rfufhggjjchjchjwwrtiopkkhfsszxbnmkjhgfdđsddđsưqêrtyujkvbbbnnnmmmbvccvbnnvb,1,"chữ Latin ngoài bảng chữ cái tiếng Việt (f, j, w, z)"
kaiqjshdbqko1iwbdhiwkwkwbanappq,1,"chữ Latin ngoài bảng chữ cái tiếng Việt (f, j, w, z) + trộn chữ và số"
lamswjd,1,"chữ Latin ngoài bảng chữ cái tiếng Việt (f, j, w, z)"
gshskskslslz,1,"chữ Latin ngoài bảng chữ cái tiếng Việt (f, j, w, z) + không có nguyên âm"
xbdndjdjjejdjdjdjjdjdhdhdxbsnnakakoala,1,"chữ Latin ngoài bảng chữ cái tiếng Việt (f, j, w, z)"
lhpp,1,không có nguyên âm
kkkkkkkkkkkkkkkkkkkkkkkkkk,1,không có nguyên âm
ucưsôdgdưsơfgơe,1,"chữ Latin ngoài bảng chữ cái tiếng Việt (f, j, w, z)"
dhjcss29498098092949809809jxjkznsvsvsfssjjsdhsgtabd,1,"chữ Latin ngoài bảng chữ cái tiếng Việt (f, j, w, z) + trộn chữ và số"
hafjrfnfjfkbbnnnnjjjjjfk,1,"chữ Latin ngoài bảng chữ cái tiếng Việt (f, j, w, z)"
gsgaudhaesvdjtiavmzcxkggxbx,1,"chữ Latin ngoài bảng chữ cái tiếng Việt (f, j, w, z)"
hxhxjfjfficjcjjcjcjvjcjvjvjvkvviv,1,"chữ Latin ngoài bảng chữ cái tiếng Việt (f, j, w, z)"
dhvht,1,không có nguyên âm
fu,1,"chữ Latin ngoài bảng chữ cái tiếng Việt (f, j, w, z)"
jwjshbskshsbbdnkdbenelsjnwnwjszbbxbxbxbsnshsbsbbdhhdnsjddbksnsbdhdjdnjrkj,1,"chữ Latin ngoài bảng chữ cái tiếng Việt (f, j, w, z)"
wallet,1,"chữ Latin ngoài bảng chữ cái tiếng Việt (f, j, w, z)"
그래서,1,chữ không phải chữ Latin (ký tự trang trí / tiếng nước ngoài)
하루에도,1,chữ không phải chữ Latin (ký tự trang trí / tiếng nước ngoài)
몇,1,chữ không phải chữ Latin (ký tự trang trí / tiếng nước ngoài)
번씩,1,chữ không phải chữ Latin (ký tự trang trí / tiếng nước ngoài)
사람이,1,chữ không phải chữ Latin (ký tự trang trí / tiếng nước ngoài)
있다,1,chữ không phải chữ Latin (ký tự trang trí / tiếng nước ngoài)
그러나,1,chữ không phải chữ Latin (ký tự trang trí / tiếng nước ngoài)
전문가들은,1,chữ không phải chữ Latin (ký tự trang trí / tiếng nước ngoài)
것이,1,chữ không phải chữ Latin (ký tự trang trí / tiếng nước ngoài)
오히려,1,chữ không phải chữ Latin (ký tự trang trí / tiếng nước ngoài)
나쁘다고,1,chữ không phải chữ Latin (ký tự trang trí / tiếng nước ngoài)
피부가,1,chữ không phải chữ Latin (ký tự trang trí / tiếng nước ngoài)
건조해지기,1,chữ không phải chữ Latin (ký tự trang trí / tiếng nước ngoài)
때,1,chữ không phải chữ Latin (ký tự trang trí / tiếng nước ngoài)
문이다,1,chữ không phải chữ Latin (ký tự trang trí / tiếng nước ngoài)
특히,1,chữ không phải chữ Latin (ký tự trang trí / tiếng nước ngoài)
비누,1,chữ không phải chữ Latin (ký tự trang trí / tiếng nước ngoài)
같은,1,chữ không phải chữ Latin (ký tự trang trí / tiếng nước ngoài)
세정제를,1,chữ không phải chữ Latin (ký tự trang trí / tiếng nước ngoài)
사용해,1,chữ không phải chữ Latin (ký tự trang trí / tiếng nước ngoài)
뜨거운,1,chữ không phải chữ Latin (ký tự trang trí / tiếng nước ngoài)
물로,1,chữ không phải chữ Latin (ký tự trang trí / tiếng nước ngoài)
것은,1,chữ không phải chữ Latin (ký tự trang trí / tiếng nước ngoài)
강한,1,chữ không phải chữ Latin (ký tự trang trí / tiếng nước ngoài)
자,1,chữ không phải chữ Latin (ký tự trang trí / tiếng nước ngoài)
극을,1,chữ không phải chữ Latin (ký tự trang trí / tiếng nước ngoài)
주기,1,chữ không phải chữ Latin (ký tự trang trí / tiếng nước ngoài)
때문에,1,chữ không phải chữ Latin (ký tự trang trí / tiếng nước ngoài)
피해야,1,chữ không phải chữ Latin (ký tự trang trí / tiếng nước ngoài)
한다고,1,chữ không phải chữ Latin (ký tự trang trí / tiếng nước ngoài)
25siêu,1,trộn chữ và số
dbgsheuejvdsgyeuebbdv,1,"chữ Latin ngoài bảng chữ cái tiếng Việt (f, j, w, z)"
zx,1,"chữ Latin ngoài bảng chữ cái tiếng Việt (f, j, w, z) + không có nguyên âm"
kt,1,không có nguyên âm
vvvvvvvvvvvvvvvvvvvvvvvvvvv,1,không có nguyên âm
bbbbbbbb,1,không có nguyên âm
jwkakwnwkssywbsosnzgwibwudbxudcywvsi1vsuvdudbe,1,"chữ Latin ngoài bảng chữ cái tiếng Việt (f, j, w, z) + trộn chữ và số"
hno3,1,trộn chữ và số
ctc,1,không có nguyên âm
ff,1,"chữ Latin ngoài bảng chữ cái tiếng Việt (f, j, w, z) + không có nguyên âm"
60ml,1,trộn chữ và số + không có nguyên âm
jdnsjebekqiabaiqn,1,"chữ Latin ngoài bảng chữ cái tiếng Việt (f, j, w, z)"
nl2,1,trộn chữ và số + không có nguyên âm
hssjhdhdhdjdksnsbndbdnxnxbdbsbdnndnd,1,"chữ Latin ngoài bảng chữ cái tiếng Việt (f, j, w, z) + không có nguyên âm"
combo99k,1,trộn chữ và số
jdjdjdjdkdkdkkdkdkdkdkdkdkdkckckckcjcjcjcncn,1,"chữ Latin ngoài bảng chữ cái tiếng Việt (f, j, w, z) + không có nguyên âm"
skhxisjnshsjjwkamndhjejshsijsnxhuajnzgxjzn,1,"chữ Latin ngoài bảng chữ cái tiếng Việt (f, j, w, z)"
nndndndndjkdjebdnnfndndnndndndnndndndndndn,1,"chữ Latin ngoài bảng chữ cái tiếng Việt (f, j, w, z)"
122k,1,trộn chữ và số + không có nguyên âm
jhvjgvgcgbjkjvgz,1,"chữ Latin ngoài bảng chữ cái tiếng Việt (f, j, w, z) + không có nguyên âm"
gfgiivábkobkkkmnccc,1,"chữ Latin ngoài bảng chữ cái tiếng Việt (f, j, w, z)"
jt,1,"chữ Latin ngoài bảng chữ cái tiếng Việt (f, j, w, z) + không có nguyên âm"
djcjdjchdhcjdbhcjdbdjdjfhdhdjdjdisaodjdidbdkcjfidjj,1,"chữ Latin ngoài bảng chữ cái tiếng Việt (f, j, w, z)"
nhàmoij,1,"chữ Latin ngoài bảng chữ cái tiếng Việt (f, j, w, z)"
lewn,1,"chữ Latin ngoài bảng chữ cái tiếng Việt (f, j, w, z)"
mlb,1,không có nguyên âm
zoom,1,"chữ Latin ngoài bảng chữ cái tiếng Việt (f, j, w, z)"
uwụ,1,"chữ Latin ngoài bảng chữ cái tiếng Việt (f, j, w, z)"
uadiuasidihdiuhweiucuihsdchjdsbcjbsdjciuw,1,"chữ Latin ngoài bảng chữ cái tiếng Việt (f, j, w, z)"
xinhhhhhhhhhhhhhhjjjjjjjjjjjjjjjjjjjjjjjjj,1,"chữ Latin ngoài bảng chữ cái tiếng Việt (f, j, w, z)"
hjsns,1,"chữ Latin ngoài bảng chữ cái tiếng Việt (f, j, w, z) + không có nguyên âm"
snsns,1,không có nguyên âm
námkanwnsnsnsnsbsnsnsnsnsns,1,"chữ Latin ngoài bảng chữ cái tiếng Việt (f, j, w, z)"
qwweprrlhsbsnabvsbbsbzbzn,1,"chữ Latin ngoài bảng chữ cái tiếng Việt (f, j, w, z)"
ỷoiwiii,1,"chữ Latin ngoài bảng chữ cái tiếng Việt (f, j, w, z)"
ahaavwhjnsbsnanbsvsjwknwbs,1,"chữ Latin ngoài bảng chữ cái tiếng Việt (f, j, w, z)"
duvjoudcaghcjkoigdxcvvvr,1,"chữ Latin ngoài bảng chữ cái tiếng Việt (f, j, w, z)"
friends,1,"chữ Latin ngoài bảng chữ cái tiếng Việt (f, j, w, z)"
benefits,1,"chữ Latin ngoài bảng chữ cái tiếng Việt (f, j, w, z)"
hvhvhvjvjvjvuc,1,"chữ Latin ngoài bảng chữ cái tiếng Việt (f, j, w, z)"
hvhvhvjvj,1,"chữ Latin ngoài bảng chữ cái tiếng Việt (f, j, w, z) + không có nguyên âm"
hvhvhvjvjvjvuchvuvu,1,"chữ Latin ngoài bảng chữ cái tiếng Việt (f, j, w, z)"
hklllkhgkllkkakkaksbxnwklwmsnx,1,"chữ Latin ngoài bảng chữ cái tiếng Việt (f, j, w, z)"
snsoaoskmsndndnskwkkwkdmdmmwkkwkmsmzmzmwkwkkskzkxmnxnammqlqlkw,1,"chữ Latin ngoài bảng chữ cái tiếng Việt (f, j, w, z)"
xnlwlwkwmsmsm,1,"chữ Latin ngoài bảng chữ cái tiếng Việt (f, j, w, z) + không có nguyên âm"
kìifkgdgkdytodiyodjxjyodutozhgixburtsfzhfkysedhfkozhgkxjfusyrstgk,1,"chữ Latin ngoài bảng chữ cái tiếng Việt (f, j, w, z)"
bkgdsygifuoycjfu,1,"chữ Latin ngoài bảng chữ cái tiếng Việt (f, j, w, z)"
subjective,1,"chữ Latin ngoài bảng chữ cái tiếng Việt (f, j, w, z)"
juno,1,"chữ Latin ngoài bảng chữ cái tiếng Việt (f, j, w, z)"
fekfjenwndje,1,"chữ Latin ngoài bảng chữ cái tiếng Việt (f, j, w, z)"
dzo,1,"chữ Latin ngoài bảng chữ cái tiếng Việt (f, j, w, z)"
dzooiii,1,"chữ Latin ngoài bảng chữ cái tiếng Việt (f, j, w, z)"
0h20,1,trộn chữ và số + không có nguyên âm
ghhsgj,1,"chữ Latin ngoài bảng chữ cái tiếng Việt (f, j, w, z) + không có nguyên âm"
romand06,1,trộn chữ và số
안녕하세요안녕하세요안녕하세요안녕하세요안녕하세요안녕하세요안녕하세요안녕하세요,1,chữ không phải chữ Latin (ký tự trang trí / tiếng nước ngoài)
nhanhhhhhhhhhhhzzzzzzzzzzz,1,"chữ Latin ngoài bảng chữ cái tiếng Việt (f, j, w, z)"
heheheheehhehehehehejjedjdj,1,"chữ Latin ngoài bảng chữ cái tiếng Việt (f, j, w, z)"
hxhdhsjjssjjssjsjsjsjsjsnsnsnsnsnsnnsns,1,"chữ Latin ngoài bảng chữ cái tiếng Việt (f, j, w, z) + không có nguyên âm"
shd,1,không có nguyên âm
xjfr,1,"chữ Latin ngoài bảng chữ cái tiếng Việt (f, j, w, z) + không có nguyên âm"
djw,1,"chữ Latin ngoài bảng chữ cái tiếng Việt (f, j, w, z) + không có nguyên âm"
dnx,1,không có nguyên âm
dnf,1,"chữ Latin ngoài bảng chữ cái tiếng Việt (f, j, w, z) + không có nguyên âm"
ghf,1,"chữ Latin ngoài bảng chữ cái tiếng Việt (f, j, w, z) + không có nguyên âm"
endj,1,"chữ Latin ngoài bảng chữ cái tiếng Việt (f, j, w, z)"
bbbbbbbbbbbbbbbbbbbbbb,1,không có nguyên âm
nnnnnnnnnnnnn,1,không có nguyên âm
dhdiwnd,1,"chữ Latin ngoài bảng chữ cái tiếng Việt (f, j, w, z)"
sjdjdh,1,"chữ Latin ngoài bảng chữ cái tiếng Việt (f, j, w, z) + không có nguyên âm"
sndidndheuw,1,"chữ Latin ngoài bảng chữ cái tiếng Việt (f, j, w, z)"
jsuxhdbdh,1,"chữ Latin ngoài bảng chữ cái tiếng Việt (f, j, w, z)"
dncndn,1,không có nguyên âm
sjsksjsbbdbdbdbbđbbdbdbdhjđjdjdbbdbdhdjdjnxbxbxbdhduisodjdbbdnxbxjsj,1,"chữ Latin ngoài bảng chữ cái tiếng Việt (f, j, w, z)"
hongfordof,1,"chữ Latin ngoài bảng chữ cái tiếng Việt (f, j, w, z)"
chutsjowf,1,"chữ Latin ngoài bảng chữ cái tiếng Việt (f, j, w, z)"
nhsdghhhvhhvhggfhggghjuh,1,"chữ Latin ngoài bảng chữ cái tiếng Việt (f, j, w, z)"
vvgh,1,không có nguyên âm
huhujjhhh,1,"chữ Latin ngoài bảng chữ cái tiếng Việt (f, j, w, z)"
ghghhdcvv,1,không có nguyên âm
cvyjhvvbb,1,"chữ Latin ngoài bảng chữ cái tiếng Việt (f, j, w, z)"
hsjdjdjdjffn,1,"chữ Latin ngoài bảng chữ cái tiếng Việt (f, j, w, z) + không có nguyên âm"
ạndnjdndnd,1,"chữ Latin ngoài bảng chữ cái tiếng Việt (f, j, w, z)"
kwhsjqhdbiihhhhhjjjejdndjsjsjjsnsj,1,"chữ Latin ngoài bảng chữ cái tiếng Việt (f, j, w, z)"
hjhjhjhjhjhjhjhjhjhj,1,"chữ Latin ngoài bảng chữ cái tiếng Việt (f, j, w, z) + không có nguyên âm"
cuz,1,"chữ Latin ngoài bảng chữ cái tiếng Việt (f, j, w, z)"
gdhehbdbdhbdhdhdjebsbsbehjebsnsisjsb,1,"chữ Latin ngoài bảng chữ cái tiếng Việt (f, j, w, z)"
hsjajqj,1,"chữ Latin ngoài bảng chữ cái tiếng Việt (f, j, w, z)"
kobahjbs,1,"chữ Latin ngoài bảng chữ cái tiếng Việt (f, j, w, z)"
3trem,1,trộn chữ và số
okojojokok,1,"chữ Latin ngoài bảng chữ cái tiếng Việt (f, j, w, z)"
nhh,1,không có nguyên âm
nsjendnđndndndkksjbsns,1,"chữ Latin ngoài bảng chữ cái tiếng Việt (f, j, w, z)"
dfoongs,1,"chữ Latin ngoài bảng chữ cái tiếng Việt (f, j, w, z)"
bbbbbhhhbn,1,không có nguyên âm
sínduwoma,1,"chữ Latin ngoài bảng chữ cái tiếng Việt (f, j, w, z)"
zia,1,"chữ Latin ngoài bảng chữ cái tiếng Việt (f, j, w, z)"
nhutccssctvyhbjbtct,1,"chữ Latin ngoài bảng chữ cái tiếng Việt (f, j, w, z)"
siisisbdjsosbwbsjsjsjbsbsjsjsisihsvwvwhwjwjwbwbekeiejwvwvwhwhh,1,"chữ Latin ngoài bảng chữ cái tiếng Việt (f, j, w, z)"
jdjsjsjsjsjdksnsekwkkwekwjjsjejsjsejjsjxjdsoksksksk,1,"chữ Latin ngoài bảng chữ cái tiếng Việt (f, j, w, z)"
bbbbbbbbbb,1,không có nguyên âm
kfjtztktkxkdktkgkggkhkxkgxhkxhkxhkxkgxhkxhkxhkxkxkg,1,"chữ Latin ngoài bảng chữ cái tiếng Việt (f, j, w, z) + không có nguyên âm"
fuideuiiiougtuiigfghjjijjhhggvggghbbhjkogfg,1,"chữ Latin ngoài bảng chữ cái tiếng Việt (f, j, w, z)"
3n,1,trộn chữ và số + không có nguyên âm
48k,1,trộn chữ và số + không có nguyên âm
skbsshksnsbshsksbdvdjhshejehsejwjjwbsjvskb,1,"chữ Latin ngoài bảng chữ cái tiếng Việt (f, j, w, z)"
okikokokikikikij,1,"chữ Latin ngoài bảng chữ cái tiếng Việt (f, j, w, z)"
nnnnnnnnnnnnnnnnnnn,1,không có nguyên âm
hdjdkekebbejekekejejenenejekekennnfndndnfnfdmkekejrnrnfnfndnrbhrjekekennenejrjrjrjrnrnnrnrnrmrmrkrmrkrkrkrkrkjfjfnfjfjfjrkeooekekekekekrjrn,1,"chữ Latin ngoài bảng chữ cái tiếng Việt (f, j, w, z)"
a32,1,trộn chữ và số
hdjdosuwvvvhdiwyevfnfihagsvdv,1,"chữ Latin ngoài bảng chữ cái tiếng Việt (f, j, w, z)"
vxhzjsjshhxjxxjshsbxbxbxv,1,"chữ Latin ngoài bảng chữ cái tiếng Việt (f, j, w, z) + không có nguyên âm"
hnhvhhggvvf,1,"chữ Latin ngoài bảng chữ cái tiếng Việt (f, j, w, z) + không có nguyên âm"
bagshhdhsjdhehhdbdbdbbdbehehhehhhhhhde,1,"chữ Latin ngoài bảng chữ cái tiếng Việt (f, j, w, z)"
2tieng,1,trộn chữ và số
when,1,"chữ Latin ngoài bảng chữ cái tiếng Việt (f, j, w, z)"
62cm,1,trộn chữ và số + không có nguyên âm
97cm,1,trộn chữ và số + không có nguyên âm
8cm,1,trộn chữ và số + không có nguyên âm
45cm,1,trộn chữ và số + không có nguyên âm
43cm,1,trộn chữ và số + không có nguyên âm
100cm,1,trộn chữ và số + không có nguyên âm
66cm,1,trộn chữ và số + không có nguyên âm
53cm,1,trộn chữ và số + không có nguyên âm
46cm,1,trộn chữ và số + không có nguyên âm
34cm,1,trộn chữ và số + không có nguyên âm
70cm,1,trộn chữ và số + không có nguyên âm
105cm,1,trộn chữ và số + không có nguyên âm
2cm,1,trộn chữ và số + không có nguyên âm
47cm,1,trộn chữ và số + không có nguyên âm
44c,1,trộn chữ và số + không có nguyên âm
jdbfkdnckdnxkcncn,1,"chữ Latin ngoài bảng chữ cái tiếng Việt (f, j, w, z) + không có nguyên âm"
liowjng,1,"chữ Latin ngoài bảng chữ cái tiếng Việt (f, j, w, z)"
jnjbffvggxgbngudfshjoofedhjjngf,1,"chữ Latin ngoài bảng chữ cái tiếng Việt (f, j, w, z)"
bnj,1,"chữ Latin ngoài bảng chữ cái tiếng Việt (f, j, w, z) + không có nguyên âm"
149k,1,trộn chữ và số + không có nguyên âm
zờiiiiii,1,"chữ Latin ngoài bảng chữ cái tiếng Việt (f, j, w, z)"
mngggggggggggggmgksoauwjakkak,1,"chữ Latin ngoài bảng chữ cái tiếng Việt (f, j, w, z)"
gryffindor,1,"chữ Latin ngoài bảng chữ cái tiếng Việt (f, j, w, z)"
ksksbsboqiqbdhsjzksoaka,1,"chữ Latin ngoài bảng chữ cái tiếng Việt (f, j, w, z)"
zbsns,1,"chữ Latin ngoài bảng chữ cái tiếng Việt (f, j, w, z) + không có nguyên âm"
zbznaman,1,"chữ Latin ngoài bảng chữ cái tiếng Việt (f, j, w, z)"
ze,1,"chữ Latin ngoài bảng chữ cái tiếng Việt (f, j, w, z)"
mzkaka,1,"chữ Latin ngoài bảng chữ cái tiếng Việt (f, j, w, z)"
bsjwnwbwkosbd,1,"chữ Latin ngoài bảng chữ cái tiếng Việt (f, j, w, z)"
nhxhwn,1,"chữ Latin ngoài bảng chữ cái tiếng Việt (f, j, w, z) + không có nguyên âm"
egxjkwbwiqkqbzggsiwbvdhejw,1,"chữ Latin ngoài bảng chữ cái tiếng Việt (f, j, w, z)"
nzjshegusvzfskwbdghdnwbs,1,"chữ Latin ngoài bảng chữ cái tiếng Việt (f, j, w, z)"
vgdhsiwdihdjdjdjdieiowiiehrhrhrjdhdbwiowyewooeodjdjjdjfjfjfjffjhgjjgjjgkggkie99w9wieưruriir,1,"chữ Latin ngoài bảng chữ cái tiếng Việt (f, j, w, z) + trộn chữ và số"
lmaws,1,"chữ Latin ngoài bảng chữ cái tiếng Việt (f, j, w, z)"
ffe,1,"chữ Latin ngoài bảng chữ cái tiếng Việt (f, j, w, z)"
oiiiiiiiwj,1,"chữ Latin ngoài bảng chữ cái tiếng Việt (f, j, w, z)"
heusbwkwshbsjsgsvsjshssbkssbsbdb,1,"chữ Latin ngoài bảng chữ cái tiếng Việt (f, j, w, z)"
anajsjhswbw,1,"chữ Latin ngoài bảng chữ cái tiếng Việt (f, j, w, z)"
shauqowia,1,"chữ Latin ngoài bảng chữ cái tiếng Việt (f, j, w, z)"
jakaka,1,"chữ Latin ngoài bảng chữ cái tiếng Việt (f, j, w, z)"
jaoaoq,1,"chữ Latin ngoài bảng chữ cái tiếng Việt (f, j, w, z)"
dhhx,1,không có nguyên âm
nhdjdjjdjdjdndnndjdbdndhhd,1,"chữ Latin ngoài bảng chữ cái tiếng Việt (f, j, w, z) + không có nguyên âm"
dumavvxhjjjmkkdzfdjvnjhdjjxhdbncijxdbjcicdbbfu,1,"chữ Latin ngoài bảng chữ cái tiếng Việt (f, j, w, z)"
sjsjdjxncncjcjjci,1,"chữ Latin ngoài bảng chữ cái tiếng Việt (f, j, w, z)"
đẹpj,1,"chữ Latin ngoài bảng chữ cái tiếng Việt (f, j, w, z)"
went,1,"chữ Latin ngoài bảng chữ cái tiếng Việt (f, j, w, z)"
akkskdkdleorrofijxbckdldldofkcncnjfkejtjfcbdkksksdkfhcnfkf,1,"chữ Latin ngoài bảng chữ cái tiếng Việt (f, j, w, z)"
ajaaaaaaaaaaaaaaaaaaaaaaa,1,"chữ Latin ngoài bảng chữ cái tiếng Việt (f, j, w, z)"
kkjbbnjfhvncjcbbcfgđvjjjgffggdfgjhhbhhfhhjk,1,"chữ Latin ngoài bảng chữ cái tiếng Việt (f, j, w, z) + không có nguyên âm"
hhhhhhhhh,1,không có nguyên âm
iasj,1,"chữ Latin ngoài bảng chữ cái tiếng Việt (f, j, w, z)"
juridiques,1,"chữ Latin ngoài bảng chữ cái tiếng Việt (f, j, w, z)"
ajjjjjjjjjjjjjjjjjjjjjjjjjjjjjjjjjj,1,"chữ Latin ngoài bảng chữ cái tiếng Việt (f, j, w, z)"
hgd,1,không có nguyên âm
hutfv,1,"chữ Latin ngoài bảng chữ cái tiếng Việt (f, j, w, z)"
hhd,1,không có nguyên âm
hiijnj,1,"chữ Latin ngoài bảng chữ cái tiếng Việt (f, j, w, z)"
gdhjydvhun,1,"chữ Latin ngoài bảng chữ cái tiếng Việt (f, j, w, z)"
db,1,không có nguyên âm
dgjnd,1,"chữ Latin ngoài bảng chữ cái tiếng Việt (f, j, w, z) + không có nguyên âm"
uhxw,1,"chữ Latin ngoài bảng chữ cái tiếng Việt (f, j, w, z)"
ubxwihwbxwihbwzobohobiqhbishwbsihbowbzohwb,1,"chữ Latin ngoài bảng chữ cái tiếng Việt (f, j, w, z)"
california,1,"chữ Latin ngoài bảng chữ cái tiếng Việt (f, j, w, z)"
jobs,1,"chữ Latin ngoài bảng chữ cái tiếng Việt (f, j, w, z)"
wozniak,1,"chữ Latin ngoài bảng chữ cái tiếng Việt (f, j, w, z)"
wayne,1,"chữ Latin ngoài bảng chữ cái tiếng Việt (f, j, w, z)"
ਊ,1,chữ không phải chữ Latin (ký tự trang trí / tiếng nước ngoài)
jup,1,"chữ Latin ngoài bảng chữ cái tiếng Việt (f, j, w, z)"
mngggggggggg,1,không có nguyên âm
raajvjejivhekwkvbsjdjvjhdjsj,1,"chữ Latin ngoài bảng chữ cái tiếng Việt (f, j, w, z)"
jv,1,"chữ Latin ngoài bảng chữ cái tiếng Việt (f, j, w, z) + không có nguyên âm"
kbh,1,không có nguyên âm
hjb,1,"chữ Latin ngoài bảng chữ cái tiếng Việt (f, j, w, z) + không có nguyên âm"
ggggghhhhhgghhhhhhhghgggggg,1,không có nguyên âm
okekkkkkkkkkkkkekekekekdkdkdkkffkf,1,"chữ Latin ngoài bảng chữ cái tiếng Việt (f, j, w, z)"
fe,1,"chữ Latin ngoài bảng chữ cái tiếng Việt (f, j, w, z)"
mnnnnnn,1,không có nguyên âm
mskskkslslspqpqpq,1,không có nguyên âm
brl,1,không có nguyên âm
nxjxndusobrksbdinsjxnddv,1,"chữ Latin ngoài bảng chữ cái tiếng Việt (f, j, w, z)"
ksk,1,không có nguyên âm
jsjjdjndjdjejejejjejnrnbrbrjjeieidiidiroi,1,"chữ Latin ngoài bảng chữ cái tiếng Việt (f, j, w, z)"
josé,1,"chữ Latin ngoài bảng chữ cái tiếng Việt (f, j, w, z)"
xh,1,không có nguyên âm
ajhhjhhhhhhhhh,1,"chữ Latin ngoài bảng chữ cái tiếng Việt (f, j, w, z)"
jjjjjjjjjjjjjjj,1,"chữ Latin ngoài bảng chữ cái tiếng Việt (f, j, w, z) + không có nguyên âm"
vinfast,1,"chữ Latin ngoài bảng chữ cái tiếng Việt (f, j, w, z)"
fyvjfvrvunnhhnyssbyvttcctabysnusmismsunyab,1,"chữ Latin ngoài bảng chữ cái tiếng Việt (f, j, w, z)"
jundyg,1,"chữ Latin ngoài bảng chữ cái tiếng Việt (f, j, w, z)"
320k,1,trộn chữ và số + không có nguyên âm
299k,1,trộn chữ và số + không có nguyên âm
569k,1,trộn chữ và số + không có nguyên âm
pdb008,1,trộn chữ và số + không có nguyên âm
ghn,1,không có nguyên âm
passdo_wanhne,1,"chữ Latin ngoài bảng chữ cái tiếng Việt (f, j, w, z)"
glaze,1,"chữ Latin ngoài bảng chữ cái tiếng Việt (f, j, w, z)"
áhdjwjsbdbskakan,1,"chữ Latin ngoài bảng chữ cái tiếng Việt (f, j, w, z)"
mnggggggg,1,không có nguyên âm
uwng,1,"chữ Latin ngoài bảng chữ cái tiếng Việt (f, j, w, z)"
aaysyyf,1,"chữ Latin ngoài bảng chữ cái tiếng Việt (f, j, w, z)"
nsjwwf,1,"chữ Latin ngoài bảng chữ cái tiếng Việt (f, j, w, z) + không có nguyên âm"
hv05mình,1,trộn chữ và số
kcififzfizifzozofzffizudzizifxifzifxifxogxogzifl,1,"chữ Latin ngoài bảng chữ cái tiếng Việt (f, j, w, z)"
phzxgpxofzof,1,"chữ Latin ngoài bảng chữ cái tiếng Việt (f, j, w, z)"
hfjfkskslapowjwyrgshwbwnmwkwjwhgdgdgahhdjfjskakkakskskfhhfhfhsjaladjfhfjakakdjfhfgdhallayrhdisowoeyhdjwkworknfjgjfjgjj,1,"chữ Latin ngoài bảng chữ cái tiếng Việt (f, j, w, z)"
xhjdjfflufludludlydhfhx,1,"chữ Latin ngoài bảng chữ cái tiếng Việt (f, j, w, z)"
uillpogylbjibchjkgglljgxzshjkkkrtjjjggy,1,"chữ Latin ngoài bảng chữ cái tiếng Việt (f, j, w, z)"
lsotwkcpeugskpatfjlxhd,1,"chữ Latin ngoài bảng chữ cái tiếng Việt (f, j, w, z)"
4c,1,trộn chữ và số + không có nguyên âm
bhsjajqkakkakakwkqjwnansnsnnsnsnansnsnwkwkwkiwiw,1,"chữ Latin ngoài bảng chữ cái tiếng Việt (f, j, w, z)"
kikoiiiiiiiiivgyffhgdasgjgwscbkihhpjv,1,"chữ Latin ngoài bảng chữ cái tiếng Việt (f, j, w, z)"
trchh,1,không có nguyên âm
hfdgjjcx,1,"chữ Latin ngoài bảng chữ cái tiếng Việt (f, j, w, z) + không có nguyên âm"
kamkakakakskskskskskkskejdnfnfjffjffnnfnfnfn,1,"chữ Latin ngoài bảng chữ cái tiếng Việt (f, j, w, z)"
hshshvsbshxbbdbbbdfbjfjcncnncnfnnfnfnnfnfnfnnfnfnf,1,"chữ Latin ngoài bảng chữ cái tiếng Việt (f, j, w, z) + không có nguyên âm"
nvjcnncjvjjcjcbcbfbfbnfnfjcnbcnc,1,"chữ Latin ngoài bảng chữ cái tiếng Việt (f, j, w, z) + không có nguyên âm"
hdsd,1,không có nguyên âm
was,1,"chữ Latin ngoài bảng chữ cái tiếng Việt (f, j, w, z)"
apologize,1,"chữ Latin ngoài bảng chữ cái tiếng Việt (f, j, w, z)"
bewjowjfbdj,1,"chữ Latin ngoài bảng chữ cái tiếng Việt (f, j, w, z)"
neidiwwnksj,1,"chữ Latin ngoài bảng chữ cái tiếng Việt (f, j, w, z)"
neiwwbdbdbjeidbbwisiwbeiwibwejj,1,"chữ Latin ngoài bảng chữ cái tiếng Việt (f, j, w, z)"
hácgigjfhfjdgdufjgjcjvkv,1,"chữ Latin ngoài bảng chữ cái tiếng Việt (f, j, w, z)"
suoufhfjdidhdjjrjdhdjdjđj,1,"chữ Latin ngoài bảng chữ cái tiếng Việt (f, j, w, z)"
dbsnbsjsjsjsjsjskzjxjxjxkxjx,1,"chữ Latin ngoài bảng chữ cái tiếng Việt (f, j, w, z) + không có nguyên âm"
ruiif,1,"chữ Latin ngoài bảng chữ cái tiếng Việt (f, j, w, z)"
mngggggggggggggghgggggggggg,1,không có nguyên âm
cbkhxvbhseuj,1,"chữ Latin ngoài bảng chữ cái tiếng Việt (f, j, w, z)"
zà,1,"chữ Latin ngoài bảng chữ cái tiếng Việt (f, j, w, z)"
gâhjkkllllmnbvcxxfghjkllkgfxxđfhnnkklkhfcbkkkhf,1,"chữ Latin ngoài bảng chữ cái tiếng Việt (f, j, w, z)"
uabwyfbdhsjaja,1,"chữ Latin ngoài bảng chữ cái tiếng Việt (f, j, w, z)"
dhsmfhajndjdkamsdjjdmsdjakdjw,1,"chữ Latin ngoài bảng chữ cái tiếng Việt (f, j, w, z)"
ksbdjxjsbdixjsbxhxjdjsidjjxbdbcjsjcjsjjjjjjksjkkkkkskksnsjcbskxbsxdnkxcndkdoocbxwd,1,"chữ Latin ngoài bảng chữ cái tiếng Việt (f, j, w, z)"
dejd,1,"chữ Latin ngoài bảng chữ cái tiếng Việt (f, j, w, z)"
hssngduwvsijdvducbdbd,1,"chữ Latin ngoài bảng chữ cái tiếng Việt (f, j, w, z)"
abcxyz,1,"chữ Latin ngoài bảng chữ cái tiếng Việt (f, j, w, z)"
dbdn,1,không có nguyên âm
dkkeejeknejsodksnklwb,1,"chữ Latin ngoài bảng chữ cái tiếng Việt (f, j, w, z)"
5p,1,trộn chữ và số + không có nguyên âm
vjppp,1,"chữ Latin ngoài bảng chữ cái tiếng Việt (f, j, w, z) + không có nguyên âm"
jfjdjdjdjfjdjdjfjfjfjfhf,1,"chữ Latin ngoài bảng chữ cái tiếng Việt (f, j, w, z) + không có nguyên âm"
rewwiu,1,"chữ Latin ngoài bảng chữ cái tiếng Việt (f, j, w, z)"
mnnnnnnnnnn,1,không có nguyên âm
hvsuwxvaxvza,1,"chữ Latin ngoài bảng chữ cái tiếng Việt (f, j, w, z)"
ứuaajx,1,"chữ Latin ngoài bảng chữ cái tiếng Việt (f, j, w, z)"
jzvaj,1,"chữ Latin ngoài bảng chữ cái tiếng Việt (f, j, w, z)"
zaizqizq,1,"chữ Latin ngoài bảng chữ cái tiếng Việt (f, j, w, z)"
zu,1,"chữ Latin ngoài bảng chữ cái tiếng Việt (f, j, w, z)"
zzuq,1,"chữ Latin ngoài bảng chữ cái tiếng Việt (f, j, w, z)"
qz,1,"chữ Latin ngoài bảng chữ cái tiếng Việt (f, j, w, z) + không có nguyên âm"
zauqziqz,1,"chữ Latin ngoài bảng chữ cái tiếng Việt (f, j, w, z)"
zquqzizq,1,"chữ Latin ngoài bảng chữ cái tiếng Việt (f, j, w, z)"
sqiczzuq,1,"chữ Latin ngoài bảng chữ cái tiếng Việt (f, j, w, z)"
zquz,1,"chữ Latin ngoài bảng chữ cái tiếng Việt (f, j, w, z)"
sq,1,không có nguyên âm
zqzquqz,1,"chữ Latin ngoài bảng chữ cái tiếng Việt (f, j, w, z)"
lămz,1,"chữ Latin ngoài bảng chữ cái tiếng Việt (f, j, w, z)"
hdhd,1,không có nguyên âm
ndjdkxkdkxnxnxnxnxjxkxkxkxkxk,1,"chữ Latin ngoài bảng chữ cái tiếng Việt (f, j, w, z) + không có nguyên âm"
nxnxmsksksjsjsk,1,"chữ Latin ngoài bảng chữ cái tiếng Việt (f, j, w, z) + không có nguyên âm"
完美日记,1,chữ không phải chữ Latin (ký tự trang trí / tiếng nước ngoài)
ydfjhipdupcgixitxtid6odyodotzpydlyxuculxulxulyloydydydttodo,1,"chữ Latin ngoài bảng chữ cái tiếng Việt (f, j, w, z) + trộn chữ và số"
hhhhhjj,1,"chữ Latin ngoài bảng chữ cái tiếng Việt (f, j, w, z) + không có nguyên âm"
6tiếng,1,trộn chữ và số
kcg,1,không có nguyên âm
wraps,1,"chữ Latin ngoài bảng chữ cái tiếng Việt (f, j, w, z)"
carefully,1,"chữ Latin ngoài bảng chữ cái tiếng Việt (f, j, w, z)"
satisfied,1,"chữ Latin ngoài bảng chữ cái tiếng Việt (f, j, w, z)"
pkg,1,không có nguyên âm
kđ,1,không có nguyên âm
huhiabhhhsdnjsjsbsbjdjd,1,"chữ Latin ngoài bảng chữ cái tiếng Việt (f, j, w, z)"
ajfswsxjd,1,"chữ Latin ngoài bảng chữ cái tiếng Việt (f, j, w, z)"
okvghjhggfcc,1,"chữ Latin ngoài bảng chữ cái tiếng Việt (f, j, w, z)"
pppppppppppppppppppppppppppp,1,không có nguyên âm
ajjjjjjj,1,"chữ Latin ngoài bảng chữ cái tiếng Việt (f, j, w, z)"
đongz,1,"chữ Latin ngoài bảng chữ cái tiếng Việt (f, j, w, z)"
jxjxjdidjxisjzisjsjdxijxidkdidjjdje,1,"chữ Latin ngoài bảng chữ cái tiếng Việt (f, j, w, z)"
jqkanjakamanananjajanannajananannananananna,1,"chữ Latin ngoài bảng chữ cái tiếng Việt (f, j, w, z)"
troief,1,"chữ Latin ngoài bảng chữ cái tiếng Việt (f, j, w, z)"
hedidjerjsjsiskeifjfkdkdkdkf,1,"chữ Latin ngoài bảng chữ cái tiếng Việt (f, j, w, z)"
filler,1,"chữ Latin ngoài bảng chữ cái tiếng Việt (f, j, w, z)"
hg02,1,trộn chữ và số + không có nguyên âm
3ng,1,trộn chữ và số + không có nguyên âm
food,1,"chữ Latin ngoài bảng chữ cái tiếng Việt (f, j, w, z)"
hvhvgctcgchknkkokojyvtrxxrezeezezzdssbkklm,1,"chữ Latin ngoài bảng chữ cái tiếng Việt (f, j, w, z)"
jsjsjejejejheheheehehhebeheejjejejejeejwi,1,"chữ Latin ngoài bảng chữ cái tiếng Việt (f, j, w, z)"
zịn,1,"chữ Latin ngoài bảng chữ cái tiếng Việt (f, j, w, z)"
nmmmmmmmmmmmmmmmmmmmmmmmmm,1,không có nguyên âm
nnmhsnsksmknsjnnskmsms,1,"chữ Latin ngoài bảng chữ cái tiếng Việt (f, j, w, z) + không có nguyên âm"
shjssnhdjdnsjahshhejejskanansbdhdjjdbdbdb,1,"chữ Latin ngoài bảng chữ cái tiếng Việt (f, j, w, z)"
7rx9yfv7x6esgyf,1,"chữ Latin ngoài bảng chữ cái tiếng Việt (f, j, w, z) + trộn chữ và số"
ỳcctuvcyfx5szixgxycycy,1,"chữ Latin ngoài bảng chữ cái tiếng Việt (f, j, w, z) + trộn chữ và số"
vjh,1,"chữ Latin ngoài bảng chữ cái tiếng Việt (f, j, w, z) + không có nguyên âm"
tf,1,"chữ Latin ngoài bảng chữ cái tiếng Việt (f, j, w, z) + không có nguyên âm"
hdt,1,không có nguyên âm
vhjyukkilllkjbccd,1,"chữ Latin ngoài bảng chữ cái tiếng Việt (f, j, w, z)"
ffcgtrhy,1,"chữ Latin ngoài bảng chữ cái tiếng Việt (f, j, w, z)"
hdjssbzjdgsnxbskxbcnsmzbxbsnsjcncnsnzmcbsmzbcjsnzmxbdskxbamajxbskanxbsjsjxndjsjsj,1,"chữ Latin ngoài bảng chữ cái tiếng Việt (f, j, w, z)"
djidnsus,1,"chữ Latin ngoài bảng chữ cái tiếng Việt (f, j, w, z)"
dbs,1,không có nguyên âm
đueocj,1,"chữ Latin ngoài bảng chữ cái tiếng Việt (f, j, w, z)"
jcjcjcjcifififififufucigicjcigogigigigogifigifi,1,"chữ Latin ngoài bảng chữ cái tiếng Việt (f, j, w, z)"
8fugugjruryire,1,"chữ Latin ngoài bảng chữ cái tiếng Việt (f, j, w, z) + trộn chữ và số"
dgjjdshjhdkkdhkg,1,"chữ Latin ngoài bảng chữ cái tiếng Việt (f, j, w, z) + không có nguyên âm"
dgjbfi,1,"chữ Latin ngoài bảng chữ cái tiếng Việt (f, j, w, z)"
yisjdjdu,1,"chữ Latin ngoài bảng chữ cái tiếng Việt (f, j, w, z)"
67k,1,trộn chữ và số + không có nguyên âm
ck,1,không có nguyên âm
vks,1,không có nguyên âm
jns,1,"chữ Latin ngoài bảng chữ cái tiếng Việt (f, j, w, z) + không có nguyên âm"
hdjdjjdjjsjdjjxjzjxjzjxjjzjzhshshsbbsbsj,1,"chữ Latin ngoài bảng chữ cái tiếng Việt (f, j, w, z) + không có nguyên âm"
vfssghhhhgvvvbvvvvvvvccvcccgv,1,"chữ Latin ngoài bảng chữ cái tiếng Việt (f, j, w, z) + không có nguyên âm"
djepd,1,"chữ Latin ngoài bảng chữ cái tiếng Việt (f, j, w, z)"
ngày12,1,trộn chữ và số
gẫyvhakakakmabjjjsb,1,"chữ Latin ngoài bảng chữ cái tiếng Việt (f, j, w, z)"
hhgccvcc,1,không có nguyên âm
ankwkwmsm,1,"chữ Latin ngoài bảng chữ cái tiếng Việt (f, j, w, z)"
abskws,1,"chữ Latin ngoài bảng chữ cái tiếng Việt (f, j, w, z)"
shjvkkkknv,1,"chữ Latin ngoài bảng chữ cái tiếng Việt (f, j, w, z) + không có nguyên âm"
kow,1,"chữ Latin ngoài bảng chữ cái tiếng Việt (f, j, w, z)"
kcn,1,không có nguyên âm
vvvvvvvvvvvvvvvvguhvedyff,1,"chữ Latin ngoài bảng chữ cái tiếng Việt (f, j, w, z)"
zờiiii,1,"chữ Latin ngoài bảng chữ cái tiếng Việt (f, j, w, z)"
jjjjjjjjjjjjjjjjjjjjjjjjjjj,1,"chữ Latin ngoài bảng chữ cái tiếng Việt (f, j, w, z) + không có nguyên âm"
11111111111111111q11111111111111111111111111111111111111111122222223e333ểddjsjjsjdjejjedjjdiejejejsjdjjejejejejxjxjdjdjjejejsjdjdjdjdjdnnendndjdnshsjjejejejeueudhhsjsjsjsjsjwjsjajajjajsjsjs,1,"chữ Latin ngoài bảng chữ cái tiếng Việt (f, j, w, z) + trộn chữ và số"
hsuwjwjwjwjdjjddjj,1,"chữ Latin ngoài bảng chữ cái tiếng Việt (f, j, w, z)"
ppppppppppppppppppppp,1,không có nguyên âm
bsbsbsbsb,1,không có nguyên âm
dksjjsbshanawngwouegcsbshnskakagsgsiwmgsf,1,"chữ Latin ngoài bảng chữ cái tiếng Việt (f, j, w, z)"
wge,1,"chữ Latin ngoài bảng chữ cái tiếng Việt (f, j, w, z)"
ths,1,không có nguyên âm
100000000000000điểm,1,trộn chữ và số
tuowngrg,1,"chữ Latin ngoài bảng chữ cái tiếng Việt (f, j, w, z)"
bdhebhvcjbwkdnhbfjrbidbdiejbdhhr,1,"chữ Latin ngoài bảng chữ cái tiếng Việt (f, j, w, z)"
kkajdhshkjdjjkkksnanwjwkwkwkwk,1,"chữ Latin ngoài bảng chữ cái tiếng Việt (f, j, w, z)"
dt05,1,trộn chữ và số + không có nguyên âm
pp,1,không có nguyên âm
hbsnsbssj,1,"chữ Latin ngoài bảng chữ cái tiếng Việt (f, j, w, z) + không có nguyên âm"
kkkkkkkkkkkkkkkkkkkkkkkkkkkkkkkkkkkn,1,không có nguyên âm
nshdhjsjsjbshshdjxjxjbsbshdixknsbdhsbsbxhhxadghdeghhderaqwtuioysxvjjraxnitedghjkitđokrảgáidhvduudjdhxjfj,1,"chữ Latin ngoài bảng chữ cái tiếng Việt (f, j, w, z)"
chuytfghuuytrddssethjkjhgfddfgggghhjkkkjjhggrf,1,"chữ Latin ngoài bảng chữ cái tiếng Việt (f, j, w, z)"
12k,1,trộn chữ và số + không có nguyên âm
dhhdhdifidendncjdndbxjxbxbxbdj,1,"chữ Latin ngoài bảng chữ cái tiếng Việt (f, j, w, z)"
fncshjcdgokgdydyxtfoh,1,"chữ Latin ngoài bảng chữ cái tiếng Việt (f, j, w, z)"
dhhsjsjsjsjsjnsnsnsjzjzjjzjzjzjzjzj,1,"chữ Latin ngoài bảng chữ cái tiếng Việt (f, j, w, z) + không có nguyên âm"
hdjdkehdndkejhdbdbdjdndvdhdjdbdvsjksbsbshejebdvhwjwjbdksiwhehrodo,1,"chữ Latin ngoài bảng chữ cái tiếng Việt (f, j, w, z)"
jjajahaajnababajjanababaananaba,1,"chữ Latin ngoài bảng chữ cái tiếng Việt (f, j, w, z)"
dhjdgkykfykfyk,1,"chữ Latin ngoài bảng chữ cái tiếng Việt (f, j, w, z)"
qwertyuiopasdfghjklzxcvbnm,1,"chữ Latin ngoài bảng chữ cái tiếng Việt (f, j, w, z)"
10điem,1,trộn chữ và số
okiiiiiiiii8iiiiiiiiiuuuuiiiiiiiiiiiiiiiiii,1,trộn chữ và số
q7,1,trộn chữ và số + không có nguyên âm
gifts,1,"chữ Latin ngoài bảng chữ cái tiếng Việt (f, j, w, z)"
hihijihi,1,"chữ Latin ngoài bảng chữ cái tiếng Việt (f, j, w, z)"
70ka,1,trộn chữ và số
mksjussinsbjwisjnvhuijgijvcudytitxkfjfxxjfxkgxgxkhlhclhkcidstursurusrusus,1,"chữ Latin ngoài bảng chữ cái tiếng Việt (f, j, w, z)"
bhojbhuyvj,1,"chữ Latin ngoài bảng chữ cái tiếng Việt (f, j, w, z)"
2s,1,trộn chữ và số + không có nguyên âm
jsdbbdxjsjsjjsjdndbdbdxbhx,1,"chữ Latin ngoài bảng chữ cái tiếng Việt (f, j, w, z) + không có nguyên âm"
jhggggcdrtttyttyyuutdawrtyhiugggyjjugf,1,"chữ Latin ngoài bảng chữ cái tiếng Việt (f, j, w, z)"
hhahwgshsggshshsgsgsggsgsgsgwgwgwggsgwgwg,1,"chữ Latin ngoài bảng chữ cái tiếng Việt (f, j, w, z)"
jjbnbbbbbbbbbnnn,1,"chữ Latin ngoài bảng chữ cái tiếng Việt (f, j, w, z) + không có nguyên âm"
gggj,1,"chữ Latin ngoài bảng chữ cái tiếng Việt (f, j, w, z) + không có nguyên âm"
mmmmmmmmmmmmmmmmmmmmmmmmmmmmmmmmmmmmmmmmmmmmmmm,1,không có nguyên âm
week,1,"chữ Latin ngoài bảng chữ cái tiếng Việt (f, j, w, z)"
which,1,"chữ Latin ngoài bảng chữ cái tiếng Việt (f, j, w, z)"
different,1,"chữ Latin ngoài bảng chữ cái tiếng Việt (f, j, w, z)"
two,1,"chữ Latin ngoài bảng chữ cái tiếng Việt (f, j, w, z)"
nvghvvcvvvcccv,1,không có nguyên âm
rồibsjclendhchanejxidndbhdud,1,"chữ Latin ngoài bảng chữ cái tiếng Việt (f, j, w, z)"
hsjdmekxn,1,"chữ Latin ngoài bảng chữ cái tiếng Việt (f, j, w, z)"
jdjdjdjdjfjvjvjjcjcjfjjcjcjfjcjcjcjcjcjjvjvjvkkvkbkbkvkkvkvjvj,1,"chữ Latin ngoài bảng chữ cái tiếng Việt (f, j, w, z) + không có nguyên âm"
bkdldlckksd,1,không có nguyên âm
gkosoekfkwm,1,"chữ Latin ngoài bảng chữ cái tiếng Việt (f, j, w, z)"
qđ,1,không có nguyên âm
2sao,1,trộn chữ và số
jsjsksmdmdkdkdmdmdmcmcnmccmxmxmxmxmxmxmfndmdnkdkdsmnsmsdmndndndndnđnndndndndndndndndndndndndnxnnxnxjxkxkxkkk,1,"chữ Latin ngoài bảng chữ cái tiếng Việt (f, j, w, z) + không có nguyên âm"
enjoy,1,"chữ Latin ngoài bảng chữ cái tiếng Việt (f, j, w, z)"
hshhshdhsbdndnxnjdnsnndndndbsbbdbdbdbdbdbbdnsndndbxnndndndmdmfmjfjfjfmksjsjdjjsjsjdjdj,1,"chữ Latin ngoài bảng chữ cái tiếng Việt (f, j, w, z) + không có nguyên âm"
10g,1,trộn chữ và số + không có nguyên âm
khdwobjxjprxjeonjpxwnxobjobcpi,1,"chữ Latin ngoài bảng chữ cái tiếng Việt (f, j, w, z)"
rnofqpxjqjxp,1,"chữ Latin ngoài bảng chữ cái tiếng Việt (f, j, w, z)"
fhhihh,1,"chữ Latin ngoài bảng chữ cái tiếng Việt (f, j, w, z)"
hgfjj,1,"chữ Latin ngoài bảng chữ cái tiếng Việt (f, j, w, z) + không có nguyên âm"
bhvjo,1,"chữ Latin ngoài bảng chữ cái tiếng Việt (f, j, w, z)"
hcgjjh,1,"chữ Latin ngoài bảng chữ cái tiếng Việt (f, j, w, z) + không có nguyên âm"
hhcccjij,1,"chữ Latin ngoài bảng chữ cái tiếng Việt (f, j, w, z)"
hihvvj,1,"chữ Latin ngoài bảng chữ cái tiếng Việt (f, j, w, z)"
crm,1,không có nguyên âm
akwmskifkwnqmjdhfkwjfhcmjejenfksk,1,"chữ Latin ngoài bảng chữ cái tiếng Việt (f, j, w, z)"
spx,1,không có nguyên âm
ưbwkslqnwbajaowlxnnn,1,"chữ Latin ngoài bảng chữ cái tiếng Việt (f, j, w, z)"
100mb,1,trộn chữ và số + không có nguyên âm
dataqt42,1,trộn chữ và số
vlll,1,không có nguyên âm
jdjd,1,"chữ Latin ngoài bảng chữ cái tiếng Việt (f, j, w, z) + không có nguyên âm"
hdjdjjsjsjdjjdjdjdjdjjdjdjdjjdjdjdjdjjdjjjdjdjdjdjjdjdhdjdjdjdjdjdjjdjdjdjdjdjjdjdjdjdjdjdjdjjdjdjdjdjdjdjjdjdjdjdjjdjdjdjdjdjjjdjdjjdjdjdjd,1,"chữ Latin ngoài bảng chữ cái tiếng Việt (f, j, w, z) + không có nguyên âm"
wbeh,1,"chữ Latin ngoài bảng chữ cái tiếng Việt (f, j, w, z)"
sbsjxvekrkshbsjsskbsjxkxosjdjkx,1,"chữ Latin ngoài bảng chữ cái tiếng Việt (f, j, w, z)"
hnnv,1,không có nguyên âm
mkkkbvchjnznnsnskdjncnnznxjsjndjdjjdnxbdjdjnxjdjdjnxj,1,"chữ Latin ngoài bảng chữ cái tiếng Việt (f, j, w, z) + không có nguyên âm"
xkowij,1,"chữ Latin ngoài bảng chữ cái tiếng Việt (f, j, w, z)"
nxkdkdixdjwkskdjđsjzkssmsisnsosnskzsksosnskssnoskaksoznsks,1,"chữ Latin ngoài bảng chữ cái tiếng Việt (f, j, w, z)"
bdjdjd,1,"chữ Latin ngoài bảng chữ cái tiếng Việt (f, j, w, z) + không có nguyên âm"
bdbdjjdmdbdchcjwibdhdi,1,"chữ Latin ngoài bảng chữ cái tiếng Việt (f, j, w, z)"
jcyfyfcyycyxi,1,"chữ Latin ngoài bảng chữ cái tiếng Việt (f, j, w, z)"
fgcglxhxhcicuc,1,"chữ Latin ngoài bảng chữ cái tiếng Việt (f, j, w, z)"
hchcyfyycuchchchchkxkgxhxhxlhchlhlchlclhclh,1,"chữ Latin ngoài bảng chữ cái tiếng Việt (f, j, w, z)"
kghdfhfjfjdhdjdjdjdjhfhfhfhfjfkffjf,1,"chữ Latin ngoài bảng chữ cái tiếng Việt (f, j, w, z) + không có nguyên âm"
rnh,1,không có nguyên âm
ifans,1,"chữ Latin ngoài bảng chữ cái tiếng Việt (f, j, w, z)"
250k,1,trộn chữ và số + không có nguyên âm
đeeuf,1,"chữ Latin ngoài bảng chữ cái tiếng Việt (f, j, w, z)"
chôz,1,"chữ Latin ngoài bảng chữ cái tiếng Việt (f, j, w, z)"
hihijihihihihihihihihihihihuhuhihihihihuhihihihihihiihihiuh1233548849r0,1,"chữ Latin ngoài bảng chữ cái tiếng Việt (f, j, w, z) + trộn chữ và số"
cbmlohcxsfbnkhcxzbmkgczzfnmk,1,"chữ Latin ngoài bảng chữ cái tiếng Việt (f, j, w, z)"
kncgh,1,không có nguyên âm
nchb,1,không có nguyên âm
cgk,1,không có nguyên âm
nhc,1,không có nguyên âm
câgklj,1,"chữ Latin ngoài bảng chữ cái tiếng Việt (f, j, w, z)"
hdfnb,1,"chữ Latin ngoài bảng chữ cái tiếng Việt (f, j, w, z) + không có nguyên âm"
kbhggvmkn,1,không có nguyên âm
nhgnj,1,"chữ Latin ngoài bảng chữ cái tiếng Việt (f, j, w, z) + không có nguyên âm"
l2,1,trộn chữ và số + không có nguyên âm
dẹpbdvakhdlfhs,1,"chữ Latin ngoài bảng chữ cái tiếng Việt (f, j, w, z)"
gehwjs,1,"chữ Latin ngoài bảng chữ cái tiếng Việt (f, j, w, z)"
hdkagskfhskadgakjjjhhjhjgkzj,1,"chữ Latin ngoài bảng chữ cái tiếng Việt (f, j, w, z)"
zvqhqosbqbqksoqo2bbridjqn1n,1,"chữ Latin ngoài bảng chữ cái tiếng Việt (f, j, w, z) + trộn chữ và số"
di1b1bdviqv1bdiq1bsjej,1,"chữ Latin ngoài bảng chữ cái tiếng Việt (f, j, w, z) + trộn chữ và số"
đcjdkdkdkdmdldkkdkdkdkdkd,1,"chữ Latin ngoài bảng chữ cái tiếng Việt (f, j, w, z) + không có nguyên âm"
ghbvvgvvvvvbbbhbvvgvdggvbbbbbbbhhhbbbbb,1,không có nguyên âm
jjjhhggbjjbihjjhh,1,"chữ Latin ngoài bảng chữ cái tiếng Việt (f, j, w, z)"
nhiêujjjjjjjjjj,1,"chữ Latin ngoài bảng chữ cái tiếng Việt (f, j, w, z)"
vllllllll,1,không có nguyên âm
vccccc,1,không có nguyên âm
mmmmmmmmmmmmmm,1,không có nguyên âm
trg,1,không có nguyên âm
gshsjskakakgdksksbskanhdmsjagshsjsrufupfyofigxigxigcgockgxgkxlbchlcrewudbzvaxbaxbsfhmqfnvmqfybazjqdjyqejqdyjqxybfwjwfynsfynsfayjwfyjryukrgjmscjmujstyajnsfhnaxgbwch,1,"chữ Latin ngoài bảng chữ cái tiếng Việt (f, j, w, z)"
wfv,1,"chữ Latin ngoài bảng chữ cái tiếng Việt (f, j, w, z) + không có nguyên âm"
wdgbqc,1,"chữ Latin ngoài bảng chữ cái tiếng Việt (f, j, w, z) + không có nguyên âm"
wdh,1,"chữ Latin ngoài bảng chữ cái tiếng Việt (f, j, w, z) + không có nguyên âm"
uiopasdf,1,"chữ Latin ngoài bảng chữ cái tiếng Việt (f, j, w, z)"
ghjkl,1,"chữ Latin ngoài bảng chữ cái tiếng Việt (f, j, w, z) + không có nguyên âm"
xb,1,không có nguyên âm
vbc,1,không có nguyên âm
nms,1,không có nguyên âm
5j,1,"chữ Latin ngoài bảng chữ cái tiếng Việt (f, j, w, z) + trộn chữ và số + không có nguyên âm"
ibbmmajhabbsbzbzb,1,"chữ Latin ngoài bảng chữ cái tiếng Việt (f, j, w, z)"
wbvn_review,1,"chữ Latin ngoài bảng chữ cái tiếng Việt (f, j, w, z)"
okksbsjsjbzjzbshzjsjz,1,"chữ Latin ngoài bảng chữ cái tiếng Việt (f, j, w, z)"
dhnsiakagajhwjwhsnsvdjid,1,"chữ Latin ngoài bảng chữ cái tiếng Việt (f, j, w, z)"
hghuhhhhhjkj,1,"chữ Latin ngoài bảng chữ cái tiếng Việt (f, j, w, z)"
jgiuuhiihiiui9,1,"chữ Latin ngoài bảng chữ cái tiếng Việt (f, j, w, z) + trộn chữ và số"
1909vvhghhjhhh2006ffhguhgh,1,"chữ Latin ngoài bảng chữ cái tiếng Việt (f, j, w, z) + trộn chữ và số"
nhhvsjs,1,"chữ Latin ngoài bảng chữ cái tiếng Việt (f, j, w, z) + không có nguyên âm"
nshhvwj,1,"chữ Latin ngoài bảng chữ cái tiếng Việt (f, j, w, z) + không có nguyên âm"
jshvvwiosj,1,"chữ Latin ngoài bảng chữ cái tiếng Việt (f, j, w, z)"
jskjsbbksnbsnsk,1,"chữ Latin ngoài bảng chữ cái tiếng Việt (f, j, w, z) + không có nguyên âm"
bjssjshsbudjheutdrhshfdgjfkỳkỳkỵtdjtdjgfjgdgdjgdnfgjfgndgfjgfgdgjdgjdngfngfgnfhfngfgd,1,"chữ Latin ngoài bảng chữ cái tiếng Việt (f, j, w, z)"
gghkhdijdfhkkkkkkkkkkkkkkkkk,1,"chữ Latin ngoài bảng chữ cái tiếng Việt (f, j, w, z)"
jjjj,1,"chữ Latin ngoài bảng chữ cái tiếng Việt (f, j, w, z) + không có nguyên âm"
nxndnd,1,không có nguyên âm
nsxbxbxbxbdbdbbxjxbxbxbdbdbfbcbcbcbfbcn,1,"chữ Latin ngoài bảng chữ cái tiếng Việt (f, j, w, z) + không có nguyên âm"
đônhf,1,"chữ Latin ngoài bảng chữ cái tiếng Việt (f, j, w, z)"
17đ,1,trộn chữ và số + không có nguyên âm
ggsxcbhjjkkokbbggghh,1,"chữ Latin ngoài bảng chữ cái tiếng Việt (f, j, w, z)"
dnsjxjskxbxkandhxka,1,"chữ Latin ngoài bảng chữ cái tiếng Việt (f, j, w, z)"
sjsnsndjsnsn,1,"chữ Latin ngoài bảng chữ cái tiếng Việt (f, j, w, z) + không có nguyên âm"
ạbsvsjđbdjdbvdjd,1,"chữ Latin ngoài bảng chữ cái tiếng Việt (f, j, w, z)"
ỳlaxgupspuxpqggep7xhpheqx7gẽkgzyeqxupwdg6ưg7s1ohs6qgsg,1,"chữ Latin ngoài bảng chữ cái tiếng Việt (f, j, w, z) + trộn chữ và số"
fsujehsuwbshiababajjavsjsjbsjsosjgockyxkychkxkgxgkxgkckgxkgxgkckgcgkckgcgkiyditixgjxjgxkgxkgxgkxgixkgxkgxktdtidtidtifydititdtidyoditstiitditdit,1,"chữ Latin ngoài bảng chữ cái tiếng Việt (f, j, w, z)"
ddepj,1,"chữ Latin ngoài bảng chữ cái tiếng Việt (f, j, w, z)"
nhewnqtjtqhtqnqtnyqjyqjwykqykwyjwymwukwysgnwyjtq,1,"chữ Latin ngoài bảng chữ cái tiếng Việt (f, j, w, z)"
kajajsjs,1,"chữ Latin ngoài bảng chữ cái tiếng Việt (f, j, w, z)"
sjjsjsjsj,1,"chữ Latin ngoài bảng chữ cái tiếng Việt (f, j, w, z) + không có nguyên âm"
skjsjsjhss,1,"chữ Latin ngoài bảng chữ cái tiếng Việt (f, j, w, z) + không có nguyên âm"
kajsbsbsbs,1,"chữ Latin ngoài bảng chữ cái tiếng Việt (f, j, w, z)"
skksbsbsbsb,1,không có nguyên âm
skksjsbsbnsbss,1,"chữ Latin ngoài bảng chữ cái tiếng Việt (f, j, w, z) + không có nguyên âm"
jjdwbbajajsbsababaxssjne,1,"chữ Latin ngoài bảng chữ cái tiếng Việt (f, j, w, z)"
sogishsksjiawbosiavwjeoose,1,"chữ Latin ngoài bảng chữ cái tiếng Việt (f, j, w, z)"
bdjdohsoso,1,"chữ Latin ngoài bảng chữ cái tiếng Việt (f, j, w, z)"
osjsoooxjbs,1,"chữ Latin ngoài bảng chữ cái tiếng Việt (f, j, w, z)"
cjx,1,"chữ Latin ngoài bảng chữ cái tiếng Việt (f, j, w, z) + không có nguyên âm"
owid,1,"chữ Latin ngoài bảng chữ cái tiếng Việt (f, j, w, z)"
jxoxidihsjishs,1,"chữ Latin ngoài bảng chữ cái tiếng Việt (f, j, w, z)"
fhjjk,1,"chữ Latin ngoài bảng chữ cái tiếng Việt (f, j, w, z) + không có nguyên âm"
ádfghjklmnbvcxzqwertyuiop1234567890,1,"chữ Latin ngoài bảng chữ cái tiếng Việt (f, j, w, z) + trộn chữ và số"
yew,1,"chữ Latin ngoài bảng chữ cái tiếng Việt (f, j, w, z)"
zzzzzz,1,"chữ Latin ngoài bảng chữ cái tiếng Việt (f, j, w, z) + không có nguyên âm"
jdjbdbbdbdbdbbxkwmj,1,"chữ Latin ngoài bảng chữ cái tiếng Việt (f, j, w, z) + không có nguyên âm"
bshsbbsjsksnsbszhbs,1,"chữ Latin ngoài bảng chữ cái tiếng Việt (f, j, w, z) + không có nguyên âm"
absvssjks,1,"chữ Latin ngoài bảng chữ cái tiếng Việt (f, j, w, z)"
svsshjsjsnsbsbss,1,"chữ Latin ngoài bảng chữ cái tiếng Việt (f, j, w, z) + không có nguyên âm"
1m62,1,trộn chữ và số + không có nguyên âm
52kg,1,trộn chữ và số + không có nguyên âm
jsjskakjaajnsbfbfbehehwhwjjww,1,"chữ Latin ngoài bảng chữ cái tiếng Việt (f, j, w, z)"
ũhaydjgjdysjckvhatdjvjdydydkfjshjfjdhsu,1,"chữ Latin ngoài bảng chữ cái tiếng Việt (f, j, w, z)"
nkkgffjiohfdeweeyuijnbvfddd,1,"chữ Latin ngoài bảng chữ cái tiếng Việt (f, j, w, z)"
jjoifrddsvvnnki,1,"chữ Latin ngoài bảng chữ cái tiếng Việt (f, j, w, z)"
bbbbbhhh,1,không có nguyên âm
3heeuueueurur,1,trộn chữ và số
eieieieieeiidjdjdjjđjdjjdjđjdjd,1,"chữ Latin ngoài bảng chữ cái tiếng Việt (f, j, w, z)"
cr,1,không có nguyên âm
7gffyui89t5,1,"chữ Latin ngoài bảng chữ cái tiếng Việt (f, j, w, z) + trộn chữ và số"
dfyuuiiiuy54rfggdepbbyhguijhnggb,1,"chữ Latin ngoài bảng chữ cái tiếng Việt (f, j, w, z) + trộn chữ và số"
hvb,1,không có nguyên âm
tuyetzoi,1,"chữ Latin ngoài bảng chữ cái tiếng Việt (f, j, w, z)"
flocallure,1,"chữ Latin ngoài bảng chữ cái tiếng Việt (f, j, w, z)"
gggđjjkkkjnvvcvnnjfgụihvvvbbbb,1,"chữ Latin ngoài bảng chữ cái tiếng Việt (f, j, w, z)"
bênf,1,"chữ Latin ngoài bảng chữ cái tiếng Việt (f, j, w, z)"
16k,1,trộn chữ và số + không có nguyên âm
sksnbshsosjsbdks,1,"chữ Latin ngoài bảng chữ cái tiếng Việt (f, j, w, z)"
kahjdkw,1,"chữ Latin ngoài bảng chữ cái tiếng Việt (f, j, w, z)"
kduskjwn,1,"chữ Latin ngoài bảng chữ cái tiếng Việt (f, j, w, z)"
jshsiwneh,1,"chữ Latin ngoài bảng chữ cái tiếng Việt (f, j, w, z)"
jdhsksn,1,"chữ Latin ngoài bảng chữ cái tiếng Việt (f, j, w, z) + không có nguyên âm"
uusown,1,"chữ Latin ngoài bảng chữ cái tiếng Việt (f, j, w, z)"
jsysiwn,1,"chữ Latin ngoài bảng chữ cái tiếng Việt (f, j, w, z)"
jdjwjjdhjfhjcjskskkwkkdjjcjosospfkkcjcjnfjfjjrjejjfg,1,"chữ Latin ngoài bảng chữ cái tiếng Việt (f, j, w, z)"
dcsbbdbdbdbbdbdbdbdbbdbdbđ,1,không có nguyên âm
ccc,1,không có nguyên âm
vhbjfdfjkfeugtstfuvjbigys5rihojo,1,"chữ Latin ngoài bảng chữ cái tiếng Việt (f, j, w, z) + trộn chữ và số"
mnbvczafjkooutreqsgjjjbvfrexchuiimnbfdwsgyuijbbbbjj,1,"chữ Latin ngoài bảng chữ cái tiếng Việt (f, j, w, z)"
tifnhh,1,"chữ Latin ngoài bảng chữ cái tiếng Việt (f, j, w, z)"
jjjjjjjjjjjjjjjjjjjjjjjj,1,"chữ Latin ngoài bảng chữ cái tiếng Việt (f, j, w, z) + không có nguyên âm"
jjjjjjjjjjjjjjjj,1,"chữ Latin ngoài bảng chữ cái tiếng Việt (f, j, w, z) + không có nguyên âm"
u60,1,trộn chữ và số
gr,1,không có nguyên âm
o5,1,trộn chữ và số
hêhbshssnsjsjsjjsjsjjsjwjswjjsjsjsjjsjsjsjj,1,"chữ Latin ngoài bảng chữ cái tiếng Việt (f, j, w, z)"
hqxng,1,không có nguyên âm
dungf,1,"chữ Latin ngoài bảng chữ cái tiếng Việt (f, j, w, z)"
đr,1,không có nguyên âm
2handstore,1,trộn chữ và số
khoảng2,1,trộn chữ và số
spp,1,không có nguyên âm
cmn,1,không có nguyên âm
jdjcivoodjfjckvkvkgnnfjciskskncncjdjdjdjcjcjjc,1,"chữ Latin ngoài bảng chữ cái tiếng Việt (f, j, w, z)"
lưongj,1,"chữ Latin ngoài bảng chữ cái tiếng Việt (f, j, w, z)"
auth100,1,trộn chữ và số
jjnjkkmkoohaijinnctgbo,1,"chữ Latin ngoài bảng chữ cái tiếng Việt (f, j, w, z)"
hịnonnji,1,"chữ Latin ngoài bảng chữ cái tiếng Việt (f, j, w, z)"
hhbjoo,1,"chữ Latin ngoài bảng chữ cái tiếng Việt (f, j, w, z)"
h3f,1,"chữ Latin ngoài bảng chữ cái tiếng Việt (f, j, w, z) + trộn chữ và số + không có nguyên âm"
jajanznxjx,1,"chữ Latin ngoài bảng chữ cái tiếng Việt (f, j, w, z)"
xjdnsmmamanxjananxjsjdn,1,"chữ Latin ngoài bảng chữ cái tiếng Việt (f, j, w, z)"
10ng,1,trộn chữ và số + không có nguyên âm
hậkdjdbdjdkdkdkdkdksksksmsmsmssmmsmssm,1,"chữ Latin ngoài bảng chữ cái tiếng Việt (f, j, w, z)"
ckfkdkfkfkfkfkdidieieoeododkdkfkkfkfkfkfjfjfkfkfkkkfkfkdk,1,"chữ Latin ngoài bảng chữ cái tiếng Việt (f, j, w, z)"
kdjdbdbfbjdjskdnsbdkdksbdmdjd,1,"chữ Latin ngoài bảng chữ cái tiếng Việt (f, j, w, z) + không có nguyên âm"
dndneldbdj,1,"chữ Latin ngoài bảng chữ cái tiếng Việt (f, j, w, z)"
qqwqqqqqqqq,1,"chữ Latin ngoài bảng chữ cái tiếng Việt (f, j, w, z) + không có nguyên âm"
kkkkkkkkkkkkkkkkkkkkkkkkkkkkkk,1,không có nguyên âm
wakame,1,"chữ Latin ngoài bảng chữ cái tiếng Việt (f, j, w, z)"
golf,1,"chữ Latin ngoài bảng chữ cái tiếng Việt (f, j, w, z)"
ttr,1,không có nguyên âm
ttrggkttttttc,1,không có nguyên âm
hshsjusudhdbehebdhdujdjdbdbhdbdhdhdhbd,1,"chữ Latin ngoài bảng chữ cái tiếng Việt (f, j, w, z)"
dsc,1,không có nguyên âm
zzmzmsjjkjzzjzhdj,1,"chữ Latin ngoài bảng chữ cái tiếng Việt (f, j, w, z) + không có nguyên âm"
bđbdbsbsjsh,1,"chữ Latin ngoài bảng chữ cái tiếng Việt (f, j, w, z) + không có nguyên âm"
ndndjsjssj,1,"chữ Latin ngoài bảng chữ cái tiếng Việt (f, j, w, z) + không có nguyên âm"
vebdbdffaghsjxjxhxhzzh,1,"chữ Latin ngoài bảng chữ cái tiếng Việt (f, j, w, z)"
hânhf,1,"chữ Latin ngoài bảng chữ cái tiếng Việt (f, j, w, z)"
x2,1,trộn chữ và số + không có nguyên âm
ft,1,"chữ Latin ngoài bảng chữ cái tiếng Việt (f, j, w, z) + không có nguyên âm"
82k,1,trộn chữ và số + không có nguyên âm
sjajjsjs,1,"chữ Latin ngoài bảng chữ cái tiếng Việt (f, j, w, z)"
shnsjsjsj,1,"chữ Latin ngoài bảng chữ cái tiếng Việt (f, j, w, z) + không có nguyên âm"
shhsj,1,"chữ Latin ngoài bảng chữ cái tiếng Việt (f, j, w, z) + không có nguyên âm"
bbxhxjdndndndjdjjdjdjdjdjdjdjdjd,1,"chữ Latin ngoài bảng chữ cái tiếng Việt (f, j, w, z) + không có nguyên âm"
adsddfgkbxbhwbub,1,"chữ Latin ngoài bảng chữ cái tiếng Việt (f, j, w, z)"
jdjdjdjdjdkdjjd,1,"chữ Latin ngoài bảng chữ cái tiếng Việt (f, j, w, z) + không có nguyên âm"
ạbnamsjanhhhhmmgggvvvbmmlasssdddffffffccffajnsmđ,1,"chữ Latin ngoài bảng chữ cái tiếng Việt (f, j, w, z)"
hshshjdjdvdhdkdkdbbdvdbbbsbsjsjsjsjdhdhdbbdbdbdbdbdbbdb,1,"chữ Latin ngoài bảng chữ cái tiếng Việt (f, j, w, z) + không có nguyên âm"
pc,1,không có nguyên âm
cànbcafuxvzugbfsn,1,"chữ Latin ngoài bảng chữ cái tiếng Việt (f, j, w, z)"
vsjcvzyfn,1,"chữ Latin ngoài bảng chữ cái tiếng Việt (f, j, w, z)"
gdivgaucbzhfn,1,"chữ Latin ngoài bảng chữ cái tiếng Việt (f, j, w, z)"
bzun,1,"chữ Latin ngoài bảng chữ cái tiếng Việt (f, j, w, z)"
cãhvhxbzjcnzhf,1,"chữ Latin ngoài bảng chữ cái tiếng Việt (f, j, w, z)"
bsjsjnwbauakanshshsuejnejwejnbuaiakansbsuudej,1,"chữ Latin ngoài bảng chữ cái tiếng Việt (f, j, w, z)"
wuhe,1,"chữ Latin ngoài bảng chữ cái tiếng Việt (f, j, w, z)"
skwvsjxnwnsnjx,1,"chữ Latin ngoài bảng chữ cái tiếng Việt (f, j, w, z) + không có nguyên âm"
ứnndjajanxbx,1,"chữ Latin ngoài bảng chữ cái tiếng Việt (f, j, w, z)"
đejp,1,"chữ Latin ngoài bảng chữ cái tiếng Việt (f, j, w, z)"
ncmcmckckcklc,1,không có nguyên âm
kckckckckcklckcc,1,không có nguyên âm
kdkckkckckckkckc,1,không có nguyên âm
mckcmkckvkvkvkvkkv,1,không có nguyên âm
2hand,1,trộn chữ và số
luonnnnnnnnnnnnnnnhjjnjjjjjjjjnnjjjnnnnnnn,1,"chữ Latin ngoài bảng chữ cái tiếng Việt (f, j, w, z)"
jjsjjsjsbabababsbabsbsbsbsn,1,"chữ Latin ngoài bảng chữ cái tiếng Việt (f, j, w, z)"
lekkvhejkcksmm,1,"chữ Latin ngoài bảng chữ cái tiếng Việt (f, j, w, z)"
kkekkfkkk,1,"chữ Latin ngoài bảng chữ cái tiếng Việt (f, j, w, z)"
kkdovokwktok,1,"chữ Latin ngoài bảng chữ cái tiếng Việt (f, j, w, z)"
kfoo,1,"chữ Latin ngoài bảng chữ cái tiếng Việt (f, j, w, z)"
kkkxmmwnebj,1,"chữ Latin ngoài bảng chữ cái tiếng Việt (f, j, w, z)"
jahshdhdjdjjdjdhdjshhshshshshshdhdhdhdhdhdhdhhdhdhdhdhdhdhdhdhdhhdhdhdhdhdhdhdhdjdhdhdhdhdhdhdhdhd,1,"chữ Latin ngoài bảng chữ cái tiếng Việt (f, j, w, z)"
ppppppppp0000000019181829292,1,trộn chữ và số + không có nguyên âm
fair,1,"chữ Latin ngoài bảng chữ cái tiếng Việt (f, j, w, z)"
kgcakchcolavaoccaoyhwcchlhcacka,1,"chữ Latin ngoài bảng chữ cái tiếng Việt (f, j, w, z)"
alvaljaa,1,"chữ Latin ngoài bảng chữ cái tiếng Việt (f, j, w, z)"
jsjdsjjssjsjsjsjsjdjdjdkdkdkdkdkdjdjdjdjdjdjdjdkdjdjdkdkdkddkdkdk,1,"chữ Latin ngoài bảng chữ cái tiếng Việt (f, j, w, z) + không có nguyên âm"
t4,1,trộn chữ và số + không có nguyên âm
transfer,1,"chữ Latin ngoài bảng chữ cái tiếng Việt (f, j, w, z)"
31k,1,trộn chữ và số + không có nguyên âm
andksmdnfnks,1,"chữ Latin ngoài bảng chữ cái tiếng Việt (f, j, w, z)"
cndjzkjfndkxjf,1,"chữ Latin ngoài bảng chữ cái tiếng Việt (f, j, w, z) + không có nguyên âm"
dhxjeja,1,"chữ Latin ngoài bảng chữ cái tiếng Việt (f, j, w, z)"
fjdndbbdsjndf,1,"chữ Latin ngoài bảng chữ cái tiếng Việt (f, j, w, z) + không có nguyên âm"
kkbfoendjejkenkfklroemennejr,1,"chữ Latin ngoài bảng chữ cái tiếng Việt (f, j, w, z)"
anhhhjjjjhhhhhhhhhhhhhhhhhh,1,"chữ Latin ngoài bảng chữ cái tiếng Việt (f, j, w, z)"
83k,1,trộn chữ và số + không có nguyên âm
jxhbxhsisjxbjsosnxbxjsoxbbcjdkdkbchchdiebdvcidodbxndlosjxjdnxksoxidjjxkdixjdypwndbjdwooe,1,"chữ Latin ngoài bảng chữ cái tiếng Việt (f, j, w, z)"
hdhdhwhfhhdcbdnw,1,"chữ Latin ngoài bảng chữ cái tiếng Việt (f, j, w, z) + không có nguyên âm"
dhhxjw,1,"chữ Latin ngoài bảng chữ cái tiếng Việt (f, j, w, z) + không có nguyên âm"
dhhdnznaj2jrjf,1,"chữ Latin ngoài bảng chữ cái tiếng Việt (f, j, w, z) + trộn chữ và số"
jdhxbanndnfndhcbsnd,1,"chữ Latin ngoài bảng chữ cái tiếng Việt (f, j, w, z)"
xhaozm,1,"chữ Latin ngoài bảng chữ cái tiếng Việt (f, j, w, z)"
vskldbdcaoncvsjxjxvskxbbxbskabxb,1,"chữ Latin ngoài bảng chữ cái tiếng Việt (f, j, w, z)"
ghgfhhhgfghhghjhhghjhhjhghhgg,1,"chữ Latin ngoài bảng chữ cái tiếng Việt (f, j, w, z) + không có nguyên âm"
14sp,1,trộn chữ và số + không có nguyên âm
bxjsbs,1,"chữ Latin ngoài bảng chữ cái tiếng Việt (f, j, w, z) + không có nguyên âm"
sjis,1,"chữ Latin ngoài bảng chữ cái tiếng Việt (f, j, w, z)"
sjsjs,1,"chữ Latin ngoài bảng chữ cái tiếng Việt (f, j, w, z) + không có nguyên âm"
snja,1,"chữ Latin ngoài bảng chữ cái tiếng Việt (f, j, w, z)"
jsjs,1,"chữ Latin ngoài bảng chữ cái tiếng Việt (f, j, w, z) + không có nguyên âm"
ajai,1,"chữ Latin ngoài bảng chữ cái tiếng Việt (f, j, w, z)"
snskdjd,1,"chữ Latin ngoài bảng chữ cái tiếng Việt (f, j, w, z) + không có nguyên âm"
jsuavs,1,"chữ Latin ngoài bảng chữ cái tiếng Việt (f, j, w, z)"
sjiaba,1,"chữ Latin ngoài bảng chữ cái tiếng Việt (f, j, w, z)"
jsjjsjsjdjdjkdkxkxkxixooxksksksksmsjefdftfggyvtuccyuvtuvy6d6t7f6rc6gvhv,1,"chữ Latin ngoài bảng chữ cái tiếng Việt (f, j, w, z) + trộn chữ và số"
zù,1,"chữ Latin ngoài bảng chữ cái tiếng Việt (f, j, w, z)"
flase,1,"chữ Latin ngoài bảng chữ cái tiếng Việt (f, j, w, z)"
96k,1,trộn chữ và số + không có nguyên âm
nhiêyfbo,1,"chữ Latin ngoài bảng chữ cái tiếng Việt (f, j, w, z)"
5km,1,trộn chữ và số + không có nguyên âm
laptop88,1,trộn chữ và số
zzzzvxbnxmxkkxnxnnxnxnxnxnxnnxnxnxnxnncnxn,1,"chữ Latin ngoài bảng chữ cái tiếng Việt (f, j, w, z) + không có nguyên âm"
ndbdnjcndknnckdn,1,"chữ Latin ngoài bảng chữ cái tiếng Việt (f, j, w, z) + không có nguyên âm"
wwa,1,"chữ Latin ngoài bảng chữ cái tiếng Việt (f, j, w, z)"
lâuulwksvs,1,"chữ Latin ngoài bảng chữ cái tiếng Việt (f, j, w, z)"
dhjgjyjjtlkjgsgzdhdfsjgggszygih,1,"chữ Latin ngoài bảng chữ cái tiếng Việt (f, j, w, z)"
115k,1,trộn chữ và số + không có nguyên âm
5năm,1,trộn chữ và số
ucyxxifkckx,1,"chữ Latin ngoài bảng chữ cái tiếng Việt (f, j, w, z)"
4t,1,trộn chữ và số + không có nguyên âm
ninja,1,"chữ Latin ngoài bảng chữ cái tiếng Việt (f, j, w, z)"
hậiaiqgjwoqhgiaoqvvajaijzvzjzkzbabakqkwkhwhwhwhwksksbsksjsksbmwkwnwjwl,1,"chữ Latin ngoài bảng chữ cái tiếng Việt (f, j, w, z)"
hcmmncc,1,không có nguyên âm
nệnmjdjskzjjsjjsjzjhfn,1,"chữ Latin ngoài bảng chữ cái tiếng Việt (f, j, w, z)"
nhdb,1,không có nguyên âm
juttsu,1,"chữ Latin ngoài bảng chữ cái tiếng Việt (f, j, w, z)"
nsnxnsmcmfmsmxckdkzk,1,"chữ Latin ngoài bảng chữ cái tiếng Việt (f, j, w, z) + không có nguyên âm"
xxjsnsbdjdbdhjdjsbdbhdhđ,1,"chữ Latin ngoài bảng chữ cái tiếng Việt (f, j, w, z) + không có nguyên âm"
5tỷ,1,trộn chữ và số
nnnnnnnnnnnnnnnhhhhhhhhhhhhnnnnnnnnnnnhhhhhhhhhhhhhhnnnnnnnnn,1,không có nguyên âm
hiijijji,1,"chữ Latin ngoài bảng chữ cái tiếng Việt (f, j, w, z)"
xinj,1,"chữ Latin ngoài bảng chữ cái tiếng Việt (f, j, w, z)"
dzach,1,"chữ Latin ngoài bảng chữ cái tiếng Việt (f, j, w, z)"
dhfjjdhsbzja,1,"chữ Latin ngoài bảng chữ cái tiếng Việt (f, j, w, z)"
jxhdhfhcjcbbfmfnng,1,"chữ Latin ngoài bảng chữ cái tiếng Việt (f, j, w, z) + không có nguyên âm"
way,1,"chữ Latin ngoài bảng chữ cái tiếng Việt (f, j, w, z)"
mihf,1,"chữ Latin ngoài bảng chữ cái tiếng Việt (f, j, w, z)"
luoonntuyeetj,1,"chữ Latin ngoài bảng chữ cái tiếng Việt (f, j, w, z)"
dhwjsnzuxjns,1,"chữ Latin ngoài bảng chữ cái tiếng Việt (f, j, w, z)"
nsjaj,1,"chữ Latin ngoài bảng chữ cái tiếng Việt (f, j, w, z)"
snsinxnsnskncbsbsjcjxb,1,"chữ Latin ngoài bảng chữ cái tiếng Việt (f, j, w, z)"
zbnansj,1,"chữ Latin ngoài bảng chữ cái tiếng Việt (f, j, w, z)"
kskjsskkskssjslsns,1,"chữ Latin ngoài bảng chữ cái tiếng Việt (f, j, w, z) + không có nguyên âm"
dbdjbđjjdjdnf,1,"chữ Latin ngoài bảng chữ cái tiếng Việt (f, j, w, z) + không có nguyên âm"
33k,1,trộn chữ và số + không có nguyên âm
owiiiiiiiiiijjj,1,"chữ Latin ngoài bảng chữ cái tiếng Việt (f, j, w, z)"
3jx3rjxr3xj3jrxj3rxj3rxj2rjx3rjc3ttcjrj,1,"chữ Latin ngoài bảng chữ cái tiếng Việt (f, j, w, z) + trộn chữ và số + không có nguyên âm"
t3tj,1,"chữ Latin ngoài bảng chữ cái tiếng Việt (f, j, w, z) + trộn chữ và số + không có nguyên âm"
j3tx,1,"chữ Latin ngoài bảng chữ cái tiếng Việt (f, j, w, z) + trộn chữ và số + không có nguyên âm"
qwertyuiopasdfghjklzxcvbnmqwertyuio,1,"chữ Latin ngoài bảng chữ cái tiếng Việt (f, j, w, z)"
hdhhdjdjdsjkskzkzjznznznzbbznznnznxnxnxnzxbxbbzxbxbxbxbxbxbzbjzjakajshdjduydidisjxbxbzznzmzmxnxbbxhdhsjsjsksksksjsjjshshshshjjsjsjsjjsjdhdhdhdhwhsjkskssjdhdjjdjdjdhdbenskdjhdjdjdjdjdj,1,"chữ Latin ngoài bảng chữ cái tiếng Việt (f, j, w, z)"
md,1,không có nguyên âm
jsbxnxnxbsn,1,"chữ Latin ngoài bảng chữ cái tiếng Việt (f, j, w, z) + không có nguyên âm"
ss05,1,trộn chữ và số + không có nguyên âm
gksosn2coslanacgydpwmw,1,"chữ Latin ngoài bảng chữ cái tiếng Việt (f, j, w, z) + trộn chữ và số"
xdeiwlwbxsjps,1,"chữ Latin ngoài bảng chữ cái tiếng Việt (f, j, w, z)"
wtstoaqmab,1,"chữ Latin ngoài bảng chữ cái tiếng Việt (f, j, w, z)"
đuómavwydjav,1,"chữ Latin ngoài bảng chữ cái tiếng Việt (f, j, w, z)"
wjspcywjq,1,"chữ Latin ngoài bảng chữ cái tiếng Việt (f, j, w, z)"
scsyowwncdifoebgx,1,"chữ Latin ngoài bảng chữ cái tiếng Việt (f, j, w, z)"
sjdsdjaofhaigfafafjasifoafisofiasofisofisaofiasofiasofisofisaofisoàiasofisaofisaof,1,"chữ Latin ngoài bảng chữ cái tiếng Việt (f, j, w, z)"
hfhbd,1,"chữ Latin ngoài bảng chữ cái tiếng Việt (f, j, w, z) + không có nguyên âm"
bhhnhj,1,"chữ Latin ngoài bảng chữ cái tiếng Việt (f, j, w, z) + không có nguyên âm"
uhjhbbbbgv,1,"chữ Latin ngoài bảng chữ cái tiếng Việt (f, j, w, z)"
hhjjjj,1,"chữ Latin ngoài bảng chữ cái tiếng Việt (f, j, w, z) + không có nguyên âm"
ujjhhh,1,"chữ Latin ngoài bảng chữ cái tiếng Việt (f, j, w, z)"
few,1,"chữ Latin ngoài bảng chữ cái tiếng Việt (f, j, w, z)"
weeks,1,"chữ Latin ngoài bảng chữ cái tiếng Việt (f, j, w, z)"
100điểmmmmmmmmmmmmmmmmmmmmmmmmmmmmmmmmmmmmmmmmmmmmmmmmmmmmmmmm,1,trộn chữ và số
hshxhjxususnsjjsisisjd,1,"chữ Latin ngoài bảng chữ cái tiếng Việt (f, j, w, z)"
xuggugdrthjjhdswrhbjrwqtujfdwyokhfwrt,1,"chữ Latin ngoài bảng chữ cái tiếng Việt (f, j, w, z)"
mọotj,1,"chữ Latin ngoài bảng chữ cái tiếng Việt (f, j, w, z)"
jjjjjkkknhhh,1,"chữ Latin ngoài bảng chữ cái tiếng Việt (f, j, w, z) + không có nguyên âm"
hjdjdjfjfjffnfnfnfnf,1,"chữ Latin ngoài bảng chữ cái tiếng Việt (f, j, w, z) + không có nguyên âm"
fhfjfjfjfjf,1,"chữ Latin ngoài bảng chữ cái tiếng Việt (f, j, w, z) + không có nguyên âm"
fjfjfjfjjfjf,1,"chữ Latin ngoài bảng chữ cái tiếng Việt (f, j, w, z) + không có nguyên âm"
jeno,1,"chữ Latin ngoài bảng chữ cái tiếng Việt (f, j, w, z)"
kckfkfkdkdkdkdkrkfmckckckxkxkxkxjxjxjxckcjdjfjdkfjfkfkfkdkdkdkdkdkdkdkdkdkdmdkdmdmdmxxkmxkxxkkxxkxkxkxk,1,"chữ Latin ngoài bảng chữ cái tiếng Việt (f, j, w, z) + không có nguyên âm"
ygzjgzhfautaitaiydoysludpudludupsluspuspudupdupsp7d,1,"chữ Latin ngoài bảng chữ cái tiếng Việt (f, j, w, z) + trộn chữ và số"
gggujjhhhbvvvgv,1,"chữ Latin ngoài bảng chữ cái tiếng Việt (f, j, w, z)"
ndndjdjdjdjdjdjdndbdjdkxkxxjnxnxxnxnxndndnd,1,"chữ Latin ngoài bảng chữ cái tiếng Việt (f, j, w, z) + không có nguyên âm"
yêuuuuuuuuhjfjrjdhdhdhdbdbsbsvsbbbb,1,"chữ Latin ngoài bảng chữ cái tiếng Việt (f, j, w, z)"
118k,1,trộn chữ và số + không có nguyên âm
hdododidjdjjdjdyrdududufugtu,1,"chữ Latin ngoài bảng chữ cái tiếng Việt (f, j, w, z)"
luoief,1,"chữ Latin ngoài bảng chữ cái tiếng Việt (f, j, w, z)"
𝗖𝗼𝗺𝗯𝗼,1,chữ không phải chữ Latin (ký tự trang trí / tiếng nước ngoài)
𝗱𝘂,1,chữ không phải chữ Latin (ký tự trang trí / tiếng nước ngoài)
𝗹𝗶,1,chữ không phải chữ Latin (ký tự trang trí / tiếng nước ngoài)
𝗸𝗵𝗮,1,chữ không phải chữ Latin (ký tự trang trí / tiếng nước ngoài)
𝘀𝗮,1,chữ không phải chữ Latin (ký tự trang trí / tiếng nước ngoài)
𝗿𝗲,1,chữ không phải chữ Latin (ký tự trang trí / tiếng nước ngoài)
zitztkztkzkgzgkzglzglzlgz,1,"chữ Latin ngoài bảng chữ cái tiếng Việt (f, j, w, z)"
majfuuuuuuuuuuuuuuuuuiuuuui,1,"chữ Latin ngoài bảng chữ cái tiếng Việt (f, j, w, z)"
ngt,1,không có nguyên âm
ghíiagaiwbhwhwnisirgevkakabsvhsiqjavgs,1,"chữ Latin ngoài bảng chữ cái tiếng Việt (f, j, w, z)"
vowiiiiiiiiii,1,"chữ Latin ngoài bảng chữ cái tiếng Việt (f, j, w, z)"
4ngày,1,trộn chữ và số
ndbdiaolansbdjxoxlxmxnxj,1,"chữ Latin ngoài bảng chữ cái tiếng Việt (f, j, w, z)"
ndjsksns,1,"chữ Latin ngoài bảng chữ cái tiếng Việt (f, j, w, z) + không có nguyên âm"
snxjckckdmslls,1,"chữ Latin ngoài bảng chữ cái tiếng Việt (f, j, w, z) + không có nguyên âm"
llaij,1,"chữ Latin ngoài bảng chữ cái tiếng Việt (f, j, w, z)"
downnn,1,"chữ Latin ngoài bảng chữ cái tiếng Việt (f, j, w, z)"
sdt,1,không có nguyên âm
sks,1,không có nguyên âm
slsmamlaamnw,1,"chữ Latin ngoài bảng chữ cái tiếng Việt (f, j, w, z)"
okeowpwo,1,"chữ Latin ngoài bảng chữ cái tiếng Việt (f, j, w, z)"
dbskowppwwihe,1,"chữ Latin ngoài bảng chữ cái tiếng Việt (f, j, w, z)"
xmlspwoeihe,1,"chữ Latin ngoài bảng chữ cái tiếng Việt (f, j, w, z)"
djoeooejeb,1,"chữ Latin ngoài bảng chữ cái tiếng Việt (f, j, w, z)"
jjydwhl,1,"chữ Latin ngoài bảng chữ cái tiếng Việt (f, j, w, z)"
lkjhhhhjkjhdsaeghhbnlokmmngvvvvv,1,"chữ Latin ngoài bảng chữ cái tiếng Việt (f, j, w, z)"
okcgnhjn,1,"chữ Latin ngoài bảng chữ cái tiếng Việt (f, j, w, z)"
sgkinbfdxvnkkkhgffvnkhgfcc,1,"chữ Latin ngoài bảng chữ cái tiếng Việt (f, j, w, z)"
ahidijwbbd,1,"chữ Latin ngoài bảng chữ cái tiếng Việt (f, j, w, z)"
ebajsknene,1,"chữ Latin ngoài bảng chữ cái tiếng Việt (f, j, w, z)"
rnrkfiofofof,1,"chữ Latin ngoài bảng chữ cái tiếng Việt (f, j, w, z)"
kaisososoodjrnrnjroror,1,"chữ Latin ngoài bảng chữ cái tiếng Việt (f, j, w, z)"
rewie,1,"chữ Latin ngoài bảng chữ cái tiếng Việt (f, j, w, z)"
imuzik,1,"chữ Latin ngoài bảng chữ cái tiếng Việt (f, j, w, z)"
ơiiubsjafbdhdkjdvsnakvkdbavd,1,"chữ Latin ngoài bảng chữ cái tiếng Việt (f, j, w, z)"
kaidhbdnf,1,"chữ Latin ngoài bảng chữ cái tiếng Việt (f, j, w, z)"
jsuixiwb,1,"chữ Latin ngoài bảng chữ cái tiếng Việt (f, j, w, z)"
dơnebjdieiowjebdufiwiqnbdjfowkwbfhcicopkns,1,"chữ Latin ngoài bảng chữ cái tiếng Việt (f, j, w, z)"
21k,1,trộn chữ và số + không có nguyên âm
ịdhdhdhdhhdhfhfhdhfhfhfhfhdhhdhdhdhfhd,1,"chữ Latin ngoài bảng chữ cái tiếng Việt (f, j, w, z)"
kkkkkkkkkkkmkkkkkkkkkkmmmmmmmmm,1,không có nguyên âm
jekaqjnakakakwnskakakakakakakakaakkaakkaakakakakkaakakakakakakakakakakakakakakakakakakakakakakkakaakakakakakakakakakakakakakakakakkaakkakaakakakakakakkaakkakakakakakakakakakakakaka,1,"chữ Latin ngoài bảng chữ cái tiếng Việt (f, j, w, z)"
nhdjdjc,1,"chữ Latin ngoài bảng chữ cái tiếng Việt (f, j, w, z) + không có nguyên âm"
cbjdkdkefbbdjdjdfe,1,"chữ Latin ngoài bảng chữ cái tiếng Việt (f, j, w, z)"
0son,1,trộn chữ và số
fgjfdyhjvdfguijh,1,"chữ Latin ngoài bảng chữ cái tiếng Việt (f, j, w, z)"
dksjdnejejsbd,1,"chữ Latin ngoài bảng chữ cái tiếng Việt (f, j, w, z)"
xllhlhkgzkgzkhxkh,1,"chữ Latin ngoài bảng chữ cái tiếng Việt (f, j, w, z) + không có nguyên âm"
nfmfnd,1,"chữ Latin ngoài bảng chữ cái tiếng Việt (f, j, w, z) + không có nguyên âm"
bz,1,"chữ Latin ngoài bảng chữ cái tiếng Việt (f, j, w, z) + không có nguyên âm"
mgmgjtktzotzotf,1,"chữ Latin ngoài bảng chữ cái tiếng Việt (f, j, w, z)"
châtz,1,"chữ Latin ngoài bảng chữ cái tiếng Việt (f, j, w, z)"
9đ,1,trộn chữ và số + không có nguyên âm
duenhsjsowownfutbfukwowqbauisbryfvrxbkeoejhu,1,"chữ Latin ngoài bảng chữ cái tiếng Việt (f, j, w, z)"
fggfvvhjhdd,1,"chữ Latin ngoài bảng chữ cái tiếng Việt (f, j, w, z) + không có nguyên âm"
gahbbzkdndnsn,1,"chữ Latin ngoài bảng chữ cái tiếng Việt (f, j, w, z)"
hopej,1,"chữ Latin ngoài bảng chữ cái tiếng Việt (f, j, w, z)"
jhshdhdhdhd,1,"chữ Latin ngoài bảng chữ cái tiếng Việt (f, j, w, z) + không có nguyên âm"
sja,1,"chữ Latin ngoài bảng chữ cái tiếng Việt (f, j, w, z)"
abjs,1,"chữ Latin ngoài bảng chữ cái tiếng Việt (f, j, w, z)"
sjjsbs,1,"chữ Latin ngoài bảng chữ cái tiếng Việt (f, j, w, z) + không có nguyên âm"
nsjsjs,1,"chữ Latin ngoài bảng chữ cái tiếng Việt (f, j, w, z) + không có nguyên âm"
sjjsks,1,"chữ Latin ngoài bảng chữ cái tiếng Việt (f, j, w, z) + không có nguyên âm"
3t,1,trộn chữ và số + không có nguyên âm
ôclguiewjosbdsiajdvkaqkwbsksbsndblaqbakbdixpegehrvwkoahxbfledigwbekfcuhwwkdhbwkwh,1,"chữ Latin ngoài bảng chữ cái tiếng Việt (f, j, w, z)"
qưerttyyuuiioopkkjjhggfdsaazzxcvvhggujjhygfbycycycvgd,1,"chữ Latin ngoài bảng chữ cái tiếng Việt (f, j, w, z)"
50gb,1,trộn chữ và số + không có nguyên âm
pmh,1,không có nguyên âm
000đ,1,trộn chữ và số + không có nguyên âm
𝐥𝐢𝐞,1,chữ không phải chữ Latin (ký tự trang trí / tiếng nước ngoài)
𝐮,1,chữ không phải chữ Latin (ký tự trang trí / tiếng nước ngoài)
𝗟𝗨𝗢,1,chữ không phải chữ Latin (ký tự trang trí / tiếng nước ngoài)
𝗧𝗨𝗬𝗘,1,chữ không phải chữ Latin (ký tự trang trí / tiếng nước ngoài)
𝗦𝗜,1,chữ không phải chữ Latin (ký tự trang trí / tiếng nước ngoài)
𝗨,1,chữ không phải chữ Latin (ký tự trang trí / tiếng nước ngoài)
𝗮,1,chữ không phải chữ Latin (ký tự trang trí / tiếng nước ngoài)
𝗻𝗵,1,chữ không phải chữ Latin (ký tự trang trí / tiếng nước ngoài)
𝗰𝗵𝗼,1,chữ không phải chữ Latin (ký tự trang trí / tiếng nước ngoài)
𝘁,1,chữ không phải chữ Latin (ký tự trang trí / tiếng nước ngoài)
đ𝗼,1,chữ không phải chữ Latin (ký tự trang trí / tiếng nước ngoài)
𝗹𝗮,1,chữ không phải chữ Latin (ký tự trang trí / tiếng nước ngoài)
𝗻𝗵𝗮,1,chữ không phải chữ Latin (ký tự trang trí / tiếng nước ngoài)
𝘀𝗶,1,chữ không phải chữ Latin (ký tự trang trí / tiếng nước ngoài)
ádfgjjkkkirefvhjtfbjifdcv,1,"chữ Latin ngoài bảng chữ cái tiếng Việt (f, j, w, z)"
gđ,1,không có nguyên âm
ip11,1,trộn chữ và số
128gb,1,trộn chữ và số + không có nguyên âm
bssisbshiwjsbwjksjsiknnxnakansbs,1,"chữ Latin ngoài bảng chữ cái tiếng Việt (f, j, w, z)"
hsjsbshns,1,"chữ Latin ngoài bảng chữ cái tiếng Việt (f, j, w, z) + không có nguyên âm"
sndkrjb,1,"chữ Latin ngoài bảng chữ cái tiếng Việt (f, j, w, z) + không có nguyên âm"
kkkkkkkkkkkkkkkkkkkkkkkkkkkkkkkkkkkkkkkkkkkkkkkkkkkkkkkkkkkkkkkkkkkkkkkkkkkkkkkkkkkkkkkkkkkkkkkkkkkkkkkkkkkkkkkkkkkkkkkkkkkkkkkk,1,không có nguyên âm
hhhhhhhhhhhhhhhhhhhhhhh,1,không có nguyên âm
owiii,1,"chữ Latin ngoài bảng chữ cái tiếng Việt (f, j, w, z)"
d5cỹt,1,trộn chữ và số
chacw,1,"chữ Latin ngoài bảng chữ cái tiếng Việt (f, j, w, z)"
jam,1,"chữ Latin ngoài bảng chữ cái tiếng Việt (f, j, w, z)"
cckgifx,1,"chữ Latin ngoài bảng chữ cái tiếng Việt (f, j, w, z)"
hfouuoucgoyc,1,"chữ Latin ngoài bảng chữ cái tiếng Việt (f, j, w, z)"
jcigcgicigcoy,1,"chữ Latin ngoài bảng chữ cái tiếng Việt (f, j, w, z)"
giòyfyocoyc,1,"chữ Latin ngoài bảng chữ cái tiếng Việt (f, j, w, z)"
tộiminhf,1,"chữ Latin ngoài bảng chữ cái tiếng Việt (f, j, w, z)"
nxkfndkdndksksosoksskks,1,"chữ Latin ngoài bảng chữ cái tiếng Việt (f, j, w, z)"
dnkdndksksksksksksk,1,không có nguyên âm
abcdefghijkl,1,"chữ Latin ngoài bảng chữ cái tiếng Việt (f, j, w, z)"
snh,1,không có nguyên âm
folow,1,"chữ Latin ngoài bảng chữ cái tiếng Việt (f, j, w, z)"
far,1,"chữ Latin ngoài bảng chữ cái tiếng Việt (f, j, w, z)"
know,1,"chữ Latin ngoài bảng chữ cái tiếng Việt (f, j, w, z)"
wish,1,"chữ Latin ngoài bảng chữ cái tiếng Việt (f, j, w, z)"
njbjhkbkj,1,"chữ Latin ngoài bảng chữ cái tiếng Việt (f, j, w, z) + không có nguyên âm"
vhjbhjjjhjn,1,"chữ Latin ngoài bảng chữ cái tiếng Việt (f, j, w, z) + không có nguyên âm"
bnn,1,không có nguyên âm
jfjjfkfjfjfjfjjfjfjfjfjfjfjfjfjfjfjjf,1,"chữ Latin ngoài bảng chữ cái tiếng Việt (f, j, w, z) + không có nguyên âm"
gffgfrcrrfrcxtttyzxyrrccrtcvrfyxxetvytxcryxefg,1,"chữ Latin ngoài bảng chữ cái tiếng Việt (f, j, w, z)"
snaw,1,"chữ Latin ngoài bảng chữ cái tiếng Việt (f, j, w, z)"
utpzurzut,1,"chữ Latin ngoài bảng chữ cái tiếng Việt (f, j, w, z)"
jp,1,"chữ Latin ngoài bảng chữ cái tiếng Việt (f, j, w, z) + không có nguyên âm"
knucghcjcjcjcjxzjgzgzzkgxgxhlxhchlchcjcjvljcjlxlyxuxlxjcljvjvjvuyotssxlhcljvjlvkbckhoyststizgkkclhcjlvjlnbdyduocohvljvljvj,1,"chữ Latin ngoài bảng chữ cái tiếng Việt (f, j, w, z)"
hhcpxhlxlhzsyxkhxhkckhclj,1,"chữ Latin ngoài bảng chữ cái tiếng Việt (f, j, w, z)"
hhhhhhhhhhhhhhhhhhhhhhhhhhhhhhhhhhh,1,không có nguyên âm
xinhhhhjhjjjgcxbbxgbv,1,"chữ Latin ngoài bảng chữ cái tiếng Việt (f, j, w, z)"
sss,1,không có nguyên âm
trrr,1,không có nguyên âm
nnnnnnnnnnnnnnnnnnnnnnnnnnnnnnnnnnnnnnnnnnnnnnnnnnnnnnnnnnnnnnnnnnnnnnnnnnnnnnnnnnnnnn,1,không có nguyên âm
nsj,1,"chữ Latin ngoài bảng chữ cái tiếng Việt (f, j, w, z) + không có nguyên âm"
kskskskskksmsmxmmxjxjxj,1,"chữ Latin ngoài bảng chữ cái tiếng Việt (f, j, w, z) + không có nguyên âm"
kwmsncueomx,1,"chữ Latin ngoài bảng chữ cái tiếng Việt (f, j, w, z)"
gigigsiboebodnodbdobdivsjvsjvxbfodnosbkxbodbdidvidbodbdobdkdbkdbkdbdkbkdbkdbkdbdkbdkbdkdbkdbkd,1,"chữ Latin ngoài bảng chữ cái tiếng Việt (f, j, w, z)"
xnjdjdjdjdjjdjdjdjkdjdjdndnd,1,"chữ Latin ngoài bảng chữ cái tiếng Việt (f, j, w, z) + không có nguyên âm"
kdbabvabdhsjahab,1,"chữ Latin ngoài bảng chữ cái tiếng Việt (f, j, w, z)"
sbdbxbxbdbshsh,1,không có nguyên âm
mja,1,"chữ Latin ngoài bảng chữ cái tiếng Việt (f, j, w, z)"
2năm,1,trộn chữ và số
hdjxbbxjmbxbxnbxnxnxbxnnx,1,"chữ Latin ngoài bảng chữ cái tiếng Việt (f, j, w, z) + không có nguyên âm"
hsskkaowbxbbxnmx,1,"chữ Latin ngoài bảng chữ cái tiếng Việt (f, j, w, z)"
howii,1,"chữ Latin ngoài bảng chữ cái tiếng Việt (f, j, w, z)"
jdjdjdkfjfjjfkfjfjkfjfj,1,"chữ Latin ngoài bảng chữ cái tiếng Việt (f, j, w, z) + không có nguyên âm"
jjjsjdkkdkfkfkfkkf,1,"chữ Latin ngoài bảng chữ cái tiếng Việt (f, j, w, z) + không có nguyên âm"
900tr,1,trộn chữ và số + không có nguyên âm
hạhajausgvsvavqgauusvxvshwjiqowuwttvsvsajajjakkskzooaoquwytwgsvsvbdnxnzn,1,"chữ Latin ngoài bảng chữ cái tiếng Việt (f, j, w, z)"
nchg,1,không có nguyên âm
mmmm,1,không có nguyên âm
hfuffufkdufjjvk,1,"chữ Latin ngoài bảng chữ cái tiếng Việt (f, j, w, z)"
ogvvcjdytsifvjg,1,"chữ Latin ngoài bảng chữ cái tiếng Việt (f, j, w, z)"
gjvcjhchxdyvjgvjgu,1,"chữ Latin ngoài bảng chữ cái tiếng Việt (f, j, w, z)"
icvivf,1,"chữ Latin ngoài bảng chữ cái tiếng Việt (f, j, w, z)"
6000d,1,trộn chữ và số + không có nguyên âm
tk_ap1,1,trộn chữ và số
36h,1,trộn chữ và số + không có nguyên âm
qk,1,không có nguyên âm
00d,1,trộn chữ và số + không có nguyên âm
ùcotv9tv9tv9yv0yv0yv0yv8vuodcpucif,1,"chữ Latin ngoài bảng chữ cái tiếng Việt (f, j, w, z) + trộn chữ và số"
ìcifpcpifpi,1,"chữ Latin ngoài bảng chữ cái tiếng Việt (f, j, w, z)"
pkfcipto,1,"chữ Latin ngoài bảng chữ cái tiếng Việt (f, j, w, z)"
9f,1,"chữ Latin ngoài bảng chữ cái tiếng Việt (f, j, w, z) + trộn chữ và số + không có nguyên âm"
f9ufuctu0ctuc9ur9ur9r7cc7rc7r7c97rc7rc7rcruf0c0tci0rc0urc07tcu7c99uc9urcru0c0rcur9cur9couorcooufcouufocuocoufcufudo,1,"chữ Latin ngoài bảng chữ cái tiếng Việt (f, j, w, z) + trộn chữ và số"
hihuhihigivibihunsjanwna,1,"chữ Latin ngoài bảng chữ cái tiếng Việt (f, j, w, z)"
hhhhhhhhhhhhhhhhhhhhhhhhhhhhhhhhhhhhhh,1,không có nguyên âm
sjgdksbsisbsjbdskissjgssjnsjsbdhkshsns,1,"chữ Latin ngoài bảng chữ cái tiếng Việt (f, j, w, z)"
hshdhdhhddhh,1,không có nguyên âm
fiufxuxt8ccit,1,"chữ Latin ngoài bảng chữ cái tiếng Việt (f, j, w, z) + trộn chữ và số"
ỹuf7ctt8vvt8vt8vt7c7tyrr,1,"chữ Latin ngoài bảng chữ cái tiếng Việt (f, j, w, z) + trộn chữ và số"
muabdhdbdjdbdhdbdhhdhdhdhhđhhdhdhdhh,1,"chữ Latin ngoài bảng chữ cái tiếng Việt (f, j, w, z)"
hẹwhwhwjwjhwhshwhhsksijsajkwjwlwwkqjqjwnbwbaa,1,"chữ Latin ngoài bảng chữ cái tiếng Việt (f, j, w, z)"
cncncncnncncnc,1,không có nguyên âm
focalluare,1,"chữ Latin ngoài bảng chữ cái tiếng Việt (f, j, w, z)"
đcccc,1,không có nguyên âm
chinhd35,1,trộn chữ và số
wifi,1,"chữ Latin ngoài bảng chữ cái tiếng Việt (f, j, w, z)"
𝐒𝐈𝐄,1,chữ không phải chữ Latin (ký tự trang trí / tiếng nước ngoài)
𝐏𝐇𝐀,1,chữ không phải chữ Latin (ký tự trang trí / tiếng nước ngoài)
𝐌,1,chữ không phải chữ Latin (ký tự trang trí / tiếng nước ngoài)
𝐂𝐀,1,chữ không phải chữ Latin (ký tự trang trí / tiếng nước ngoài)
𝐏,1,chữ không phải chữ Latin (ký tự trang trí / tiếng nước ngoài)
𝐁𝐄,1,chữ không phải chữ Latin (ký tự trang trí / tiếng nước ngoài)
𝐍,1,chữ không phải chữ Latin (ký tự trang trí / tiếng nước ngoài)
𝐜𝐡𝐚,1,chữ không phải chữ Latin (ký tự trang trí / tiếng nước ngoài)
𝐩𝐨𝐥𝐨,1,chữ không phải chữ Latin (ký tự trang trí / tiếng nước ngoài)
𝐝𝐚,1,chữ không phải chữ Latin (ký tự trang trí / tiếng nước ngoài)
𝐜𝐚,1,chữ không phải chữ Latin (ký tự trang trí / tiếng nước ngoài)
𝐱𝐢,1,chữ không phải chữ Latin (ký tự trang trí / tiếng nước ngoài)
𝐧𝐧𝐧𝐧,1,chữ không phải chữ Latin (ký tự trang trí / tiếng nước ngoài)
𝐤𝐨,1,chữ không phải chữ Latin (ký tự trang trí / tiếng nước ngoài)
𝐥𝐚,1,chữ không phải chữ Latin (ký tự trang trí / tiếng nước ngoài)
𝐦,1,chữ không phải chữ Latin (ký tự trang trí / tiếng nước ngoài)
𝐜𝐨𝐭𝐭𝐨𝐧,1,chữ không phải chữ Latin (ký tự trang trí / tiếng nước ngoài)
𝐝𝐮,1,chữ không phải chữ Latin (ký tự trang trí / tiếng nước ngoài)
𝐜𝐡𝐮𝐲𝐞,1,chữ không phải chữ Latin (ký tự trang trí / tiếng nước ngoài)
𝐧,1,chữ không phải chữ Latin (ký tự trang trí / tiếng nước ngoài)
𝐥𝐚𝐜𝐨𝐬,1,chữ không phải chữ Latin (ký tự trang trí / tiếng nước ngoài)
𝐧𝐡𝐚,1,chữ không phải chữ Latin (ký tự trang trí / tiếng nước ngoài)
𝐞,1,chữ không phải chữ Latin (ký tự trang trí / tiếng nước ngoài)
𝐛𝐚𝐨,1,chữ không phải chữ Latin (ký tự trang trí / tiếng nước ngoài)
đ𝐞,1,chữ không phải chữ Latin (ký tự trang trí / tiếng nước ngoài)
𝐩,1,chữ không phải chữ Latin (ký tự trang trí / tiếng nước ngoài)
𝐳𝐮𝐢𝐢,1,chữ không phải chữ Latin (ký tự trang trí / tiếng nước ngoài)
85k____85k____85kkkk,1,trộn chữ và số + không có nguyên âm
nhahjdjjsjsjxjjsjdjdjdjdjjdjjdjdjsj,1,"chữ Latin ngoài bảng chữ cái tiếng Việt (f, j, w, z)"
2màu,1,trộn chữ và số
ghhgggff,1,"chữ Latin ngoài bảng chữ cái tiếng Việt (f, j, w, z) + không có nguyên âm"
tfhthvdhghhcsjjdughhd,1,"chữ Latin ngoài bảng chữ cái tiếng Việt (f, j, w, z)"
fda,1,"chữ Latin ngoài bảng chữ cái tiếng Việt (f, j, w, z)"
giôngws,1,"chữ Latin ngoài bảng chữ cái tiếng Việt (f, j, w, z)"
bxbjsjzbx,1,"chữ Latin ngoài bảng chữ cái tiếng Việt (f, j, w, z) + không có nguyên âm"
đnajj,1,"chữ Latin ngoài bảng chữ cái tiếng Việt (f, j, w, z)"
dnsjajsbdndjd,1,"chữ Latin ngoài bảng chữ cái tiếng Việt (f, j, w, z)"
djxjdbahabx,1,"chữ Latin ngoài bảng chữ cái tiếng Việt (f, j, w, z)"
dbsjajsjcnd,1,"chữ Latin ngoài bảng chữ cái tiếng Việt (f, j, w, z)"
qhdjd,1,"chữ Latin ngoài bảng chữ cái tiếng Việt (f, j, w, z) + không có nguyên âm"
dhwjajjdbd,1,"chữ Latin ngoài bảng chữ cái tiếng Việt (f, j, w, z)"
dbdjajsbxbjsjđbdjw,1,"chữ Latin ngoài bảng chữ cái tiếng Việt (f, j, w, z)"
fresh,1,"chữ Latin ngoài bảng chữ cái tiếng Việt (f, j, w, z)"
ucỵtaù4kh,1,trộn chữ và số
đúk6lýi5wkuckỳ5eýmktư4nt4j5ngkfjydm,1,"chữ Latin ngoài bảng chữ cái tiếng Việt (f, j, w, z) + trộn chữ và số"
ídmgtmỹntaysj6wkyxyia5isuli5wiyiwo6djt5iwng,1,"chữ Latin ngoài bảng chữ cái tiếng Việt (f, j, w, z) + trộn chữ và số"
ddkckdpdjd,1,"chữ Latin ngoài bảng chữ cái tiếng Việt (f, j, w, z) + không có nguyên âm"
cjdksodjdjdj,1,"chữ Latin ngoài bảng chữ cái tiếng Việt (f, j, w, z)"
kkkkkkkkkkkkkkkkkkk,1,không có nguyên âm
mnnnnnnnnnnnn,1,không có nguyên âm
injjnnnnmmnjhgffffffffffffgghhhhjjjrfd8d96dsts,1,"chữ Latin ngoài bảng chữ cái tiếng Việt (f, j, w, z) + trộn chữ và số"
rs,1,không có nguyên âm
gghhhhhhgggghh,1,không có nguyên âm
zzzzzzzzzzzzzzzzzzzzzzzzzzzzzzzzzzzzzzzzz,1,"chữ Latin ngoài bảng chữ cái tiếng Việt (f, j, w, z) + không có nguyên âm"
nggggg,1,không có nguyên âm
kskjshnshsgsnjshshsjjshdjskshsjsjjshshssjjsjsjs,1,"chữ Latin ngoài bảng chữ cái tiếng Việt (f, j, w, z) + không có nguyên âm"
ljbbpjvohvohvohvohvohvhovkhvkhv,1,"chữ Latin ngoài bảng chữ cái tiếng Việt (f, j, w, z)"
jdsixwva,1,"chữ Latin ngoài bảng chữ cái tiếng Việt (f, j, w, z)"
hhhhhhhhjjhh,1,"chữ Latin ngoài bảng chữ cái tiếng Việt (f, j, w, z) + không có nguyên âm"
favorite,1,"chữ Latin ngoài bảng chữ cái tiếng Việt (f, j, w, z)"
strawberry,1,"chữ Latin ngoài bảng chữ cái tiếng Việt (f, j, w, z)"
51kkhông,1,trộn chữ và số
wwwwwwwwwwwwwwwwwwwwwwwwwwwwww,1,"chữ Latin ngoài bảng chữ cái tiếng Việt (f, j, w, z) + không có nguyên âm"
mmmmmmm,1,không có nguyên âm
jjakakakskjjjjrjrksmamakalakskskkskskdkdjdjfjfjfnjfjdkddjdj,1,"chữ Latin ngoài bảng chữ cái tiếng Việt (f, j, w, z)"
hdjdjjsjdicjdkdpwksjxpdkxkxkdmxkxkxkkdkskskkdlclclvkckdkckkdlskskxlxllcldslmxlskkxmdldkdkxkk,1,"chữ Latin ngoài bảng chữ cái tiếng Việt (f, j, w, z)"
57k,1,trộn chữ và số + không có nguyên âm
prm,1,không có nguyên âm
3hàng,1,trộn chữ và số
ghjkln,1,"chữ Latin ngoài bảng chữ cái tiếng Việt (f, j, w, z) + không có nguyên âm"
xzdgc,1,"chữ Latin ngoài bảng chữ cái tiếng Việt (f, j, w, z) + không có nguyên âm"
bnxgxhooflbmvhxgc,1,"chữ Latin ngoài bảng chữ cái tiếng Việt (f, j, w, z)"
bm,1,không có nguyên âm
jtnvn,1,"chữ Latin ngoài bảng chữ cái tiếng Việt (f, j, w, z) + không có nguyên âm"
hcj,1,"chữ Latin ngoài bảng chữ cái tiếng Việt (f, j, w, z) + không có nguyên âm"
hshejekjebejemejrjkekemekemdkekjeejndjdenn,1,"chữ Latin ngoài bảng chữ cái tiếng Việt (f, j, w, z)"
kzksndjckxmslamanzksamsnkznxsjsnssskks,1,"chữ Latin ngoài bảng chữ cái tiếng Việt (f, j, w, z)"
mnbanamskskskslsksksjsjsksksmsmsmzksmsmsmsms,1,"chữ Latin ngoài bảng chữ cái tiếng Việt (f, j, w, z)"
kdjsknxk,1,"chữ Latin ngoài bảng chữ cái tiếng Việt (f, j, w, z) + không có nguyên âm"
bcjsksmsbshskndmdlsfjn,1,"chữ Latin ngoài bảng chữ cái tiếng Việt (f, j, w, z) + không có nguyên âm"
jdh,1,"chữ Latin ngoài bảng chữ cái tiếng Việt (f, j, w, z) + không có nguyên âm"
hdj,1,"chữ Latin ngoài bảng chữ cái tiếng Việt (f, j, w, z) + không có nguyên âm"
dt3,1,trộn chữ và số + không có nguyên âm
nzndndjjdkzmnzxbxn,1,"chữ Latin ngoài bảng chữ cái tiếng Việt (f, j, w, z) + không có nguyên âm"
hdjdkdkdmc,1,"chữ Latin ngoài bảng chữ cái tiếng Việt (f, j, w, z) + không có nguyên âm"
bdjdbdbjdbdjnsbdjfbdnndndnnfn,1,"chữ Latin ngoài bảng chữ cái tiếng Việt (f, j, w, z) + không có nguyên âm"
hhhhhhhhhhhhhhhhhhh,1,không có nguyên âm
hzuagsnsusvuahaiajzbjsbaiahsbsibsnxishsksksjwnsgbdododnduwuwgwjabsishowbajssjajsjsbwkshjswhhsjshsjeheh,1,"chữ Latin ngoài bảng chữ cái tiếng Việt (f, j, w, z)"
gdjshsgsusbsjsvhzvsjsvzhvsjzhzvshsjsjsbsjsbhsbsjzgsvhdgsvhdbdjdbajhducbdjvdudbdhhsh,1,"chữ Latin ngoài bảng chữ cái tiếng Việt (f, j, w, z)"
xjzkskmdnxnxmxmzmmnnnnn,1,"chữ Latin ngoài bảng chữ cái tiếng Việt (f, j, w, z) + không có nguyên âm"
vakakaabsjpdjdbdbsklakanabsvsv,1,"chữ Latin ngoài bảng chữ cái tiếng Việt (f, j, w, z)"
v9,1,trộn chữ và số + không có nguyên âm
100000điểm,1,trộn chữ và số
zhuzkwbshzuaksndjixosnsb,1,"chữ Latin ngoài bảng chữ cái tiếng Việt (f, j, w, z)"
ndndksbdbdj,1,"chữ Latin ngoài bảng chữ cái tiếng Việt (f, j, w, z) + không có nguyên âm"
ndjdksmsnvzjsntj,1,"chữ Latin ngoài bảng chữ cái tiếng Việt (f, j, w, z) + không có nguyên âm"
facebook,1,"chữ Latin ngoài bảng chữ cái tiếng Việt (f, j, w, z)"
mmjdvs,1,"chữ Latin ngoài bảng chữ cái tiếng Việt (f, j, w, z) + không có nguyên âm"
dhs,1,không có nguyên âm
bsbs,1,không có nguyên âm
zmba,1,"chữ Latin ngoài bảng chữ cái tiếng Việt (f, j, w, z)"
snwk,1,"chữ Latin ngoài bảng chữ cái tiếng Việt (f, j, w, z) + không có nguyên âm"
nbnsbsbns,1,không có nguyên âm
thgggsjsjnsnsbsbsnsndbsnssnnsbdbdbdbdbdbdbdbdbsb,1,"chữ Latin ngoài bảng chữ cái tiếng Việt (f, j, w, z) + không có nguyên âm"
nw,1,"chữ Latin ngoài bảng chữ cái tiếng Việt (f, j, w, z) + không có nguyên âm"
jeiekendndkk,1,"chữ Latin ngoài bảng chữ cái tiếng Việt (f, j, w, z)"
hdsfggvbnjjjjnjjj,1,"chữ Latin ngoài bảng chữ cái tiếng Việt (f, j, w, z) + không có nguyên âm"
500ml,1,trộn chữ và số + không có nguyên âm
hjdkdndndmdmdmdmdxmđ,1,"chữ Latin ngoài bảng chữ cái tiếng Việt (f, j, w, z) + không có nguyên âm"
vsbsjmdndncnckdkjvcbcmkdmđmd,1,"chữ Latin ngoài bảng chữ cái tiếng Việt (f, j, w, z) + không có nguyên âm"
tgskinfood,1,"chữ Latin ngoài bảng chữ cái tiếng Việt (f, j, w, z)"
zxhdbdhbdbđhứhnxnsu,1,"chữ Latin ngoài bảng chữ cái tiếng Việt (f, j, w, z)"
mmgjtchiijhhhhhhjjjjnnnjjjnnnnnnnn,1,"chữ Latin ngoài bảng chữ cái tiếng Việt (f, j, w, z)"
935đ,1,trộn chữ và số + không có nguyên âm
jdjsjsjsbdhdjdhjgffjfbjc,1,"chữ Latin ngoài bảng chữ cái tiếng Việt (f, j, w, z) + không có nguyên âm"
jhsgshsgeijev,1,"chữ Latin ngoài bảng chữ cái tiếng Việt (f, j, w, z)"
ubgthjj,1,"chữ Latin ngoài bảng chữ cái tiếng Việt (f, j, w, z)"
𝐒𝐡𝐨𝐩𝐞𝐞,1,chữ không phải chữ Latin (ký tự trang trí / tiếng nước ngoài)
𝐒𝐚𝐥𝐞,1,chữ không phải chữ Latin (ký tự trang trí / tiếng nước ngoài)
𝐇𝐚,1,chữ không phải chữ Latin (ký tự trang trí / tiếng nước ngoài)
𝐧𝐠,1,chữ không phải chữ Latin (ký tự trang trí / tiếng nước ngoài)
𝐐𝐮𝐨,1,chữ không phải chữ Latin (ký tự trang trí / tiếng nước ngoài)
𝐜,1,chữ không phải chữ Latin (ký tự trang trí / tiếng nước ngoài)
𝐓𝐞,1,chữ không phải chữ Latin (ký tự trang trí / tiếng nước ngoài)
𝑭𝒓𝒆𝒆𝒔𝒉𝒊𝒑,1,chữ không phải chữ Latin (ký tự trang trí / tiếng nước ngoài)
𝐌𝐨,1,chữ không phải chữ Latin (ký tự trang trí / tiếng nước ngoài)
𝐀𝐩𝐩,1,chữ không phải chữ Latin (ký tự trang trí / tiếng nước ngoài)
𝐌𝐮𝐚,1,chữ không phải chữ Latin (ký tự trang trí / tiếng nước ngoài)
𝐍𝐠𝐚𝐲,1,chữ không phải chữ Latin (ký tự trang trí / tiếng nước ngoài)
bxusjsbajkajahahsjsjns,1,"chữ Latin ngoài bảng chữ cái tiếng Việt (f, j, w, z)"
1ms,1,trộn chữ và số + không có nguyên âm
bdjfjjfjfjf,1,"chữ Latin ngoài bảng chữ cái tiếng Việt (f, j, w, z) + không có nguyên âm"
cóbxnxnxxbcjcjjc,1,"chữ Latin ngoài bảng chữ cái tiếng Việt (f, j, w, z)"
mịnnvaf,1,"chữ Latin ngoài bảng chữ cái tiếng Việt (f, j, w, z)"
hhhhh,1,không có nguyên âm
bnznznsjsjsksnsbxbxhxhhxbxbssbbsbxhxjs,1,"chữ Latin ngoài bảng chữ cái tiếng Việt (f, j, w, z) + không có nguyên âm"
mgoji,1,"chữ Latin ngoài bảng chữ cái tiếng Việt (f, j, w, z)"
owpndpwndosndkdosndodndheownejjskjnkk,1,"chữ Latin ngoài bảng chữ cái tiếng Việt (f, j, w, z)"
tfboys,1,"chữ Latin ngoài bảng chữ cái tiếng Việt (f, j, w, z)"
nmmmmm,1,không có nguyên âm
jdsjsjsjsjjsjsjzjsjsjssjsjsj,1,"chữ Latin ngoài bảng chữ cái tiếng Việt (f, j, w, z) + không có nguyên âm"
bsjkakandn,1,"chữ Latin ngoài bảng chữ cái tiếng Việt (f, j, w, z)"
siiwja,1,"chữ Latin ngoài bảng chữ cái tiếng Việt (f, j, w, z)"
sjjakqk,1,"chữ Latin ngoài bảng chữ cái tiếng Việt (f, j, w, z)"
djejwins,1,"chữ Latin ngoài bảng chữ cái tiếng Việt (f, j, w, z)"
dịewiw,1,"chữ Latin ngoài bảng chữ cái tiếng Việt (f, j, w, z)"
djjwnqn,1,"chữ Latin ngoài bảng chữ cái tiếng Việt (f, j, w, z) + không có nguyên âm"
djjqnqn,1,"chữ Latin ngoài bảng chữ cái tiếng Việt (f, j, w, z) + không có nguyên âm"
hfiwnduwi,1,"chữ Latin ngoài bảng chữ cái tiếng Việt (f, j, w, z)"
ncuwjdbiwne,1,"chữ Latin ngoài bảng chữ cái tiếng Việt (f, j, w, z)"
nieownduwkneienfueneydic,1,"chữ Latin ngoài bảng chữ cái tiếng Việt (f, j, w, z)"
hcodnsuw,1,"chữ Latin ngoài bảng chữ cái tiếng Việt (f, j, w, z)"
nmn,1,không có nguyên âm
nnnemenwmwmwmwmwmwmwmwmwmwwmwmmwwmwmwm,1,"chữ Latin ngoài bảng chữ cái tiếng Việt (f, j, w, z)"
bbnkkbvccvbnnmmmnnbvccvnnmmvccc,1,không có nguyên âm
nnnnnn,1,không có nguyên âm
ajn,1,"chữ Latin ngoài bảng chữ cái tiếng Việt (f, j, w, z)"
6cayyyy,1,trộn chữ và số
nekkkf,1,"chữ Latin ngoài bảng chữ cái tiếng Việt (f, j, w, z)"
6earcuvurzrcoycirzrjbitxuexbubitzecublyxelhblycyezkg,1,"chữ Latin ngoài bảng chữ cái tiếng Việt (f, j, w, z) + trộn chữ và số"
kyxywzkg,1,"chữ Latin ngoài bảng chữ cái tiếng Việt (f, j, w, z)"
dsoof,1,"chữ Latin ngoài bảng chữ cái tiếng Việt (f, j, w, z)"
bsbshsjsbbsbsbsbsbsbsbbsbsbs,1,"chữ Latin ngoài bảng chữ cái tiếng Việt (f, j, w, z) + không có nguyên âm"
bxjsbsjsbd,1,"chữ Latin ngoài bảng chữ cái tiếng Việt (f, j, w, z) + không có nguyên âm"
baiabajbdjdbsjsjs,1,"chữ Latin ngoài bảng chữ cái tiếng Việt (f, j, w, z)"
210k,1,trộn chữ và số + không có nguyên âm
hahahdhsasbbdbsjaksndbsbsb,1,"chữ Latin ngoài bảng chữ cái tiếng Việt (f, j, w, z)"
a23,1,trộn chữ và số
twt,1,"chữ Latin ngoài bảng chữ cái tiếng Việt (f, j, w, z) + không có nguyên âm"
ksksksksmmxkxlxl,1,không có nguyên âm
65kg,1,trộn chữ và số + không có nguyên âm
73kg,1,trộn chữ và số + không có nguyên âm
ửngiciwkwmbx,1,"chữ Latin ngoài bảng chữ cái tiếng Việt (f, j, w, z)"
quxjebckaoiawbd,1,"chữ Latin ngoài bảng chữ cái tiếng Việt (f, j, w, z)"
ehsjchqb,1,"chữ Latin ngoài bảng chữ cái tiếng Việt (f, j, w, z)"
tôj,1,"chữ Latin ngoài bảng chữ cái tiếng Việt (f, j, w, z)"
hhndbh,1,không có nguyên âm
kkkkkkkkkkkkkkkkkkkkkkmmk,1,không có nguyên âm
nhanhhhj,1,"chữ Latin ngoài bảng chữ cái tiếng Việt (f, j, w, z)"
spt,1,không có nguyên âm
nhàhkfbbfkfbdkfndkbffkbfjf,1,"chữ Latin ngoài bảng chữ cái tiếng Việt (f, j, w, z)"
ggxgxfzugxhđxhxoxoyhogkxxggzkffkggxkxlgxlxlgxglxlgxxkiffkkfififgidiid,1,"chữ Latin ngoài bảng chữ cái tiếng Việt (f, j, w, z)"
mkk,1,không có nguyên âm
109k,1,trộn chữ và số + không có nguyên âm
gshsbxbiwuwhdjdkjdbshjd,1,"chữ Latin ngoài bảng chữ cái tiếng Việt (f, j, w, z)"
kng,1,không có nguyên âm
yeydujdjfhhfyfufufjdjdjdjfjjfjf,1,"chữ Latin ngoài bảng chữ cái tiếng Việt (f, j, w, z)"
hehehwbhehwhjwuwhausushwuwhw,1,"chữ Latin ngoài bảng chữ cái tiếng Việt (f, j, w, z)"
4sao,1,trộn chữ và số
ânja,1,"chữ Latin ngoài bảng chữ cái tiếng Việt (f, j, w, z)"
snajzjdhvf,1,"chữ Latin ngoài bảng chữ cái tiếng Việt (f, j, w, z)"
kdosndismdbdksndjdkasnbsksndjansjsjsbdjsmdnsj,1,"chữ Latin ngoài bảng chữ cái tiếng Việt (f, j, w, z)"
jshzvzgsjvshznsvshakabzhjabahanabsbbaba,1,"chữ Latin ngoài bảng chữ cái tiếng Việt (f, j, w, z)"
lơannxncndnejekakannkaka,1,"chữ Latin ngoài bảng chữ cái tiếng Việt (f, j, w, z)"
nskskskananankalskwlwlsnnsssjs,1,"chữ Latin ngoài bảng chữ cái tiếng Việt (f, j, w, z)"
shiaoakakwkwjsjkkdksososksjjdjdjeks,1,"chữ Latin ngoài bảng chữ cái tiếng Việt (f, j, w, z)"
nkskskskwnensjjsoallajahsjsia,1,"chữ Latin ngoài bảng chữ cái tiếng Việt (f, j, w, z)"
ksosoanashjsisowmwnsjsjsksn,1,"chữ Latin ngoài bảng chữ cái tiếng Việt (f, j, w, z)"
ugcryzciỹucgjxyutciycho,1,"chữ Latin ngoài bảng chữ cái tiếng Việt (f, j, w, z)"
fghjkwkslksanabbbbnn,1,"chữ Latin ngoài bảng chữ cái tiếng Việt (f, j, w, z)"
4thang8,1,trộn chữ và số
nêfddđ,1,"chữ Latin ngoài bảng chữ cái tiếng Việt (f, j, w, z)"
upj,1,"chữ Latin ngoài bảng chữ cái tiếng Việt (f, j, w, z)"
110k,1,trộn chữ và số + không có nguyên âm
bbb,1,không có nguyên âm
jdxyndumtxj,1,"chữ Latin ngoài bảng chữ cái tiếng Việt (f, j, w, z)"
fztusmduzmdgnearshmmhdzzgz,1,"chữ Latin ngoài bảng chữ cái tiếng Việt (f, j, w, z)"
dhx,1,không có nguyên âm
ffhx,1,"chữ Latin ngoài bảng chữ cái tiếng Việt (f, j, w, z) + không có nguyên âm"
jyesnhcm,1,"chữ Latin ngoài bảng chữ cái tiếng Việt (f, j, w, z)"
tudlhmfxhfmxhfm,1,"chữ Latin ngoài bảng chữ cái tiếng Việt (f, j, w, z)"
mutryksfch,1,"chữ Latin ngoài bảng chữ cái tiếng Việt (f, j, w, z)"
cg_,1,không có nguyên âm
vj,1,"chữ Latin ngoài bảng chữ cái tiếng Việt (f, j, w, z) + không có nguyên âm"
gx,1,không có nguyên âm
9549nntbsgn4b,1,trộn chữ và số + không có nguyên âm
fxhmhfm,1,"chữ Latin ngoài bảng chữ cái tiếng Việt (f, j, w, z) + không có nguyên âm"
ngdznhc,1,"chữ Latin ngoài bảng chữ cái tiếng Việt (f, j, w, z) + không có nguyên âm"
jyrztjeyshc,1,"chữ Latin ngoài bảng chữ cái tiếng Việt (f, j, w, z)"
hdm,1,không có nguyên âm
foymdzkyekzydm,1,"chữ Latin ngoài bảng chữ cái tiếng Việt (f, j, w, z)"
nyefhzmfhz,1,"chữ Latin ngoài bảng chữ cái tiếng Việt (f, j, w, z)"
kyrahhfznj,1,"chữ Latin ngoài bảng chữ cái tiếng Việt (f, j, w, z)"
cuntdzfbyesmfuzxhfvj,1,"chữ Latin ngoài bảng chữ cái tiếng Việt (f, j, w, z)"
jyjrshfzmetahfuxmcn,1,"chữ Latin ngoài bảng chữ cái tiếng Việt (f, j, w, z)"
cb,1,không có nguyên âm
mafick,1,"chữ Latin ngoài bảng chữ cái tiếng Việt (f, j, w, z)"
fjfiidkxsksososxkxncnfrooeodkxcnfndkkdsosoowososkxnxnndnkdkdkskksksksksks,1,"chữ Latin ngoài bảng chữ cái tiếng Việt (f, j, w, z)"
hdhdjdjdjdndndndndnd,1,"chữ Latin ngoài bảng chữ cái tiếng Việt (f, j, w, z) + không có nguyên âm"
hdhs,1,không có nguyên âm
shbsh,1,không có nguyên âm
sbhsjszbbsnsjs,1,"chữ Latin ngoài bảng chữ cái tiếng Việt (f, j, w, z) + không có nguyên âm"
hsjsiskzzjxjx,1,"chữ Latin ngoài bảng chữ cái tiếng Việt (f, j, w, z)"
ididodododdoxoxxxoxozjznz,1,"chữ Latin ngoài bảng chữ cái tiếng Việt (f, j, w, z)"
nsjsisksksixxixk,1,"chữ Latin ngoài bảng chữ cái tiếng Việt (f, j, w, z)"
zbzjzizizozizix,1,"chữ Latin ngoài bảng chữ cái tiếng Việt (f, j, w, z)"
80g,1,trộn chữ và số + không có nguyên âm
spf50,1,"chữ Latin ngoài bảng chữ cái tiếng Việt (f, j, w, z) + trộn chữ và số + không có nguyên âm"
3d,1,trộn chữ và số + không có nguyên âm
ggggfffgghhggggg,1,"chữ Latin ngoài bảng chữ cái tiếng Việt (f, j, w, z) + không có nguyên âm"
jhanh,1,"chữ Latin ngoài bảng chữ cái tiếng Việt (f, j, w, z)"
jseixdjkdkdkdkxkkssnsnsjdjdjndnxnxnxnxnxnxnx,1,"chữ Latin ngoài bảng chữ cái tiếng Việt (f, j, w, z)"
cjjdndosjdbahkalfnshakkwndhdosksjskdkdndj,1,"chữ Latin ngoài bảng chữ cái tiếng Việt (f, j, w, z)"
hcmc,1,không có nguyên âm
juvg,1,"chữ Latin ngoài bảng chữ cái tiếng Việt (f, j, w, z)"
owenjames,1,"chữ Latin ngoài bảng chữ cái tiếng Việt (f, j, w, z)"
ttbc,1,không có nguyên âm
sheuiqjabdunxhejjwkans,1,"chữ Latin ngoài bảng chữ cái tiếng Việt (f, j, w, z)"
jsjjsjsjsjsjjjjjnaadxbxbxbsbbaabbabasnsbbsnnsnsbsnsbnssbbsbnznznndbdbdnsnnsnsnsnsnsnsnsnsnsnbjjwjsjsnsnsnsnssnsnnsnsnsnnsnsnsnsnsnns,1,"chữ Latin ngoài bảng chữ cái tiếng Việt (f, j, w, z)"
dbđbdbbssbbss,1,không có nguyên âm
chfjdfjfifmfffifwgahfnchzhcuotururfdiyy,1,"chữ Latin ngoài bảng chữ cái tiếng Việt (f, j, w, z)"
7đ,1,trộn chữ và số + không có nguyên âm
cdgjsjsjsjsbsbbsbsbsbxbxxxbhsbbsbsbsbsbsbsbsbsbbbsbsbsbsbsbsbsbsbbsbsbsbsbsbbsbsbdbdbbdbdbdbdbdbdbdbdbvvvdvvdvvdvvdvvdbv,1,"chữ Latin ngoài bảng chữ cái tiếng Việt (f, j, w, z) + không có nguyên âm"
ênjejejedkkdekdkdkdnenenennenenenenenenenenenenenenenenene,1,"chữ Latin ngoài bảng chữ cái tiếng Việt (f, j, w, z)"
ýbjdjdbeuienfjirjenejfhfbfjd,1,"chữ Latin ngoài bảng chữ cái tiếng Việt (f, j, w, z)"
njhgjjchjkbvkmvl,1,"chữ Latin ngoài bảng chữ cái tiếng Việt (f, j, w, z) + không có nguyên âm"
nnnnn,1,không có nguyên âm
gsvshsjsjsbbsbdhshshsjhs,1,"chữ Latin ngoài bảng chữ cái tiếng Việt (f, j, w, z) + không có nguyên âm"
xktorirtstiotozizstiyokxfxyitztxzit,1,"chữ Latin ngoài bảng chữ cái tiếng Việt (f, j, w, z)"
zbxnnxnxnxnxnxncnnbccbncnccjnccncn,1,"chữ Latin ngoài bảng chữ cái tiếng Việt (f, j, w, z) + không có nguyên âm"
bbshsnshbsbsbssnnsnnsnsnsndndnndndndnndndnndndndndndndnndndndndndndnndndndnnsns,1,không có nguyên âm
nz,1,"chữ Latin ngoài bảng chữ cái tiếng Việt (f, j, w, z) + không có nguyên âm"
xkd,1,không có nguyên âm
djdhjnsndndjjjjiee,1,"chữ Latin ngoài bảng chữ cái tiếng Việt (f, j, w, z)"
bdhjdvejdjbck,1,"chữ Latin ngoài bảng chữ cái tiếng Việt (f, j, w, z)"
gsm,1,không có nguyên âm
bbc,1,không có nguyên âm
johnny,1,"chữ Latin ngoài bảng chữ cái tiếng Việt (f, j, w, z)"
nhv,1,không có nguyên âm
112k,1,trộn chữ và số + không có nguyên âm
6c,1,trộn chữ và số + không có nguyên âm
jdjdjdndnjdkdjsnsnsnsnskksnns,1,"chữ Latin ngoài bảng chữ cái tiếng Việt (f, j, w, z) + không có nguyên âm"
gggggghhhhhhhhhhhhhh,1,không có nguyên âm
ansjajhjsjsns,1,"chữ Latin ngoài bảng chữ cái tiếng Việt (f, j, w, z)"
10luôn,1,trộn chữ và số
vđ,1,không có nguyên âm
4sp,1,trộn chữ và số + không có nguyên âm
jsjsjskakkaka,1,"chữ Latin ngoài bảng chữ cái tiếng Việt (f, j, w, z)"
jajajjs,1,"chữ Latin ngoài bảng chữ cái tiếng Việt (f, j, w, z)"
ehhehehhwheheb,1,"chữ Latin ngoài bảng chữ cái tiếng Việt (f, j, w, z)"
hedjdhdhdhdbdhhxxhhdhddhdhxjxhbdbdjdhdhxhx,1,"chữ Latin ngoài bảng chữ cái tiếng Việt (f, j, w, z)"
kkkkkkkkkkkk,1,không có nguyên âm
zgudutrhaydauraursursursursrusut,1,"chữ Latin ngoài bảng chữ cái tiếng Việt (f, j, w, z)"
5phút,1,trộn chữ và số
annabxhdjjakwmsnnsksksoakamnsnsnsnsnsm,1,"chữ Latin ngoài bảng chữ cái tiếng Việt (f, j, w, z)"
hxixgshdicjdbeidudbdjxixgstwhsic9d,1,"chữ Latin ngoài bảng chữ cái tiếng Việt (f, j, w, z) + trộn chữ và số"
s9,1,trộn chữ và số + không có nguyên âm
hjwolslpqpajxnfajwjnsnaalp,1,"chữ Latin ngoài bảng chữ cái tiếng Việt (f, j, w, z)"
nnnbb,1,không có nguyên âm
jjjbbbvvbbhhhhhjjjj,1,"chữ Latin ngoài bảng chữ cái tiếng Việt (f, j, w, z) + không có nguyên âm"
ᵕ,1,chữ không phải chữ Latin (ký tự trang trí / tiếng nước ngoài)
jodoscodc,1,"chữ Latin ngoài bảng chữ cái tiếng Việt (f, j, w, z)"
nbsjsjwjjwjwhvwvwvwhiqiqbabsbbsbsn,1,"chữ Latin ngoài bảng chữ cái tiếng Việt (f, j, w, z)"
qq,1,không có nguyên âm
fhkskwbfixns,1,"chữ Latin ngoài bảng chữ cái tiếng Việt (f, j, w, z)"
iuwotwt,1,"chữ Latin ngoài bảng chữ cái tiếng Việt (f, j, w, z)"
quưyywowtw,1,"chữ Latin ngoài bảng chữ cái tiếng Việt (f, j, w, z)"
quywiq,1,"chữ Latin ngoài bảng chữ cái tiếng Việt (f, j, w, z)"
siwwu,1,"chữ Latin ngoài bảng chữ cái tiếng Việt (f, j, w, z)"
laanf,1,"chữ Latin ngoài bảng chữ cái tiếng Việt (f, j, w, z)"
hrzriztodoydxotxlyxktxitzh,1,"chữ Latin ngoài bảng chữ cái tiếng Việt (f, j, w, z)"
xhfisofififjckckgogifkxkxidifhzrhrzktskspydkygxkgxylflufhlchlclycluxuykcotxkyxhlxpxoxpuxupxypd6pfp6fpufpyxp6fpyxhpxpydyoxpuxpyxpyxupxpyxoyxlycypcifigihoupgofoxykdyoyzpxpcpufpcupuxoyxuf7fpmmmcmvkvu0gupfmxykc,1,"chữ Latin ngoài bảng chữ cái tiếng Việt (f, j, w, z) + trộn chữ và số"
vdbnsjuuadusudir8fifivgtpgfhi,1,"chữ Latin ngoài bảng chữ cái tiếng Việt (f, j, w, z) + trộn chữ và số"
hdjehshehehhdhdhdhgehjw,1,"chữ Latin ngoài bảng chữ cái tiếng Việt (f, j, w, z)"
ikebjdndkzndkdnkdndkrnfknfkxmdkmdkkdkdnk,1,"chữ Latin ngoài bảng chữ cái tiếng Việt (f, j, w, z)"
ondinhjo,1,"chữ Latin ngoài bảng chữ cái tiếng Việt (f, j, w, z)"
nữahdjdjdjjdjdjdd,1,"chữ Latin ngoài bảng chữ cái tiếng Việt (f, j, w, z)"
dunhf,1,"chữ Latin ngoài bảng chữ cái tiếng Việt (f, j, w, z)"
nshdhjdjdbdjdhdhdbbhhdsjjsbsbsj,1,"chữ Latin ngoài bảng chữ cái tiếng Việt (f, j, w, z) + không có nguyên âm"
hfjvdd,1,"chữ Latin ngoài bảng chữ cái tiếng Việt (f, j, w, z) + không có nguyên âm"
đâuuauuuuuuuuuuuujuuuuuu,1,"chữ Latin ngoài bảng chữ cái tiếng Việt (f, j, w, z)"
uuiuuuuuuuudhsnsjjsnsjsjjs,1,"chữ Latin ngoài bảng chữ cái tiếng Việt (f, j, w, z)"
hhhhhhhhhhhhhhhhhhhhhhhhhjjjjhhhhhhhjhjjhhjhhhhhhh,1,"chữ Latin ngoài bảng chữ cái tiếng Việt (f, j, w, z) + không có nguyên âm"
hq,1,không có nguyên âm
hshjsnxkksoajavbsbzjksmn,1,"chữ Latin ngoài bảng chữ cái tiếng Việt (f, j, w, z)"
bẹbshakajvavwshhsvsvebwbs,1,"chữ Latin ngoài bảng chữ cái tiếng Việt (f, j, w, z)"
orderzang,1,"chữ Latin ngoài bảng chữ cái tiếng Việt (f, j, w, z)"
kuowngj,1,"chữ Latin ngoài bảng chữ cái tiếng Việt (f, j, w, z)"
hihuijiiioaoak,1,"chữ Latin ngoài bảng chữ cái tiếng Việt (f, j, w, z)"
akjn,1,"chữ Latin ngoài bảng chữ cái tiếng Việt (f, j, w, z)"
ậkjzbza,1,"chữ Latin ngoài bảng chữ cái tiếng Việt (f, j, w, z)"
akaknz,1,"chữ Latin ngoài bảng chữ cái tiếng Việt (f, j, w, z)"
qdfyidjdjtxhgkff,1,"chữ Latin ngoài bảng chữ cái tiếng Việt (f, j, w, z)"
chfnd,1,"chữ Latin ngoài bảng chữ cái tiếng Việt (f, j, w, z) + không có nguyên âm"
dhjsjysjtdh,1,"chữ Latin ngoài bảng chữ cái tiếng Việt (f, j, w, z)"
hshshdbdbdbdbdkdjdbdbdbdbdbdbdbdbdbdbdbdbdb,1,"chữ Latin ngoài bảng chữ cái tiếng Việt (f, j, w, z) + không có nguyên âm"
cxxzzhbcxzxxhjbv,1,"chữ Latin ngoài bảng chữ cái tiếng Việt (f, j, w, z) + không có nguyên âm"
njjcgjj,1,"chữ Latin ngoài bảng chữ cái tiếng Việt (f, j, w, z) + không có nguyên âm"
vcvvvvvbfdhjjvdgjj,1,"chữ Latin ngoài bảng chữ cái tiếng Việt (f, j, w, z) + không có nguyên âm"
fuj,1,"chữ Latin ngoài bảng chữ cái tiếng Việt (f, j, w, z)"
fhj,1,"chữ Latin ngoài bảng chữ cái tiếng Việt (f, j, w, z) + không có nguyên âm"
đjvdcjbccbnb,1,"chữ Latin ngoài bảng chữ cái tiếng Việt (f, j, w, z) + không có nguyên âm"
chaats5khas,1,trộn chữ và số
khb,1,không có nguyên âm
jdjdbsnsnsnsbznz,1,"chữ Latin ngoài bảng chữ cái tiếng Việt (f, j, w, z) + không có nguyên âm"
shsjuwbsbs,1,"chữ Latin ngoài bảng chữ cái tiếng Việt (f, j, w, z)"
jsjsbsbsbsbsbsbdndndndbbdbd,1,"chữ Latin ngoài bảng chữ cái tiếng Việt (f, j, w, z) + không có nguyên âm"
siwkanzhosnwnwoaksnduiwbwbsisijs,1,"chữ Latin ngoài bảng chữ cái tiếng Việt (f, j, w, z)"
usbsuiskakaoonzbsushwgysq8,1,"chữ Latin ngoài bảng chữ cái tiếng Việt (f, j, w, z) + trộn chữ và số"
sjop,1,"chữ Latin ngoài bảng chữ cái tiếng Việt (f, j, w, z)"
a17,1,trộn chữ và số
pfd,1,"chữ Latin ngoài bảng chữ cái tiếng Việt (f, j, w, z) + không có nguyên âm"
nhf,1,"chữ Latin ngoài bảng chữ cái tiếng Việt (f, j, w, z) + không có nguyên âm"
mhuwowiff,1,"chữ Latin ngoài bảng chữ cái tiếng Việt (f, j, w, z)"
hhhhhhhhhhhhhhhhhhhhh,1,không có nguyên âm
jxndksnxkenks,1,"chữ Latin ngoài bảng chữ cái tiếng Việt (f, j, w, z)"
djdbbdkdnb,1,"chữ Latin ngoài bảng chữ cái tiếng Việt (f, j, w, z) + không có nguyên âm"
kkkkkm,1,không có nguyên âm
cghhufdgjirsfhkfdhjjgđghggjfdxchhgggb,1,"chữ Latin ngoài bảng chữ cái tiếng Việt (f, j, w, z)"
jsksksksklslslsksksksk,1,"chữ Latin ngoài bảng chữ cái tiếng Việt (f, j, w, z) + không có nguyên âm"
dotixtjzzittxitstugxjtjzgfgzgjgzzgxggn,1,"chữ Latin ngoài bảng chữ cái tiếng Việt (f, j, w, z)"
firefox,1,"chữ Latin ngoài bảng chữ cái tiếng Việt (f, j, w, z)"
hdjsjsjsjsjsnsjjsjsjsjsjsjjsjsjsjsjsjsbsbbs,1,"chữ Latin ngoài bảng chữ cái tiếng Việt (f, j, w, z) + không có nguyên âm"
combo1,1,trộn chữ và số
ứuushsgsbejejw,1,"chữ Latin ngoài bảng chữ cái tiếng Việt (f, j, w, z)"
skn,1,không có nguyên âm
hhhhhhhhhhhhhhhhhhhhhhhhhhhhhhhhhhhhhhhhhhhhhhhh,1,không có nguyên âm
hshdhdhsh,1,không có nguyên âm
hjhh,1,"chữ Latin ngoài bảng chữ cái tiếng Việt (f, j, w, z) + không có nguyên âm"
jwjwwg,1,"chữ Latin ngoài bảng chữ cái tiếng Việt (f, j, w, z) + không có nguyên âm"
kajvahs,1,"chữ Latin ngoài bảng chữ cái tiếng Việt (f, j, w, z)"
hhsnwlsjbnkh,1,"chữ Latin ngoài bảng chữ cái tiếng Việt (f, j, w, z) + không có nguyên âm"
nsnsnsnxnxbx,1,không có nguyên âm
18oc,1,trộn chữ và số
fzgdyfohifyyhjeojhdydufdjxjfhfjdkwkejeuekekejdjrieisjeididiskwkejdjdjdhdgdhdhehshshyshshshshshshahshshsjjsjsjwiwuwjwueuwiwoqooqoqlwgwvdjsuhsghsjsjsjjqjauysywtsjjsjwgwtysia,1,"chữ Latin ngoài bảng chữ cái tiếng Việt (f, j, w, z)"
djfoofjvkfjgvggggffcdkdkqkkwieewwrrreftrwdr,1,"chữ Latin ngoài bảng chữ cái tiếng Việt (f, j, w, z)"
nnhgcdfghjjsksnnzajjanzbxbxbdnnsnanansnsnssnnsn,1,"chữ Latin ngoài bảng chữ cái tiếng Việt (f, j, w, z)"
hsijsisididiidjdjdjdjdjjd,1,"chữ Latin ngoài bảng chữ cái tiếng Việt (f, j, w, z)"
hcigxigzjjgzkgxitzitzitzitxitzitzoyxoyxo,1,"chữ Latin ngoài bảng chữ cái tiếng Việt (f, j, w, z)"
16mg,1,trộn chữ và số + không có nguyên âm
200mg,1,trộn chữ và số + không có nguyên âm
ghhh,1,không có nguyên âm
ghhhfffffggggggghhh,1,"chữ Latin ngoài bảng chữ cái tiếng Việt (f, j, w, z) + không có nguyên âm"
vbbjjkk,1,"chữ Latin ngoài bảng chữ cái tiếng Việt (f, j, w, z) + không có nguyên âm"
vhbjjkllkkkjjjhhhgggfffggggggghjfssfhjjjgffđffvvvggfvvvffffffffffggvbbb,1,"chữ Latin ngoài bảng chữ cái tiếng Việt (f, j, w, z) + không có nguyên âm"
jmbghvzsfyjnbm,1,"chữ Latin ngoài bảng chữ cái tiếng Việt (f, j, w, z)"
cdhkkkkkjnnmnnnnndjngnlmxawtin,1,"chữ Latin ngoài bảng chữ cái tiếng Việt (f, j, w, z)"
jdjdjdndndjdndjdndnfjfjf,1,"chữ Latin ngoài bảng chữ cái tiếng Việt (f, j, w, z) + không có nguyên âm"
ncndnmsbdnxkkdns,1,không có nguyên âm
cmdnsbxjxjnsbs,1,"chữ Latin ngoài bảng chữ cái tiếng Việt (f, j, w, z) + không có nguyên âm"
kxnbsjansvxjcknd,1,"chữ Latin ngoài bảng chữ cái tiếng Việt (f, j, w, z)"
gb,1,không có nguyên âm
vvbjjnnbvgghjkkljffcc,1,"chữ Latin ngoài bảng chữ cái tiếng Việt (f, j, w, z) + không có nguyên âm"
vvcxcfgggbb,1,"chữ Latin ngoài bảng chữ cái tiếng Việt (f, j, w, z) + không có nguyên âm"
mint110702,1,trộn chữ và số
warm,1,"chữ Latin ngoài bảng chữ cái tiếng Việt (f, j, w, z)"
v05,1,trộn chữ và số + không có nguyên âm
hoepj,1,"chữ Latin ngoài bảng chữ cái tiếng Việt (f, j, w, z)"
100man,1,trộn chữ và số
jandgdnsjsnvsgsbsvvahsnsbsbgssnndvsjs,1,"chữ Latin ngoài bảng chữ cái tiếng Việt (f, j, w, z)"
lif,1,"chữ Latin ngoài bảng chữ cái tiếng Việt (f, j, w, z)"
móc1,1,trộn chữ và số
kenndndnnxnmdnsmsmskmdmmdndndndnjdndnx,1,"chữ Latin ngoài bảng chữ cái tiếng Việt (f, j, w, z)"
3k,1,trộn chữ và số + không có nguyên âm
xcghjj,1,"chữ Latin ngoài bảng chữ cái tiếng Việt (f, j, w, z) + không có nguyên âm"
ujhklkgfcssg,1,"chữ Latin ngoài bảng chữ cái tiếng Việt (f, j, w, z)"
flasale,1,"chữ Latin ngoài bảng chữ cái tiếng Việt (f, j, w, z)"
ksnsjanajan,1,"chữ Latin ngoài bảng chữ cái tiếng Việt (f, j, w, z)"
office,1,"chữ Latin ngoài bảng chữ cái tiếng Việt (f, j, w, z)"
vơiiiiiiiiiiiiiiiiiiiiiiiihbfhfbfbcbcbcbcnn,1,"chữ Latin ngoài bảng chữ cái tiếng Việt (f, j, w, z)"
jinzai,1,"chữ Latin ngoài bảng chữ cái tiếng Việt (f, j, w, z)"
kknsjjjk,1,"chữ Latin ngoài bảng chữ cái tiếng Việt (f, j, w, z) + không có nguyên âm"
kfhdkdbskbdkdhdkdnkđkfbdkkekskfndjeiókfnf,1,"chữ Latin ngoài bảng chữ cái tiếng Việt (f, j, w, z)"
gaghdjsjshdjsvdshhsbssg,1,"chữ Latin ngoài bảng chữ cái tiếng Việt (f, j, w, z)"
sjdbjeejbebenejejejejejejeejwej,1,"chữ Latin ngoài bảng chữ cái tiếng Việt (f, j, w, z)"
7ngày,1,trộn chữ và số
perfectdiary,1,"chữ Latin ngoài bảng chữ cái tiếng Việt (f, j, w, z)"
ckd,1,không có nguyên âm
hhiwownq,1,"chữ Latin ngoài bảng chữ cái tiếng Việt (f, j, w, z)"
dbifkd,1,"chữ Latin ngoài bảng chữ cái tiếng Việt (f, j, w, z)"
dbdjcododn,1,"chữ Latin ngoài bảng chữ cái tiếng Việt (f, j, w, z)"
dbdvdvshhznxnx,1,"chữ Latin ngoài bảng chữ cái tiếng Việt (f, j, w, z) + không có nguyên âm"
nxkzkzokkk,1,"chữ Latin ngoài bảng chữ cái tiếng Việt (f, j, w, z)"
svhssj,1,"chữ Latin ngoài bảng chữ cái tiếng Việt (f, j, w, z) + không có nguyên âm"
nmkakakdnslalqlqllwwlbcbxkzlalqlqlwlwllskxxn,1,"chữ Latin ngoài bảng chữ cái tiếng Việt (f, j, w, z)"
sámlsllskfjdklappqpqnd,1,"chữ Latin ngoài bảng chữ cái tiếng Việt (f, j, w, z)"
vjajsjjsjshdjdjdbdjdhdjsksbevrvfkdjrvtccycgbfkfjbdvfvgccgbfdjjdtvgcgcg,1,"chữ Latin ngoài bảng chữ cái tiếng Việt (f, j, w, z)"
bgnfjfnbfvgctctcrbnd,1,"chữ Latin ngoài bảng chữ cái tiếng Việt (f, j, w, z) + không có nguyên âm"
rvbrjjdudhebvrjdjdbrhdidjbevejdjrb,1,"chữ Latin ngoài bảng chữ cái tiếng Việt (f, j, w, z)"
jvkfidisk,1,"chữ Latin ngoài bảng chữ cái tiếng Việt (f, j, w, z)"
ivudfu,1,"chữ Latin ngoài bảng chữ cái tiếng Việt (f, j, w, z)"
ivifizz,1,"chữ Latin ngoài bảng chữ cái tiếng Việt (f, j, w, z)"
hkcczghbbbknbnkkvvjbb,1,"chữ Latin ngoài bảng chữ cái tiếng Việt (f, j, w, z) + không có nguyên âm"
iugkjb,1,"chữ Latin ngoài bảng chữ cái tiếng Việt (f, j, w, z)"
showbiz,1,"chữ Latin ngoài bảng chữ cái tiếng Việt (f, j, w, z)"
5000d,1,trộn chữ và số + không có nguyên âm
0d,1,trộn chữ và số + không có nguyên âm
hinhf,1,"chữ Latin ngoài bảng chữ cái tiếng Việt (f, j, w, z)"
dthg,1,không có nguyên âm
ạguahaggahisjjshshhssszhzjsisiisjsjsjsisij,1,"chữ Latin ngoài bảng chữ cái tiếng Việt (f, j, w, z)"
qkkskjdwmwmskqlqllwlsdmㄣㄆㄣㄆㄣㄠㄠㄎㄜㄎㄜㄎㄜㄎㄜㄇㄠㄇㄠㄇㄠkakskjanakslls,1,chữ không phải chữ Latin (ký tự trang trí / tiếng nước ngoài)
jskalklalskznzx,1,"chữ Latin ngoài bảng chữ cái tiếng Việt (f, j, w, z)"
10gffjvisjufhhrrnfmbsgsbsnbzgvvhdsggjgjrrhdbjrehmfmr,1,"chữ Latin ngoài bảng chữ cái tiếng Việt (f, j, w, z) + trộn chữ và số"
1cay,1,trộn chữ và số
jejjwwws,1,"chữ Latin ngoài bảng chữ cái tiếng Việt (f, j, w, z)"
hihiiidisjahahahahahahahah,1,"chữ Latin ngoài bảng chữ cái tiếng Việt (f, j, w, z)"
sjdjenfjdẹdhhđjdjdndbdbhdj,1,"chữ Latin ngoài bảng chữ cái tiếng Việt (f, j, w, z)"
tkwmfkamf,1,"chữ Latin ngoài bảng chữ cái tiếng Việt (f, j, w, z)"
xmamdblamfnallanfmam,1,"chữ Latin ngoài bảng chữ cái tiếng Việt (f, j, w, z)"
dlandkalnflamxmambfkwlam,1,"chữ Latin ngoài bảng chữ cái tiếng Việt (f, j, w, z)"
dbdjdmsnsbdjkfmsnahdkfnsmlsj,1,"chữ Latin ngoài bảng chữ cái tiếng Việt (f, j, w, z)"
znsskasbskshs,1,"chữ Latin ngoài bảng chữ cái tiếng Việt (f, j, w, z)"
dzjshsisbw,1,"chữ Latin ngoài bảng chữ cái tiếng Việt (f, j, w, z)"
mnnnnnnnn,1,không có nguyên âm
oiww,1,"chữ Latin ngoài bảng chữ cái tiếng Việt (f, j, w, z)"
giveaway,1,"chữ Latin ngoài bảng chữ cái tiếng Việt (f, j, w, z)"
specific,1,"chữ Latin ngoài bảng chữ cái tiếng Việt (f, j, w, z)"
off,1,"chữ Latin ngoài bảng chữ cái tiếng Việt (f, j, w, z)"
mmn,1,không có nguyên âm
sl,1,không có nguyên âm
gfxxth,1,"chữ Latin ngoài bảng chữ cái tiếng Việt (f, j, w, z) + không có nguyên âm"
bhgfzđe,1,"chữ Latin ngoài bảng chữ cái tiếng Việt (f, j, w, z)"
ghvhbtceetxubbiyczrzrtcvuubyrzxgvbiinvutxzrctibononbuxtzrtvknnouvtxeecyuvknibtcrztxuvbubibijvcytdgunonobiyvdtrdfyyghuojpmibvytcdtvunomobucyyvbibiyctxyvionnixtxtbuojmoonbiycxrtxvybuinnonibucttxtcyvibonon,1,"chữ Latin ngoài bảng chữ cái tiếng Việt (f, j, w, z)"
vgfddfhjkkknbfdasfhjkklllkjvfdsaefhikokkkkhg,1,"chữ Latin ngoài bảng chữ cái tiếng Việt (f, j, w, z)"
dkdmamsbaajakakakk,1,"chữ Latin ngoài bảng chữ cái tiếng Việt (f, j, w, z)"
andnfjfjfksksndbdbdndndjdnfndmss,1,"chữ Latin ngoài bảng chữ cái tiếng Việt (f, j, w, z)"
sjdjjdjdndn,1,"chữ Latin ngoài bảng chữ cái tiếng Việt (f, j, w, z) + không có nguyên âm"
skwosjjfwisjfbfisisjfjfn,1,"chữ Latin ngoài bảng chữ cái tiếng Việt (f, j, w, z)"
zll,1,"chữ Latin ngoài bảng chữ cái tiếng Việt (f, j, w, z) + không có nguyên âm"
djdndkck,1,"chữ Latin ngoài bảng chữ cái tiếng Việt (f, j, w, z) + không có nguyên âm"
dlskwnxjcnfjfkkrfnkfocpvmgmenzbxjckckdmdnndncncncnfndnrndndnrnrmrmrnrnrmrmrmrmmrmrmrmrm,1,"chữ Latin ngoài bảng chữ cái tiếng Việt (f, j, w, z)"
vtifxjjdzjrzjrzjtziusjzitzuhrhj,1,"chữ Latin ngoài bảng chữ cái tiếng Việt (f, j, w, z)"
jsjsjsjsiwjsbebwiiabsbsjdjwiwisjjssjjwnsbsbdjd,1,"chữ Latin ngoài bảng chữ cái tiếng Việt (f, j, w, z)"
zừa,1,"chữ Latin ngoài bảng chữ cái tiếng Việt (f, j, w, z)"
hvnh,1,không có nguyên âm
khalif,1,"chữ Latin ngoài bảng chữ cái tiếng Việt (f, j, w, z)"
jonghun,1,"chữ Latin ngoài bảng chữ cái tiếng Việt (f, j, w, z)"
nksm,1,không có nguyên âm
mbfvn,1,"chữ Latin ngoài bảng chữ cái tiếng Việt (f, j, w, z) + không có nguyên âm"
swach,1,"chữ Latin ngoài bảng chữ cái tiếng Việt (f, j, w, z)"
skskkef,1,"chữ Latin ngoài bảng chữ cái tiếng Việt (f, j, w, z)"
gcohlcfhtygnvdygdyxtohzchcgnsjhzylbztipz,1,"chữ Latin ngoài bảng chữ cái tiếng Việt (f, j, w, z)"
ztnyk,1,"chữ Latin ngoài bảng chữ cái tiếng Việt (f, j, w, z)"
zj,1,"chữ Latin ngoài bảng chữ cái tiếng Việt (f, j, w, z) + không có nguyên âm"
zbsylzthstisydqqrifsyhxjgrmzgxj,1,"chữ Latin ngoài bảng chữ cái tiếng Việt (f, j, w, z)"
houoooooovjviuyiiiiyhyytycihhiiiiiufhiiiiifieztgafsurjckhxigdgtdyeqyeqqyqtqritiyiuuyyfuydtryfyrryruyfugjt,1,"chữ Latin ngoài bảng chữ cái tiếng Việt (f, j, w, z)"
hdhdidhdhuejbeiorbrbeuehbeudhvejwidvfb,1,"chữ Latin ngoài bảng chữ cái tiếng Việt (f, j, w, z)"
jhdkakbdklajbdbbdjskamnakxbbdjkamskk,1,"chữ Latin ngoài bảng chữ cái tiếng Việt (f, j, w, z)"
jaisidiisisjsjsjsjdiididdiidjsjdjjdididi,1,"chữ Latin ngoài bảng chữ cái tiếng Việt (f, j, w, z)"
oksjsbnsbsbsbz,1,"chữ Latin ngoài bảng chữ cái tiếng Việt (f, j, w, z)"
zbsbsnzbbsnsnsbzbzbbsbsbsbsbzbsbsbnsnsnsbsbsnsbs,1,"chữ Latin ngoài bảng chữ cái tiếng Việt (f, j, w, z) + không có nguyên âm"
zzzzzzzzzzzzzzzzzzzzzzzzzzzzzzzzzz,1,"chữ Latin ngoài bảng chữ cái tiếng Việt (f, j, w, z) + không có nguyên âm"
hhjjjhggvhjjjjxxcbnjgfffvbnnnn,1,"chữ Latin ngoài bảng chữ cái tiếng Việt (f, j, w, z) + không có nguyên âm"
nenbebebejejejjejejejjejekdkdjdjdjejjeebjejdensjje,1,"chữ Latin ngoài bảng chữ cái tiếng Việt (f, j, w, z)"
iahaivsjavsobdowbdkaaonn,1,"chữ Latin ngoài bảng chữ cái tiếng Việt (f, j, w, z)"
đndkd,1,không có nguyên âm
slsblw,1,"chữ Latin ngoài bảng chữ cái tiếng Việt (f, j, w, z) + không có nguyên âm"
dkd,1,không có nguyên âm
dksbdmlđnldbskwk,1,"chữ Latin ngoài bảng chữ cái tiếng Việt (f, j, w, z) + không có nguyên âm"
đelj,1,"chữ Latin ngoài bảng chữ cái tiếng Việt (f, j, w, z)"
fffhfwhxhocohsvosfoyyadoaclhscpsfypsfskxskgcsogsogscogscpgcpsgcpgs,1,"chữ Latin ngoài bảng chữ cái tiếng Việt (f, j, w, z)"
thânhj,1,"chữ Latin ngoài bảng chữ cái tiếng Việt (f, j, w, z)"
alwm,1,"chữ Latin ngoài bảng chữ cái tiếng Việt (f, j, w, z)"
slg,1,không có nguyên âm
mmfmfmfmfjfjcjjdjxjdjdjxnxnxbxbxbxbdbxbxhdhdhdhdhxhdbdbdbxxbxbvvb,1,"chữ Latin ngoài bảng chữ cái tiếng Việt (f, j, w, z) + không có nguyên âm"
qwertyuiopasdfgghbk,1,"chữ Latin ngoài bảng chữ cái tiếng Việt (f, j, w, z)"
nnnnnnnxjznbsnznznxnznzn,1,"chữ Latin ngoài bảng chữ cái tiếng Việt (f, j, w, z) + không có nguyên âm"
hsjnajs,1,"chữ Latin ngoài bảng chữ cái tiếng Việt (f, j, w, z)"
bzjsjjsns,1,"chữ Latin ngoài bảng chữ cái tiếng Việt (f, j, w, z) + không có nguyên âm"
hsjnsnsj,1,"chữ Latin ngoài bảng chữ cái tiếng Việt (f, j, w, z) + không có nguyên âm"
hsjjwisjksnskksksnskkskzmzmzn,1,"chữ Latin ngoài bảng chữ cái tiếng Việt (f, j, w, z)"
д,1,chữ không phải chữ Latin (ký tự trang trí / tiếng nước ngoài)
zxxz,1,"chữ Latin ngoài bảng chữ cái tiếng Việt (f, j, w, z) + không có nguyên âm"
xx,1,không có nguyên âm
dkskskskakakskslsldmmdmskaoqoqjđnnxmx,1,"chữ Latin ngoài bảng chữ cái tiếng Việt (f, j, w, z)"
bbvbbbvb,1,không có nguyên âm
hdf,1,"chữ Latin ngoài bảng chữ cái tiếng Việt (f, j, w, z) + không có nguyên âm"
hff,1,"chữ Latin ngoài bảng chữ cái tiếng Việt (f, j, w, z) + không có nguyên âm"
hghjjgffbhtgjdndbhdhsbd,1,"chữ Latin ngoài bảng chữ cái tiếng Việt (f, j, w, z) + không có nguyên âm"
hdbsjd,1,"chữ Latin ngoài bảng chữ cái tiếng Việt (f, j, w, z) + không có nguyên âm"
đubwn,1,"chữ Latin ngoài bảng chữ cái tiếng Việt (f, j, w, z)"
ạvsj,1,"chữ Latin ngoài bảng chữ cái tiếng Việt (f, j, w, z)"
djjf,1,"chữ Latin ngoài bảng chữ cái tiếng Việt (f, j, w, z) + không có nguyên âm"
fihbqbqoyctwbe,1,"chữ Latin ngoài bảng chữ cái tiếng Việt (f, j, w, z)"
duýgwbwjshsbs,1,"chữ Latin ngoài bảng chữ cái tiếng Việt (f, j, w, z)"
rcmt,1,không có nguyên âm
itixiyfi5d5uculc6í5uulf4udykco6e4uculftudkyfyi,1,"chữ Latin ngoài bảng chữ cái tiếng Việt (f, j, w, z) + trộn chữ và số"
94k,1,trộn chữ và số + không có nguyên âm
zzzzzzzzzzzzzzzzzzzzzzzzzzzxzzzzzzzzzzzzzzzzzzzzzzzzzzzzzzzzzzzzzzzzzzzzzzzzzzzzzzzzzzzzzzzz,1,"chữ Latin ngoài bảng chữ cái tiếng Việt (f, j, w, z) + không có nguyên âm"
hhhhhhhhhhhhhhkkkkkkk,1,không có nguyên âm
hhhhhhhkkkkkkkkkaaajjsjsbdjdjdb,1,"chữ Latin ngoài bảng chữ cái tiếng Việt (f, j, w, z)"
dhshhhdjsjshhdhđhjdjs,1,"chữ Latin ngoài bảng chữ cái tiếng Việt (f, j, w, z) + không có nguyên âm"
shjsjsjsjsjsjdjsj,1,"chữ Latin ngoài bảng chữ cái tiếng Việt (f, j, w, z) + không có nguyên âm"
nayf,1,"chữ Latin ngoài bảng chữ cái tiếng Việt (f, j, w, z)"
m9,1,trộn chữ và số + không có nguyên âm
giaow,1,"chữ Latin ngoài bảng chữ cái tiếng Việt (f, j, w, z)"
v16,1,trộn chữ và số + không có nguyên âm
h14,1,trộn chữ và số + không có nguyên âm
halloween,1,"chữ Latin ngoài bảng chữ cái tiếng Việt (f, j, w, z)"
bhjjjjhh,1,"chữ Latin ngoài bảng chữ cái tiếng Việt (f, j, w, z) + không có nguyên âm"
ggghjkkk,1,"chữ Latin ngoài bảng chữ cái tiếng Việt (f, j, w, z) + không có nguyên âm"
vhjjjjjkkkjfttyuuiiu,1,"chữ Latin ngoài bảng chữ cái tiếng Việt (f, j, w, z)"
khvhjjjjjjjhhjhjhbbbbbnnnnnnnnmnbbnnnnnnbbvvvvvbbnbb,1,"chữ Latin ngoài bảng chữ cái tiếng Việt (f, j, w, z) + không có nguyên âm"
fjekduiekndhdhdjjdjdjsiudbskowudbdnksi,1,"chữ Latin ngoài bảng chữ cái tiếng Việt (f, j, w, z)"
giksjssgysiwiwjwsvscstsysiaja,1,"chữ Latin ngoài bảng chữ cái tiếng Việt (f, j, w, z)"
vshsjajamsvscsfywikamaba,1,"chữ Latin ngoài bảng chữ cái tiếng Việt (f, j, w, z)"
nnbvvnmbxxxgbb,1,không có nguyên âm
hiiiiiiiiiiiiiuuuuuuuuuuuuuujsjshsjsnxhdhsnsnxhdjsjsjdhdhdjsjsdjdjdjsjdjdjdjsjejdjchjrejwjkeejejekjeeiueurdjjfhfdjjdjddj,1,"chữ Latin ngoài bảng chữ cái tiếng Việt (f, j, w, z)"
hdhej,1,"chữ Latin ngoài bảng chữ cái tiếng Việt (f, j, w, z)"
ưngggggggggggggfffgffgffffffffffffffffffffffggg,1,"chữ Latin ngoài bảng chữ cái tiếng Việt (f, j, w, z)"
hhhhhhhhhhhhhhhhhhhhhh,1,không có nguyên âm
binhf,1,"chữ Latin ngoài bảng chữ cái tiếng Việt (f, j, w, z)"
sjdvsud,1,"chữ Latin ngoài bảng chữ cái tiếng Việt (f, j, w, z)"
sjsvsis,1,"chữ Latin ngoài bảng chữ cái tiếng Việt (f, j, w, z)"
jsvshsvs,1,"chữ Latin ngoài bảng chữ cái tiếng Việt (f, j, w, z) + không có nguyên âm"
sjsbdis,1,"chữ Latin ngoài bảng chữ cái tiếng Việt (f, j, w, z)"
jsbshshs,1,"chữ Latin ngoài bảng chữ cái tiếng Việt (f, j, w, z) + không có nguyên âm"
djdbshs,1,"chữ Latin ngoài bảng chữ cái tiếng Việt (f, j, w, z) + không có nguyên âm"
kaoaoanwwkwkwkkwkwmwnskjsksjsjejejjo,1,"chữ Latin ngoài bảng chữ cái tiếng Việt (f, j, w, z)"
gỏodoidsksnskskskmwkwkwkwkwkwkwkwkw,1,"chữ Latin ngoài bảng chữ cái tiếng Việt (f, j, w, z)"
chathdjdjdjdjbdndbdbdbdbdbdbdbdbdbbdbdbdbdbdbdbdbbdbdbdsa,1,"chữ Latin ngoài bảng chữ cái tiếng Việt (f, j, w, z)"
hjnh,1,"chữ Latin ngoài bảng chữ cái tiếng Việt (f, j, w, z) + không có nguyên âm"
amkxbdjdndndksnsnkwbxjdjbeinx,1,"chữ Latin ngoài bảng chữ cái tiếng Việt (f, j, w, z)"
vgcvvvbbbvbcddxcfvvvvbvrvy,1,"chữ Latin ngoài bảng chữ cái tiếng Việt (f, j, w, z)"
ỳuf,1,"chữ Latin ngoài bảng chữ cái tiếng Việt (f, j, w, z)"
fufy,1,"chữ Latin ngoài bảng chữ cái tiếng Việt (f, j, w, z)"
vhcffctcififu,1,"chữ Latin ngoài bảng chữ cái tiếng Việt (f, j, w, z)"
1em,1,trộn chữ và số
hihhf,1,"chữ Latin ngoài bảng chữ cái tiếng Việt (f, j, w, z)"
nhâjnxu,1,"chữ Latin ngoài bảng chữ cái tiếng Việt (f, j, w, z)"
ckkqgc,1,không có nguyên âm
ahvxbjwtapzbcgejqz,1,"chữ Latin ngoài bảng chữ cái tiếng Việt (f, j, w, z)"
133k,1,trộn chữ và số + không có nguyên âm
tgkf,1,"chữ Latin ngoài bảng chữ cái tiếng Việt (f, j, w, z) + không có nguyên âm"
kwksbsbsbdbdbbdbdbdvdvdvdvdvdvvdvdvdvdbdbdjdjdjdjjdjdjdjdbdbdbdbdbdbdbdbdbbdjdjdbdbsbsbsbsbsbsbbsbwbwbwbsbsbwbdbdbdbd,1,"chữ Latin ngoài bảng chữ cái tiếng Việt (f, j, w, z) + không có nguyên âm"
dhsbskakbsbsjqua,1,"chữ Latin ngoài bảng chữ cái tiếng Việt (f, j, w, z)"
fjfbjdnsksjfbxhfksnsnxzj,1,"chữ Latin ngoài bảng chữ cái tiếng Việt (f, j, w, z) + không có nguyên âm"
11h,1,trộn chữ và số + không có nguyên âm
bkendjis,1,"chữ Latin ngoài bảng chữ cái tiếng Việt (f, j, w, z)"
hieisj,1,"chữ Latin ngoài bảng chữ cái tiếng Việt (f, j, w, z)"
uendj,1,"chữ Latin ngoài bảng chữ cái tiếng Việt (f, j, w, z)"
dhdjjd,1,"chữ Latin ngoài bảng chữ cái tiếng Việt (f, j, w, z) + không có nguyên âm"
habgf,1,"chữ Latin ngoài bảng chữ cái tiếng Việt (f, j, w, z)"
đ3pj,1,"chữ Latin ngoài bảng chữ cái tiếng Việt (f, j, w, z) + trộn chữ và số + không có nguyên âm"
hjknnbvcchjkmnnnnmmnnnnbvvvbmnvcjjnnbvbb,1,"chữ Latin ngoài bảng chữ cái tiếng Việt (f, j, w, z) + không có nguyên âm"
1luc,1,trộn chữ và số
hhhfyv,1,"chữ Latin ngoài bảng chữ cái tiếng Việt (f, j, w, z)"
6vy,1,trộn chữ và số
yvyfyfugigig8h9y,1,"chữ Latin ngoài bảng chữ cái tiếng Việt (f, j, w, z) + trộn chữ và số"
hmmmm,1,không có nguyên âm
djbd,1,"chữ Latin ngoài bảng chữ cái tiếng Việt (f, j, w, z) + không có nguyên âm"
znz,1,"chữ Latin ngoài bảng chữ cái tiếng Việt (f, j, w, z) + không có nguyên âm"
dbsn,1,không có nguyên âm
đns,1,không có nguyên âm
znzbs,1,"chữ Latin ngoài bảng chữ cái tiếng Việt (f, j, w, z) + không có nguyên âm"
znzbz,1,"chữ Latin ngoài bảng chữ cái tiếng Việt (f, j, w, z) + không có nguyên âm"
jejeeneajawbdiriroe,1,"chữ Latin ngoài bảng chữ cái tiếng Việt (f, j, w, z)"
10sao,1,trộn chữ và số
gateway,1,"chữ Latin ngoài bảng chữ cái tiếng Việt (f, j, w, z)"
6km,1,trộn chữ và số + không có nguyên âm
jwksta,1,"chữ Latin ngoài bảng chữ cái tiếng Việt (f, j, w, z)"
gghhjjjjjjjjiiuijuiiuijghjkhujhjjgjjjhvcnnnjjjjjjjjjjjjjjjjjuujjjjjjjjjjhvvghjkkkg,1,"chữ Latin ngoài bảng chữ cái tiếng Việt (f, j, w, z)"
5ghbvff,1,"chữ Latin ngoài bảng chữ cái tiếng Việt (f, j, w, z) + trộn chữ và số + không có nguyên âm"
bdjensjsnznsndndndmh,1,"chữ Latin ngoài bảng chữ cái tiếng Việt (f, j, w, z)"
đepjjjjj,1,"chữ Latin ngoài bảng chữ cái tiếng Việt (f, j, w, z)"
roof,1,"chữ Latin ngoài bảng chữ cái tiếng Việt (f, j, w, z)"
xhjdjskekskskskskksksksksksks,1,"chữ Latin ngoài bảng chữ cái tiếng Việt (f, j, w, z)"
demkencfd,1,"chữ Latin ngoài bảng chữ cái tiếng Việt (f, j, w, z)"
bêjssjsn,1,"chữ Latin ngoài bảng chữ cái tiếng Việt (f, j, w, z)"
kkkkkkkkkkkkmkkkkkkkkkkkk,1,không có nguyên âm
kfhkhdshgoftsoyydjguxh8sgkicyo,1,"chữ Latin ngoài bảng chữ cái tiếng Việt (f, j, w, z) + trộn chữ và số"
thowmn,1,"chữ Latin ngoài bảng chữ cái tiếng Việt (f, j, w, z)"
cxg,1,không có nguyên âm
rồi0,1,trộn chữ và số
nsnd,1,không có nguyên âm
xbxbx,1,không có nguyên âm
xnx,1,không có nguyên âm
dvzj,1,"chữ Latin ngoài bảng chữ cái tiếng Việt (f, j, w, z) + không có nguyên âm"
fvv,1,"chữ Latin ngoài bảng chữ cái tiếng Việt (f, j, w, z) + không có nguyên âm"
đjrv,1,"chữ Latin ngoài bảng chữ cái tiếng Việt (f, j, w, z) + không có nguyên âm"
tkb,1,không có nguyên âm
rbdbb,1,không có nguyên âm
mr,1,không có nguyên âm
v8,1,trộn chữ và số + không có nguyên âm
aaajjjzkskskksksksksnsnsnsnsnnznznznznsnsnsnsnsnsnsnnsnsnsnsnsnsnnsnsnsnsnanannananananananannananananananannananndhsjwklwlwnđbnxlxk,1,"chữ Latin ngoài bảng chữ cái tiếng Việt (f, j, w, z)"
nxns,1,không có nguyên âm
hdhdhdhsh,1,không có nguyên âm
rgshhdhsshshhssh,1,không có nguyên âm
howph,1,"chữ Latin ngoài bảng chữ cái tiếng Việt (f, j, w, z)"
maffick,1,"chữ Latin ngoài bảng chữ cái tiếng Việt (f, j, w, z)"
188k,1,trộn chữ và số + không có nguyên âm
sjhdnsnhsnajsnsbsbbdbdbdbdbdbdbbdbdbdbdbdnndnđffgttttttxcfffgzjjzjsjsd,1,"chữ Latin ngoài bảng chữ cái tiếng Việt (f, j, w, z)"
gvtcc,1,không có nguyên âm
432xtvun9j85c,1,"chữ Latin ngoài bảng chữ cái tiếng Việt (f, j, w, z) + trộn chữ và số"
pn8b6g5f5v7j97g5ff4cybin7hyb8,1,"chữ Latin ngoài bảng chữ cái tiếng Việt (f, j, w, z) + trộn chữ và số"
pv,1,không có nguyên âm
sbksavaja,1,"chữ Latin ngoài bảng chữ cái tiếng Việt (f, j, w, z)"
vahshbsvjavssjsjsvs,1,"chữ Latin ngoài bảng chữ cái tiếng Việt (f, j, w, z)"
zã,1,"chữ Latin ngoài bảng chữ cái tiếng Việt (f, j, w, z)"
jskdjwhabbfnf,1,"chữ Latin ngoài bảng chữ cái tiếng Việt (f, j, w, z)"
fjsjsjcjkẹảbbdbf,1,"chữ Latin ngoài bảng chữ cái tiếng Việt (f, j, w, z)"
iwídhạkckcxjj,1,"chữ Latin ngoài bảng chữ cái tiếng Việt (f, j, w, z)"
jẹdnsbaickfbrbskxk,1,"chữ Latin ngoài bảng chữ cái tiếng Việt (f, j, w, z)"
trươcz,1,"chữ Latin ngoài bảng chữ cái tiếng Việt (f, j, w, z)"
hjjkkkkjn,1,"chữ Latin ngoài bảng chữ cái tiếng Việt (f, j, w, z) + không có nguyên âm"
hsjsjejdvsk,1,"chữ Latin ngoài bảng chữ cái tiếng Việt (f, j, w, z)"
hdisjdjdjbdjssb,1,"chữ Latin ngoài bảng chữ cái tiếng Việt (f, j, w, z)"
jdjsjsjsjsjsj,1,"chữ Latin ngoài bảng chữ cái tiếng Việt (f, j, w, z) + không có nguyên âm"
醒图,1,chữ không phải chữ Latin (ký tự trang trí / tiếng nước ngoài)
nạcnjsjfjsjdhsjjdjdjxbxbbxjxjnmo,1,"chữ Latin ngoài bảng chữ cái tiếng Việt (f, j, w, z)"
zzzzzzxzzzzxxzxzzzzzxzxzzxzzxzzxzxxxcccbhfbnbcfcvbjjgvnnkuffbjjvbvvvvvvvvvvbmllllllllllllllll,1,"chữ Latin ngoài bảng chữ cái tiếng Việt (f, j, w, z)"
moitj,1,"chữ Latin ngoài bảng chữ cái tiếng Việt (f, j, w, z)"
vhjkhjnvcbtvjboyrufigxtph,1,"chữ Latin ngoài bảng chữ cái tiếng Việt (f, j, w, z)"
fvj,1,"chữ Latin ngoài bảng chữ cái tiếng Việt (f, j, w, z) + không có nguyên âm"
fxtxtjxooov,1,"chữ Latin ngoài bảng chữ cái tiếng Việt (f, j, w, z)"
fjijnnnnnmnnnmmmmmmmsszxx,1,"chữ Latin ngoài bảng chữ cái tiếng Việt (f, j, w, z)"
chn,1,không có nguyên âm
hggksmsnsnsnsnsnsnsnzmlaijsbsmskksksksnsmsmsmsmsms,1,"chữ Latin ngoài bảng chữ cái tiếng Việt (f, j, w, z)"
gjajnsbsjajsbzjls,1,"chữ Latin ngoài bảng chữ cái tiếng Việt (f, j, w, z)"
ggfbjjji,1,"chữ Latin ngoài bảng chữ cái tiếng Việt (f, j, w, z)"
ghjjjjkfd,1,"chữ Latin ngoài bảng chữ cái tiếng Việt (f, j, w, z) + không có nguyên âm"
hown,1,"chữ Latin ngoài bảng chữ cái tiếng Việt (f, j, w, z)"
hhiisbkqbdhwbdoqdvjqbdhdkwbdhdwkkwndj,1,"chữ Latin ngoài bảng chữ cái tiếng Việt (f, j, w, z)"
kddkkdkdksdkkskksksms,1,không có nguyên âm
oklabxjsbd,1,"chữ Latin ngoài bảng chữ cái tiếng Việt (f, j, w, z)"
sjen,1,"chữ Latin ngoài bảng chữ cái tiếng Việt (f, j, w, z)"
xhwjxjsvxhznwbskzbdjksbx,1,"chữ Latin ngoài bảng chữ cái tiếng Việt (f, j, w, z) + không có nguyên âm"
akdjdjjdjdjdjdndkdksksjajjaajkaksmdndndndndndndndndmdnd,1,"chữ Latin ngoài bảng chữ cái tiếng Việt (f, j, w, z)"
dubgf,1,"chữ Latin ngoài bảng chữ cái tiếng Việt (f, j, w, z)"
jxbxbn,1,"chữ Latin ngoài bảng chữ cái tiếng Việt (f, j, w, z) + không có nguyên âm"
vơfi,1,"chữ Latin ngoài bảng chữ cái tiếng Việt (f, j, w, z)"
fighter,1,"chữ Latin ngoài bảng chữ cái tiếng Việt (f, j, w, z)"
26oc,1,trộn chữ và số
dreamworld,1,"chữ Latin ngoài bảng chữ cái tiếng Việt (f, j, w, z)"
bsbshssbdbdbxbbxhdudjdnsnsvsgxsnsbdbbdbxndn,1,"chữ Latin ngoài bảng chữ cái tiếng Việt (f, j, w, z)"
iiisjsbsjsnsjsnsnsnssnsnnssnsnsnnssnsnsn,1,"chữ Latin ngoài bảng chữ cái tiếng Việt (f, j, w, z)"
jgchdfdd,1,"chữ Latin ngoài bảng chữ cái tiếng Việt (f, j, w, z) + không có nguyên âm"
kkkkkkkkkkkkkkkkkkkkkkkkkkkkkkkkkkkkkkkkk,1,không có nguyên âm
13minh,1,trộn chữ và số
nskjxkelneoqlsbrbkkjjjsnebdbfjalambd,1,"chữ Latin ngoài bảng chữ cái tiếng Việt (f, j, w, z)"
fjc,1,"chữ Latin ngoài bảng chữ cái tiếng Việt (f, j, w, z) + không có nguyên âm"
dbkasvdbdjdjxndjsudhnakksjwebyoeoqpwlbtyyfbaozobxf,1,"chữ Latin ngoài bảng chữ cái tiếng Việt (f, j, w, z)"
hzoanwdbdhchnsbwdhucuwiqkbrhqioaamnxxn,1,"chữ Latin ngoài bảng chữ cái tiếng Việt (f, j, w, z)"
3nói,1,trộn chữ và số
nsksjchainsosjsksjskdjosndosnsksnksnznsksnsnjsnsksjsnsknsjsks,1,"chữ Latin ngoài bảng chữ cái tiếng Việt (f, j, w, z)"
zề,1,"chữ Latin ngoài bảng chữ cái tiếng Việt (f, j, w, z)"
dủctfvyvyvyctxtctyvhuuhvyvytcrxrxtdftyvvy,1,"chữ Latin ngoài bảng chữ cái tiếng Việt (f, j, w, z)"
ndjdndnndjdjdjndndjdjsnsnndndndnsndjdndndndndnndndhxjdnxhg,1,"chữ Latin ngoài bảng chữ cái tiếng Việt (f, j, w, z) + không có nguyên âm"
hdxn,1,không có nguyên âm
hhhhhhhhhhhhhhhhhhhhhhhjjhhhhhhhhhhhhhhhhhhhhhyhhhhhhhhhhhhhhhhhhhhhhhhhhhhhhhjhhh,1,"chữ Latin ngoài bảng chữ cái tiếng Việt (f, j, w, z)"
djjwnakfh,1,"chữ Latin ngoài bảng chữ cái tiếng Việt (f, j, w, z)"
dmjshd,1,"chữ Latin ngoài bảng chữ cái tiếng Việt (f, j, w, z) + không có nguyên âm"
xụdkkndbdjjdbdhdjdndbhdjdndbbdbf,1,"chữ Latin ngoài bảng chữ cái tiếng Việt (f, j, w, z)"
mbusjs,1,"chữ Latin ngoài bảng chữ cái tiếng Việt (f, j, w, z)"
t7,1,trộn chữ và số + không có nguyên âm
đghhghgofhjgghjdgjdhcjgcsk,1,"chữ Latin ngoài bảng chữ cái tiếng Việt (f, j, w, z)"
thuw,1,"chữ Latin ngoài bảng chữ cái tiếng Việt (f, j, w, z)"
pm,1,không có nguyên âm
sjshjsjansisbshsbsjsbshhsbsbshehshsbshsbsbs,1,"chữ Latin ngoài bảng chữ cái tiếng Việt (f, j, w, z)"
dzui,1,"chữ Latin ngoài bảng chữ cái tiếng Việt (f, j, w, z)"
akhssjabshjsjsisjndjxhsiejd,1,"chữ Latin ngoài bảng chữ cái tiếng Việt (f, j, w, z)"
gmm,1,không có nguyên âm
8k,1,trộn chữ và số + không có nguyên âm
dch,1,không có nguyên âm
hdjhsjsjsjdjdjjdjdjdjdjd,1,"chữ Latin ngoài bảng chữ cái tiếng Việt (f, j, w, z) + không có nguyên âm"
hanyf,1,"chữ Latin ngoài bảng chữ cái tiếng Việt (f, j, w, z)"
bdnsjssjksiwiwikwkwkwkwkowowiwkkwkwjwjwkwkwiwiiwiwiwkwjw,1,"chữ Latin ngoài bảng chữ cái tiếng Việt (f, j, w, z)"
