review,aspect,gold,pred
1,stayingpower,,không đọc được
2,stayingpower,,không đọc được
3,stayingpower,,positive
4,stayingpower,,không đọc được
5,stayingpower,,không đọc được
7,stayingpower,,không đọc được
8,stayingpower,positive,không đọc được
10,stayingpower,,không đọc được
12,stayingpower,,không đọc được
13,stayingpower,positive,không đọc được
14,stayingpower,,không đọc được
15,stayingpower,,positive
17,stayingpower,,không đọc được
19,stayingpower,,không đọc được
21,stayingpower,,không đọc được
23,stayingpower,,positive
24,stayingpower,,không đọc được
25,stayingpower,,không đọc được
27,stayingpower,,không đọc được
28,stayingpower,,positive
31,stayingpower,,không đọc được
35,stayingpower,,không đọc được
36,stayingpower,,không đọc được
37,stayingpower,,không đọc được
38,stayingpower,,không đọc được
40,stayingpower,,không đọc được
41,stayingpower,positive,không đọc được
45,stayingpower,,không đọc được
48,stayingpower,,không đọc được
49,stayingpower,,không đọc được
50,stayingpower,,không đọc được
51,stayingpower,,không đọc được
52,stayingpower,negative,không đọc được
55,stayingpower,,không đọc được
56,stayingpower,,không đọc được
58,stayingpower,,không đọc được
60,stayingpower,,positive
61,stayingpower,negative,không đọc được
62,stayingpower,,không đọc được
64,stayingpower,,không đọc được
66,stayingpower,negative,không đọc được
67,stayingpower,,không đọc được
70,stayingpower,,không đọc được
71,stayingpower,,không đọc được
76,stayingpower,,không đọc được
79,stayingpower,negative,không đọc được
80,stayingpower,,positive
85,stayingpower,,không đọc được
86,stayingpower,,positive
87,stayingpower,positive,không đọc được
88,stayingpower,negative,
89,stayingpower,positive,không đọc được
90,stayingpower,,không đọc được
91,stayingpower,,không đọc được
92,stayingpower,,positive
95,stayingpower,,không đọc được
97,stayingpower,,positive
98,stayingpower,,không đọc được
99,stayingpower,positive,không đọc được
100,stayingpower,,không đọc được
101,stayingpower,positive,
102,stayingpower,,positive
103,stayingpower,,không đọc được
104,stayingpower,,không đọc được
106,stayingpower,,không đọc được
107,stayingpower,,không đọc được
110,stayingpower,,không đọc được
112,stayingpower,,không đọc được
113,stayingpower,,không đọc được
115,stayingpower,,không đọc được
116,stayingpower,,không đọc được
117,stayingpower,,không đọc được
118,stayingpower,,không đọc được
119,stayingpower,,không đọc được
120,stayingpower,,không đọc được
122,stayingpower,,không đọc được
123,stayingpower,,không đọc được
124,stayingpower,,không đọc được
128,stayingpower,,không đọc được
130,stayingpower,,không đọc được
132,stayingpower,negative,không đọc được
136,stayingpower,,không đọc được
137,stayingpower,,không đọc được
138,stayingpower,,positive
139,stayingpower,positive,không đọc được
141,stayingpower,,không đọc được
142,stayingpower,,không đọc được
143,stayingpower,positive,không đọc được
146,stayingpower,,không đọc được
147,stayingpower,,không đọc được
148,stayingpower,,không đọc được
149,stayingpower,,không đọc được
151,stayingpower,positive,không đọc được
152,stayingpower,,không đọc được
153,stayingpower,,không đọc được
154,stayingpower,,positive
155,stayingpower,positive,không đọc được
157,stayingpower,negative,không đọc được
158,stayingpower,,không đọc được
161,stayingpower,,không đọc được
163,stayingpower,,không đọc được
165,stayingpower,,không đọc được
166,stayingpower,,không đọc được
167,stayingpower,,không đọc được
168,stayingpower,,không đọc được
169,stayingpower,,positive
170,stayingpower,,positive
171,stayingpower,,không đọc được
175,stayingpower,positive,không đọc được
176,stayingpower,,không đọc được
179,stayingpower,negative,
180,stayingpower,,không đọc được
181,stayingpower,,không đọc được
183,stayingpower,positive,
184,stayingpower,,không đọc được
188,stayingpower,,không đọc được
189,stayingpower,positive,không đọc được
191,stayingpower,,không đọc được
196,stayingpower,,không đọc được
197,stayingpower,,không đọc được
198,stayingpower,positive,không đọc được
199,stayingpower,,không đọc được
201,stayingpower,positive,không đọc được
203,stayingpower,,không đọc được
204,stayingpower,,không đọc được
206,stayingpower,,không đọc được
210,stayingpower,,không đọc được
211,stayingpower,positive,không đọc được
212,stayingpower,positive,không đọc được
213,stayingpower,,không đọc được
214,stayingpower,,không đọc được
215,stayingpower,negative,
216,stayingpower,,positive
217,stayingpower,,không đọc được
219,stayingpower,,không đọc được
220,stayingpower,,không đọc được
221,stayingpower,,không đọc được
223,stayingpower,positive,không đọc được
224,stayingpower,,không đọc được
225,stayingpower,,không đọc được
226,stayingpower,,không đọc được
228,stayingpower,,positive
229,stayingpower,,không đọc được
231,stayingpower,,không đọc được
234,stayingpower,positive,không đọc được
237,stayingpower,,không đọc được
242,stayingpower,,không đọc được
243,stayingpower,,không đọc được
244,stayingpower,,không đọc được
246,stayingpower,,không đọc được
247,stayingpower,,positive
248,stayingpower,,không đọc được
250,stayingpower,,không đọc được
251,stayingpower,positive,không đọc được
253,stayingpower,,không đọc được
254,stayingpower,,không đọc được
255,stayingpower,,không đọc được
258,stayingpower,,không đọc được
259,stayingpower,,không đọc được
261,stayingpower,,không đọc được
262,stayingpower,,không đọc được
263,stayingpower,,positive
264,stayingpower,,không đọc được
265,stayingpower,,không đọc được
266,stayingpower,,không đọc được
268,stayingpower,,positive
269,stayingpower,,không đọc được
270,stayingpower,,không đọc được
271,stayingpower,,không đọc được
272,stayingpower,,không đọc được
273,stayingpower,,positive
274,stayingpower,positive,không đọc được
276,stayingpower,,không đọc được
278,stayingpower,,positive
280,stayingpower,,không đọc được
281,stayingpower,,không đọc được
285,stayingpower,,không đọc được
286,stayingpower,,không đọc được
290,stayingpower,,không đọc được
291,stayingpower,positive,không đọc được
292,stayingpower,,không đọc được
293,stayingpower,negative,positive
294,stayingpower,,không đọc được
295,stayingpower,,positive
296,stayingpower,,không đọc được
297,stayingpower,,không đọc được
298,stayingpower,,không đọc được
299,stayingpower,,không đọc được
301,stayingpower,,không đọc được
302,stayingpower,positive,không đọc được
303,stayingpower,negative,không đọc được
304,stayingpower,negative,không đọc được
305,stayingpower,,không đọc được
306,stayingpower,,positive
307,stayingpower,,không đọc được
309,stayingpower,,không đọc được
310,stayingpower,negative,không đọc được
311,stayingpower,positive,không đọc được
312,stayingpower,,không đọc được
315,stayingpower,,không đọc được
317,stayingpower,,không đọc được
318,stayingpower,,không đọc được
319,stayingpower,,không đọc được
320,stayingpower,,không đọc được
321,stayingpower,,không đọc được
322,stayingpower,,không đọc được
323,stayingpower,,không đọc được
325,stayingpower,,không đọc được
327,stayingpower,,không đọc được
328,stayingpower,negative,không đọc được
329,stayingpower,,không đọc được
330,stayingpower,positive,không đọc được
331,stayingpower,,không đọc được
334,stayingpower,negative,
335,stayingpower,,không đọc được
336,stayingpower,,không đọc được
337,stayingpower,,không đọc được
339,stayingpower,,positive
341,stayingpower,,không đọc được
342,stayingpower,,không đọc được
343,stayingpower,,không đọc được
344,stayingpower,,không đọc được
345,stayingpower,,không đọc được
347,stayingpower,,positive
350,stayingpower,,positive
351,stayingpower,positive,không đọc được
357,stayingpower,,không đọc được
359,stayingpower,,không đọc được
361,stayingpower,,không đọc được
362,stayingpower,positive,không đọc được
364,stayingpower,,không đọc được
367,stayingpower,,không đọc được
368,stayingpower,positive,không đọc được
369,stayingpower,,không đọc được
370,stayingpower,negative,không đọc được
371,stayingpower,,không đọc được
372,stayingpower,,positive
373,stayingpower,,positive
374,stayingpower,,không đọc được
375,stayingpower,,không đọc được
376,stayingpower,positive,không đọc được
377,stayingpower,,không đọc được
378,stayingpower,negative,
380,stayingpower,,không đọc được
382,stayingpower,,không đọc được
385,stayingpower,,không đọc được
387,stayingpower,negative,không đọc được
388,stayingpower,,không đọc được
389,stayingpower,,không đọc được
391,stayingpower,,không đọc được
392,stayingpower,negative,không đọc được
393,stayingpower,positive,không đọc được
395,stayingpower,,không đọc được
396,stayingpower,positive,không đọc được
397,stayingpower,,không đọc được
398,stayingpower,,positive
399,stayingpower,,không đọc được
400,stayingpower,,không đọc được
401,stayingpower,positive,không đọc được
403,stayingpower,,không đọc được
404,stayingpower,positive,
406,stayingpower,negative,không đọc được
407,stayingpower,,positive
408,stayingpower,,không đọc được
410,stayingpower,,không đọc được
411,stayingpower,,không đọc được
414,stayingpower,,positive
417,stayingpower,,không đọc được
419,stayingpower,,không đọc được
421,stayingpower,,không đọc được
425,stayingpower,,không đọc được
426,stayingpower,,không đọc được
428,stayingpower,,không đọc được
429,stayingpower,,không đọc được
430,stayingpower,,không đọc được
431,stayingpower,,không đọc được
432,stayingpower,,không đọc được
433,stayingpower,,không đọc được
435,stayingpower,,không đọc được
436,stayingpower,,không đọc được
438,stayingpower,,không đọc được
439,stayingpower,positive,không đọc được
440,stayingpower,,không đọc được
441,stayingpower,negative,không đọc được
442,stayingpower,,không đọc được
443,stayingpower,positive,không đọc được
445,stayingpower,negative,không đọc được
448,stayingpower,,không đọc được
449,stayingpower,positive,
450,stayingpower,negative,
451,stayingpower,,không đọc được
453,stayingpower,,không đọc được
455,stayingpower,,không đọc được
458,stayingpower,negative,không đọc được
460,stayingpower,,không đọc được
461,stayingpower,,không đọc được
462,stayingpower,,không đọc được
464,stayingpower,positive,không đọc được
465,stayingpower,,positive
466,stayingpower,,không đọc được
468,stayingpower,,positive
469,stayingpower,,không đọc được
470,stayingpower,,positive
471,stayingpower,,không đọc được
472,stayingpower,positive,không đọc được
474,stayingpower,,không đọc được
475,stayingpower,,positive
477,stayingpower,,không đọc được
479,stayingpower,,không đọc được
482,stayingpower,,positive
484,stayingpower,positive,
486,stayingpower,negative,không đọc được
487,stayingpower,,không đọc được
489,stayingpower,positive,không đọc được
490,stayingpower,,không đọc được
491,stayingpower,,không đọc được
494,stayingpower,,không đọc được
495,stayingpower,,không đọc được
497,stayingpower,,không đọc được
498,stayingpower,,không đọc được
499,stayingpower,negative,không đọc được
502,stayingpower,,không đọc được
503,stayingpower,negative,không đọc được
504,stayingpower,,không đọc được
505,stayingpower,,không đọc được
506,stayingpower,,không đọc được
507,stayingpower,,không đọc được
509,stayingpower,positive,không đọc được
510,stayingpower,,không đọc được
511,stayingpower,,không đọc được
512,stayingpower,negative,không đọc được
513,stayingpower,,không đọc được
514,stayingpower,negative,không đọc được
516,stayingpower,,không đọc được
517,stayingpower,,không đọc được
519,stayingpower,,không đọc được
521,stayingpower,,không đọc được
522,stayingpower,,positive
523,stayingpower,,không đọc được
524,stayingpower,,không đọc được
526,stayingpower,,không đọc được
527,stayingpower,positive,không đọc được
528,stayingpower,,không đọc được
530,stayingpower,,không đọc được
531,stayingpower,,không đọc được
532,stayingpower,,không đọc được
534,stayingpower,,không đọc được
536,stayingpower,,positive
537,stayingpower,,không đọc được
538,stayingpower,,không đọc được
539,stayingpower,,không đọc được
540,stayingpower,negative,không đọc được
541,stayingpower,,không đọc được
542,stayingpower,negative,không đọc được
545,stayingpower,,không đọc được
547,stayingpower,,không đọc được
548,stayingpower,,không đọc được
549,stayingpower,,positive
550,stayingpower,positive,không đọc được
551,stayingpower,,không đọc được
552,stayingpower,,không đọc được
556,stayingpower,,không đọc được
559,stayingpower,negative,không đọc được
560,stayingpower,,không đọc được
562,stayingpower,,không đọc được
563,stayingpower,,không đọc được
567,stayingpower,,không đọc được
571,stayingpower,,không đọc được
572,stayingpower,,không đọc được
574,stayingpower,,không đọc được
576,stayingpower,,không đọc được
577,stayingpower,,không đọc được
578,stayingpower,,positive
580,stayingpower,,không đọc được
581,stayingpower,,không đọc được
582,stayingpower,,không đọc được
583,stayingpower,,không đọc được
585,stayingpower,,không đọc được
587,stayingpower,,không đọc được
588,stayingpower,,không đọc được
591,stayingpower,,không đọc được
593,stayingpower,positive,
594,stayingpower,,không đọc được
595,stayingpower,,không đọc được
596,stayingpower,,positive
599,stayingpower,positive,không đọc được
600,stayingpower,,không đọc được
601,stayingpower,,không đọc được
603,stayingpower,,không đọc được
607,stayingpower,,không đọc được
608,stayingpower,positive,không đọc được
609,stayingpower,negative,không đọc được
610,stayingpower,,không đọc được
611,stayingpower,,không đọc được
613,stayingpower,negative,
615,stayingpower,,không đọc được
616,stayingpower,negative,không đọc được
617,stayingpower,,không đọc được
618,stayingpower,,không đọc được
619,stayingpower,negative,không đọc được
621,stayingpower,,positive
623,stayingpower,,không đọc được
624,stayingpower,,không đọc được
625,stayingpower,,không đọc được
626,stayingpower,positive,
628,stayingpower,,không đọc được
630,stayingpower,,không đọc được
631,stayingpower,,không đọc được
632,stayingpower,positive,không đọc được
633,stayingpower,,không đọc được
635,stayingpower,negative,
636,stayingpower,,không đọc được
637,stayingpower,positive,
638,stayingpower,,không đọc được
639,stayingpower,,không đọc được
640,stayingpower,positive,
641,stayingpower,,positive
642,stayingpower,positive,không đọc được
645,stayingpower,,không đọc được
646,stayingpower,positive,không đọc được
647,stayingpower,,không đọc được
649,stayingpower,,positive
650,stayingpower,,không đọc được
651,stayingpower,,không đọc được
652,stayingpower,positive,không đọc được
654,stayingpower,,không đọc được
655,stayingpower,,không đọc được
656,stayingpower,,không đọc được
658,stayingpower,,không đọc được
659,stayingpower,positive,không đọc được
660,stayingpower,negative,
663,stayingpower,negative,
664,stayingpower,,không đọc được
665,stayingpower,,không đọc được
666,stayingpower,,không đọc được
667,stayingpower,,không đọc được
671,stayingpower,,positive
672,stayingpower,,positive
676,stayingpower,,không đọc được
679,stayingpower,,không đọc được
680,stayingpower,,positive
681,stayingpower,,không đọc được
682,stayingpower,,không đọc được
683,stayingpower,,positive
684,stayingpower,,không đọc được
689,stayingpower,,không đọc được
692,stayingpower,,không đọc được
693,stayingpower,negative,không đọc được
695,stayingpower,,không đọc được
697,stayingpower,,không đọc được
698,stayingpower,,không đọc được
701,stayingpower,,không đọc được
702,stayingpower,,không đọc được
703,stayingpower,,không đọc được
704,stayingpower,,không đọc được
705,stayingpower,,không đọc được
706,stayingpower,negative,
708,stayingpower,positive,không đọc được
709,stayingpower,,không đọc được
710,stayingpower,,không đọc được
711,stayingpower,positive,không đọc được
714,stayingpower,,không đọc được
715,stayingpower,,không đọc được
716,stayingpower,,không đọc được
717,stayingpower,,không đọc được
718,stayingpower,,không đọc được
720,stayingpower,,không đọc được
722,stayingpower,,không đọc được
723,stayingpower,,không đọc được
724,stayingpower,,không đọc được
725,stayingpower,,không đọc được
727,stayingpower,,không đọc được
728,stayingpower,,không đọc được
729,stayingpower,,không đọc được
731,stayingpower,,không đọc được
732,stayingpower,negative,
733,stayingpower,,không đọc được
734,stayingpower,negative,
735,stayingpower,,positive
736,stayingpower,,không đọc được
738,stayingpower,,không đọc được
740,stayingpower,,không đọc được
741,stayingpower,,positive
742,stayingpower,,không đọc được
743,stayingpower,positive,không đọc được
746,stayingpower,,positive
747,stayingpower,,không đọc được
748,stayingpower,,không đọc được
749,stayingpower,,không đọc được
750,stayingpower,,positive
754,stayingpower,,positive
757,stayingpower,,không đọc được
758,stayingpower,,không đọc được
759,stayingpower,,không đọc được
763,stayingpower,,không đọc được
766,stayingpower,positive,không đọc được
767,stayingpower,positive,không đọc được
768,stayingpower,,positive
769,stayingpower,,không đọc được
771,stayingpower,,không đọc được
772,stayingpower,positive,không đọc được
778,stayingpower,,không đọc được
780,stayingpower,positive,không đọc được
782,stayingpower,,không đọc được
785,stayingpower,,không đọc được
786,stayingpower,,positive
790,stayingpower,,không đọc được
791,stayingpower,,positive
793,stayingpower,,không đọc được
794,stayingpower,,positive
796,stayingpower,,không đọc được
797,stayingpower,,không đọc được
799,stayingpower,,không đọc được
800,stayingpower,positive,không đọc được
802,stayingpower,,positive
805,stayingpower,positive,không đọc được
806,stayingpower,positive,không đọc được
807,stayingpower,negative,
808,stayingpower,,không đọc được
809,stayingpower,,không đọc được
811,stayingpower,negative,không đọc được
814,stayingpower,negative,không đọc được
816,stayingpower,,không đọc được
819,stayingpower,,không đọc được
822,stayingpower,,không đọc được
824,stayingpower,,không đọc được
825,stayingpower,,không đọc được
826,stayingpower,,không đọc được
827,stayingpower,positive,
828,stayingpower,,không đọc được
829,stayingpower,positive,không đọc được
830,stayingpower,,không đọc được
831,stayingpower,negative,không đọc được
832,stayingpower,,không đọc được
834,stayingpower,,không đọc được
835,stayingpower,negative,không đọc được
836,stayingpower,positive,không đọc được
837,stayingpower,,positive
838,stayingpower,positive,
839,stayingpower,negative,
841,stayingpower,,không đọc được
843,stayingpower,,không đọc được
844,stayingpower,,positive
846,stayingpower,,không đọc được
847,stayingpower,positive,không đọc được
848,stayingpower,,không đọc được
849,stayingpower,negative,không đọc được
850,stayingpower,,không đọc được
851,stayingpower,,không đọc được
852,stayingpower,,không đọc được
854,stayingpower,,positive
855,stayingpower,positive,không đọc được
856,stayingpower,positive,không đọc được
858,stayingpower,,không đọc được
859,stayingpower,,không đọc được
860,stayingpower,,không đọc được
862,stayingpower,,không đọc được
863,stayingpower,negative,không đọc được
864,stayingpower,positive,
865,stayingpower,,không đọc được
866,stayingpower,,positive
867,stayingpower,positive,không đọc được
868,stayingpower,negative,không đọc được
870,stayingpower,negative,
872,stayingpower,,không đọc được
873,stayingpower,,không đọc được
874,stayingpower,,không đọc được
875,stayingpower,,không đọc được
876,stayingpower,,không đọc được
877,stayingpower,,không đọc được
878,stayingpower,,không đọc được
880,stayingpower,,không đọc được
881,stayingpower,,không đọc được
882,stayingpower,positive,
885,stayingpower,,không đọc được
886,stayingpower,,không đọc được
887,stayingpower,,không đọc được
888,stayingpower,,không đọc được
889,stayingpower,,không đọc được
890,stayingpower,,không đọc được
891,stayingpower,negative,không đọc được
894,stayingpower,positive,không đọc được
896,stayingpower,,không đọc được
898,stayingpower,,không đọc được
899,stayingpower,negative,không đọc được
900,stayingpower,positive,không đọc được
903,stayingpower,positive,không đọc được
904,stayingpower,,không đọc được
905,stayingpower,,không đọc được
906,stayingpower,positive,
907,stayingpower,negative,không đọc được
908,stayingpower,,positive
909,stayingpower,positive,không đọc được
910,stayingpower,,positive
911,stayingpower,,không đọc được
912,stayingpower,,không đọc được
913,stayingpower,negative,không đọc được
915,stayingpower,,không đọc được
916,stayingpower,,không đọc được
918,stayingpower,,không đọc được
919,stayingpower,,không đọc được
921,stayingpower,,không đọc được
922,stayingpower,,không đọc được
924,stayingpower,,không đọc được
925,stayingpower,positive,không đọc được
928,stayingpower,positive,không đọc được
929,stayingpower,,không đọc được
930,stayingpower,,không đọc được
932,stayingpower,positive,không đọc được
933,stayingpower,,positive
935,stayingpower,positive,không đọc được
936,stayingpower,,không đọc được
940,stayingpower,,không đọc được
941,stayingpower,negative,không đọc được
942,stayingpower,,không đọc được
945,stayingpower,positive,không đọc được
948,stayingpower,,positive
949,stayingpower,,không đọc được
950,stayingpower,,không đọc được
951,stayingpower,,không đọc được
952,stayingpower,,không đọc được
954,stayingpower,,không đọc được
960,stayingpower,,không đọc được
961,stayingpower,negative,
962,stayingpower,,không đọc được
963,stayingpower,,không đọc được
965,stayingpower,negative,không đọc được
966,stayingpower,,không đọc được
967,stayingpower,positive,không đọc được
968,stayingpower,,không đọc được
972,stayingpower,positive,không đọc được
973,stayingpower,,không đọc được
974,stayingpower,,không đọc được
975,stayingpower,,không đọc được
976,stayingpower,negative,
977,stayingpower,,không đọc được
979,stayingpower,,không đọc được
980,stayingpower,,không đọc được
981,stayingpower,,không đọc được
982,stayingpower,,positive
983,stayingpower,,không đọc được
984,stayingpower,,không đọc được
985,stayingpower,,không đọc được
987,stayingpower,,không đọc được
988,stayingpower,positive,không đọc được
989,stayingpower,negative,
991,stayingpower,,không đọc được
993,stayingpower,positive,không đọc được
997,stayingpower,,positive
998,stayingpower,negative,không đọc được
1000,stayingpower,negative,không đọc được
1001,stayingpower,,không đọc được
1002,stayingpower,,positive
1003,stayingpower,,không đọc được
1005,stayingpower,,không đọc được
1006,stayingpower,positive,không đọc được
1007,stayingpower,,không đọc được
1008,stayingpower,,không đọc được
1009,stayingpower,,không đọc được
1011,stayingpower,,không đọc được
1012,stayingpower,,không đọc được
1013,stayingpower,,positive
1015,stayingpower,,không đọc được
1016,stayingpower,,không đọc được
1018,stayingpower,,không đọc được
1019,stayingpower,,không đọc được
1020,stayingpower,,không đọc được
1021,stayingpower,,không đọc được
1023,stayingpower,,không đọc được
1025,stayingpower,,không đọc được
1026,stayingpower,positive,
1027,stayingpower,negative,không đọc được
1029,stayingpower,positive,không đọc được
1030,stayingpower,,không đọc được
1032,stayingpower,positive,không đọc được
1033,stayingpower,,không đọc được
1035,stayingpower,,không đọc được
1037,stayingpower,,không đọc được
1038,stayingpower,positive,không đọc được
1040,stayingpower,,positive
1041,stayingpower,,không đọc được
1042,stayingpower,positive,không đọc được
1043,stayingpower,,không đọc được
1044,stayingpower,,không đọc được
1045,stayingpower,,không đọc được
1047,stayingpower,,không đọc được
1048,stayingpower,,không đọc được
1050,stayingpower,,không đọc được
1052,stayingpower,,không đọc được
1054,stayingpower,,không đọc được
1055,stayingpower,,negative
1059,stayingpower,,không đọc được
1061,stayingpower,,không đọc được
1062,stayingpower,positive,không đọc được
1063,stayingpower,,không đọc được
1064,stayingpower,,không đọc được
1066,stayingpower,,không đọc được
1068,stayingpower,,không đọc được
1069,stayingpower,,không đọc được
1070,stayingpower,,positive
1071,stayingpower,,không đọc được
1072,stayingpower,,positive
1073,stayingpower,,không đọc được
1076,stayingpower,positive,không đọc được
1077,stayingpower,,không đọc được
1079,stayingpower,,không đọc được
1083,stayingpower,,không đọc được
1084,stayingpower,,không đọc được
1085,stayingpower,,không đọc được
1086,stayingpower,,không đọc được
1087,stayingpower,,không đọc được
1089,stayingpower,,không đọc được
1090,stayingpower,,không đọc được
1093,stayingpower,,không đọc được
1094,stayingpower,positive,không đọc được
1095,stayingpower,,không đọc được
1096,stayingpower,,không đọc được
1098,stayingpower,,không đọc được
1099,stayingpower,,không đọc được
1100,stayingpower,,không đọc được
1101,stayingpower,positive,không đọc được
1103,stayingpower,,không đọc được
1104,stayingpower,,positive
1105,stayingpower,,không đọc được
1106,stayingpower,,không đọc được
1109,stayingpower,,không đọc được
1110,stayingpower,negative,không đọc được
1111,stayingpower,negative,không đọc được
1112,stayingpower,,positive
1113,stayingpower,,không đọc được
1114,stayingpower,,không đọc được
1115,stayingpower,,không đọc được
1120,stayingpower,,không đọc được
1121,stayingpower,,không đọc được
1122,stayingpower,,không đọc được
1123,stayingpower,negative,
1124,stayingpower,,không đọc được
1125,stayingpower,positive,không đọc được
1126,stayingpower,,không đọc được
1127,stayingpower,,positive
1128,stayingpower,,không đọc được
1129,stayingpower,,positive
1132,stayingpower,,không đọc được
1133,stayingpower,,positive
1134,stayingpower,,không đọc được
1136,stayingpower,,không đọc được
1137,stayingpower,,không đọc được
1140,stayingpower,,không đọc được
1142,stayingpower,,positive
1143,stayingpower,,không đọc được
1145,stayingpower,,không đọc được
1146,stayingpower,,không đọc được
1147,stayingpower,,positive
1148,stayingpower,,positive
1150,stayingpower,,không đọc được
1152,stayingpower,,không đọc được
1153,stayingpower,,không đọc được
1154,stayingpower,,positive
1156,stayingpower,negative,không đọc được
1157,stayingpower,positive,không đọc được
1158,stayingpower,,không đọc được
1161,stayingpower,positive,không đọc được
1163,stayingpower,,không đọc được
1164,stayingpower,,positive
1166,stayingpower,,không đọc được
1167,stayingpower,,không đọc được
1168,stayingpower,,không đọc được
1169,stayingpower,,không đọc được
1170,stayingpower,,không đọc được
1171,stayingpower,positive,
1173,stayingpower,,không đọc được
1174,stayingpower,positive,không đọc được
1175,stayingpower,,không đọc được
1177,stayingpower,,không đọc được
1179,stayingpower,,không đọc được
1180,stayingpower,negative,positive
1181,stayingpower,,không đọc được
1182,stayingpower,,không đọc được
1186,stayingpower,,không đọc được
1187,stayingpower,,positive
1188,stayingpower,negative,không đọc được
1189,stayingpower,,không đọc được
1190,stayingpower,negative,không đọc được
1191,stayingpower,,không đọc được
1193,stayingpower,negative,không đọc được
1194,stayingpower,,không đọc được
1195,stayingpower,,không đọc được
1196,stayingpower,,không đọc được
1197,stayingpower,,không đọc được
1198,stayingpower,,không đọc được
1199,stayingpower,positive,không đọc được
1201,stayingpower,,không đọc được
1203,stayingpower,,không đọc được
1205,stayingpower,,không đọc được
1208,stayingpower,,không đọc được
1209,stayingpower,,không đọc được
1210,stayingpower,,không đọc được
1211,stayingpower,,không đọc được
1212,stayingpower,,không đọc được
1214,stayingpower,,không đọc được
1215,stayingpower,,không đọc được
1218,stayingpower,,positive
1220,stayingpower,,không đọc được
1223,stayingpower,,không đọc được
1225,stayingpower,,không đọc được
1226,stayingpower,,không đọc được
1227,stayingpower,negative,không đọc được
1229,stayingpower,,positive
1231,stayingpower,,không đọc được
1232,stayingpower,,không đọc được
1233,stayingpower,,không đọc được
1234,stayingpower,,không đọc được
1235,stayingpower,,không đọc được
1238,stayingpower,,không đọc được
1240,stayingpower,,không đọc được
1242,stayingpower,,positive
1244,stayingpower,negative,
1246,stayingpower,,không đọc được
1247,stayingpower,,không đọc được
1248,stayingpower,positive,
1249,stayingpower,negative,
1250,stayingpower,,không đọc được
1251,stayingpower,negative,
1252,stayingpower,,không đọc được
1255,stayingpower,,không đọc được
1256,stayingpower,,không đọc được
1257,stayingpower,positive,không đọc được
1258,stayingpower,negative,không đọc được
1259,stayingpower,positive,không đọc được
1260,stayingpower,negative,không đọc được
1261,stayingpower,,positive
1266,stayingpower,,không đọc được
1267,stayingpower,,không đọc được
1268,stayingpower,,không đọc được
1269,stayingpower,,không đọc được
1270,stayingpower,positive,
1273,stayingpower,positive,không đọc được
1274,stayingpower,,không đọc được
1275,stayingpower,positive,không đọc được
1279,stayingpower,,không đọc được
1280,stayingpower,,không đọc được
1282,stayingpower,,không đọc được
1283,stayingpower,,không đọc được
1284,stayingpower,negative,không đọc được
1287,stayingpower,,không đọc được
1288,stayingpower,,không đọc được
1290,stayingpower,,không đọc được
1291,stayingpower,negative,không đọc được
1292,stayingpower,,không đọc được
1293,stayingpower,,không đọc được
1295,stayingpower,,positive
1296,stayingpower,positive,không đọc được
1297,stayingpower,,không đọc được
1298,stayingpower,positive,không đọc được
1301,stayingpower,,không đọc được
1302,stayingpower,,không đọc được
1306,stayingpower,positive,
1307,stayingpower,,không đọc được
1309,stayingpower,positive,không đọc được
1310,stayingpower,,không đọc được
1311,stayingpower,positive,không đọc được
1312,stayingpower,,không đọc được
1313,stayingpower,,không đọc được
1314,stayingpower,,không đọc được
1316,stayingpower,,không đọc được
1317,stayingpower,negative,không đọc được
1318,stayingpower,,không đọc được
1319,stayingpower,,positive
1320,stayingpower,,không đọc được
1323,stayingpower,positive,không đọc được
1324,stayingpower,,không đọc được
1325,stayingpower,,không đọc được
1326,stayingpower,negative,không đọc được
1327,stayingpower,,không đọc được
1329,stayingpower,,không đọc được
1331,stayingpower,positive,không đọc được
1332,stayingpower,,không đọc được
1334,stayingpower,negative,không đọc được
1335,stayingpower,,không đọc được
1337,stayingpower,,không đọc được
1338,stayingpower,,không đọc được
1341,stayingpower,,không đọc được
1342,stayingpower,,không đọc được
1343,stayingpower,,không đọc được
1344,stayingpower,,không đọc được
1346,stayingpower,,positive
1348,stayingpower,,positive
1349,stayingpower,,không đọc được
1350,stayingpower,positive,
1351,stayingpower,,không đọc được
1353,stayingpower,,không đọc được
1354,stayingpower,,không đọc được
1355,stayingpower,,không đọc được
1358,stayingpower,negative,không đọc được
1359,stayingpower,,không đọc được
1360,stayingpower,,không đọc được
1361,stayingpower,positive,
1363,stayingpower,,không đọc được
1365,stayingpower,,không đọc được
1367,stayingpower,,không đọc được
1368,stayingpower,positive,không đọc được
1369,stayingpower,,không đọc được
1371,stayingpower,,không đọc được
1372,stayingpower,,không đọc được
1373,stayingpower,,không đọc được
1374,stayingpower,,không đọc được
1375,stayingpower,,không đọc được
1376,stayingpower,negative,không đọc được
1377,stayingpower,,không đọc được
1378,stayingpower,,positive
1382,stayingpower,,không đọc được
1384,stayingpower,,không đọc được
1385,stayingpower,,không đọc được
1389,stayingpower,,không đọc được
1390,stayingpower,,không đọc được
1393,stayingpower,positive,không đọc được
1394,stayingpower,,không đọc được
1395,stayingpower,,không đọc được
1396,stayingpower,negative,
1397,stayingpower,,không đọc được
1398,stayingpower,negative,
1399,stayingpower,,không đọc được
1400,stayingpower,,không đọc được
1403,stayingpower,,không đọc được
1404,stayingpower,,positive
1406,stayingpower,,không đọc được
1407,stayingpower,,không đọc được
1410,stayingpower,,không đọc được
1411,stayingpower,,positive
1412,stayingpower,,không đọc được
1414,stayingpower,,không đọc được
1415,stayingpower,,không đọc được
1419,stayingpower,,không đọc được
1421,stayingpower,,không đọc được
1423,stayingpower,,không đọc được
1424,stayingpower,,không đọc được
1425,stayingpower,,không đọc được
1427,stayingpower,,không đọc được
1428,stayingpower,negative,không đọc được
1429,stayingpower,,positive
1431,stayingpower,,không đọc được
1434,stayingpower,,không đọc được
1436,stayingpower,positive,không đọc được
1437,stayingpower,,không đọc được
1438,stayingpower,,không đọc được
1439,stayingpower,,không đọc được
1440,stayingpower,,không đọc được
1442,stayingpower,,không đọc được
1443,stayingpower,,không đọc được
1444,stayingpower,,không đọc được
1446,stayingpower,,không đọc được
1447,stayingpower,,không đọc được
1448,stayingpower,,không đọc được
1449,stayingpower,,không đọc được
1451,stayingpower,positive,
1452,stayingpower,,không đọc được
1453,stayingpower,,không đọc được
1454,stayingpower,,không đọc được
1455,stayingpower,negative,
1456,stayingpower,,không đọc được
1457,stayingpower,,không đọc được
1458,stayingpower,,không đọc được
1459,stayingpower,,positive
1462,stayingpower,,positive
1463,stayingpower,,không đọc được
1465,stayingpower,,không đọc được
1468,stayingpower,,không đọc được
1469,stayingpower,,không đọc được
1472,stayingpower,,không đọc được
1473,stayingpower,,không đọc được
1474,stayingpower,,không đọc được
1477,stayingpower,positive,không đọc được
1478,stayingpower,negative,
1480,stayingpower,positive,không đọc được
1481,stayingpower,positive,không đọc được
1482,stayingpower,,không đọc được
1483,stayingpower,positive,không đọc được
1488,stayingpower,,không đọc được
1489,stayingpower,,positive
1490,stayingpower,negative,không đọc được
1493,stayingpower,,không đọc được
1494,stayingpower,positive,
1495,stayingpower,,không đọc được
1496,stayingpower,,không đọc được
1497,stayingpower,,không đọc được
1499,stayingpower,,positive
1500,stayingpower,,không đọc được
1502,stayingpower,positive,không đọc được
1504,stayingpower,,không đọc được
1505,stayingpower,,không đọc được
1506,stayingpower,negative,không đọc được
1507,stayingpower,,không đọc được
1508,stayingpower,,không đọc được
1511,stayingpower,,không đọc được
1512,stayingpower,,không đọc được
1513,stayingpower,,không đọc được
1514,stayingpower,positive,không đọc được
1515,stayingpower,,positive
1517,stayingpower,,không đọc được
1518,stayingpower,,positive
1520,stayingpower,,positive
1522,stayingpower,,không đọc được
1524,stayingpower,negative,không đọc được
1525,stayingpower,,không đọc được
1527,stayingpower,,không đọc được
1528,stayingpower,,không đọc được
1529,stayingpower,,không đọc được
1530,stayingpower,,không đọc được
1531,stayingpower,,không đọc được
1532,stayingpower,,không đọc được
1533,stayingpower,,không đọc được
1537,stayingpower,,không đọc được
1538,stayingpower,,không đọc được
1540,stayingpower,,không đọc được
1541,stayingpower,positive,
1542,stayingpower,,không đọc được
1543,stayingpower,positive,không đọc được
1546,stayingpower,,không đọc được
1547,stayingpower,,không đọc được
1548,stayingpower,,không đọc được
1551,stayingpower,,không đọc được
1552,stayingpower,,không đọc được
1554,stayingpower,positive,không đọc được
1556,stayingpower,,positive
1557,stayingpower,,không đọc được
1558,stayingpower,,không đọc được
1559,stayingpower,,không đọc được
1560,stayingpower,,không đọc được
1561,stayingpower,,không đọc được
1562,stayingpower,negative,không đọc được
1563,stayingpower,,không đọc được
1565,stayingpower,,không đọc được
1567,stayingpower,negative,không đọc được
1568,stayingpower,,positive
1569,stayingpower,,không đọc được
1571,stayingpower,,positive
1573,stayingpower,,không đọc được
1578,stayingpower,,không đọc được
1579,stayingpower,positive,không đọc được
1580,stayingpower,positive,không đọc được
1581,stayingpower,,không đọc được
1583,stayingpower,,không đọc được
1584,stayingpower,,không đọc được
1585,stayingpower,,không đọc được
1587,stayingpower,,không đọc được
1588,stayingpower,,không đọc được
1593,stayingpower,,không đọc được
1595,stayingpower,,không đọc được
1596,stayingpower,,không đọc được
1597,stayingpower,,không đọc được
1598,stayingpower,,không đọc được
1599,stayingpower,,không đọc được
1600,stayingpower,,không đọc được
1601,stayingpower,,không đọc được
1603,stayingpower,,không đọc được
1604,stayingpower,positive,không đọc được
1605,stayingpower,,positive
1607,stayingpower,,không đọc được
1608,stayingpower,,không đọc được
1609,stayingpower,,không đọc được
1610,stayingpower,,không đọc được
1611,stayingpower,,không đọc được
1612,stayingpower,,không đọc được
1614,stayingpower,,không đọc được
1616,stayingpower,,không đọc được
1619,stayingpower,,không đọc được
1621,stayingpower,,không đọc được
1,texture,,không đọc được
2,texture,positive,không đọc được
3,texture,,negative
4,texture,,không đọc được
5,texture,,không đọc được
7,texture,negative,không đọc được
10,texture,positive,không đọc được
13,texture,positive,không đọc được
14,texture,,không đọc được
15,texture,,positive
16,texture,positive,
17,texture,,không đọc được
19,texture,,không đọc được
21,texture,negative,không đọc được
23,texture,,positive
24,texture,,không đọc được
25,texture,positive,không đọc được
27,texture,,không đọc được
28,texture,,positive
30,texture,negative,
31,texture,,không đọc được
35,texture,negative,không đọc được
36,texture,,không đọc được
38,texture,,không đọc được
40,texture,,không đọc được
41,texture,positive,không đọc được
45,texture,,không đọc được
48,texture,,không đọc được
49,texture,positive,không đọc được
50,texture,,không đọc được
51,texture,,không đọc được
52,texture,,không đọc được
54,texture,positive,không đọc được
55,texture,positive,không đọc được
56,texture,,không đọc được
58,texture,,không đọc được
60,texture,,positive
61,texture,positive,không đọc được
62,texture,positive,không đọc được
64,texture,,không đọc được
66,texture,negative,không đọc được
67,texture,positive,không đọc được
70,texture,,không đọc được
76,texture,,không đọc được
79,texture,,không đọc được
80,texture,,positive
85,texture,,không đọc được
87,texture,,không đọc được
88,texture,positive,
89,texture,positive,không đọc được
90,texture,,không đọc được
91,texture,,không đọc được
93,texture,positive,
95,texture,,không đọc được
98,texture,,không đọc được
99,texture,positive,không đọc được
100,texture,,không đọc được
101,texture,positive,
103,texture,positive,không đọc được
104,texture,positive,không đọc được
106,texture,,không đọc được
107,texture,,không đọc được
110,texture,positive,không đọc được
112,texture,,không đọc được
113,texture,positive,không đọc được
115,texture,,không đọc được
116,texture,,không đọc được
117,texture,positive,không đọc được
118,texture,,không đọc được
119,texture,,không đọc được
120,texture,,không đọc được
122,texture,positive,không đọc được
123,texture,,không đọc được
124,texture,,không đọc được
125,texture,negative,không đọc được
128,texture,,không đọc được
130,texture,,không đọc được
132,texture,,không đọc được
136,texture,,không đọc được
137,texture,,không đọc được
138,texture,,positive
139,texture,positive,không đọc được
140,texture,positive,
141,texture,positive,không đọc được
142,texture,,không đọc được
143,texture,negative,không đọc được
146,texture,,không đọc được
147,texture,,không đọc được
148,texture,,không đọc được
149,texture,,không đọc được
151,texture,,không đọc được
152,texture,,không đọc được
153,texture,positive,không đọc được
154,texture,,positive
157,texture,,không đọc được
158,texture,positive,không đọc được
159,texture,negative,không đọc được
160,texture,positive,
161,texture,,không đọc được
163,texture,,không đọc được
165,texture,,không đọc được
166,texture,,không đọc được
167,texture,positive,không đọc được
168,texture,,không đọc được
169,texture,,positive
170,texture,,positive
171,texture,,không đọc được
173,texture,negative,
174,texture,positive,
175,texture,positive,không đọc được
176,texture,,không đọc được
179,texture,positive,
180,texture,,không đọc được
181,texture,positive,không đọc được
184,texture,,không đọc được
187,texture,positive,không đọc được
188,texture,,không đọc được
189,texture,positive,không đọc được
191,texture,,không đọc được
196,texture,,không đọc được
197,texture,,không đọc được
198,texture,positive,không đọc được
199,texture,,không đọc được
201,texture,positive,không đọc được
203,texture,,không đọc được
204,texture,,không đọc được
206,texture,positive,không đọc được
207,texture,positive,
208,texture,negative,
210,texture,,không đọc được
211,texture,,không đọc được
213,texture,positive,không đọc được
214,texture,negative,không đọc được
216,texture,,positive
217,texture,positive,không đọc được
219,texture,,không đọc được
220,texture,,không đọc được
221,texture,,không đọc được
223,texture,positive,không đọc được
224,texture,,không đọc được
225,texture,,không đọc được
226,texture,,không đọc được
227,texture,positive,
228,texture,,positive
229,texture,,không đọc được
231,texture,,không đọc được
234,texture,,không đọc được
237,texture,,không đọc được
238,texture,positive,
242,texture,positive,không đọc được
243,texture,positive,không đọc được
244,texture,,không đọc được
246,texture,positive,không đọc được
248,texture,,không đọc được
250,texture,negative,không đọc được
251,texture,,không đọc được
253,texture,positive,không đọc được
254,texture,,không đọc được
255,texture,,không đọc được
258,texture,,không đọc được
259,texture,negative,không đọc được
260,texture,positive,
261,texture,,không đọc được
262,texture,,không đọc được
263,texture,,positive
265,texture,,không đọc được
266,texture,,không đọc được
268,texture,,positive
269,texture,,không đọc được
270,texture,,không đọc được
272,texture,,không đọc được
273,texture,,positive
274,texture,positive,không đọc được
276,texture,positive,không đọc được
277,texture,negative,
278,texture,,positive
280,texture,,không đọc được
281,texture,positive,không đọc được
282,texture,positive,
283,texture,positive,
285,texture,positive,không đọc được
286,texture,,không đọc được
287,texture,positive,
290,texture,,không đọc được
291,texture,negative,không đọc được
292,texture,positive,không đọc được
293,texture,,positive
294,texture,,không đọc được
296,texture,,không đọc được
297,texture,,không đọc được
298,texture,positive,không đọc được
300,texture,positive,
301,texture,,không đọc được
302,texture,,không đọc được
303,texture,,không đọc được
304,texture,,không đọc được
305,texture,,không đọc được
306,texture,,positive
307,texture,positive,không đọc được
309,texture,,không đọc được
311,texture,,không đọc được
312,texture,,không đọc được
315,texture,,không đọc được
317,texture,positive,không đọc được
318,texture,,không đọc được
319,texture,,không đọc được
321,texture,,không đọc được
322,texture,positive,không đọc được
323,texture,positive,không đọc được
324,texture,positive,
325,texture,,không đọc được
327,texture,,không đọc được
328,texture,positive,không đọc được
329,texture,positive,không đọc được
330,texture,,không đọc được
331,texture,,không đọc được
335,texture,negative,không đọc được
336,texture,,không đọc được
337,texture,,không đọc được
339,texture,,positive
341,texture,,không đọc được
342,texture,positive,không đọc được
343,texture,positive,không đọc được
344,texture,positive,không đọc được
345,texture,,không đọc được
346,texture,negative,
347,texture,,positive
359,texture,,không đọc được
361,texture,,không đọc được
362,texture,positive,không đọc được
364,texture,,không đọc được
367,texture,,không đọc được
368,texture,positive,không đọc được
369,texture,,không đọc được
370,texture,negative,không đọc được
371,texture,,không đọc được
372,texture,negative,positive
373,texture,,positive
374,texture,,không đọc được
375,texture,,không đọc được
376,texture,positive,không đọc được
377,texture,,không đọc được
380,texture,,không đọc được
382,texture,,không đọc được
385,texture,,không đọc được
387,texture,,không đọc được
388,texture,positive,không đọc được
389,texture,,không đọc được
391,texture,negative,không đọc được
392,texture,,không đọc được
393,texture,positive,không đọc được
394,texture,negative,
395,texture,,không đọc được
396,texture,negative,không đọc được
397,texture,,không đọc được
398,texture,,positive
399,texture,positive,không đọc được
400,texture,positive,không đọc được
401,texture,,không đọc được
403,texture,,không đọc được
406,texture,negative,không đọc được
407,texture,,positive
408,texture,,không đọc được
410,texture,positive,không đọc được
411,texture,positive,không đọc được
412,texture,positive,
414,texture,,positive
417,texture,,không đọc được
419,texture,,không đọc được
421,texture,negative,không đọc được
424,texture,positive,
425,texture,,không đọc được
426,texture,,không đọc được
427,texture,positive,
428,texture,,không đọc được
429,texture,,không đọc được
430,texture,,không đọc được
431,texture,,không đọc được
432,texture,,không đọc được
433,texture,,không đọc được
434,texture,positive,
435,texture,,không đọc được
436,texture,positive,không đọc được
438,texture,positive,không đọc được
439,texture,positive,không đọc được
440,texture,,không đọc được
441,texture,positive,không đọc được
442,texture,,không đọc được
443,texture,positive,không đọc được
445,texture,,không đọc được
448,texture,positive,không đọc được
450,texture,positive,
451,texture,positive,không đọc được
453,texture,,không đọc được
455,texture,,không đọc được
456,texture,positive,
458,texture,,không đọc được
460,texture,positive,không đọc được
461,texture,,không đọc được
462,texture,,không đọc được
463,texture,positive,
464,texture,negative,không đọc được
465,texture,,positive
466,texture,,không đọc được
468,texture,,positive
469,texture,,không đọc được
470,texture,positive,
471,texture,,không đọc được
474,texture,,không đọc được
475,texture,positive,
477,texture,,không đọc được
479,texture,,không đọc được
482,texture,,positive
484,texture,positive,
486,texture,,không đọc được
487,texture,,không đọc được
490,texture,,không đọc được
491,texture,,không đọc được
494,texture,positive,không đọc được
495,texture,,không đọc được
497,texture,,không đọc được
498,texture,positive,không đọc được
499,texture,positive,không đọc được
501,texture,positive,không đọc được
502,texture,,không đọc được
503,texture,,không đọc được
504,texture,positive,không đọc được
505,texture,,không đọc được
506,texture,,không đọc được
507,texture,,không đọc được
508,texture,negative,
509,texture,,không đọc được
510,texture,,không đọc được
512,texture,positive,không đọc được
513,texture,positive,không đọc được
516,texture,positive,không đọc được
517,texture,,không đọc được
518,texture,positive,không đọc được
519,texture,positive,không đọc được
521,texture,positive,không đọc được
522,texture,,positive
523,texture,,không đọc được
524,texture,,không đọc được
526,texture,,không đọc được
527,texture,positive,không đọc được
528,texture,positive,không đọc được
530,texture,positive,không đọc được
531,texture,positive,không đọc được
532,texture,positive,không đọc được
534,texture,,không đọc được
536,texture,,positive
537,texture,positive,không đọc được
538,texture,,không đọc được
539,texture,,không đọc được
540,texture,positive,không đọc được
541,texture,,không đọc được
542,texture,,không đọc được
543,texture,positive,
545,texture,,không đọc được
547,texture,positive,không đọc được
548,texture,,không đọc được
551,texture,positive,không đọc được
552,texture,positive,không đọc được
556,texture,,không đọc được
559,texture,,không đọc được
560,texture,,không đọc được
562,texture,,không đọc được
563,texture,,không đọc được
566,texture,positive,
567,texture,,không đọc được
570,texture,positive,
571,texture,,không đọc được
572,texture,,không đọc được
574,texture,,không đọc được
576,texture,,không đọc được
577,texture,,không đọc được
580,texture,,không đọc được
581,texture,,không đọc được
582,texture,,không đọc được
583,texture,,không đọc được
585,texture,,không đọc được
587,texture,,không đọc được
588,texture,positive,không đọc được
591,texture,,không đọc được
594,texture,,không đọc được
595,texture,,không đọc được
599,texture,positive,không đọc được
600,texture,,không đọc được
601,texture,,không đọc được
602,texture,positive,
603,texture,,không đọc được
607,texture,,không đọc được
608,texture,positive,không đọc được
609,texture,,không đọc được
610,texture,,không đọc được
611,texture,positive,không đọc được
613,texture,negative,
615,texture,,không đọc được
616,texture,positive,không đọc được
617,texture,negative,không đọc được
618,texture,,không đọc được
619,texture,positive,không đọc được
621,texture,,positive
623,texture,negative,không đọc được
624,texture,,không đọc được
625,texture,,không đọc được
626,texture,negative,
628,texture,,không đọc được
630,texture,positive,không đọc được
631,texture,positive,không đọc được
632,texture,positive,không đọc được
633,texture,positive,không đọc được
634,texture,positive,
635,texture,positive,
636,texture,,không đọc được
638,texture,positive,không đọc được
639,texture,,không đọc được
640,texture,negative,
641,texture,,positive
642,texture,positive,không đọc được
644,texture,positive,
645,texture,,không đọc được
647,texture,,không đọc được
649,texture,,positive
650,texture,positive,không đọc được
651,texture,positive,không đọc được
652,texture,positive,không đọc được
654,texture,positive,không đọc được
655,texture,,không đọc được
656,texture,,không đọc được
658,texture,,không đọc được
659,texture,positive,không đọc được
663,texture,positive,
664,texture,,không đọc được
665,texture,,không đọc được
666,texture,positive,không đọc được
667,texture,,không đọc được
676,texture,,không đọc được
679,texture,positive,không đọc được
680,texture,,positive
681,texture,,không đọc được
682,texture,,không đọc được
683,texture,,positive
684,texture,negative,không đọc được
689,texture,,không đọc được
692,texture,,không đọc được
693,texture,,không đọc được
695,texture,positive,không đọc được
697,texture,negative,không đọc được
698,texture,,không đọc được
699,texture,negative,
701,texture,positive,không đọc được
702,texture,,không đọc được
703,texture,,không đọc được
704,texture,,không đọc được
705,texture,,không đọc được
706,texture,negative,
708,texture,positive,không đọc được
709,texture,,không đọc được
710,texture,,không đọc được
714,texture,,không đọc được
715,texture,,không đọc được
716,texture,,không đọc được
717,texture,,không đọc được
718,texture,,không đọc được
720,texture,,không đọc được
722,texture,,không đọc được
723,texture,,không đọc được
724,texture,,không đọc được
725,texture,negative,không đọc được
727,texture,,không đọc được
728,texture,,không đọc được
729,texture,,không đọc được
731,texture,,không đọc được
733,texture,,không đọc được
735,texture,,positive
736,texture,,không đọc được
738,texture,,không đọc được
739,texture,positive,không đọc được
740,texture,positive,không đọc được
741,texture,,positive
742,texture,,không đọc được
743,texture,,không đọc được
746,texture,,positive
747,texture,,không đọc được
748,texture,,không đọc được
749,texture,negative,không đọc được
750,texture,,positive
754,texture,,positive
755,texture,,không đọc được
757,texture,,không đọc được
758,texture,,không đọc được
759,texture,,không đọc được
761,texture,positive,
762,texture,positive,
763,texture,,không đọc được
765,texture,positive,không đọc được
766,texture,positive,không đọc được
767,texture,positive,không đọc được
769,texture,,không đọc được
771,texture,,không đọc được
772,texture,positive,không đọc được
776,texture,positive,
777,texture,negative,
778,texture,,không đọc được
780,texture,positive,không đọc được
782,texture,positive,không đọc được
785,texture,negative,không đọc được
786,texture,,positive
790,texture,positive,không đọc được
791,texture,,positive
793,texture,,không đọc được
794,texture,,positive
796,texture,,không đọc được
797,texture,,không đọc được
800,texture,,không đọc được
801,texture,positive,không đọc được
802,texture,,positive
806,texture,positive,không đọc được
808,texture,,không đọc được
809,texture,,không đọc được
810,texture,positive,không đọc được
811,texture,positive,không đọc được
812,texture,negative,
814,texture,,không đọc được
815,texture,positive,
816,texture,positive,không đọc được
819,texture,positive,không đọc được
822,texture,,không đọc được
824,texture,,không đọc được
825,texture,,không đọc được
826,texture,,không đọc được
828,texture,positive,không đọc được
829,texture,,không đọc được
830,texture,positive,không đọc được
831,texture,,không đọc được
832,texture,,không đọc được
834,texture,positive,không đọc được
835,texture,,không đọc được
837,texture,,positive
839,texture,positive,
841,texture,negative,không đọc được
843,texture,,không đọc được
844,texture,,positive
846,texture,,không đọc được
847,texture,,không đọc được
848,texture,,không đọc được
849,texture,,không đọc được
850,texture,positive,không đọc được
851,texture,,không đọc được
852,texture,,không đọc được
854,texture,,positive
855,texture,negative,không đọc được
856,texture,positive,không đọc được
858,texture,positive,không đọc được
859,texture,negative,không đọc được
860,texture,,không đọc được
862,texture,,không đọc được
863,texture,,không đọc được
864,texture,positive,
865,texture,,không đọc được
866,texture,,positive
867,texture,positive,không đọc được
872,texture,,không đọc được
873,texture,,không đọc được
874,texture,positive,không đọc được
875,texture,positive,không đọc được
876,texture,negative,không đọc được
877,texture,,không đọc được
878,texture,positive,không đọc được
879,texture,positive,
880,texture,,không đọc được
881,texture,positive,không đọc được
885,texture,,không đọc được
886,texture,,không đọc được
887,texture,,không đọc được
888,texture,,không đọc được
889,texture,,không đọc được
890,texture,positive,không đọc được
891,texture,positive,không đọc được
893,texture,positive,
894,texture,,không đọc được
896,texture,,không đọc được
898,texture,,không đọc được
899,texture,positive,không đọc được
900,texture,positive,không đọc được
903,texture,positive,không đọc được
904,texture,negative,không đọc được
905,texture,positive,không đọc được
906,texture,positive,
907,texture,positive,không đọc được
910,texture,,positive
911,texture,,không đọc được
912,texture,,không đọc được
913,texture,positive,không đọc được
914,texture,negative,không đọc được
915,texture,,không đọc được
916,texture,positive,không đọc được
918,texture,,không đọc được
919,texture,negative,không đọc được
921,texture,positive,không đọc được
922,texture,,không đọc được
924,texture,positive,không đọc được
925,texture,positive,không đọc được
928,texture,positive,không đọc được
929,texture,,không đọc được
930,texture,,không đọc được
932,texture,positive,không đọc được
933,texture,,positive
935,texture,positive,không đọc được
936,texture,,không đọc được
938,texture,positive,
939,texture,positive,không đọc được
940,texture,,không đọc được
941,texture,positive,không đọc được
942,texture,,không đọc được
944,texture,positive,
945,texture,,không đọc được
949,texture,,không đọc được
950,texture,,không đọc được
951,texture,,không đọc được
952,texture,,không đọc được
953,texture,positive,
954,texture,,không đọc được
958,texture,negative,
959,texture,,không đọc được
960,texture,,không đọc được
962,texture,,không đọc được
963,texture,,không đọc được
965,texture,,không đọc được
966,texture,,không đọc được
967,texture,,không đọc được
968,texture,,không đọc được
973,texture,,không đọc được
974,texture,,không đọc được
975,texture,,không đọc được
977,texture,negative,không đọc được
979,texture,positive,không đọc được
980,texture,,không đọc được
981,texture,,không đọc được
982,texture,,positive
983,texture,,không đọc được
984,texture,positive,không đọc được
985,texture,,không đọc được
987,texture,positive,không đọc được
988,texture,negative,không đọc được
990,texture,positive,
991,texture,,không đọc được
995,texture,positive,không đọc được
998,texture,positive,không đọc được
1000,texture,negative,không đọc được
1001,texture,,không đọc được
1002,texture,,positive
1003,texture,,không đọc được
1005,texture,,không đọc được
1006,texture,positive,không đọc được
1007,texture,positive,không đọc được
1008,texture,,không đọc được
1009,texture,,không đọc được
1010,texture,positive,
1011,texture,,không đọc được
1012,texture,,không đọc được
1014,texture,positive,
1015,texture,positive,không đọc được
1016,texture,,không đọc được
1017,texture,positive,
1018,texture,,không đọc được
1019,texture,,không đọc được
1020,texture,positive,không đọc được
1021,texture,positive,không đọc được
1023,texture,,không đọc được
1025,texture,,không đọc được
1029,texture,positive,không đọc được
1030,texture,,không đọc được
1032,texture,,không đọc được
1033,texture,positive,không đọc được
1035,texture,,không đọc được
1037,texture,,không đọc được
1038,texture,negative,không đọc được
1041,texture,,không đọc được
1042,texture,positive,không đọc được
1043,texture,,không đọc được
1044,texture,,không đọc được
1045,texture,negative,không đọc được
1047,texture,,không đọc được
1048,texture,,không đọc được
1050,texture,,không đọc được
1052,texture,,không đọc được
1054,texture,,không đọc được
1056,texture,negative,
1057,texture,positive,
1059,texture,,không đọc được
1061,texture,,không đọc được
1062,texture,positive,không đọc được
1063,texture,,không đọc được
1064,texture,,không đọc được
1065,texture,negative,
1066,texture,,không đọc được
1068,texture,positive,không đọc được
1069,texture,positive,không đọc được
1070,texture,positive,negative
1071,texture,positive,không đọc được
1072,texture,positive,negative
1073,texture,negative,không đọc được
1076,texture,positive,không đọc được
1077,texture,,không đọc được
1079,texture,,không đọc được
1083,texture,,không đọc được
1084,texture,negative,không đọc được
1085,texture,,không đọc được
1086,texture,positive,không đọc được
1087,texture,,không đọc được
1089,texture,,không đọc được
1090,texture,,không đọc được
1093,texture,,không đọc được
1094,texture,,không đọc được
1095,texture,,không đọc được
1096,texture,,không đọc được
1098,texture,,không đọc được
1099,texture,,không đọc được
1100,texture,,không đọc được
1101,texture,negative,không đọc được
1103,texture,positive,không đọc được
1105,texture,,không đọc được
1106,texture,,không đọc được
1109,texture,,không đọc được
1110,texture,positive,không đọc được
1111,texture,positive,không đọc được
1112,texture,,positive
1113,texture,,không đọc được
1114,texture,,không đọc được
1115,texture,,không đọc được
1117,texture,positive,
1118,texture,,positive
1120,texture,,không đọc được
1121,texture,,không đọc được
1122,texture,,không đọc được
1124,texture,,không đọc được
1126,texture,,không đọc được
1128,texture,,không đọc được
1129,texture,,negative
1131,texture,positive,
1132,texture,,không đọc được
1133,texture,,positive
1134,texture,,không đọc được
1135,texture,positive,không đọc được
1136,texture,,không đọc được
1137,texture,,không đọc được
1140,texture,,không đọc được
1142,texture,,positive
1143,texture,,không đọc được
1145,texture,,không đọc được
1146,texture,,không đọc được
1147,texture,,positive
1148,texture,,positive
1149,texture,negative,
1150,texture,,không đọc được
1152,texture,,không đọc được
1153,texture,positive,không đọc được
1154,texture,,positive
1156,texture,positive,không đọc được
1157,texture,positive,không đọc được
1158,texture,,không đọc được
1161,texture,positive,không đọc được
1163,texture,,không đọc được
1164,texture,,positive
1165,texture,positive,
1166,texture,,không đọc được
1168,texture,,không đọc được
1169,texture,positive,không đọc được
1170,texture,positive,không đọc được
1173,texture,,không đọc được
1174,texture,positive,không đọc được
1175,texture,,không đọc được
1176,texture,positive,
1177,texture,positive,không đọc được
1179,texture,positive,không đọc được
1180,texture,,positive
1181,texture,,không đọc được
1182,texture,positive,không đọc được
1186,texture,,không đọc được
1188,texture,negative,không đọc được
1189,texture,,không đọc được
1190,texture,negative,không đọc được
1191,texture,,không đọc được
1193,texture,,không đọc được
1194,texture,,không đọc được
1195,texture,positive,không đọc được
1196,texture,,không đọc được
1197,texture,positive,không đọc được
1198,texture,,không đọc được
1199,texture,positive,không đọc được
1201,texture,,không đọc được
1203,texture,,không đọc được
1205,texture,,không đọc được
1207,texture,negative,
1208,texture,positive,không đọc được
1209,texture,positive,không đọc được
1210,texture,positive,không đọc được
1211,texture,,không đọc được
1212,texture,,không đọc được
1213,texture,positive,
1214,texture,,không đọc được
1215,texture,,không đọc được
1216,texture,positive,
1218,texture,,positive
1219,texture,positive,
1220,texture,positive,không đọc được
1223,texture,,không đọc được
1225,texture,,không đọc được
1226,texture,positive,không đọc được
1227,texture,,không đọc được
1228,texture,negative,
1229,texture,,positive
1231,texture,,không đọc được
1232,texture,,không đọc được
1233,texture,,không đọc được
1234,texture,positive,không đọc được
1235,texture,,không đọc được
1238,texture,,không đọc được
1240,texture,positive,không đọc được
1241,texture,,không đọc được
1244,texture,positive,
1246,texture,,không đọc được
1247,texture,,không đọc được
1248,texture,positive,
1249,texture,positive,
1250,texture,negative,không đọc được
1252,texture,,không đọc được
1253,texture,positive,
1255,texture,,không đọc được
1256,texture,negative,không đọc được
1258,texture,,không đọc được
1260,texture,positive,không đọc được
1261,texture,,positive
1265,texture,negative,
1266,texture,,không đọc được
1267,texture,,không đọc được
1268,texture,positive,không đọc được
1269,texture,,không đọc được
1273,texture,positive,không đọc được
1274,texture,,không đọc được
1275,texture,positive,không đọc được
1280,texture,,không đọc được
1282,texture,,không đọc được
1283,texture,,không đọc được
1284,texture,positive,không đọc được
1285,texture,,positive
1287,texture,,không đọc được
1288,texture,,không đọc được
1290,texture,negative,không đọc được
1291,texture,positive,không đọc được
1292,texture,,không đọc được
1293,texture,,không đọc được
1295,texture,,positive
1296,texture,,không đọc được
1297,texture,,không đọc được
1298,texture,,không đọc được
1301,texture,positive,không đọc được
1302,texture,,không đọc được
1303,texture,positive,
1304,texture,positive,
1307,texture,,không đọc được
1309,texture,positive,không đọc được
1310,texture,,không đọc được
1311,texture,,không đọc được
1312,texture,,không đọc được
1313,texture,,không đọc được
1314,texture,,không đọc được
1316,texture,positive,không đọc được
1318,texture,,không đọc được
1319,texture,,positive
1320,texture,positive,không đọc được
1323,texture,,không đọc được
1324,texture,,không đọc được
1325,texture,,không đọc được
1327,texture,,không đọc được
1329,texture,,không đọc được
1331,texture,positive,không đọc được
1332,texture,,không đọc được
1334,texture,,không đọc được
1335,texture,,không đọc được
1336,texture,positive,
1337,texture,,không đọc được
1338,texture,negative,không đọc được
1341,texture,positive,không đọc được
1342,texture,,không đọc được
1343,texture,,không đọc được
1344,texture,positive,không đọc được
1345,texture,positive,không đọc được
1346,texture,,positive
1348,texture,,positive
1349,texture,,không đọc được
1351,texture,positive,không đọc được
1353,texture,negative,không đọc được
1354,texture,,không đọc được
1355,texture,,không đọc được
1358,texture,positive,không đọc được
1359,texture,positive,không đọc được
1360,texture,,không đọc được
1361,texture,positive,
1363,texture,,không đọc được
1365,texture,,không đọc được
1367,texture,negative,không đọc được
1368,texture,positive,không đọc được
1369,texture,,không đọc được
1371,texture,,không đọc được
1372,texture,,không đọc được
1373,texture,,không đọc được
1374,texture,,không đọc được
1375,texture,positive,không đọc được
1376,texture,negative,không đọc được
1377,texture,,không đọc được
1378,texture,,positive
1382,texture,,không đọc được
1383,texture,positive,
1385,texture,positive,không đọc được
1389,texture,,không đọc được
1390,texture,positive,không đọc được
1391,texture,positive,
1393,texture,positive,không đọc được
1394,texture,negative,không đọc được
1395,texture,,không đọc được
1396,texture,negative,
1397,texture,positive,không đọc được
1398,texture,positive,
1399,texture,,không đọc được
1400,texture,,không đọc được
1403,texture,,không đọc được
1404,texture,,positive
1406,texture,,không đọc được
1407,texture,,không đọc được
1410,texture,,không đọc được
1411,texture,,positive
1412,texture,,không đọc được
1414,texture,,không đọc được
1415,texture,,không đọc được
1421,texture,,không đọc được
1423,texture,,không đọc được
1424,texture,positive,không đọc được
1425,texture,positive,không đọc được
1427,texture,,không đọc được
1428,texture,,không đọc được
1429,texture,,positive
1430,texture,positive,
1431,texture,positive,không đọc được
1434,texture,positive,không đọc được
1436,texture,positive,không đọc được
1437,texture,,không đọc được
1438,texture,,không đọc được
1439,texture,,không đọc được
1440,texture,negative,không đọc được
1442,texture,positive,không đọc được
1443,texture,positive,không đọc được
1444,texture,,không đọc được
1446,texture,,không đọc được
1447,texture,,không đọc được
1448,texture,,không đọc được
1449,texture,,không đọc được
1451,texture,positive,
1452,texture,,không đọc được
1453,texture,,không đọc được
1454,texture,,không đọc được
1456,texture,positive,không đọc được
1457,texture,,không đọc được
1458,texture,,không đọc được
1460,texture,positive,
1462,texture,,positive
1463,texture,,không đọc được
1465,texture,positive,không đọc được
1468,texture,positive,không đọc được
1469,texture,positive,không đọc được
1472,texture,,không đọc được
1473,texture,,không đọc được
1474,texture,,không đọc được
1476,texture,negative,
1477,texture,positive,không đọc được
1480,texture,positive,không đọc được
1481,texture,positive,không đọc được
1482,texture,,không đọc được
1483,texture,positive,không đọc được
1484,texture,positive,không đọc được
1488,texture,positive,không đọc được
1489,texture,,positive
1490,texture,,không đọc được
1493,texture,,không đọc được
1495,texture,,không đọc được
1496,texture,positive,không đọc được
1497,texture,,không đọc được
1498,texture,negative,
1499,texture,,positive
1500,texture,positive,không đọc được
1503,texture,positive,
1504,texture,,không đọc được
1505,texture,negative,không đọc được
1506,texture,positive,không đọc được
1507,texture,,không đọc được
1508,texture,,không đọc được
1510,texture,,positive
1511,texture,,không đọc được
1512,texture,,không đọc được
1513,texture,,không đọc được
1517,texture,,không đọc được
1518,texture,,positive
1520,texture,,positive
1522,texture,,không đọc được
1524,texture,positive,không đọc được
1525,texture,,không đọc được
1527,texture,negative,không đọc được
1528,texture,,không đọc được
1529,texture,positive,không đọc được
1530,texture,,không đọc được
1531,texture,,không đọc được
1532,texture,,không đọc được
1533,texture,,không đọc được
1536,texture,positive,không đọc được
1537,texture,,không đọc được
1538,texture,,không đọc được
1539,texture,,không đọc được
1540,texture,,không đọc được
1542,texture,,không đọc được
1543,texture,positive,không đọc được
1544,texture,positive,
1546,texture,,không đọc được
1547,texture,,không đọc được
1548,texture,negative,không đọc được
1551,texture,,không đọc được
1552,texture,,không đọc được
1554,texture,positive,không đọc được
1558,texture,positive,không đọc được
1559,texture,,không đọc được
1560,texture,,không đọc được
1561,texture,,không đọc được
1562,texture,,không đọc được
1563,texture,,không đọc được
1565,texture,positive,không đọc được
1567,texture,positive,không đọc được
1568,texture,,positive
1569,texture,,không đọc được
1571,texture,,positive
1573,texture,,không đọc được
1574,texture,positive,
1577,texture,negative,
1578,texture,,không đọc được
1580,texture,positive,không đọc được
1581,texture,,không đọc được
1582,texture,positive,
1583,texture,,không đọc được
1584,texture,,không đọc được
1585,texture,,không đọc được
1587,texture,,không đọc được
1588,texture,positive,không đọc được
1589,texture,positive,
1593,texture,,không đọc được
1595,texture,,không đọc được
1596,texture,,không đọc được
1597,texture,,không đọc được
1598,texture,,không đọc được
1599,texture,,không đọc được
1600,texture,negative,không đọc được
1601,texture,,không đọc được
1602,texture,negative,
1603,texture,,không đọc được
1605,texture,,positive
1606,texture,negative,
1607,texture,,không đọc được
1608,texture,positive,không đọc được
1609,texture,,không đọc được
1610,texture,positive,không đọc được
1611,texture,,không đọc được
1612,texture,,không đọc được
1614,texture,,không đọc được
1616,texture,,không đọc được
1619,texture,,không đọc được
1621,texture,positive,không đọc được
1,smell,,không đọc được
2,smell,,không đọc được
3,smell,,positive
4,smell,,không đọc được
5,smell,,không đọc được
7,smell,,không đọc được
8,smell,,không đọc được
10,smell,,không đọc được
11,smell,positive,
12,smell,,không đọc được
13,smell,,không đọc được
14,smell,,không đọc được
15,smell,,positive
17,smell,,không đọc được
19,smell,positive,không đọc được
21,smell,,không đọc được
23,smell,,positive
24,smell,,không đọc được
25,smell,,không đọc được
27,smell,positive,không đọc được
28,smell,,positive
31,smell,,không đọc được
33,smell,negative,
35,smell,,không đọc được
36,smell,,không đọc được
37,smell,negative,không đọc được
38,smell,,không đọc được
40,smell,,không đọc được
41,smell,,không đọc được
45,smell,,không đọc được
48,smell,,không đọc được
49,smell,,không đọc được
50,smell,negative,không đọc được
51,smell,,không đọc được
52,smell,,không đọc được
54,smell,,không đọc được
55,smell,,không đọc được
56,smell,,không đọc được
58,smell,positive,không đọc được
60,smell,,positive
61,smell,,không đọc được
62,smell,positive,không đọc được
64,smell,,không đọc được
66,smell,,không đọc được
67,smell,positive,không đọc được
70,smell,positive,không đọc được
71,smell,,không đọc được
74,smell,positive,
76,smell,,không đọc được
78,smell,positive,
79,smell,,không đọc được
80,smell,,positive
85,smell,,không đọc được
87,smell,positive,không đọc được
89,smell,,không đọc được
90,smell,,không đọc được
91,smell,,không đọc được
92,smell,,negative
93,smell,positive,negative
95,smell,,không đọc được
98,smell,,không đọc được
99,smell,,không đọc được
100,smell,,không đọc được
103,smell,positive,không đọc được
104,smell,,không đọc được
106,smell,,không đọc được
107,smell,,không đọc được
110,smell,positive,không đọc được
111,smell,negative,
112,smell,,không đọc được
113,smell,,không đọc được
115,smell,,không đọc được
116,smell,,không đọc được
117,smell,positive,không đọc được
118,smell,positive,không đọc được
119,smell,,không đọc được
120,smell,,không đọc được
122,smell,,không đọc được
123,smell,,không đọc được
124,smell,,không đọc được
125,smell,positive,không đọc được
128,smell,,không đọc được
130,smell,,không đọc được
132,smell,,không đọc được
136,smell,,không đọc được
137,smell,,không đọc được
138,smell,,positive
139,smell,,không đọc được
140,smell,positive,negative
141,smell,,không đọc được
142,smell,,không đọc được
143,smell,,không đọc được
144,smell,positive,negative
146,smell,,không đọc được
147,smell,positive,không đọc được
148,smell,,không đọc được
149,smell,,không đọc được
151,smell,,không đọc được
152,smell,,không đọc được
153,smell,,không đọc được
154,smell,,negative
155,smell,positive,không đọc được
157,smell,positive,không đọc được
158,smell,positive,không đọc được
159,smell,,không đọc được
161,smell,positive,không đọc được
163,smell,,không đọc được
165,smell,,không đọc được
166,smell,,không đọc được
167,smell,positive,không đọc được
168,smell,negative,không đọc được
169,smell,,positive
170,smell,,positive
171,smell,,không đọc được
173,smell,positive,
174,smell,negative,positive
175,smell,,không đọc được
176,smell,,không đọc được
179,smell,positive,
180,smell,,không đọc được
181,smell,positive,không đọc được
184,smell,,không đọc được
187,smell,positive,không đọc được
188,smell,,không đọc được
189,smell,,không đọc được
191,smell,,không đọc được
196,smell,,không đọc được
197,smell,,không đọc được
198,smell,,không đọc được
199,smell,,không đọc được
201,smell,,không đọc được
203,smell,,không đọc được
204,smell,,không đọc được
206,smell,,không đọc được
210,smell,,không đọc được
211,smell,positive,không đọc được
212,smell,,không đọc được
213,smell,positive,không đọc được
214,smell,,không đọc được
216,smell,,positive
217,smell,,không đọc được
218,smell,positive,
219,smell,,không đọc được
220,smell,,không đọc được
221,smell,,không đọc được
223,smell,,không đọc được
224,smell,,không đọc được
225,smell,,không đọc được
226,smell,,không đọc được
229,smell,,không đọc được
230,smell,negative,
231,smell,,không đọc được
234,smell,,không đọc được
237,smell,positive,không đọc được
238,smell,positive,
242,smell,positive,không đọc được
243,smell,positive,không đọc được
244,smell,,không đọc được
246,smell,,không đọc được
248,smell,,không đọc được
250,smell,,không đọc được
251,smell,,không đọc được
253,smell,,không đọc được
254,smell,,không đọc được
255,smell,,không đọc được
258,smell,,không đọc được
259,smell,,không đọc được
261,smell,,không đọc được
262,smell,,không đọc được
263,smell,,positive
264,smell,,không đọc được
265,smell,,không đọc được
266,smell,,không đọc được
268,smell,,positive
269,smell,,không đọc được
270,smell,,không đọc được
271,smell,,không đọc được
272,smell,,không đọc được
273,smell,,positive
274,smell,positive,không đọc được
275,smell,,không đọc được
276,smell,,không đọc được
278,smell,,positive
280,smell,,không đọc được
281,smell,positive,không đọc được
285,smell,,không đọc được
286,smell,,không đọc được
290,smell,positive,không đọc được
292,smell,negative,không đọc được
293,smell,,positive
294,smell,,không đọc được
296,smell,,không đọc được
297,smell,,không đọc được
298,smell,positive,không đọc được
299,smell,,không đọc được
301,smell,,không đọc được
302,smell,positive,không đọc được
303,smell,,không đọc được
304,smell,,không đọc được
305,smell,positive,không đọc được
306,smell,,positive
307,smell,positive,không đọc được
308,smell,,không đọc được
309,smell,,không đọc được
310,smell,,không đọc được
311,smell,,không đọc được
312,smell,,không đọc được
314,smell,positive,
315,smell,,không đọc được
317,smell,,không đọc được
318,smell,,không đọc được
319,smell,,không đọc được
320,smell,negative,không đọc được
321,smell,,không đọc được
322,smell,,không đọc được
323,smell,,không đọc được
324,smell,positive,
325,smell,,không đọc được
327,smell,,không đọc được
328,smell,positive,không đọc được
329,smell,positive,không đọc được
330,smell,,không đọc được
331,smell,,không đọc được
335,smell,,không đọc được
336,smell,,không đọc được
337,smell,,không đọc được
341,smell,,không đọc được
342,smell,,không đọc được
343,smell,,không đọc được
344,smell,positive,không đọc được
345,smell,,không đọc được
347,smell,,positive
351,smell,,không đọc được
352,smell,negative,positive
357,smell,,không đọc được
359,smell,,không đọc được
360,smell,,positive
361,smell,,không đọc được
362,smell,,không đọc được
364,smell,,không đọc được
367,smell,,không đọc được
368,smell,,không đọc được
369,smell,,không đọc được
370,smell,positive,không đọc được
371,smell,,không đọc được
372,smell,,negative
373,smell,,positive
374,smell,,không đọc được
375,smell,,không đọc được
376,smell,,không đọc được
377,smell,,không đọc được
378,smell,positive,negative
382,smell,,không đọc được
385,smell,,không đọc được
387,smell,,không đọc được
388,smell,,không đọc được
389,smell,,không đọc được
391,smell,,không đọc được
392,smell,,không đọc được
393,smell,,không đọc được
395,smell,,không đọc được
396,smell,,không đọc được
397,smell,,không đọc được
398,smell,,positive
399,smell,positive,không đọc được
400,smell,,không đọc được
401,smell,,không đọc được
403,smell,,không đọc được
406,smell,,không đọc được
407,smell,,positive
408,smell,,không đọc được
410,smell,,không đọc được
411,smell,positive,không đọc được
414,smell,,positive
415,smell,positive,
417,smell,,không đọc được
419,smell,positive,không đọc được
421,smell,,không đọc được
425,smell,,không đọc được
426,smell,,không đọc được
428,smell,,không đọc được
429,smell,,không đọc được
430,smell,negative,không đọc được
431,smell,,không đọc được
432,smell,,không đọc được
433,smell,,không đọc được
434,smell,positive,negative
435,smell,,không đọc được
436,smell,,không đọc được
438,smell,,không đọc được
439,smell,,không đọc được
440,smell,,không đọc được
441,smell,,không đọc được
442,smell,,không đọc được
443,smell,,không đọc được
445,smell,positive,không đọc được
448,smell,,không đọc được
449,smell,positive,
451,smell,positive,không đọc được
453,smell,,không đọc được
455,smell,positive,không đọc được
458,smell,,không đọc được
460,smell,negative,không đọc được
461,smell,,không đọc được
462,smell,,không đọc được
464,smell,,không đọc được
466,smell,,không đọc được
469,smell,,không đọc được
471,smell,,không đọc được
472,smell,,không đọc được
474,smell,,không đọc được
477,smell,,không đọc được
479,smell,,không đọc được
480,smell,,positive
482,smell,,positive
486,smell,,không đọc được
487,smell,,không đọc được
489,smell,,không đọc được
490,smell,,không đọc được
491,smell,positive,không đọc được
494,smell,,không đọc được
495,smell,,không đọc được
497,smell,,không đọc được
498,smell,positive,không đọc được
499,smell,,không đọc được
500,smell,,không đọc được
501,smell,,không đọc được
502,smell,,không đọc được
503,smell,,không đọc được
504,smell,,không đọc được
505,smell,,không đọc được
506,smell,,không đọc được
507,smell,,không đọc được
509,smell,,không đọc được
510,smell,,không đọc được
511,smell,,không đọc được
512,smell,,không đọc được
513,smell,,không đọc được
514,smell,,không đọc được
516,smell,,không đọc được
517,smell,,không đọc được
518,smell,,không đọc được
519,smell,,không đọc được
521,smell,positive,không đọc được
522,smell,,positive
523,smell,,không đọc được
524,smell,,không đọc được
526,smell,,không đọc được
527,smell,,không đọc được
528,smell,,không đọc được
530,smell,,không đọc được
531,smell,,không đọc được
532,smell,,không đọc được
534,smell,,không đọc được
537,smell,,không đọc được
538,smell,,không đọc được
539,smell,,không đọc được
540,smell,positive,không đọc được
541,smell,,không đọc được
542,smell,,không đọc được
545,smell,,không đọc được
546,smell,positive,
547,smell,,không đọc được
548,smell,,không đọc được
550,smell,,không đọc được
551,smell,positive,không đọc được
552,smell,positive,không đọc được
554,smell,,không đọc được
556,smell,,không đọc được
559,smell,positive,không đọc được
560,smell,positive,không đọc được
562,smell,,không đọc được
563,smell,,không đọc được
567,smell,,không đọc được
571,smell,,không đọc được
572,smell,,không đọc được
574,smell,,không đọc được
575,smell,negative,positive
576,smell,,không đọc được
577,smell,,không đọc được
578,smell,,positive
580,smell,,không đọc được
581,smell,,không đọc được
582,smell,negative,không đọc được
583,smell,,không đọc được
584,smell,positive,
585,smell,,không đọc được
587,smell,,không đọc được
588,smell,,không đọc được
591,smell,,không đọc được
594,smell,,không đọc được
595,smell,,không đọc được
596,smell,,positive
599,smell,,không đọc được
600,smell,,không đọc được
601,smell,,không đọc được
603,smell,,không đọc được
604,smell,,không đọc được
607,smell,,không đọc được
608,smell,,không đọc được
609,smell,,không đọc được
610,smell,,không đọc được
611,smell,,không đọc được
613,smell,positive,
615,smell,,không đọc được
616,smell,,không đọc được
617,smell,,không đọc được
618,smell,positive,không đọc được
619,smell,,không đọc được
621,smell,,positive
623,smell,,không đọc được
624,smell,,không đọc được
625,smell,,không đọc được
628,smell,,không đọc được
630,smell,,không đọc được
631,smell,,không đọc được
632,smell,,không đọc được
633,smell,,không đọc được
636,smell,,không đọc được
639,smell,positive,không đọc được
641,smell,,positive
642,smell,,không đọc được
645,smell,,không đọc được
646,smell,positive,không đọc được
647,smell,,không đọc được
649,smell,,positive
650,smell,,không đọc được
651,smell,,không đọc được
652,smell,,không đọc được
654,smell,positive,không đọc được
655,smell,,không đọc được
656,smell,,không đọc được
658,smell,,không đọc được
659,smell,positive,không đọc được
662,smell,positive,
664,smell,,không đọc được
665,smell,,không đọc được
666,smell,,không đọc được
667,smell,,không đọc được
676,smell,,không đọc được
679,smell,,không đọc được
681,smell,,không đọc được
682,smell,,không đọc được
683,smell,,positive
684,smell,,không đọc được
689,smell,positive,không đọc được
692,smell,,không đọc được
693,smell,negative,không đọc được
695,smell,,không đọc được
697,smell,,không đọc được
698,smell,,không đọc được
701,smell,positive,không đọc được
702,smell,,không đọc được
703,smell,,không đọc được
705,smell,,không đọc được
708,smell,positive,không đọc được
709,smell,negative,không đọc được
710,smell,,không đọc được
711,smell,,không đọc được
714,smell,,không đọc được
715,smell,,không đọc được
716,smell,positive,không đọc được
717,smell,,không đọc được
718,smell,,không đọc được
720,smell,,không đọc được
722,smell,,không đọc được
723,smell,,không đọc được
724,smell,,không đọc được
725,smell,,không đọc được
727,smell,positive,không đọc được
728,smell,,không đọc được
729,smell,,không đọc được
731,smell,positive,không đọc được
733,smell,,không đọc được
735,smell,,positive
736,smell,,không đọc được
737,smell,negative,
738,smell,,không đọc được
739,smell,negative,không đọc được
740,smell,positive,không đọc được
741,smell,,positive
742,smell,,không đọc được
743,smell,,không đọc được
745,smell,positive,
746,smell,,positive
747,smell,,không đọc được
748,smell,,không đọc được
749,smell,,không đọc được
750,smell,,positive
751,smell,positive,
755,smell,positive,không đọc được
756,smell,positive,
757,smell,,không đọc được
758,smell,,không đọc được
759,smell,negative,không đọc được
763,smell,positive,không đọc được
765,smell,positive,không đọc được
766,smell,,không đọc được
767,smell,,không đọc được
769,smell,positive,không đọc được
772,smell,positive,không đọc được
773,smell,,negative
778,smell,,không đọc được
780,smell,,không đọc được
781,smell,positive,
782,smell,positive,không đọc được
785,smell,,không đọc được
786,smell,,positive
790,smell,,không đọc được
791,smell,,positive
793,smell,,không đọc được
794,smell,,positive
796,smell,,không đọc được
797,smell,,không đọc được
799,smell,,không đọc được
800,smell,,không đọc được
801,smell,,không đọc được
805,smell,positive,không đọc được
806,smell,,không đọc được
807,smell,,positive
808,smell,positive,không đọc được
809,smell,,không đọc được
810,smell,positive,không đọc được
811,smell,positive,không đọc được
813,smell,positive,không đọc được
814,smell,,không đọc được
816,smell,positive,không đọc được
817,smell,positive,
819,smell,,không đọc được
822,smell,,không đọc được
824,smell,,không đọc được
825,smell,,không đọc được
826,smell,positive,không đọc được
828,smell,,không đọc được
829,smell,,không đọc được
830,smell,,không đọc được
831,smell,,không đọc được
832,smell,,không đọc được
834,smell,negative,không đọc được
835,smell,positive,không đọc được
836,smell,,không đọc được
837,smell,,positive
841,smell,,không đọc được
843,smell,,không đọc được
846,smell,positive,không đọc được
847,smell,,không đọc được
848,smell,,không đọc được
849,smell,,không đọc được
850,smell,,không đọc được
851,smell,,không đọc được
852,smell,,không đọc được
855,smell,,không đọc được
856,smell,,không đọc được
858,smell,,không đọc được
859,smell,positive,không đọc được
860,smell,,không đọc được
861,smell,,không đọc được
862,smell,,không đọc được
863,smell,positive,không đọc được
864,smell,,positive
865,smell,,không đọc được
867,smell,,không đọc được
868,smell,,không đọc được
871,smell,negative,
872,smell,,không đọc được
873,smell,,không đọc được
874,smell,positive,không đọc được
875,smell,,không đọc được
877,smell,,không đọc được
878,smell,positive,không đọc được
880,smell,positive,không đọc được
881,smell,,không đọc được
885,smell,,không đọc được
886,smell,,không đọc được
887,smell,,không đọc được
888,smell,,không đọc được
889,smell,,không đọc được
890,smell,,không đọc được
891,smell,negative,không đọc được
894,smell,,không đọc được
896,smell,,không đọc được
898,smell,,không đọc được
899,smell,positive,không đọc được
900,smell,,không đọc được
903,smell,positive,không đọc được
904,smell,,không đọc được
905,smell,,không đọc được
906,smell,positive,
907,smell,,không đọc được
908,smell,,positive
909,smell,,không đọc được
910,smell,,positive
911,smell,,không đọc được
912,smell,,không đọc được
914,smell,,không đọc được
915,smell,,không đọc được
916,smell,,không đọc được
917,smell,negative,positive
918,smell,,không đọc được
919,smell,positive,không đọc được
920,smell,positive,negative
921,smell,,không đọc được
922,smell,,không đọc được
924,smell,positive,không đọc được
925,smell,,không đọc được
926,smell,positive,negative
928,smell,,không đọc được
929,smell,,không đọc được
930,smell,,không đọc được
932,smell,,không đọc được
935,smell,,không đọc được
936,smell,,không đọc được
939,smell,positive,không đọc được
940,smell,,không đọc được
941,smell,positive,không đọc được
942,smell,positive,không đọc được
943,smell,positive,không đọc được
945,smell,,không đọc được
949,smell,negative,không đọc được
950,smell,,không đọc được
951,smell,positive,không đọc được
952,smell,,không đọc được
954,smell,,không đọc được
959,smell,,không đọc được
960,smell,,không đọc được
962,smell,positive,không đọc được
963,smell,,không đọc được
965,smell,,không đọc được
966,smell,,không đọc được
967,smell,,không đọc được
968,smell,,không đọc được
972,smell,,không đọc được
973,smell,positive,không đọc được
974,smell,negative,không đọc được
975,smell,,không đọc được
976,smell,positive,
977,smell,,không đọc được
979,smell,negative,không đọc được
980,smell,,không đọc được
981,smell,,không đọc được
982,smell,,positive
983,smell,positive,không đọc được
984,smell,,không đọc được
985,smell,,không đọc được
987,smell,,không đọc được
988,smell,,không đọc được
991,smell,,không đọc được
993,smell,,không đọc được
998,smell,,không đọc được
999,smell,,không đọc được
1000,smell,,không đọc được
1001,smell,,không đọc được
1002,smell,,positive
1003,smell,,không đọc được
1005,smell,,không đọc được
1006,smell,positive,không đọc được
1007,smell,,không đọc được
1008,smell,,không đọc được
1009,smell,,không đọc được
1011,smell,,không đọc được
1012,smell,positive,không đọc được
1013,smell,,positive
1015,smell,positive,không đọc được
1016,smell,,không đọc được
1018,smell,positive,không đọc được
1019,smell,,không đọc được
1020,smell,positive,không đọc được
1021,smell,positive,không đọc được
1023,smell,,không đọc được
1024,smell,positive,negative
1025,smell,,không đọc được
1027,smell,positive,không đọc được
1029,smell,,không đọc được
1030,smell,,không đọc được
1032,smell,positive,không đọc được
1033,smell,,không đọc được
1035,smell,,không đọc được
1037,smell,,không đọc được
1038,smell,,không đọc được
1039,smell,positive,
1041,smell,,không đọc được
1042,smell,positive,không đọc được
1043,smell,,không đọc được
1044,smell,,không đọc được
1045,smell,negative,không đọc được
1047,smell,,không đọc được
1048,smell,,không đọc được
1050,smell,,không đọc được
1052,smell,,không đọc được
1054,smell,,không đọc được
1057,smell,positive,negative
1059,smell,,không đọc được
1061,smell,,không đọc được
1062,smell,,không đọc được
1063,smell,,không đọc được
1064,smell,,không đọc được
1066,smell,,không đọc được
1068,smell,,không đọc được
1069,smell,,không đọc được
1071,smell,positive,không đọc được
1072,smell,,positive
1073,smell,,không đọc được
1076,smell,,không đọc được
1077,smell,,không đọc được
1079,smell,,không đọc được
1083,smell,,không đọc được
1085,smell,,không đọc được
1086,smell,,không đọc được
1087,smell,,không đọc được
1089,smell,positive,không đọc được
1090,smell,,không đọc được
1092,smell,,không đọc được
1093,smell,,không đọc được
1094,smell,,không đọc được
1095,smell,,không đọc được
1096,smell,,không đọc được
1098,smell,positive,không đọc được
1099,smell,,không đọc được
1100,smell,,không đọc được
1101,smell,,không đọc được
1103,smell,positive,không đọc được
1104,smell,,positive
1105,smell,,không đọc được
1106,smell,,không đọc được
1109,smell,,không đọc được
1110,smell,positive,không đọc được
1111,smell,,không đọc được
1113,smell,,không đọc được
1114,smell,positive,không đọc được
1115,smell,,không đọc được
1120,smell,,không đọc được
1121,smell,,không đọc được
1122,smell,,không đọc được
1124,smell,,không đọc được
1125,smell,positive,không đọc được
1126,smell,,không đọc được
1128,smell,,không đọc được
1132,smell,,không đọc được
1133,smell,,positive
1134,smell,,không đọc được
1135,smell,positive,không đọc được
1136,smell,,không đọc được
1137,smell,,không đọc được
1140,smell,,không đọc được
1142,smell,,positive
1143,smell,,không đọc được
1145,smell,,không đọc được
1146,smell,,không đọc được
1147,smell,,positive
1148,smell,,positive
1150,smell,,không đọc được
1152,smell,,không đọc được
1153,smell,,không đọc được
1154,smell,,positive
1156,smell,,không đọc được
1157,smell,negative,không đọc được
1158,smell,,không đọc được
1161,smell,,không đọc được
1163,smell,,không đọc được
1164,smell,,positive
1165,smell,positive,negative
1166,smell,,không đọc được
1167,smell,,không đọc được
1168,smell,,không đọc được
1169,smell,negative,không đọc được
1170,smell,,không đọc được
1173,smell,,không đọc được
1174,smell,,không đọc được
1175,smell,,không đọc được
1177,smell,,không đọc được
1179,smell,positive,không đọc được
1180,smell,,positive
1181,smell,,không đọc được
1182,smell,positive,không đọc được
1186,smell,,không đọc được
1187,smell,,positive
1188,smell,positive,không đọc được
1189,smell,,không đọc được
1190,smell,,không đọc được
1191,smell,,không đọc được
1193,smell,,không đọc được
1194,smell,positive,không đọc được
1195,smell,,không đọc được
1196,smell,,không đọc được
1197,smell,,không đọc được
1198,smell,,không đọc được
1199,smell,positive,không đọc được
1201,smell,,không đọc được
1203,smell,,không đọc được
1204,smell,positive,
1205,smell,,không đọc được
1208,smell,positive,không đọc được
1209,smell,positive,không đọc được
1210,smell,positive,không đọc được
1211,smell,,không đọc được
1212,smell,,không đọc được
1214,smell,,không đọc được
1215,smell,,không đọc được
1216,smell,positive,
1217,smell,negative,
1218,smell,,positive
1220,smell,,không đọc được
1223,smell,,không đọc được
1225,smell,,không đọc được
1226,smell,positive,không đọc được
1227,smell,,không đọc được
1228,smell,negative,
1229,smell,,positive
1231,smell,,không đọc được
1232,smell,,không đọc được
1233,smell,,không đọc được
1234,smell,,không đọc được
1235,smell,,không đọc được
1238,smell,,không đọc được
1239,smell,positive,
1240,smell,positive,không đọc được
1241,smell,,không đọc được
1245,smell,positive,
1246,smell,,không đọc được
1247,smell,,không đọc được
1250,smell,negative,không đọc được
1252,smell,positive,không đọc được
1255,smell,,không đọc được
1256,smell,,không đọc được
1257,smell,,không đọc được
1258,smell,,không đọc được
1259,smell,,không đọc được
1260,smell,,không đọc được
1261,smell,,positive
1266,smell,,không đọc được
1267,smell,,không đọc được
1268,smell,,không đọc được
1269,smell,,không đọc được
1270,smell,positive,
1273,smell,,không đọc được
1274,smell,,không đọc được
1275,smell,,không đọc được
1279,smell,,không đọc được
1280,smell,,không đọc được
1282,smell,,không đọc được
1283,smell,,không đọc được
1284,smell,positive,không đọc được
1285,smell,positive,
1287,smell,,không đọc được
1288,smell,,không đọc được
1290,smell,,không đọc được
1291,smell,positive,không đọc được
1292,smell,,không đọc được
1293,smell,,không đọc được
1295,smell,,positive
1296,smell,,không đọc được
1297,smell,,không đọc được
1298,smell,,không đọc được
1301,smell,,không đọc được
1302,smell,,không đọc được
1303,smell,positive,
1307,smell,,không đọc được
1309,smell,,không đọc được
1310,smell,,không đọc được
1311,smell,,không đọc được
1312,smell,,không đọc được
1313,smell,,không đọc được
1314,smell,,không đọc được
1315,smell,positive,không đọc được
1316,smell,,không đọc được
1317,smell,,không đọc được
1318,smell,negative,không đọc được
1320,smell,,không đọc được
1323,smell,,không đọc được
1324,smell,,không đọc được
1325,smell,,không đọc được
1326,smell,,không đọc được
1327,smell,,không đọc được
1329,smell,,không đọc được
1331,smell,positive,không đọc được
1332,smell,,không đọc được
1334,smell,positive,không đọc được
1335,smell,,không đọc được
1337,smell,,không đọc được
1338,smell,,không đọc được
1341,smell,negative,không đọc được
1342,smell,,không đọc được
1343,smell,,không đọc được
1344,smell,,không đọc được
1345,smell,,không đọc được
1346,smell,,positive
1349,smell,positive,không đọc được
1351,smell,,không đọc được
1353,smell,,không đọc được
1354,smell,,không đọc được
1355,smell,,không đọc được
1358,smell,,không đọc được
1359,smell,positive,không đọc được
1360,smell,,không đọc được
1363,smell,,không đọc được
1365,smell,,không đọc được
1367,smell,,không đọc được
1368,smell,,không đọc được
1369,smell,,không đọc được
1371,smell,,không đọc được
1372,smell,,không đọc được
1373,smell,,không đọc được
1374,smell,,không đọc được
1375,smell,,không đọc được
1376,smell,,không đọc được
1377,smell,,không đọc được
1378,smell,,positive
1382,smell,,không đọc được
1385,smell,,không đọc được
1389,smell,,không đọc được
1390,smell,positive,không đọc được
1393,smell,,không đọc được
1394,smell,,không đọc được
1395,smell,,không đọc được
1397,smell,,không đọc được
1399,smell,negative,không đọc được
1400,smell,,không đọc được
1401,smell,positive,không đọc được
1402,smell,negative,
1403,smell,,không đọc được
1404,smell,,positive
1406,smell,,không đọc được
1407,smell,,không đọc được
1410,smell,positive,không đọc được
1411,smell,,positive
1412,smell,,không đọc được
1414,smell,,không đọc được
1415,smell,,không đọc được
1416,smell,,không đọc được
1419,smell,,không đọc được
1421,smell,,không đọc được
1423,smell,,không đọc được
1424,smell,,không đọc được
1425,smell,,không đọc được
1427,smell,,không đọc được
1428,smell,,không đọc được
1429,smell,,positive
1431,smell,,không đọc được
1434,smell,,không đọc được
1436,smell,,không đọc được
1437,smell,,không đọc được
1438,smell,,không đọc được
1439,smell,,không đọc được
1440,smell,positive,không đọc được
1442,smell,,không đọc được
1443,smell,,không đọc được
1444,smell,,không đọc được
1446,smell,positive,không đọc được
1447,smell,,không đọc được
1448,smell,,không đọc được
1449,smell,,không đọc được
1452,smell,,không đọc được
1453,smell,,không đọc được
1454,smell,positive,không đọc được
1455,smell,positive,
1456,smell,positive,không đọc được
1457,smell,,không đọc được
1458,smell,,không đọc được
1459,smell,positive,
1462,smell,,positive
1463,smell,positive,không đọc được
1465,smell,,không đọc được
1468,smell,,không đọc được
1469,smell,,không đọc được
1472,smell,,không đọc được
1473,smell,,không đọc được
1474,smell,,không đọc được
1477,smell,,không đọc được
1478,smell,positive,
1479,smell,,positive
1480,smell,,không đọc được
1481,smell,,không đọc được
1482,smell,,không đọc được
1483,smell,positive,không đọc được
1484,smell,,không đọc được
1487,smell,positive,
1488,smell,,không đọc được
1489,smell,,positive
1490,smell,,không đọc được
1492,smell,positive,
1495,smell,,không đọc được
1496,smell,positive,không đọc được
1497,smell,,không đọc được
1498,smell,negative,
1499,smell,,positive
1500,smell,positive,không đọc được
1502,smell,,không đọc được
1504,smell,,không đọc được
1505,smell,positive,không đọc được
1506,smell,positive,không đọc được
1507,smell,negative,không đọc được
1508,smell,,không đọc được
1510,smell,,positive
1511,smell,,không đọc được
1512,smell,,không đọc được
1513,smell,,không đọc được
1514,smell,positive,không đọc được
1517,smell,,không đọc được
1518,smell,,positive
1520,smell,,positive
1522,smell,,không đọc được
1524,smell,,không đọc được
1525,smell,,không đọc được
1527,smell,,không đọc được
1528,smell,,không đọc được
1529,smell,positive,không đọc được
1530,smell,,không đọc được
1531,smell,positive,không đọc được
1532,smell,,không đọc được
1533,smell,,không đọc được
1536,smell,,không đọc được
1537,smell,,không đọc được
1538,smell,,không đọc được
1539,smell,,không đọc được
1540,smell,,không đọc được
1542,smell,,không đọc được
1543,smell,,không đọc được
1546,smell,,không đọc được
1547,smell,,không đọc được
1548,smell,,không đọc được
1551,smell,,không đọc được
1552,smell,,không đọc được
1554,smell,,không đọc được
1557,smell,,không đọc được
1558,smell,positive,không đọc được
1559,smell,,không đọc được
1560,smell,,không đọc được
1561,smell,,không đọc được
1563,smell,,không đọc được
1565,smell,positive,không đọc được
1566,smell,positive,
1567,smell,,không đọc được
1568,smell,,positive
1569,smell,,không đọc được
1571,smell,,positive
1573,smell,,không đọc được
1574,smell,positive,negative
1578,smell,,không đọc được
1579,smell,,không đọc được
1580,smell,,không đọc được
1581,smell,,không đọc được
1583,smell,,không đọc được
1584,smell,,không đọc được
1585,smell,,không đọc được
1587,smell,,không đọc được
1588,smell,positive,không đọc được
1593,smell,positive,không đọc được
1594,smell,positive,
1595,smell,,không đọc được
1596,smell,,không đọc được
1597,smell,negative,không đọc được
1598,smell,,không đọc được
1599,smell,,không đọc được
1600,smell,,không đọc được
1601,smell,,không đọc được
1603,smell,,không đọc được
1604,smell,,không đọc được
1605,smell,,positive
1607,smell,,không đọc được
1608,smell,,không đọc được
1609,smell,,không đọc được
1610,smell,,không đọc được
1611,smell,positive,không đọc được
1612,smell,,không đọc được
1613,smell,,không đọc được
1614,smell,,không đọc được
1616,smell,,không đọc được
1619,smell,positive,không đọc được
1620,smell,negative,positive
1621,smell,,không đọc được
1,price,,không đọc được
2,price,,không đọc được
3,price,,positive
4,price,,không đọc được
5,price,,không đọc được
7,price,positive,không đọc được
8,price,,không đọc được
10,price,,không đọc được
12,price,,không đọc được
13,price,,không đọc được
14,price,,không đọc được
15,price,,positive
17,price,,không đọc được
19,price,,không đọc được
21,price,,không đọc được
23,price,,positive
24,price,,không đọc được
25,price,positive,không đọc được
27,price,positive,không đọc được
28,price,,positive
30,price,positive,
31,price,,không đọc được
32,price,positive,
35,price,,không đọc được
36,price,,không đọc được
37,price,,không đọc được
38,price,,không đọc được
39,price,positive,
40,price,,không đọc được
41,price,,không đọc được
43,price,positive,
44,price,positive,
45,price,,không đọc được
48,price,,không đọc được
49,price,,không đọc được
50,price,,không đọc được
51,price,,không đọc được
52,price,negative,không đọc được
54,price,positive,không đọc được
55,price,positive,không đọc được
56,price,,không đọc được
58,price,positive,không đọc được
61,price,,không đọc được
62,price,,không đọc được
63,price,positive,
64,price,,không đọc được
66,price,,không đọc được
67,price,,không đọc được
70,price,,không đọc được
71,price,,không đọc được
74,price,positive,
75,price,positive,
76,price,,không đọc được
79,price,,không đọc được
85,price,positive,không đọc được
86,price,positive,
87,price,,không đọc được
89,price,,không đọc được
90,price,,không đọc được
91,price,,không đọc được
92,price,,positive
95,price,positive,không đọc được
98,price,,không đọc được
99,price,positive,không đọc được
100,price,positive,không đọc được
103,price,,không đọc được
104,price,,không đọc được
106,price,,không đọc được
107,price,,không đọc được
110,price,positive,không đọc được
112,price,,không đọc được
113,price,,không đọc được
115,price,,không đọc được
116,price,,không đọc được
117,price,,không đọc được
118,price,,không đọc được
119,price,,không đọc được
120,price,,không đọc được
122,price,,không đọc được
123,price,positive,không đọc được
124,price,,không đọc được
125,price,,không đọc được
128,price,,không đọc được
129,price,positive,
130,price,positive,không đọc được
132,price,positive,không đọc được
136,price,,không đọc được
137,price,positive,không đọc được
139,price,,không đọc được
140,price,,negative
141,price,positive,không đọc được
142,price,,không đọc được
143,price,positive,không đọc được
145,price,positive,
146,price,positive,không đọc được
147,price,,không đọc được
148,price,,không đọc được
149,price,,không đọc được
151,price,,không đọc được
152,price,,không đọc được
153,price,,không đọc được
154,price,negative,
155,price,,không đọc được
156,price,positive,
157,price,,không đọc được
158,price,,không đọc được
159,price,,không đọc được
161,price,,không đọc được
163,price,,không đọc được
165,price,,không đọc được
166,price,,không đọc được
167,price,positive,không đọc được
168,price,,không đọc được
169,price,,positive
170,price,,positive
171,price,,không đọc được
175,price,positive,không đọc được
176,price,,không đọc được
180,price,,không đọc được
181,price,,không đọc được
184,price,,không đọc được
186,price,positive,
187,price,,không đọc được
188,price,,không đọc được
189,price,positive,không đọc được
191,price,positive,không đọc được
196,price,positive,không đọc được
197,price,,không đọc được
198,price,,không đọc được
199,price,,không đọc được
200,price,positive,
201,price,,không đọc được
202,price,positive,
203,price,,không đọc được
204,price,,không đọc được
206,price,,không đọc được
210,price,,không đọc được
211,price,positive,không đọc được
212,price,,không đọc được
213,price,,không đọc được
214,price,,không đọc được
217,price,positive,không đọc được
218,price,positive,
219,price,,không đọc được
220,price,,không đọc được
221,price,,không đọc được
222,price,positive,
223,price,,không đọc được
224,price,,không đọc được
225,price,,không đọc được
226,price,,không đọc được
228,price,positive,
229,price,,không đọc được
231,price,,không đọc được
233,price,positive,
234,price,,không đọc được
237,price,,không đọc được
238,price,positive,
242,price,,không đọc được
243,price,positive,không đọc được
244,price,,không đọc được
246,price,,không đọc được
248,price,,không đọc được
250,price,negative,không đọc được
251,price,,không đọc được
253,price,positive,không đọc được
254,price,,không đọc được
255,price,,không đọc được
256,price,positive,
257,price,positive,
258,price,,không đọc được
259,price,,không đọc được
261,price,,không đọc được
262,price,positive,không đọc được
264,price,,không đọc được
265,price,,không đọc được
266,price,,không đọc được
269,price,,không đọc được
270,price,,không đọc được
271,price,,không đọc được
272,price,positive,không đọc được
273,price,,positive
274,price,,không đọc được
275,price,,không đọc được
276,price,,không đọc được
278,price,,positive
279,price,positive,
280,price,,không đọc được
281,price,positive,không đọc được
285,price,,không đọc được
286,price,,không đọc được
289,price,positive,
290,price,positive,không đọc được
291,price,,không đọc được
292,price,,không đọc được
293,price,,positive
294,price,,không đọc được
295,price,positive,
296,price,,không đọc được
297,price,,không đọc được
298,price,,không đọc được
299,price,,không đọc được
300,price,positive,
301,price,,không đọc được
302,price,,không đọc được
303,price,positive,không đọc được
304,price,,không đọc được
305,price,positive,không đọc được
307,price,,không đọc được
308,price,,không đọc được
309,price,positive,không đọc được
310,price,,không đọc được
311,price,,không đọc được
312,price,,không đọc được
315,price,positive,không đọc được
317,price,,không đọc được
318,price,,không đọc được
319,price,positive,không đọc được
320,price,,không đọc được
321,price,,không đọc được
322,price,,không đọc được
323,price,,không đọc được
325,price,,không đọc được
327,price,positive,không đọc được
328,price,,không đọc được
329,price,,không đọc được
330,price,,không đọc được
331,price,,không đọc được
335,price,,không đọc được
336,price,,không đọc được
337,price,,không đọc được
341,price,,không đọc được
342,price,positive,không đọc được
343,price,,không đọc được
344,price,,không đọc được
345,price,,không đọc được
347,price,,positive
349,price,positive,
351,price,,không đọc được
357,price,,không đọc được
359,price,,không đọc được
361,price,,không đọc được
362,price,positive,không đọc được
364,price,,không đọc được
367,price,,không đọc được
368,price,,không đọc được
369,price,,không đọc được
370,price,positive,không đọc được
371,price,,không đọc được
373,price,,positive
374,price,,không đọc được
375,price,,không đọc được
376,price,,không đọc được
377,price,positive,không đọc được
380,price,,không đọc được
382,price,,không đọc được
383,price,positive,
385,price,,không đọc được
387,price,,không đọc được
388,price,,không đọc được
389,price,,không đọc được
391,price,,không đọc được
392,price,positive,không đọc được
393,price,,không đọc được
395,price,,không đọc được
396,price,,không đọc được
397,price,positive,không đọc được
398,price,,positive
399,price,,không đọc được
400,price,,không đọc được
401,price,,không đọc được
403,price,,không đọc được
406,price,positive,không đọc được
407,price,,positive
408,price,positive,không đọc được
410,price,positive,không đọc được
411,price,positive,không đọc được
412,price,positive,
414,price,,positive
417,price,,không đọc được
419,price,,không đọc được
421,price,,không đọc được
422,price,positive,
424,price,positive,
425,price,,không đọc được
426,price,,không đọc được
428,price,,không đọc được
429,price,,không đọc được
430,price,positive,không đọc được
431,price,,không đọc được
432,price,,không đọc được
433,price,,không đọc được
435,price,,không đọc được
436,price,,không đọc được
438,price,,không đọc được
439,price,,không đọc được
440,price,,không đọc được
441,price,,không đọc được
442,price,,không đọc được
443,price,,không đọc được
445,price,positive,không đọc được
448,price,positive,không đọc được
451,price,,không đọc được
453,price,positive,không đọc được
455,price,,không đọc được
458,price,,không đọc được
460,price,,không đọc được
461,price,,không đọc được
462,price,,không đọc được
464,price,,không đọc được
466,price,,không đọc được
468,price,positive,
469,price,,không đọc được
471,price,,không đọc được
472,price,positive,không đọc được
474,price,,không đọc được
475,price,positive,
477,price,,không đọc được
479,price,positive,không đọc được
482,price,,positive
486,price,,không đọc được
487,price,,không đọc được
489,price,,không đọc được
490,price,,không đọc được
491,price,,không đọc được
494,price,,không đọc được
495,price,,không đọc được
496,price,positive,
497,price,positive,không đọc được
498,price,positive,không đọc được
499,price,positive,không đọc được
500,price,,không đọc được
501,price,,không đọc được
502,price,,không đọc được
503,price,,không đọc được
504,price,positive,không đọc được
505,price,positive,không đọc được
506,price,positive,không đọc được
507,price,,không đọc được
509,price,,không đọc được
510,price,,không đọc được
511,price,,không đọc được
512,price,,không đọc được
513,price,,không đọc được
514,price,,không đọc được
516,price,,không đọc được
517,price,,không đọc được
518,price,,không đọc được
519,price,,không đọc được
521,price,positive,không đọc được
523,price,,không đọc được
524,price,positive,không đọc được
525,price,positive,
526,price,,không đọc được
527,price,positive,không đọc được
528,price,,không đọc được
530,price,positive,không đọc được
531,price,,không đọc được
532,price,,không đọc được
534,price,positive,không đọc được
536,price,,positive
537,price,,không đọc được
538,price,,không đọc được
539,price,,không đọc được
540,price,,không đọc được
541,price,,không đọc được
542,price,,không đọc được
545,price,,không đọc được
547,price,,không đọc được
548,price,,không đọc được
550,price,,không đọc được
551,price,,không đọc được
552,price,,không đọc được
554,price,,không đọc được
556,price,,không đọc được
559,price,,không đọc được
560,price,,không đọc được
562,price,,không đọc được
563,price,,không đọc được
567,price,,không đọc được
570,price,positive,
571,price,,không đọc được
572,price,,không đọc được
574,price,,không đọc được
576,price,positive,không đọc được
577,price,,không đọc được
580,price,,không đọc được
581,price,,không đọc được
582,price,positive,không đọc được
583,price,,không đọc được
585,price,,không đọc được
586,price,positive,
587,price,,không đọc được
588,price,,không đọc được
591,price,,không đọc được
594,price,positive,không đọc được
595,price,,không đọc được
596,price,,positive
599,price,positive,không đọc được
600,price,,không đọc được
601,price,,không đọc được
603,price,,không đọc được
604,price,,không đọc được
607,price,,không đọc được
608,price,,không đọc được
609,price,,không đọc được
610,price,,không đọc được
611,price,,không đọc được
615,price,,không đọc được
616,price,,không đọc được
617,price,,không đọc được
618,price,,không đọc được
619,price,positive,không đọc được
621,price,,positive
623,price,,không đọc được
624,price,,không đọc được
625,price,,không đọc được
628,price,,không đọc được
629,price,positive,
630,price,,không đọc được
631,price,,không đọc được
632,price,,không đọc được
633,price,,không đọc được
636,price,,không đọc được
638,price,,không đọc được
639,price,,không đọc được
641,price,,positive
642,price,positive,không đọc được
643,price,positive,
645,price,,không đọc được
646,price,,không đọc được
647,price,,không đọc được
650,price,,không đọc được
651,price,positive,không đọc được
652,price,,không đọc được
654,price,,không đọc được
655,price,positive,không đọc được
656,price,,không đọc được
658,price,,không đọc được
659,price,,không đọc được
664,price,,không đọc được
665,price,,không đọc được
666,price,,không đọc được
667,price,,không đọc được
668,price,positive,
676,price,positive,không đọc được
679,price,,không đọc được
681,price,,không đọc được
682,price,,không đọc được
683,price,,positive
684,price,,không đọc được
687,price,positive,
689,price,positive,không đọc được
692,price,,không đọc được
693,price,negative,không đọc được
695,price,,không đọc được
697,price,,không đọc được
698,price,positive,không đọc được
699,price,positive,
701,price,,không đọc được
702,price,,không đọc được
703,price,,không đọc được
704,price,positive,không đọc được
705,price,,không đọc được
707,price,positive,
708,price,,không đọc được
709,price,,không đọc được
710,price,,không đọc được
711,price,,không đọc được
714,price,,không đọc được
715,price,,không đọc được
716,price,,không đọc được
717,price,,không đọc được
718,price,,không đọc được
719,price,positive,
722,price,,không đọc được
723,price,,không đọc được
724,price,,không đọc được
725,price,,không đọc được
727,price,,không đọc được
728,price,,không đọc được
729,price,positive,không đọc được
731,price,,không đọc được
732,price,positive,
733,price,,không đọc được
735,price,,positive
736,price,,không đọc được
738,price,,không đọc được
739,price,,không đọc được
740,price,,không đọc được
742,price,,không đọc được
743,price,,không đọc được
746,price,,positive
747,price,,không đọc được
748,price,,không đọc được
749,price,,không đọc được
750,price,,positive
753,price,positive,
755,price,,không đọc được
757,price,,không đọc được
758,price,,không đọc được
759,price,,không đọc được
763,price,positive,không đọc được
765,price,,không đọc được
766,price,positive,không đọc được
767,price,,không đọc được
769,price,,không đọc được
771,price,positive,không đọc được
772,price,positive,không đọc được
775,price,positive,
778,price,,không đọc được
780,price,,không đọc được
782,price,,không đọc được
783,price,positive,
785,price,positive,không đọc được
790,price,,không đọc được
791,price,,positive
793,price,,không đọc được
796,price,positive,không đọc được
797,price,,không đọc được
799,price,,không đọc được
800,price,,không đọc được
801,price,,không đọc được
805,price,,không đọc được
806,price,,không đọc được
808,price,,không đọc được
809,price,positive,không đọc được
810,price,,không đọc được
811,price,,không đọc được
813,price,,không đọc được
814,price,,không đọc được
815,price,positive,
816,price,,không đọc được
817,price,positive,
819,price,positive,không đọc được
821,price,positive,
822,price,,không đọc được
824,price,,không đọc được
825,price,,không đọc được
826,price,,không đọc được
828,price,,không đọc được
829,price,,không đọc được
830,price,,không đọc được
831,price,positive,không đọc được
832,price,,không đọc được
833,price,positive,
834,price,,không đọc được
835,price,,không đọc được
836,price,,không đọc được
837,price,,positive
840,price,positive,
841,price,positive,không đọc được
843,price,,không đọc được
846,price,,không đọc được
847,price,,không đọc được
848,price,,không đọc được
849,price,,không đọc được
850,price,,không đọc được
851,price,,không đọc được
852,price,positive,không đọc được
854,price,,positive
855,price,,không đọc được
856,price,,không đọc được
858,price,,không đọc được
859,price,,không đọc được
860,price,positive,không đọc được
861,price,,không đọc được
862,price,,không đọc được
863,price,,không đọc được
865,price,,không đọc được
867,price,positive,không đọc được
868,price,,không đọc được
870,price,positive,
872,price,positive,không đọc được
873,price,,không đọc được
874,price,positive,không đọc được
875,price,,không đọc được
876,price,,không đọc được
877,price,,không đọc được
878,price,,không đọc được
880,price,,không đọc được
881,price,,không đọc được
882,price,positive,
885,price,positive,không đọc được
886,price,,không đọc được
887,price,,không đọc được
888,price,positive,không đọc được
889,price,,không đọc được
890,price,positive,không đọc được
891,price,positive,không đọc được
892,price,positive,
894,price,,không đọc được
896,price,,không đọc được
898,price,,không đọc được
899,price,,không đọc được
900,price,,không đọc được
902,price,positive,
903,price,,không đọc được
904,price,positive,không đọc được
905,price,,không đọc được
907,price,,không đọc được
909,price,,không đọc được
911,price,,không đọc được
912,price,,không đọc được
913,price,,không đọc được
914,price,,không đọc được
915,price,,không đọc được
916,price,,không đọc được
917,price,positive,
918,price,,không đọc được
919,price,,không đọc được
921,price,,không đọc được
922,price,,không đọc được
923,price,positive,
924,price,positive,không đọc được
925,price,,không đọc được
928,price,,không đọc được
929,price,,không đọc được
930,price,,không đọc được
932,price,,không đọc được
935,price,,không đọc được
936,price,,không đọc được
939,price,,không đọc được
940,price,,không đọc được
941,price,,không đọc được
942,price,,không đọc được
943,price,,không đọc được
945,price,,không đọc được
947,price,positive,
948,price,,positive
949,price,positive,không đọc được
950,price,,không đọc được
951,price,,không đọc được
952,price,,không đọc được
953,price,positive,
954,price,,không đọc được
955,price,positive,
957,price,positive,
959,price,positive,không đọc được
960,price,,không đọc được
962,price,,không đọc được
963,price,,không đọc được
965,price,,không đọc được
966,price,,không đọc được
967,price,,không đọc được
968,price,,không đọc được
969,price,positive,
972,price,,không đọc được
973,price,,không đọc được
974,price,positive,không đọc được
975,price,,không đọc được
976,price,positive,
977,price,,không đọc được
978,price,positive,
979,price,,không đọc được
980,price,,không đọc được
981,price,,không đọc được
982,price,,positive
983,price,positive,không đọc được
984,price,,không đọc được
985,price,,không đọc được
987,price,,không đọc được
988,price,positive,không đọc được
991,price,,không đọc được
993,price,,không đọc được
995,price,,không đọc được
998,price,,không đọc được
999,price,positive,không đọc được
1000,price,positive,không đọc được
1001,price,,không đọc được
1003,price,,không đọc được
1005,price,,không đọc được
1006,price,,không đọc được
1007,price,,không đọc được
1008,price,,không đọc được
1009,price,,không đọc được
1011,price,,không đọc được
1012,price,,không đọc được
1013,price,,positive
1015,price,,không đọc được
1016,price,positive,không đọc được
1017,price,positive,
1018,price,,không đọc được
1019,price,,không đọc được
1020,price,,không đọc được
1021,price,,không đọc được
1023,price,positive,không đọc được
1025,price,,không đọc được
1027,price,,không đọc được
1029,price,,không đọc được
1030,price,,không đọc được
1031,price,positive,
1032,price,,không đọc được
1033,price,,không đọc được
1035,price,,không đọc được
1037,price,positive,không đọc được
1038,price,,không đọc được
1040,price,positive,negative
1041,price,,không đọc được
1042,price,positive,không đọc được
1043,price,,không đọc được
1044,price,,không đọc được
1045,price,positive,không đọc được
1047,price,,không đọc được
1048,price,positive,không đọc được
1050,price,,không đọc được
1052,price,,không đọc được
1053,price,positive,
1054,price,,không đọc được
1055,price,positive,
1059,price,,không đọc được
1060,price,positive,
1061,price,,không đọc được
1062,price,,không đọc được
1063,price,,không đọc được
1064,price,,không đọc được
1066,price,positive,không đọc được
1068,price,,không đọc được
1069,price,,không đọc được
1071,price,,không đọc được
1072,price,positive,
1073,price,positive,không đọc được
1076,price,,không đọc được
1077,price,,không đọc được
1079,price,positive,không đọc được
1083,price,,không đọc được
1084,price,,không đọc được
1085,price,,không đọc được
1086,price,,không đọc được
1087,price,positive,không đọc được
1089,price,positive,không đọc được
1090,price,,không đọc được
1092,price,,không đọc được
1093,price,,không đọc được
1094,price,positive,không đọc được
1095,price,,không đọc được
1096,price,,không đọc được
1098,price,,không đọc được
1099,price,,không đọc được
1100,price,positive,không đọc được
1101,price,,không đọc được
1103,price,,không đọc được
1104,price,,positive
1105,price,,không đọc được
1106,price,,không đọc được
1109,price,,không đọc được
1110,price,positive,không đọc được
1111,price,,không đọc được
1113,price,,không đọc được
1114,price,,không đọc được
1115,price,,không đọc được
1120,price,,không đọc được
1121,price,,không đọc được
1122,price,,không đọc được
1123,price,positive,
1124,price,,không đọc được
1125,price,,không đọc được
1126,price,,không đọc được
1128,price,,không đọc được
1130,price,positive,
1132,price,,không đọc được
1133,price,,positive
1134,price,,không đọc được
1135,price,,không đọc được
1136,price,,không đọc được
1137,price,,không đọc được
1140,price,,không đọc được
1142,price,,positive
1143,price,,không đọc được
1144,price,positive,
1145,price,,không đọc được
1146,price,,không đọc được
1147,price,,positive
1148,price,,positive
1150,price,,không đọc được
1152,price,,không đọc được
1153,price,,không đọc được
1154,price,,positive
1156,price,,không đọc được
1157,price,positive,không đọc được
1158,price,,không đọc được
1161,price,,không đọc được
1163,price,,không đọc được
1165,price,positive,
1166,price,positive,không đọc được
1167,price,,không đọc được
1168,price,,không đọc được
1169,price,positive,không đọc được
1170,price,,không đọc được
1173,price,,không đọc được
1174,price,,không đọc được
1175,price,,không đọc được
1177,price,,không đọc được
1179,price,positive,không đọc được
1181,price,,không đọc được
1182,price,,không đọc được
1186,price,,không đọc được
1188,price,,không đọc được
1189,price,positive,không đọc được
1190,price,positive,không đọc được
1191,price,,không đọc được
1193,price,,không đọc được
1194,price,,không đọc được
1195,price,,không đọc được
1196,price,,không đọc được
1197,price,,không đọc được
1198,price,positive,không đọc được
1199,price,,không đọc được
1200,price,positive,
1201,price,,không đọc được
1203,price,,không đọc được
1204,price,positive,
1205,price,positive,không đọc được
1208,price,positive,không đọc được
1209,price,,không đọc được
1210,price,positive,không đọc được
1211,price,,không đọc được
1212,price,,không đọc được
1214,price,,không đọc được
1215,price,,không đọc được
1217,price,positive,
1220,price,,không đọc được
1223,price,,không đọc được
1224,price,positive,
1225,price,,không đọc được
1226,price,positive,không đọc được
1227,price,,không đọc được
1231,price,,không đọc được
1232,price,,không đọc được
1233,price,,không đọc được
1234,price,,không đọc được
1235,price,,không đọc được
1236,price,positive,
1238,price,positive,không đọc được
1240,price,,không đọc được
1241,price,,không đọc được
1242,price,positive,
1243,price,positive,
1244,price,positive,
1246,price,,không đọc được
1247,price,,không đọc được
1250,price,,không đọc được
1252,price,positive,không đọc được
1253,price,positive,
1254,price,positive,
1255,price,,không đọc được
1256,price,,không đọc được
1257,price,,không đọc được
1258,price,,không đọc được
1259,price,positive,không đọc được
1260,price,,không đọc được
1266,price,,không đọc được
1267,price,positive,không đọc được
1268,price,positive,không đọc được
1269,price,,không đọc được
1270,price,positive,
1273,price,,không đọc được
1274,price,,không đọc được
1275,price,,không đọc được
1279,price,,không đọc được
1280,price,positive,không đọc được
1282,price,,không đọc được
1283,price,negative,không đọc được
1284,price,,không đọc được
1287,price,,không đọc được
1288,price,,không đọc được
1290,price,,không đọc được
1291,price,positive,không đọc được
1292,price,,không đọc được
1293,price,,không đọc được
1295,price,,positive
1296,price,,không đọc được
1297,price,,không đọc được
1298,price,positive,không đọc được
1301,price,,không đọc được
1302,price,,không đọc được
1305,price,positive,
1306,price,positive,
1307,price,,không đọc được
1309,price,,không đọc được
1310,price,,không đọc được
1311,price,,không đọc được
1312,price,,không đọc được
1313,price,,không đọc được
1314,price,,không đọc được
1315,price,,không đọc được
1316,price,,không đọc được
1317,price,,không đọc được
1318,price,,không đọc được
1319,price,,positive
1320,price,,không đọc được
1323,price,,không đọc được
1324,price,,không đọc được
1325,price,,không đọc được
1326,price,,không đọc được
1327,price,,không đọc được
1329,price,positive,không đọc được
1331,price,,không đọc được
1332,price,,không đọc được
1334,price,,không đọc được
1335,price,,không đọc được
1337,price,positive,không đọc được
1338,price,,không đọc được
1341,price,positive,không đọc được
1342,price,,không đọc được
1343,price,,không đọc được
1344,price,,không đọc được
1345,price,,không đọc được
1346,price,,positive
1349,price,,không đọc được
1350,price,positive,
1351,price,,không đọc được
1353,price,,không đọc được
1354,price,,không đọc được
1355,price,,không đọc được
1358,price,positive,không đọc được
1359,price,,không đọc được
1360,price,,không đọc được
1363,price,,không đọc được
1364,price,positive,
1365,price,,không đọc được
1367,price,positive,không đọc được
1368,price,,không đọc được
1369,price,,không đọc được
1371,price,,không đọc được
1372,price,positive,không đọc được
1373,price,,không đọc được
1374,price,,không đọc được
1375,price,,không đọc được
1376,price,positive,không đọc được
1377,price,,không đọc được
1381,price,positive,
1382,price,,không đọc được
1384,price,,không đọc được
1385,price,,không đọc được
1389,price,,không đọc được
1390,price,,không đọc được
1392,price,positive,
1393,price,,không đọc được
1394,price,,không đọc được
1395,price,,không đọc được
1397,price,,không đọc được
1399,price,,không đọc được
1400,price,,không đọc được
1401,price,positive,không đọc được
1403,price,,không đọc được
1404,price,,positive
1406,price,,không đọc được
1407,price,,không đọc được
1410,price,positive,không đọc được
1411,price,,positive
1412,price,positive,không đọc được
1413,price,positive,
1414,price,,không đọc được
1415,price,,không đọc được
1416,price,,không đọc được
1417,price,negative,
1419,price,positive,không đọc được
1420,price,positive,
1421,price,,không đọc được
1423,price,,không đọc được
1424,price,,không đọc được
1425,price,positive,không đọc được
1427,price,,không đọc được
1428,price,positive,không đọc được
1430,price,positive,
1431,price,,không đọc được
1434,price,positive,không đọc được
1436,price,,không đọc được
1437,price,,không đọc được
1438,price,,không đọc được
1439,price,,không đọc được
1440,price,,không đọc được
1442,price,positive,không đọc được
1443,price,,không đọc được
1444,price,positive,không đọc được
1446,price,,không đọc được
1447,price,,không đọc được
1448,price,positive,không đọc được
1449,price,,không đọc được
1452,price,,không đọc được
1453,price,,không đọc được
1454,price,,không đọc được
1456,price,,không đọc được
1457,price,positive,không đọc được
1458,price,,không đọc được
1462,price,,positive
1463,price,positive,không đọc được
1465,price,positive,không đọc được
1468,price,,không đọc được
1469,price,,không đọc được
1470,price,positive,
1471,price,positive,
1472,price,,không đọc được
1473,price,positive,không đọc được
1474,price,,không đọc được
1477,price,,không đọc được
1479,price,,positive
1480,price,,không đọc được
1481,price,positive,không đọc được
1482,price,,không đọc được
1483,price,,không đọc được
1484,price,positive,không đọc được
1488,price,,không đọc được
1489,price,,positive
1490,price,positive,không đọc được
1493,price,,không đọc được
1495,price,positive,không đọc được
1496,price,positive,không đọc được
1497,price,,không đọc được
1498,price,positive,
1499,price,,positive
1500,price,,không đọc được
1502,price,,không đọc được
1504,price,,không đọc được
1505,price,positive,không đọc được
1506,price,positive,không đọc được
1507,price,,không đọc được
1508,price,,không đọc được
1511,price,,không đọc được
1512,price,,không đọc được
1513,price,,không đọc được
1514,price,,không đọc được
1517,price,,không đọc được
1518,price,,positive
1520,price,,positive
1521,price,positive,
1522,price,,không đọc được
1524,price,positive,không đọc được
1525,price,,không đọc được
1527,price,,không đọc được
1528,price,positive,không đọc được
1529,price,,không đọc được
1530,price,,không đọc được
1531,price,,không đọc được
1532,price,,không đọc được
1533,price,,không đọc được
1536,price,,không đọc được
1537,price,,không đọc được
1538,price,,không đọc được
1539,price,positive,không đọc được
1540,price,,không đọc được
1542,price,,không đọc được
1543,price,,không đọc được
1544,price,positive,
1546,price,,không đọc được
1547,price,,không đọc được
1548,price,positive,không đọc được
1551,price,,không đọc được
1552,price,positive,không đọc được
1553,price,positive,
1554,price,,không đọc được
1555,price,positive,
1557,price,positive,không đọc được
1558,price,positive,không đọc được
1559,price,,không đọc được
1560,price,positive,không đọc được
1561,price,,không đọc được
1562,price,,không đọc được
1563,price,positive,không đọc được
1565,price,,không đọc được
1567,price,,không đọc được
1569,price,,không đọc được
1573,price,,không đọc được
1577,price,positive,
1578,price,positive,không đọc được
1579,price,,không đọc được
1580,price,,không đọc được
1581,price,,không đọc được
1583,price,,không đọc được
1584,price,positive,không đọc được
1585,price,,không đọc được
1586,price,positive,
1587,price,,không đọc được
1588,price,,không đọc được
1593,price,,không đọc được
1595,price,,không đọc được
1596,price,,không đọc được
1597,price,,không đọc được
1598,price,,không đọc được
1599,price,,không đọc được
1600,price,,không đọc được
1601,price,positive,không đọc được
1603,price,,không đọc được
1604,price,,không đọc được
1605,price,,positive
1606,price,positive,
1607,price,,không đọc được
1608,price,,không đọc được
1609,price,,không đọc được
1610,price,,không đọc được
1611,price,,không đọc được
1612,price,positive,không đọc được
1613,price,,không đọc được
1614,price,,không đọc được
1616,price,,không đọc được
1619,price,positive,không đọc được
1620,price,,positive
1621,price,,không đọc được
1,colour,,không đọc được
2,colour,,không đọc được
3,colour,,positive
4,colour,,không đọc được
5,colour,positive,không đọc được
7,colour,,không đọc được
8,colour,positive,không đọc được
10,colour,positive,không đọc được
11,colour,positive,
12,colour,positive,không đọc được
13,colour,positive,không đọc được
14,colour,,không đọc được
15,colour,,positive
16,colour,negative,
17,colour,,không đọc được
19,colour,positive,không đọc được
21,colour,positive,không đọc được
23,colour,,positive
24,colour,,không đọc được
25,colour,,không đọc được
27,colour,,không đọc được
28,colour,,positive
30,colour,positive,
31,colour,positive,không đọc được
32,colour,positive,
34,colour,negative,
36,colour,positive,không đọc được
37,colour,,không đọc được
38,colour,,không đọc được
40,colour,positive,không đọc được
41,colour,positive,không đọc được
43,colour,positive,
45,colour,negative,không đọc được
46,colour,negative,
47,colour,positive,
48,colour,positive,không đọc được
49,colour,positive,không đọc được
50,colour,positive,không đọc được
51,colour,,không đọc được
52,colour,,không đọc được
54,colour,positive,không đọc được
55,colour,positive,không đọc được
56,colour,,không đọc được
58,colour,positive,không đọc được
61,colour,,không đọc được
62,colour,,không đọc được
64,colour,,không đọc được
65,colour,positive,
66,colour,positive,không đọc được
67,colour,,không đọc được
68,colour,positive,
70,colour,positive,không đọc được
71,colour,,không đọc được
74,colour,positive,
75,colour,positive,
76,colour,,không đọc được
78,colour,positive,
81,colour,positive,
85,colour,,không đọc được
87,colour,,không đọc được
88,colour,negative,
89,colour,,không đọc được
90,colour,,không đọc được
91,colour,,không đọc được
93,colour,positive,
94,colour,positive,
98,colour,,không đọc được
99,colour,,không đọc được
100,colour,,không đọc được
103,colour,positive,không đọc được
104,colour,negative,không đọc được
106,colour,positive,không đọc được
107,colour,positive,không đọc được
108,colour,positive,
110,colour,positive,không đọc được
112,colour,,không đọc được
113,colour,positive,không đọc được
115,colour,,không đọc được
116,colour,,không đọc được
118,colour,positive,không đọc được
119,colour,,không đọc được
120,colour,,không đọc được
122,colour,positive,không đọc được
123,colour,,không đọc được
125,colour,,không đọc được
126,colour,positive,
128,colour,,không đọc được
131,colour,positive,
132,colour,positive,không đọc được
135,colour,positive,
136,colour,,không đọc được
137,colour,positive,không đọc được
138,colour,,positive
139,colour,,không đọc được
140,colour,,negative
141,colour,positive,không đọc được
142,colour,positive,không đọc được
143,colour,,không đọc được
144,colour,positive,
146,colour,positive,không đọc được
147,colour,,không đọc được
148,colour,,không đọc được
149,colour,negative,không đọc được
151,colour,,không đọc được
152,colour,,không đọc được
153,colour,positive,không đọc được
155,colour,positive,không đọc được
156,colour,positive,
157,colour,positive,không đọc được
158,colour,positive,không đọc được
159,colour,positive,không đọc được
160,colour,positive,
161,colour,positive,không đọc được
163,colour,,không đọc được
165,colour,,không đọc được
166,colour,,không đọc được
167,colour,,không đọc được
168,colour,positive,không đọc được
170,colour,,positive
171,colour,,không đọc được
175,colour,positive,không đọc được
176,colour,positive,không đọc được
177,colour,positive,
180,colour,positive,không đọc được
181,colour,positive,không đọc được
182,colour,negative,
183,colour,positive,
184,colour,,không đọc được
186,colour,,positive
187,colour,positive,không đọc được
188,colour,,không đọc được
189,colour,,không đọc được
191,colour,,không đọc được
196,colour,positive,không đọc được
197,colour,,không đọc được
198,colour,positive,không đọc được
199,colour,positive,không đọc được
201,colour,,không đọc được
202,colour,positive,
203,colour,,không đọc được
204,colour,,không đọc được
206,colour,positive,không đọc được
207,colour,positive,
208,colour,positive,
209,colour,positive,
210,colour,,không đọc được
211,colour,,không đọc được
212,colour,positive,không đọc được
213,colour,negative,không đọc được
214,colour,,không đọc được
215,colour,positive,
216,colour,,positive
217,colour,positive,không đọc được
219,colour,,không đọc được
220,colour,,không đọc được
221,colour,positive,không đọc được
222,colour,positive,
223,colour,positive,không đọc được
224,colour,,không đọc được
225,colour,,không đọc được
226,colour,positive,không đọc được
229,colour,positive,không đọc được
230,colour,positive,
231,colour,,không đọc được
233,colour,positive,
234,colour,,không đọc được
237,colour,positive,không đọc được
239,colour,positive,
242,colour,,không đọc được
243,colour,,không đọc được
244,colour,,không đọc được
246,colour,,không đọc được
248,colour,positive,không đọc được
250,colour,negative,không đọc được
251,colour,positive,không đọc được
253,colour,positive,không đọc được
254,colour,,không đọc được
255,colour,,không đọc được
256,colour,positive,
258,colour,,không đọc được
261,colour,positive,không đọc được
262,colour,,không đọc được
264,colour,positive,không đọc được
265,colour,,không đọc được
266,colour,positive,không đọc được
269,colour,,không đọc được
270,colour,,không đọc được
271,colour,,không đọc được
272,colour,,không đọc được
273,colour,,positive
274,colour,positive,không đọc được
275,colour,positive,không đọc được
276,colour,,không đọc được
277,colour,positive,
280,colour,positive,không đọc được
281,colour,positive,không đọc được
282,colour,positive,
283,colour,positive,
284,colour,positive,
285,colour,positive,không đọc được
286,colour,,không đọc được
290,colour,negative,không đọc được
291,colour,,không đọc được
292,colour,negative,không đọc được
294,colour,positive,không đọc được
296,colour,,không đọc được
297,colour,negative,không đọc được
298,colour,positive,không đọc được
299,colour,positive,không đọc được
301,colour,positive,không đọc được
302,colour,positive,không đọc được
303,colour,,không đọc được
307,colour,,không đọc được
308,colour,,không đọc được
309,colour,positive,không đọc được
310,colour,positive,không đọc được
311,colour,,không đọc được
312,colour,,không đọc được
315,colour,positive,không đọc được
317,colour,positive,không đọc được
318,colour,,không đọc được
319,colour,,không đọc được
320,colour,positive,không đọc được
321,colour,positive,không đọc được
322,colour,positive,không đọc được
323,colour,negative,không đọc được
325,colour,,không đọc được
326,colour,positive,
327,colour,positive,không đọc được
328,colour,,không đọc được
329,colour,positive,không đọc được
330,colour,,không đọc được
333,colour,positive,
334,colour,negative,
335,colour,,không đọc được
336,colour,,không đọc được
337,colour,,không đọc được
339,colour,positive,
340,colour,positive,
342,colour,,không đọc được
344,colour,negative,không đọc được
345,colour,,không đọc được
346,colour,positive,
347,colour,,positive
350,colour,positive,
351,colour,positive,không đọc được
355,colour,positive,
357,colour,,không đọc được
359,colour,,không đọc được
361,colour,,không đọc được
362,colour,,không đọc được
364,colour,positive,không đọc được
367,colour,,không đọc được
368,colour,,không đọc được
369,colour,,không đọc được
370,colour,negative,không đọc được
371,colour,,không đọc được
374,colour,positive,không đọc được
375,colour,positive,không đọc được
376,colour,positive,không đọc được
377,colour,negative,không đọc được
380,colour,positive,không đọc được
382,colour,positive,không đọc được
383,colour,positive,
385,colour,positive,không đọc được
387,colour,positive,không đọc được
388,colour,,không đọc được
389,colour,positive,không đọc được
391,colour,,không đọc được
392,colour,positive,không đọc được
393,colour,positive,không đọc được
394,colour,positive,
395,colour,,không đọc được
396,colour,positive,không đọc được
397,colour,positive,không đọc được
398,colour,,positive
399,colour,positive,không đọc được
400,colour,,không đọc được
401,colour,,không đọc được
403,colour,positive,không đọc được
406,colour,positive,không đọc được
407,colour,negative,positive
408,colour,,không đọc được
409,colour,negative,
410,colour,positive,không đọc được
411,colour,,không đọc được
412,colour,positive,
413,colour,positive,
414,colour,,positive
417,colour,,không đọc được
419,colour,positive,không đọc được
420,colour,negative,
421,colour,,không đọc được
425,colour,,không đọc được
426,colour,positive,không đọc được
428,colour,,không đọc được
429,colour,,không đọc được
430,colour,positive,không đọc được
431,colour,,không đọc được
432,colour,,không đọc được
433,colour,,không đọc được
435,colour,,không đọc được
436,colour,positive,không đọc được
438,colour,positive,không đọc được
439,colour,,không đọc được
440,colour,positive,không đọc được
441,colour,negative,không đọc được
442,colour,positive,không đọc được
443,colour,,không đọc được
445,colour,,không đọc được
447,colour,positive,
448,colour,positive,không đọc được
451,colour,,không đọc được
453,colour,,không đọc được
455,colour,,không đọc được
456,colour,positive,
458,colour,positive,không đọc được
460,colour,,không đọc được
462,colour,,không đọc được
464,colour,,không đọc được
465,colour,,positive
466,colour,,không đọc được
468,colour,positive,
469,colour,,không đọc được
471,colour,,không đọc được
472,colour,,không đọc được
474,colour,,không đọc được
475,colour,positive,
477,colour,positive,không đọc được
478,colour,positive,
479,colour,,không đọc được
482,colour,,positive
484,colour,positive,
487,colour,,không đọc được
489,colour,positive,không đọc được
490,colour,,không đọc được
491,colour,positive,không đọc được
493,colour,positive,
494,colour,positive,không đọc được
495,colour,,không đọc được
497,colour,positive,không đọc được
498,colour,positive,không đọc được
499,colour,,không đọc được
500,colour,,không đọc được
501,colour,positive,không đọc được
502,colour,,không đọc được
503,colour,positive,không đọc được
504,colour,positive,không đọc được
505,colour,,không đọc được
506,colour,positive,không đọc được
507,colour,,không đọc được
509,colour,positive,không đọc được
510,colour,,không đọc được
511,colour,,không đọc được
512,colour,,không đọc được
513,colour,positive,không đọc được
514,colour,negative,không đọc được
516,colour,,không đọc được
517,colour,positive,không đọc được
518,colour,,không đọc được
519,colour,positive,không đọc được
521,colour,positive,không đọc được
522,colour,,positive
523,colour,,không đọc được
524,colour,positive,không đọc được
525,colour,positive,
526,colour,,không đọc được
527,colour,positive,không đọc được
528,colour,positive,không đọc được
530,colour,positive,không đọc được
531,colour,,không đọc được
532,colour,,không đọc được
534,colour,,không đọc được
536,colour,,positive
537,colour,negative,không đọc được
538,colour,negative,không đọc được
539,colour,positive,không đọc được
540,colour,,không đọc được
541,colour,,không đọc được
542,colour,negative,không đọc được
543,colour,positive,
545,colour,,không đọc được
546,colour,positive,
547,colour,positive,không đọc được
548,colour,positive,không đọc được
550,colour,,không đọc được
552,colour,positive,không đọc được
554,colour,positive,không đọc được
556,colour,,không đọc được
559,colour,positive,không đọc được
560,colour,positive,không đọc được
562,colour,positive,không đọc được
563,colour,,không đọc được
566,colour,positive,
567,colour,,không đọc được
568,colour,positive,
571,colour,,không đọc được
572,colour,,không đọc được
574,colour,,không đọc được
576,colour,positive,không đọc được
577,colour,positive,không đọc được
579,colour,positive,
580,colour,positive,không đọc được
581,colour,positive,không đọc được
582,colour,,không đọc được
583,colour,,không đọc được
585,colour,,không đọc được
587,colour,,không đọc được
588,colour,negative,không đọc được
589,colour,positive,
591,colour,,không đọc được
592,colour,positive,
594,colour,positive,không đọc được
595,colour,positive,không đọc được
596,colour,,positive
599,colour,,không đọc được
600,colour,positive,không đọc được
601,colour,,không đọc được
602,colour,positive,
603,colour,,không đọc được
604,colour,,không đọc được
607,colour,,không đọc được
608,colour,,không đọc được
610,colour,,không đọc được
611,colour,positive,không đọc được
613,colour,positive,
615,colour,,không đọc được
617,colour,,không đọc được
618,colour,negative,không đọc được
619,colour,positive,không đọc được
621,colour,,positive
623,colour,negative,không đọc được
624,colour,,không đọc được
625,colour,,không đọc được
628,colour,,không đọc được
629,colour,positive,
630,colour,negative,không đọc được
631,colour,,không đọc được
632,colour,,không đọc được
633,colour,negative,không đọc được
635,colour,positive,
636,colour,,không đọc được
637,colour,positive,
638,colour,positive,không đọc được
639,colour,,không đọc được
640,colour,positive,
641,colour,,positive
642,colour,,không đọc được
644,colour,,positive
645,colour,,không đọc được
646,colour,positive,không đọc được
647,colour,,không đọc được
649,colour,,positive
650,colour,positive,không đọc được
651,colour,positive,không đọc được
652,colour,positive,không đọc được
654,colour,positive,không đọc được
655,colour,,không đọc được
656,colour,,không đọc được
658,colour,,không đọc được
659,colour,,không đọc được
660,colour,positive,
664,colour,,không đọc được
665,colour,,không đọc được
666,colour,positive,không đọc được
668,colour,positive,
671,colour,positive,
676,colour,,không đọc được
679,colour,,không đọc được
680,colour,positive,
681,colour,,không đọc được
682,colour,positive,không đọc được
683,colour,,positive
684,colour,positive,không đọc được
685,colour,positive,
686,colour,positive,
689,colour,positive,không đọc được
691,colour,positive,
692,colour,,không đọc được
693,colour,,không đọc được
695,colour,,không đọc được
697,colour,positive,không đọc được
698,colour,positive,không đọc được
699,colour,positive,
701,colour,negative,không đọc được
702,colour,,không đọc được
703,colour,positive,không đọc được
704,colour,positive,không đọc được
705,colour,,không đọc được
707,colour,positive,
708,colour,positive,không đọc được
709,colour,,không đọc được
710,colour,positive,không đọc được
711,colour,,không đọc được
712,colour,positive,
714,colour,,không đọc được
715,colour,,không đọc được
716,colour,positive,không đọc được
717,colour,,không đọc được
718,colour,,không đọc được
720,colour,,không đọc được
722,colour,,không đọc được
723,colour,,không đọc được
724,colour,,không đọc được
726,colour,positive,
727,colour,positive,không đọc được
728,colour,positive,không đọc được
729,colour,positive,không đọc được
731,colour,positive,không đọc được
732,colour,positive,
733,colour,positive,không đọc được
735,colour,,positive
736,colour,,không đọc được
737,colour,positive,
738,colour,,không đọc được
739,colour,positive,không đọc được
740,colour,,không đọc được
741,colour,,positive
742,colour,,không đọc được
743,colour,positive,không đọc được
746,colour,,positive
747,colour,positive,không đọc được
748,colour,,không đọc được
749,colour,,không đọc được
750,colour,,positive
755,colour,,không đọc được
756,colour,positive,
757,colour,,không đọc được
758,colour,positive,không đọc được
759,colour,positive,không đọc được
760,colour,positive,
761,colour,positive,
762,colour,positive,
763,colour,,không đọc được
765,colour,positive,không đọc được
766,colour,,không đọc được
767,colour,,không đọc được
768,colour,positive,
769,colour,,không đọc được
771,colour,,không đọc được
773,colour,positive,
775,colour,positive,
776,colour,positive,
777,colour,positive,
778,colour,,không đọc được
780,colour,positive,không đọc được
781,colour,positive,
782,colour,,không đọc được
785,colour,positive,không đọc được
786,colour,,positive
790,colour,positive,không đọc được
791,colour,,positive
792,colour,negative,
793,colour,,không đọc được
795,colour,positive,
796,colour,,không đọc được
797,colour,positive,không đọc được
799,colour,,không đọc được
800,colour,negative,không đọc được
803,colour,positive,
805,colour,positive,không đọc được
807,colour,positive,
808,colour,negative,không đọc được
809,colour,positive,không đọc được
810,colour,positive,không đọc được
811,colour,positive,không đọc được
813,colour,negative,không đọc được
814,colour,positive,không đọc được
816,colour,,không đọc được
819,colour,positive,không đọc được
822,colour,,không đọc được
824,colour,positive,không đọc được
825,colour,,không đọc được
826,colour,,không đọc được
828,colour,positive,không đọc được
829,colour,positive,không đọc được
830,colour,positive,không đọc được
831,colour,positive,không đọc được
832,colour,,không đọc được
834,colour,positive,không đọc được
835,colour,positive,không đọc được
836,colour,,không đọc được
837,colour,,positive
838,colour,positive,
841,colour,positive,không đọc được
842,colour,positive,
843,colour,,không đọc được
844,colour,,positive
845,colour,positive,
846,colour,,không đọc được
847,colour,positive,không đọc được
848,colour,,không đọc được
850,colour,,không đọc được
851,colour,positive,không đọc được
852,colour,,không đọc được
855,colour,positive,không đọc được
856,colour,positive,không đọc được
858,colour,positive,không đọc được
859,colour,positive,không đọc được
860,colour,,không đọc được
861,colour,,không đọc được
862,colour,,không đọc được
863,colour,,không đọc được
865,colour,positive,không đọc được
867,colour,positive,không đọc được
868,colour,positive,không đọc được
870,colour,positive,
871,colour,positive,
872,colour,,không đọc được
873,colour,positive,không đọc được
874,colour,positive,không đọc được
875,colour,positive,không đọc được
876,colour,negative,không đọc được
877,colour,,không đọc được
878,colour,positive,không đọc được
879,colour,positive,
880,colour,positive,không đọc được
881,colour,positive,không đọc được
882,colour,positive,
885,colour,,không đọc được
886,colour,positive,không đọc được
887,colour,,không đọc được
888,colour,,không đọc được
889,colour,,không đọc được
890,colour,,không đọc được
891,colour,positive,không đọc được
892,colour,positive,
893,colour,positive,
894,colour,positive,không đọc được
895,colour,positive,
896,colour,positive,không đọc được
899,colour,,không đọc được
900,colour,,không đọc được
902,colour,positive,
903,colour,positive,không đọc được
904,colour,negative,không đọc được
905,colour,positive,không đọc được
907,colour,positive,không đọc được
909,colour,positive,không đọc được
911,colour,,không đọc được
912,colour,,không đọc được
913,colour,positive,không đọc được
914,colour,positive,không đọc được
915,colour,,không đọc được
916,colour,positive,không đọc được
918,colour,positive,không đọc được
919,colour,positive,không đọc được
920,colour,positive,
921,colour,,không đọc được
922,colour,positive,không đọc được
923,colour,positive,
924,colour,positive,không đọc được
925,colour,positive,không đọc được
926,colour,negative,
927,colour,positive,
928,colour,positive,không đọc được
929,colour,,không đọc được
930,colour,positive,không đọc được
932,colour,,không đọc được
935,colour,,không đọc được
936,colour,positive,không đọc được
937,colour,positive,
939,colour,,không đọc được
940,colour,,không đọc được
941,colour,,không đọc được
942,colour,positive,không đọc được
943,colour,,không đọc được
945,colour,positive,không đọc được
948,colour,,positive
949,colour,positive,không đọc được
950,colour,,không đọc được
951,colour,positive,không đọc được
954,colour,,không đọc được
957,colour,positive,
958,colour,positive,
959,colour,positive,không đọc được
960,colour,positive,không đọc được
962,colour,,không đọc được
963,colour,,không đọc được
965,colour,negative,không đọc được
966,colour,,không đọc được
967,colour,positive,không đọc được
968,colour,,không đọc được
970,colour,positive,
972,colour,positive,không đọc được
973,colour,positive,không đọc được
974,colour,positive,không đọc được
975,colour,,không đọc được
976,colour,positive,
977,colour,negative,không đọc được
979,colour,positive,không đọc được
980,colour,,không đọc được
981,colour,,không đọc được
982,colour,,positive
983,colour,positive,không đọc được
984,colour,,không đọc được
985,colour,,không đọc được
987,colour,,không đọc được
988,colour,positive,không đọc được
991,colour,,không đọc được
992,colour,positive,
993,colour,,không đọc được
995,colour,,không đọc được
998,colour,positive,không đọc được
999,colour,positive,không đọc được
1000,colour,,không đọc được
1001,colour,positive,không đọc được
1003,colour,,không đọc được
1004,colour,positive,
1005,colour,,không đọc được
1006,colour,,không đọc được
1007,colour,,không đọc được
1009,colour,,không đọc được
1010,colour,positive,
1011,colour,,không đọc được
1012,colour,,không đọc được
1013,colour,,positive
1014,colour,positive,
1015,colour,,không đọc được
1016,colour,positive,không đọc được
1018,colour,positive,không đọc được
1019,colour,positive,không đọc được
1021,colour,,không đọc được
1022,colour,positive,
1023,colour,,không đọc được
1024,colour,positive,
1025,colour,,không đọc được
1026,colour,positive,
1027,colour,,không đọc được
1029,colour,,không đọc được
1030,colour,,không đọc được
1032,colour,positive,không đọc được
1033,colour,,không đọc được
1034,colour,negative,
1035,colour,,không đọc được
1037,colour,positive,không đọc được
1038,colour,positive,không đọc được
1040,colour,,negative
1041,colour,,không đọc được
1043,colour,,không đọc được
1044,colour,positive,không đọc được
1045,colour,positive,không đọc được
1047,colour,positive,không đọc được
1048,colour,positive,không đọc được
1050,colour,positive,không đọc được
1052,colour,,không đọc được
1053,colour,positive,
1054,colour,positive,không đọc được
1056,colour,positive,
1057,colour,,negative
1059,colour,,không đọc được
1060,colour,positive,
1061,colour,,không đọc được
1062,colour,positive,không đọc được
1063,colour,,không đọc được
1066,colour,,không đọc được
1067,colour,positive,
1068,colour,positive,không đọc được
1069,colour,,không đọc được
1071,colour,positive,không đọc được
1072,colour,,negative
1073,colour,positive,không đọc được
1074,colour,positive,
1076,colour,positive,không đọc được
1077,colour,,không đọc được
1079,colour,positive,không đọc được
1080,colour,positive,
1082,colour,positive,
1083,colour,,không đọc được
1085,colour,,không đọc được
1086,colour,positive,không đọc được
1087,colour,,không đọc được
1089,colour,,không đọc được
1090,colour,,không đọc được
1092,colour,positive,không đọc được
1093,colour,,không đọc được
1094,colour,,không đọc được
1095,colour,,không đọc được
1096,colour,,không đọc được
1097,colour,positive,
1098,colour,,không đọc được
1099,colour,negative,không đọc được
1100,colour,positive,không đọc được
1101,colour,positive,không đọc được
1104,colour,,positive
1105,colour,,không đọc được
1106,colour,positive,không đọc được
1108,colour,positive,
1109,colour,,không đọc được
1110,colour,positive,không đọc được
1111,colour,positive,không đọc được
1112,colour,,positive
1113,colour,,không đọc được
1114,colour,positive,không đọc được
1115,colour,,không đọc được
1117,colour,positive,
1118,colour,,positive
1120,colour,positive,không đọc được
1121,colour,,không đọc được
1122,colour,positive,không đọc được
1123,colour,positive,
1124,colour,,không đọc được
1125,colour,positive,không đọc được
1126,colour,positive,không đọc được
1128,colour,positive,không đọc được
1132,colour,,không đọc được
1134,colour,,không đọc được
1135,colour,positive,không đọc được
1136,colour,,không đọc được
1137,colour,,không đọc được
1140,colour,negative,không đọc được
1142,colour,,positive
1143,colour,positive,không đọc được
1145,colour,,không đọc được
1146,colour,,không đọc được
1147,colour,,positive
1148,colour,,positive
1149,colour,positive,
1150,colour,,không đọc được
1152,colour,,không đọc được
1153,colour,positive,không đọc được
1154,colour,,positive
1156,colour,,không đọc được
1157,colour,positive,không đọc được
1161,colour,positive,không đọc được
1163,colour,,không đọc được
1166,colour,positive,không đọc được
1167,colour,positive,không đọc được
1168,colour,positive,không đọc được
1169,colour,positive,không đọc được
1170,colour,positive,không đọc được
1173,colour,positive,không đọc được
1174,colour,,không đọc được
1175,colour,positive,không đọc được
1177,colour,,không đọc được
1178,colour,positive,
1179,colour,positive,không đọc được
1180,colour,positive,
1181,colour,,không đọc được
1182,colour,positive,không đọc được
1183,colour,negative,
1186,colour,,không đọc được
1187,colour,,positive
1188,colour,positive,không đọc được
1189,colour,positive,không đọc được
1190,colour,,không đọc được
1191,colour,,không đọc được
1193,colour,positive,không đọc được
1194,colour,positive,không đọc được
1195,colour,,không đọc được
1196,colour,,không đọc được
1197,colour,negative,không đọc được
1198,colour,,không đọc được
1199,colour,positive,không đọc được
1200,colour,positive,
1201,colour,,không đọc được
1202,colour,positive,
1203,colour,,không đọc được
1205,colour,,không đọc được
1207,colour,positive,
1208,colour,positive,không đọc được
1209,colour,,không đọc được
1210,colour,,không đọc được
1211,colour,,không đọc được
1212,colour,,không đọc được
1213,colour,positive,
1214,colour,positive,không đọc được
1215,colour,,không đọc được
1218,colour,,positive
1220,colour,positive,không đọc được
1222,colour,positive,
1223,colour,negative,không đọc được
1224,colour,positive,
1225,colour,positive,không đọc được
1226,colour,positive,không đọc được
1227,colour,positive,không đọc được
1229,colour,,positive
1231,colour,positive,không đọc được
1232,colour,positive,không đọc được
1233,colour,positive,không đọc được
1234,colour,positive,không đọc được
1235,colour,,không đọc được
1236,colour,positive,
1238,colour,,không đọc được
1240,colour,,không đọc được
1241,colour,positive,không đọc được
1244,colour,positive,
1245,colour,positive,
1246,colour,,không đọc được
1247,colour,,không đọc được
1250,colour,positive,không đọc được
1253,colour,positive,
1255,colour,,không đọc được
1256,colour,,không đọc được
1257,colour,,không đọc được
1258,colour,positive,không đọc được
1259,colour,,không đọc được
1260,colour,positive,không đọc được
1261,colour,,positive
1266,colour,,không đọc được
1267,colour,,không đọc được
1268,colour,,không đọc được
1269,colour,,không đọc được
1270,colour,positive,
1271,colour,positive,
1272,colour,positive,
1273,colour,positive,không đọc được
1274,colour,,không đọc được
1275,colour,positive,không đọc được
1278,colour,positive,
1279,colour,positive,không đọc được
1280,colour,,không đọc được
1282,colour,,không đọc được
1283,colour,,không đọc được
1287,colour,,không đọc được
1288,colour,,không đọc được
1290,colour,,không đọc được
1291,colour,positive,không đọc được
1292,colour,,không đọc được
1293,colour,,không đọc được
1295,colour,,positive
1296,colour,,không đọc được
1297,colour,positive,không đọc được
1298,colour,positive,không đọc được
1301,colour,positive,không đọc được
1302,colour,,không đọc được
1303,colour,positive,
1305,colour,positive,
1306,colour,positive,
1307,colour,positive,không đọc được
1309,colour,positive,không đọc được
1310,colour,positive,không đọc được
1311,colour,,không đọc được
1312,colour,positive,không đọc được
1313,colour,,không đọc được
1314,colour,positive,không đọc được
1315,colour,positive,không đọc được
1316,colour,,không đọc được
1317,colour,,không đọc được
1318,colour,positive,không đọc được
1320,colour,negative,không đọc được
1321,colour,positive,
1323,colour,,không đọc được
1324,colour,positive,không đọc được
1325,colour,positive,không đọc được
1326,colour,,không đọc được
1327,colour,,không đọc được
1329,colour,,không đọc được
1331,colour,positive,không đọc được
1333,colour,positive,
1334,colour,positive,không đọc được
1335,colour,,không đọc được
1337,colour,positive,không đọc được
1338,colour,positive,không đọc được
1339,colour,positive,
1341,colour,,không đọc được
1342,colour,,không đọc được
1343,colour,,không đọc được
1344,colour,positive,không đọc được
1345,colour,positive,không đọc được
1346,colour,,positive
1349,colour,negative,không đọc được
1351,colour,,không đọc được
1353,colour,positive,không đọc được
1354,colour,,không đọc được
1355,colour,,không đọc được
1358,colour,positive,không đọc được
1359,colour,,không đọc được
1360,colour,,không đọc được
1363,colour,,không đọc được
1365,colour,,không đọc được
1366,colour,positive,
1367,colour,,không đọc được
1368,colour,,không đọc được
1369,colour,positive,không đọc được
1370,colour,positive,
1371,colour,,không đọc được
1372,colour,positive,không đọc được
1373,colour,positive,không đọc được
1374,colour,,không đọc được
1375,colour,positive,không đọc được
1376,colour,,không đọc được
1377,colour,positive,không đọc được
1378,colour,,positive
1381,colour,positive,
1382,colour,,không đọc được
1383,colour,positive,
1385,colour,positive,không đọc được
1386,colour,positive,
1387,colour,positive,
1389,colour,,không đọc được
1390,colour,positive,không đọc được
1391,colour,positive,
1392,colour,positive,
1393,colour,positive,không đọc được
1394,colour,positive,không đọc được
1395,colour,,không đọc được
1396,colour,positive,
1397,colour,,không đọc được
1399,colour,positive,không đọc được
1400,colour,,không đọc được
1403,colour,positive,không đọc được
1404,colour,,positive
1405,colour,positive,
1406,colour,,không đọc được
1407,colour,,không đọc được
1410,colour,positive,không đọc được
1411,colour,,positive
1412,colour,,không đọc được
1413,colour,positive,
1414,colour,,không đọc được
1415,colour,,không đọc được
1416,colour,,không đọc được
1419,colour,,không đọc được
1420,colour,positive,
1421,colour,,không đọc được
1423,colour,,không đọc được
1424,colour,positive,không đọc được
1425,colour,,không đọc được
1427,colour,positive,không đọc được
1428,colour,positive,không đọc được
1429,colour,positive,
1430,colour,positive,
1431,colour,positive,không đọc được
1432,colour,positive,
1433,colour,positive,
1434,colour,,không đọc được
1436,colour,positive,không đọc được
1437,colour,,không đọc được
1438,colour,,không đọc được
1439,colour,,không đọc được
1440,colour,positive,không đọc được
1442,colour,positive,không đọc được
1443,colour,positive,không đọc được
1444,colour,positive,không đọc được
1446,colour,,không đọc được
1447,colour,,không đọc được
1448,colour,positive,không đọc được
1449,colour,positive,không đọc được
1452,colour,positive,không đọc được
1453,colour,,không đọc được
1454,colour,positive,không đọc được
1457,colour,,không đọc được
1458,colour,,không đọc được
1461,colour,,positive
1462,colour,,positive
1463,colour,positive,không đọc được
1464,colour,positive,
1465,colour,positive,không đọc được
1466,colour,positive,
1467,colour,,positive
1468,colour,,không đọc được
1469,colour,,không đọc được
1472,colour,,không đọc được
1473,colour,positive,không đọc được
1474,colour,,không đọc được
1475,colour,positive,
1476,colour,positive,
1477,colour,positive,không đọc được
1478,colour,positive,
1480,colour,positive,không đọc được
1481,colour,positive,không đọc được
1482,colour,positive,không đọc được
1483,colour,positive,không đọc được
1484,colour,positive,không đọc được
1486,colour,positive,
1488,colour,positive,không đọc được
1489,colour,,positive
1490,colour,positive,không đọc được
1493,colour,positive,không đọc được
1495,colour,positive,không đọc được
1496,colour,,không đọc được
1497,colour,,không đọc được
1498,colour,negative,
1499,colour,,positive
1500,colour,positive,không đọc được
1501,colour,positive,
1502,colour,,không đọc được
1503,colour,positive,
1504,colour,,không đọc được
1505,colour,positive,không đọc được
1506,colour,,không đọc được
1507,colour,positive,không đọc được
1508,colour,,không đọc được
1510,colour,positive,
1511,colour,,không đọc được
1512,colour,,không đọc được
1513,colour,,không đọc được
1514,colour,positive,không đọc được
1516,colour,,positive
1517,colour,,không đọc được
1518,colour,,positive
1519,colour,positive,
1520,colour,,positive
1522,colour,positive,không đọc được
1524,colour,,không đọc được
1525,colour,,không đọc được
1527,colour,,không đọc được
1528,colour,,không đọc được
1529,colour,,không đọc được
1530,colour,,không đọc được
1531,colour,positive,không đọc được
1532,colour,negative,không đọc được
1533,colour,,không đọc được
1536,colour,,không đọc được
1537,colour,,không đọc được
1538,colour,,không đọc được
1539,colour,positive,không đọc được
1540,colour,,không đọc được
1541,colour,positive,
1542,colour,,không đọc được
1543,colour,positive,không đọc được
1544,colour,positive,
1546,colour,,không đọc được
1547,colour,,không đọc được
1548,colour,positive,không đọc được
1551,colour,,không đọc được
1552,colour,,không đọc được
1554,colour,,không đọc được
1557,colour,positive,không đọc được
1558,colour,positive,không đọc được
1559,colour,,không đọc được
1560,colour,positive,không đọc được
1561,colour,,không đọc được
1563,colour,,không đọc được
1564,colour,negative,
1565,colour,positive,không đọc được
1569,colour,,không đọc được
1571,colour,,positive
1573,colour,,không đọc được
1574,colour,positive,
1576,colour,positive,
1578,colour,,không đọc được
1579,colour,negative,không đọc được
1580,colour,negative,không đọc được
1581,colour,positive,không đọc được
1583,colour,positive,không đọc được
1584,colour,,không đọc được
1585,colour,positive,không đọc được
1586,colour,positive,
1587,colour,,không đọc được
1588,colour,,không đọc được
1589,colour,positive,
1593,colour,positive,không đọc được
1595,colour,,không đọc được
1596,colour,positive,không đọc được
1597,colour,positive,không đọc được
1598,colour,,không đọc được
1599,colour,,không đọc được
1600,colour,positive,không đọc được
1601,colour,positive,không đọc được
1602,colour,positive,
1603,colour,,không đọc được
1605,colour,,positive
1606,colour,positive,
1607,colour,,không đọc được
1608,colour,,không đọc được
1609,colour,positive,không đọc được
1610,colour,positive,không đọc được
1611,colour,positive,không đọc được
1612,colour,,không đọc được
1613,colour,,không đọc được
1614,colour,,không đọc được
1615,colour,positive,
1616,colour,,không đọc được
1618,colour,positive,
1621,colour,,không đọc được
1622,colour,positive,
1,shipping,positive,không đọc được
2,shipping,,không đọc được
3,shipping,,positive
4,shipping,,không đọc được
5,shipping,,không đọc được
7,shipping,,không đọc được
8,shipping,negative,không đọc được
10,shipping,,không đọc được
12,shipping,,không đọc được
13,shipping,,không đọc được
14,shipping,negative,không đọc được
15,shipping,negative,positive
17,shipping,,không đọc được
19,shipping,,không đọc được
21,shipping,,không đọc được
22,shipping,positive,
23,shipping,,positive
24,shipping,positive,không đọc được
25,shipping,,không đọc được
26,shipping,positive,
27,shipping,,không đọc được
28,shipping,,positive
30,shipping,positive,
31,shipping,positive,không đọc được
33,shipping,negative,
35,shipping,,không đọc được
36,shipping,positive,không đọc được
37,shipping,,không đọc được
38,shipping,positive,không đọc được
39,shipping,positive,
40,shipping,,không đọc được
41,shipping,,không đọc được
43,shipping,negative,
45,shipping,negative,không đọc được
46,shipping,positive,
48,shipping,positive,không đọc được
49,shipping,,không đọc được
50,shipping,,không đọc được
51,shipping,,không đọc được
52,shipping,negative,không đọc được
54,shipping,negative,không đọc được
55,shipping,,không đọc được
56,shipping,,không đọc được
58,shipping,negative,không đọc được
61,shipping,positive,không đọc được
62,shipping,,không đọc được
63,shipping,negative,
64,shipping,,không đọc được
66,shipping,,không đọc được
67,shipping,,không đọc được
70,shipping,,không đọc được
71,shipping,positive,không đọc được
73,shipping,negative,
74,shipping,negative,
76,shipping,,không đọc được
78,shipping,positive,
79,shipping,,không đọc được
85,shipping,positive,không đọc được
87,shipping,negative,không đọc được
89,shipping,,không đọc được
90,shipping,,không đọc được
91,shipping,,không đọc được
92,shipping,,positive
95,shipping,,không đọc được
98,shipping,positive,không đọc được
99,shipping,,không đọc được
100,shipping,,không đọc được
103,shipping,positive,không đọc được
104,shipping,,không đọc được
106,shipping,positive,không đọc được
107,shipping,negative,không đọc được
110,shipping,negative,không đọc được
112,shipping,,không đọc được
113,shipping,,không đọc được
116,shipping,,không đọc được
117,shipping,,không đọc được
118,shipping,,không đọc được
119,shipping,positive,không đọc được
120,shipping,,không đọc được
122,shipping,,không đọc được
123,shipping,positive,không đọc được
124,shipping,,không đọc được
125,shipping,,không đọc được
126,shipping,negative,
128,shipping,,không đọc được
130,shipping,,không đọc được
131,shipping,positive,
132,shipping,,không đọc được
133,shipping,negative,
136,shipping,,không đọc được
137,shipping,,không đọc được
138,shipping,,positive
139,shipping,negative,không đọc được
140,shipping,positive,negative
141,shipping,positive,không đọc được
142,shipping,positive,không đọc được
143,shipping,,không đọc được
146,shipping,,không đọc được
147,shipping,,không đọc được
148,shipping,positive,không đọc được
149,shipping,positive,không đọc được
151,shipping,positive,không đọc được
152,shipping,positive,không đọc được
153,shipping,,không đọc được
154,shipping,positive,
155,shipping,positive,không đọc được
157,shipping,,không đọc được
158,shipping,,không đọc được
159,shipping,positive,không đọc được
161,shipping,,không đọc được
163,shipping,,không đọc được
165,shipping,,không đọc được
166,shipping,,không đọc được
167,shipping,positive,không đọc được
168,shipping,,không đọc được
169,shipping,,positive
170,shipping,,positive
171,shipping,,không đọc được
174,shipping,negative,
175,shipping,,không đọc được
176,shipping,,không đọc được
177,shipping,negative,
180,shipping,,không đọc được
181,shipping,,không đọc được
182,shipping,negative,
183,shipping,negative,
184,shipping,,không đọc được
187,shipping,positive,không đọc được
188,shipping,,không đọc được
189,shipping,,không đọc được
191,shipping,positive,không đọc được
193,shipping,positive,
196,shipping,,không đọc được
197,shipping,,không đọc được
198,shipping,positive,không đọc được
199,shipping,,không đọc được
200,shipping,positive,
201,shipping,positive,không đọc được
203,shipping,positive,không đọc được
204,shipping,,không đọc được
206,shipping,positive,không đọc được
210,shipping,,không đọc được
211,shipping,,không đọc được
212,shipping,,không đọc được
213,shipping,negative,không đọc được
214,shipping,positive,không đọc được
215,shipping,negative,
216,shipping,,positive
217,shipping,positive,không đọc được
219,shipping,,không đọc được
220,shipping,,không đọc được
221,shipping,,không đọc được
223,shipping,,không đọc được
224,shipping,,không đọc được
225,shipping,,không đọc được
226,shipping,positive,không đọc được
229,shipping,positive,không đọc được
231,shipping,,không đọc được
234,shipping,,không đọc được
237,shipping,negative,không đọc được
240,shipping,negative,
241,shipping,negative,
242,shipping,negative,không đọc được
243,shipping,,không đọc được
244,shipping,,không đọc được
246,shipping,positive,không đọc được
248,shipping,negative,không đọc được
250,shipping,,không đọc được
251,shipping,positive,không đọc được
253,shipping,,không đọc được
254,shipping,positive,không đọc được
255,shipping,,không đọc được
258,shipping,,không đọc được
259,shipping,,không đọc được
260,shipping,positive,
261,shipping,,không đọc được
262,shipping,positive,không đọc được
264,shipping,,không đọc được
265,shipping,,không đọc được
266,shipping,,không đọc được
269,shipping,positive,không đọc được
270,shipping,,không đọc được
271,shipping,positive,không đọc được
272,shipping,,không đọc được
273,shipping,,positive
274,shipping,positive,không đọc được
275,shipping,,không đọc được
276,shipping,,không đọc được
278,shipping,negative,
279,shipping,positive,
280,shipping,,không đọc được
281,shipping,,không đọc được
284,shipping,negative,
285,shipping,negative,không đọc được
286,shipping,,không đọc được
289,shipping,negative,
290,shipping,,không đọc được
291,shipping,,không đọc được
292,shipping,,không đọc được
293,shipping,,positive
294,shipping,,không đọc được
296,shipping,negative,không đọc được
297,shipping,,không đọc được
298,shipping,,không đọc được
299,shipping,negative,không đọc được
301,shipping,,không đọc được
302,shipping,,không đọc được
303,shipping,negative,không đọc được
304,shipping,,không đọc được
305,shipping,,không đọc được
306,shipping,,positive
307,shipping,,không đọc được
308,shipping,,không đọc được
309,shipping,,không đọc được
310,shipping,positive,không đọc được
311,shipping,,không đọc được
312,shipping,positive,không đọc được
313,shipping,positive,
315,shipping,,không đọc được
317,shipping,positive,không đọc được
318,shipping,positive,không đọc được
319,shipping,,không đọc được
320,shipping,,không đọc được
321,shipping,positive,không đọc được
322,shipping,,không đọc được
324,shipping,negative,
325,shipping,positive,không đọc được
327,shipping,,không đọc được
328,shipping,,không đọc được
329,shipping,,không đọc được
330,shipping,,không đọc được
331,shipping,,không đọc được
335,shipping,,không đọc được
336,shipping,positive,không đọc được
337,shipping,positive,không đọc được
338,shipping,positive,
340,shipping,negative,
341,shipping,positive,không đọc được
342,shipping,,không đọc được
343,shipping,,không đọc được
344,shipping,,không đọc được
345,shipping,,không đọc được
347,shipping,,positive
348,shipping,negative,
351,shipping,,không đọc được
353,shipping,positive,
355,shipping,positive,
357,shipping,,không đọc được
358,shipping,positive,
359,shipping,positive,không đọc được
361,shipping,negative,không đọc được
362,shipping,,không đọc được
364,shipping,,không đọc được
367,shipping,,không đọc được
368,shipping,negative,không đọc được
369,shipping,,không đọc được
370,shipping,,không đọc được
371,shipping,,không đọc được
372,shipping,,positive
373,shipping,,positive
374,shipping,,không đọc được
375,shipping,negative,không đọc được
376,shipping,,không đọc được
377,shipping,,không đọc được
379,shipping,positive,
380,shipping,positive,không đọc được
382,shipping,,không đọc được
385,shipping,,không đọc được
387,shipping,,không đọc được
388,shipping,positive,không đọc được
389,shipping,,không đọc được
390,shipping,negative,
391,shipping,,không đọc được
392,shipping,,không đọc được
393,shipping,negative,không đọc được
395,shipping,,không đọc được
396,shipping,,không đọc được
397,shipping,negative,không đọc được
398,shipping,,positive
399,shipping,negative,không đọc được
400,shipping,,không đọc được
401,shipping,positive,không đọc được
402,shipping,negative,
403,shipping,positive,không đọc được
406,shipping,,không đọc được
407,shipping,,positive
408,shipping,,không đọc được
410,shipping,,không đọc được
411,shipping,,không đọc được
414,shipping,,positive
415,shipping,positive,
417,shipping,positive,không đọc được
419,shipping,positive,không đọc được
421,shipping,,không đọc được
422,shipping,negative,
423,shipping,positive,
425,shipping,,không đọc được
426,shipping,,không đọc được
427,shipping,positive,
428,shipping,,không đọc được
429,shipping,,không đọc được
430,shipping,positive,không đọc được
431,shipping,positive,không đọc được
432,shipping,,không đọc được
433,shipping,positive,không đọc được
435,shipping,positive,không đọc được
436,shipping,,không đọc được
438,shipping,negative,không đọc được
439,shipping,,không đọc được
440,shipping,,không đọc được
441,shipping,,không đọc được
442,shipping,,không đọc được
443,shipping,,không đọc được
445,shipping,,không đọc được
446,shipping,positive,
448,shipping,,không đọc được
451,shipping,negative,không đọc được
453,shipping,negative,không đọc được
455,shipping,negative,không đọc được
458,shipping,,không đọc được
460,shipping,negative,không đọc được
461,shipping,,không đọc được
462,shipping,positive,không đọc được
464,shipping,,không đọc được
466,shipping,,không đọc được
469,shipping,positive,không đọc được
470,shipping,positive,
471,shipping,positive,không đọc được
472,shipping,negative,không đọc được
474,shipping,,không đọc được
477,shipping,,không đọc được
479,shipping,positive,không đọc được
482,shipping,,positive
486,shipping,positive,không đọc được
487,shipping,,không đọc được
488,shipping,positive,
489,shipping,,không đọc được
490,shipping,positive,không đọc được
494,shipping,,không đọc được
495,shipping,,không đọc được
497,shipping,,không đọc được
498,shipping,,không đọc được
499,shipping,,không đọc được
500,shipping,,không đọc được
501,shipping,positive,không đọc được
502,shipping,,không đọc được
503,shipping,negative,không đọc được
504,shipping,,không đọc được
505,shipping,positive,không đọc được
506,shipping,negative,không đọc được
507,shipping,,không đọc được
509,shipping,positive,không đọc được
510,shipping,,không đọc được
511,shipping,negative,không đọc được
512,shipping,,không đọc được
513,shipping,,không đọc được
514,shipping,,không đọc được
516,shipping,negative,không đọc được
517,shipping,positive,không đọc được
518,shipping,,không đọc được
519,shipping,,không đọc được
521,shipping,,không đọc được
522,shipping,,positive
523,shipping,,không đọc được
524,shipping,,không đọc được
525,shipping,negative,
526,shipping,,không đọc được
527,shipping,,không đọc được
528,shipping,,không đọc được
530,shipping,,không đọc được
531,shipping,,không đọc được
532,shipping,negative,không đọc được
533,shipping,positive,
534,shipping,negative,không đọc được
535,shipping,negative,
537,shipping,,không đọc được
538,shipping,,không đọc được
539,shipping,positive,không đọc được
540,shipping,,không đọc được
541,shipping,positive,không đọc được
542,shipping,,không đọc được
544,shipping,positive,
545,shipping,,không đọc được
547,shipping,,không đọc được
548,shipping,,không đọc được
550,shipping,,không đọc được
551,shipping,,không đọc được
552,shipping,,không đọc được
554,shipping,positive,không đọc được
555,shipping,positive,
556,shipping,,không đọc được
557,shipping,positive,
559,shipping,,không đọc được
560,shipping,positive,không đọc được
562,shipping,,không đọc được
563,shipping,,không đọc được
564,shipping,negative,
565,shipping,positive,
567,shipping,,không đọc được
568,shipping,positive,
571,shipping,,không đọc được
572,shipping,,không đọc được
574,shipping,,không đọc được
576,shipping,,không đọc được
577,shipping,,không đọc được
578,shipping,,positive
579,shipping,negative,
580,shipping,positive,không đọc được
582,shipping,positive,không đọc được
583,shipping,positive,không đọc được
584,shipping,negative,
585,shipping,negative,không đọc được
587,shipping,positive,không đọc được
588,shipping,,không đọc được
589,shipping,negative,
591,shipping,,không đọc được
594,shipping,,không đọc được
595,shipping,,không đọc được
596,shipping,,positive
598,shipping,positive,
599,shipping,negative,không đọc được
600,shipping,positive,không đọc được
601,shipping,positive,không đọc được
603,shipping,,không đọc được
604,shipping,,không đọc được
606,shipping,negative,
608,shipping,positive,không đọc được
609,shipping,,không đọc được
610,shipping,,không đọc được
611,shipping,,không đọc được
615,shipping,,không đọc được
616,shipping,negative,không đọc được
617,shipping,negative,không đọc được
618,shipping,negative,không đọc được
619,shipping,positive,không đọc được
620,shipping,positive,
621,shipping,,positive
623,shipping,,không đọc được
624,shipping,positive,không đọc được
625,shipping,,không đọc được
627,shipping,positive,
628,shipping,,không đọc được
630,shipping,,không đọc được
631,shipping,negative,không đọc được
632,shipping,negative,không đọc được
633,shipping,,không đọc được
636,shipping,,không đọc được
637,shipping,positive,
638,shipping,,không đọc được
639,shipping,,không đọc được
641,shipping,,positive
642,shipping,,không đọc được
643,shipping,negative,
644,shipping,,positive
645,shipping,,không đọc được
646,shipping,,không đọc được
647,shipping,,không đọc được
650,shipping,positive,không đọc được
651,shipping,,không đọc được
652,shipping,,không đọc được
654,shipping,,không đọc được
655,shipping,,không đọc được
656,shipping,,không đọc được
658,shipping,,không đọc được
659,shipping,,không đọc được
664,shipping,,không đọc được
665,shipping,negative,không đọc được
666,shipping,,không đọc được
667,shipping,,không đọc được
669,shipping,negative,
674,shipping,negative,
676,shipping,positive,không đọc được
679,shipping,,không đọc được
681,shipping,,không đọc được
682,shipping,positive,không đọc được
683,shipping,,positive
684,shipping,,không đọc được
685,shipping,negative,
687,shipping,negative,
688,shipping,negative,
689,shipping,,không đọc được
692,shipping,,không đọc được
693,shipping,,không đọc được
695,shipping,,không đọc được
696,shipping,positive,
698,shipping,negative,không đọc được
699,shipping,negative,
701,shipping,,không đọc được
702,shipping,positive,không đọc được
703,shipping,,không đọc được
704,shipping,,không đọc được
705,shipping,,không đọc được
708,shipping,,không đọc được
709,shipping,,không đọc được
710,shipping,positive,không đọc được
711,shipping,positive,không đọc được
714,shipping,,không đọc được
715,shipping,positive,không đọc được
716,shipping,positive,không đọc được
717,shipping,positive,không đọc được
718,shipping,,không đọc được
719,shipping,positive,
720,shipping,negative,không đọc được
722,shipping,,không đọc được
723,shipping,positive,không đọc được
724,shipping,positive,không đọc được
725,shipping,positive,không đọc được
727,shipping,,không đọc được
728,shipping,negative,không đọc được
729,shipping,positive,không đọc được
731,shipping,positive,không đọc được
733,shipping,positive,không đọc được
735,shipping,,positive
736,shipping,,không đọc được
738,shipping,,không đọc được
739,shipping,,không đọc được
740,shipping,,không đọc được
741,shipping,,positive
742,shipping,,không đọc được
743,shipping,positive,không đọc được
746,shipping,,positive
747,shipping,positive,không đọc được
748,shipping,,không đọc được
749,shipping,,không đọc được
750,shipping,,positive
752,shipping,positive,
754,shipping,positive,
755,shipping,positive,không đọc được
756,shipping,positive,
757,shipping,,không đọc được
758,shipping,,không đọc được
759,shipping,,không đọc được
761,shipping,positive,
763,shipping,negative,không đọc được
765,shipping,negative,không đọc được
766,shipping,,không đọc được
767,shipping,positive,không đọc được
769,shipping,,không đọc được
771,shipping,,không đọc được
772,shipping,,không đọc được
778,shipping,positive,không đọc được
780,shipping,,không đọc được
782,shipping,positive,không đọc được
786,shipping,,positive
788,shipping,negative,
790,shipping,positive,không đọc được
793,shipping,,không đọc được
796,shipping,positive,không đọc được
797,shipping,,không đọc được
799,shipping,,không đọc được
800,shipping,,không đọc được
801,shipping,,không đọc được
804,shipping,negative,
805,shipping,,không đọc được
806,shipping,negative,không đọc được
808,shipping,positive,không đọc được
809,shipping,positive,không đọc được
810,shipping,,không đọc được
811,shipping,,không đọc được
813,shipping,,không đọc được
814,shipping,positive,không đọc được
816,shipping,,không đọc được
819,shipping,,không đọc được
821,shipping,negative,
822,shipping,,không đọc được
824,shipping,positive,không đọc được
825,shipping,positive,không đọc được
826,shipping,,không đọc được
828,shipping,positive,không đọc được
829,shipping,,không đọc được
830,shipping,,không đọc được
831,shipping,positive,không đọc được
832,shipping,,không đọc được
834,shipping,,không đọc được
835,shipping,negative,không đọc được
836,shipping,,không đọc được
837,shipping,,positive
840,shipping,negative,
841,shipping,,không đọc được
842,shipping,positive,
843,shipping,,không đọc được
844,shipping,,positive
846,shipping,,không đọc được
847,shipping,,không đọc được
848,shipping,,không đọc được
849,shipping,,không đọc được
850,shipping,,không đọc được
851,shipping,negative,không đọc được
852,shipping,positive,không đọc được
854,shipping,,positive
855,shipping,negative,không đọc được
856,shipping,,không đọc được
857,shipping,negative,
858,shipping,,không đọc được
859,shipping,,không đọc được
861,shipping,,không đọc được
863,shipping,negative,không đọc được
865,shipping,,không đọc được
867,shipping,positive,không đọc được
868,shipping,,không đọc được
871,shipping,negative,
872,shipping,positive,không đọc được
873,shipping,negative,không đọc được
874,shipping,positive,không đọc được
875,shipping,,không đọc được
876,shipping,,không đọc được
877,shipping,,không đọc được
878,shipping,,không đọc được
880,shipping,,không đọc được
881,shipping,,không đọc được
883,shipping,positive,
885,shipping,,không đọc được
887,shipping,positive,không đọc được
888,shipping,,không đọc được
889,shipping,positive,không đọc được
890,shipping,,không đọc được
891,shipping,,không đọc được
894,shipping,,không đọc được
896,shipping,,không đọc được
897,shipping,positive,
898,shipping,positive,không đọc được
899,shipping,,không đọc được
900,shipping,,không đọc được
902,shipping,positive,
903,shipping,,không đọc được
904,shipping,,không đọc được
905,shipping,,không đọc được
907,shipping,,không đọc được
909,shipping,,không đọc được
910,shipping,,positive
911,shipping,,không đọc được
912,shipping,,không đọc được
913,shipping,,không đọc được
914,shipping,,không đọc được
915,shipping,negative,không đọc được
916,shipping,positive,không đọc được
918,shipping,,không đọc được
919,shipping,,không đọc được
920,shipping,negative,
921,shipping,positive,không đọc được
922,shipping,,không đọc được
924,shipping,,không đọc được
925,shipping,,không đọc được
928,shipping,,không đọc được
929,shipping,,không đọc được
930,shipping,positive,không đọc được
932,shipping,negative,không đọc được
935,shipping,,không đọc được
936,shipping,,không đọc được
938,shipping,positive,
939,shipping,,không đọc được
940,shipping,negative,không đọc được
941,shipping,,không đọc được
942,shipping,,không đọc được
943,shipping,positive,không đọc được
944,shipping,positive,
945,shipping,positive,không đọc được
948,shipping,,positive
949,shipping,negative,không đọc được
950,shipping,positive,không đọc được
951,shipping,,không đọc được
952,shipping,,không đọc được
954,shipping,negative,không đọc được
959,shipping,,không đọc được
960,shipping,positive,không đọc được
961,shipping,negative,
962,shipping,,không đọc được
963,shipping,positive,không đọc được
965,shipping,,không đọc được
966,shipping,positive,không đọc được
967,shipping,,không đọc được
968,shipping,positive,không đọc được
969,shipping,negative,
970,shipping,positive,
971,shipping,positive,
972,shipping,,không đọc được
973,shipping,positive,không đọc được
974,shipping,,không đọc được
975,shipping,positive,không đọc được
976,shipping,negative,
977,shipping,,không đọc được
979,shipping,,không đọc được
980,shipping,,không đọc được
981,shipping,,không đọc được
983,shipping,positive,không đọc được
984,shipping,positive,không đọc được
985,shipping,positive,không đọc được
987,shipping,,không đọc được
988,shipping,,không đọc được
991,shipping,,không đọc được
993,shipping,,không đọc được
995,shipping,,không đọc được
997,shipping,positive,
998,shipping,,không đọc được
999,shipping,positive,không đọc được
1000,shipping,positive,không đọc được
1001,shipping,,không đọc được
1003,shipping,,không đọc được
1004,shipping,positive,
1005,shipping,positive,không đọc được
1006,shipping,,không đọc được
1007,shipping,positive,không đọc được
1008,shipping,positive,không đọc được
1009,shipping,positive,không đọc được
1011,shipping,positive,không đọc được
1012,shipping,,không đọc được
1015,shipping,,không đọc được
1016,shipping,positive,không đọc được
1018,shipping,,không đọc được
1019,shipping,,không đọc được
1020,shipping,,không đọc được
1021,shipping,,không đọc được
1022,shipping,negative,
1024,shipping,negative,
1025,shipping,,không đọc được
1026,shipping,positive,
1027,shipping,,không đọc được
1028,shipping,negative,
1029,shipping,,không đọc được
1030,shipping,,không đọc được
1031,shipping,positive,
1032,shipping,,không đọc được
1033,shipping,positive,không đọc được
1035,shipping,,không đọc được
1036,shipping,negative,
1037,shipping,positive,không đọc được
1038,shipping,,không đọc được
1041,shipping,positive,không đọc được
1042,shipping,positive,không đọc được
1043,shipping,,không đọc được
1044,shipping,positive,không đọc được
1045,shipping,,không đọc được
1047,shipping,positive,không đọc được
1048,shipping,positive,không đọc được
1050,shipping,,không đọc được
1051,shipping,negative,
1052,shipping,,không đọc được
1054,shipping,negative,không đọc được
1055,shipping,negative,
1058,shipping,positive,
1059,shipping,,không đọc được
1061,shipping,positive,không đọc được
1062,shipping,positive,không đọc được
1063,shipping,positive,không đọc được
1064,shipping,,không đọc được
1066,shipping,,không đọc được
1068,shipping,,không đọc được
1069,shipping,,không đọc được
1071,shipping,positive,không đọc được
1073,shipping,,không đọc được
1074,shipping,positive,
1076,shipping,,không đọc được
1077,shipping,positive,không đọc được
1079,shipping,negative,không đọc được
1080,shipping,positive,
1083,shipping,,không đọc được
1084,shipping,,không đọc được
1085,shipping,,không đọc được
1086,shipping,,không đọc được
1087,shipping,,không đọc được
1089,shipping,,không đọc được
1090,shipping,,không đọc được
1092,shipping,,không đọc được
1093,shipping,,không đọc được
1094,shipping,negative,không đọc được
1095,shipping,,không đọc được
1096,shipping,positive,không đọc được
1098,shipping,negative,không đọc được
1099,shipping,,không đọc được
1100,shipping,positive,không đọc được
1101,shipping,,không đọc được
1103,shipping,,không đọc được
1104,shipping,,positive
1105,shipping,,không đọc được
1106,shipping,,không đọc được
1108,shipping,positive,
1109,shipping,,không đọc được
1110,shipping,,không đọc được
1111,shipping,,không đọc được
1112,shipping,,positive
1113,shipping,,không đọc được
1114,shipping,,không đọc được
1115,shipping,,không đọc được
1116,shipping,negative,
1120,shipping,negative,không đọc được
1121,shipping,negative,không đọc được
1122,shipping,,không đọc được
1124,shipping,,không đọc được
1125,shipping,,không đọc được
1126,shipping,,không đọc được
1127,shipping,negative,
1128,shipping,positive,không đọc được
1129,shipping,positive,
1132,shipping,negative,không đọc được
1133,shipping,,positive
1134,shipping,,không đọc được
1135,shipping,,không đọc được
1136,shipping,positive,không đọc được
1137,shipping,,không đọc được
1140,shipping,,không đọc được
1141,shipping,negative,
1143,shipping,positive,không đọc được
1145,shipping,,không đọc được
1146,shipping,,không đọc được
1147,shipping,,positive
1148,shipping,,positive
1150,shipping,,không đọc được
1152,shipping,,không đọc được
1153,shipping,,không đọc được
1154,shipping,,positive
1156,shipping,,không đọc được
1157,shipping,,không đọc được
1158,shipping,,không đọc được
1159,shipping,positive,
1160,shipping,positive,
1161,shipping,,không đọc được
1162,shipping,negative,
1163,shipping,,không đọc được
1166,shipping,negative,không đọc được
1167,shipping,positive,không đọc được
1168,shipping,,không đọc được
1169,shipping,,không đọc được
1170,shipping,,không đọc được
1173,shipping,positive,không đọc được
1174,shipping,,không đọc được
1175,shipping,,không đọc được
1177,shipping,,không đọc được
1178,shipping,negative,
1179,shipping,,không đọc được
1180,shipping,positive,
1181,shipping,positive,không đọc được
1182,shipping,,không đọc được
1186,shipping,positive,không đọc được
1187,shipping,,positive
1188,shipping,,không đọc được
1189,shipping,positive,không đọc được
1190,shipping,,không đọc được
1191,shipping,,không đọc được
1193,shipping,negative,không đọc được
1194,shipping,,không đọc được
1195,shipping,,không đọc được
1196,shipping,,không đọc được
1197,shipping,,không đọc được
1198,shipping,positive,không đọc được
1199,shipping,,không đọc được
1200,shipping,positive,
1201,shipping,,không đọc được
1203,shipping,,không đọc được
1205,shipping,,không đọc được
1208,shipping,,không đọc được
1209,shipping,,không đọc được
1210,shipping,,không đọc được
1211,shipping,negative,không đọc được
1212,shipping,positive,không đọc được
1214,shipping,,không đọc được
1215,shipping,,không đọc được
1218,shipping,,positive
1220,shipping,,không đọc được
1222,shipping,negative,
1223,shipping,,không đọc được
1224,shipping,positive,
1225,shipping,,không đọc được
1226,shipping,,không đọc được
1227,shipping,,không đọc được
1231,shipping,,không đọc được
1232,shipping,positive,không đọc được
1234,shipping,,không đọc được
1235,shipping,,không đọc được
1236,shipping,negative,
1237,shipping,negative,
1239,shipping,negative,
1240,shipping,,không đọc được
1241,shipping,,không đọc được
1245,shipping,positive,
1246,shipping,positive,không đọc được
1247,shipping,,không đọc được
1250,shipping,,không đọc được
1252,shipping,positive,không đọc được
1255,shipping,negative,không đọc được
1256,shipping,positive,không đọc được
1257,shipping,positive,không đọc được
1258,shipping,positive,không đọc được
1259,shipping,,không đọc được
1260,shipping,negative,không đọc được
1261,shipping,positive,
1263,shipping,negative,
1266,shipping,positive,không đọc được
1267,shipping,,không đọc được
1268,shipping,positive,không đọc được
1269,shipping,,không đọc được
1271,shipping,negative,
1273,shipping,,không đọc được
1274,shipping,,không đọc được
1275,shipping,,không đọc được
1278,shipping,negative,
1279,shipping,positive,không đọc được
1280,shipping,,không đọc được
1281,shipping,positive,
1283,shipping,positive,không đọc được
1284,shipping,positive,không đọc được
1287,shipping,positive,không đọc được
1288,shipping,positive,không đọc được
1290,shipping,,không đọc được
1291,shipping,,không đọc được
1292,shipping,,không đọc được
1293,shipping,,không đọc được
1294,shipping,positive,
1295,shipping,,positive
1296,shipping,,không đọc được
1297,shipping,,không đọc được
1298,shipping,,không đọc được
1299,shipping,,positive
1301,shipping,,không đọc được
1302,shipping,,không đọc được
1304,shipping,positive,
1305,shipping,positive,
1307,shipping,negative,không đọc được
1309,shipping,positive,không đọc được
1310,shipping,,không đọc được
1311,shipping,negative,không đọc được
1312,shipping,negative,không đọc được
1313,shipping,,không đọc được
1314,shipping,,không đọc được
1315,shipping,positive,không đọc được
1316,shipping,,không đọc được
1317,shipping,,không đọc được
1318,shipping,,không đọc được
1319,shipping,,positive
1320,shipping,,không đọc được
1323,shipping,,không đọc được
1324,shipping,positive,không đọc được
1325,shipping,positive,không đọc được
1326,shipping,,không đọc được
1327,shipping,positive,không đọc được
1329,shipping,,không đọc được
1330,shipping,positive,
1331,shipping,,không đọc được
1332,shipping,positive,không đọc được
1334,shipping,,không đọc được
1335,shipping,,không đọc được
1337,shipping,positive,không đọc được
1338,shipping,negative,không đọc được
1339,shipping,positive,
1340,shipping,negative,
1341,shipping,positive,không đọc được
1342,shipping,,không đọc được
1343,shipping,positive,không đọc được
1344,shipping,positive,không đọc được
1345,shipping,,không đọc được
1346,shipping,,positive
1349,shipping,positive,không đọc được
1351,shipping,,không đọc được
1353,shipping,,không đọc được
1354,shipping,,không đọc được
1355,shipping,negative,không đọc được
1358,shipping,,không đọc được
1359,shipping,positive,không đọc được
1360,shipping,,không đọc được
1363,shipping,,không đọc được
1365,shipping,,không đọc được
1366,shipping,negative,
1367,shipping,,không đọc được
1368,shipping,,không đọc được
1369,shipping,,không đọc được
1371,shipping,,không đọc được
1372,shipping,,không đọc được
1373,shipping,positive,không đọc được
1374,shipping,,không đọc được
1375,shipping,positive,không đọc được
1376,shipping,,không đọc được
1377,shipping,,không đọc được
1380,shipping,negative,
1381,shipping,positive,
1382,shipping,,không đọc được
1383,shipping,positive,
1384,shipping,,không đọc được
1385,shipping,,không đọc được
1388,shipping,negative,
1389,shipping,,không đọc được
1390,shipping,,không đọc được
1393,shipping,positive,không đọc được
1394,shipping,,không đọc được
1395,shipping,positive,không đọc được
1399,shipping,,không đọc được
1400,shipping,,không đọc được
1401,shipping,,không đọc được
1403,shipping,,không đọc được
1404,shipping,,positive
1405,shipping,positive,
1406,shipping,,không đọc được
1407,shipping,,không đọc được
1408,shipping,negative,
1410,shipping,,không đọc được
1411,shipping,,positive
1412,shipping,,không đọc được
1414,shipping,,không đọc được
1415,shipping,,không đọc được
1416,shipping,,không đọc được
1418,shipping,positive,
1419,shipping,,không đọc được
1421,shipping,,không đọc được
1423,shipping,negative,không đọc được
1424,shipping,positive,không đọc được
1425,shipping,positive,không đọc được
1426,shipping,positive,
1427,shipping,,không đọc được
1428,shipping,,không đọc được
1431,shipping,,không đọc được
1432,shipping,negative,
1434,shipping,negative,không đọc được
1435,shipping,positive,
1436,shipping,,không đọc được
1437,shipping,,không đọc được
1438,shipping,,không đọc được
1439,shipping,positive,không đọc được
1440,shipping,positive,không đọc được
1442,shipping,,không đọc được
1443,shipping,positive,không đọc được
1444,shipping,,không đọc được
1446,shipping,positive,không đọc được
1447,shipping,,không đọc được
1448,shipping,,không đọc được
1449,shipping,positive,không đọc được
1452,shipping,,không đọc được
1453,shipping,,không đọc được
1454,shipping,negative,không đọc được
1456,shipping,,không đọc được
1457,shipping,,không đọc được
1458,shipping,,không đọc được
1461,shipping,negative,
1462,shipping,,positive
1463,shipping,,không đọc được
1464,shipping,positive,
1465,shipping,,không đọc được
1467,shipping,negative,
1468,shipping,positive,không đọc được
1469,shipping,,không đọc được
1472,shipping,,không đọc được
1473,shipping,,không đọc được
1474,shipping,,không đọc được
1477,shipping,,không đọc được
1478,shipping,negative,
1479,shipping,,positive
1480,shipping,positive,không đọc được
1481,shipping,,không đọc được
1482,shipping,,không đọc được
1483,shipping,positive,không đọc được
1484,shipping,,không đọc được
1486,shipping,positive,
1488,shipping,negative,không đọc được
1489,shipping,,positive
1490,shipping,,không đọc được
1492,shipping,negative,
1493,shipping,negative,không đọc được
1495,shipping,,không đọc được
1496,shipping,,không đọc được
1497,shipping,positive,không đọc được
1499,shipping,,positive
1500,shipping,,không đọc được
1502,shipping,negative,không đọc được
1504,shipping,positive,không đọc được
1505,shipping,positive,không đọc được
1506,shipping,,không đọc được
1507,shipping,,không đọc được
1508,shipping,,không đọc được
1510,shipping,positive,
1511,shipping,,không đọc được
1512,shipping,,không đọc được
1513,shipping,,không đọc được
1514,shipping,positive,không đọc được
1516,shipping,positive,
1517,shipping,,không đọc được
1518,shipping,,positive
1519,shipping,positive,
1520,shipping,,positive
1522,shipping,negative,không đọc được
1524,shipping,negative,không đọc được
1525,shipping,positive,không đọc được
1527,shipping,,không đọc được
1528,shipping,negative,không đọc được
1529,shipping,,không đọc được
1530,shipping,positive,không đọc được
1531,shipping,,không đọc được
1532,shipping,,không đọc được
1533,shipping,positive,không đọc được
1536,shipping,,không đọc được
1537,shipping,,không đọc được
1538,shipping,positive,không đọc được
1539,shipping,,không đọc được
1540,shipping,positive,không đọc được
1541,shipping,positive,
1542,shipping,positive,không đọc được
1543,shipping,negative,không đọc được
1544,shipping,negative,
1546,shipping,negative,không đọc được
1547,shipping,,không đọc được
1548,shipping,,không đọc được
1551,shipping,,không đọc được
1552,shipping,negative,không đọc được
1554,shipping,,không đọc được
1555,shipping,positive,
1557,shipping,positive,không đọc được
1558,shipping,positive,không đọc được
1559,shipping,,không đọc được
1560,shipping,negative,không đọc được
1561,shipping,,không đọc được
1562,shipping,,không đọc được
1563,shipping,,không đọc được
1564,shipping,positive,
1565,shipping,negative,không đọc được
1567,shipping,,không đọc được
1568,shipping,,positive
1569,shipping,positive,không đọc được
1571,shipping,,positive
1573,shipping,negative,không đọc được
1575,shipping,positive,
1578,shipping,,không đọc được
1579,shipping,,không đọc được
1580,shipping,,không đọc được
1581,shipping,negative,không đọc được
1582,shipping,positive,
1583,shipping,,không đọc được
1584,shipping,positive,không đọc được
1585,shipping,,không đọc được
1587,shipping,positive,không đọc được
1588,shipping,,không đọc được
1589,shipping,positive,
1593,shipping,,không đọc được
1594,shipping,negative,
1595,shipping,,không đọc được
1596,shipping,,không đọc được
1597,shipping,positive,không đọc được
1598,shipping,,không đọc được
1599,shipping,,không đọc được
1600,shipping,,không đọc được
1601,shipping,,không đọc được
1603,shipping,positive,không đọc được
1604,shipping,,không đọc được
1605,shipping,,positive
1607,shipping,,không đọc được
1608,shipping,,không đọc được
1609,shipping,,không đọc được
1611,shipping,negative,không đọc được
1612,shipping,,không đọc được
1613,shipping,,không đọc được
1614,shipping,,không đọc được
1616,shipping,,không đọc được
1617,shipping,negative,
1619,shipping,,không đọc được
1620,shipping,positive,
1621,shipping,,không đọc được
0,packing,positive,
1,packing,positive,không đọc được
2,packing,,không đọc được
4,packing,,không đọc được
5,packing,,không đọc được
7,packing,,không đọc được
8,packing,,không đọc được
10,packing,,không đọc được
11,packing,positive,
12,packing,,không đọc được
13,packing,,không đọc được
14,packing,,không đọc được
15,packing,,positive
17,packing,,không đọc được
18,packing,positive,
19,packing,,không đọc được
21,packing,,không đọc được
23,packing,,positive
24,packing,positive,không đọc được
25,packing,,không đọc được
27,packing,positive,không đọc được
28,packing,,positive
31,packing,,không đọc được
35,packing,,không đọc được
36,packing,negative,không đọc được
37,packing,,không đọc được
38,packing,,không đọc được
40,packing,,không đọc được
41,packing,,không đọc được
45,packing,,không đọc được
46,packing,positive,
48,packing,positive,không đọc được
49,packing,,không đọc được
50,packing,,không đọc được
51,packing,,không đọc được
52,packing,,không đọc được
54,packing,positive,không đọc được
55,packing,,không đọc được
56,packing,,không đọc được
58,packing,,không đọc được
60,packing,positive,
61,packing,negative,không đọc được
62,packing,,không đọc được
64,packing,,không đọc được
66,packing,,không đọc được
67,packing,,không đọc được
70,packing,,không đọc được
71,packing,,không đọc được
73,packing,positive,
76,packing,,không đọc được
79,packing,,không đọc được
80,packing,,positive
82,packing,positive,
84,packing,positive,
85,packing,,không đọc được
87,packing,,không đọc được
89,packing,,không đọc được
90,packing,,không đọc được
91,packing,,không đọc được
92,packing,,positive
95,packing,,không đọc được
97,packing,positive,
98,packing,positive,không đọc được
99,packing,,không đọc được
100,packing,,không đọc được
103,packing,positive,không đọc được
104,packing,,không đọc được
106,packing,positive,không đọc được
107,packing,,không đọc được
110,packing,,không đọc được
112,packing,,không đọc được
113,packing,,không đọc được
115,packing,,không đọc được
116,packing,,không đọc được
117,packing,,không đọc được
118,packing,,không đọc được
119,packing,,không đọc được
120,packing,,không đọc được
122,packing,,không đọc được
123,packing,positive,không đọc được
124,packing,positive,không đọc được
125,packing,,không đọc được
128,packing,,không đọc được
130,packing,,không đọc được
132,packing,,không đọc được
136,packing,,không đọc được
137,packing,positive,không đọc được
138,packing,,positive
139,packing,,không đọc được
140,packing,,negative
141,packing,positive,không đọc được
142,packing,positive,không đọc được
143,packing,,không đọc được
146,packing,,không đọc được
147,packing,positive,không đọc được
148,packing,positive,không đọc được
149,packing,,không đọc được
151,packing,,không đọc được
152,packing,positive,không đọc được
153,packing,,không đọc được
155,packing,positive,không đọc được
157,packing,,không đọc được
158,packing,,không đọc được
159,packing,,không đọc được
161,packing,,không đọc được
163,packing,,không đọc được
165,packing,,không đọc được
166,packing,,không đọc được
167,packing,,không đọc được
168,packing,positive,không đọc được
169,packing,,positive
170,packing,,positive
171,packing,,không đọc được
175,packing,,không đọc được
176,packing,positive,không đọc được
180,packing,,không đọc được
181,packing,,không đọc được
184,packing,positive,không đọc được
185,packing,positive,
187,packing,positive,không đọc được
188,packing,positive,không đọc được
189,packing,,không đọc được
191,packing,,không đọc được
193,packing,positive,
196,packing,,không đọc được
197,packing,,không đọc được
198,packing,positive,không đọc được
199,packing,positive,không đọc được
201,packing,,không đọc được
203,packing,positive,không đọc được
204,packing,,không đọc được
206,packing,positive,không đọc được
210,packing,,không đọc được
211,packing,,không đọc được
212,packing,,không đọc được
213,packing,,không đọc được
214,packing,,không đọc được
216,packing,,positive
217,packing,,không đọc được
219,packing,,không đọc được
220,packing,positive,không đọc được
221,packing,positive,không đọc được
223,packing,,không đọc được
224,packing,,không đọc được
225,packing,positive,không đọc được
226,packing,,không đọc được
229,packing,,không đọc được
231,packing,,không đọc được
234,packing,positive,không đọc được
235,packing,positive,
237,packing,,không đọc được
242,packing,,không đọc được
243,packing,,không đọc được
244,packing,,không đọc được
246,packing,,không đọc được
248,packing,,không đọc được
250,packing,,không đọc được
251,packing,positive,không đọc được
253,packing,,không đọc được
254,packing,,không đọc được
255,packing,,không đọc được
258,packing,,không đọc được
259,packing,,không đọc được
261,packing,,không đọc được
262,packing,positive,không đọc được
264,packing,,không đọc được
265,packing,,không đọc được
266,packing,,không đọc được
269,packing,positive,không đọc được
270,packing,,không đọc được
271,packing,,không đọc được
272,packing,,không đọc được
273,packing,,positive
274,packing,,không đọc được
275,packing,,không đọc được
276,packing,,không đọc được
278,packing,,positive
280,packing,positive,không đọc được
281,packing,,không đọc được
282,packing,positive,
285,packing,positive,không đọc được
286,packing,,không đọc được
289,packing,positive,
290,packing,,không đọc được
291,packing,,không đọc được
292,packing,,không đọc được
293,packing,,positive
294,packing,,không đọc được
296,packing,,không đọc được
297,packing,positive,không đọc được
298,packing,,không đọc được
299,packing,,không đọc được
301,packing,,không đọc được
302,packing,,không đọc được
303,packing,,không đọc được
304,packing,,không đọc được
305,packing,,không đọc được
306,packing,,positive
307,packing,,không đọc được
308,packing,,không đọc được
309,packing,,không đọc được
310,packing,positive,không đọc được
311,packing,,không đọc được
312,packing,,không đọc được
314,packing,positive,
315,packing,,không đọc được
317,packing,,không đọc được
318,packing,positive,không đọc được
319,packing,,không đọc được
320,packing,,không đọc được
321,packing,positive,không đọc được
322,packing,,không đọc được
323,packing,positive,không đọc được
325,packing,,không đọc được
327,packing,,không đọc được
328,packing,positive,không đọc được
329,packing,,không đọc được
330,packing,,không đọc được
331,packing,,không đọc được
335,packing,,không đọc được
336,packing,,không đọc được
337,packing,positive,không đọc được
341,packing,,không đọc được
342,packing,,không đọc được
343,packing,,không đọc được
344,packing,,không đọc được
345,packing,,không đọc được
347,packing,,positive
351,packing,,không đọc được
353,packing,positive,
355,packing,positive,
357,packing,positive,không đọc được
358,packing,positive,
359,packing,,không đọc được
361,packing,,không đọc được
362,packing,,không đọc được
363,packing,positive,
364,packing,,không đọc được
366,packing,positive,
367,packing,,không đọc được
368,packing,positive,không đọc được
369,packing,,không đọc được
370,packing,positive,không đọc được
371,packing,,không đọc được
373,packing,,positive
374,packing,positive,không đọc được
375,packing,,không đọc được
376,packing,,không đọc được
377,packing,,không đọc được
378,packing,positive,
380,packing,,không đọc được
382,packing,,không đọc được
385,packing,,không đọc được
387,packing,,không đọc được
388,packing,,không đọc được
389,packing,,không đọc được
391,packing,,không đọc được
392,packing,,không đọc được
393,packing,,không đọc được
395,packing,,không đọc được
396,packing,,không đọc được
397,packing,,không đọc được
398,packing,,positive
399,packing,,không đọc được
400,packing,,không đọc được
401,packing,positive,không đọc được
403,packing,,không đọc được
406,packing,,không đọc được
408,packing,,không đọc được
410,packing,,không đọc được
411,packing,,không đọc được
414,packing,,positive
417,packing,positive,không đọc được
418,packing,,positive
419,packing,positive,không đọc được
421,packing,,không đọc được
422,packing,positive,
423,packing,positive,
424,packing,positive,
425,packing,,không đọc được
426,packing,positive,không đọc được
428,packing,negative,không đọc được
429,packing,,không đọc được
430,packing,,không đọc được
431,packing,positive,không đọc được
432,packing,,không đọc được
433,packing,,không đọc được
435,packing,positive,không đọc được
436,packing,,không đọc được
438,packing,,không đọc được
439,packing,,không đọc được
440,packing,,không đọc được
441,packing,,không đọc được
442,packing,,không đọc được
443,packing,,không đọc được
445,packing,,không đọc được
448,packing,,không đọc được
451,packing,,không đọc được
452,packing,positive,
453,packing,,không đọc được
455,packing,,không đọc được
458,packing,,không đọc được
460,packing,,không đọc được
461,packing,,không đọc được
462,packing,positive,không đọc được
464,packing,,không đọc được
465,packing,,positive
466,packing,positive,không đọc được
468,packing,positive,
469,packing,,không đọc được
471,packing,positive,không đọc được
472,packing,,không đọc được
474,packing,,không đọc được
477,packing,,không đọc được
479,packing,,không đọc được
482,packing,,positive
486,packing,,không đọc được
487,packing,,không đọc được
489,packing,,không đọc được
490,packing,,không đọc được
491,packing,,không đọc được
494,packing,,không đọc được
495,packing,,không đọc được
497,packing,,không đọc được
498,packing,,không đọc được
499,packing,,không đọc được
500,packing,,không đọc được
501,packing,,không đọc được
502,packing,,không đọc được
503,packing,,không đọc được
504,packing,,không đọc được
505,packing,positive,không đọc được
506,packing,,không đọc được
507,packing,,không đọc được
509,packing,,không đọc được
510,packing,,không đọc được
511,packing,,không đọc được
512,packing,,không đọc được
513,packing,,không đọc được
514,packing,,không đọc được
516,packing,,không đọc được
517,packing,,không đọc được
518,packing,,không đọc được
519,packing,,không đọc được
521,packing,,không đọc được
522,packing,,positive
523,packing,,không đọc được
524,packing,positive,không đọc được
526,packing,,không đọc được
527,packing,,không đọc được
528,packing,,không đọc được
530,packing,,không đọc được
531,packing,,không đọc được
532,packing,,không đọc được
534,packing,,không đọc được
536,packing,,positive
537,packing,,không đọc được
538,packing,positive,không đọc được
539,packing,positive,không đọc được
540,packing,,không đọc được
541,packing,positive,không đọc được
542,packing,,không đọc được
545,packing,,không đọc được
547,packing,positive,không đọc được
548,packing,,không đọc được
550,packing,,không đọc được
551,packing,,không đọc được
552,packing,,không đọc được
553,packing,positive,
554,packing,,không đọc được
556,packing,,không đọc được
557,packing,positive,
559,packing,,không đọc được
560,packing,,không đọc được
562,packing,,không đọc được
563,packing,,không đọc được
567,packing,,không đọc được
568,packing,positive,
571,packing,,không đọc được
572,packing,,không đọc được
573,packing,positive,
574,packing,,không đọc được
575,packing,positive,
576,packing,,không đọc được
577,packing,positive,không đọc được
578,packing,,positive
580,packing,positive,không đọc được
581,packing,positive,không đọc được
582,packing,positive,không đọc được
583,packing,,không đọc được
587,packing,positive,không đọc được
588,packing,,không đọc được
591,packing,,không đọc được
594,packing,,không đọc được
595,packing,,không đọc được
598,packing,positive,
599,packing,,không đọc được
600,packing,positive,không đọc được
601,packing,positive,không đọc được
603,packing,,không đọc được
604,packing,,không đọc được
605,packing,positive,
607,packing,positive,không đọc được
608,packing,positive,không đọc được
609,packing,,không đọc được
610,packing,,không đọc được
611,packing,,không đọc được
615,packing,,không đọc được
616,packing,,không đọc được
617,packing,,không đọc được
618,packing,,không đọc được
619,packing,,không đọc được
621,packing,,positive
623,packing,,không đọc được
624,packing,,không đọc được
625,packing,,không đọc được
627,packing,positive,
628,packing,,không đọc được
630,packing,,không đọc được
631,packing,,không đọc được
632,packing,,không đọc được
633,packing,,không đọc được
636,packing,,không đọc được
638,packing,,không đọc được
639,packing,,không đọc được
641,packing,,positive
642,packing,,không đọc được
645,packing,,không đọc được
646,packing,,không đọc được
647,packing,,không đọc được
650,packing,,không đọc được
651,packing,,không đọc được
652,packing,,không đọc được
654,packing,,không đọc được
655,packing,,không đọc được
656,packing,,không đọc được
658,packing,,không đọc được
659,packing,,không đọc được
664,packing,,không đọc được
665,packing,,không đọc được
666,packing,,không đọc được
667,packing,,không đọc được
675,packing,positive,
676,packing,,không đọc được
679,packing,positive,không đọc được
681,packing,,không đọc được
682,packing,,không đọc được
684,packing,,không đọc được
686,packing,positive,
688,packing,positive,
689,packing,,không đọc được
692,packing,,không đọc được
693,packing,,không đọc được
695,packing,,không đọc được
696,packing,positive,
697,packing,,không đọc được
698,packing,,không đọc được
701,packing,,không đọc được
702,packing,,không đọc được
703,packing,,không đọc được
704,packing,,không đọc được
705,packing,,không đọc được
708,packing,,không đọc được
709,packing,,không đọc được
710,packing,,không đọc được
711,packing,positive,không đọc được
714,packing,,không đọc được
715,packing,,không đọc được
716,packing,positive,không đọc được
717,packing,,không đọc được
718,packing,,không đọc được
720,packing,positive,không đọc được
722,packing,,không đọc được
723,packing,,không đọc được
724,packing,,không đọc được
725,packing,positive,không đọc được
727,packing,,không đọc được
728,packing,,không đọc được
729,packing,positive,không đọc được
731,packing,positive,không đọc được
733,packing,negative,không đọc được
735,packing,,positive
736,packing,,không đọc được
738,packing,,không đọc được
739,packing,,không đọc được
740,packing,,không đọc được
741,packing,,positive
742,packing,,không đọc được
743,packing,,không đọc được
746,packing,,positive
747,packing,,không đọc được
748,packing,,không đọc được
749,packing,,không đọc được
750,packing,,positive
755,packing,,không đọc được
756,packing,positive,
757,packing,,không đọc được
759,packing,,không đọc được
763,packing,,không đọc được
765,packing,,không đọc được
766,packing,,không đọc được
767,packing,,không đọc được
769,packing,,không đọc được
771,packing,,không đọc được
772,packing,,không đọc được
776,packing,positive,
778,packing,,không đọc được
780,packing,,không đọc được
782,packing,positive,không đọc được
785,packing,,không đọc được
790,packing,positive,không đọc được
791,packing,,positive
793,packing,,không đọc được
796,packing,,không đọc được
797,packing,,không đọc được
799,packing,positive,không đọc được
800,packing,,không đọc được
801,packing,,không đọc được
803,packing,positive,
805,packing,positive,không đọc được
806,packing,,không đọc được
808,packing,,không đọc được
809,packing,,không đọc được
810,packing,,không đọc được
811,packing,,không đọc được
813,packing,,không đọc được
814,packing,,không đọc được
816,packing,,không đọc được
819,packing,,không đọc được
822,packing,,không đọc được
824,packing,,không đọc được
825,packing,,không đọc được
826,packing,,không đọc được
827,packing,positive,
828,packing,,không đọc được
829,packing,positive,không đọc được
830,packing,,không đọc được
831,packing,positive,không đọc được
832,packing,,không đọc được
834,packing,,không đọc được
835,packing,,không đọc được
836,packing,,không đọc được
841,packing,,không đọc được
843,packing,,không đọc được
846,packing,,không đọc được
847,packing,,không đọc được
848,packing,,không đọc được
849,packing,,không đọc được
850,packing,,không đọc được
851,packing,,không đọc được
852,packing,,không đọc được
853,packing,positive,
854,packing,,positive
855,packing,,không đọc được
856,packing,,không đọc được
858,packing,,không đọc được
859,packing,,không đọc được
860,packing,,không đọc được
861,packing,positive,không đọc được
862,packing,,không đọc được
863,packing,,không đọc được
865,packing,,không đọc được
867,packing,positive,không đọc được
868,packing,,không đọc được
872,packing,,không đọc được
873,packing,,không đọc được
874,packing,,không đọc được
875,packing,,không đọc được
876,packing,,không đọc được
877,packing,,không đọc được
878,packing,,không đọc được
880,packing,positive,không đọc được
881,packing,,không đọc được
882,packing,positive,
885,packing,,không đọc được
886,packing,positive,không đọc được
887,packing,positive,không đọc được
888,packing,positive,không đọc được
889,packing,,không đọc được
890,packing,,không đọc được
891,packing,,không đọc được
894,packing,,không đọc được
896,packing,,không đọc được
898,packing,,không đọc được
899,packing,,không đọc được
900,packing,,không đọc được
903,packing,,không đọc được
904,packing,,không đọc được
905,packing,,không đọc được
907,packing,,không đọc được
908,packing,,positive
909,packing,,không đọc được
910,packing,,positive
911,packing,,không đọc được
912,packing,,không đọc được
913,packing,,không đọc được
914,packing,,không đọc được
915,packing,,không đọc được
916,packing,,không đọc được
918,packing,positive,không đọc được
919,packing,,không đọc được
921,packing,,không đọc được
922,packing,,không đọc được
924,packing,,không đọc được
925,packing,,không đọc được
928,packing,,không đọc được
929,packing,positive,không đọc được
930,packing,positive,không đọc được
932,packing,positive,không đọc được
935,packing,,không đọc được
936,packing,,không đọc được
939,packing,positive,không đọc được
940,packing,,không đọc được
941,packing,,không đọc được
942,packing,,không đọc được
943,packing,,không đọc được
945,packing,,không đọc được
948,packing,,positive
949,packing,,không đọc được
950,packing,positive,không đọc được
951,packing,,không đọc được
952,packing,,không đọc được
954,packing,,không đọc được
955,packing,positive,
959,packing,positive,không đọc được
960,packing,,không đọc được
962,packing,positive,không đọc được
963,packing,positive,không đọc được
965,packing,,không đọc được
966,packing,,không đọc được
967,packing,,không đọc được
968,packing,positive,không đọc được
970,packing,positive,
971,packing,positive,
972,packing,,không đọc được
973,packing,positive,không đọc được
974,packing,,không đọc được
975,packing,,không đọc được
977,packing,,không đọc được
979,packing,,không đọc được
980,packing,,không đọc được
981,packing,,không đọc được
983,packing,,không đọc được
984,packing,positive,không đọc được
985,packing,,không đọc được
987,packing,,không đọc được
988,packing,,không đọc được
991,packing,,không đọc được
993,packing,,không đọc được
995,packing,,không đọc được
996,packing,positive,
998,packing,,không đọc được
999,packing,,không đọc được
1000,packing,positive,không đọc được
1001,packing,,không đọc được
1003,packing,positive,không đọc được
1005,packing,,không đọc được
1006,packing,,không đọc được
1007,packing,,không đọc được
1008,packing,positive,không đọc được
1009,packing,,không đọc được
1011,packing,,không đọc được
1012,packing,,không đọc được
1013,packing,,positive
1014,packing,positive,
1015,packing,,không đọc được
1016,packing,,không đọc được
1018,packing,positive,không đọc được
1019,packing,positive,không đọc được
1020,packing,,không đọc được
1021,packing,,không đọc được
1023,packing,,không đọc được
1025,packing,,không đọc được
1027,packing,,không đọc được
1029,packing,,không đọc được
1030,packing,,không đọc được
1032,packing,,không đọc được
1033,packing,positive,không đọc được
1034,packing,positive,
1035,packing,positive,không đọc được
1037,packing,positive,không đọc được
1038,packing,,không đọc được
1041,packing,positive,không đọc được
1042,packing,positive,không đọc được
1043,packing,,không đọc được
1044,packing,positive,không đọc được
1045,packing,,không đọc được
1047,packing,positive,không đọc được
1048,packing,,không đọc được
1050,packing,,không đọc được
1052,packing,,không đọc được
1054,packing,,không đọc được
1057,packing,,negative
1058,packing,negative,
1059,packing,,không đọc được
1061,packing,positive,không đọc được
1062,packing,,không đọc được
1063,packing,,không đọc được
1064,packing,,không đọc được
1066,packing,,không đọc được
1068,packing,,không đọc được
1069,packing,,không đọc được
1071,packing,,không đọc được
1073,packing,,không đọc được
1076,packing,,không đọc được
1077,packing,,không đọc được
1079,packing,,không đọc được
1082,packing,positive,
1083,packing,,không đọc được
1084,packing,,không đọc được
1085,packing,,không đọc được
1086,packing,,không đọc được
1087,packing,,không đọc được
1088,packing,positive,
1089,packing,positive,không đọc được
1090,packing,,không đọc được
1092,packing,,không đọc được
1093,packing,,không đọc được
1094,packing,,không đọc được
1095,packing,,không đọc được
1096,packing,,không đọc được
1097,packing,positive,
1098,packing,,không đọc được
1099,packing,,không đọc được
1100,packing,,không đọc được
1101,packing,,không đọc được
1103,packing,,không đọc được
1104,packing,,positive
1105,packing,,không đọc được
1106,packing,positive,không đọc được
1108,packing,positive,
1109,packing,,không đọc được
1110,packing,,không đọc được
1111,packing,,không đọc được
1112,packing,,positive
1113,packing,,không đọc được
1114,packing,,không đọc được
1115,packing,positive,không đọc được
1120,packing,,không đọc được
1121,packing,,không đọc được
1122,packing,,không đọc được
1124,packing,,không đọc được
1125,packing,positive,không đọc được
1126,packing,,không đọc được
1128,packing,,không đọc được
1129,packing,positive,negative
1132,packing,positive,không đọc được
1133,packing,,positive
1134,packing,,không đọc được
1135,packing,,không đọc được
1136,packing,,không đọc được
1137,packing,,không đọc được
1139,packing,positive,
1140,packing,,không đọc được
1142,packing,,positive
1143,packing,,không đọc được
1144,packing,positive,
1145,packing,negative,không đọc được
1146,packing,positive,không đọc được
1147,packing,,positive
1148,packing,,positive
1150,packing,,không đọc được
1152,packing,,không đọc được
1153,packing,,không đọc được
1154,packing,,positive
1156,packing,,không đọc được
1157,packing,,không đọc được
1158,packing,,không đọc được
1159,packing,positive,
1160,packing,positive,
1161,packing,,không đọc được
1163,packing,,không đọc được
1166,packing,,không đọc được
1167,packing,,không đọc được
1168,packing,,không đọc được
1169,packing,,không đọc được
1170,packing,,không đọc được
1173,packing,positive,không đọc được
1174,packing,,không đọc được
1175,packing,,không đọc được
1177,packing,,không đọc được
1179,packing,,không đọc được
1181,packing,,không đọc được
1182,packing,,không đọc được
1184,packing,positive,
1186,packing,positive,không đọc được
1187,packing,,positive
1188,packing,,không đọc được
1189,packing,,không đọc được
1190,packing,,không đọc được
1191,packing,positive,không đọc được
1193,packing,positive,không đọc được
1194,packing,,không đọc được
1195,packing,,không đọc được
1196,packing,,không đọc được
1197,packing,,không đọc được
1198,packing,positive,không đọc được
1199,packing,,không đọc được
1201,packing,,không đọc được
1203,packing,,không đọc được
1205,packing,,không đọc được
1208,packing,,không đọc được
1209,packing,,không đọc được
1210,packing,,không đọc được
1211,packing,positive,không đọc được
1212,packing,,không đọc được
1214,packing,,không đọc được
1215,packing,,không đọc được
1218,packing,,positive
1220,packing,,không đọc được
1222,packing,positive,
1223,packing,,không đọc được
1224,packing,positive,
1225,packing,,không đọc được
1226,packing,,không đọc được
1227,packing,,không đọc được
1231,packing,,không đọc được
1232,packing,positive,không đọc được
1233,packing,,không đọc được
1234,packing,,không đọc được
1235,packing,,không đọc được
1238,packing,,không đọc được
1240,packing,,không đọc được
1241,packing,,không đọc được
1245,packing,positive,
1246,packing,positive,không đọc được
1247,packing,,không đọc được
1250,packing,,không đọc được
1252,packing,,không đọc được
1255,packing,,không đọc được
1256,packing,positive,không đọc được
1257,packing,,không đọc được
1258,packing,,không đọc được
1259,packing,positive,không đọc được
1260,packing,,không đọc được
1261,packing,,positive
1266,packing,positive,không đọc được
1267,packing,,không đọc được
1268,packing,,không đọc được
1269,packing,positive,không đọc được
1273,packing,,không đọc được
1274,packing,,không đọc được
1275,packing,,không đọc được
1278,packing,positive,
1279,packing,,không đọc được
1280,packing,,không đọc được
1281,packing,positive,
1282,packing,,không đọc được
1283,packing,,không đọc được
1284,packing,,không đọc được
1286,packing,positive,
1287,packing,positive,không đọc được
1288,packing,positive,không đọc được
1290,packing,,không đọc được
1291,packing,,không đọc được
1292,packing,,không đọc được
1293,packing,positive,không đọc được
1295,packing,,positive
1296,packing,positive,không đọc được
1297,packing,,không đọc được
1298,packing,,không đọc được
1301,packing,,không đọc được
1302,packing,,không đọc được
1307,packing,,không đọc được
1309,packing,,không đọc được
1310,packing,,không đọc được
1311,packing,,không đọc được
1312,packing,positive,không đọc được
1313,packing,,không đọc được
1314,packing,,không đọc được
1315,packing,,không đọc được
1316,packing,,không đọc được
1317,packing,,không đọc được
1318,packing,,không đọc được
1319,packing,,positive
1320,packing,,không đọc được
1323,packing,,không đọc được
1324,packing,positive,không đọc được
1325,packing,positive,không đọc được
1326,packing,,không đọc được
1327,packing,,không đọc được
1329,packing,,không đọc được
1331,packing,,không đọc được
1332,packing,positive,không đọc được
1334,packing,,không đọc được
1335,packing,,không đọc được
1337,packing,,không đọc được
1338,packing,,không đọc được
1339,packing,positive,
1341,packing,,không đọc được
1342,packing,,không đọc được
1343,packing,positive,không đọc được
1344,packing,,không đọc được
1345,packing,,không đọc được
1346,packing,,positive
1348,packing,positive,
1349,packing,,không đọc được
1350,packing,positive,
1351,packing,,không đọc được
1352,packing,positive,
1353,packing,,không đọc được
1354,packing,,không đọc được
1355,packing,,không đọc được
1357,packing,positive,
1358,packing,,không đọc được
1359,packing,positive,không đọc được
1360,packing,,không đọc được
1363,packing,,không đọc được
1365,packing,,không đọc được
1367,packing,,không đọc được
1368,packing,,không đọc được
1369,packing,positive,không đọc được
1371,packing,,không đọc được
1372,packing,,không đọc được
1373,packing,,không đọc được
1374,packing,,không đọc được
1375,packing,positive,không đọc được
1376,packing,,không đọc được
1377,packing,,không đọc được
1380,packing,positive,
1382,packing,,không đọc được
1384,packing,,không đọc được
1385,packing,,không đọc được
1387,packing,positive,
1389,packing,,không đọc được
1390,packing,,không đọc được
1393,packing,,không đọc được
1394,packing,,không đọc được
1395,packing,,không đọc được
1397,packing,positive,không đọc được
1399,packing,,không đọc được
1400,packing,,không đọc được
1401,packing,,không đọc được
1403,packing,,không đọc được
1404,packing,,positive
1406,packing,,không đọc được
1407,packing,,không đọc được
1410,packing,,không đọc được
1411,packing,,positive
1412,packing,,không đọc được
1414,packing,,không đọc được
1415,packing,positive,không đọc được
1416,packing,,không đọc được
1418,packing,positive,
1419,packing,,không đọc được
1421,packing,,không đọc được
1423,packing,,không đọc được
1424,packing,negative,không đọc được
1425,packing,,không đọc được
1426,packing,positive,
1427,packing,,không đọc được
1428,packing,,không đọc được
1431,packing,positive,không đọc được
1432,packing,positive,
1434,packing,,không đọc được
1435,packing,positive,
1436,packing,,không đọc được
1437,packing,,không đọc được
1438,packing,,không đọc được
1439,packing,positive,không đọc được
1440,packing,,không đọc được
1442,packing,,không đọc được
1443,packing,positive,không đọc được
1444,packing,,không đọc được
1446,packing,,không đọc được
1447,packing,,không đọc được
1448,packing,,không đọc được
1449,packing,,không đọc được
1450,packing,positive,
1452,packing,,không đọc được
1453,packing,,không đọc được
1454,packing,,không đọc được
1456,packing,,không đọc được
1457,packing,,không đọc được
1458,packing,,không đọc được
1462,packing,,positive
1463,packing,,không đọc được
1464,packing,positive,
1465,packing,positive,không đọc được
1468,packing,positive,không đọc được
1469,packing,,không đọc được
1470,packing,positive,
1472,packing,,không đọc được
1473,packing,,không đọc được
1474,packing,,không đọc được
1477,packing,,không đọc được
1479,packing,,positive
1480,packing,,không đọc được
1481,packing,,không đọc được
1482,packing,,không đọc được
1483,packing,,không đọc được
1484,packing,,không đọc được
1485,packing,positive,
1488,packing,,không đọc được
1489,packing,,positive
1490,packing,,không đọc được
1492,packing,positive,
1493,packing,positive,không đọc được
1495,packing,,không đọc được
1496,packing,,không đọc được
1497,packing,positive,không đọc được
1499,packing,,positive
1500,packing,,không đọc được
1501,packing,positive,
1502,packing,,không đọc được
1504,packing,positive,không đọc được
1505,packing,positive,không đọc được
1506,packing,,không đọc được
1507,packing,,không đọc được
1508,packing,positive,không đọc được
1511,packing,positive,không đọc được
1512,packing,,không đọc được
1513,packing,,không đọc được
1514,packing,,không đọc được
1517,packing,,không đọc được
1518,packing,,positive
1519,packing,negative,
1520,packing,,positive
1522,packing,,không đọc được
1524,packing,positive,không đọc được
1525,packing,positive,không đọc được
1527,packing,,không đọc được
1528,packing,,không đọc được
1529,packing,,không đọc được
1530,packing,positive,không đọc được
1531,packing,,không đọc được
1532,packing,,không đọc được
1533,packing,,không đọc được
1534,packing,positive,
1536,packing,,không đọc được
1537,packing,,không đọc được
1538,packing,positive,không đọc được
1539,packing,,không đọc được
1540,packing,positive,không đọc được
1541,packing,positive,
1542,packing,,không đọc được
1543,packing,,không đọc được
1546,packing,,không đọc được
1547,packing,,không đọc được
1548,packing,,không đọc được
1549,packing,positive,
1551,packing,,không đọc được
1552,packing,,không đọc được
1554,packing,,không đọc được
1555,packing,positive,
1557,packing,positive,không đọc được
1558,packing,positive,không đọc được
1559,packing,,không đọc được
1560,packing,,không đọc được
1561,packing,,không đọc được
1562,packing,,không đọc được
1563,packing,positive,không đọc được
1564,packing,positive,
1565,packing,,không đọc được
1567,packing,,không đọc được
1568,packing,,positive
1569,packing,,không đọc được
1570,packing,positive,
1571,packing,,positive
1573,packing,negative,không đọc được
1578,packing,,không đọc được
1579,packing,,không đọc được
1580,packing,,không đọc được
1581,packing,,không đọc được
1583,packing,positive,không đọc được
1584,packing,,không đọc được
1585,packing,,không đọc được
1587,packing,,không đọc được
1588,packing,positive,không đọc được
1589,packing,positive,
1590,packing,positive,
1593,packing,positive,không đọc được
1595,packing,,không đọc được
1596,packing,,không đọc được
1597,packing,positive,không đọc được
1598,packing,positive,không đọc được
1599,packing,,không đọc được
1600,packing,,không đọc được
1601,packing,positive,không đọc được
1603,packing,,không đọc được
1604,packing,,không đọc được
1607,packing,,không đọc được
1608,packing,,không đọc được
1609,packing,,không đọc được
1610,packing,,không đọc được
1611,packing,,không đọc được
1612,packing,negative,không đọc được
1613,packing,,không đọc được
1614,packing,,không đọc được
1615,packing,positive,
1616,packing,,không đọc được
1619,packing,,không đọc được
1620,packing,positive,
1621,packing,,không đọc được
1622,packing,positive,
