chỉ số,split,khía cạnh,nhãn đúng,nhãn đoán,p(mã âm),p(mã dương)
0,test,colour,0,0,0.001593,0.002539
0,test,packing,1,1,0.000782,0.996583
0,test,price,0,0,0.001128,0.01134
0,test,shipping,0,0,0.014307,0.02948
0,test,smell,0,0,0.000702,0.002488
0,test,stayingpower,0,0,0.000664,0.006032
0,test,texture,0,0,0.001096,0.002114
1,test,colour,0,0,0.058232,0.003462
1,test,packing,1,1,0.016032,0.982682
1,test,price,0,0,0.005096,0.028769
1,test,shipping,1,1,0.003285,0.996152
1,test,smell,0,0,0.016289,0.024586
1,test,stayingpower,0,0,0.072764,0.032602
1,test,texture,0,0,0.104136,0.026225
2,test,colour,0,0,0.124869,0.061296
2,test,packing,0,0,0.001267,0.005948
2,test,price,0,0,0.002407,0.011126
2,test,shipping,0,0,0.003978,0.002282
2,test,smell,0,0,0.000296,0.004054
2,test,stayingpower,0,0,0.001084,0.004796
2,test,texture,1,1,0.00195,0.996338
3,test,colour,0,0,0.001173,0.001682
3,test,packing,1,1,0.000915,0.99558
3,test,price,0,0,0.001401,0.020223
3,test,shipping,0,0,0.014958,0.020738
3,test,smell,0,0,0.000697,0.003133
3,test,stayingpower,0,0,0.000501,0.003751
3,test,texture,0,0,0.001077,0.002073
4,test,colour,0,0,0.003171,0.001017
4,test,packing,0,0,0.001221,0.003355
4,test,price,0,0,0.001357,0.002973
4,test,shipping,0,0,0.003695,0.001209
4,test,smell,0,0,0.000963,0.004384
4,test,stayingpower,0,0,0.002248,0.005421
4,test,texture,0,0,0.001215,0.001274
5,test,colour,1,1,0.000989,0.998742
5,test,packing,0,0,0.000234,0.001855
5,test,price,0,0,0.001705,0.00543
5,test,shipping,0,0,0.00229,0.004118
5,test,smell,0,0,0.000778,0.003157
5,test,stayingpower,0,0,0.003248,0.006239
5,test,texture,0,0,0.001845,0.002982
6,test,colour,0,0,0.027334,0.001644
6,test,packing,0,0,0.004891,0.003609
6,test,price,0,0,0.002044,0.002423
6,test,shipping,0,0,0.067204,0.001458
6,test,smell,0,0,0.001143,0.002194
6,test,stayingpower,0,0,0.00426,0.004091
6,test,texture,0,0,0.001069,0.00052
7,test,colour,0,0,0.011917,0.017586
7,test,packing,0,0,0.006846,0.01499
7,test,price,1,1,0.003242,0.996048
7,test,shipping,0,0,0.066189,0.011714
7,test,smell,0,0,0.028346,0.021888
7,test,stayingpower,0,0,0.003352,0.013344
7,test,texture,2,2,0.996059,0.001684
8,test,colour,1,1,0.009873,0.985183
8,test,packing,0,0,0.015345,0.04156
8,test,price,0,0,0.010503,0.007856
8,test,shipping,2,2,0.999804,0.00015
8,test,smell,0,0,0.01785,0.049787
8,test,stayingpower,1,1,0.013016,0.965957
8,test,texture,3,1,0.037986,0.897013
9,test,colour,0,0,0.001249,0.000898
9,test,packing,0,0,0.000529,0.004457
9,test,price,0,0,0.000965,0.001579
9,test,shipping,0,0,0.003153,0.002045
9,test,smell,0,0,0.000632,0.003227
9,test,stayingpower,0,0,0.002907,0.009392
9,test,texture,0,0,0.014821,0.022103
10,test,colour,1,1,0.001279,0.998591
10,test,packing,0,0,0.000443,0.006308
10,test,price,0,0,0.003878,0.016498
10,test,shipping,0,0,0.00298,0.00799
10,test,smell,0,0,0.002201,0.02779
10,test,stayingpower,0,0,0.006624,0.049129
10,test,texture,1,1,0.001447,0.997083
11,test,colour,1,1,0.03328,0.962651
11,test,packing,1,1,0.035716,0.920699
11,test,price,0,0,0.008134,0.014116
11,test,shipping,0,0,0.037535,0.154153
11,test,smell,1,2,0.999001,0.000749
11,test,stayingpower,0,0,0.072011,0.090071
11,test,texture,0,0,0.250302,0.013792
12,test,colour,1,1,0.00103,0.997912
12,test,packing,0,0,0.003577,0.025812
12,test,price,0,0,0.01371,0.059802
12,test,shipping,0,0,0.016769,0.014343
12,test,smell,0,0,0.060144,0.069316
12,test,stayingpower,0,0,0.018343,0.050453
12,test,texture,3,2,0.853549,0.146272
13,test,colour,1,1,0.010529,0.954194
13,test,packing,0,0,0.005489,0.041874
13,test,price,0,0,0.004993,0.007068
13,test,shipping,0,0,0.032148,0.019035
13,test,smell,0,0,0.003538,0.012289
13,test,stayingpower,1,1,0.003455,0.996425
13,test,texture,1,1,0.015085,0.973086
14,test,colour,0,0,0.004644,0.015168
14,test,packing,0,0,0.004849,0.016011
14,test,price,0,0,0.005132,0.008674
14,test,shipping,2,2,0.994755,0.005191
14,test,smell,0,0,0.001108,0.00292
14,test,stayingpower,0,0,0.001601,0.007375
14,test,texture,0,0,0.00098,0.004732
15,test,colour,0,0,0.001861,0.028453
15,test,packing,0,0,0.000992,0.027482
15,test,price,0,0,0.001675,0.014417
15,test,shipping,2,2,0.904138,0.004763
15,test,smell,0,0,0.000365,0.001286
15,test,stayingpower,0,0,0.000742,0.010899
15,test,texture,0,0,0.000462,0.000978
16,test,colour,2,2,0.99753,0.00193
16,test,packing,0,0,0.014678,0.068221
16,test,price,0,0,0.005745,0.013803
16,test,shipping,0,0,0.026465,0.043907
16,test,smell,0,0,0.00604,0.006856
16,test,stayingpower,0,0,0.011564,0.022892
16,test,texture,1,1,0.005196,0.989953
17,test,colour,0,0,0.002484,0.000691
17,test,packing,0,0,0.001266,0.004195
17,test,price,0,0,0.001323,0.00221
17,test,shipping,0,0,0.002825,0.000953
17,test,smell,0,0,0.000858,0.004367
17,test,stayingpower,0,0,0.001516,0.003584
17,test,texture,0,0,0.001244,0.001582
18,test,colour,0,0,0.002223,0.003477
18,test,packing,1,1,0.000503,0.999244
18,test,price,0,0,0.00166,0.013725
18,test,shipping,3,1,0.02807,0.963218
18,test,smell,0,0,0.003148,0.004392
18,test,stayingpower,0,0,0.001335,0.010013
18,test,texture,0,0,0.001701,0.003295
19,test,colour,1,1,0.000722,0.997942
19,test,packing,0,0,0.000463,0.002869
19,test,price,0,0,0.001112,0.00503
19,test,shipping,0,0,0.002108,0.00314
19,test,smell,1,1,0.000908,0.99847
19,test,stayingpower,0,0,0.004805,0.008093
19,test,texture,0,0,0.002103,0.015721
20,test,colour,0,0,0.001843,0.006307
20,test,packing,0,0,0.00036,0.002121
20,test,price,0,0,0.001109,0.004217
20,test,shipping,0,0,0.001523,0.001082
20,test,smell,0,0,0.000355,0.003784
20,test,stayingpower,0,0,0.0011,0.005292
20,test,texture,0,0,0.00113,0.002761
21,test,colour,1,1,0.004862,0.994925
21,test,packing,0,0,0.009649,0.048968
21,test,price,0,0,0.008432,0.031784
21,test,shipping,0,0,0.03592,0.019821
21,test,smell,0,0,0.022684,0.032969
21,test,stayingpower,0,0,0.282981,0.047953
21,test,texture,2,2,0.999203,0.000581
22,test,colour,0,0,0.006741,0.04233
22,test,packing,0,0,0.000326,0.002861
22,test,price,0,0,0.001583,0.01087
22,test,shipping,1,1,0.000843,0.998876
22,test,smell,0,0,0.000697,0.005343
22,test,stayingpower,0,0,0.006121,0.010859
22,test,texture,0,0,0.000525,0.005657
23,test,colour,0,0,0.001444,0.001251
23,test,packing,0,0,0.001128,0.009644
23,test,price,0,0,0.001107,0.003223
23,test,shipping,0,0,0.002402,0.002039
23,test,smell,0,0,0.000514,0.004249
23,test,stayingpower,0,0,0.001294,0.003149
23,test,texture,0,0,0.00109,0.001661
24,test,colour,0,0,0.002857,0.00464
24,test,packing,1,1,0.001302,0.994194
24,test,price,0,0,0.001063,0.009308
24,test,shipping,1,1,0.002071,0.996851
24,test,smell,0,0,0.001771,0.004647
24,test,stayingpower,0,0,0.002482,0.013434
24,test,texture,0,0,0.001208,0.005969
25,test,colour,0,1,0.003479,0.991937
25,test,packing,0,0,0.001221,0.006376
25,test,price,1,1,0.001646,0.997245
25,test,shipping,0,0,0.012018,0.006146
25,test,smell,0,0,0.014145,0.051045
25,test,stayingpower,0,0,0.033056,0.081622
25,test,texture,1,1,0.18302,0.816267
26,test,colour,0,0,0.006961,0.011948
26,test,packing,0,0,0.000615,0.007739
26,test,price,0,0,0.001554,0.006194
26,test,shipping,1,1,0.000641,0.999253
26,test,smell,0,0,0.001765,0.012278
26,test,stayingpower,0,0,0.005639,0.007996
26,test,texture,0,0,0.000889,0.006594
27,test,colour,0,0,0.150326,0.039647
27,test,packing,1,1,0.022279,0.977236
27,test,price,1,1,0.024274,0.933578
27,test,shipping,0,0,0.070002,0.025177
27,test,smell,1,1,0.054468,0.934375
27,test,stayingpower,0,0,0.112008,0.011042
27,test,texture,0,2,0.917122,0.007982
28,test,colour,0,0,0.000784,0.003413
28,test,packing,0,0,0.000802,0.018161
28,test,price,0,0,0.001078,0.005186
28,test,shipping,0,0,0.004523,0.007385
28,test,smell,0,0,0.000242,0.002213
28,test,stayingpower,0,0,0.000348,0.002074
28,test,texture,0,0,0.000276,0.000774
29,test,colour,0,0,0.002467,0.0009
29,test,packing,0,0,0.001334,0.004972
29,test,price,0,0,0.001396,0.002453
29,test,shipping,0,0,0.002743,0.001346
29,test,smell,0,0,0.000803,0.003412
29,test,stayingpower,0,0,0.001829,0.004549
29,test,texture,0,0,0.001129,0.001341
30,test,colour,1,1,0.001626,0.994937
30,test,packing,0,0,0.017993,0.076666
30,test,price,1,1,0.004528,0.988704
30,test,shipping,1,1,0.047973,0.940428
30,test,smell,0,0,0.050781,0.073715
30,test,stayingpower,0,0,0.046052,0.021231
30,test,texture,2,2,0.996606,0.001364
31,test,colour,1,1,0.001686,0.997286
31,test,packing,0,0,0.000424,0.007935
31,test,price,0,0,0.000527,0.002688
31,test,shipping,1,1,0.000555,0.998718
31,test,smell,0,0,0.001966,0.005457
31,test,stayingpower,0,0,0.009894,0.014127
31,test,texture,0,0,0.001045,0.002573
32,test,colour,1,1,0.0004,0.99905
32,test,packing,0,0,0.000392,0.001758
32,test,price,1,1,0.001506,0.994777
32,test,shipping,0,0,0.002661,0.005309
32,test,smell,0,0,0.000744,0.003406
32,test,stayingpower,0,0,0.00801,0.024046
32,test,texture,0,0,0.003792,0.004806
33,test,colour,0,0,0.044198,0.030081
33,test,packing,0,0,0.057196,0.074783
33,test,price,0,0,0.012792,0.031016
33,test,shipping,2,2,0.993782,0.00546
33,test,smell,2,2,0.996244,0.003444
33,test,stayingpower,0,0,0.011259,0.201383
33,test,texture,0,0,0.039658,0.03727
34,test,colour,2,2,0.971215,0.028593
34,test,packing,0,0,0.004333,0.005122
34,test,price,0,0,0.003377,0.028069
34,test,shipping,0,0,0.001072,0.001821
34,test,smell,0,0,0.006166,0.001914
34,test,stayingpower,0,0,0.008704,0.018528
34,test,texture,0,0,0.03791,0.011733
35,test,colour,3,2,0.530283,0.462903
35,test,packing,0,0,0.014233,0.080058
35,test,price,0,0,0.015947,0.017201
35,test,shipping,0,0,0.00706,0.014284
35,test,smell,0,0,0.04456,0.032826
35,test,stayingpower,0,0,0.173996,0.052
35,test,texture,2,2,0.98993,0.010001
36,test,colour,1,1,0.016542,0.980705
36,test,packing,2,2,0.927071,0.065248
36,test,price,0,0,0.010845,0.006811
36,test,shipping,1,1,0.031497,0.96669
36,test,smell,0,0,0.070455,0.026372
36,test,stayingpower,0,0,0.141192,0.017697
36,test,texture,0,0,0.153817,0.015078
37,test,colour,0,0,0.017807,0.012688
37,test,packing,0,0,0.012203,0.076758
37,test,price,0,0,0.008599,0.031702
37,test,shipping,0,0,0.014782,0.008375
37,test,smell,2,2,0.993281,0.005458
37,test,stayingpower,0,0,0.05026,0.102147
37,test,texture,3,2,0.946871,0.050752
38,test,colour,0,0,0.006811,0.019586
38,test,packing,0,0,0.0005,0.004531
38,test,price,0,0,0.001735,0.010491
38,test,shipping,1,1,0.000975,0.998824
38,test,smell,0,0,0.000772,0.00621
38,test,stayingpower,0,0,0.003047,0.006599
38,test,texture,0,0,0.000557,0.005361
39,test,colour,0,0,0.001563,0.007823
39,test,packing,0,0,0.001269,0.021633
39,test,price,1,1,0.000609,0.998837
39,test,shipping,1,1,0.002539,0.996534
39,test,smell,0,0,0.000443,0.004813
39,test,stayingpower,0,0,0.003399,0.021791
39,test,texture,0,0,0.000889,0.008155
40,test,colour,1,1,0.001581,0.998344
40,test,packing,0,0,0.000298,0.001874
40,test,price,0,0,0.00136,0.004292
40,test,shipping,0,0,0.001401,0.002097
40,test,smell,0,0,0.001093,0.004074
40,test,stayingpower,0,0,0.008025,0.0246
40,test,texture,0,0,0.002752,0.005057
41,test,colour,1,1,0.005987,0.993874
41,test,packing,0,0,0.001509,0.005923
41,test,price,0,0,0.004985,0.00952
41,test,shipping,0,0,0.013185,0.007236
41,test,smell,0,0,0.003171,0.005726
41,test,stayingpower,1,1,0.005219,0.992968
41,test,texture,1,1,0.015807,0.913764
42,test,colour,0,0,0.004708,0.001701
42,test,packing,0,0,0.002084,0.007474
42,test,price,0,0,0.002627,0.005129
42,test,shipping,0,0,0.002822,0.00101
42,test,smell,0,0,0.000808,0.003391
42,test,stayingpower,0,0,0.001767,0.002565
42,test,texture,0,0,0.001373,0.001351
43,test,colour,1,1,0.003508,0.994095
43,test,packing,0,0,0.00428,0.016639
43,test,price,1,1,0.009153,0.982098
43,test,shipping,2,2,0.999747,0.00017
43,test,smell,0,0,0.002824,0.009608
43,test,stayingpower,0,0,0.006866,0.029091
43,test,texture,0,0,0.011509,0.009319
44,test,colour,0,0,0.241325,0.096545
44,test,packing,0,0,0.017309,0.018815
44,test,price,1,1,0.005132,0.99387
44,test,shipping,0,0,0.043984,0.0065
44,test,smell,0,0,0.020565,0.014089
44,test,stayingpower,0,0,0.019562,0.010155
44,test,texture,0,2,0.997514,0.000819
45,test,colour,2,2,0.518588,0.481278
45,test,packing,0,0,0.014786,0.008938
45,test,price,0,0,0.009622,0.010844
45,test,shipping,2,2,0.994319,0.00139
45,test,smell,0,0,0.003026,0.000994
45,test,stayingpower,0,0,0.012491,0.02982
45,test,texture,0,0,0.063257,0.01096
46,test,colour,2,2,0.975043,0.017531
46,test,packing,1,1,0.031516,0.966132
46,test,price,1,1,0.005504,0.992069
46,test,shipping,1,1,0.023244,0.961285
46,test,smell,0,0,0.030016,0.031392
46,test,stayingpower,0,2,0.741977,0.13246
46,test,texture,0,2,0.951578,0.025895
47,test,colour,1,1,0.00063,0.999235
47,test,packing,0,0,0.000243,0.003004
47,test,price,0,0,0.000769,0.002332
47,test,shipping,0,0,0.002442,0.007156
47,test,smell,0,0,0.000781,0.003569
47,test,stayingpower,0,0,0.003241,0.012351
47,test,texture,0,0,0.002056,0.004481
48,test,colour,1,1,0.002615,0.993573
48,test,packing,1,1,0.000538,0.997852
48,test,price,0,0,0.000786,0.007877
48,test,shipping,1,1,0.000712,0.998848
48,test,smell,0,0,0.003592,0.008258
48,test,stayingpower,0,0,0.008246,0.02406
48,test,texture,0,0,0.003256,0.003323
49,test,colour,1,1,0.000269,0.999285
49,test,packing,0,0,0.000548,0.013029
49,test,price,0,0,0.002307,0.012679
49,test,shipping,0,0,0.004149,0.015315
49,test,smell,0,0,0.001125,0.021344
49,test,stayingpower,0,0,0.004414,0.029002
49,test,texture,1,1,0.00519,0.993218
50,test,colour,1,1,0.05433,0.942321
50,test,packing,0,0,0.014996,0.024728
50,test,price,0,0,0.015741,0.021742
50,test,shipping,0,0,0.016531,0.030432
50,test,smell,2,2,0.999645,0.000253
50,test,stayingpower,0,0,0.026284,0.058934
50,test,texture,0,0,0.251054,0.036652
51,test,colour,0,0,0.003486,0.005242
51,test,packing,0,0,0.001037,0.007169
51,test,price,0,0,0.000699,0.004519
51,test,shipping,0,0,0.005742,0.000836
51,test,smell,0,0,0.001121,0.016503
51,test,stayingpower,0,0,0.001145,0.003336
51,test,texture,0,0,0.000892,0.001646
52,test,colour,0,0,0.177243,0.02111
52,test,packing,0,0,0.034235,0.009243
52,test,price,2,1,0.112215,0.50199
52,test,shipping,2,2,0.84952,0.045162
52,test,smell,0,0,0.00684,0.018119
52,test,stayingpower,2,2,0.994734,0.004779
52,test,texture,0,0,0.027273,0.033272
53,test,colour,0,0,0.001966,0.000589
53,test,packing,0,0,0.001248,0.003373
53,test,price,0,0,0.00221,0.003174
53,test,shipping,0,0,0.005795,0.000814
53,test,smell,0,0,0.001137,0.008305
53,test,stayingpower,0,0,0.000862,0.003472
53,test,texture,0,0,0.003082,0.005226
54,test,colour,1,1,0.025757,0.949415
54,test,packing,1,1,0.016899,0.978405
54,test,price,1,1,0.003305,0.99263
54,test,shipping,2,2,0.998801,0.000883
54,test,smell,0,0,0.037459,0.066968
54,test,stayingpower,3,1,0.374604,0.526532
54,test,texture,1,2,0.600843,0.39246
55,test,colour,1,2,0.558785,0.440551
55,test,packing,0,0,0.007459,0.036953
55,test,price,1,1,0.003134,0.993722
55,test,shipping,0,0,0.020946,0.018642
55,test,smell,0,0,0.006754,0.009481
55,test,stayingpower,0,0,0.108034,0.136252
55,test,texture,1,1,0.027481,0.971663
56,test,colour,0,0,0.019593,0.002699
56,test,packing,0,2,0.88885,0.103585
56,test,price,0,0,0.007297,0.022497
56,test,shipping,0,0,0.092445,0.004033
56,test,smell,0,0,0.008241,0.004618
56,test,stayingpower,0,0,0.011503,0.003693
56,test,texture,0,0,0.093084,0.010098
57,test,colour,0,0,0.001104,0.001053
57,test,packing,0,0,0.000921,0.009912
57,test,price,0,0,0.001371,0.005017
57,test,shipping,0,0,0.00177,0.001846
57,test,smell,0,0,0.000424,0.003231
57,test,stayingpower,0,0,0.001385,0.007037
57,test,texture,0,0,0.001869,0.009022
58,test,colour,1,1,0.002887,0.993412
58,test,packing,0,0,0.012541,0.053971
58,test,price,1,1,0.006001,0.990097
58,test,shipping,2,2,0.998635,0.001154
58,test,smell,1,1,0.005929,0.992818
58,test,stayingpower,0,0,0.020823,0.050383
58,test,texture,0,0,0.021031,0.08962
59,test,colour,0,0,0.001885,0.000837
59,test,packing,0,0,0.001155,0.005836
59,test,price,0,1,0.012022,0.714004
59,test,shipping,0,0,0.008391,0.002534
59,test,smell,0,0,0.000211,0.002627
59,test,stayingpower,0,0,0.000166,0.001062
59,test,texture,0,0,0.00051,0.00101
60,test,colour,0,0,0.002217,0.001943
60,test,packing,1,1,0.000629,0.998732
60,test,price,0,0,0.002339,0.024872
60,test,shipping,0,0,0.033236,0.047199
60,test,smell,0,0,0.001162,0.003122
60,test,stayingpower,0,0,0.001283,0.010657
60,test,texture,0,0,0.002408,0.004767
61,test,colour,0,0,0.190331,0.010429
61,test,packing,2,2,0.930841,0.060701
61,test,price,0,0,0.055067,0.087923
61,test,shipping,1,2,0.998166,0.001012
61,test,smell,0,0,0.045209,0.023363
61,test,stayingpower,2,2,0.522493,0.123961
61,test,texture,1,1,0.089214,0.90025
62,test,colour,0,0,0.006193,0.070074
62,test,packing,0,0,0.003438,0.02907
62,test,price,0,0,0.004247,0.046235
62,test,shipping,0,0,0.009006,0.015514
62,test,smell,1,1,0.001043,0.998872
62,test,stayingpower,0,0,0.006457,0.049034
62,test,texture,1,1,0.001099,0.997347
63,test,colour,0,0,0.011421,0.018258
63,test,packing,0,0,0.006936,0.0116
63,test,price,1,1,0.016176,0.977047
63,test,shipping,2,2,0.999881,7.2e-05
63,test,smell,0,0,0.002015,0.005424
63,test,stayingpower,0,0,0.00236,0.015509
63,test,texture,0,0,0.005483,0.004911
64,test,colour,0,0,0.00409,0.001074
64,test,packing,0,0,0.001713,0.004584
64,test,price,0,0,0.002302,0.003773
64,test,shipping,0,0,0.002026,0.000973
64,test,smell,0,0,0.000688,0.003106
64,test,stayingpower,0,0,0.001745,0.003039
64,test,texture,0,0,0.001579,0.001558
65,test,colour,1,1,0.001167,0.998442
65,test,packing,0,0,0.000256,0.002672
65,test,price,0,0,0.000923,0.0023
65,test,shipping,0,0,0.001679,0.004898
65,test,smell,0,0,0.001297,0.004744
65,test,stayingpower,0,0,0.004447,0.007062
65,test,texture,0,0,0.002188,0.00324
66,test,colour,1,1,0.003702,0.995532
66,test,packing,0,0,0.007493,0.025151
66,test,price,0,0,0.015757,0.03453
66,test,shipping,0,0,0.025205,0.012417
66,test,smell,0,0,0.063749,0.0827
66,test,stayingpower,2,2,0.765401,0.134382
66,test,texture,2,2,0.999253,0.000668
67,test,colour,0,0,0.002305,0.053091
67,test,packing,0,0,0.001537,0.011899
67,test,price,0,0,0.00408,0.036804
67,test,shipping,0,0,0.003213,0.006074
67,test,smell,1,1,0.000712,0.997977
67,test,stayingpower,0,0,0.004044,0.03108
67,test,texture,1,1,0.000792,0.997407
68,test,colour,1,1,0.001032,0.998725
68,test,packing,0,0,0.000368,0.005808
68,test,price,0,0,0.000603,0.003216
68,test,shipping,3,1,0.007114,0.988146
68,test,smell,0,0,0.000783,0.002063
68,test,stayingpower,0,0,0.00659,0.014665
68,test,texture,0,0,0.001192,0.001919
69,test,colour,0,0,0.004784,0.008965
69,test,packing,0,0,0.001239,0.006255
69,test,price,0,0,0.00139,0.006216
69,test,shipping,0,0,0.001403,0.000392
69,test,smell,0,0,0.000874,0.003526
69,test,stayingpower,0,0,0.000553,0.001109
69,test,texture,0,0,0.002485,0.002989
70,test,colour,1,1,0.000721,0.998331
70,test,packing,0,0,0.001081,0.019152
70,test,price,0,0,0.00134,0.008357
70,test,shipping,0,0,0.001118,0.002946
70,test,smell,1,1,0.000651,0.99902
70,test,stayingpower,0,0,0.002309,0.00656
70,test,texture,0,0,0.004461,0.039828
71,test,colour,0,0,0.011902,0.026115
71,test,packing,0,0,0.010356,0.055957
71,test,price,0,0,0.009232,0.061008
71,test,shipping,1,1,0.020593,0.971153
71,test,smell,0,0,0.018301,0.022871
71,test,stayingpower,0,0,0.056489,0.049259
71,test,texture,3,2,0.94789,0.051237
72,test,colour,0,0,0.001529,0.001796
72,test,packing,0,0,0.000848,0.007687
72,test,price,0,0,0.001375,0.004731
72,test,shipping,0,0,0.002197,0.002277
72,test,smell,0,0,0.000521,0.004672
72,test,stayingpower,0,0,0.001081,0.003146
72,test,texture,0,0,0.001031,0.00158
73,test,colour,0,0,0.005461,0.005516
73,test,packing,1,1,0.006172,0.989073
73,test,price,0,0,0.004252,0.018524
73,test,shipping,2,2,0.998765,0.001139
73,test,smell,0,0,0.004243,0.003857
73,test,stayingpower,0,0,0.001442,0.009225
73,test,texture,0,0,0.002995,0.005655
74,test,colour,1,1,0.004905,0.985144
74,test,packing,0,0,0.038416,0.044466
74,test,price,1,1,0.008337,0.983364
74,test,shipping,2,2,0.999457,0.000496
74,test,smell,1,1,0.006647,0.989901
74,test,stayingpower,0,0,0.036988,0.029221
74,test,texture,0,0,0.024157,0.056118
75,test,colour,1,1,0.003381,0.995458
75,test,packing,0,0,0.005542,0.01721
75,test,price,1,1,0.023998,0.960022
75,test,shipping,0,0,0.03037,0.009381
75,test,smell,0,0,0.006163,0.008426
75,test,stayingpower,3,2,0.956939,0.042739
75,test,texture,0,0,0.047895,0.013113
76,test,colour,0,0,0.0026,0.001681
76,test,packing,0,0,0.000787,0.003006
76,test,price,0,0,0.000848,0.001783
76,test,shipping,0,0,0.005356,0.002048
76,test,smell,0,0,0.000487,0.002253
76,test,stayingpower,0,0,0.000597,0.001474
76,test,texture,0,0,0.001612,0.00148
77,test,colour,0,0,0.002949,0.003071
77,test,packing,0,0,0.000984,0.006459
77,test,price,0,0,0.001753,0.007142
77,test,shipping,0,0,0.001813,0.001742
77,test,smell,0,0,0.000434,0.003792
77,test,stayingpower,0,0,0.001012,0.002543
77,test,texture,0,0,0.000806,0.001273
78,test,colour,1,1,0.001333,0.997314
78,test,packing,0,0,0.001995,0.021432
78,test,price,0,0,0.002153,0.011203
78,test,shipping,1,1,0.000877,0.998676
78,test,smell,1,1,0.008609,0.986445
78,test,stayingpower,0,0,0.014008,0.019701
78,test,texture,0,0,0.001517,0.007321
79,test,colour,3,1,0.066052,0.930118
79,test,packing,0,0,0.006656,0.022955
79,test,price,0,0,0.023811,0.025622
79,test,shipping,0,0,0.004965,0.007216
79,test,smell,0,0,0.013583,0.014626
79,test,stayingpower,2,2,0.998323,0.001536
79,test,texture,0,0,0.240141,0.075866
80,test,colour,1,1,0.00047,0.999228
80,test,packing,0,0,0.000259,0.003269
80,test,price,0,0,0.000813,0.00409
80,test,shipping,0,0,0.00216,0.006567
80,test,smell,0,0,0.000449,0.002604
80,test,stayingpower,0,0,0.002218,0.011658
80,test,texture,0,0,0.001234,0.002958
81,test,colour,1,1,0.00248,0.994232
81,test,packing,0,0,0.000143,0.001575
81,test,price,0,0,0.000636,0.002662
81,test,shipping,0,0,0.0008,0.001496
81,test,smell,0,0,0.00018,0.000959
81,test,stayingpower,0,0,0.002687,0.00878
81,test,texture,0,0,0.001555,0.002687
82,test,colour,0,0,0.001714,0.001779
82,test,packing,1,1,0.000933,0.997477
82,test,price,0,0,0.001062,0.0089
82,test,shipping,0,1,0.056964,0.764114
82,test,smell,0,0,0.001779,0.004223
82,test,stayingpower,0,0,0.001346,0.009123
82,test,texture,0,0,0.001378,0.00276
83,test,colour,0,0,0.001661,0.001887
83,test,packing,0,0,0.001467,0.014267
83,test,price,0,1,0.008454,0.870509
83,test,shipping,0,0,0.012845,0.003271
83,test,smell,0,0,0.000402,0.003896
83,test,stayingpower,0,0,0.001075,0.003231
83,test,texture,0,0,0.001004,0.000639
84,test,colour,0,0,0.001492,0.000989
84,test,packing,1,1,0.001042,0.997655
84,test,price,0,0,0.002152,0.019474
84,test,shipping,0,0,0.044036,0.057742
84,test,smell,0,0,0.001387,0.003193
84,test,stayingpower,0,0,0.001402,0.012763
84,test,texture,0,0,0.002161,0.004287
85,test,colour,0,0,0.001691,0.014796
85,test,packing,0,0,0.00152,0.011136
85,test,price,1,1,0.000666,0.999082
85,test,shipping,1,1,0.007795,0.990913
85,test,smell,0,0,0.000631,0.008916
85,test,stayingpower,0,0,0.00517,0.017198
85,test,texture,0,0,0.000959,0.004939
86,test,colour,0,0,0.00227,0.016055
86,test,packing,0,0,0.002767,0.045648
86,test,price,1,1,0.000819,0.998222
86,test,shipping,0,0,0.021847,0.013373
86,test,smell,1,1,0.000598,0.998455
86,test,stayingpower,0,0,0.002777,0.05307
86,test,texture,1,1,0.002264,0.979819
87,test,colour,0,0,0.012805,0.194847
87,test,packing,0,0,0.020427,0.085166
87,test,price,0,0,0.007609,0.023341
87,test,shipping,2,2,0.998415,0.001505
87,test,smell,1,1,0.004371,0.993927
87,test,stayingpower,1,1,0.064253,0.889914
87,test,texture,0,1,0.011732,0.916969
88,test,colour,2,2,0.98883,0.00588
88,test,packing,0,0,0.03559,0.062183
88,test,price,0,0,0.014321,0.051556
88,test,shipping,0,0,0.017544,0.004195
88,test,smell,2,1,0.011258,0.987707
88,test,stayingpower,2,2,0.50441,0.449829
88,test,texture,1,1,0.007055,0.98073
89,test,colour,0,0,0.01054,0.043871
89,test,packing,0,0,0.001331,0.00919
89,test,price,0,0,0.001507,0.004727
89,test,shipping,0,0,0.008622,0.003259
89,test,smell,0,0,0.000724,0.008404
89,test,stayingpower,1,1,0.006298,0.988514
89,test,texture,1,1,0.006791,0.980067
90,test,colour,0,0,0.001029,0.001113
90,test,packing,0,0,0.001455,0.017626
90,test,price,0,0,0.000951,0.005796
90,test,shipping,0,0,0.041729,0.037356
90,test,smell,0,0,0.000311,0.002559
90,test,stayingpower,0,0,0.000697,0.002564
90,test,texture,0,0,0.000322,0.001163
91,test,colour,0,0,0.003169,0.000667
91,test,packing,0,0,0.001792,0.006316
91,test,price,0,0,0.001407,0.004508
91,test,shipping,0,0,0.013089,0.001849
91,test,smell,0,0,0.00054,0.002004
91,test,stayingpower,0,0,0.001608,0.003024
91,test,texture,0,0,0.002545,0.001856
92,test,colour,1,1,0.000425,0.998967
92,test,packing,0,0,0.000368,0.004929
92,test,price,0,0,0.004918,0.033977
92,test,shipping,0,0,0.003359,0.01037
92,test,smell,0,0,0.000768,0.010821
92,test,stayingpower,0,0,0.005501,0.052864
92,test,texture,1,1,0.00118,0.996916
93,test,colour,1,1,0.000511,0.99814
93,test,packing,0,0,0.001594,0.019142
93,test,price,0,0,0.004044,0.025122
93,test,shipping,0,0,0.004114,0.006538
93,test,smell,1,1,0.000678,0.99906
93,test,stayingpower,0,0,0.006323,0.047504
93,test,texture,1,1,0.002013,0.993885
94,test,colour,1,2,0.998414,0.001521
94,test,packing,0,0,0.009493,0.006504
94,test,price,0,0,0.009933,0.029674
94,test,shipping,0,0,0.004701,0.003258
94,test,smell,0,0,0.016099,0.002546
94,test,stayingpower,0,0,0.01513,0.028761
94,test,texture,0,0,0.040703,0.013342
95,test,colour,3,2,0.934177,0.061769
95,test,packing,0,0,0.001388,0.006316
95,test,price,1,1,0.00106,0.997394
95,test,shipping,0,0,0.001271,0.001805
95,test,smell,0,0,0.001093,0.00374
95,test,stayingpower,0,0,0.006697,0.011427
95,test,texture,0,0,0.015807,0.006623
96,test,colour,0,0,0.001944,0.004396
96,test,packing,0,0,0.000524,0.003974
96,test,price,0,0,0.000898,0.00489
96,test,shipping,0,0,0.002784,0.002056
96,test,smell,0,0,0.00055,0.004543
96,test,stayingpower,0,0,0.001445,0.005632
96,test,texture,0,0,0.000761,0.002451
97,test,colour,0,0,0.003721,0.004153
97,test,packing,1,1,0.001081,0.997633
97,test,price,0,0,0.002162,0.015373
97,test,shipping,1,1,0.003692,0.995618
97,test,smell,0,0,0.002995,0.006215
97,test,stayingpower,0,0,0.003063,0.014754
97,test,texture,0,0,0.001354,0.004771
98,test,colour,0,0,0.004118,0.007461
98,test,packing,1,1,0.001022,0.996345
98,test,price,0,0,0.001398,0.017685
98,test,shipping,1,1,0.000804,0.999027
98,test,smell,0,0,0.00226,0.009585
98,test,stayingpower,0,0,0.002481,0.012114
98,test,texture,0,0,0.00159,0.010707
99,test,colour,0,0,0.003871,0.036433
99,test,packing,0,0,0.003483,0.015207
99,test,price,1,1,0.001486,0.997133
99,test,shipping,0,0,0.066756,0.011239
99,test,smell,0,0,0.002878,0.047829
99,test,stayingpower,1,1,0.003951,0.991705
99,test,texture,1,1,0.007786,0.966804
100,test,colour,0,0,0.002115,0.010534
100,test,packing,0,0,0.000553,0.003151
100,test,price,1,1,0.000829,0.998657
100,test,shipping,0,0,0.005801,0.00493
100,test,smell,0,0,0.000443,0.006631
100,test,stayingpower,0,0,0.001191,0.006182
100,test,texture,0,0,0.001187,0.002261
101,test,colour,0,0,0.009845,0.071104
101,test,packing,0,0,0.004958,0.037019
101,test,price,0,0,0.002735,0.016519
101,test,shipping,1,1,0.009198,0.990184
101,test,smell,1,1,0.002113,0.995874
101,test,stayingpower,1,1,0.022571,0.949434
101,test,texture,1,1,0.001752,0.925893
102,test,colour,0,0,0.001319,0.002416
102,test,packing,0,0,0.000647,0.004717
102,test,price,0,0,0.002643,0.014989
102,test,shipping,0,0,0.001747,0.001726
102,test,smell,0,0,0.000322,0.003878
102,test,stayingpower,0,0,0.001098,0.002929
102,test,texture,0,0,0.000647,0.001144
103,test,colour,1,1,0.003067,0.98977
103,test,packing,1,1,0.001112,0.997324
103,test,price,0,0,0.001081,0.015619
103,test,shipping,1,1,0.005222,0.992913
103,test,smell,1,1,0.004498,0.991901
103,test,stayingpower,0,0,0.025882,0.095997
103,test,texture,1,1,0.001859,0.993016
104,test,colour,2,2,0.997236,0.002175
104,test,packing,0,0,0.008979,0.027718
104,test,price,0,0,0.017698,0.060311
104,test,shipping,0,0,0.009794,0.004426
104,test,smell,0,0,0.00352,0.002365
104,test,stayingpower,0,0,0.024566,0.033392
104,test,texture,1,1,0.029525,0.96693
105,test,colour,0,0,0.001676,0.008509
105,test,packing,0,0,0.000468,0.005295
105,test,price,0,0,0.001326,0.008237
105,test,shipping,0,0,0.001855,0.003243
105,test,smell,0,0,0.000214,0.002419
105,test,stayingpower,0,0,0.000646,0.00288
105,test,texture,0,0,0.000455,0.001126
106,test,colour,1,1,0.001957,0.995722
106,test,packing,1,1,0.000319,0.998121
106,test,price,0,0,0.000421,0.00515
106,test,shipping,1,1,0.000584,0.998616
106,test,smell,0,0,0.00232,0.01012
106,test,stayingpower,0,0,0.005064,0.02464
106,test,texture,0,0,0.003151,0.01204
107,test,colour,1,1,0.00131,0.998295
107,test,packing,0,0,0.003318,0.02039
107,test,price,0,0,0.005225,0.014039
107,test,shipping,2,2,0.999585,0.000264
107,test,smell,0,0,0.002096,0.003562
107,test,stayingpower,0,0,0.004213,0.031847
107,test,texture,0,0,0.006742,0.005091
108,test,colour,1,1,0.007278,0.990837
108,test,packing,0,1,0.35614,0.574632
108,test,price,0,0,0.008528,0.017958
108,test,shipping,0,0,0.090084,0.012642
108,test,smell,0,0,0.009902,0.009326
108,test,stayingpower,0,0,0.027508,0.010374
108,test,texture,0,2,0.626164,0.006611
109,test,colour,0,0,0.002648,0.003621
109,test,packing,0,0,0.000832,0.004845
109,test,price,0,0,0.001275,0.003843
109,test,shipping,0,0,0.002824,0.002239
109,test,smell,0,0,0.000622,0.005749
109,test,stayingpower,0,0,0.001424,0.004277
109,test,texture,0,0,0.000934,0.001869
110,test,colour,1,1,0.005113,0.991901
110,test,packing,0,0,0.038374,0.129396
110,test,price,1,1,0.008512,0.988675
110,test,shipping,2,2,0.999547,0.000368
110,test,smell,1,1,0.017818,0.960075
110,test,stayingpower,0,0,0.077226,0.169686
110,test,texture,1,1,0.077595,0.81456
111,test,colour,0,0,0.024757,0.018488
111,test,packing,0,0,0.008291,0.018484
111,test,price,0,0,0.019466,0.04878
111,test,shipping,0,0,0.005871,0.01045
111,test,smell,2,2,0.998907,0.000828
111,test,stayingpower,0,0,0.006611,0.023712
111,test,texture,0,0,0.048816,0.024439
112,test,colour,0,0,0.001824,0.009445
112,test,packing,0,0,0.000395,0.002275
112,test,price,0,0,0.001461,0.009564
112,test,shipping,0,0,0.002103,0.001711
112,test,smell,0,0,0.000247,0.003177
112,test,stayingpower,0,0,0.001019,0.004776
112,test,texture,0,0,0.000533,0.001649
113,test,colour,1,1,0.000309,0.999549
113,test,packing,0,0,0.000548,0.005639
113,test,price,0,0,0.002595,0.015311
113,test,shipping,0,0,0.00461,0.013568
113,test,smell,0,0,0.00178,0.022651
113,test,stayingpower,0,0,0.008364,0.054477
113,test,texture,1,1,0.002708,0.994121
114,test,colour,0,0,0.001368,0.002263
114,test,packing,0,0,0.000803,0.008903
114,test,price,0,0,0.000881,0.003606
114,test,shipping,0,0,0.001766,0.002253
114,test,smell,0,0,0.000485,0.004866
114,test,stayingpower,0,0,0.000835,0.003546
114,test,texture,0,0,0.00128,0.003199
115,test,colour,0,1,0.001639,0.996545
115,test,packing,0,0,0.000344,0.011268
115,test,price,0,0,0.000448,0.001688
115,test,shipping,3,1,0.003747,0.991708
115,test,smell,0,0,0.000668,0.001382
115,test,stayingpower,0,0,0.002892,0.008823
115,test,texture,0,0,0.000888,0.001622
116,test,colour,0,0,0.001977,0.000783
116,test,packing,0,0,0.001317,0.004301
116,test,price,0,0,0.001493,0.003131
116,test,shipping,0,0,0.004569,0.001877
116,test,smell,0,0,0.000787,0.0041
116,test,stayingpower,0,0,0.001404,0.003711
116,test,texture,0,0,0.000985,0.001002
117,test,colour,3,2,0.853988,0.114161
117,test,packing,0,0,0.006759,0.068405
117,test,price,0,0,0.01137,0.052908
117,test,shipping,0,0,0.003778,0.003981
117,test,smell,1,1,0.001028,0.998745
117,test,stayingpower,0,0,0.012234,0.023951
117,test,texture,1,1,0.000957,0.995169
118,test,colour,1,1,0.008398,0.990106
118,test,packing,0,0,0.003866,0.012057
118,test,price,0,0,0.002141,0.00546
118,test,shipping,0,0,0.012086,0.006513
118,test,smell,1,1,0.005032,0.994661
118,test,stayingpower,0,0,0.005589,0.004448
118,test,texture,0,0,0.036195,0.007323
119,test,colour,0,0,0.008805,0.024817
119,test,packing,0,0,0.000599,0.008003
119,test,price,0,0,0.001535,0.009903
119,test,shipping,1,1,0.00049,0.999411
119,test,smell,0,0,0.001244,0.007946
119,test,stayingpower,0,0,0.004762,0.009164
119,test,texture,0,0,0.000678,0.006975
120,test,colour,0,0,0.022919,0.001293
120,test,packing,0,0,0.044128,0.015279
120,test,price,0,0,0.003306,0.005687
120,test,shipping,0,2,0.799891,0.005323
120,test,smell,0,0,0.002701,0.002669
120,test,stayingpower,0,0,0.00178,0.002609
120,test,texture,0,0,0.001692,0.001225
121,test,colour,0,0,0.00178,0.001969
121,test,packing,1,1,0.001594,0.989863
121,test,price,0,0,0.001803,0.026519
121,test,shipping,0,0,0.01161,0.018936
121,test,smell,0,0,0.000666,0.002787
121,test,stayingpower,0,0,0.000841,0.00661
121,test,texture,0,0,0.001184,0.001982
122,test,colour,1,1,0.000404,0.999268
122,test,packing,0,0,0.000664,0.00997
122,test,price,0,0,0.004265,0.012482
122,test,shipping,0,0,0.006091,0.017019
122,test,smell,0,0,0.002027,0.022761
122,test,stayingpower,0,0,0.007201,0.033688
122,test,texture,1,1,0.003936,0.995304
123,test,colour,0,0,0.001294,0.004051
123,test,packing,1,1,0.001399,0.996569
123,test,price,1,1,0.000707,0.998177
123,test,shipping,1,1,0.009483,0.989418
123,test,smell,0,0,0.002454,0.013545
123,test,stayingpower,0,0,0.003086,0.018189
123,test,texture,0,0,0.003858,0.009293
124,test,colour,3,0,0.250746,0.23725
124,test,packing,1,1,0.001333,0.99479
124,test,price,0,0,0.001707,0.02004
124,test,shipping,0,0,0.004738,0.004827
124,test,smell,0,0,0.000452,0.001069
124,test,stayingpower,0,0,0.001461,0.004714
124,test,texture,0,0,0.000683,0.000717
125,test,colour,0,0,0.02321,0.223
125,test,packing,0,0,0.011326,0.019217
125,test,price,0,0,0.008522,0.040465
125,test,shipping,0,0,0.015942,0.002466
125,test,smell,1,1,0.003142,0.996553
125,test,stayingpower,3,2,0.427247,0.334647
125,test,texture,2,2,0.980819,0.015813
126,test,colour,1,1,0.000634,0.99835
126,test,packing,0,0,0.00238,0.01968
126,test,price,0,0,0.003728,0.014053
126,test,shipping,2,2,0.999362,0.00055
126,test,smell,0,0,0.002252,0.005009
126,test,stayingpower,0,0,0.005841,0.036622
126,test,texture,0,0,0.005594,0.005111
127,test,colour,0,0,0.001325,0.001621
127,test,packing,0,0,0.000663,0.008207
127,test,price,0,0,0.001111,0.003588
127,test,shipping,0,0,0.002007,0.002896
127,test,smell,0,0,0.000304,0.002996
127,test,stayingpower,0,0,0.000991,0.00415
127,test,texture,0,0,0.000605,0.001597
128,test,colour,0,0,0.001799,0.003254
128,test,packing,0,0,0.000448,0.002512
128,test,price,0,0,0.001462,0.00593
128,test,shipping,0,0,0.001769,0.001394
128,test,smell,0,0,0.000333,0.002487
128,test,stayingpower,0,0,0.001434,0.003701
128,test,texture,0,0,0.000661,0.001387
129,test,colour,0,0,0.000689,0.002583
129,test,packing,0,0,0.000394,0.003522
129,test,price,1,1,0.001823,0.99068
129,test,shipping,0,0,0.007251,0.006921
129,test,smell,0,0,0.000309,0.006473
129,test,stayingpower,0,0,0.001651,0.004922
129,test,texture,0,0,0.000997,0.0014
130,test,colour,3,2,0.985691,0.010461
130,test,packing,0,0,0.004569,0.006938
130,test,price,1,1,0.001,0.998604
130,test,shipping,0,0,0.003455,0.002396
130,test,smell,0,0,0.008105,0.003208
130,test,stayingpower,0,0,0.006954,0.022393
130,test,texture,0,0,0.051772,0.00979
131,test,colour,1,1,0.000594,0.99903
131,test,packing,0,0,0.000418,0.008914
131,test,price,0,0,0.001511,0.010447
131,test,shipping,1,1,0.000605,0.998734
131,test,smell,0,0,0.001477,0.005688
131,test,stayingpower,0,0,0.011034,0.022792
131,test,texture,0,0,0.001514,0.006717
132,test,colour,1,1,0.00306,0.995227
132,test,packing,0,0,0.003167,0.005655
132,test,price,1,1,0.02442,0.965767
132,test,shipping,0,0,0.021751,0.010172
132,test,smell,0,0,0.009621,0.023571
132,test,stayingpower,2,2,0.996906,0.002625
132,test,texture,0,0,0.033936,0.010417
133,test,colour,0,0,0.010911,0.022761
133,test,packing,0,0,0.002784,0.005882
133,test,price,0,0,0.004223,0.003633
133,test,shipping,2,2,0.999459,0.000299
133,test,smell,0,0,0.00117,0.002766
133,test,stayingpower,0,0,0.002565,0.015082
133,test,texture,0,0,0.000759,0.00242
134,test,colour,0,0,0.003409,0.002797
134,test,packing,0,0,0.001362,0.003123
134,test,price,1,1,0.006071,0.990113
134,test,shipping,0,0,0.005808,0.00307
134,test,smell,0,0,0.001605,0.017624
134,test,stayingpower,0,0,0.002081,0.003699
134,test,texture,0,0,0.005808,0.002619
135,test,colour,1,1,0.000804,0.998945
135,test,packing,0,0,0.000217,0.002637
135,test,price,0,0,0.000977,0.003288
135,test,shipping,0,0,0.002003,0.00468
135,test,smell,0,0,0.000534,0.001972
135,test,stayingpower,0,0,0.003817,0.012382
135,test,texture,0,0,0.001945,0.004232
136,test,colour,0,0,0.002419,0.000714
136,test,packing,0,0,0.001463,0.004562
136,test,price,0,0,0.00168,0.003516
136,test,shipping,0,0,0.003917,0.001396
136,test,smell,0,0,0.000635,0.002512
136,test,stayingpower,0,0,0.001242,0.002782
136,test,texture,0,0,0.001336,0.001635
137,test,colour,1,1,0.001833,0.990949
137,test,packing,1,1,0.000743,0.997282
137,test,price,1,1,0.000366,0.999142
137,test,shipping,0,0,0.024095,0.06417
137,test,smell,0,0,0.001981,0.00746
137,test,stayingpower,0,0,0.009262,0.03185
137,test,texture,0,0,0.013222,0.005164
138,test,colour,0,0,0.001005,0.003044
138,test,packing,0,0,0.000632,0.005786
138,test,price,1,1,0.001343,0.997301
138,test,shipping,0,0,0.00639,0.006432
138,test,smell,0,0,0.000378,0.007483
138,test,stayingpower,0,0,0.000744,0.004376
138,test,texture,0,0,0.0012,0.001832
139,test,colour,0,0,0.023325,0.192464
139,test,packing,0,0,0.006255,0.033627
139,test,price,0,0,0.007068,0.014046
139,test,shipping,2,2,0.999498,0.000285
139,test,smell,0,0,0.005365,0.033385
139,test,stayingpower,1,1,0.013154,0.952129
139,test,texture,1,1,0.00383,0.992047
140,test,colour,0,0,0.006144,0.035105
140,test,packing,0,0,0.002,0.038859
140,test,price,0,0,0.001785,0.016601
140,test,shipping,1,1,0.002962,0.996738
140,test,smell,1,1,0.00156,0.996621
140,test,stayingpower,0,0,0.01111,0.053539
140,test,texture,1,1,0.001015,0.971711
141,test,colour,1,1,0.001623,0.992147
141,test,packing,1,1,0.001781,0.993842
141,test,price,1,1,0.000736,0.998475
141,test,shipping,1,1,0.012311,0.985014
141,test,smell,0,0,0.011129,0.084421
141,test,stayingpower,0,0,0.033254,0.259292
141,test,texture,1,1,0.037149,0.960561
142,test,colour,1,1,0.000881,0.997679
142,test,packing,1,1,0.000246,0.999043
142,test,price,0,0,0.001195,0.0209
142,test,shipping,1,1,0.001135,0.997929
142,test,smell,0,0,0.005946,0.014334
142,test,stayingpower,0,0,0.005828,0.030037
142,test,texture,0,0,0.003936,0.004513
143,test,colour,0,0,0.061432,0.242373
143,test,packing,0,0,0.018142,0.024662
143,test,price,1,1,0.008244,0.988191
143,test,shipping,0,0,0.174454,0.011331
143,test,smell,0,0,0.083649,0.027163
143,test,stayingpower,1,1,0.074502,0.846288
143,test,texture,2,2,0.998768,0.001107
144,test,colour,1,1,0.001704,0.995884
144,test,packing,0,0,0.110875,0.165001
144,test,price,0,0,0.01675,0.036788
144,test,shipping,0,0,0.015101,0.044749
144,test,smell,1,2,0.958572,0.041367
144,test,stayingpower,0,0,0.036097,0.073783
144,test,texture,0,2,0.538238,0.046127
145,test,colour,0,0,0.002657,0.00548
145,test,packing,0,0,0.002287,0.010329
145,test,price,1,1,0.001051,0.998343
145,test,shipping,0,0,0.009985,0.009081
145,test,smell,1,1,0.000701,0.998553
145,test,stayingpower,0,0,0.003747,0.011556
145,test,texture,0,0,0.008483,0.050229
146,test,colour,1,1,0.001039,0.996025
146,test,packing,0,0,0.001726,0.070509
146,test,price,1,1,0.000657,0.996437
146,test,shipping,0,0,0.003544,0.0072
146,test,smell,0,0,0.000549,0.006458
146,test,stayingpower,0,0,0.000925,0.006221
146,test,texture,0,0,0.001384,0.001999
147,test,colour,0,0,0.004649,0.007036
147,test,packing,1,1,0.001714,0.996601
147,test,price,0,0,0.001737,0.027075
147,test,shipping,0,0,0.023375,0.03672
147,test,smell,1,1,0.00389,0.994956
147,test,stayingpower,0,0,0.002907,0.011367
147,test,texture,0,0,0.004838,0.019833
148,test,colour,0,0,0.003472,0.002451
148,test,packing,1,1,0.002322,0.995116
148,test,price,0,0,0.00097,0.004648
148,test,shipping,1,1,0.004469,0.994286
148,test,smell,0,0,0.004679,0.010785
148,test,stayingpower,0,0,0.00243,0.009219
148,test,texture,0,0,0.001703,0.003785
149,test,colour,2,2,0.979093,0.002154
149,test,packing,0,2,0.912596,0.026723
149,test,price,0,0,0.01002,0.006506
149,test,shipping,1,1,0.147721,0.850652
149,test,smell,0,0,0.029223,0.010342
149,test,stayingpower,0,0,0.018761,0.003941
149,test,texture,0,0,0.290972,0.015682
150,test,colour,0,1,0.000757,0.99908
150,test,packing,0,0,0.000395,0.003268
150,test,price,0,0,0.000952,0.002789
150,test,shipping,0,0,0.002891,0.002362
150,test,smell,0,0,0.000257,0.00164
150,test,stayingpower,0,0,0.002544,0.022996
150,test,texture,0,0,0.008168,0.013552
151,test,colour,0,0,0.012789,0.02474
151,test,packing,0,1,0.014182,0.931384
151,test,price,0,0,0.000552,0.002045
151,test,shipping,1,0,0.30176,0.076111
151,test,smell,0,0,0.001109,0.002975
151,test,stayingpower,1,1,0.005355,0.986266
151,test,texture,0,1,0.05438,0.750032
152,test,colour,0,0,0.003095,0.009635
152,test,packing,1,1,0.000532,0.998444
152,test,price,0,0,0.001199,0.015342
152,test,shipping,1,1,0.002764,0.995922
152,test,smell,0,0,0.00166,0.005729
152,test,stayingpower,0,0,0.001296,0.009248
152,test,texture,0,0,0.000775,0.00397
153,test,colour,1,2,0.550127,0.449673
153,test,packing,0,0,0.003213,0.011311
153,test,price,0,0,0.013021,0.032277
153,test,shipping,0,0,0.006037,0.01032
153,test,smell,0,0,0.006442,0.009047
153,test,stayingpower,0,0,0.018877,0.062966
153,test,texture,1,1,0.006154,0.991556
154,test,colour,1,1,0.000182,0.999686
154,test,packing,0,0,0.000383,0.005221
154,test,price,2,1,0.003533,0.938479
154,test,shipping,1,1,0.007836,0.945405
154,test,smell,0,0,0.000498,0.003654
154,test,stayingpower,0,0,0.007941,0.008707
154,test,texture,0,0,0.001117,0.002176
155,test,colour,1,2,0.506742,0.489107
155,test,packing,1,1,0.007021,0.992266
155,test,price,0,0,0.004235,0.024365
155,test,shipping,1,1,0.083533,0.831074
155,test,smell,1,1,0.021693,0.975324
155,test,stayingpower,1,1,0.337829,0.654229
155,test,texture,3,1,0.109826,0.853163
156,test,colour,1,1,0.00063,0.999299
156,test,packing,0,0,0.000833,0.00406
156,test,price,1,1,0.001135,0.996654
156,test,shipping,0,0,0.002758,0.005587
156,test,smell,0,0,0.002347,0.010229
156,test,stayingpower,0,0,0.008745,0.043672
156,test,texture,0,0,0.007593,0.010922
157,test,colour,1,1,0.002788,0.994804
157,test,packing,0,0,0.024066,0.035503
157,test,price,0,0,0.011089,0.021199
157,test,shipping,0,0,0.014633,0.010976
157,test,smell,1,1,0.008428,0.990332
157,test,stayingpower,2,2,0.997476,0.001995
157,test,texture,0,0,0.057933,0.083736
158,test,colour,1,1,0.000383,0.999261
158,test,packing,0,0,0.001237,0.007403
158,test,price,0,0,0.00211,0.010715
158,test,shipping,0,0,0.00384,0.006091
158,test,smell,1,1,0.000845,0.997989
158,test,stayingpower,0,0,0.005665,0.024507
158,test,texture,1,1,0.002071,0.990655
159,test,colour,1,1,0.000747,0.998787
159,test,packing,0,0,0.001614,0.041631
159,test,price,0,0,0.0009,0.003365
159,test,shipping,1,1,0.013645,0.971691
159,test,smell,0,0,0.006335,0.031601
159,test,stayingpower,3,1,0.007346,0.985299
159,test,texture,2,1,0.10801,0.869118
160,test,colour,1,1,0.0003,0.999539
160,test,packing,0,0,0.000703,0.010085
160,test,price,0,0,0.004452,0.020005
160,test,shipping,0,0,0.005574,0.019499
160,test,smell,0,0,0.002812,0.031913
160,test,stayingpower,0,0,0.005875,0.035769
160,test,texture,1,1,0.001547,0.996855
161,test,colour,1,1,0.009422,0.990419
161,test,packing,0,0,0.001054,0.004906
161,test,price,0,0,0.003186,0.012867
161,test,shipping,0,0,0.00128,0.002914
161,test,smell,1,1,0.005309,0.994288
161,test,stayingpower,0,0,0.011979,0.019733
161,test,texture,0,0,0.013882,0.094468
162,test,colour,0,0,0.001602,0.002025
162,test,packing,0,0,0.000998,0.010384
162,test,price,0,0,0.001072,0.003067
162,test,shipping,0,0,0.002492,0.003333
162,test,smell,0,0,0.000323,0.002662
162,test,stayingpower,0,0,0.001067,0.003025
162,test,texture,0,0,0.000607,0.001291
163,test,colour,0,0,0.003067,0.002255
163,test,packing,0,0,0.001128,0.004505
163,test,price,0,0,0.00292,0.011342
163,test,shipping,0,0,0.004326,0.001759
163,test,smell,0,0,0.000412,0.002234
163,test,stayingpower,0,0,0.000943,0.001374
163,test,texture,0,0,0.000874,0.000777
164,test,colour,0,0,0.002162,0.004553
164,test,packing,0,0,0.00075,0.009159
164,test,price,0,0,0.000602,0.003627
164,test,shipping,0,0,0.001396,0.00222
164,test,smell,0,0,0.000538,0.003128
164,test,stayingpower,0,0,0.000844,0.001574
164,test,texture,0,0,0.000676,0.000953
165,test,colour,0,0,0.002466,0.00066
165,test,packing,0,0,0.001315,0.004035
165,test,price,0,0,0.001485,0.002542
165,test,shipping,0,0,0.0035,0.001394
165,test,smell,0,0,0.000716,0.003301
165,test,stayingpower,0,0,0.001499,0.004143
165,test,texture,0,0,0.00116,0.001327
166,test,colour,0,0,0.001501,0.003558
166,test,packing,0,0,0.00046,0.004583
166,test,price,0,0,0.001143,0.004975
166,test,shipping,0,0,0.001349,0.001715
166,test,smell,0,0,0.000372,0.003681
166,test,stayingpower,0,0,0.001048,0.003468
166,test,texture,0,0,0.000816,0.003779
167,test,colour,0,0,0.004333,0.016872
167,test,packing,0,0,0.00374,0.047795
167,test,price,1,1,0.00042,0.999155
167,test,shipping,1,1,0.009321,0.987665
167,test,smell,1,1,0.000897,0.99841
167,test,stayingpower,0,0,0.009724,0.033032
167,test,texture,1,0,0.002224,0.06188
168,test,colour,1,1,0.022012,0.969424
168,test,packing,1,1,0.031833,0.943262
168,test,price,0,0,0.008527,0.018739
168,test,shipping,0,0,0.057819,0.183792
168,test,smell,2,2,0.998546,0.00092
168,test,stayingpower,0,0,0.048827,0.071883
168,test,texture,0,0,0.24027,0.008781
169,test,colour,1,1,0.000722,0.998757
169,test,packing,0,0,0.000279,0.003409
169,test,price,0,0,0.000749,0.002053
169,test,shipping,0,0,0.005524,0.012789
169,test,smell,0,0,0.000488,0.001722
169,test,stayingpower,0,0,0.001975,0.004949
169,test,texture,0,0,0.000812,0.001182
170,test,colour,0,0,0.001538,0.003232
170,test,packing,0,0,0.000608,0.007754
170,test,price,0,0,0.00085,0.007267
170,test,shipping,0,0,0.001702,0.002418
170,test,smell,0,0,0.00042,0.004282
170,test,stayingpower,0,0,0.000889,0.002204
170,test,texture,0,0,0.00075,0.002062
171,test,colour,0,0,0.002542,0.000781
171,test,packing,0,0,0.00116,0.00452
171,test,price,0,0,0.001458,0.003013
171,test,shipping,0,0,0.00323,0.001379
171,test,smell,0,0,0.000693,0.002789
171,test,stayingpower,0,0,0.001552,0.004124
171,test,texture,0,0,0.001019,0.001194
172,test,colour,1,1,0.000973,0.998267
172,test,packing,0,0,0.000569,0.004423
172,test,price,0,0,0.001065,0.003567
172,test,shipping,0,0,0.001283,0.002913
172,test,smell,1,1,0.002374,0.996363
172,test,stayingpower,0,0,0.002034,0.006413
172,test,texture,0,0,0.001564,0.008793
173,test,colour,0,0,0.016917,0.090072
173,test,packing,0,0,0.060307,0.072802
173,test,price,0,0,0.013977,0.08881
173,test,shipping,0,0,0.02674,0.004078
173,test,smell,1,1,0.002776,0.996342
173,test,stayingpower,3,0,0.411684,0.13097
173,test,texture,2,2,0.968388,0.03098
174,test,colour,1,1,0.012443,0.984011
174,test,packing,0,1,0.028311,0.963428
174,test,price,0,0,0.016038,0.055265
174,test,shipping,2,2,0.99859,0.001243
174,test,smell,2,1,0.07462,0.920866
174,test,stayingpower,3,1,0.063675,0.895357
174,test,texture,1,1,0.034623,0.946824
175,test,colour,1,1,0.048298,0.948165
175,test,packing,0,0,0.001634,0.007484
175,test,price,1,1,0.002123,0.995001
175,test,shipping,0,0,0.025141,0.003614
175,test,smell,0,0,0.002035,0.008336
175,test,stayingpower,1,1,0.007335,0.981674
175,test,texture,1,1,0.021411,0.958814
176,test,colour,1,1,0.001312,0.996663
176,test,packing,1,1,0.000396,0.998162
176,test,price,0,0,0.000989,0.014833
176,test,shipping,0,0,0.015493,0.057614
176,test,smell,0,0,0.002006,0.00714
176,test,stayingpower,0,0,0.001434,0.013038
176,test,texture,0,0,0.002611,0.001805
177,test,colour,1,1,0.001271,0.998266
177,test,packing,0,0,0.004945,0.016515
177,test,price,0,0,0.010346,0.022676
177,test,shipping,2,2,0.999846,0.00012
177,test,smell,0,0,0.004993,0.012456
177,test,stayingpower,0,0,0.01094,0.050771
177,test,texture,0,0,0.012911,0.010963
178,test,colour,0,0,0.004308,0.001882
178,test,packing,0,0,0.001654,0.006963
178,test,price,0,0,0.0009,0.001983
178,test,shipping,0,0,0.006796,0.002147
178,test,smell,0,0,0.000642,0.002476
178,test,stayingpower,0,0,0.001374,0.002831
178,test,texture,0,0,0.001655,0.000978
179,test,colour,1,1,0.001318,0.997842
179,test,packing,0,0,0.014339,0.046205
179,test,price,0,0,0.012846,0.028172
179,test,shipping,0,0,0.006359,0.00648
179,test,smell,1,1,0.022831,0.914008
179,test,stayingpower,2,2,0.997436,0.001923
179,test,texture,1,1,0.009422,0.955838
180,test,colour,1,2,0.677786,0.316201
180,test,packing,0,0,0.000361,0.000875
180,test,price,0,0,0.001085,0.002741
180,test,shipping,0,0,0.000624,0.000788
180,test,smell,0,0,0.001019,0.002181
180,test,stayingpower,0,0,0.002283,0.008499
180,test,texture,0,0,0.005711,0.002865
181,test,colour,1,2,0.965924,0.031014
181,test,packing,0,0,0.016091,0.065574
181,test,price,0,0,0.008244,0.022917
181,test,shipping,0,0,0.008346,0.008322
181,test,smell,1,1,0.003886,0.995416
181,test,stayingpower,0,0,0.016334,0.021251
181,test,texture,1,1,0.001113,0.995656
182,test,colour,2,2,0.994166,0.004484
182,test,packing,0,0,0.004427,0.003717
182,test,price,0,0,0.006212,0.00687
182,test,shipping,2,2,0.904382,0.010183
182,test,smell,0,0,0.001967,0.000494
182,test,stayingpower,0,0,0.004513,0.028763
182,test,texture,0,0,0.01005,0.003222
183,test,colour,1,1,0.003439,0.994171
183,test,packing,0,0,0.007492,0.021886
183,test,price,0,0,0.005463,0.005307
183,test,shipping,2,2,0.999284,0.000521
183,test,smell,0,0,0.005914,0.009463
183,test,stayingpower,1,1,0.008957,0.985062
183,test,texture,0,0,0.025036,0.029929
184,test,colour,0,0,0.001658,0.002657
184,test,packing,1,1,0.001069,0.99603
184,test,price,0,0,0.0013,0.014489
184,test,shipping,0,0,0.019576,0.03269
184,test,smell,0,0,0.000662,0.002043
184,test,stayingpower,0,0,0.000765,0.006683
184,test,texture,0,0,0.000972,0.002247
185,test,colour,0,0,0.00284,0.003737
185,test,packing,1,1,0.000772,0.997995
185,test,price,0,0,0.001767,0.035792
185,test,shipping,0,1,0.011228,0.982632
185,test,smell,0,0,0.002669,0.008265
185,test,stayingpower,0,0,0.002115,0.010322
185,test,texture,0,0,0.001566,0.005176
186,test,colour,0,0,0.001813,0.010845
186,test,packing,0,0,0.002431,0.027242
186,test,price,1,1,0.000632,0.998843
186,test,shipping,1,1,0.002912,0.995525
186,test,smell,0,0,0.000542,0.009012
186,test,stayingpower,0,0,0.002282,0.00595
186,test,texture,0,0,0.000556,0.002506
187,test,colour,1,1,0.010051,0.973892
187,test,packing,1,1,0.001899,0.995778
187,test,price,0,0,0.001066,0.005861
187,test,shipping,1,1,0.002005,0.997684
187,test,smell,1,1,0.014779,0.983421
187,test,stayingpower,3,0,0.027098,0.11119
187,test,texture,1,1,0.004508,0.989015
188,test,colour,0,0,0.001395,0.00271
188,test,packing,1,1,0.000494,0.99762
188,test,price,0,0,0.001503,0.032279
188,test,shipping,0,0,0.009243,0.025266
188,test,smell,0,0,0.000879,0.003748
188,test,stayingpower,0,0,0.000616,0.00525
188,test,texture,0,0,0.001402,0.002893
189,test,colour,0,0,0.010541,0.071507
189,test,packing,0,0,0.001977,0.012361
189,test,price,1,1,0.005369,0.976957
189,test,shipping,0,0,0.050116,0.006292
189,test,smell,0,0,0.00055,0.004337
189,test,stayingpower,1,1,0.003477,0.98807
189,test,texture,1,1,0.018093,0.974049
190,test,colour,0,0,0.006876,0.000715
190,test,packing,0,0,0.004719,0.01005
190,test,price,0,0,0.002648,0.004045
190,test,shipping,0,0,0.013632,0.001833
190,test,smell,0,0,0.001121,0.002747
190,test,stayingpower,0,0,0.001013,0.001235
190,test,texture,0,0,0.002029,0.000538
191,test,colour,0,0,0.004611,0.006458
191,test,packing,0,0,0.003086,0.011349
191,test,price,1,1,0.000968,0.997788
191,test,shipping,1,1,0.002824,0.996585
191,test,smell,0,0,0.001091,0.013238
191,test,stayingpower,0,0,0.010763,0.016646
191,test,texture,0,0,0.00539,0.018604
192,test,colour,0,0,0.001542,0.002974
192,test,packing,0,0,0.000589,0.003471
192,test,price,0,0,0.001644,0.00448
192,test,shipping,0,0,0.003325,0.002554
192,test,smell,0,0,0.000372,0.002892
192,test,stayingpower,0,0,0.000873,0.002035
192,test,texture,0,0,0.000697,0.000915
193,test,colour,0,0,0.002316,0.002689
193,test,packing,1,1,0.001045,0.996712
193,test,price,0,0,0.001601,0.016545
193,test,shipping,1,1,0.005935,0.992599
193,test,smell,0,0,0.002115,0.005569
193,test,stayingpower,0,0,0.001791,0.015419
193,test,texture,0,0,0.001098,0.006118
194,test,colour,0,0,0.000968,0.003063
194,test,packing,0,0,0.000479,0.009136
194,test,price,0,0,0.001073,0.005906
194,test,shipping,0,0,0.001143,0.002181
194,test,smell,0,0,0.000258,0.002412
194,test,stayingpower,0,0,0.001189,0.006599
194,test,texture,0,0,0.000768,0.001867
195,test,colour,0,0,0.002552,0.000898
195,test,packing,0,0,0.001686,0.005796
195,test,price,0,0,0.001465,0.002695
195,test,shipping,0,0,0.005351,0.001864
195,test,smell,0,0,0.001049,0.003575
195,test,stayingpower,0,0,0.001249,0.001747
195,test,texture,0,0,0.000804,0.00057
196,test,colour,1,1,0.00021,0.99941
196,test,packing,0,0,0.000817,0.006604
196,test,price,1,1,0.001481,0.996766
196,test,shipping,0,0,0.010382,0.018278
196,test,smell,0,0,0.001499,0.01721
196,test,stayingpower,0,0,0.015716,0.132017
196,test,texture,0,1,0.00255,0.988984
197,test,colour,0,0,0.001297,0.000751
197,test,packing,0,0,0.000834,0.006557
197,test,price,0,0,0.000983,0.002535
197,test,shipping,0,0,0.00352,0.001851
197,test,smell,0,0,0.000243,0.001829
197,test,stayingpower,0,0,0.001621,0.009739
197,test,texture,0,0,0.001017,0.00486
198,test,colour,1,1,0.003014,0.995337
198,test,packing,1,1,0.001512,0.996659
198,test,price,0,0,0.001531,0.004956
198,test,shipping,1,1,0.012283,0.986186
198,test,smell,0,0,0.009835,0.036667
198,test,stayingpower,1,1,0.024299,0.965769
198,test,texture,1,1,0.008774,0.980002
199,test,colour,1,1,0.00074,0.998561
199,test,packing,1,1,0.000617,0.996835
199,test,price,0,0,0.000952,0.00741
199,test,shipping,0,0,0.014912,0.044814
199,test,smell,0,0,0.001608,0.003327
199,test,stayingpower,0,0,0.003742,0.018299
199,test,texture,0,0,0.003113,0.001725
200,test,colour,0,0,0.002064,0.013772
200,test,packing,0,0,0.001101,0.013373
200,test,price,1,1,0.000659,0.99887
200,test,shipping,1,1,0.002519,0.996428
200,test,smell,0,0,0.000497,0.005809
200,test,stayingpower,0,0,0.004202,0.01999
200,test,texture,0,0,0.000744,0.004961
201,test,colour,0,0,0.020227,0.022872
201,test,packing,0,0,0.004294,0.023828
201,test,price,0,0,0.001918,0.004514
201,test,shipping,1,1,0.003345,0.996045
201,test,smell,0,0,0.002201,0.00838
201,test,stayingpower,1,1,0.068989,0.913168
201,test,texture,1,1,0.008281,0.933747
202,test,colour,1,1,0.031622,0.80781
202,test,packing,0,1,0.028191,0.967744
202,test,price,1,1,0.000943,0.998632
202,test,shipping,0,0,0.151973,0.011989
202,test,smell,0,0,0.005606,0.012941
202,test,stayingpower,0,0,0.04595,0.05664
202,test,texture,0,1,0.272331,0.540503
203,test,colour,0,0,0.003073,0.0094
203,test,packing,1,1,0.000398,0.998554
203,test,price,0,0,0.000969,0.009363
203,test,shipping,1,1,0.01424,0.97917
203,test,smell,0,0,0.001675,0.003836
203,test,stayingpower,0,0,0.000812,0.006065
203,test,texture,0,0,0.000688,0.002282
204,test,colour,0,0,0.004164,0.001467
204,test,packing,0,0,0.001193,0.003336
204,test,price,0,0,0.001768,0.004172
204,test,shipping,0,0,0.003403,0.001215
204,test,smell,0,0,0.0006,0.002409
204,test,stayingpower,0,0,0.001325,0.001866
204,test,texture,0,0,0.001436,0.000835
205,test,colour,3,1,0.006629,0.991561
205,test,packing,0,0,0.000389,0.003605
205,test,price,0,0,0.004032,0.006207
205,test,shipping,0,0,0.001419,0.002401
205,test,smell,0,0,0.001385,0.011648
205,test,stayingpower,0,0,0.006362,0.022371
205,test,texture,3,1,0.023153,0.97406
206,test,colour,1,1,0.016206,0.939104
206,test,packing,1,1,0.000359,0.999211
206,test,price,0,0,0.001334,0.009772
206,test,shipping,1,1,0.00236,0.996943
206,test,smell,0,0,0.004678,0.018082
206,test,stayingpower,0,0,0.027095,0.183294
206,test,texture,1,1,0.015204,0.976196
207,test,colour,1,2,0.587804,0.411963
207,test,packing,0,0,0.001903,0.018355
207,test,price,0,0,0.006436,0.0259
207,test,shipping,0,0,0.005778,0.009438
207,test,smell,0,0,0.003333,0.003938
207,test,stayingpower,0,0,0.022529,0.086649
207,test,texture,1,1,0.007661,0.989669
208,test,colour,1,1,0.001783,0.996372
208,test,packing,0,0,0.026886,0.083345
208,test,price,0,0,0.009408,0.040912
208,test,shipping,0,0,0.018637,0.016417
208,test,smell,1,1,0.009322,0.990312
208,test,stayingpower,0,0,0.054385,0.027134
208,test,texture,2,2,0.990589,0.007953
209,test,colour,1,1,0.000327,0.999614
209,test,packing,0,0,0.000225,0.003181
209,test,price,0,0,0.001294,0.007776
209,test,shipping,0,0,0.002089,0.006279
209,test,smell,0,0,0.000578,0.002536
209,test,stayingpower,0,0,0.004438,0.017638
209,test,texture,0,0,0.005188,0.031532
210,test,colour,0,0,0.003459,0.003291
210,test,packing,0,0,0.001013,0.002577
210,test,price,0,0,0.002843,0.005943
210,test,shipping,0,0,0.001298,0.001167
210,test,smell,0,0,0.000697,0.00368
210,test,stayingpower,0,0,0.007866,0.021822
210,test,texture,0,1,0.353495,0.614
211,test,colour,0,0,0.024959,0.071012
211,test,packing,0,0,0.034408,0.058693
211,test,price,1,1,0.01988,0.953174
211,test,shipping,0,0,0.091669,0.009922
211,test,smell,1,2,0.96774,0.031839
211,test,stayingpower,1,1,0.016189,0.977105
211,test,texture,0,0,0.278983,0.201961
212,test,colour,1,1,0.001262,0.99836
212,test,packing,0,0,0.002893,0.052193
212,test,price,0,0,0.002562,0.011412
212,test,shipping,0,0,0.006752,0.005365
212,test,smell,0,0,0.001346,0.005503
212,test,stayingpower,1,1,0.005002,0.993059
212,test,texture,3,1,0.019416,0.946725
213,test,colour,2,2,0.965503,0.019021
213,test,packing,0,0,0.092408,0.133169
213,test,price,0,0,0.033139,0.041266
213,test,shipping,2,2,0.997061,0.00185
213,test,smell,1,1,0.007688,0.991827
213,test,stayingpower,0,0,0.013626,0.045407
213,test,texture,1,1,0.0074,0.903992
214,test,colour,0,0,0.018928,0.150893
214,test,packing,0,0,0.030308,0.129144
214,test,price,0,0,0.018153,0.0955
214,test,shipping,1,1,0.086482,0.864276
214,test,smell,0,0,0.025816,0.02383
214,test,stayingpower,0,0,0.010377,0.012262
214,test,texture,2,2,0.997868,0.001257
215,test,colour,1,1,0.00516,0.993691
215,test,packing,0,0,0.011202,0.016919
215,test,price,0,0,0.006374,0.005201
215,test,shipping,2,2,0.993683,0.001953
215,test,smell,0,0,0.008298,0.009154
215,test,stayingpower,2,2,0.985178,0.01303
215,test,texture,0,0,0.067359,0.045552
216,test,colour,0,0,0.001141,0.00137
216,test,packing,0,0,0.000708,0.003633
216,test,price,1,1,0.001904,0.995899
216,test,shipping,0,0,0.003147,0.003686
216,test,smell,0,0,0.000509,0.007753
216,test,stayingpower,0,0,0.001412,0.007408
216,test,texture,0,0,0.001557,0.002899
217,test,colour,1,1,0.000425,0.998303
217,test,packing,0,0,0.001348,0.014825
217,test,price,1,1,0.001603,0.996224
217,test,shipping,1,1,0.001922,0.997181
217,test,smell,0,0,0.004003,0.036283
217,test,stayingpower,0,0,0.034929,0.089112
217,test,texture,1,1,0.00658,0.944164
218,test,colour,0,0,0.038533,0.003964
218,test,packing,0,0,0.012981,0.005541
218,test,price,1,1,0.014553,0.96211
218,test,shipping,0,0,0.099667,0.004302
218,test,smell,1,1,0.005834,0.993728
218,test,stayingpower,0,0,0.008507,0.003805
218,test,texture,0,0,0.064762,0.010404
219,test,colour,0,0,0.002408,0.000976
219,test,packing,0,0,0.001528,0.008388
219,test,price,0,0,0.001033,0.00208
219,test,shipping,0,0,0.005017,0.001538
219,test,smell,0,0,0.000594,0.003235
219,test,stayingpower,0,0,0.001137,0.004431
219,test,texture,0,0,0.001115,0.001704
220,test,colour,0,0,0.002856,0.001886
220,test,packing,1,1,0.001372,0.997487
220,test,price,0,0,0.001687,0.017256
220,test,shipping,0,0,0.017,0.026562
220,test,smell,0,0,0.000979,0.003065
220,test,stayingpower,0,0,0.001542,0.008578
220,test,texture,0,0,0.004144,0.004931
221,test,colour,1,1,0.001397,0.997421
221,test,packing,1,1,0.000317,0.998782
221,test,price,0,0,0.00177,0.015989
221,test,shipping,0,0,0.015511,0.067284
221,test,smell,0,0,0.00209,0.004213
221,test,stayingpower,0,0,0.003168,0.014416
221,test,texture,0,0,0.004016,0.001945
222,test,colour,1,1,0.003039,0.996211
222,test,packing,0,0,0.000374,0.001644
222,test,price,1,1,0.001657,0.993992
222,test,shipping,0,0,0.001026,0.002024
222,test,smell,0,0,0.001564,0.008374
222,test,stayingpower,0,0,0.00319,0.010689
222,test,texture,0,0,0.003492,0.003117
223,test,colour,1,1,0.00122,0.998353
223,test,packing,0,0,0.001554,0.012099
223,test,price,0,0,0.003812,0.008932
223,test,shipping,0,0,0.012215,0.007394
223,test,smell,0,0,0.001984,0.011789
223,test,stayingpower,1,1,0.003609,0.994562
223,test,texture,1,1,0.008198,0.969476
224,test,colour,0,0,0.00219,0.000644
224,test,packing,0,0,0.000925,0.00373
224,test,price,0,0,0.002015,0.003896
224,test,shipping,0,0,0.002303,0.001056
224,test,smell,0,0,0.000673,0.002708
224,test,stayingpower,0,0,0.001656,0.003254
224,test,texture,0,0,0.001154,0.001301
225,test,colour,0,0,0.001852,0.001818
225,test,packing,1,1,0.000762,0.998316
225,test,price,0,0,0.002985,0.033607
225,test,shipping,0,0,0.015101,0.024337
225,test,smell,0,0,0.001349,0.004001
225,test,stayingpower,0,0,0.001629,0.014601
225,test,texture,0,0,0.00353,0.005457
226,test,colour,1,1,0.000485,0.99925
226,test,packing,0,0,0.000465,0.010085
226,test,price,0,0,0.000609,0.002352
226,test,shipping,1,1,0.000503,0.998825
226,test,smell,0,0,0.001464,0.004671
226,test,stayingpower,0,0,0.01305,0.038164
226,test,texture,0,0,0.007984,0.079886
227,test,colour,0,0,0.025015,0.178591
227,test,packing,0,0,0.045532,0.089477
227,test,price,0,0,0.004841,0.013608
227,test,shipping,0,0,0.02985,0.003713
227,test,smell,1,1,0.002296,0.997121
227,test,stayingpower,1,1,0.026264,0.972879
227,test,texture,1,1,0.015112,0.945688
228,test,colour,1,1,0.002299,0.994474
228,test,packing,0,0,0.005968,0.033953
228,test,price,1,1,0.00168,0.996373
228,test,shipping,1,1,0.003351,0.994874
228,test,smell,1,1,0.002907,0.996437
228,test,stayingpower,0,0,0.021162,0.020799
228,test,texture,0,0,0.003443,0.020311
229,test,colour,1,1,0.000678,0.998533
229,test,packing,0,0,0.000215,0.00431
229,test,price,0,0,0.000663,0.00393
229,test,shipping,1,1,0.001453,0.993308
229,test,smell,0,0,0.001391,0.006568
229,test,stayingpower,0,0,0.010049,0.01808
229,test,texture,0,0,0.000799,0.002126
230,test,colour,1,1,0.002485,0.996385
230,test,packing,0,0,0.005515,0.015184
230,test,price,0,0,0.006766,0.04701
230,test,shipping,0,0,0.006298,0.0173
230,test,smell,2,2,0.994665,0.005008
230,test,stayingpower,0,0,0.021664,0.058183
230,test,texture,0,1,0.120834,0.491162
231,test,colour,0,0,0.002838,0.000819
231,test,packing,0,0,0.001222,0.004669
231,test,price,0,0,0.001387,0.00305
231,test,shipping,0,0,0.003863,0.001085
231,test,smell,0,0,0.000724,0.003188
231,test,stayingpower,0,0,0.001464,0.003734
231,test,texture,0,0,0.00144,0.00171
232,test,colour,0,0,0.002102,0.000712
232,test,packing,0,0,0.001639,0.007579
232,test,price,0,0,0.001533,0.003372
232,test,shipping,0,0,0.003802,0.000819
232,test,smell,0,0,0.000628,0.002489
232,test,stayingpower,0,0,0.00104,0.003261
232,test,texture,0,0,0.001393,0.001722
233,test,colour,1,1,0.000421,0.998981
233,test,packing,0,0,0.000445,0.002865
233,test,price,1,1,0.001091,0.996599
233,test,shipping,0,0,0.002504,0.003583
233,test,smell,0,0,0.001506,0.007504
233,test,stayingpower,0,0,0.004114,0.017799
233,test,texture,0,0,0.00357,0.003488
234,test,colour,0,0,0.00864,0.010973
234,test,packing,1,1,0.008122,0.965947
234,test,price,0,0,0.003094,0.016245
234,test,shipping,0,0,0.118248,0.022373
234,test,smell,0,0,0.001781,0.002574
234,test,stayingpower,1,1,0.017169,0.963672
234,test,texture,0,0,0.003938,0.00769
235,test,colour,0,0,0.00203,0.001423
235,test,packing,1,1,0.001068,0.997227
235,test,price,0,0,0.001887,0.019876
235,test,shipping,0,0,0.015974,0.021682
235,test,smell,0,0,0.001164,0.003936
235,test,stayingpower,0,0,0.001374,0.015472
235,test,texture,0,0,0.002585,0.004611
236,test,colour,0,0,0.004308,0.001882
236,test,packing,0,0,0.001654,0.006963
236,test,price,0,0,0.0009,0.001983
236,test,shipping,0,0,0.006796,0.002147
236,test,smell,0,0,0.000642,0.002476
236,test,stayingpower,0,0,0.001374,0.002831
236,test,texture,0,0,0.001655,0.000978
237,test,colour,1,1,0.00417,0.990475
237,test,packing,0,0,0.010536,0.046662
237,test,price,0,0,0.00871,0.026916
237,test,shipping,2,2,0.998712,0.001049
237,test,smell,1,1,0.005234,0.994408
237,test,stayingpower,0,0,0.009861,0.037394
237,test,texture,0,0,0.00424,0.015671
238,test,colour,0,0,0.005263,0.017472
238,test,packing,0,0,0.002883,0.014948
238,test,price,1,1,0.000662,0.998758
238,test,shipping,0,0,0.015023,0.007879
238,test,smell,1,1,0.000723,0.996782
238,test,stayingpower,0,0,0.002297,0.0199
238,test,texture,1,1,0.002451,0.984148
239,test,colour,1,1,0.000876,0.996542
239,test,packing,0,0,0.000331,0.001338
239,test,price,1,1,0.001198,0.997189
239,test,shipping,0,0,0.002523,0.00437
239,test,smell,0,0,0.000686,0.004517
239,test,stayingpower,0,0,0.006245,0.021263
239,test,texture,0,0,0.004322,0.00417
240,test,colour,0,0,0.014004,0.010349
240,test,packing,1,1,0.00543,0.991784
240,test,price,0,0,0.007014,0.02499
240,test,shipping,2,2,0.999158,0.000719
240,test,smell,0,0,0.009691,0.007764
240,test,stayingpower,0,0,0.003261,0.019816
240,test,texture,0,0,0.003431,0.007834
241,test,colour,0,0,0.002755,0.001577
241,test,packing,0,0,0.002632,0.007302
241,test,price,0,0,0.001966,0.007337
241,test,shipping,2,0,0.01854,0.002989
241,test,smell,0,0,0.00053,0.002957
241,test,stayingpower,0,0,0.000756,0.002199
241,test,texture,0,0,0.00115,0.000889
242,test,colour,0,0,0.014886,0.140174
242,test,packing,0,0,0.007965,0.069462
242,test,price,0,0,0.012288,0.053037
242,test,shipping,2,2,0.998747,0.001101
242,test,smell,1,1,0.002036,0.997099
242,test,stayingpower,0,0,0.017541,0.179483
242,test,texture,1,1,0.002251,0.990384
243,test,colour,0,0,0.001609,0.003239
243,test,packing,0,0,0.001836,0.011891
243,test,price,1,1,0.001058,0.998108
243,test,shipping,0,0,0.021009,0.012837
243,test,smell,1,1,0.001019,0.995322
243,test,stayingpower,0,0,0.002643,0.025684
243,test,texture,1,1,0.001566,0.987505
244,test,colour,0,1,0.001697,0.996468
244,test,packing,0,0,0.00016,0.001021
244,test,price,0,0,0.00075,0.003075
244,test,shipping,0,0,0.001188,0.001667
244,test,smell,0,0,0.000382,0.001824
244,test,stayingpower,0,0,0.002562,0.012832
244,test,texture,0,0,0.001723,0.001941
245,test,colour,0,0,0.002102,0.000809
245,test,packing,0,0,0.001148,0.004876
245,test,price,0,0,0.001382,0.004164
245,test,shipping,0,0,0.005047,0.002029
245,test,smell,0,0,0.000852,0.004659
245,test,stayingpower,0,0,0.001534,0.003968
245,test,texture,0,0,0.001084,0.001334
246,test,colour,0,0,0.005202,0.011805
246,test,packing,0,0,0.001064,0.018198
246,test,price,0,0,0.003371,0.02897
246,test,shipping,1,1,0.001625,0.998019
246,test,smell,0,0,0.00151,0.015682
246,test,stayingpower,0,0,0.009111,0.032287
246,test,texture,1,1,0.001904,0.975069
247,test,colour,0,0,0.000839,0.003836
247,test,packing,0,0,0.000495,0.003675
247,test,price,1,1,0.000852,0.998439
247,test,shipping,0,0,0.004841,0.007085
247,test,smell,0,0,0.000403,0.008451
247,test,stayingpower,0,0,0.001056,0.006068
247,test,texture,0,0,0.001922,0.006072
248,test,colour,1,1,0.00157,0.998234
248,test,packing,0,0,0.002062,0.008623
248,test,price,0,0,0.009741,0.039916
248,test,shipping,2,2,0.999522,0.00039
248,test,smell,0,0,0.006359,0.013059
248,test,stayingpower,0,0,0.007016,0.036298
248,test,texture,0,0,0.01194,0.009449
249,test,colour,0,0,0.002438,0.001995
249,test,packing,0,0,0.001098,0.008399
249,test,price,0,0,0.001842,0.00656
249,test,shipping,0,0,0.002513,0.002337
249,test,smell,0,0,0.000335,0.002735
249,test,stayingpower,0,0,0.000783,0.002005
249,test,texture,0,0,0.000921,0.001397
250,test,colour,2,2,0.843753,0.042741
250,test,packing,0,0,0.072721,0.057916
250,test,price,2,1,0.051119,0.927132
250,test,shipping,0,0,0.111726,0.029483
250,test,smell,0,0,0.087293,0.025203
250,test,stayingpower,0,0,0.016328,0.009094
250,test,texture,2,2,0.998027,0.000843
251,test,colour,1,1,0.003678,0.992067
251,test,packing,1,1,0.002641,0.993048
251,test,price,0,0,0.003247,0.011604
251,test,shipping,1,1,0.017104,0.978816
251,test,smell,0,0,0.006495,0.012916
251,test,stayingpower,1,1,0.008913,0.989502
251,test,texture,0,0,0.01165,0.030358
252,test,colour,0,0,0.001442,0.006462
252,test,packing,0,0,0.000379,0.002877
252,test,price,0,0,0.001441,0.005837
252,test,shipping,0,0,0.002409,0.002345
252,test,smell,0,0,0.000378,0.003572
252,test,stayingpower,0,0,0.000805,0.002672
252,test,texture,0,0,0.000735,0.001396
253,test,colour,1,1,0.001112,0.99745
253,test,packing,0,0,0.001266,0.012743
253,test,price,1,1,0.001646,0.996194
253,test,shipping,0,0,0.010758,0.011249
253,test,smell,0,0,0.002954,0.030366
253,test,stayingpower,0,0,0.007288,0.047372
253,test,texture,1,1,0.005257,0.991468
254,test,colour,0,0,0.006607,0.018783
254,test,packing,0,0,0.000327,0.002042
254,test,price,0,0,0.002126,0.01516
254,test,shipping,1,1,0.001233,0.998236
254,test,smell,0,0,0.000548,0.003377
254,test,stayingpower,0,0,0.003664,0.005948
254,test,texture,0,0,0.000688,0.00422
255,test,colour,0,0,0.001984,0.011262
255,test,packing,0,0,0.000399,0.004262
255,test,price,0,0,0.001921,0.01434
255,test,shipping,0,0,0.001108,0.001954
255,test,smell,0,0,0.000243,0.002814
255,test,stayingpower,0,0,0.000593,0.003215
255,test,texture,0,0,0.000712,0.002891
256,test,colour,1,1,0.000497,0.999264
256,test,packing,0,0,0.000317,0.001956
256,test,price,1,1,0.001733,0.990782
256,test,shipping,0,0,0.001957,0.002866
256,test,smell,0,0,0.000835,0.005764
256,test,stayingpower,0,0,0.003557,0.018366
256,test,texture,0,0,0.003704,0.008796
257,test,colour,3,1,0.141716,0.78476
257,test,packing,0,0,0.000815,0.001849
257,test,price,1,1,0.00257,0.992113
257,test,shipping,0,0,0.000983,0.000393
257,test,smell,1,1,0.000946,0.99808
257,test,stayingpower,0,0,0.019343,0.016813
257,test,texture,0,0,0.030009,0.244194
258,test,colour,0,0,0.003497,0.000901
258,test,packing,0,0,0.001413,0.004853
258,test,price,0,0,0.001247,0.002144
258,test,shipping,0,0,0.004828,0.00153
258,test,smell,0,0,0.000541,0.002089
258,test,stayingpower,0,0,0.00195,0.005031
258,test,texture,0,0,0.001636,0.001733
259,test,colour,3,1,0.172738,0.808622
259,test,packing,0,0,0.006334,0.012542
259,test,price,0,0,0.00665,0.010766
259,test,shipping,0,0,0.008818,0.004045
259,test,smell,0,0,0.007722,0.005564
259,test,stayingpower,0,0,0.019676,0.011268
259,test,texture,2,2,0.998245,0.001574
260,test,colour,0,0,0.004948,0.01348
260,test,packing,0,0,0.001264,0.019786
260,test,price,0,0,0.001867,0.009834
260,test,shipping,1,1,0.002224,0.997263
260,test,smell,0,0,0.001594,0.013102
260,test,stayingpower,0,0,0.00457,0.023029
260,test,texture,1,1,0.001969,0.960614
261,test,colour,1,1,0.000591,0.999072
261,test,packing,0,0,0.000806,0.011237
261,test,price,0,0,0.000741,0.004099
261,test,shipping,0,0,0.002765,0.003634
261,test,smell,0,0,0.000643,0.003533
261,test,stayingpower,0,0,0.006205,0.015158
261,test,texture,0,0,0.002435,0.001339
262,test,colour,0,0,0.002784,0.011351
262,test,packing,1,1,0.00243,0.991805
262,test,price,1,1,0.000777,0.998406
262,test,shipping,1,1,0.005708,0.993446
262,test,smell,0,0,0.001505,0.008545
262,test,stayingpower,0,0,0.008253,0.043426
262,test,texture,0,0,0.002071,0.00275
263,test,colour,0,0,0.001715,0.001285
263,test,packing,1,1,0.000837,0.997866
263,test,price,0,0,0.001749,0.014643
263,test,shipping,0,0,0.033293,0.055946
263,test,smell,0,0,0.00141,0.003643
263,test,stayingpower,0,0,0.001495,0.014466
263,test,texture,0,0,0.00276,0.005441
264,test,colour,1,1,0.000148,0.999802
264,test,packing,0,0,0.001739,0.01718
264,test,price,0,0,0.004623,0.033712
264,test,shipping,0,0,0.007342,0.011669
264,test,smell,0,0,0.007501,0.020677
264,test,stayingpower,0,0,0.136673,0.092673
264,test,texture,3,2,0.989535,0.008172
265,test,colour,0,0,0.002752,0.000961
265,test,packing,0,0,0.001653,0.004749
265,test,price,0,0,0.001404,0.003311
265,test,shipping,0,0,0.003912,0.001322
265,test,smell,0,0,0.000756,0.003204
265,test,stayingpower,0,0,0.001459,0.003925
265,test,texture,0,0,0.001422,0.001302
266,test,colour,1,1,0.003525,0.996294
266,test,packing,0,0,0.000223,0.001579
266,test,price,0,0,0.001697,0.006602
266,test,shipping,0,0,0.000998,0.003236
266,test,smell,0,0,0.000644,0.00245
266,test,stayingpower,0,0,0.003155,0.013387
266,test,texture,0,0,0.001251,0.002633
267,test,colour,0,0,0.00184,0.001282
267,test,packing,0,0,0.001125,0.004518
267,test,price,0,0,0.001555,0.003295
267,test,shipping,0,0,0.002182,0.001532
267,test,smell,0,0,0.000532,0.003279
267,test,stayingpower,0,0,0.001186,0.004022
267,test,texture,0,0,0.000728,0.000791
268,test,colour,0,0,0.001391,0.002277
268,test,packing,0,0,0.000574,0.007685
268,test,price,0,0,0.000995,0.005148
268,test,shipping,0,0,0.001543,0.002108
268,test,smell,0,0,0.000366,0.004234
268,test,stayingpower,0,0,0.000881,0.002967
268,test,texture,0,0,0.000531,0.001249
269,test,colour,0,0,0.004497,0.006086
269,test,packing,1,1,0.000972,0.998329
269,test,price,0,0,0.001861,0.014785
269,test,shipping,1,1,0.00346,0.995798
269,test,smell,0,0,0.003192,0.007247
269,test,stayingpower,0,0,0.002393,0.01577
269,test,texture,0,0,0.001533,0.004321
270,test,colour,0,0,0.004179,0.001768
270,test,packing,0,0,0.027241,0.452566
270,test,price,0,0,0.002065,0.018381
270,test,shipping,0,0,0.335749,0.01128
270,test,smell,0,0,0.000346,0.001095
270,test,stayingpower,0,0,0.00175,0.001583
270,test,texture,0,0,0.002829,0.000514
271,test,colour,0,1,0.007405,0.976656
271,test,packing,0,0,0.001883,0.020073
271,test,price,0,0,0.004942,0.025446
271,test,shipping,1,1,0.038976,0.959462
271,test,smell,0,0,0.005239,0.012133
271,test,stayingpower,0,0,0.094469,0.115122
271,test,texture,3,2,0.646905,0.350739
272,test,colour,0,0,0.001496,0.004721
272,test,packing,0,0,0.000907,0.00545
272,test,price,1,1,0.000981,0.998592
272,test,shipping,0,0,0.008069,0.008221
272,test,smell,0,0,0.000744,0.014655
272,test,stayingpower,0,0,0.001407,0.006276
272,test,texture,0,0,0.001772,0.00266
273,test,colour,0,0,0.002458,0.010137
273,test,packing,0,0,0.000419,0.004503
273,test,price,0,0,0.000873,0.005612
273,test,shipping,0,0,0.001246,0.001934
273,test,smell,0,0,0.000367,0.003568
273,test,stayingpower,0,0,0.000858,0.001946
273,test,texture,0,0,0.000574,0.001651
274,test,colour,1,1,0.00422,0.98349
274,test,packing,0,0,0.01144,0.09782
274,test,price,0,0,0.00209,0.007871
274,test,shipping,1,1,0.009925,0.988136
274,test,smell,1,1,0.005082,0.99157
274,test,stayingpower,1,1,0.01982,0.978821
274,test,texture,1,1,0.003847,0.930115
275,test,colour,1,1,0.004638,0.993834
275,test,packing,0,0,0.007337,0.027214
275,test,price,0,0,0.002974,0.01081
275,test,shipping,0,0,0.035148,0.007862
275,test,smell,0,0,0.030171,0.024515
275,test,stayingpower,3,1,0.047235,0.833019
275,test,texture,3,2,0.994722,0.00519
276,test,colour,0,0,0.00312,0.02308
276,test,packing,0,0,0.000523,0.011296
276,test,price,0,0,0.002389,0.00969
276,test,shipping,0,0,0.00351,0.008134
276,test,smell,0,0,0.000597,0.015876
276,test,stayingpower,0,0,0.001467,0.015335
276,test,texture,1,1,0.000968,0.99806
277,test,colour,1,1,0.000974,0.998726
277,test,packing,0,0,0.005759,0.031577
277,test,price,0,0,0.009451,0.057723
277,test,shipping,0,0,0.013728,0.013632
277,test,smell,0,0,0.023,0.028106
277,test,stayingpower,0,0,0.009411,0.022398
277,test,texture,2,2,0.997973,0.000866
278,test,colour,1,1,0.001078,0.998576
278,test,packing,0,0,0.00553,0.028962
278,test,price,0,0,0.006309,0.019919
278,test,shipping,2,2,0.999739,0.00017
278,test,smell,0,0,0.003341,0.006306
278,test,stayingpower,0,0,0.005745,0.043253
278,test,texture,0,0,0.008361,0.007259
279,test,colour,0,0,0.001491,0.014106
279,test,packing,0,1,0.007528,0.789237
279,test,price,1,1,0.000489,0.998831
279,test,shipping,1,1,0.001326,0.998484
279,test,smell,0,0,0.001266,0.025844
279,test,stayingpower,0,0,0.003733,0.012027
279,test,texture,0,0,0.001451,0.008683
280,test,colour,1,0,0.031514,0.002347
280,test,packing,1,2,0.97173,0.023045
280,test,price,0,0,0.019379,0.024136
280,test,shipping,0,0,0.309904,0.011111
280,test,smell,0,0,0.025573,0.005421
280,test,stayingpower,0,0,0.024839,0.002653
280,test,texture,0,0,0.083228,0.006113
281,test,colour,1,1,0.001749,0.996807
281,test,packing,0,0,0.002191,0.010795
281,test,price,1,1,0.001459,0.997152
281,test,shipping,0,0,0.005472,0.012943
281,test,smell,1,1,0.00111,0.998493
281,test,stayingpower,0,0,0.015435,0.031171
281,test,texture,1,1,0.005844,0.953984
282,test,colour,1,1,0.001172,0.998318
282,test,packing,1,1,0.000585,0.998074
282,test,price,0,0,0.003452,0.023954
282,test,shipping,0,0,0.020686,0.078764
282,test,smell,0,0,0.013109,0.109078
282,test,stayingpower,0,0,0.028036,0.161503
282,test,texture,1,1,0.004823,0.993814
283,test,colour,1,2,0.971982,0.026858
283,test,packing,0,0,0.005398,0.052814
283,test,price,0,0,0.006338,0.048258
283,test,shipping,0,0,0.003467,0.004517
283,test,smell,0,0,0.003043,0.003131
283,test,stayingpower,0,0,0.018342,0.073926
283,test,texture,1,1,0.006084,0.99019
284,test,colour,1,1,0.001441,0.997707
284,test,packing,0,0,0.002008,0.013131
284,test,price,0,0,0.003368,0.009995
284,test,shipping,2,2,0.999509,0.000334
284,test,smell,0,0,0.00246,0.004363
284,test,stayingpower,0,0,0.003831,0.028052
284,test,texture,0,0,0.00333,0.003661
285,test,colour,1,1,0.00284,0.994057
285,test,packing,1,1,0.006304,0.987752
285,test,price,0,0,0.004589,0.017865
285,test,shipping,2,2,0.999048,0.000869
285,test,smell,0,0,0.01794,0.054922
285,test,stayingpower,0,0,0.014093,0.109688
285,test,texture,1,1,0.015323,0.953036
286,test,colour,0,1,0.009673,0.99011
286,test,packing,0,0,0.000238,0.001443
286,test,price,0,0,0.001797,0.007566
286,test,shipping,0,0,0.001485,0.001719
286,test,smell,0,0,0.000467,0.000826
286,test,stayingpower,0,0,0.006479,0.016957
286,test,texture,0,0,0.006874,0.006481
287,test,colour,0,0,0.007475,0.205499
287,test,packing,0,0,0.000159,0.004776
287,test,price,0,0,0.001331,0.006732
287,test,shipping,0,0,0.000392,0.001331
287,test,smell,0,0,7.8e-05,0.002579
287,test,stayingpower,0,0,0.000535,0.012061
287,test,texture,1,1,0.009544,0.771522
288,test,colour,0,0,0.001417,0.004528
288,test,packing,0,0,0.000464,0.00335
288,test,price,0,0,0.00159,0.009783
288,test,shipping,0,0,0.002054,0.001978
288,test,smell,0,0,0.000377,0.004465
288,test,stayingpower,0,0,0.000815,0.00224
288,test,texture,0,0,0.000418,0.00138
289,test,colour,0,0,0.008477,0.019616
289,test,packing,1,1,0.010919,0.965694
289,test,price,1,1,0.005397,0.989794
289,test,shipping,2,2,0.999696,0.000254
289,test,smell,0,0,0.004013,0.009324
289,test,stayingpower,0,0,0.00339,0.021572
289,test,texture,0,0,0.004986,0.009444
290,test,colour,2,2,0.985359,0.01108
290,test,packing,0,0,0.014119,0.034408
290,test,price,1,1,0.003708,0.994477
290,test,shipping,0,0,0.005986,0.005065
290,test,smell,1,1,0.017115,0.982089
290,test,stayingpower,0,0,0.018571,0.012416
290,test,texture,0,0,0.030945,0.037839
291,test,colour,0,0,0.029851,0.109324
291,test,packing,0,0,0.022962,0.045007
291,test,price,0,0,0.007118,0.02179
291,test,shipping,0,0,0.050989,0.007581
291,test,smell,3,1,0.47129,0.515595
291,test,stayingpower,1,1,0.037211,0.940303
291,test,texture,2,2,0.992572,0.006852
292,test,colour,2,2,0.840968,0.0701
292,test,packing,0,0,0.020176,0.066363
292,test,price,0,0,0.017468,0.031459
292,test,shipping,0,0,0.022541,0.037574
292,test,smell,2,2,0.9883,0.010642
292,test,stayingpower,0,0,0.009315,0.089279
292,test,texture,1,1,0.003936,0.995282
293,test,colour,1,1,0.001953,0.997203
293,test,packing,0,0,0.004355,0.012915
293,test,price,0,0,0.015294,0.015163
293,test,shipping,0,0,0.011206,0.020493
293,test,smell,0,0,0.006122,0.012087
293,test,stayingpower,2,2,0.997724,0.002028
293,test,texture,0,0,0.020943,0.021609
294,test,colour,1,1,0.00049,0.999438
294,test,packing,0,0,0.000294,0.003115
294,test,price,0,0,0.001502,0.005867
294,test,shipping,0,0,0.00253,0.008117
294,test,smell,0,0,0.001148,0.004565
294,test,stayingpower,0,0,0.003711,0.010013
294,test,texture,0,0,0.001676,0.002987
295,test,colour,1,0,0.001585,0.010443
295,test,packing,0,1,0.000348,0.998938
295,test,price,1,1,0.00233,0.918923
295,test,shipping,0,1,0.027165,0.868375
295,test,smell,0,0,0.000338,0.003674
295,test,stayingpower,0,0,0.005205,0.024096
295,test,texture,0,0,0.002906,0.012176
296,test,colour,0,0,0.023136,0.004507
296,test,packing,0,1,0.245005,0.731886
296,test,price,0,0,0.004361,0.007451
296,test,shipping,2,2,0.999078,0.000693
296,test,smell,0,0,0.006697,0.002356
296,test,stayingpower,0,0,0.003464,0.008602
296,test,texture,0,0,0.01066,0.006711
297,test,colour,2,2,0.993584,0.00326
297,test,packing,1,1,0.011318,0.986416
297,test,price,0,0,0.01094,0.059645
297,test,shipping,0,0,0.008735,0.017771
297,test,smell,0,0,0.020556,0.005531
297,test,stayingpower,0,0,0.028432,0.016543
297,test,texture,0,0,0.043691,0.010137
298,test,colour,1,1,0.008437,0.982857
298,test,packing,0,0,0.000962,0.0103
298,test,price,0,0,0.003347,0.01373
298,test,shipping,0,0,0.003206,0.007588
298,test,smell,1,1,0.000767,0.998746
298,test,stayingpower,0,0,0.008148,0.028357
298,test,texture,1,1,0.000512,0.998319
299,test,colour,1,1,0.003808,0.995388
299,test,packing,0,0,0.008412,0.050305
299,test,price,0,0,0.007863,0.025842
299,test,shipping,2,2,0.999434,0.000494
299,test,smell,0,0,0.011874,0.043152
299,test,stayingpower,0,0,0.022329,0.203073
299,test,texture,3,1,0.036088,0.952122
300,test,colour,0,2,0.475614,0.355038
300,test,packing,0,0,0.003629,0.012816
300,test,price,1,1,0.002768,0.996223
300,test,shipping,0,0,0.012052,0.006167
300,test,smell,0,0,0.000822,0.002486
300,test,stayingpower,0,0,0.002118,0.007786
300,test,texture,1,1,0.374777,0.60887
301,test,colour,1,1,0.202951,0.795233
301,test,packing,0,0,0.000257,0.000565
301,test,price,0,0,0.001328,0.003001
301,test,shipping,0,0,0.001127,0.00109
301,test,smell,0,0,0.000743,0.001093
301,test,stayingpower,0,0,0.003942,0.00681
301,test,texture,0,0,0.003289,0.001463
302,test,colour,1,1,0.002246,0.996334
302,test,packing,0,0,0.021161,0.036564
302,test,price,0,0,0.006289,0.011928
302,test,shipping,0,0,0.020937,0.010774
302,test,smell,1,1,0.018176,0.976052
302,test,stayingpower,1,1,0.004323,0.995349
302,test,texture,0,0,0.015721,0.092241
303,test,colour,0,0,0.031963,0.124033
303,test,packing,0,0,0.017869,0.028501
303,test,price,1,1,0.070972,0.900199
303,test,shipping,2,2,0.998589,0.000878
303,test,smell,0,0,0.00624,0.016228
303,test,stayingpower,2,2,0.978919,0.017222
303,test,texture,0,0,0.019544,0.005539
304,test,colour,3,1,0.051838,0.947739
304,test,packing,0,0,0.002344,0.002268
304,test,price,0,0,0.002367,0.005873
304,test,shipping,0,0,0.002849,0.000715
304,test,smell,0,0,0.003851,0.003065
304,test,stayingpower,2,1,0.102333,0.807366
304,test,texture,0,2,0.638268,0.328562
305,test,colour,3,2,0.728208,0.268734
305,test,packing,0,0,0.004129,0.012249
305,test,price,1,1,0.002323,0.993959
305,test,shipping,0,0,0.005717,0.003207
305,test,smell,1,1,0.003535,0.996069
305,test,stayingpower,0,0,0.013406,0.014404
305,test,texture,0,0,0.016727,0.046317
306,test,colour,1,0,0.001135,0.014727
306,test,packing,0,0,0.000762,0.009187
306,test,price,1,1,0.000675,0.998799
306,test,shipping,0,0,0.012271,0.012593
306,test,smell,0,0,0.000372,0.01126
306,test,stayingpower,0,0,0.001004,0.015706
306,test,texture,0,1,0.008577,0.825113
307,test,colour,0,0,0.004047,0.023292
307,test,packing,0,0,0.002473,0.018952
307,test,price,0,0,0.003858,0.037265
307,test,shipping,0,0,0.004419,0.003882
307,test,smell,1,1,0.000439,0.999407
307,test,stayingpower,0,0,0.005165,0.019882
307,test,texture,1,1,0.003862,0.9936
308,test,colour,0,0,0.027212,0.025215
308,test,packing,0,0,0.002056,0.00809
308,test,price,0,0,0.001691,0.002484
308,test,shipping,0,0,0.004232,0.001806
308,test,smell,0,0,0.000962,0.003954
308,test,stayingpower,3,1,0.033259,0.961274
308,test,texture,3,1,0.07462,0.788133
309,test,colour,1,1,0.000784,0.997959
309,test,packing,0,0,0.000776,0.006777
309,test,price,1,1,0.00079,0.997988
309,test,shipping,0,0,0.003727,0.005192
309,test,smell,0,0,0.00071,0.005605
309,test,stayingpower,0,0,0.003456,0.013418
309,test,texture,0,0,0.00267,0.002846
310,test,colour,1,1,0.102834,0.883452
310,test,packing,1,1,0.022045,0.969591
310,test,price,0,0,0.019062,0.060246
310,test,shipping,1,1,0.00882,0.98679
310,test,smell,0,0,0.037547,0.138992
310,test,stayingpower,2,2,0.995886,0.003508
310,test,texture,3,1,0.101205,0.893981
311,test,colour,0,0,0.011025,0.023497
311,test,packing,0,0,0.002321,0.008009
311,test,price,0,1,0.030638,0.647689
311,test,shipping,0,0,0.031863,0.00303
311,test,smell,0,0,0.00118,0.004563
311,test,stayingpower,1,1,0.009303,0.985743
311,test,texture,0,0,0.006972,0.009696
312,test,colour,0,0,0.004505,0.016515
312,test,packing,0,0,0.000447,0.00572
312,test,price,0,0,0.001475,0.009991
312,test,shipping,1,1,0.000925,0.998703
312,test,smell,0,0,0.000627,0.004067
312,test,stayingpower,0,0,0.002918,0.008187
312,test,texture,0,0,0.000447,0.003501
313,test,colour,0,0,0.00241,0.012213
313,test,packing,0,0,0.001375,0.063589
313,test,price,0,0,0.000625,0.003507
313,test,shipping,1,1,0.001009,0.998749
313,test,smell,0,0,0.000595,0.003018
313,test,stayingpower,0,0,0.001759,0.007415
313,test,texture,0,0,0.000324,0.004059
314,test,colour,0,0,0.005667,0.006609
314,test,packing,1,1,0.002612,0.994539
314,test,price,0,0,0.00325,0.029328
314,test,shipping,0,0,0.025146,0.023544
314,test,smell,1,1,0.007402,0.99049
314,test,stayingpower,0,0,0.005399,0.015382
314,test,texture,0,0,0.009768,0.027914
315,test,colour,1,1,0.018766,0.979208
315,test,packing,0,0,0.001817,0.002435
315,test,price,1,1,0.002912,0.995108
315,test,shipping,0,0,0.004837,0.001359
315,test,smell,0,0,0.003244,0.003146
315,test,stayingpower,0,0,0.006384,0.011022
315,test,texture,0,0,0.365834,0.003883
316,test,colour,0,0,0.002254,0.004757
316,test,packing,0,0,0.000607,0.004557
316,test,price,0,0,0.001105,0.005987
316,test,shipping,0,0,0.00149,0.002062
316,test,smell,0,0,0.000417,0.003145
316,test,stayingpower,0,0,0.001029,0.002525
316,test,texture,0,0,0.000874,0.001869
317,test,colour,1,1,0.003817,0.988796
317,test,packing,0,0,0.000837,0.039443
317,test,price,0,0,0.001643,0.010515
317,test,shipping,1,1,0.001119,0.998632
317,test,smell,0,0,0.002484,0.017667
317,test,stayingpower,0,0,0.010362,0.074042
317,test,texture,1,1,0.00173,0.98987
318,test,colour,0,0,0.002809,0.009729
318,test,packing,1,1,0.00053,0.998577
318,test,price,0,0,0.001657,0.023642
318,test,shipping,1,1,0.002113,0.997546
318,test,smell,0,0,0.002916,0.010136
318,test,stayingpower,0,0,0.002003,0.015839
318,test,texture,0,0,0.001467,0.006294
319,test,colour,0,0,0.000916,0.001989
319,test,packing,0,0,0.000652,0.008316
319,test,price,1,1,0.001522,0.995821
319,test,shipping,0,0,0.007773,0.008387
319,test,smell,0,0,0.000262,0.004682
319,test,stayingpower,0,0,0.000431,0.002933
319,test,texture,0,0,0.001012,0.002519
320,test,colour,1,1,0.060073,0.654151
320,test,packing,0,0,0.031996,0.082286
320,test,price,0,0,0.012658,0.053919
320,test,shipping,0,0,0.014855,0.016909
320,test,smell,2,2,0.998081,0.001245
320,test,stayingpower,0,0,0.037378,0.043184
320,test,texture,3,2,0.990306,0.003603
321,test,colour,1,1,0.005021,0.993607
321,test,packing,1,1,0.000506,0.998534
321,test,price,0,0,0.000537,0.014106
321,test,shipping,1,1,0.001127,0.998416
321,test,smell,0,0,0.007609,0.01835
321,test,stayingpower,0,0,0.030139,0.076641
321,test,texture,0,0,0.119236,0.171471
322,test,colour,1,1,0.000442,0.999164
322,test,packing,0,0,0.00049,0.004432
322,test,price,0,0,0.002603,0.011887
322,test,shipping,0,0,0.003081,0.008857
322,test,smell,0,0,0.002181,0.031504
322,test,stayingpower,0,0,0.00517,0.019823
322,test,texture,1,1,0.001896,0.996036
323,test,colour,2,2,0.986346,0.001738
323,test,packing,1,1,0.024972,0.968312
323,test,price,0,0,0.005526,0.023208
323,test,shipping,3,1,0.176502,0.819608
323,test,smell,0,0,0.015691,0.016629
323,test,stayingpower,0,0,0.099371,0.089837
323,test,texture,1,1,0.013405,0.974479
324,test,colour,0,0,0.010672,0.035779
324,test,packing,0,0,0.009092,0.0577
324,test,price,0,0,0.01221,0.030967
324,test,shipping,2,2,0.999071,0.000764
324,test,smell,1,1,0.003112,0.994653
324,test,stayingpower,0,0,0.01024,0.06534
324,test,texture,1,1,0.002297,0.970016
325,test,colour,0,0,0.007901,0.026621
325,test,packing,0,0,0.000525,0.003636
325,test,price,0,0,0.001143,0.004164
325,test,shipping,1,1,0.000615,0.999161
325,test,smell,0,0,0.001061,0.006347
325,test,stayingpower,0,0,0.003709,0.007384
325,test,texture,0,0,0.000341,0.002417
326,test,colour,1,1,0.00099,0.998728
326,test,packing,0,0,0.000237,0.001699
326,test,price,0,0,0.001006,0.003087
326,test,shipping,0,0,0.002075,0.004061
326,test,smell,0,0,0.0007,0.002487
326,test,stayingpower,0,0,0.005159,0.010139
326,test,texture,0,0,0.001729,0.003168
327,test,colour,1,1,0.000432,0.999324
327,test,packing,0,0,0.000588,0.003605
327,test,price,1,1,0.000786,0.998076
327,test,shipping,0,0,0.001398,0.005036
327,test,smell,0,0,0.000977,0.006398
327,test,stayingpower,0,0,0.012312,0.057152
327,test,texture,0,0,0.009955,0.024285
328,test,colour,0,0,0.065422,0.169648
328,test,packing,1,1,0.012562,0.984023
328,test,price,0,0,0.030208,0.061369
328,test,shipping,0,0,0.049007,0.043712
328,test,smell,1,1,0.004839,0.9927
328,test,stayingpower,2,2,0.996287,0.002797
328,test,texture,1,1,0.037837,0.900823
329,test,colour,1,1,0.000553,0.998844
329,test,packing,0,0,0.004364,0.036664
329,test,price,0,0,0.007073,0.04279
329,test,shipping,0,0,0.009352,0.016357
329,test,smell,1,1,0.002749,0.996451
329,test,stayingpower,0,0,0.013084,0.032557
329,test,texture,1,1,0.010232,0.988884
330,test,colour,0,0,0.006872,0.038568
330,test,packing,0,0,0.001671,0.011052
330,test,price,0,0,0.002009,0.004915
330,test,shipping,0,0,0.015861,0.003975
330,test,smell,0,0,0.000958,0.008329
330,test,stayingpower,1,1,0.004581,0.991809
330,test,texture,0,1,0.012367,0.945558
331,test,colour,3,1,0.036908,0.961987
331,test,packing,0,0,0.000963,0.006307
331,test,price,0,0,0.000793,0.001245
331,test,shipping,0,0,0.001997,0.002047
331,test,smell,0,0,0.000701,0.000507
331,test,stayingpower,0,0,0.00716,0.00704
331,test,texture,0,0,0.126274,0.007112
332,test,colour,0,0,0.014723,0.002275
332,test,packing,0,0,0.002528,0.008104
332,test,price,0,0,0.001535,0.002708
332,test,shipping,0,0,0.007683,0.001224
332,test,smell,0,0,0.000504,0.001821
332,test,stayingpower,0,0,0.001741,0.002541
332,test,texture,0,0,0.000637,0.000466
333,test,colour,1,1,0.000431,0.999368
333,test,packing,0,0,0.000159,0.001534
333,test,price,0,0,0.001444,0.007545
333,test,shipping,0,0,0.002307,0.006227
333,test,smell,0,0,0.00061,0.00237
333,test,stayingpower,0,0,0.004025,0.010586
333,test,texture,0,0,0.001844,0.003348
334,test,colour,2,2,0.999477,0.000409
334,test,packing,0,0,0.021175,0.022766
334,test,price,0,0,0.018749,0.015579
334,test,shipping,0,0,0.005828,0.006978
334,test,smell,0,0,0.0131,0.002557
334,test,stayingpower,2,2,0.952638,0.038062
334,test,texture,0,0,0.169415,0.052775
335,test,colour,0,0,0.045643,0.16112
335,test,packing,0,0,0.010215,0.028518
335,test,price,0,0,0.009824,0.038069
335,test,shipping,0,0,0.012938,0.007391
335,test,smell,0,0,0.01241,0.014986
335,test,stayingpower,0,0,0.011939,0.019536
335,test,texture,2,2,0.999431,0.000446
336,test,colour,0,0,0.007263,0.020244
336,test,packing,0,0,0.000417,0.003736
336,test,price,0,0,0.001103,0.005192
336,test,shipping,1,1,0.00095,0.9985
336,test,smell,0,0,0.000883,0.00429
336,test,stayingpower,0,0,0.003114,0.00542
336,test,texture,0,0,0.000344,0.001954
337,test,colour,0,0,0.003681,0.011196
337,test,packing,1,1,0.000546,0.998656
337,test,price,0,0,0.001095,0.012044
337,test,shipping,1,1,0.002998,0.996027
337,test,smell,0,0,0.002512,0.008282
337,test,stayingpower,0,0,0.001811,0.008758
337,test,texture,0,0,0.001024,0.004687
338,test,colour,0,0,0.004372,0.015301
338,test,packing,0,0,0.000639,0.005547
338,test,price,0,0,0.001144,0.005735
338,test,shipping,1,1,0.002114,0.997671
338,test,smell,0,0,0.000849,0.007023
338,test,stayingpower,0,0,0.003271,0.007467
338,test,texture,0,0,0.000901,0.005167
339,test,colour,1,1,0.001243,0.996199
339,test,packing,1,1,0.001787,0.990364
339,test,price,0,0,0.001259,0.00988
339,test,shipping,1,1,0.001148,0.997831
339,test,smell,1,1,0.006319,0.992856
339,test,stayingpower,0,0,0.009489,0.017908
339,test,texture,0,0,0.002607,0.010356
340,test,colour,1,1,0.004634,0.994809
340,test,packing,0,0,0.061022,0.077442
340,test,price,0,0,0.017918,0.033727
340,test,shipping,2,2,0.997566,0.002153
340,test,smell,3,2,0.905102,0.091671
340,test,stayingpower,0,0,0.024409,0.172388
340,test,texture,0,0,0.082755,0.01833
341,test,colour,3,1,0.348517,0.584917
341,test,packing,0,0,0.000769,0.005035
341,test,price,0,0,0.001162,0.002761
341,test,shipping,1,1,0.000633,0.998651
341,test,smell,0,0,0.000236,0.000549
341,test,stayingpower,0,0,0.025128,0.125093
341,test,texture,0,0,0.003546,0.062922
342,test,colour,0,0,0.105622,0.120499
342,test,packing,0,0,0.0042,0.013055
342,test,price,1,1,0.000945,0.998898
342,test,shipping,0,0,0.038484,0.006284
342,test,smell,0,0,0.003284,0.011079
342,test,stayingpower,0,0,0.011007,0.037415
342,test,texture,1,1,0.066058,0.930134
343,test,colour,3,2,0.963027,0.035335
343,test,packing,0,0,0.002797,0.012076
343,test,price,0,0,0.008515,0.027759
343,test,shipping,0,0,0.004333,0.004486
343,test,smell,0,0,0.001992,0.003081
343,test,stayingpower,0,0,0.015503,0.042369
343,test,texture,1,1,0.008916,0.988302
344,test,colour,2,2,0.777685,0.194353
344,test,packing,0,0,0.002729,0.012668
344,test,price,0,0,0.003464,0.011276
344,test,shipping,0,0,0.002579,0.002747
344,test,smell,1,1,0.002292,0.996611
344,test,stayingpower,0,0,0.010634,0.015851
344,test,texture,1,1,0.000525,0.998589
345,test,colour,0,0,0.002333,0.000924
345,test,packing,0,0,0.00118,0.004644
345,test,price,0,0,0.001176,0.002783
345,test,shipping,0,0,0.005251,0.001358
345,test,smell,0,0,0.00065,0.00311
345,test,stayingpower,0,0,0.001811,0.005705
345,test,texture,0,0,0.001397,0.001811
346,test,colour,1,1,0.000942,0.998682
346,test,packing,0,0,0.009894,0.062918
346,test,price,0,0,0.012379,0.034622
346,test,shipping,0,0,0.06516,0.066262
346,test,smell,0,0,0.041108,0.044655
346,test,stayingpower,0,0,0.021318,0.020903
346,test,texture,2,2,0.99754,0.00176
347,test,colour,0,0,0.000607,0.001064
347,test,packing,0,0,0.000659,0.011062
347,test,price,0,0,0.001454,0.005106
347,test,shipping,0,0,0.002538,0.003978
347,test,smell,0,0,0.00018,0.002051
347,test,stayingpower,0,0,0.000569,0.006616
347,test,texture,0,0,0.00072,0.004175
348,test,colour,0,0,0.010792,0.034619
348,test,packing,0,0,0.001617,0.009232
348,test,price,0,0,0.003208,0.014213
348,test,shipping,2,2,0.999186,0.00039
348,test,smell,0,0,0.000585,0.001787
348,test,stayingpower,0,0,0.000696,0.006686
348,test,texture,0,0,0.000657,0.001857
349,test,colour,3,1,0.370732,0.588741
349,test,packing,0,0,0.000737,0.001317
349,test,price,1,1,0.002787,0.994454
349,test,shipping,0,0,0.006813,0.001009
349,test,smell,0,0,0.000466,0.002144
349,test,stayingpower,0,0,0.002914,0.003462
349,test,texture,0,0,0.003358,0.000662
350,test,colour,1,1,0.001383,0.997485
350,test,packing,0,0,0.000615,0.003011
350,test,price,0,0,0.002291,0.010925
350,test,shipping,0,0,0.002158,0.004316
350,test,smell,1,1,0.002377,0.997212
350,test,stayingpower,0,0,0.002231,0.006716
350,test,texture,0,0,0.002064,0.009589
351,test,colour,1,1,0.001181,0.998652
351,test,packing,0,0,0.001105,0.005927
351,test,price,0,0,0.001628,0.005601
351,test,shipping,0,0,0.007338,0.005217
351,test,smell,0,0,0.001699,0.011721
351,test,stayingpower,1,1,0.008783,0.986244
351,test,texture,3,1,0.047662,0.940532
352,test,colour,0,0,0.033856,0.059332
352,test,packing,0,0,0.016524,0.040696
352,test,price,0,0,0.018369,0.026372
352,test,shipping,0,0,0.007718,0.021986
352,test,smell,2,2,0.9869,0.013049
352,test,stayingpower,0,0,0.008044,0.023996
352,test,texture,0,0,0.106973,0.056348
353,test,colour,0,0,0.003971,0.004843
353,test,packing,1,1,0.008587,0.980081
353,test,price,0,0,0.002232,0.007883
353,test,shipping,1,2,0.996931,0.002409
353,test,smell,0,0,0.002241,0.003189
353,test,stayingpower,0,0,0.00227,0.014185
353,test,texture,0,0,0.002949,0.005196
354,test,colour,0,0,0.003023,0.000947
354,test,packing,0,0,0.001502,0.003909
354,test,price,0,0,0.001442,0.003092
354,test,shipping,0,0,0.003624,0.001313
354,test,smell,0,0,0.00091,0.003869
354,test,stayingpower,0,0,0.001707,0.00419
354,test,texture,0,0,0.001078,0.001174
355,test,colour,1,1,0.001394,0.997738
355,test,packing,1,1,0.000504,0.997783
355,test,price,0,0,0.000714,0.006134
355,test,shipping,1,1,0.000571,0.998876
355,test,smell,0,0,0.006478,0.013143
355,test,stayingpower,0,0,0.007022,0.023831
355,test,texture,0,0,0.003529,0.00369
356,test,colour,0,0,0.000772,0.001723
356,test,packing,0,0,0.000651,0.011134
356,test,price,0,0,0.001568,0.006331
356,test,shipping,0,0,0.002735,0.004196
356,test,smell,0,0,0.000159,0.001688
356,test,stayingpower,0,0,0.00042,0.004284
356,test,texture,0,0,0.00074,0.00379
357,test,colour,0,0,0.010133,0.001418
357,test,packing,1,1,0.002315,0.996932
357,test,price,0,0,0.002937,0.011456
357,test,shipping,0,0,0.042194,0.026243
357,test,smell,0,0,0.002523,0.004073
357,test,stayingpower,0,0,0.005432,0.015453
357,test,texture,3,1,0.23596,0.61279
358,test,colour,0,0,0.003601,0.009829
358,test,packing,1,1,0.000864,0.997992
358,test,price,0,0,0.001475,0.013167
358,test,shipping,1,1,0.002676,0.996963
358,test,smell,0,0,0.004161,0.008077
358,test,stayingpower,0,0,0.00184,0.014918
358,test,texture,0,0,0.001783,0.006585
359,test,colour,0,0,0.004224,0.011813
359,test,packing,0,0,0.000533,0.005294
359,test,price,0,0,0.00155,0.009145
359,test,shipping,1,1,0.00068,0.998997
359,test,smell,0,0,0.000656,0.00457
359,test,stayingpower,0,0,0.002954,0.007225
359,test,texture,0,0,0.000463,0.003733
360,test,colour,0,0,0.000638,0.005994
360,test,packing,0,0,0.000313,0.007404
360,test,price,0,0,0.001326,0.019465
360,test,shipping,0,0,0.002011,0.003308
360,test,smell,0,0,0.000271,0.006662
360,test,stayingpower,0,0,0.000567,0.002314
360,test,texture,0,0,0.000554,0.006542
361,test,colour,0,0,0.019854,0.021576
361,test,packing,0,0,0.005428,0.010091
361,test,price,0,0,0.010679,0.00601
361,test,shipping,2,2,0.999831,0.000108
361,test,smell,0,0,0.002822,0.005607
361,test,stayingpower,0,0,0.002903,0.016859
361,test,texture,0,0,0.00297,0.003752
362,test,colour,0,0,0.009235,0.079772
362,test,packing,0,0,0.002023,0.008211
362,test,price,1,1,0.001845,0.997188
362,test,shipping,0,0,0.02723,0.005315
362,test,smell,0,0,0.001755,0.016787
362,test,stayingpower,1,1,0.008488,0.979775
362,test,texture,1,1,0.004989,0.987582
363,test,colour,0,0,0.00946,0.00835
363,test,packing,1,1,0.010604,0.983286
363,test,price,0,0,0.006395,0.013882
363,test,shipping,2,2,0.999591,0.000366
363,test,smell,0,0,0.006049,0.005798
363,test,stayingpower,0,0,0.002771,0.016034
363,test,texture,0,0,0.003272,0.00649
364,test,colour,1,1,0.000633,0.999158
364,test,packing,0,0,0.000189,0.002142
364,test,price,0,0,0.00105,0.003916
364,test,shipping,0,0,0.001015,0.003199
364,test,smell,0,0,0.000379,0.002573
364,test,stayingpower,0,0,0.005753,0.015482
364,test,texture,0,0,0.00175,0.00502
365,test,colour,0,0,0.002381,0.001629
365,test,packing,0,0,0.001117,0.006584
365,test,price,0,0,0.002002,0.008217
365,test,shipping,0,0,0.004447,0.002929
365,test,smell,0,0,0.000806,0.006597
365,test,stayingpower,0,0,0.001029,0.00247
365,test,texture,0,0,0.000852,0.000932
366,test,colour,0,0,0.003769,0.003217
366,test,packing,1,1,0.000806,0.997675
366,test,price,0,0,0.00099,0.008044
366,test,shipping,0,0,0.030534,0.057776
366,test,smell,0,0,0.001222,0.004316
366,test,stayingpower,0,0,0.002696,0.02185
366,test,texture,0,0,0.015906,0.296214
367,test,colour,0,0,0.000726,0.000547
367,test,packing,0,0,0.002041,0.014921
367,test,price,0,0,0.001168,0.002876
367,test,shipping,0,0,0.004313,0.001782
367,test,smell,0,0,0.000563,0.00249
367,test,stayingpower,0,0,0.001375,0.00812
367,test,texture,0,0,0.000948,0.001118
368,test,colour,0,0,0.038814,0.064054
368,test,packing,1,1,0.010804,0.982405
368,test,price,0,0,0.008212,0.025934
368,test,shipping,2,2,0.999131,0.000619
368,test,smell,0,0,0.012552,0.016592
368,test,stayingpower,1,1,0.020146,0.943292
368,test,texture,1,1,0.028525,0.898922
369,test,colour,0,0,0.002928,0.000945
369,test,packing,0,0,0.001265,0.003864
369,test,price,0,0,0.001611,0.002688
369,test,shipping,0,0,0.003661,0.001191
369,test,smell,0,0,0.000593,0.002491
369,test,stayingpower,0,0,0.001235,0.003024
369,test,texture,0,0,0.001311,0.001221
370,test,colour,2,2,0.989411,0.006298
370,test,packing,1,1,0.080811,0.907999
370,test,price,1,1,0.018357,0.974099
370,test,shipping,0,0,0.056148,0.038459
370,test,smell,1,1,0.228398,0.741654
370,test,stayingpower,2,2,0.948775,0.019707
370,test,texture,2,2,0.963475,0.0115
371,test,colour,0,0,0.001767,0.001816
371,test,packing,0,0,0.000731,0.009529
371,test,price,0,0,0.001151,0.004463
371,test,shipping,0,0,0.00184,0.003011
371,test,smell,0,0,0.000366,0.002668
371,test,stayingpower,0,0,0.000746,0.002222
371,test,texture,0,0,0.000699,0.001599
372,test,colour,1,1,0.001942,0.996178
372,test,packing,0,0,0.005935,0.011115
372,test,price,1,1,0.003867,0.994381
372,test,shipping,0,0,0.02473,0.01361
372,test,smell,0,0,0.071335,0.071021
372,test,stayingpower,0,0,0.025133,0.045341
372,test,texture,2,2,0.998687,0.00087
373,test,colour,1,1,0.002525,0.981902
373,test,packing,0,0,0.000209,0.007598
373,test,price,0,0,0.0005,0.003111
373,test,shipping,0,1,0.004122,0.983077
373,test,smell,0,0,0.00038,0.001213
373,test,stayingpower,0,0,0.001069,0.004471
373,test,texture,0,0,0.000212,0.00076
374,test,colour,1,1,0.001742,0.9921
374,test,packing,1,1,0.000405,0.995967
374,test,price,0,0,0.000744,0.011081
374,test,shipping,0,0,0.009113,0.043798
374,test,smell,0,0,0.000764,0.003143
374,test,stayingpower,0,0,0.001058,0.008162
374,test,texture,0,0,0.000933,0.001053
375,test,colour,1,1,0.007578,0.984766
375,test,packing,0,0,0.001346,0.008769
375,test,price,0,0,0.002133,0.005397
375,test,shipping,2,2,0.999699,0.000213
375,test,smell,0,0,0.001048,0.002429
375,test,stayingpower,0,0,0.002312,0.024772
375,test,texture,0,0,0.003926,0.004298
376,test,colour,1,1,0.000775,0.998986
376,test,packing,0,0,0.002369,0.016068
376,test,price,0,0,0.00338,0.007452
376,test,shipping,0,0,0.018628,0.009964
376,test,smell,0,0,0.002703,0.015625
376,test,stayingpower,1,1,0.004518,0.992996
376,test,texture,1,1,0.007853,0.983368
377,test,colour,2,2,0.99882,0.000848
377,test,packing,0,0,0.017274,0.006294
377,test,price,1,1,0.010447,0.98529
377,test,shipping,0,0,0.007007,0.003334
377,test,smell,0,0,0.03353,0.004907
377,test,stayingpower,0,0,0.031228,0.016385
377,test,texture,0,0,0.078489,0.002787
378,test,colour,0,0,0.034369,0.105446
378,test,packing,1,1,0.009917,0.986272
378,test,price,0,0,0.005697,0.011698
378,test,shipping,1,1,0.062737,0.900042
378,test,smell,1,1,0.009716,0.986706
378,test,stayingpower,2,2,0.992976,0.004053
378,test,texture,0,0,0.020394,0.060309
379,test,colour,0,0,0.001627,0.005027
379,test,packing,0,0,0.000346,0.007112
379,test,price,0,0,0.001045,0.007991
379,test,shipping,1,1,0.002685,0.994422
379,test,smell,0,0,0.000285,0.002659
379,test,stayingpower,0,0,0.001172,0.006184
379,test,texture,0,0,0.000357,0.00473
380,test,colour,1,1,0.047612,0.944715
380,test,packing,0,0,0.004985,0.009547
380,test,price,0,0,0.001027,0.002436
380,test,shipping,1,1,0.001916,0.996291
380,test,smell,3,1,0.012631,0.913159
380,test,stayingpower,0,0,0.012948,0.004697
380,test,texture,0,0,0.008192,0.002803
381,test,colour,0,0,0.001229,0.004871
381,test,packing,0,0,0.000385,0.002134
381,test,price,0,0,0.001717,0.006807
381,test,shipping,0,0,0.001983,0.00119
381,test,smell,0,0,0.000619,0.00628
381,test,stayingpower,0,0,0.001828,0.006996
381,test,texture,0,0,0.001047,0.002005
382,test,colour,1,1,0.000941,0.998156
382,test,packing,0,0,0.000245,0.005729
382,test,price,0,0,0.001093,0.007747
382,test,shipping,0,0,0.001378,0.003294
382,test,smell,0,0,0.000258,0.001596
382,test,stayingpower,0,0,0.001664,0.010097
382,test,texture,0,0,0.000761,0.001612
383,test,colour,1,1,0.000358,0.999336
383,test,packing,0,0,0.001133,0.010989
383,test,price,1,1,0.00049,0.99926
383,test,shipping,0,0,0.006775,0.010264
383,test,smell,0,0,0.00115,0.007621
383,test,stayingpower,0,0,0.012377,0.160182
383,test,texture,0,0,0.074579,0.380002
384,test,colour,0,0,0.002113,0.007153
384,test,packing,0,0,0.000519,0.008101
384,test,price,0,0,0.000653,0.002989
384,test,shipping,3,1,0.006456,0.98877
384,test,smell,0,0,0.000386,0.002371
384,test,stayingpower,0,0,0.001563,0.005132
384,test,texture,0,0,0.000307,0.00233
385,test,colour,1,1,0.000322,0.999599
385,test,packing,0,0,0.000565,0.014374
385,test,price,0,0,0.000879,0.004141
385,test,shipping,0,0,0.001962,0.003005
385,test,smell,0,0,0.00038,0.001904
385,test,stayingpower,0,0,0.014124,0.044653
385,test,texture,0,0,0.033592,0.022599
386,test,colour,0,0,0.001054,0.00147
386,test,packing,0,0,0.004682,0.300754
386,test,price,0,0,0.001031,0.004532
386,test,shipping,0,0,0.002167,0.003613
386,test,smell,0,0,0.000362,0.0025
386,test,stayingpower,0,0,0.00042,0.003123
386,test,texture,0,0,0.000672,0.001617
387,test,colour,1,1,0.00105,0.998578
387,test,packing,0,0,0.003767,0.021027
387,test,price,0,0,0.012949,0.016739
387,test,shipping,0,0,0.011891,0.031623
387,test,smell,0,0,0.00407,0.009428
387,test,stayingpower,2,2,0.995143,0.004526
387,test,texture,0,0,0.026666,0.037685
388,test,colour,0,0,0.009283,0.035028
388,test,packing,0,0,0.000966,0.020582
388,test,price,0,0,0.003369,0.017389
388,test,shipping,1,1,0.002037,0.997418
388,test,smell,0,0,0.002136,0.034558
388,test,stayingpower,0,0,0.005284,0.036134
388,test,texture,1,1,0.000592,0.996472
389,test,colour,1,1,0.001096,0.998546
389,test,packing,0,0,0.000148,0.000799
389,test,price,0,0,0.001012,0.003808
389,test,shipping,0,0,0.001055,0.001736
389,test,smell,0,0,0.000757,0.006672
389,test,stayingpower,0,0,0.002523,0.010174
389,test,texture,0,0,0.001427,0.002616
390,test,colour,0,0,0.001136,0.002437
390,test,packing,0,0,0.000595,0.004935
390,test,price,0,0,0.00171,0.012289
390,test,shipping,2,1,0.415691,0.581972
390,test,smell,0,0,0.000625,0.002729
390,test,stayingpower,0,0,0.001978,0.010527
390,test,texture,0,0,0.000526,0.002413
391,test,colour,0,0,0.077827,0.040863
391,test,packing,0,0,0.023427,0.057342
391,test,price,0,0,0.024737,0.080224
391,test,shipping,0,0,0.015189,0.014643
391,test,smell,0,0,0.040883,0.019854
391,test,stayingpower,0,0,0.005548,0.008685
391,test,texture,2,2,0.999112,0.000552
392,test,colour,1,1,0.004356,0.993971
392,test,packing,0,0,0.003203,0.006675
392,test,price,1,1,0.028402,0.956412
392,test,shipping,0,0,0.026628,0.02632
392,test,smell,0,0,0.01306,0.059644
392,test,stayingpower,2,2,0.995665,0.004225
392,test,texture,0,0,0.091333,0.04127
393,test,colour,1,1,0.015771,0.980712
393,test,packing,0,0,0.004406,0.020184
393,test,price,0,0,0.007271,0.0176
393,test,shipping,2,2,0.999529,0.000378
393,test,smell,0,0,0.004012,0.012076
393,test,stayingpower,1,1,0.019087,0.945451
393,test,texture,1,1,0.009557,0.971652
394,test,colour,1,1,0.00137,0.998069
394,test,packing,0,0,0.008934,0.062415
394,test,price,0,0,0.006796,0.031827
394,test,shipping,0,0,0.044203,0.020378
394,test,smell,0,0,0.043453,0.039125
394,test,stayingpower,0,0,0.019262,0.035159
394,test,texture,2,2,0.999188,0.000614
395,test,colour,0,0,0.003082,0.00049
395,test,packing,0,0,0.001485,0.008045
395,test,price,0,0,0.001425,0.013778
395,test,shipping,0,0,0.005589,0.00384
395,test,smell,0,0,0.004029,0.024908
395,test,stayingpower,0,0,0.00034,0.003761
395,test,texture,0,0,0.011246,0.004772
396,test,colour,1,1,0.002554,0.996623
396,test,packing,0,0,0.004633,0.013405
396,test,price,0,0,0.003698,0.014478
396,test,shipping,0,0,0.033344,0.008836
396,test,smell,0,0,0.038868,0.015553
396,test,stayingpower,1,1,0.02009,0.954455
396,test,texture,2,2,0.99666,0.002484
397,test,colour,1,1,0.000785,0.996443
397,test,packing,0,0,0.000453,0.005921
397,test,price,1,1,0.000808,0.995727
397,test,shipping,2,1,0.011637,0.982476
397,test,smell,0,0,0.00068,0.004884
397,test,stayingpower,0,0,0.003941,0.010515
397,test,texture,0,0,0.000746,0.001036
398,test,colour,0,0,0.000803,0.00155
398,test,packing,0,0,0.000989,0.016306
398,test,price,0,0,0.001322,0.005014
398,test,shipping,0,0,0.002517,0.003857
398,test,smell,0,0,0.000229,0.002474
398,test,stayingpower,0,0,0.000434,0.00415
398,test,texture,0,0,0.000491,0.001695
399,test,colour,1,1,0.006821,0.988553
399,test,packing,0,1,0.013561,0.982614
399,test,price,0,0,0.012502,0.076802
399,test,shipping,2,2,0.998338,0.00158
399,test,smell,1,1,0.020818,0.972815
399,test,stayingpower,0,0,0.052397,0.148141
399,test,texture,1,1,0.01087,0.971433
400,test,colour,0,0,0.001299,0.013289
400,test,packing,0,0,0.000434,0.015732
400,test,price,0,0,0.002389,0.018454
400,test,shipping,0,0,0.003948,0.002858
400,test,smell,0,0,0.000317,0.00799
400,test,stayingpower,0,0,0.001208,0.016269
400,test,texture,1,1,0.00204,0.990632
401,test,colour,0,0,0.023896,0.065687
401,test,packing,1,1,0.001953,0.997228
401,test,price,0,0,0.003282,0.012508
401,test,shipping,1,1,0.014492,0.982947
401,test,smell,0,0,0.006505,0.013705
401,test,stayingpower,1,1,0.021369,0.967074
401,test,texture,0,0,0.006283,0.041588
402,test,colour,0,0,0.003485,0.016816
402,test,packing,0,0,0.002122,0.020368
402,test,price,0,0,0.003276,0.003719
402,test,shipping,2,2,0.997901,0.001228
402,test,smell,0,0,0.001108,0.006617
402,test,stayingpower,0,0,0.001765,0.01247
402,test,texture,0,1,0.010243,0.919246
403,test,colour,1,1,0.000587,0.998929
403,test,packing,0,0,0.000339,0.00695
403,test,price,0,0,0.001085,0.00598
403,test,shipping,1,1,0.000444,0.998896
403,test,smell,0,0,0.001553,0.005086
403,test,stayingpower,0,0,0.010135,0.018534
403,test,texture,0,0,0.00179,0.008192
404,test,colour,0,0,0.013112,0.018172
404,test,packing,0,0,0.00251,0.009699
404,test,price,0,0,0.002632,0.00472
404,test,shipping,0,0,0.028579,0.007473
404,test,smell,0,0,0.000998,0.004327
404,test,stayingpower,1,1,0.028327,0.965933
404,test,texture,0,0,0.002795,0.008588
405,test,colour,0,0,0.00155,0.001309
405,test,packing,0,0,0.000949,0.00596
405,test,price,0,0,0.001141,0.004672
405,test,shipping,0,0,0.011601,0.004403
405,test,smell,0,0,0.000364,0.001576
405,test,stayingpower,0,0,0.001865,0.002116
405,test,texture,0,0,0.000918,0.001174
406,test,colour,1,1,0.003675,0.994457
406,test,packing,0,0,0.005807,0.00759
406,test,price,1,1,0.016051,0.936168
406,test,shipping,0,0,0.050601,0.004718
406,test,smell,0,0,0.016153,0.013983
406,test,stayingpower,2,1,0.088682,0.892544
406,test,texture,2,2,0.99869,0.000858
407,test,colour,2,2,0.997753,0.000959
407,test,packing,1,1,0.029528,0.965696
407,test,price,0,0,0.010843,0.051649
407,test,shipping,0,0,0.009476,0.025657
407,test,smell,0,0,0.009712,0.001564
407,test,stayingpower,0,0,0.034312,0.02662
407,test,texture,0,0,0.051533,0.006808
408,test,colour,0,0,0.001793,0.009758
408,test,packing,0,0,0.000481,0.002423
408,test,price,1,1,0.001151,0.998017
408,test,shipping,0,0,0.004068,0.002898
408,test,smell,0,0,0.000749,0.017034
408,test,stayingpower,0,0,0.001303,0.005965
408,test,texture,0,0,0.00199,0.003474
409,test,colour,2,1,0.477448,0.522147
409,test,packing,0,0,0.003476,0.025441
409,test,price,0,0,0.003513,0.020473
409,test,shipping,0,0,0.001182,0.002219
409,test,smell,1,1,0.013862,0.983926
409,test,stayingpower,0,0,0.003417,0.015433
409,test,texture,0,0,0.007259,0.036366
410,test,colour,1,1,0.000976,0.998681
410,test,packing,0,0,0.001544,0.007715
410,test,price,1,1,0.001413,0.997925
410,test,shipping,0,0,0.053173,0.205747
410,test,smell,0,0,0.004759,0.036181
410,test,stayingpower,0,2,0.886082,0.034158
410,test,texture,1,1,0.027865,0.883426
411,test,colour,0,0,0.006332,0.023651
411,test,packing,0,0,0.00244,0.024617
411,test,price,1,1,0.000862,0.998033
411,test,shipping,0,0,0.016217,0.008277
411,test,smell,1,1,0.000894,0.991754
411,test,stayingpower,0,0,0.002468,0.022297
411,test,texture,1,1,0.000927,0.992862
412,test,colour,1,1,0.000535,0.997999
412,test,packing,0,0,0.000938,0.008499
412,test,price,1,1,0.000903,0.998424
412,test,shipping,0,0,0.006701,0.012251
412,test,smell,0,0,0.001586,0.019902
412,test,stayingpower,0,0,0.006648,0.065072
412,test,texture,1,1,0.003446,0.984869
413,test,colour,1,1,0.001647,0.997897
413,test,packing,0,0,0.000213,0.001596
413,test,price,0,0,0.000867,0.003041
413,test,shipping,0,0,0.001831,0.004827
413,test,smell,0,0,0.000958,0.003397
413,test,stayingpower,0,0,0.004143,0.008765
413,test,texture,0,0,0.001279,0.001952
414,test,colour,0,0,0.001228,0.007699
414,test,packing,0,0,0.000361,0.004132
414,test,price,0,0,0.0011,0.008395
414,test,shipping,0,0,0.0013,0.001713
414,test,smell,0,0,0.000237,0.00365
414,test,stayingpower,0,0,0.000568,0.002956
414,test,texture,0,0,0.000453,0.001741
415,test,colour,0,0,0.007152,0.012094
415,test,packing,0,0,0.002847,0.035047
415,test,price,0,0,0.001365,0.010765
415,test,shipping,1,1,0.002462,0.996731
415,test,smell,1,1,0.001212,0.998036
415,test,stayingpower,0,0,0.007209,0.011722
415,test,texture,0,0,0.000477,0.008366
416,test,colour,0,0,0.00266,0.00553
416,test,packing,0,0,0.000575,0.002996
416,test,price,0,0,0.001414,0.005304
416,test,shipping,0,0,0.001533,0.00142
416,test,smell,0,0,0.000423,0.004011
416,test,stayingpower,0,0,0.001222,0.003116
416,test,texture,0,0,0.000947,0.001562
417,test,colour,0,0,0.00258,0.010575
417,test,packing,1,1,0.002317,0.988936
417,test,price,0,1,0.00145,0.988538
417,test,shipping,1,1,0.008105,0.99125
417,test,smell,0,0,0.001045,0.00537
417,test,stayingpower,0,0,0.002632,0.009171
417,test,texture,0,0,0.000721,0.00211
418,test,colour,1,1,0.000417,0.99952
418,test,packing,0,0,0.000246,0.002867
418,test,price,0,0,0.001307,0.004791
418,test,shipping,0,0,0.001498,0.00498
418,test,smell,0,0,0.001241,0.006046
418,test,stayingpower,0,0,0.002872,0.012341
418,test,texture,0,0,0.003773,0.017698
419,test,colour,1,1,0.001428,0.995781
419,test,packing,1,1,0.001928,0.991847
419,test,price,0,0,0.001324,0.007511
419,test,shipping,1,1,0.002149,0.996837
419,test,smell,1,1,0.007519,0.991585
419,test,stayingpower,0,0,0.013169,0.022058
419,test,texture,0,0,0.002655,0.006661
420,test,colour,2,2,0.999493,0.000438
420,test,packing,0,0,0.021519,0.015664
420,test,price,0,0,0.009608,0.01128
420,test,shipping,0,0,0.007467,0.003696
420,test,smell,0,0,0.013587,0.001909
420,test,stayingpower,0,0,0.072555,0.042897
420,test,texture,0,0,0.417081,0.019971
421,test,colour,0,0,0.05498,0.007078
421,test,packing,0,0,0.036518,0.086207
421,test,price,0,0,0.027974,0.058604
421,test,shipping,0,0,0.029345,0.01087
421,test,smell,0,0,0.031822,0.01458
421,test,stayingpower,0,0,0.008827,0.005547
421,test,texture,2,2,0.997309,0.002381
422,test,colour,0,0,0.007698,0.016912
422,test,packing,1,1,0.009521,0.986267
422,test,price,1,1,0.002344,0.996169
422,test,shipping,2,2,0.998193,0.001611
422,test,smell,0,0,0.010715,0.02639
422,test,stayingpower,0,0,0.010884,0.050401
422,test,texture,0,0,0.023656,0.034668
423,test,colour,0,0,0.005129,0.006587
423,test,packing,1,1,0.00104,0.997846
423,test,price,0,0,0.001508,0.013155
423,test,shipping,1,1,0.002074,0.997607
423,test,smell,0,0,0.00448,0.01232
423,test,stayingpower,0,0,0.002519,0.012399
423,test,texture,0,0,0.001345,0.005291
424,test,colour,0,0,0.009958,0.069911
424,test,packing,1,1,0.001048,0.996791
424,test,price,1,1,0.000507,0.999071
424,test,shipping,0,0,0.034181,0.048744
424,test,smell,0,0,0.003025,0.051454
424,test,stayingpower,0,0,0.009649,0.080994
424,test,texture,1,1,0.008843,0.975058
425,test,colour,0,0,0.006693,0.000873
425,test,packing,0,0,0.002269,0.00177
425,test,price,0,0,0.002692,0.004458
425,test,shipping,0,0,0.024852,0.001168
425,test,smell,0,0,0.001168,0.002788
425,test,stayingpower,0,0,0.007849,0.008048
425,test,texture,0,0,0.00717,0.001358
426,test,colour,1,1,0.001578,0.997491
426,test,packing,1,1,0.000614,0.998927
426,test,price,0,0,0.000888,0.006749
426,test,shipping,0,0,0.022606,0.070816
426,test,smell,0,0,0.003854,0.006674
426,test,stayingpower,0,0,0.010283,0.043318
426,test,texture,0,0,0.014013,0.004975
427,test,colour,0,0,0.005316,0.067885
427,test,packing,0,0,0.000866,0.017587
427,test,price,0,0,0.002783,0.022032
427,test,shipping,1,1,0.001068,0.99864
427,test,smell,0,0,0.001731,0.024202
427,test,stayingpower,0,0,0.010749,0.07603
427,test,texture,1,1,0.00099,0.99014
428,test,colour,0,0,0.034894,0.003682
428,test,packing,2,2,0.960762,0.037998
428,test,price,0,0,0.037975,0.054398
428,test,shipping,0,0,0.428075,0.031409
428,test,smell,0,0,0.027473,0.00421
428,test,stayingpower,0,0,0.01267,0.003097
428,test,texture,0,0,0.135733,0.006339
429,test,colour,0,0,0.003492,0.000718
429,test,packing,0,0,0.0044,0.009638
429,test,price,0,0,0.012145,0.091395
429,test,shipping,0,0,0.287053,0.003246
429,test,smell,0,0,0.000776,0.001409
429,test,stayingpower,0,0,0.008654,0.029383
429,test,texture,0,0,0.00384,0.000565
430,test,colour,1,1,0.009945,0.98014
430,test,packing,0,0,0.021589,0.033844
430,test,price,1,1,0.012618,0.965165
430,test,shipping,1,1,0.014144,0.970135
430,test,smell,2,2,0.997667,0.001196
430,test,stayingpower,0,0,0.071199,0.052409
430,test,texture,0,0,0.312793,0.085102
431,test,colour,0,0,0.003762,0.003911
431,test,packing,1,1,0.001416,0.996747
431,test,price,0,0,0.001793,0.011164
431,test,shipping,1,1,0.002714,0.996807
431,test,smell,0,0,0.003275,0.006795
431,test,stayingpower,0,0,0.002763,0.015469
431,test,texture,0,0,0.00158,0.005539
432,test,colour,0,0,0.004206,0.002471
432,test,packing,0,0,0.000822,0.00514
432,test,price,0,0,0.000776,0.005891
432,test,shipping,0,0,0.010313,0.001368
432,test,smell,0,0,0.000323,0.001318
432,test,stayingpower,0,0,0.000822,0.001301
432,test,texture,0,0,0.001774,0.001028
433,test,colour,0,0,0.004569,0.012023
433,test,packing,0,1,0.003036,0.886588
433,test,price,0,0,0.000667,0.00608
433,test,shipping,1,1,0.000963,0.998847
433,test,smell,0,0,0.001135,0.0074
433,test,stayingpower,0,0,0.001994,0.010958
433,test,texture,0,0,0.000565,0.004818
434,test,colour,0,1,0.000544,0.995347
434,test,packing,0,0,0.006081,0.231354
434,test,price,0,0,0.000908,0.00395
434,test,shipping,3,1,0.008501,0.989378
434,test,smell,1,1,0.001307,0.998376
434,test,stayingpower,0,0,0.009281,0.099817
434,test,texture,1,1,0.001355,0.976067
435,test,colour,0,0,0.005398,0.006672
435,test,packing,1,1,0.001164,0.997593
435,test,price,0,0,0.001801,0.012572
435,test,shipping,1,1,0.002602,0.997153
435,test,smell,0,0,0.003691,0.008351
435,test,stayingpower,0,0,0.003653,0.013119
435,test,texture,0,0,0.001627,0.005725
436,test,colour,1,1,0.000104,0.999685
436,test,packing,0,0,0.00077,0.023239
436,test,price,0,0,0.004578,0.021664
436,test,shipping,0,0,0.005535,0.020176
436,test,smell,0,0,0.002151,0.029023
436,test,stayingpower,0,0,0.005381,0.070579
436,test,texture,1,1,0.019475,0.978558
437,test,colour,0,0,0.00238,0.000617
437,test,packing,0,0,0.001872,0.006074
437,test,price,0,0,0.001317,0.002726
437,test,shipping,0,0,0.002861,0.000973
437,test,smell,0,0,0.000716,0.003211
437,test,stayingpower,0,0,0.001697,0.003989
437,test,texture,0,0,0.001134,0.001756
438,test,colour,1,1,0.001063,0.997469
438,test,packing,0,0,0.003487,0.021044
438,test,price,0,0,0.004959,0.00589
438,test,shipping,2,2,0.996908,0.002813
438,test,smell,0,0,0.001684,0.007441
438,test,stayingpower,0,0,0.016016,0.126684
438,test,texture,1,1,0.00851,0.968238
439,test,colour,0,0,0.033368,0.049289
439,test,packing,0,0,0.007147,0.054303
439,test,price,0,0,0.005269,0.004849
439,test,shipping,0,0,0.017938,0.00487
439,test,smell,0,0,0.002488,0.020783
439,test,stayingpower,1,2,0.961904,0.037736
439,test,texture,1,1,0.088745,0.874058
440,test,colour,1,1,0.026894,0.972986
440,test,packing,0,0,0.00049,0.001146
440,test,price,0,0,0.000967,0.002528
440,test,shipping,0,0,0.00082,0.000809
440,test,smell,0,0,0.001637,0.005575
440,test,stayingpower,0,0,0.015018,0.034839
440,test,texture,0,0,0.013987,0.013476
441,test,colour,2,2,0.998375,0.000861
441,test,packing,0,0,0.016763,0.022721
441,test,price,0,0,0.015938,0.015579
441,test,shipping,0,0,0.04627,0.007305
441,test,smell,0,0,0.005706,0.004349
441,test,stayingpower,2,1,0.397961,0.579577
441,test,texture,1,1,0.010124,0.985292
442,test,colour,1,1,0.000509,0.999129
442,test,packing,0,0,0.00028,0.005213
442,test,price,0,0,0.001149,0.008039
442,test,shipping,0,0,0.002467,0.006943
442,test,smell,0,0,0.000384,0.002811
442,test,stayingpower,0,0,0.001941,0.00612
442,test,texture,0,0,0.000851,0.001169
443,test,colour,0,0,0.013093,0.028807
443,test,packing,0,0,0.001318,0.010006
443,test,price,0,0,0.00238,0.006794
443,test,shipping,0,0,0.006307,0.00261
443,test,smell,0,0,0.000904,0.007582
443,test,stayingpower,1,1,0.015294,0.981144
443,test,texture,1,1,0.026124,0.952323
444,test,colour,0,0,0.002864,0.001164
444,test,packing,0,0,0.001323,0.004549
444,test,price,0,0,0.000944,0.002448
444,test,shipping,0,0,0.005995,0.001239
444,test,smell,0,0,0.000551,0.002811
444,test,stayingpower,0,0,0.001547,0.005241
444,test,texture,0,0,0.001606,0.001701
445,test,colour,0,1,0.005338,0.992229
445,test,packing,0,0,0.022631,0.044455
445,test,price,1,1,0.022262,0.969455
445,test,shipping,0,0,0.044851,0.023059
445,test,smell,1,1,0.008012,0.990614
445,test,stayingpower,2,2,0.997691,0.001675
445,test,texture,0,0,0.028721,0.039718
446,test,colour,0,0,0.00464,0.046635
446,test,packing,0,0,0.000217,0.003263
446,test,price,0,0,0.001431,0.017551
446,test,shipping,1,1,0.000644,0.998978
446,test,smell,0,0,0.000592,0.006201
446,test,stayingpower,0,0,0.0038,0.01281
446,test,texture,0,0,0.000603,0.015238
447,test,colour,1,1,0.062163,0.513956
447,test,packing,0,0,0.000276,0.001323
447,test,price,0,0,0.000399,0.00132
447,test,shipping,0,0,0.000783,0.000712
447,test,smell,0,0,0.000442,0.006719
447,test,stayingpower,0,0,0.001057,0.001916
447,test,texture,0,0,0.000973,0.001235
448,test,colour,1,1,0.000487,0.998757
448,test,packing,0,0,0.000837,0.012788
448,test,price,1,1,0.001326,0.997521
448,test,shipping,0,0,0.007324,0.023885
448,test,smell,0,0,0.001124,0.018424
448,test,stayingpower,0,0,0.010782,0.141188
448,test,texture,1,1,0.003566,0.99347
449,test,colour,0,0,0.010639,0.011739
449,test,packing,0,0,0.004485,0.043822
449,test,price,0,0,0.002128,0.00399
449,test,shipping,0,0,0.018057,0.004255
449,test,smell,1,0,0.00069,0.003944
449,test,stayingpower,1,1,0.007957,0.985792
449,test,texture,0,1,0.038516,0.804702
450,test,colour,0,0,0.01899,0.30114
450,test,packing,0,0,0.014324,0.047829
450,test,price,0,0,0.022169,0.04805
450,test,shipping,0,0,0.015588,0.012576
450,test,smell,3,1,0.005041,0.992461
450,test,stayingpower,2,2,0.996417,0.002947
450,test,texture,1,1,0.006985,0.960343
451,test,colour,0,0,0.032899,0.083248
451,test,packing,0,0,0.053751,0.176264
451,test,price,0,0,0.009188,0.021979
451,test,shipping,2,2,0.99838,0.001205
451,test,smell,1,1,0.002107,0.997472
451,test,stayingpower,0,0,0.014189,0.056588
451,test,texture,1,1,0.008357,0.984652
452,test,colour,0,0,0.001778,0.002539
452,test,packing,1,1,0.000618,0.998337
452,test,price,0,0,0.001899,0.024353
452,test,shipping,0,0,0.018573,0.035715
452,test,smell,0,0,0.001462,0.004693
452,test,stayingpower,0,0,0.000949,0.006584
452,test,texture,0,0,0.00151,0.002218
453,test,colour,0,0,0.006404,0.018708
453,test,packing,0,0,0.004179,0.011833
453,test,price,1,0,0.013562,0.04908
453,test,shipping,2,2,0.999172,0.000818
453,test,smell,0,0,0.004408,0.029617
453,test,stayingpower,0,0,0.004414,0.014159
453,test,texture,0,0,0.005325,0.008948
454,test,colour,0,0,0.002285,0.00077
454,test,packing,0,0,0.001146,0.004364
454,test,price,0,0,0.001441,0.002539
454,test,shipping,0,0,0.002856,0.00136
454,test,smell,0,0,0.000645,0.002901
454,test,stayingpower,0,0,0.0012,0.003086
454,test,texture,0,0,0.001342,0.001067
455,test,colour,0,0,0.022741,0.03519
455,test,packing,0,0,0.023368,0.043955
455,test,price,0,0,0.009081,0.026192
455,test,shipping,2,2,0.995373,0.001527
455,test,smell,1,1,0.00221,0.997629
455,test,stayingpower,0,0,0.006176,0.014731
455,test,texture,0,0,0.003702,0.021505
456,test,colour,1,1,0.000354,0.998982
456,test,packing,0,0,0.003951,0.038534
456,test,price,0,0,0.004525,0.027472
456,test,shipping,0,0,0.007775,0.026222
456,test,smell,1,1,0.001433,0.997837
456,test,stayingpower,0,0,0.010938,0.047092
456,test,texture,1,1,0.011196,0.985483
457,test,colour,0,0,0.002108,0.000741
457,test,packing,0,0,0.001045,0.004351
457,test,price,0,0,0.001551,0.003044
457,test,shipping,0,0,0.003019,0.001392
457,test,smell,0,0,0.000634,0.003349
457,test,stayingpower,0,0,0.001172,0.003436
457,test,texture,0,0,0.000891,0.001003
458,test,colour,1,1,0.003215,0.993876
458,test,packing,0,0,0.004903,0.013855
458,test,price,0,0,0.025275,0.01961
458,test,shipping,0,0,0.013282,0.01714
458,test,smell,0,0,0.006406,0.017915
458,test,stayingpower,2,2,0.998761,0.001105
458,test,texture,0,0,0.020512,0.025023
459,test,colour,0,0,0.002614,0.001613
459,test,packing,0,0,0.001247,0.006767
459,test,price,0,0,0.00145,0.004139
459,test,shipping,0,0,0.002444,0.002119
459,test,smell,0,0,0.000396,0.002705
459,test,stayingpower,0,0,0.001241,0.002509
459,test,texture,0,0,0.000687,0.001108
460,test,colour,0,0,0.453195,0.046373
460,test,packing,0,0,0.395497,0.13478
460,test,price,0,0,0.034595,0.049338
460,test,shipping,2,2,0.92315,0.026401
460,test,smell,2,2,0.989584,0.007447
460,test,stayingpower,0,0,0.019651,0.10912
460,test,texture,1,1,0.03068,0.965556
461,test,colour,3,1,0.002168,0.997776
461,test,packing,0,0,0.000232,0.001373
461,test,price,0,0,0.002093,0.008399
461,test,shipping,0,0,0.001088,0.001214
461,test,smell,0,0,0.001391,0.004064
461,test,stayingpower,0,0,0.006655,0.03369
461,test,texture,0,0,0.011875,0.019174
462,test,colour,0,0,0.00394,0.005329
462,test,packing,1,1,0.000866,0.99778
462,test,price,0,0,0.001327,0.011826
462,test,shipping,1,1,0.003577,0.995531
462,test,smell,0,0,0.003599,0.00964
462,test,stayingpower,0,0,0.002507,0.015639
462,test,texture,0,0,0.001775,0.008297
463,test,colour,0,0,0.001443,0.009956
463,test,packing,0,0,0.000849,0.013283
463,test,price,0,0,0.002533,0.010775
463,test,shipping,0,0,0.005729,0.010526
463,test,smell,0,0,0.000686,0.019386
463,test,stayingpower,0,0,0.002085,0.017192
463,test,texture,1,1,0.001566,0.99722
464,test,colour,0,0,0.006771,0.033396
464,test,packing,0,0,0.004445,0.026516
464,test,price,0,0,0.002892,0.008173
464,test,shipping,0,0,0.043802,0.011552
464,test,smell,0,0,0.001202,0.008783
464,test,stayingpower,1,1,0.003421,0.994457
464,test,texture,2,1,0.14071,0.805152
465,test,colour,0,0,0.004363,0.01123
465,test,packing,0,0,0.003648,0.038244
465,test,price,1,1,0.000395,0.999316
465,test,shipping,1,1,0.00729,0.989809
465,test,smell,1,1,0.001593,0.996404
465,test,stayingpower,0,0,0.004759,0.012974
465,test,texture,0,0,0.001201,0.013716
466,test,colour,0,0,0.001784,0.000768
466,test,packing,1,1,0.001678,0.995717
466,test,price,0,0,0.001581,0.013995
466,test,shipping,0,0,0.022265,0.02445
466,test,smell,0,0,0.001017,0.00298
466,test,stayingpower,0,0,0.001539,0.011529
466,test,texture,0,0,0.002406,0.005725
467,test,colour,0,0,0.004308,0.001882
467,test,packing,0,0,0.001654,0.006963
467,test,price,0,0,0.0009,0.001983
467,test,shipping,0,0,0.006796,0.002147
467,test,smell,0,0,0.000642,0.002476
467,test,stayingpower,0,0,0.001374,0.002831
467,test,texture,0,0,0.001655,0.000978
468,test,colour,1,1,0.061504,0.908348
468,test,packing,1,1,0.045737,0.928597
468,test,price,1,1,0.016857,0.968544
468,test,shipping,0,0,0.041075,0.076205
468,test,smell,2,2,0.996902,0.002114
468,test,stayingpower,0,0,0.09587,0.056054
468,test,texture,0,2,0.502714,0.010026
469,test,colour,0,0,0.006154,0.016794
469,test,packing,0,0,0.000463,0.005201
469,test,price,0,0,0.001667,0.010311
469,test,shipping,1,1,0.000594,0.9992
469,test,smell,0,0,0.001237,0.008253
469,test,stayingpower,0,0,0.005571,0.006652
469,test,texture,0,0,0.000673,0.00504
470,test,colour,0,0,0.004873,0.015586
470,test,packing,0,0,0.001455,0.04031
470,test,price,0,0,0.003402,0.020316
470,test,shipping,1,1,0.00224,0.997409
470,test,smell,0,0,0.001922,0.023522
470,test,stayingpower,0,0,0.005714,0.049392
470,test,texture,1,1,0.001129,0.993533
471,test,colour,0,0,0.003415,0.007363
471,test,packing,1,1,0.001134,0.996355
471,test,price,0,0,0.001437,0.011887
471,test,shipping,1,1,0.001832,0.997762
471,test,smell,0,0,0.001957,0.004858
471,test,stayingpower,0,0,0.001678,0.007349
471,test,texture,0,0,0.00101,0.004241
472,test,colour,0,0,0.010374,0.144149
472,test,packing,0,0,0.009167,0.038253
472,test,price,1,1,0.007958,0.985246
472,test,shipping,2,2,0.999822,0.000131
472,test,smell,0,0,0.013113,0.03992
472,test,stayingpower,1,1,0.010273,0.923642
472,test,texture,3,1,0.180042,0.677883
473,test,colour,0,0,0.002909,0.001869
473,test,packing,0,0,0.001263,0.005618
473,test,price,0,0,0.00174,0.006431
473,test,shipping,0,0,0.008654,0.003342
473,test,smell,0,0,0.000619,0.003981
473,test,stayingpower,0,0,0.002989,0.0047
473,test,texture,0,0,0.00157,0.001913
474,test,colour,0,0,0.195379,0.006068
474,test,packing,0,0,0.002307,0.004101
474,test,price,0,0,0.001693,0.003992
474,test,shipping,0,0,0.004489,0.000659
474,test,smell,0,0,0.000765,0.001353
474,test,stayingpower,0,0,0.001485,0.003004
474,test,texture,0,0,0.005448,0.001355
475,test,colour,1,1,0.442212,0.549677
475,test,packing,0,0,0.001882,0.003363
475,test,price,1,1,0.000721,0.998885
475,test,shipping,0,0,0.00298,0.003611
475,test,smell,1,1,0.009708,0.97029
475,test,stayingpower,0,0,0.009393,0.024106
475,test,texture,1,1,0.009264,0.959134
476,test,colour,0,0,0.001626,0.00068
476,test,packing,0,0,0.001635,0.009513
476,test,price,0,0,0.003062,0.010843
476,test,shipping,0,0,0.00279,0.001127
476,test,smell,0,0,0.001163,0.007652
476,test,stayingpower,0,0,0.001343,0.003813
476,test,texture,0,0,0.001436,0.002048
477,test,colour,1,1,0.060416,0.939184
477,test,packing,0,0,0.000527,0.001059
477,test,price,0,0,0.001028,0.005345
477,test,shipping,0,0,0.000856,0.000891
477,test,smell,0,0,0.001914,0.003036
477,test,stayingpower,0,0,0.003616,0.011531
477,test,texture,0,0,0.017351,0.003059
478,test,colour,1,1,0.00056,0.998859
478,test,packing,0,0,0.000512,0.002462
478,test,price,1,1,0.000811,0.997758
478,test,shipping,0,0,0.003371,0.006217
478,test,smell,0,0,0.000766,0.004586
478,test,stayingpower,0,0,0.007124,0.020934
478,test,texture,0,0,0.004543,0.005578
479,test,colour,0,0,0.01705,0.002601
479,test,packing,0,0,0.016195,0.015354
479,test,price,1,1,0.00214,0.996545
479,test,shipping,1,1,0.037218,0.960255
479,test,smell,0,0,0.00373,0.003647
479,test,stayingpower,0,0,0.004362,0.004996
479,test,texture,0,0,0.087223,0.007474
480,test,colour,1,1,0.075294,0.924167
480,test,packing,0,0,0.00026,0.000736
480,test,price,0,0,0.001181,0.003392
480,test,shipping,0,0,0.000831,0.000606
480,test,smell,0,0,0.002236,0.00486
480,test,stayingpower,0,0,0.00368,0.007496
480,test,texture,0,0,0.007261,0.003162
481,test,colour,0,0,0.004308,0.001882
481,test,packing,0,0,0.001654,0.006963
481,test,price,0,0,0.0009,0.001983
481,test,shipping,0,0,0.006796,0.002147
481,test,smell,0,0,0.000642,0.002476
481,test,stayingpower,0,0,0.001374,0.002831
481,test,texture,0,0,0.001655,0.000978
482,test,colour,0,0,0.001447,0.004206
482,test,packing,0,0,0.000647,0.008372
482,test,price,0,0,0.0014,0.007243
482,test,shipping,0,0,0.003228,0.004331
482,test,smell,0,0,0.000234,0.002442
482,test,stayingpower,0,0,0.000829,0.004293
482,test,texture,0,0,0.000431,0.001429
483,test,colour,0,0,0.001687,0.001228
483,test,packing,0,0,0.000943,0.005271
483,test,price,0,0,0.001139,0.002877
483,test,shipping,0,0,0.003434,0.001761
483,test,smell,0,0,0.000767,0.004765
483,test,stayingpower,0,0,0.001365,0.00337
483,test,texture,0,0,0.000854,0.00101
484,test,colour,1,1,0.001283,0.998188
484,test,packing,0,0,0.001298,0.010599
484,test,price,0,0,0.004371,0.007522
484,test,shipping,0,0,0.015986,0.01155
484,test,smell,0,0,0.001973,0.011546
484,test,stayingpower,1,1,0.004498,0.991471
484,test,texture,1,1,0.003096,0.991075
485,test,colour,0,0,0.00219,0.00483
485,test,packing,0,0,0.000331,0.002705
485,test,price,0,0,0.001117,0.003401
485,test,shipping,0,0,0.001515,0.001392
485,test,smell,0,0,0.000319,0.002734
485,test,stayingpower,0,0,0.001254,0.003355
485,test,texture,0,0,0.001117,0.002447
486,test,colour,3,1,0.236367,0.762461
486,test,packing,0,0,0.003739,0.010614
486,test,price,0,0,0.006512,0.015695
486,test,shipping,1,1,0.033908,0.920591
486,test,smell,0,0,0.003223,0.002103
486,test,stayingpower,2,2,0.984413,0.014638
486,test,texture,0,0,0.04258,0.024642
487,test,colour,0,0,0.001895,0.002427
487,test,packing,0,0,0.005771,0.456745
487,test,price,0,0,0.000505,0.003664
487,test,shipping,0,0,0.001175,0.001018
487,test,smell,0,0,0.000178,0.001241
487,test,stayingpower,0,0,0.000367,0.00186
487,test,texture,0,0,0.003753,0.007939
488,test,colour,0,0,0.009132,0.012946
488,test,packing,0,0,0.000514,0.00416
488,test,price,0,0,0.001072,0.004365
488,test,shipping,1,1,0.001812,0.997757
488,test,smell,0,0,0.000467,0.002185
488,test,stayingpower,0,0,0.003526,0.00646
488,test,texture,0,0,0.000502,0.002588
489,test,colour,1,1,0.001872,0.997815
489,test,packing,0,0,0.001317,0.004601
489,test,price,0,0,0.002556,0.005427
489,test,shipping,0,0,0.037764,0.00518
489,test,smell,0,0,0.001952,0.009908
489,test,stayingpower,1,1,0.007508,0.989578
489,test,texture,3,1,0.042205,0.942571
490,test,colour,0,0,0.004065,0.012192
490,test,packing,0,0,0.000624,0.006532
490,test,price,0,0,0.000933,0.003527
490,test,shipping,1,1,0.001543,0.997933
490,test,smell,0,0,0.000955,0.00805
490,test,stayingpower,0,0,0.002936,0.006468
490,test,texture,0,0,0.000373,0.003075
491,test,colour,1,1,0.002285,0.994937
491,test,packing,0,0,0.004654,0.02998
491,test,price,0,0,0.006552,0.040634
491,test,shipping,3,2,0.992598,0.007288
491,test,smell,1,1,0.003995,0.994672
491,test,stayingpower,0,0,0.010857,0.063996
491,test,texture,0,0,0.006175,0.108883
492,test,colour,0,0,0.001854,0.001626
492,test,packing,0,0,0.000905,0.008505
492,test,price,0,0,0.001229,0.004567
492,test,shipping,0,0,0.002417,0.002214
492,test,smell,0,0,0.000461,0.002959
492,test,stayingpower,0,0,0.001368,0.003342
492,test,texture,0,0,0.000814,0.001158
493,test,colour,1,1,0.000466,0.999476
493,test,packing,0,0,0.002603,0.008318
493,test,price,0,0,0.00226,0.00583
493,test,shipping,0,0,0.010658,0.004303
493,test,smell,0,0,0.003722,0.00867
493,test,stayingpower,0,2,0.656317,0.050838
493,test,texture,0,2,0.57461,0.022809
494,test,colour,1,1,0.009882,0.989092
494,test,packing,0,0,0.005527,0.049636
494,test,price,0,0,0.009464,0.023266
494,test,shipping,0,0,0.015601,0.018377
494,test,smell,0,0,0.016556,0.044684
494,test,stayingpower,0,0,0.04934,0.025984
494,test,texture,1,2,0.714414,0.285258
495,test,colour,0,0,0.002925,0.000865
495,test,packing,0,0,0.001041,0.005735
495,test,price,0,0,0.001166,0.003551
495,test,shipping,0,0,0.004202,0.001463
495,test,smell,0,0,0.000534,0.003686
495,test,stayingpower,0,0,0.001044,0.003735
495,test,texture,0,0,0.001599,0.002584
496,test,colour,0,0,0.003333,0.008283
496,test,packing,0,0,0.000922,0.007427
496,test,price,1,1,0.001266,0.99597
496,test,shipping,0,0,0.00617,0.003412
496,test,smell,1,1,0.001231,0.99242
496,test,stayingpower,0,0,0.000697,0.005033
496,test,texture,0,0,0.001458,0.015079
497,test,colour,1,1,0.0027,0.989381
497,test,packing,0,0,0.00017,0.001301
497,test,price,1,1,0.002329,0.989487
497,test,shipping,0,0,0.001669,0.001868
497,test,smell,0,0,0.000278,0.001709
497,test,stayingpower,0,0,0.0018,0.012248
497,test,texture,0,0,0.001526,0.002341
498,test,colour,1,1,0.115125,0.883002
498,test,packing,0,0,0.025704,0.0624
498,test,price,1,1,0.006277,0.985218
498,test,shipping,0,0,0.007476,0.00349
498,test,smell,1,1,0.049243,0.916506
498,test,stayingpower,0,0,0.080593,0.025539
498,test,texture,1,2,0.911743,0.087801
499,test,colour,0,0,0.010213,0.09669
499,test,packing,0,0,0.004084,0.015565
499,test,price,1,1,0.008778,0.988935
499,test,shipping,0,0,0.014677,0.012895
499,test,smell,0,0,0.00408,0.041633
499,test,stayingpower,2,2,0.987777,0.010335
499,test,texture,1,1,0.006279,0.979601
500,test,colour,0,0,0.023084,0.049532
500,test,packing,0,0,0.00201,0.012809
500,test,price,0,0,0.002443,0.003642
500,test,shipping,0,0,0.005875,0.003048
500,test,smell,0,0,0.001491,0.007114
500,test,stayingpower,3,1,0.029871,0.967864
500,test,texture,3,1,0.028497,0.955797
501,test,colour,1,1,0.001286,0.997916
501,test,packing,0,0,0.003379,0.038592
501,test,price,0,0,0.001878,0.003534
501,test,shipping,1,1,0.009136,0.981321
501,test,smell,0,0,0.004014,0.012797
501,test,stayingpower,3,1,0.32506,0.673089
501,test,texture,1,1,0.012131,0.979219
502,test,colour,0,0,0.011495,0.001109
502,test,packing,0,0,0.001695,0.004326
502,test,price,0,0,0.001721,0.005766
502,test,shipping,0,0,0.011965,0.001217
502,test,smell,0,0,0.001353,0.002072
502,test,stayingpower,0,0,0.004251,0.005576
502,test,texture,0,0,0.009456,0.00167
503,test,colour,1,1,0.001749,0.997639
503,test,packing,0,0,0.005513,0.018654
503,test,price,0,0,0.005075,0.004927
503,test,shipping,2,2,0.874291,0.104952
503,test,smell,0,0,0.003422,0.004715
503,test,stayingpower,2,2,0.992919,0.006209
503,test,texture,0,0,0.035851,0.037097
504,test,colour,1,1,0.003815,0.972025
504,test,packing,0,0,0.001643,0.022883
504,test,price,1,1,0.001537,0.99774
504,test,shipping,0,0,0.019844,0.017353
504,test,smell,0,0,0.002147,0.028429
504,test,stayingpower,0,0,0.009326,0.091281
504,test,texture,1,1,0.004072,0.995596
505,test,colour,0,0,0.001647,0.008481
505,test,packing,1,1,0.001648,0.995167
505,test,price,1,1,0.000459,0.999187
505,test,shipping,1,1,0.005321,0.993529
505,test,smell,0,0,0.001753,0.012547
505,test,stayingpower,0,0,0.003348,0.0113
505,test,texture,0,0,0.00206,0.002749
506,test,colour,1,1,0.001415,0.995888
506,test,packing,0,0,0.005906,0.035023
506,test,price,1,1,0.009842,0.988206
506,test,shipping,2,2,0.999213,0.000647
506,test,smell,0,0,0.010962,0.060242
506,test,stayingpower,0,0,0.035134,0.17488
506,test,texture,0,1,0.020105,0.944646
507,test,colour,0,0,0.001575,0.002692
507,test,packing,0,0,0.000908,0.010371
507,test,price,0,0,0.00137,0.007929
507,test,shipping,0,0,0.003211,0.003593
507,test,smell,0,0,0.000333,0.002581
507,test,stayingpower,0,0,0.000753,0.002854
507,test,texture,0,0,0.000582,0.001062
508,test,colour,1,1,0.001157,0.997438
508,test,packing,0,0,0.030307,0.123334
508,test,price,0,0,0.013126,0.08689
508,test,shipping,0,0,0.017959,0.014767
508,test,smell,1,1,0.015463,0.982957
508,test,stayingpower,0,0,0.056571,0.057819
508,test,texture,2,2,0.976632,0.022937
509,test,colour,1,1,0.001078,0.998609
509,test,packing,0,0,0.003179,0.022002
509,test,price,0,0,0.0014,0.002077
509,test,shipping,1,1,0.033245,0.950595
509,test,smell,0,0,0.003058,0.00576
509,test,stayingpower,1,1,0.009347,0.988619
509,test,texture,0,0,0.009465,0.02007
510,test,colour,0,0,0.003503,0.001099
510,test,packing,0,0,0.001232,0.004363
510,test,price,0,0,0.001589,0.003211
510,test,shipping,0,0,0.003295,0.001232
510,test,smell,0,0,0.000581,0.0022
510,test,stayingpower,0,0,0.001458,0.002585
510,test,texture,0,0,0.001271,0.000907
511,test,colour,0,0,0.015384,0.012776
511,test,packing,0,1,0.012298,0.923221
511,test,price,0,0,0.005728,0.022268
511,test,shipping,2,2,0.999313,0.000605
511,test,smell,0,0,0.009036,0.038216
511,test,stayingpower,0,0,0.002495,0.02488
511,test,texture,3,1,0.013389,0.929513
512,test,colour,0,0,0.015376,0.205437
512,test,packing,0,0,0.004457,0.023993
512,test,price,0,0,0.01141,0.02181
512,test,shipping,0,0,0.040751,0.035082
512,test,smell,0,0,0.003533,0.023654
512,test,stayingpower,2,2,0.993083,0.006347
512,test,texture,1,1,0.002156,0.99538
513,test,colour,1,1,0.009729,0.989847
513,test,packing,0,0,0.000438,0.00444
513,test,price,0,0,0.00272,0.013291
513,test,shipping,0,0,0.001117,0.003018
513,test,smell,0,0,0.003063,0.06136
513,test,stayingpower,0,0,0.005925,0.028866
513,test,texture,1,1,0.003104,0.995917
514,test,colour,2,2,0.991454,0.004482
514,test,packing,0,0,0.010448,0.016083
514,test,price,0,0,0.028984,0.064475
514,test,shipping,0,0,0.003037,0.004212
514,test,smell,0,0,0.020338,0.00464
514,test,stayingpower,2,2,0.994593,0.005104
514,test,texture,3,2,0.81153,0.104269
515,test,colour,0,0,0.002335,0.003754
515,test,packing,0,0,0.000865,0.010672
515,test,price,0,0,0.00105,0.004493
515,test,shipping,3,1,0.041359,0.956876
515,test,smell,0,0,0.00053,0.001679
515,test,stayingpower,0,0,0.001227,0.006376
515,test,texture,0,0,0.000361,0.002274
516,test,colour,0,0,0.004615,0.025698
516,test,packing,0,0,0.004176,0.03345
516,test,price,0,0,0.010072,0.024155
516,test,shipping,2,2,0.99925,0.000568
516,test,smell,0,0,0.002836,0.016733
516,test,stayingpower,0,0,0.003186,0.040627
516,test,texture,1,1,0.002371,0.986729
517,test,colour,1,1,0.001193,0.99829
517,test,packing,0,0,0.000552,0.010846
517,test,price,0,0,0.001214,0.005713
517,test,shipping,1,1,0.000464,0.999254
517,test,smell,0,0,0.002338,0.005792
517,test,stayingpower,0,0,0.011065,0.020853
517,test,texture,0,0,0.001927,0.007095
518,test,colour,0,0,0.084838,0.047345
518,test,packing,0,0,0.007431,0.020637
518,test,price,0,0,0.006075,0.012708
518,test,shipping,0,0,0.022434,0.002367
518,test,smell,0,0,0.165266,0.06791
518,test,stayingpower,3,1,0.252817,0.730202
518,test,texture,1,2,0.970459,0.029013
519,test,colour,1,1,0.000675,0.998777
519,test,packing,0,0,0.000421,0.006725
519,test,price,0,0,0.005795,0.036554
519,test,shipping,0,0,0.002982,0.010457
519,test,smell,0,0,0.001036,0.011243
519,test,stayingpower,0,0,0.00989,0.122317
519,test,texture,1,1,0.0021,0.996423
520,test,colour,0,0,0.007211,0.002393
520,test,packing,0,0,0.011508,0.026545
520,test,price,0,0,0.003237,0.006486
520,test,shipping,0,0,0.00881,0.002014
520,test,smell,0,0,0.000558,0.000847
520,test,stayingpower,0,0,0.001718,0.002889
520,test,texture,0,0,0.235473,0.009488
521,test,colour,1,1,0.001848,0.992657
521,test,packing,0,0,0.001774,0.015138
521,test,price,1,1,0.000788,0.998516
521,test,shipping,0,0,0.006999,0.016233
521,test,smell,1,1,0.001276,0.993258
521,test,stayingpower,0,0,0.005199,0.029542
521,test,texture,1,1,0.001793,0.989497
522,test,colour,0,0,0.001211,0.003225
522,test,packing,0,0,0.000768,0.010643
522,test,price,1,1,0.000935,0.997754
522,test,shipping,0,0,0.005351,0.004689
522,test,smell,0,0,0.000387,0.006048
522,test,stayingpower,0,0,0.00071,0.004551
522,test,texture,0,0,0.001418,0.001982
523,test,colour,0,0,0.002622,0.000933
523,test,packing,0,0,0.000995,0.003297
523,test,price,0,0,0.001615,0.003191
523,test,shipping,0,0,0.003718,0.001559
523,test,smell,0,0,0.000665,0.003018
523,test,stayingpower,0,0,0.001674,0.004195
523,test,texture,0,0,0.000983,0.001276
524,test,colour,1,1,0.001695,0.995291
524,test,packing,1,1,0.001255,0.991492
524,test,price,1,1,0.00034,0.999113
524,test,shipping,0,0,0.008184,0.020591
524,test,smell,0,0,0.00205,0.016232
524,test,stayingpower,0,0,0.003681,0.01671
524,test,texture,0,0,0.013894,0.013182
525,test,colour,1,1,0.001266,0.997413
525,test,packing,0,0,0.00341,0.021571
525,test,price,1,1,0.005901,0.986328
525,test,shipping,2,2,0.999676,0.00019
525,test,smell,0,0,0.002375,0.010256
525,test,stayingpower,0,0,0.00604,0.039453
525,test,texture,0,0,0.011959,0.008725
526,test,colour,0,1,0.003142,0.991922
526,test,packing,0,0,0.001349,0.010306
526,test,price,0,0,0.002405,0.008142
526,test,shipping,0,0,0.009732,0.007429
526,test,smell,0,0,0.001473,0.011938
526,test,stayingpower,0,1,0.005049,0.991572
526,test,texture,0,1,0.00569,0.993089
527,test,colour,1,1,0.000719,0.997629
527,test,packing,0,0,0.002125,0.009222
527,test,price,1,1,0.002137,0.995594
527,test,shipping,0,0,0.040183,0.017264
527,test,smell,0,0,0.001992,0.010467
527,test,stayingpower,1,1,0.003138,0.995298
527,test,texture,1,1,0.011672,0.945506
528,test,colour,1,1,0.066967,0.8014
528,test,packing,0,0,0.000186,0.001194
528,test,price,0,0,0.001174,0.003837
528,test,shipping,0,0,0.000649,0.001231
528,test,smell,0,0,0.000297,0.004066
528,test,stayingpower,0,0,0.001897,0.006623
528,test,texture,1,1,0.003309,0.98623
529,test,colour,0,0,0.002172,0.008035
529,test,packing,0,0,0.000472,0.004799
529,test,price,0,0,0.001459,0.008422
529,test,shipping,0,0,0.002161,0.003444
529,test,smell,0,0,0.000263,0.002894
529,test,stayingpower,0,0,0.000725,0.002305
529,test,texture,0,0,0.000474,0.001827
530,test,colour,1,1,0.000872,0.996492
530,test,packing,0,0,0.001563,0.01328
530,test,price,1,1,0.00118,0.997824
530,test,shipping,0,0,0.014507,0.02906
530,test,smell,0,0,0.001959,0.036458
530,test,stayingpower,0,0,0.007795,0.080022
530,test,texture,1,1,0.001308,0.997982
531,test,colour,0,0,0.001474,0.013928
531,test,packing,0,0,0.000548,0.012605
531,test,price,0,0,0.00252,0.016258
531,test,shipping,0,0,0.00703,0.011289
531,test,smell,0,0,0.000564,0.013302
531,test,stayingpower,0,0,0.001097,0.009298
531,test,texture,1,1,0.000908,0.996568
532,test,colour,0,0,0.008401,0.065894
532,test,packing,0,0,0.002986,0.021702
532,test,price,0,0,0.023801,0.05878
532,test,shipping,2,2,0.997751,0.002167
532,test,smell,0,0,0.005776,0.040235
532,test,stayingpower,0,0,0.010965,0.181878
532,test,texture,1,1,0.001858,0.996135
533,test,colour,0,0,0.006038,0.020543
533,test,packing,0,0,0.00044,0.005844
533,test,price,0,0,0.001443,0.012135
533,test,shipping,1,1,0.001036,0.99839
533,test,smell,0,0,0.000461,0.002209
533,test,stayingpower,0,0,0.003895,0.007736
533,test,texture,0,0,0.000552,0.004576
534,test,colour,0,0,0.006708,0.043285
534,test,packing,0,0,0.006397,0.023151
534,test,price,1,1,0.006672,0.991508
534,test,shipping,2,2,0.999918,5.8e-05
534,test,smell,0,0,0.00251,0.011001
534,test,stayingpower,0,0,0.004579,0.029211
534,test,texture,0,0,0.007707,0.012993
535,test,colour,0,0,0.015124,0.012396
535,test,packing,0,0,0.010945,0.027052
535,test,price,0,0,0.009505,0.010411
535,test,shipping,2,2,0.999897,7.4e-05
535,test,smell,0,0,0.002241,0.004602
535,test,stayingpower,0,0,0.001391,0.010399
535,test,texture,0,0,0.00249,0.002737
536,test,colour,0,0,0.002769,0.004973
536,test,packing,0,0,0.001706,0.020432
536,test,price,0,0,0.001404,0.016084
536,test,shipping,1,1,0.002135,0.996475
536,test,smell,1,1,0.001448,0.99619
536,test,stayingpower,0,0,0.005011,0.007203
536,test,texture,0,0,0.000446,0.011991
537,test,colour,2,2,0.988069,0.010621
537,test,packing,0,0,0.003491,0.016285
537,test,price,0,0,0.003581,0.032729
537,test,shipping,0,0,0.005074,0.008671
537,test,smell,0,0,0.00208,0.00347
537,test,stayingpower,0,0,0.008027,0.043626
537,test,texture,1,1,0.018075,0.970483
538,test,colour,2,2,0.963586,0.004305
538,test,packing,1,1,0.027596,0.968566
538,test,price,0,0,0.00837,0.025719
538,test,shipping,0,0,0.002378,0.003274
538,test,smell,0,0,0.011743,0.007488
538,test,stayingpower,0,0,0.023417,0.017246
538,test,texture,0,2,0.496964,0.014573
539,test,colour,1,1,0.001677,0.997189
539,test,packing,1,1,0.000615,0.998507
539,test,price,0,0,0.001453,0.012474
539,test,shipping,1,1,0.002144,0.997446
539,test,smell,0,0,0.015473,0.062587
539,test,stayingpower,0,0,0.025948,0.078635
539,test,texture,0,1,0.015606,0.940919
540,test,colour,0,0,0.025189,0.205465
540,test,packing,0,0,0.020297,0.060889
540,test,price,0,0,0.013428,0.030935
540,test,shipping,0,0,0.012427,0.004438
540,test,smell,1,1,0.004219,0.99421
540,test,stayingpower,2,2,0.995294,0.004335
540,test,texture,1,1,0.016624,0.943256
541,test,colour,0,0,0.00512,0.009318
541,test,packing,1,1,0.00084,0.998148
541,test,price,0,0,0.001776,0.016057
541,test,shipping,1,1,0.003783,0.995515
541,test,smell,0,0,0.002669,0.005431
541,test,stayingpower,0,0,0.002762,0.012803
541,test,texture,0,0,0.000988,0.003056
542,test,colour,2,2,0.994029,0.004283
542,test,packing,0,0,0.01087,0.011938
542,test,price,0,0,0.031679,0.020662
542,test,shipping,0,0,0.006101,0.014173
542,test,smell,0,0,0.01472,0.004899
542,test,stayingpower,2,2,0.994973,0.004706
542,test,texture,0,0,0.168008,0.047522
543,test,colour,1,1,0.000479,0.998794
543,test,packing,0,0,0.000788,0.01375
543,test,price,0,0,0.002999,0.014301
543,test,shipping,0,0,0.005041,0.013556
543,test,smell,0,0,0.00164,0.022705
543,test,stayingpower,0,0,0.008889,0.09414
543,test,texture,1,1,0.0021,0.997471
544,test,colour,0,0,0.004682,0.004411
544,test,packing,0,0,0.001063,0.009503
544,test,price,0,0,0.000587,0.001328
544,test,shipping,1,1,0.009427,0.986937
544,test,smell,0,0,0.000827,0.002731
544,test,stayingpower,0,0,0.001574,0.003541
544,test,texture,0,0,0.000377,0.001352
545,test,colour,0,0,0.001693,0.001979
545,test,packing,0,0,0.003172,0.068953
545,test,price,0,1,0.005831,0.903634
545,test,shipping,0,0,0.012531,0.002202
545,test,smell,0,0,0.000208,0.001844
545,test,stayingpower,0,0,0.0008,0.006716
545,test,texture,0,0,0.001186,0.000919
546,test,colour,1,1,0.001318,0.994514
546,test,packing,0,0,0.001067,0.014308
546,test,price,0,0,0.00143,0.005802
546,test,shipping,0,0,0.001536,0.002597
546,test,smell,1,1,0.001054,0.998228
546,test,stayingpower,0,0,0.002043,0.004659
546,test,texture,0,0,0.000856,0.003747
547,test,colour,1,1,0.006812,0.981232
547,test,packing,1,1,0.000305,0.999323
547,test,price,0,0,0.003674,0.026976
547,test,shipping,0,0,0.02237,0.087903
547,test,smell,0,0,0.002271,0.021572
547,test,stayingpower,0,0,0.007203,0.047028
547,test,texture,1,1,0.004255,0.993527
548,test,colour,1,1,0.000636,0.998921
548,test,packing,0,0,0.000286,0.001297
548,test,price,0,0,0.00123,0.010274
548,test,shipping,0,0,0.003137,0.002621
548,test,smell,0,0,0.00238,0.008937
548,test,stayingpower,0,0,0.006739,0.010763
548,test,texture,0,0,0.003091,0.001015
549,test,colour,0,0,0.004357,0.066596
549,test,packing,0,0,0.000278,0.002757
549,test,price,0,0,0.001506,0.021692
549,test,shipping,0,0,0.000773,0.000995
549,test,smell,0,0,0.000184,0.002736
549,test,stayingpower,0,0,0.001882,0.004985
549,test,texture,0,0,0.001905,0.004785
550,test,colour,0,1,0.011808,0.96433
550,test,packing,0,0,0.004265,0.016303
550,test,price,0,0,0.003358,0.006025
550,test,shipping,0,0,0.015181,0.00447
550,test,smell,0,0,0.003363,0.011244
550,test,stayingpower,1,1,0.003182,0.996676
550,test,texture,3,1,0.095903,0.826098
551,test,colour,3,2,0.869655,0.129033
551,test,packing,0,0,0.015816,0.047159
551,test,price,0,0,0.022443,0.079096
551,test,shipping,0,0,0.006,0.005544
551,test,smell,1,1,0.007219,0.991998
551,test,stayingpower,0,0,0.039828,0.032172
551,test,texture,1,1,0.004438,0.99373
552,test,colour,1,1,0.003863,0.991868
552,test,packing,0,0,0.030821,0.090181
552,test,price,0,0,0.012864,0.06166
552,test,shipping,0,0,0.025272,0.019071
552,test,smell,1,1,0.007738,0.991828
552,test,stayingpower,0,0,0.073509,0.021497
552,test,texture,1,2,0.817467,0.18087
553,test,colour,0,0,0.001607,0.002466
553,test,packing,1,1,0.000602,0.998079
553,test,price,0,0,0.001676,0.022256
553,test,shipping,0,0,0.014133,0.03123
553,test,smell,0,0,0.000871,0.0031
553,test,stayingpower,0,0,0.000821,0.009843
553,test,texture,0,0,0.001559,0.00272
554,test,colour,1,1,0.00099,0.998245
554,test,packing,0,0,0.00815,0.054518
554,test,price,0,0,0.00838,0.071157
554,test,shipping,1,1,0.028484,0.960835
554,test,smell,0,0,0.113963,0.102569
554,test,stayingpower,3,1,0.264209,0.689754
554,test,texture,3,2,0.962351,0.037395
555,test,colour,0,0,0.007254,0.043407
555,test,packing,0,0,0.000461,0.005494
555,test,price,0,0,0.001229,0.01177
555,test,shipping,1,1,0.000951,0.998829
555,test,smell,0,0,0.001456,0.011655
555,test,stayingpower,0,0,0.003618,0.006795
555,test,texture,0,0,0.000333,0.001569
556,test,colour,0,0,0.000521,0.00051
556,test,packing,0,0,0.000957,0.007841
556,test,price,0,0,0.006215,0.118678
556,test,shipping,0,0,0.002813,0.001703
556,test,smell,0,0,0.000201,0.002157
556,test,stayingpower,0,0,0.000406,0.00204
556,test,texture,0,0,0.000858,0.001316
557,test,colour,0,0,0.003167,0.005374
557,test,packing,1,1,0.000929,0.997974
557,test,price,0,0,0.001411,0.012064
557,test,shipping,1,1,0.004256,0.994971
557,test,smell,0,0,0.003963,0.00815
557,test,stayingpower,0,0,0.002734,0.017262
557,test,texture,0,0,0.001534,0.004695
558,test,colour,0,0,0.003085,0.01056
558,test,packing,0,0,0.003823,0.042613
558,test,price,1,1,0.001248,0.997379
558,test,shipping,1,1,0.002743,0.997044
558,test,smell,0,0,0.000961,0.011008
558,test,stayingpower,0,0,0.003762,0.00976
558,test,texture,0,0,0.000852,0.004331
559,test,colour,1,1,0.006865,0.988859
559,test,packing,0,0,0.025431,0.053175
559,test,price,0,0,0.025278,0.036616
559,test,shipping,0,0,0.041174,0.037464
559,test,smell,1,1,0.004832,0.994446
559,test,stayingpower,2,2,0.997788,0.00137
559,test,texture,0,0,0.025974,0.041533
560,test,colour,1,1,0.008012,0.98898
560,test,packing,0,0,0.002383,0.028377
560,test,price,0,0,0.002202,0.011863
560,test,shipping,1,1,0.000951,0.998578
560,test,smell,1,1,0.002734,0.996923
560,test,stayingpower,0,0,0.021059,0.025663
560,test,texture,0,0,0.001544,0.015221
561,test,colour,0,0,0.003809,0.000926
561,test,packing,0,0,0.0018,0.003998
561,test,price,0,0,0.00682,0.031383
561,test,shipping,0,0,0.005593,0.001358
561,test,smell,0,0,0.000591,0.002026
561,test,stayingpower,0,0,0.001133,0.000866
561,test,texture,0,0,0.001641,0.000471
562,test,colour,1,1,0.002542,0.994031
562,test,packing,0,0,0.000244,0.00303
562,test,price,0,0,0.000905,0.010321
562,test,shipping,0,0,0.001946,0.001992
562,test,smell,0,0,0.000263,0.001988
562,test,stayingpower,0,0,0.002254,0.007962
562,test,texture,0,0,0.001198,0.001017
563,test,colour,0,0,0.002986,0.000968
563,test,packing,0,0,0.000958,0.00388
563,test,price,0,0,0.001312,0.002685
563,test,shipping,0,0,0.00346,0.001223
563,test,smell,0,0,0.000652,0.002756
563,test,stayingpower,0,0,0.001477,0.003619
563,test,texture,0,0,0.001148,0.001222
564,test,colour,0,0,0.004167,0.01219
564,test,packing,0,0,0.001699,0.007025
564,test,price,0,0,0.004356,0.019396
564,test,shipping,2,2,0.999405,0.000361
564,test,smell,0,0,0.001049,0.003514
564,test,stayingpower,0,0,0.000878,0.006344
564,test,texture,0,0,0.000805,0.001335
565,test,colour,0,0,0.004082,0.009953
565,test,packing,0,0,0.001804,0.022351
565,test,price,0,0,0.002853,0.024875
565,test,shipping,1,1,0.001443,0.997777
565,test,smell,0,0,0.002197,0.0109
565,test,stayingpower,0,0,0.002344,0.014959
565,test,texture,0,1,0.345436,0.462917
566,test,colour,1,1,0.00054,0.998959
566,test,packing,0,0,0.000473,0.008908
566,test,price,0,0,0.003655,0.017035
566,test,shipping,0,0,0.004451,0.016567
566,test,smell,0,0,0.001824,0.023681
566,test,stayingpower,0,0,0.003503,0.030617
566,test,texture,1,1,0.001016,0.997905
567,test,colour,0,0,0.002953,0.000697
567,test,packing,0,0,0.001428,0.00407
567,test,price,0,0,0.001685,0.002994
567,test,shipping,0,0,0.002829,0.001026
567,test,smell,0,0,0.00079,0.002748
567,test,stayingpower,0,0,0.002121,0.004772
567,test,texture,0,0,0.001291,0.001549
568,test,colour,1,1,0.001097,0.997283
568,test,packing,1,1,0.000482,0.998515
568,test,price,0,0,0.00104,0.014324
568,test,shipping,1,1,0.001114,0.998672
568,test,smell,0,0,0.010557,0.035369
568,test,stayingpower,0,0,0.006222,0.019742
568,test,texture,0,0,0.005325,0.005368
569,test,colour,0,0,0.001806,0.001798
569,test,packing,0,0,0.000866,0.007263
569,test,price,0,0,0.001493,0.008806
569,test,shipping,0,0,0.004028,0.004055
569,test,smell,0,0,0.000408,0.003381
569,test,stayingpower,0,0,0.001155,0.002805
569,test,texture,0,0,0.000574,0.00082
570,test,colour,0,0,0.000877,0.00838
570,test,packing,0,0,0.001321,0.031361
570,test,price,1,1,0.000763,0.99867
570,test,shipping,0,0,0.026279,0.028408
570,test,smell,0,0,0.000944,0.031795
570,test,stayingpower,0,0,0.001155,0.050295
570,test,texture,1,1,0.002355,0.995172
571,test,colour,0,0,0.00289,0.004582
571,test,packing,0,0,0.00068,0.003993
571,test,price,0,0,0.00105,0.003223
571,test,shipping,0,0,0.001644,0.001388
571,test,smell,0,0,0.000385,0.003381
571,test,stayingpower,0,0,0.001083,0.00334
571,test,texture,0,0,0.00104,0.002278
572,test,colour,0,0,0.00216,0.003847
572,test,packing,0,0,0.000457,0.003271
572,test,price,0,0,0.00112,0.00393
572,test,shipping,0,0,0.001652,0.001289
572,test,smell,0,0,0.00045,0.003808
572,test,stayingpower,0,0,0.000974,0.004152
572,test,texture,0,0,0.000652,0.001136
573,test,colour,0,0,0.002415,0.002538
573,test,packing,1,0,0.001361,0.010521
573,test,price,0,0,0.000792,0.002606
573,test,shipping,0,0,0.016304,0.003495
573,test,smell,0,0,0.000691,0.003736
573,test,stayingpower,0,0,0.005989,0.053718
573,test,texture,0,0,0.002232,0.002395
574,test,colour,0,0,0.002031,0.014446
574,test,packing,0,0,0.000334,0.003378
574,test,price,0,0,0.001116,0.007068
574,test,shipping,0,0,0.001928,0.002515
574,test,smell,0,0,0.000264,0.003415
574,test,stayingpower,0,0,0.000809,0.003454
574,test,texture,0,0,0.000562,0.002152
575,test,colour,0,0,0.08559,0.037245
575,test,packing,1,1,0.014923,0.977134
575,test,price,0,0,0.00621,0.015219
575,test,shipping,0,0,0.035785,0.075883
575,test,smell,2,2,0.996743,0.002367
575,test,stayingpower,0,0,0.0274,0.075297
575,test,texture,0,0,0.290004,0.054728
576,test,colour,1,1,0.00033,0.998683
576,test,packing,0,0,0.000365,0.00303
576,test,price,1,1,0.001102,0.996124
576,test,shipping,0,0,0.002762,0.004676
576,test,smell,0,0,0.000487,0.003932
576,test,stayingpower,0,0,0.003074,0.025805
576,test,texture,0,0,0.003428,0.007107
577,test,colour,1,1,0.00176,0.99733
577,test,packing,1,1,0.000916,0.998719
577,test,price,0,0,0.001119,0.010838
577,test,shipping,0,0,0.040495,0.058777
577,test,smell,0,0,0.008034,0.014353
577,test,stayingpower,0,0,0.007297,0.019049
577,test,texture,0,0,0.035634,0.009103
578,test,colour,1,1,0.000314,0.998372
578,test,packing,0,0,0.002005,0.021607
578,test,price,1,1,0.000518,0.999234
578,test,shipping,0,0,0.010192,0.02484
578,test,smell,0,0,0.005478,0.065771
578,test,stayingpower,0,0,0.013053,0.101437
578,test,texture,1,1,0.325188,0.664546
579,test,colour,1,1,0.000389,0.99939
579,test,packing,0,0,0.007362,0.025475
579,test,price,0,0,0.006332,0.017805
579,test,shipping,2,2,0.999389,0.000553
579,test,smell,0,0,0.003371,0.007777
579,test,stayingpower,0,0,0.009398,0.032611
579,test,texture,0,0,0.01539,0.01291
580,test,colour,1,1,0.000887,0.998495
580,test,packing,1,1,0.000246,0.999042
580,test,price,0,0,0.000864,0.01111
580,test,shipping,1,1,0.002794,0.992998
580,test,smell,0,0,0.005264,0.01034
580,test,stayingpower,0,0,0.006506,0.022405
580,test,texture,0,0,0.005878,0.006403
581,test,colour,1,1,0.00122,0.994572
581,test,packing,1,1,0.00092,0.998554
581,test,price,0,0,0.000913,0.007729
581,test,shipping,3,1,0.391435,0.606135
581,test,smell,0,0,0.007453,0.012895
581,test,stayingpower,0,0,0.006155,0.02555
581,test,texture,0,0,0.004572,0.003078
582,test,colour,0,0,0.087659,0.059973
582,test,packing,1,1,0.018999,0.965785
582,test,price,1,1,0.003071,0.9953
582,test,shipping,1,1,0.018171,0.958263
582,test,smell,2,2,0.973554,0.025022
582,test,stayingpower,0,0,0.021339,0.037671
582,test,texture,0,0,0.114741,0.039517
583,test,colour,0,0,0.004496,0.028271
583,test,packing,0,0,0.00057,0.009124
583,test,price,0,0,0.001634,0.012527
583,test,shipping,1,1,0.000516,0.999358
583,test,smell,0,0,0.000854,0.006999
583,test,stayingpower,0,0,0.003605,0.009785
583,test,texture,0,0,0.000413,0.004678
584,test,colour,0,0,0.032083,0.017083
584,test,packing,0,0,0.026418,0.031236
584,test,price,0,0,0.010556,0.018289
584,test,shipping,2,2,0.999531,0.000213
584,test,smell,1,1,0.006276,0.991041
584,test,stayingpower,0,0,0.013044,0.027053
584,test,texture,0,0,0.00784,0.018363
585,test,colour,0,0,0.102491,0.003338
585,test,packing,3,2,0.94316,0.048036
585,test,price,0,0,0.017359,0.009834
585,test,shipping,2,2,0.998584,0.000551
585,test,smell,0,0,0.017878,0.003595
585,test,stayingpower,0,0,0.009971,0.006453
585,test,texture,0,0,0.044076,0.006946
586,test,colour,0,0,0.00175,0.001899
586,test,packing,0,0,0.001772,0.011541
586,test,price,1,1,0.001336,0.996304
586,test,shipping,0,0,0.008724,0.004574
586,test,smell,1,1,0.00086,0.99697
586,test,stayingpower,0,0,0.001362,0.006261
586,test,texture,0,0,0.004091,0.030165
587,test,colour,0,0,0.002849,0.009438
587,test,packing,1,1,0.001024,0.996664
587,test,price,0,0,0.001922,0.024762
587,test,shipping,1,1,0.001391,0.998359
587,test,smell,0,0,0.002162,0.006436
587,test,stayingpower,0,0,0.002665,0.014953
587,test,texture,0,0,0.00102,0.00512
588,test,colour,2,2,0.986185,0.012381
588,test,packing,0,0,0.004874,0.019182
588,test,price,0,0,0.006122,0.022398
588,test,shipping,0,0,0.005534,0.008203
588,test,smell,0,0,0.002812,0.005079
588,test,stayingpower,0,0,0.010632,0.017974
588,test,texture,1,1,0.004202,0.993307
589,test,colour,1,1,0.001295,0.998101
589,test,packing,0,0,0.003456,0.020522
589,test,price,0,0,0.006331,0.028749
589,test,shipping,2,2,0.999668,0.000167
589,test,smell,0,0,0.002295,0.005238
589,test,stayingpower,0,0,0.004908,0.02842
589,test,texture,0,0,0.007957,0.006285
590,test,colour,0,0,0.001923,0.004656
590,test,packing,0,0,0.001701,0.010732
590,test,price,0,0,0.001947,0.009854
590,test,shipping,0,0,0.003492,0.003027
590,test,smell,1,1,0.001539,0.996821
590,test,stayingpower,0,0,0.001174,0.003857
590,test,texture,0,0,0.001317,0.006495
591,test,colour,0,0,0.002798,0.006256
591,test,packing,0,0,0.000788,0.008427
591,test,price,0,0,0.001241,0.005707
591,test,shipping,0,0,0.003081,0.003645
591,test,smell,0,0,0.000267,0.003061
591,test,stayingpower,0,0,0.001003,0.004248
591,test,texture,0,0,0.00048,0.001797
592,test,colour,1,1,0.00106,0.997006
592,test,packing,0,0,0.000181,0.004631
592,test,price,0,0,0.00066,0.004424
592,test,shipping,0,0,0.001249,0.004544
592,test,smell,0,0,0.000271,0.001642
592,test,stayingpower,0,0,0.000941,0.004462
592,test,texture,0,0,0.000868,0.001569
593,test,colour,0,0,0.011597,0.033853
593,test,packing,0,0,0.003367,0.030685
593,test,price,0,0,0.002206,0.002318
593,test,shipping,0,0,0.019586,0.014266
593,test,smell,0,0,0.000872,0.002313
593,test,stayingpower,1,1,0.005463,0.990311
593,test,texture,0,0,0.008637,0.04807
594,test,colour,1,1,0.003371,0.995503
594,test,packing,0,0,0.000729,0.008604
594,test,price,1,1,0.000557,0.998409
594,test,shipping,0,0,0.003465,0.004123
594,test,smell,0,0,0.001166,0.014136
594,test,stayingpower,0,0,0.001918,0.025233
594,test,texture,0,1,0.10654,0.802751
595,test,colour,1,1,0.000284,0.999644
595,test,packing,0,0,0.000317,0.006766
595,test,price,0,0,0.001013,0.006914
595,test,shipping,0,0,0.001473,0.003667
595,test,smell,0,0,0.000619,0.003016
595,test,stayingpower,0,0,0.002845,0.011908
595,test,texture,0,0,0.003652,0.010103
596,test,colour,0,0,0.003966,0.050728
596,test,packing,0,0,0.001327,0.022951
596,test,price,0,0,0.006858,0.042886
596,test,shipping,0,0,0.009135,0.018898
596,test,smell,0,0,0.001399,0.04295
596,test,stayingpower,0,0,0.00454,0.046917
596,test,texture,1,1,0.001857,0.998062
597,test,colour,3,2,0.998292,0.00107
597,test,packing,0,0,0.021312,0.006861
597,test,price,0,0,0.015687,0.034172
597,test,shipping,0,0,0.003083,0.001288
597,test,smell,0,0,0.012539,0.0016
597,test,stayingpower,0,0,0.005646,0.005189
597,test,texture,0,0,0.19539,0.007472
598,test,colour,0,0,0.004578,0.004924
598,test,packing,1,1,0.001031,0.998206
598,test,price,0,0,0.002323,0.018298
598,test,shipping,1,1,0.004132,0.995085
598,test,smell,0,0,0.003742,0.006547
598,test,stayingpower,0,0,0.002563,0.016774
598,test,texture,0,0,0.001864,0.005495
599,test,colour,0,0,0.026217,0.19584
599,test,packing,0,0,0.007336,0.018165
599,test,price,1,1,0.005424,0.990857
599,test,shipping,2,2,0.999484,0.000242
599,test,smell,0,0,0.005218,0.015034
599,test,stayingpower,1,1,0.018106,0.951856
599,test,texture,1,1,0.022751,0.959659
600,test,colour,1,1,0.0101,0.890747
600,test,packing,1,1,0.000344,0.998495
600,test,price,0,0,0.001024,0.00881
600,test,shipping,1,1,0.00098,0.9987
600,test,smell,0,0,0.001989,0.003317
600,test,stayingpower,0,0,0.002588,0.011995
600,test,texture,0,0,0.001102,0.001738
601,test,colour,0,0,0.003837,0.00637
601,test,packing,1,1,0.001622,0.991321
601,test,price,0,0,0.00084,0.007585
601,test,shipping,1,1,0.001613,0.997479
601,test,smell,0,0,0.001499,0.005829
601,test,stayingpower,0,0,0.001689,0.008603
601,test,texture,0,0,0.000744,0.003069
602,test,colour,1,1,0.000284,0.999588
602,test,packing,0,0,0.000641,0.007161
602,test,price,0,0,0.003376,0.01058
602,test,shipping,0,0,0.00468,0.012326
602,test,smell,0,0,0.001715,0.015661
602,test,stayingpower,0,0,0.006133,0.031945
602,test,texture,1,1,0.002612,0.991406
603,test,colour,0,0,0.007972,0.020911
603,test,packing,0,0,0.000459,0.001601
603,test,price,0,0,0.001155,0.005428
603,test,shipping,0,0,0.004306,0.001189
603,test,smell,0,0,0.000198,0.0013
603,test,stayingpower,0,0,0.001571,0.004199
603,test,texture,0,0,0.001193,0.001497
604,test,colour,0,0,0.031336,0.021245
604,test,packing,0,0,0.001775,0.005722
604,test,price,0,0,0.001641,0.001867
604,test,shipping,0,0,0.005122,0.001392
604,test,smell,0,0,0.001098,0.00594
604,test,stayingpower,3,1,0.188373,0.805742
604,test,texture,3,1,0.065529,0.898924
605,test,colour,0,0,0.001621,0.001206
605,test,packing,1,1,0.001285,0.996844
605,test,price,0,0,0.001671,0.011175
605,test,shipping,0,0,0.018099,0.023699
605,test,smell,0,0,0.001032,0.002574
605,test,stayingpower,0,0,0.00099,0.006422
605,test,texture,0,0,0.001403,0.001548
606,test,colour,0,0,0.009621,0.007078
606,test,packing,0,0,0.004216,0.009052
606,test,price,0,0,0.004332,0.004916
606,test,shipping,2,2,0.999642,0.000193
606,test,smell,0,0,0.001785,0.005071
606,test,stayingpower,0,0,0.002102,0.010861
606,test,texture,0,0,0.002605,0.003214
607,test,colour,0,0,0.030663,0.002864
607,test,packing,1,1,0.196834,0.797945
607,test,price,0,0,0.002966,0.007983
607,test,shipping,3,1,0.019245,0.980174
607,test,smell,0,0,0.00602,0.003383
607,test,stayingpower,0,0,0.009452,0.006976
607,test,texture,0,0,0.017816,0.008523
608,test,colour,0,0,0.012589,0.057195
608,test,packing,1,1,0.001021,0.997212
608,test,price,0,0,0.0031,0.017357
608,test,shipping,1,1,0.016231,0.980828
608,test,smell,0,0,0.007919,0.059846
608,test,stayingpower,1,1,0.011433,0.976394
608,test,texture,1,1,0.003587,0.974304
609,test,colour,3,1,0.097897,0.886375
609,test,packing,0,0,0.002641,0.008364
609,test,price,0,0,0.009516,0.008497
609,test,shipping,0,0,0.008407,0.01494
609,test,smell,0,0,0.005647,0.010604
609,test,stayingpower,2,2,0.998705,0.001247
609,test,texture,0,0,0.046022,0.059559
610,test,colour,0,0,0.001797,0.008911
610,test,packing,0,0,0.000375,0.004353
610,test,price,0,0,0.000937,0.006636
610,test,shipping,0,0,0.00133,0.001834
610,test,smell,0,0,0.000314,0.002832
610,test,stayingpower,0,0,0.001226,0.003965
610,test,texture,0,0,0.000537,0.001799
611,test,colour,1,1,0.008354,0.989628
611,test,packing,0,0,0.003727,0.023084
611,test,price,0,0,0.001922,0.001441
611,test,shipping,0,0,0.009108,0.001797
611,test,smell,0,0,0.001422,0.005891
611,test,stayingpower,0,0,0.123852,0.101326
611,test,texture,1,1,0.188418,0.809863
612,test,colour,0,0,0.000841,0.000989
612,test,packing,0,0,0.00081,0.011141
612,test,price,0,0,0.001469,0.005851
612,test,shipping,0,0,0.002769,0.003811
612,test,smell,0,0,0.000262,0.002219
612,test,stayingpower,0,0,0.000819,0.004664
612,test,texture,0,0,0.000642,0.002683
613,test,colour,1,1,0.005294,0.984247
613,test,packing,0,0,0.067689,0.160774
613,test,price,0,1,0.019967,0.835585
613,test,shipping,0,0,0.0704,0.037766
613,test,smell,1,1,0.065524,0.932975
613,test,stayingpower,2,2,0.927404,0.049215
613,test,texture,2,2,0.995941,0.003303
614,test,colour,0,0,0.004308,0.001882
614,test,packing,0,0,0.001654,0.006963
614,test,price,0,0,0.0009,0.001983
614,test,shipping,0,0,0.006796,0.002147
614,test,smell,0,0,0.000642,0.002476
614,test,stayingpower,0,0,0.001374,0.002831
614,test,texture,0,0,0.001655,0.000978
615,test,colour,0,0,0.004078,0.007323
615,test,packing,0,0,0.000828,0.002812
615,test,price,0,0,0.00144,0.004045
615,test,shipping,0,0,0.003649,0.003238
615,test,smell,0,0,0.00083,0.006414
615,test,stayingpower,0,0,0.001558,0.003402
615,test,texture,0,0,0.001089,0.001622
616,test,colour,3,1,0.008168,0.988659
616,test,packing,0,0,0.02225,0.040092
616,test,price,0,0,0.01175,0.013953
616,test,shipping,2,2,0.995746,0.003891
616,test,smell,0,0,0.009845,0.037851
616,test,stayingpower,2,2,0.940504,0.054362
616,test,texture,1,1,0.011608,0.979712
617,test,colour,0,0,0.060199,0.024238
617,test,packing,0,0,0.057484,0.073524
617,test,price,0,0,0.019716,0.031064
617,test,shipping,2,2,0.995564,0.003135
617,test,smell,0,0,0.057775,0.020969
617,test,stayingpower,0,0,0.007355,0.023505
617,test,texture,2,2,0.994432,0.003685
618,test,colour,2,2,0.995697,0.001544
618,test,packing,0,0,0.154003,0.151069
618,test,price,0,0,0.037676,0.04203
618,test,shipping,2,2,0.990563,0.004924
618,test,smell,1,1,0.025122,0.974275
618,test,stayingpower,0,0,0.015331,0.012045
618,test,texture,0,0,0.029188,0.070118
619,test,colour,1,1,0.001903,0.996956
619,test,packing,0,0,0.006418,0.029921
619,test,price,1,1,0.017722,0.965953
619,test,shipping,1,1,0.017216,0.97005
619,test,smell,0,0,0.011362,0.051816
619,test,stayingpower,2,2,0.996734,0.002769
619,test,texture,1,1,0.010133,0.97027
620,test,colour,0,0,0.001284,0.005512
620,test,packing,0,0,0.000963,0.024541
620,test,price,0,0,0.001721,0.013981
620,test,shipping,1,1,0.000699,0.999142
620,test,smell,0,0,0.000808,0.0069
620,test,stayingpower,0,0,0.0021,0.008455
620,test,texture,0,0,0.00054,0.008039
621,test,colour,0,0,0.001191,0.001412
621,test,packing,0,0,0.000677,0.003877
621,test,price,0,0,0.002005,0.011241
621,test,shipping,0,0,0.003041,0.002276
621,test,smell,0,0,0.000482,0.002974
621,test,stayingpower,0,0,0.000977,0.004451
621,test,texture,0,0,0.000901,0.001027
622,test,colour,0,0,0.002261,0.00076
622,test,packing,0,0,0.001104,0.005181
622,test,price,0,0,0.001381,0.003132
622,test,shipping,0,0,0.005479,0.001576
622,test,smell,0,0,0.000582,0.00244
622,test,stayingpower,0,0,0.001972,0.005231
622,test,texture,0,0,0.001204,0.001712
623,test,colour,2,2,0.979972,0.018162
623,test,packing,0,0,0.049836,0.128256
623,test,price,0,0,0.018054,0.027186
623,test,shipping,0,0,0.011802,0.009972
623,test,smell,0,0,0.044418,0.016015
623,test,stayingpower,0,0,0.043911,0.019606
623,test,texture,2,2,0.994707,0.004921
624,test,colour,0,0,0.002262,0.011174
624,test,packing,0,0,0.000581,0.014371
624,test,price,0,0,0.000616,0.004018
624,test,shipping,1,1,0.007946,0.987566
624,test,smell,0,0,0.00044,0.00209
624,test,stayingpower,0,0,0.000979,0.006041
624,test,texture,0,0,0.000253,0.001651
625,test,colour,0,0,0.000842,0.000376
625,test,packing,0,0,0.000456,0.00255
625,test,price,0,0,0.002606,0.006606
625,test,shipping,0,0,0.002266,0.00094
625,test,smell,0,0,0.000377,0.003438
625,test,stayingpower,0,0,0.002819,0.019336
625,test,texture,0,0,0.01008,0.11786
626,test,colour,0,0,0.122443,0.136833
626,test,packing,0,0,0.013783,0.022814
626,test,price,0,0,0.006254,0.00911
626,test,shipping,0,0,0.088523,0.010798
626,test,smell,0,0,0.003927,0.003459
626,test,stayingpower,1,1,0.039024,0.926765
626,test,texture,2,2,0.995586,0.002214
627,test,colour,0,0,0.003765,0.005976
627,test,packing,1,1,0.00116,0.997031
627,test,price,0,0,0.001554,0.013452
627,test,shipping,1,1,0.003235,0.995852
627,test,smell,0,0,0.002943,0.006369
627,test,stayingpower,0,0,0.001824,0.011153
627,test,texture,0,0,0.001154,0.003461
628,test,colour,0,0,0.002528,0.000912
628,test,packing,0,0,0.001082,0.004053
628,test,price,0,0,0.001522,0.00357
628,test,shipping,0,0,0.002771,0.00124
628,test,smell,0,0,0.000588,0.003149
628,test,stayingpower,0,0,0.001478,0.004378
628,test,texture,0,0,0.001,0.000993
629,test,colour,1,1,0.000781,0.997993
629,test,packing,0,0,0.000668,0.002514
629,test,price,1,1,0.001034,0.996113
629,test,shipping,0,0,0.005437,0.005682
629,test,smell,0,0,0.000866,0.004878
629,test,stayingpower,0,0,0.004131,0.011979
629,test,texture,0,0,0.002493,0.002291
630,test,colour,2,2,0.967686,0.028125
630,test,packing,0,0,0.001938,0.005153
630,test,price,0,0,0.003976,0.011844
630,test,shipping,0,0,0.004461,0.002206
630,test,smell,0,0,0.001064,0.003408
630,test,stayingpower,0,0,0.022682,0.032855
630,test,texture,1,1,0.002214,0.988071
631,test,colour,0,0,0.011955,0.153084
631,test,packing,0,0,0.002193,0.019603
631,test,price,0,0,0.016211,0.035023
631,test,shipping,2,2,0.998899,0.000978
631,test,smell,0,0,0.003335,0.0266
631,test,stayingpower,0,0,0.008817,0.109362
631,test,texture,1,1,0.00108,0.997088
632,test,colour,0,0,0.020342,0.13693
632,test,packing,0,0,0.005461,0.022571
632,test,price,0,0,0.006896,0.004357
632,test,shipping,2,2,0.999491,0.000395
632,test,smell,0,0,0.002962,0.009052
632,test,stayingpower,1,1,0.009977,0.967897
632,test,texture,1,1,0.011028,0.912212
633,test,colour,2,2,0.993514,0.0054
633,test,packing,0,0,0.009306,0.029392
633,test,price,0,0,0.007623,0.019998
633,test,shipping,0,0,0.008051,0.004665
633,test,smell,0,0,0.002573,0.003792
633,test,stayingpower,0,0,0.013269,0.042804
633,test,texture,1,1,0.004944,0.990073
634,test,colour,1,1,0.000245,0.999111
634,test,packing,0,0,0.002007,0.024976
634,test,price,0,0,0.002589,0.014895
634,test,shipping,0,0,0.002182,0.004665
634,test,smell,1,1,0.000484,0.999277
634,test,stayingpower,0,0,0.010352,0.031638
634,test,texture,1,1,0.137016,0.634245
635,test,colour,1,1,0.001678,0.995988
635,test,packing,0,0,0.008448,0.076728
635,test,price,0,0,0.009748,0.01165
635,test,shipping,0,2,0.901103,0.024153
635,test,smell,0,0,0.004071,0.020906
635,test,stayingpower,2,2,0.985177,0.01328
635,test,texture,1,1,0.010637,0.985242
636,test,colour,0,0,0.002631,0.008846
636,test,packing,0,0,0.000965,0.016212
636,test,price,0,0,0.00226,0.021045
636,test,shipping,0,0,0.001477,0.001611
636,test,smell,0,0,0.000136,0.001215
636,test,stayingpower,0,0,0.000715,0.002455
636,test,texture,0,0,0.000387,0.000577
637,test,colour,1,1,0.000671,0.998863
637,test,packing,0,0,0.001351,0.014035
637,test,price,0,0,0.003109,0.007233
637,test,shipping,1,1,0.005447,0.992971
637,test,smell,0,0,0.002111,0.006317
637,test,stayingpower,1,1,0.008993,0.985716
637,test,texture,0,0,0.007368,0.050004
638,test,colour,1,1,0.000489,0.99929
638,test,packing,0,0,0.00254,0.022108
638,test,price,0,0,0.006021,0.018424
638,test,shipping,0,0,0.006213,0.015653
638,test,smell,3,1,0.004527,0.993035
638,test,stayingpower,0,0,0.017355,0.044894
638,test,texture,1,1,0.005032,0.9938
639,test,colour,0,0,0.006184,0.0088
639,test,packing,0,1,0.036571,0.88352
639,test,price,0,0,0.007153,0.023386
639,test,shipping,0,0,0.03371,0.046661
639,test,smell,1,2,0.826186,0.1736
639,test,stayingpower,0,0,0.0047,0.016517
639,test,texture,0,0,0.078736,0.034485
640,test,colour,1,1,0.001034,0.998781
640,test,packing,0,0,0.007034,0.034742
640,test,price,0,0,0.005107,0.016558
640,test,shipping,0,0,0.043015,0.02029
640,test,smell,0,0,0.017985,0.029659
640,test,stayingpower,1,0,0.01602,0.019989
640,test,texture,2,2,0.995375,0.001197
641,test,colour,0,0,0.001054,0.002137
641,test,packing,0,0,0.000599,0.005785
641,test,price,0,0,0.00198,0.012329
641,test,shipping,0,0,0.002504,0.002104
641,test,smell,0,0,0.000368,0.003547
641,test,stayingpower,0,0,0.001158,0.004427
641,test,texture,0,0,0.001451,0.003911
642,test,colour,0,0,0.0197,0.184669
642,test,packing,0,0,0.003964,0.020528
642,test,price,1,1,0.003787,0.992779
642,test,shipping,0,0,0.055532,0.006128
642,test,smell,0,0,0.002666,0.025131
642,test,stayingpower,1,1,0.008026,0.990878
642,test,texture,1,1,0.007738,0.986752
643,test,colour,0,0,0.00472,0.018274
643,test,packing,0,0,0.004589,0.019808
643,test,price,1,1,0.007166,0.989137
643,test,shipping,2,2,0.999817,9.1e-05
643,test,smell,0,0,0.001221,0.006547
643,test,stayingpower,0,0,0.002402,0.009436
643,test,texture,0,0,0.002572,0.00282
644,test,colour,0,0,0.002067,0.025398
644,test,packing,0,0,0.001147,0.01
644,test,price,1,1,0.000527,0.999212
644,test,shipping,0,0,0.014881,0.013321
644,test,smell,1,1,0.002504,0.983445
644,test,stayingpower,0,0,0.003242,0.05198
644,test,texture,1,1,0.001966,0.990986
645,test,colour,0,0,0.002695,0.00114
645,test,packing,0,0,0.001188,0.004376
645,test,price,0,0,0.001627,0.003915
645,test,shipping,0,0,0.002922,0.001106
645,test,smell,0,0,0.000577,0.002847
645,test,stayingpower,0,0,0.001254,0.0033
645,test,texture,0,0,0.00107,0.001076
646,test,colour,1,1,0.005848,0.990928
646,test,packing,0,0,0.022139,0.038514
646,test,price,0,0,0.001672,0.00339
646,test,shipping,0,0,0.034092,0.003835
646,test,smell,1,1,0.005205,0.990262
646,test,stayingpower,1,1,0.017254,0.982356
646,test,texture,3,1,0.106615,0.601632
647,test,colour,0,0,0.001322,0.002104
647,test,packing,0,0,0.000858,0.00759
647,test,price,0,0,0.001931,0.007256
647,test,shipping,0,0,0.004363,0.00266
647,test,smell,0,0,0.000308,0.002534
647,test,stayingpower,0,0,0.000855,0.004086
647,test,texture,0,0,0.000547,0.001343
648,test,colour,0,0,0.004351,0.013555
648,test,packing,0,0,0.000745,0.003327
648,test,price,1,1,0.000704,0.999084
648,test,shipping,0,0,0.012203,0.008974
648,test,smell,0,0,0.001037,0.008914
648,test,stayingpower,0,0,0.001186,0.006721
648,test,texture,0,0,0.003151,0.003696
649,test,colour,0,0,0.001237,0.005006
649,test,packing,1,1,0.001477,0.994142
649,test,price,1,1,0.000477,0.999133
649,test,shipping,1,1,0.010107,0.987875
649,test,smell,0,0,0.001691,0.010685
649,test,stayingpower,0,0,0.002223,0.010508
649,test,texture,0,0,0.002619,0.003844
650,test,colour,1,1,0.000721,0.998855
650,test,packing,0,0,0.000957,0.018251
650,test,price,0,0,0.001717,0.004977
650,test,shipping,1,1,0.000947,0.998532
650,test,smell,0,0,0.004544,0.018469
650,test,stayingpower,0,0,0.025554,0.080445
650,test,texture,1,1,0.003684,0.983128
651,test,colour,1,1,0.000817,0.997332
651,test,packing,0,0,0.001377,0.016598
651,test,price,1,1,0.00105,0.998349
651,test,shipping,0,0,0.019045,0.021207
651,test,smell,0,0,0.002684,0.021802
651,test,stayingpower,0,0,0.009321,0.170676
651,test,texture,1,1,0.003164,0.996135
652,test,colour,1,1,0.000906,0.99799
652,test,packing,0,0,0.001667,0.012527
652,test,price,0,0,0.002323,0.010112
652,test,shipping,0,0,0.02073,0.011468
652,test,smell,0,0,0.001167,0.00823
652,test,stayingpower,1,1,0.005437,0.983451
652,test,texture,1,1,0.010994,0.987536
653,test,colour,0,0,0.002943,0.015468
653,test,packing,0,0,0.000523,0.043474
653,test,price,0,0,0.002256,0.028917
653,test,shipping,0,0,0.001135,0.001329
653,test,smell,0,0,5.8e-05,0.001309
653,test,stayingpower,0,0,0.000854,0.01294
653,test,texture,0,0,0.001031,0.03075
654,test,colour,1,1,0.000504,0.998398
654,test,packing,0,0,0.001344,0.010446
654,test,price,0,0,0.001939,0.009532
654,test,shipping,0,0,0.004961,0.011125
654,test,smell,1,1,0.001342,0.998022
654,test,stayingpower,0,0,0.0047,0.019074
654,test,texture,1,1,0.001145,0.996402
655,test,colour,0,0,0.001135,0.002634
655,test,packing,0,0,0.000484,0.003293
655,test,price,1,1,0.003589,0.982058
655,test,shipping,0,0,0.006615,0.004154
655,test,smell,0,0,0.000402,0.006486
655,test,stayingpower,0,0,0.000968,0.002482
655,test,texture,0,0,0.001093,0.000963
656,test,colour,0,0,0.004184,0.003618
656,test,packing,0,0,0.001439,0.007462
656,test,price,0,0,0.001404,0.006379
656,test,shipping,0,0,0.006707,0.002986
656,test,smell,0,0,0.000239,0.001374
656,test,stayingpower,0,0,0.001061,0.002787
656,test,texture,0,0,0.000772,0.000909
657,test,colour,0,0,0.002338,0.006355
657,test,packing,0,0,0.000409,0.003366
657,test,price,0,0,0.001972,0.005313
657,test,shipping,0,0,0.001678,0.001574
657,test,smell,0,0,0.000301,0.003339
657,test,stayingpower,0,0,0.000675,0.002767
657,test,texture,0,0,0.00075,0.002025
658,test,colour,0,0,0.002739,0.001049
658,test,packing,0,0,0.001597,0.011636
658,test,price,0,0,0.000761,0.002527
658,test,shipping,0,0,0.004851,0.001615
658,test,smell,0,0,0.000261,0.001299
658,test,stayingpower,0,0,0.00071,0.001491
658,test,texture,0,0,0.003109,0.0032
659,test,colour,0,0,0.006523,0.058017
659,test,packing,0,0,0.022039,0.124449
659,test,price,0,0,0.004137,0.013112
659,test,shipping,0,0,0.015947,0.004462
659,test,smell,1,1,0.001263,0.998292
659,test,stayingpower,1,1,0.015903,0.979809
659,test,texture,1,1,0.010697,0.953973
660,test,colour,1,1,0.003869,0.994365
660,test,packing,0,0,0.003994,0.014082
660,test,price,0,0,0.01526,0.016434
660,test,shipping,0,0,0.037444,0.018963
660,test,smell,0,0,0.002529,0.008273
660,test,stayingpower,2,2,0.99794,0.00169
660,test,texture,0,0,0.008544,0.004857
661,test,colour,0,0,0.071067,0.012786
661,test,packing,0,0,0.011393,0.019331
661,test,price,0,0,0.013092,0.024766
661,test,shipping,0,0,0.00742,0.007294
661,test,smell,3,2,0.937687,0.062137
661,test,stayingpower,0,0,0.005413,0.017502
661,test,texture,0,0,0.020384,0.025664
662,test,colour,0,0,0.009162,0.149355
662,test,packing,0,0,0.023752,0.068078
662,test,price,0,0,0.020047,0.105466
662,test,shipping,0,0,0.022453,0.00756
662,test,smell,1,1,0.002983,0.996213
662,test,stayingpower,0,0,0.375007,0.099723
662,test,texture,3,2,0.973482,0.026024
663,test,colour,0,0,0.009099,0.069978
663,test,packing,0,0,0.005012,0.047735
663,test,price,0,0,0.010474,0.014447
663,test,shipping,0,0,0.018156,0.023621
663,test,smell,0,0,0.00347,0.019495
663,test,stayingpower,2,2,0.993228,0.006005
663,test,texture,1,1,0.00518,0.988296
664,test,colour,0,0,0.00145,0.008563
664,test,packing,0,0,0.000387,0.004838
664,test,price,0,0,0.001163,0.005447
664,test,shipping,0,0,0.00166,0.002547
664,test,smell,0,0,0.000199,0.002901
664,test,stayingpower,0,0,0.000507,0.002866
664,test,texture,0,0,0.000715,0.002731
665,test,colour,0,0,0.005958,0.009426
665,test,packing,0,0,0.008964,0.039461
665,test,price,0,0,0.004373,0.004521
665,test,shipping,2,2,0.999491,0.000434
665,test,smell,0,0,0.000943,0.001864
665,test,stayingpower,0,0,0.00148,0.009844
665,test,texture,0,0,0.001514,0.003201
666,test,colour,1,1,0.000772,0.998069
666,test,packing,0,0,0.000339,0.005024
666,test,price,0,0,0.002933,0.012062
666,test,shipping,0,0,0.004124,0.01025
666,test,smell,0,0,0.001469,0.025237
666,test,stayingpower,0,0,0.00854,0.05769
666,test,texture,1,1,0.000729,0.998531
667,test,colour,3,2,0.927564,0.072126
667,test,packing,0,0,0.001424,0.002585
667,test,price,0,0,0.003439,0.010264
667,test,shipping,0,0,0.001049,0.001534
667,test,smell,0,0,0.001781,0.000895
667,test,stayingpower,0,0,0.007398,0.023546
667,test,texture,0,0,0.039558,0.017956
668,test,colour,1,1,0.000431,0.999135
668,test,packing,0,0,0.000528,0.00268
668,test,price,1,1,0.000821,0.998181
668,test,shipping,0,0,0.002763,0.003478
668,test,smell,0,0,0.001222,0.007285
668,test,stayingpower,0,0,0.005789,0.035865
668,test,texture,0,0,0.005689,0.010125
669,test,colour,1,1,0.003316,0.994119
669,test,packing,0,0,0.016003,0.049737
669,test,price,0,0,0.028751,0.057709
669,test,shipping,2,2,0.999012,0.000715
669,test,smell,1,1,0.006742,0.992688
669,test,stayingpower,0,0,0.019648,0.069466
669,test,texture,0,0,0.014188,0.050967
670,test,colour,0,0,0.003029,0.000984
670,test,packing,0,0,0.001301,0.003397
670,test,price,0,0,0.00109,0.001749
670,test,shipping,0,0,0.004587,0.001058
670,test,smell,0,0,0.000632,0.00242
670,test,stayingpower,0,0,0.001507,0.003626
670,test,texture,0,0,0.001655,0.001506
671,test,colour,1,1,0.000716,0.99846
671,test,packing,0,0,0.000271,0.005561
671,test,price,0,0,0.000683,0.00322
671,test,shipping,0,0,0.001258,0.004407
671,test,smell,0,0,0.00022,0.001268
671,test,stayingpower,0,0,0.001691,0.008989
671,test,texture,0,0,0.001022,0.002802
672,test,colour,0,0,0.001522,0.008498
672,test,packing,0,0,0.001813,0.028899
672,test,price,0,0,0.002607,0.035837
672,test,shipping,0,0,0.003995,0.007619
672,test,smell,1,1,0.000392,0.999409
672,test,stayingpower,0,0,0.0014,0.005945
672,test,texture,0,0,0.001786,0.022396
673,test,colour,0,0,0.000803,0.001777
673,test,packing,0,0,0.000619,0.006408
673,test,price,0,0,0.001754,0.007775
673,test,shipping,0,0,0.00232,0.003555
673,test,smell,0,0,0.000294,0.002456
673,test,stayingpower,0,0,0.000933,0.003016
673,test,texture,0,0,0.000515,0.00125
674,test,colour,1,1,0.010352,0.975621
674,test,packing,0,0,0.071885,0.055155
674,test,price,1,1,0.02583,0.960025
674,test,shipping,2,2,0.995606,0.002876
674,test,smell,2,2,0.996918,0.002244
674,test,stayingpower,0,0,0.074733,0.271957
674,test,texture,0,0,0.377917,0.044242
675,test,colour,0,0,0.004493,0.008286
675,test,packing,1,1,0.0043,0.98964
675,test,price,0,0,0.004283,0.017958
675,test,shipping,3,2,0.998919,0.000743
675,test,smell,0,0,0.003989,0.007568
675,test,stayingpower,0,0,0.001884,0.016733
675,test,texture,0,0,0.001779,0.004544
676,test,colour,0,0,0.028611,0.003757
676,test,packing,0,0,0.004573,0.007486
676,test,price,1,1,0.001973,0.997006
676,test,shipping,1,1,0.011776,0.984606
676,test,smell,0,0,0.001151,0.003458
676,test,stayingpower,0,0,0.004146,0.00281
676,test,texture,0,0,0.028159,0.003278
677,test,colour,0,0,0.001487,0.003428
677,test,packing,0,0,0.000323,0.002695
677,test,price,0,0,0.001412,0.005411
677,test,shipping,0,0,0.001957,0.001356
677,test,smell,0,0,0.000288,0.002723
677,test,stayingpower,0,0,0.000597,0.002645
677,test,texture,0,0,0.000615,0.001709
678,test,colour,0,0,0.00142,0.006561
678,test,packing,0,0,0.000496,0.006007
678,test,price,0,0,0.00118,0.009858
678,test,shipping,0,0,0.001524,0.001976
678,test,smell,0,0,0.000245,0.002555
678,test,stayingpower,0,0,0.000783,0.002324
678,test,texture,0,0,0.000605,0.001403
679,test,colour,0,0,0.003011,0.01039
679,test,packing,1,1,0.000505,0.995901
679,test,price,0,0,0.002704,0.038278
679,test,shipping,0,0,0.022066,0.044233
679,test,smell,0,0,0.001398,0.032516
679,test,stayingpower,0,0,0.001211,0.025063
679,test,texture,1,1,0.004432,0.988308
680,test,colour,1,1,0.000398,0.998836
680,test,packing,0,0,0.000727,0.003666
680,test,price,0,0,0.001705,0.00879
680,test,shipping,0,0,0.002022,0.003738
680,test,smell,1,1,0.000719,0.998974
680,test,stayingpower,0,0,0.00503,0.009424
680,test,texture,0,0,0.004684,0.036228
681,test,colour,0,0,0.003766,0.00124
681,test,packing,0,0,0.001804,0.00431
681,test,price,0,0,0.002375,0.003949
681,test,shipping,0,0,0.002766,0.001136
681,test,smell,0,0,0.000827,0.003821
681,test,stayingpower,0,0,0.001354,0.001808
681,test,texture,0,0,0.001567,0.000981
682,test,colour,1,1,0.000917,0.998758
682,test,packing,0,0,0.000251,0.003486
682,test,price,0,0,0.000914,0.005053
682,test,shipping,1,1,0.000621,0.997762
682,test,smell,0,0,0.001704,0.005284
682,test,stayingpower,0,0,0.007902,0.016797
682,test,texture,0,0,0.00128,0.004733
683,test,colour,0,0,0.001866,0.00075
683,test,packing,1,1,0.001422,0.997552
683,test,price,0,0,0.001768,0.011315
683,test,shipping,0,0,0.024633,0.036162
683,test,smell,0,0,0.002046,0.004266
683,test,stayingpower,0,0,0.002483,0.014364
683,test,texture,0,0,0.009834,0.010659
684,test,colour,1,1,0.000484,0.999135
684,test,packing,0,0,0.002682,0.022054
684,test,price,0,0,0.009197,0.035987
684,test,shipping,0,0,0.014092,0.015763
684,test,smell,0,0,0.015097,0.067519
684,test,stayingpower,0,0,0.070171,0.066626
684,test,texture,2,2,0.848554,0.151158
685,test,colour,1,1,0.000998,0.998465
685,test,packing,0,0,0.005303,0.02015
685,test,price,0,0,0.006509,0.023569
685,test,shipping,2,2,0.999718,0.000178
685,test,smell,0,0,0.004805,0.01385
685,test,stayingpower,0,0,0.006877,0.026761
685,test,texture,0,0,0.004583,0.004576
686,test,colour,1,1,0.001597,0.99719
686,test,packing,1,1,0.000494,0.997401
686,test,price,0,0,0.000773,0.006456
686,test,shipping,0,0,0.013138,0.04292
686,test,smell,0,0,0.002429,0.006066
686,test,stayingpower,0,0,0.002424,0.01448
686,test,texture,0,0,0.003077,0.002024
687,test,colour,0,0,0.052077,0.114911
687,test,packing,0,0,0.02125,0.026369
687,test,price,1,1,0.02371,0.97441
687,test,shipping,2,2,0.997225,0.001544
687,test,smell,0,0,0.016043,0.038855
687,test,stayingpower,3,2,0.993519,0.004812
687,test,texture,0,0,0.076883,0.014276
688,test,colour,0,0,0.006148,0.006618
688,test,packing,1,1,0.004922,0.990648
688,test,price,0,0,0.006498,0.024569
688,test,shipping,2,2,0.99929,0.000586
688,test,smell,0,0,0.007863,0.010869
688,test,stayingpower,0,0,0.002306,0.020589
688,test,texture,0,0,0.002489,0.008751
689,test,colour,1,1,0.002917,0.994574
689,test,packing,0,0,0.002079,0.006062
689,test,price,1,1,0.001472,0.9971
689,test,shipping,0,0,0.003693,0.005309
689,test,smell,1,1,0.00409,0.995084
689,test,stayingpower,0,0,0.004382,0.01953
689,test,texture,0,0,0.008698,0.051061
690,test,colour,0,0,0.001727,0.001713
690,test,packing,0,0,0.000766,0.00624
690,test,price,0,0,0.001874,0.007199
690,test,shipping,0,0,0.002022,0.001906
690,test,smell,0,0,0.000691,0.005895
690,test,stayingpower,0,0,0.001522,0.002768
690,test,texture,0,0,0.001119,0.001713
691,test,colour,1,1,0.000634,0.999245
691,test,packing,0,0,0.000251,0.00167
691,test,price,0,0,0.001039,0.004221
691,test,shipping,0,0,0.002009,0.004275
691,test,smell,0,0,0.000979,0.003022
691,test,stayingpower,0,0,0.006569,0.014242
691,test,texture,0,0,0.002601,0.004933
692,test,colour,0,0,0.001029,0.001113
692,test,packing,0,0,0.001455,0.017626
692,test,price,0,0,0.000951,0.005796
692,test,shipping,0,0,0.041729,0.037356
692,test,smell,0,0,0.000311,0.002559
692,test,stayingpower,0,0,0.000697,0.002564
692,test,texture,0,0,0.000322,0.001163
693,test,colour,0,0,0.443912,0.027811
693,test,packing,0,0,0.036431,0.015567
693,test,price,2,1,0.040066,0.931965
693,test,shipping,0,0,0.098596,0.011943
693,test,smell,2,2,0.974139,0.024478
693,test,stayingpower,2,2,0.865527,0.129882
693,test,texture,0,2,0.574479,0.010174
694,test,colour,0,0,0.003439,0.005478
694,test,packing,0,0,0.000533,0.002395
694,test,price,0,0,0.001365,0.006068
694,test,shipping,0,0,0.001657,0.001348
694,test,smell,0,0,0.000366,0.003112
694,test,stayingpower,0,0,0.00086,0.001963
694,test,texture,0,0,0.000671,0.000809
695,test,colour,0,0,0.002845,0.00713
695,test,packing,0,0,0.001122,0.005862
695,test,price,0,0,0.001859,0.007105
695,test,shipping,0,0,0.01008,0.001549
695,test,smell,0,0,0.000999,0.017115
695,test,stayingpower,0,1,0.008237,0.932772
695,test,texture,1,1,0.008535,0.984222
696,test,colour,0,0,0.003954,0.007238
696,test,packing,1,1,0.00131,0.995191
696,test,price,0,0,0.00156,0.016265
696,test,shipping,1,1,0.002171,0.996842
696,test,smell,0,0,0.00278,0.010494
696,test,stayingpower,0,0,0.002177,0.011865
696,test,texture,0,0,0.000976,0.004516
697,test,colour,1,2,0.99617,0.001753
697,test,packing,0,0,0.214552,0.056254
697,test,price,0,0,0.05167,0.043262
697,test,shipping,3,2,0.882724,0.114896
697,test,smell,0,0,0.105469,0.006395
697,test,stayingpower,0,0,0.045087,0.015634
697,test,texture,2,2,0.967658,0.016351
698,test,colour,1,1,0.001324,0.995913
698,test,packing,0,0,0.003788,0.015981
698,test,price,1,1,0.004784,0.989961
698,test,shipping,2,2,0.999693,0.000185
698,test,smell,0,0,0.00271,0.018685
698,test,stayingpower,0,0,0.004326,0.013417
698,test,texture,0,0,0.006246,0.005152
699,test,colour,1,1,0.009968,0.974128
699,test,packing,0,1,0.060872,0.920715
699,test,price,1,1,0.00455,0.990528
699,test,shipping,2,2,0.996156,0.002783
699,test,smell,0,0,0.174873,0.074139
699,test,stayingpower,0,0,0.056817,0.08007
699,test,texture,2,2,0.997191,0.001782
700,test,colour,0,0,0.000951,0.002414
700,test,packing,0,0,0.000687,0.010917
700,test,price,0,0,0.001117,0.006549
700,test,shipping,0,0,0.002107,0.002962
700,test,smell,0,0,0.000263,0.002002
700,test,stayingpower,0,0,0.000543,0.002372
700,test,texture,0,0,0.00059,0.001708
701,test,colour,2,2,0.995803,0.002863
701,test,packing,0,0,0.014024,0.038545
701,test,price,0,0,0.018111,0.03584
701,test,shipping,0,0,0.007287,0.003494
701,test,smell,1,1,0.016553,0.971324
701,test,stayingpower,0,0,0.013119,0.01271
701,test,texture,1,1,0.001434,0.996398
702,test,colour,0,0,0.00291,0.006546
702,test,packing,0,0,0.000676,0.008562
702,test,price,0,0,0.00171,0.013389
702,test,shipping,1,1,0.000961,0.998757
702,test,smell,0,0,0.00101,0.006546
702,test,stayingpower,0,0,0.002525,0.007801
702,test,texture,0,0,0.000376,0.003682
703,test,colour,1,1,0.017734,0.980855
703,test,packing,0,0,8.8e-05,0.000346
703,test,price,0,0,0.001022,0.00269
703,test,shipping,0,0,0.00142,0.000987
703,test,smell,0,0,0.000522,0.001998
703,test,stayingpower,0,0,0.00509,0.015452
703,test,texture,0,0,0.004288,0.004206
704,test,colour,1,1,0.000573,0.998484
704,test,packing,0,0,0.000734,0.001629
704,test,price,1,1,0.000834,0.998632
704,test,shipping,0,0,0.004901,0.008088
704,test,smell,3,1,0.165477,0.818734
704,test,stayingpower,0,0,0.007895,0.046822
704,test,texture,0,0,0.048813,0.067354
705,test,colour,0,0,0.001348,0.003605
705,test,packing,0,0,0.000461,0.003606
705,test,price,0,0,0.001493,0.005733
705,test,shipping,0,0,0.001312,0.001737
705,test,smell,0,0,0.000175,0.002231
705,test,stayingpower,0,0,0.000851,0.004309
705,test,texture,0,0,0.000935,0.003823
706,test,colour,3,2,0.556246,0.356014
706,test,packing,0,0,0.004139,0.010919
706,test,price,0,0,0.009968,0.007835
706,test,shipping,0,0,0.002003,0.004779
706,test,smell,0,0,0.003142,0.005454
706,test,stayingpower,2,2,0.997275,0.001561
706,test,texture,2,2,0.962119,0.017389
707,test,colour,1,1,0.000911,0.998231
707,test,packing,0,0,0.000317,0.001907
707,test,price,1,1,0.002082,0.989727
707,test,shipping,0,0,0.002971,0.005987
707,test,smell,0,0,0.000482,0.003093
707,test,stayingpower,0,0,0.006203,0.01484
707,test,texture,0,0,0.00198,0.002473
708,test,colour,1,1,0.000937,0.998131
708,test,packing,0,0,0.003911,0.011387
708,test,price,0,0,0.002521,0.008285
708,test,shipping,0,0,0.008657,0.003636
708,test,smell,1,1,0.004756,0.990128
708,test,stayingpower,1,1,0.010094,0.986616
708,test,texture,1,1,0.002237,0.991294
709,test,colour,0,0,0.011143,0.03576
709,test,packing,0,0,0.005469,0.010547
709,test,price,0,0,0.015413,0.064401
709,test,shipping,0,0,0.004327,0.0086
709,test,smell,2,2,0.998645,0.000886
709,test,stayingpower,0,0,0.007243,0.019795
709,test,texture,0,0,0.025453,0.021114
710,test,colour,1,1,0.001489,0.992157
710,test,packing,0,0,0.000279,0.00731
710,test,price,0,0,0.000342,0.001845
710,test,shipping,1,1,0.011149,0.952779
710,test,smell,0,0,0.000331,0.000753
710,test,stayingpower,0,0,0.00164,0.006117
710,test,texture,0,0,0.000322,0.000828
711,test,colour,0,0,0.053596,0.192593
711,test,packing,1,1,0.010224,0.984518
711,test,price,0,0,0.00859,0.061848
711,test,shipping,1,1,0.030855,0.965891
711,test,smell,0,0,0.076563,0.073354
711,test,stayingpower,1,1,0.073754,0.90281
711,test,texture,3,2,0.815108,0.184459
712,test,colour,1,1,0.00032,0.999367
712,test,packing,0,0,0.000156,0.002708
712,test,price,0,0,0.001078,0.005859
712,test,shipping,0,0,0.001976,0.007333
712,test,smell,0,0,0.000359,0.002116
712,test,stayingpower,0,0,0.001647,0.006961
712,test,texture,0,0,0.001693,0.004458
713,test,colour,0,0,0.002375,0.002345
713,test,packing,0,0,0.001186,0.003134
713,test,price,0,0,0.001714,0.003427
713,test,shipping,0,0,0.0038,0.001565
713,test,smell,0,0,0.000619,0.003296
713,test,stayingpower,0,0,0.001275,0.001567
713,test,texture,0,0,0.000973,0.000767
714,test,colour,0,0,0.005845,0.00532
714,test,packing,0,0,0.000733,0.002144
714,test,price,0,0,0.000841,0.002117
714,test,shipping,0,0,0.004974,0.001748
714,test,smell,0,0,0.000494,0.00238
714,test,stayingpower,0,0,0.001825,0.002186
714,test,texture,0,0,0.000663,0.000811
715,test,colour,0,0,0.005958,0.001461
715,test,packing,0,0,0.002084,0.006004
715,test,price,0,0,0.001549,0.003845
715,test,shipping,1,1,0.006142,0.992091
715,test,smell,0,0,0.001077,0.004063
715,test,stayingpower,0,0,0.003371,0.003495
715,test,texture,0,0,0.001095,0.002003
716,test,colour,1,1,0.001053,0.997624
716,test,packing,1,1,0.000806,0.99763
716,test,price,0,0,0.00181,0.025784
716,test,shipping,1,1,0.005802,0.98996
716,test,smell,1,1,0.005908,0.992743
716,test,stayingpower,0,0,0.010388,0.020709
716,test,texture,0,0,0.003082,0.015063
717,test,colour,0,0,0.002483,0.01121
717,test,packing,0,0,0.000527,0.009
717,test,price,0,0,0.001587,0.013642
717,test,shipping,1,1,0.001033,0.998564
717,test,smell,0,0,0.000636,0.004732
717,test,stayingpower,0,0,0.001792,0.007042
717,test,texture,0,0,0.000334,0.003382
718,test,colour,0,0,0.017772,0.007256
718,test,packing,0,0,0.000862,0.002869
718,test,price,0,0,0.00114,0.007704
718,test,shipping,0,0,0.003595,0.000921
718,test,smell,0,0,0.000485,0.001695
718,test,stayingpower,0,0,0.000717,0.000851
718,test,texture,0,0,0.010786,0.00358
719,test,colour,0,0,0.002001,0.012756
719,test,packing,0,0,0.002806,0.036558
719,test,price,1,1,0.000695,0.999027
719,test,shipping,1,1,0.00529,0.994338
719,test,smell,0,0,0.001087,0.009466
719,test,stayingpower,0,0,0.004568,0.017326
719,test,texture,0,0,0.000998,0.00414
720,test,colour,0,0,0.00461,0.013365
720,test,packing,1,1,0.001911,0.996635
720,test,price,3,1,0.008779,0.87591
720,test,shipping,2,2,0.999534,0.00031
720,test,smell,0,0,0.005112,0.009438
720,test,stayingpower,0,0,0.002204,0.012933
720,test,texture,0,0,0.003647,0.009409
721,test,colour,0,0,0.001552,0.00603
721,test,packing,0,0,0.001977,0.020232
721,test,price,0,0,0.002854,0.026786
721,test,shipping,0,0,0.004992,0.004096
721,test,smell,1,1,0.000805,0.998449
721,test,stayingpower,0,0,0.00141,0.004166
721,test,texture,0,0,0.00102,0.006488
722,test,colour,0,0,0.004669,0.004489
722,test,packing,0,0,0.000514,0.005347
722,test,price,0,0,0.001225,0.003299
722,test,shipping,0,0,0.005154,0.001796
722,test,smell,0,0,0.000357,0.002627
722,test,stayingpower,0,0,0.003369,0.008099
722,test,texture,0,1,0.028197,0.679097
723,test,colour,0,0,0.004576,0.047609
723,test,packing,0,0,0.000294,0.004611
723,test,price,0,0,0.001329,0.015064
723,test,shipping,1,1,0.000612,0.999004
723,test,smell,0,0,0.000497,0.004344
723,test,stayingpower,0,0,0.002981,0.00863
723,test,texture,0,0,0.000354,0.004172
724,test,colour,0,0,0.003441,0.021477
724,test,packing,0,0,0.001005,0.038062
724,test,price,0,0,0.001273,0.010748
724,test,shipping,1,1,0.000753,0.999099
724,test,smell,0,0,0.000862,0.004133
724,test,stayingpower,0,0,0.001739,0.007509
724,test,texture,0,0,0.000346,0.004153
725,test,colour,3,2,0.84683,0.149232
725,test,packing,1,1,0.011454,0.985366
725,test,price,0,0,0.003177,0.013169
725,test,shipping,1,1,0.001067,0.99763
725,test,smell,0,0,0.013192,0.008958
725,test,stayingpower,0,0,0.084605,0.048195
725,test,texture,2,2,0.851288,0.022715
726,test,colour,1,1,0.00064,0.999121
726,test,packing,0,0,0.000229,0.002496
726,test,price,0,0,0.000865,0.003183
726,test,shipping,0,0,0.002995,0.005555
726,test,smell,0,0,0.000672,0.002989
726,test,stayingpower,0,0,0.002752,0.012022
726,test,texture,0,0,0.00105,0.001787
727,test,colour,1,1,0.012018,0.98514
727,test,packing,0,0,0.010025,0.019551
727,test,price,0,0,0.009242,0.038137
727,test,shipping,0,0,0.009892,0.014442
727,test,smell,1,2,0.99345,0.006396
727,test,stayingpower,0,0,0.018839,0.034086
727,test,texture,0,2,0.631951,0.137017
728,test,colour,1,1,0.001294,0.997786
728,test,packing,0,0,0.004942,0.0305
728,test,price,0,0,0.003381,0.006266
728,test,shipping,2,2,0.999068,0.000894
728,test,smell,0,0,0.002083,0.004869
728,test,stayingpower,0,0,0.003209,0.017367
728,test,texture,0,0,0.00302,0.003005
729,test,colour,1,1,0.003689,0.953215
729,test,packing,1,1,0.000964,0.996173
729,test,price,1,1,0.000544,0.997699
729,test,shipping,1,1,0.001865,0.997896
729,test,smell,0,0,0.00163,0.007546
729,test,stayingpower,0,0,0.005125,0.015781
729,test,texture,0,0,0.004292,0.003717
730,test,colour,0,0,0.001956,0.001556
730,test,packing,0,0,0.001204,0.008476
730,test,price,0,0,0.001379,0.004959
730,test,shipping,0,0,0.003496,0.002494
730,test,smell,0,0,0.00041,0.00318
730,test,stayingpower,0,0,0.00114,0.003806
730,test,texture,0,0,0.000965,0.001493
731,test,colour,1,1,0.001699,0.997328
731,test,packing,1,1,0.001065,0.997111
731,test,price,0,0,0.001351,0.008982
731,test,shipping,1,1,0.001314,0.997751
731,test,smell,1,1,0.015237,0.979531
731,test,stayingpower,0,0,0.013972,0.023402
731,test,texture,0,0,0.005213,0.01471
732,test,colour,1,1,0.000964,0.998284
732,test,packing,0,0,0.005654,0.009356
732,test,price,1,1,0.030536,0.944174
732,test,shipping,0,0,0.014702,0.006554
732,test,smell,0,0,0.01733,0.04942
732,test,stayingpower,2,2,0.998632,0.001151
732,test,texture,0,0,0.069725,0.020654
733,test,colour,1,1,0.002122,0.997506
733,test,packing,2,1,0.055671,0.767796
733,test,price,0,0,0.000637,0.002221
733,test,shipping,1,1,0.004182,0.989971
733,test,smell,0,0,0.005096,0.003925
733,test,stayingpower,0,0,0.005887,0.005986
733,test,texture,0,0,0.056718,0.002517
734,test,colour,0,0,0.014808,0.043111
734,test,packing,0,0,0.014872,0.072748
734,test,price,0,0,0.013854,0.024476
734,test,shipping,0,0,0.014805,0.008361
734,test,smell,0,1,0.01971,0.851317
734,test,stayingpower,2,2,0.998597,0.001214
734,test,texture,0,0,0.014716,0.066379
735,test,colour,0,0,0.000462,0.000596
735,test,packing,0,0,0.000466,0.009152
735,test,price,0,0,0.001553,0.007382
735,test,shipping,0,0,0.002775,0.00343
735,test,smell,0,0,0.000327,0.00525
735,test,stayingpower,0,0,0.000843,0.006488
735,test,texture,0,0,0.001507,0.025127
736,test,colour,0,0,0.002581,0.000875
736,test,packing,0,0,0.000969,0.004902
736,test,price,0,0,0.001197,0.003991
736,test,shipping,0,0,0.00608,0.001348
736,test,smell,0,0,0.000632,0.003059
736,test,stayingpower,0,0,0.002359,0.006431
736,test,texture,0,0,0.001606,0.00209
737,test,colour,1,1,0.012525,0.986153
737,test,packing,0,0,0.00853,0.016729
737,test,price,0,0,0.015451,0.018069
737,test,shipping,0,0,0.012935,0.040574
737,test,smell,2,2,0.999565,0.000306
737,test,stayingpower,0,0,0.019809,0.051943
737,test,texture,0,0,0.151836,0.026742
738,test,colour,0,0,0.002431,0.000846
738,test,packing,0,0,0.001179,0.004937
738,test,price,0,0,0.001594,0.00307
738,test,shipping,0,0,0.00364,0.001713
738,test,smell,0,0,0.000945,0.005236
738,test,stayingpower,0,0,0.001055,0.003937
738,test,texture,0,0,0.001112,0.001426
739,test,colour,1,1,0.04581,0.946567
739,test,packing,0,0,0.022046,0.047144
739,test,price,0,0,0.017276,0.018253
739,test,shipping,0,0,0.103694,0.048028
739,test,smell,2,2,0.99894,0.000737
739,test,stayingpower,3,1,0.104296,0.75512
739,test,texture,1,1,0.041943,0.945886
740,test,colour,0,0,0.002099,0.053973
740,test,packing,0,0,0.000916,0.00964
740,test,price,0,0,0.002622,0.048249
740,test,shipping,0,0,0.003507,0.044061
740,test,smell,1,1,0.000252,0.999441
740,test,stayingpower,0,0,0.008194,0.016695
740,test,texture,1,1,0.014786,0.919055
741,test,colour,0,0,0.001189,0.001163
741,test,packing,0,0,0.000868,0.008398
741,test,price,0,0,0.001303,0.00536
741,test,shipping,0,0,0.002502,0.00253
741,test,smell,0,0,0.000437,0.00352
741,test,stayingpower,0,0,0.001085,0.003588
741,test,texture,0,0,0.00071,0.001488
742,test,colour,0,0,0.005224,0.013483
742,test,packing,0,0,0.000581,0.002841
742,test,price,0,0,0.000724,0.002796
742,test,shipping,0,0,0.002277,0.00147
742,test,smell,0,0,0.00061,0.003519
742,test,stayingpower,0,0,0.00204,0.003282
742,test,texture,0,0,0.000793,0.00102
743,test,colour,1,0,0.014791,0.327093
743,test,packing,0,0,0.013129,0.084294
743,test,price,0,0,0.00396,0.025812
743,test,shipping,1,1,0.010646,0.98838
743,test,smell,0,1,0.004589,0.991764
743,test,stayingpower,1,1,0.014632,0.974321
743,test,texture,0,0,0.002117,0.072983
744,test,colour,0,0,0.001322,0.014574
744,test,packing,0,0,0.003693,0.024013
744,test,price,0,0,0.001759,0.010941
744,test,shipping,0,0,0.002231,0.001561
744,test,smell,1,1,0.002205,0.992507
744,test,stayingpower,0,0,0.001009,0.00804
744,test,texture,3,2,0.762445,0.166011
745,test,colour,0,0,0.001701,0.019189
745,test,packing,0,1,0.004641,0.73276
745,test,price,0,0,0.00094,0.012607
745,test,shipping,0,0,0.002044,0.004423
745,test,smell,1,1,0.000498,0.998357
745,test,stayingpower,0,0,0.000759,0.006026
745,test,texture,0,0,0.001292,0.020555
746,test,colour,0,0,0.002332,0.010112
746,test,packing,0,0,0.000437,0.004187
746,test,price,0,0,0.000973,0.004713
746,test,shipping,0,0,0.00204,0.002192
746,test,smell,0,0,0.000256,0.00225
746,test,stayingpower,0,0,0.000966,0.004691
746,test,texture,0,0,0.000522,0.001445
747,test,colour,1,1,0.000988,0.997835
747,test,packing,0,0,0.000245,0.004404
747,test,price,0,0,0.000911,0.004992
747,test,shipping,1,1,0.000719,0.998236
747,test,smell,0,0,0.001247,0.004319
747,test,stayingpower,0,0,0.011058,0.017891
747,test,texture,0,0,0.001609,0.004275
748,test,colour,0,0,0.00134,0.002432
748,test,packing,0,0,0.00064,0.008292
748,test,price,0,0,0.001132,0.005378
748,test,shipping,0,0,0.001381,0.002837
748,test,smell,0,0,0.000306,0.003001
748,test,stayingpower,0,0,0.000764,0.003085
748,test,texture,0,0,0.000567,0.001326
749,test,colour,0,0,0.068865,0.051081
749,test,packing,0,0,0.015849,0.051487
749,test,price,0,0,0.016659,0.042331
749,test,shipping,0,0,0.00393,0.004676
749,test,smell,0,0,0.017504,0.014156
749,test,stayingpower,0,0,0.009203,0.006189
749,test,texture,2,2,0.997378,0.001277
750,test,colour,0,0,0.001779,0.004592
750,test,packing,0,0,0.0004,0.003164
750,test,price,0,0,0.001337,0.008698
750,test,shipping,0,0,0.002027,0.002275
750,test,smell,0,0,0.000354,0.003468
750,test,stayingpower,0,0,0.000689,0.00209
750,test,texture,0,0,0.000679,0.000952
751,test,colour,0,0,0.004574,0.004777
751,test,packing,0,0,0.001963,0.018411
751,test,price,0,0,0.00069,0.004011
751,test,shipping,0,0,0.00502,0.001273
751,test,smell,1,1,0.001107,0.996677
751,test,stayingpower,0,0,0.001231,0.002736
751,test,texture,0,0,0.001582,0.006597
752,test,colour,0,0,0.006909,0.043935
752,test,packing,0,0,0.000526,0.007277
752,test,price,0,0,0.000896,0.005485
752,test,shipping,1,1,0.000561,0.999223
752,test,smell,0,0,0.000746,0.005351
752,test,stayingpower,0,0,0.003949,0.008035
752,test,texture,0,0,0.000252,0.001862
753,test,colour,0,0,0.000794,0.00122
753,test,packing,0,0,0.000419,0.003257
753,test,price,1,1,0.001627,0.996873
753,test,shipping,0,0,0.00773,0.006774
753,test,smell,0,0,0.000418,0.004915
753,test,stayingpower,0,0,0.000937,0.004952
753,test,texture,0,0,0.004956,0.040662
754,test,colour,0,0,0.004011,0.019141
754,test,packing,0,0,0.001668,0.025715
754,test,price,0,0,0.001191,0.011203
754,test,shipping,1,1,0.00241,0.996833
754,test,smell,1,1,0.001438,0.997791
754,test,stayingpower,0,0,0.004271,0.011843
754,test,texture,0,0,0.000604,0.015965
755,test,colour,0,0,0.018353,0.055509
755,test,packing,0,1,0.019632,0.592815
755,test,price,0,0,0.001357,0.005429
755,test,shipping,1,1,0.009088,0.99002
755,test,smell,1,1,0.002325,0.992583
755,test,stayingpower,3,2,0.774648,0.184482
755,test,texture,0,1,0.002299,0.888813
756,test,colour,1,1,0.001043,0.996616
756,test,packing,1,1,0.001077,0.996635
756,test,price,0,0,0.000825,0.005738
756,test,shipping,1,1,0.006079,0.990967
756,test,smell,1,1,0.015062,0.982525
756,test,stayingpower,0,0,0.006595,0.01867
756,test,texture,0,0,0.003792,0.006652
757,test,colour,0,0,0.002453,0.000814
757,test,packing,0,0,0.00108,0.003757
757,test,price,0,0,0.001456,0.003775
757,test,shipping,0,0,0.002986,0.001241
757,test,smell,0,0,0.000825,0.003602
757,test,stayingpower,0,0,0.001632,0.004343
757,test,texture,0,0,0.001029,0.001023
758,test,colour,1,1,0.286233,0.71067
758,test,packing,3,2,0.789432,0.206618
758,test,price,0,0,0.062956,0.098033
758,test,shipping,0,0,0.329362,0.05678
758,test,smell,0,0,0.259464,0.048673
758,test,stayingpower,0,0,0.142663,0.031502
758,test,texture,0,2,0.802244,0.015227
759,test,colour,1,1,0.065587,0.932185
759,test,packing,0,0,0.010809,0.019396
759,test,price,0,0,0.016054,0.035039
759,test,shipping,0,0,0.004497,0.014251
759,test,smell,2,2,0.998793,0.001146
759,test,stayingpower,0,0,0.019787,0.048047
759,test,texture,0,0,0.231818,0.030833
760,test,colour,1,1,0.001588,0.998078
760,test,packing,0,0,0.000267,0.002574
760,test,price,0,0,0.000948,0.003003
760,test,shipping,0,0,0.001641,0.004119
760,test,smell,0,0,0.001133,0.003059
760,test,stayingpower,0,0,0.004448,0.007063
760,test,texture,0,0,0.001797,0.001863
761,test,colour,1,1,0.001405,0.991658
761,test,packing,0,0,0.001104,0.026291
761,test,price,0,0,0.004209,0.02877
761,test,shipping,1,1,0.001795,0.997919
761,test,smell,0,0,0.007058,0.048578
761,test,stayingpower,0,0,0.022469,0.250124
761,test,texture,1,1,0.003845,0.995319
762,test,colour,1,1,0.197489,0.802425
762,test,packing,0,0,0.003146,0.011813
762,test,price,0,0,0.003652,0.012225
762,test,shipping,0,0,0.002148,0.007468
762,test,smell,0,0,0.002211,0.004218
762,test,stayingpower,0,0,0.025965,0.129963
762,test,texture,1,1,0.018149,0.942881
763,test,colour,0,0,0.017723,0.039749
763,test,packing,0,0,0.014115,0.067016
763,test,price,1,1,0.00368,0.994063
763,test,shipping,2,2,0.998857,0.000899
763,test,smell,1,1,0.003959,0.994528
763,test,stayingpower,0,0,0.009222,0.027271
763,test,texture,0,0,0.004964,0.017184
764,test,colour,0,0,0.018676,0.019044
764,test,packing,0,0,0.015353,0.020687
764,test,price,0,0,0.024217,0.056036
764,test,shipping,0,0,0.012602,0.014243
764,test,smell,2,2,0.999302,0.000597
764,test,stayingpower,0,0,0.014962,0.02892
764,test,texture,0,0,0.149949,0.063655
765,test,colour,1,1,0.012953,0.978122
765,test,packing,0,0,0.050318,0.106636
765,test,price,0,0,0.00842,0.02283
765,test,shipping,2,2,0.997621,0.001778
765,test,smell,1,1,0.004885,0.994309
765,test,stayingpower,3,2,0.973861,0.019957
765,test,texture,1,1,0.295617,0.657146
766,test,colour,0,1,0.002883,0.989259
766,test,packing,0,0,0.009009,0.189139
766,test,price,1,1,0.000661,0.998907
766,test,shipping,0,0,0.010648,0.003515
766,test,smell,0,1,0.051076,0.93038
766,test,stayingpower,1,1,0.006399,0.969423
766,test,texture,1,1,0.015428,0.924733
767,test,colour,0,0,0.010068,0.041273
767,test,packing,0,0,0.004117,0.045665
767,test,price,0,0,0.003301,0.012375
767,test,shipping,1,1,0.004125,0.995697
767,test,smell,0,0,0.004042,0.0315
767,test,stayingpower,1,1,0.024192,0.937412
767,test,texture,1,1,0.002206,0.987027
768,test,colour,1,1,0.003984,0.993198
768,test,packing,0,0,0.004491,0.028379
768,test,price,0,0,0.002247,0.004549
768,test,shipping,3,2,0.998193,0.00176
768,test,smell,0,0,0.00176,0.002969
768,test,stayingpower,0,0,0.00284,0.017507
768,test,texture,0,0,0.003944,0.003311
769,test,colour,0,0,0.001855,0.022547
769,test,packing,0,0,0.000924,0.007889
769,test,price,0,0,0.00957,0.341383
769,test,shipping,0,0,0.002669,0.002396
769,test,smell,1,1,0.000352,0.999542
769,test,stayingpower,0,0,0.001461,0.005578
769,test,texture,0,0,0.002696,0.030441
770,test,colour,0,0,0.006432,0.001343
770,test,packing,0,0,0.001828,0.002262
770,test,price,0,0,0.002389,0.006581
770,test,shipping,0,0,0.005801,0.001264
770,test,smell,0,0,0.000647,0.002117
770,test,stayingpower,0,0,0.001686,0.001665
770,test,texture,0,0,0.001072,0.000446
771,test,colour,0,0,0.003319,0.006448
771,test,packing,0,0,0.001875,0.005398
771,test,price,1,1,0.000633,0.999259
771,test,shipping,0,0,0.015518,0.019811
771,test,smell,3,1,0.078065,0.916489
771,test,stayingpower,0,0,0.006472,0.029233
771,test,texture,0,0,0.048394,0.11976
772,test,colour,3,1,0.01124,0.964549
772,test,packing,0,0,0.00444,0.01249
772,test,price,1,1,0.001132,0.998574
772,test,shipping,0,0,0.022205,0.016442
772,test,smell,1,1,0.003398,0.991299
772,test,stayingpower,1,1,0.344908,0.647521
772,test,texture,1,1,0.006893,0.984239
773,test,colour,1,1,0.000333,0.999542
773,test,packing,0,0,0.001268,0.062712
773,test,price,0,0,0.000882,0.005246
773,test,shipping,0,0,0.002006,0.008172
773,test,smell,0,0,0.001068,0.006475
773,test,stayingpower,0,0,0.001422,0.010486
773,test,texture,0,0,0.001049,0.001358
774,test,colour,0,0,0.001456,0.00165
774,test,packing,0,0,0.000716,0.005103
774,test,price,0,0,0.001619,0.004428
774,test,shipping,0,0,0.002717,0.002408
774,test,smell,0,0,0.000373,0.002688
774,test,stayingpower,0,0,0.000881,0.00197
774,test,texture,0,0,0.000722,0.000825
775,test,colour,1,1,0.005909,0.923723
775,test,packing,0,1,0.002396,0.986185
775,test,price,1,1,0.000294,0.999532
775,test,shipping,0,0,0.030968,0.036516
775,test,smell,0,0,0.00077,0.004697
775,test,stayingpower,0,0,0.006131,0.020091
775,test,texture,0,0,0.005758,0.001473
776,test,colour,1,1,0.003214,0.988718
776,test,packing,1,1,0.001198,0.99559
776,test,price,1,1,0.000664,0.998974
776,test,shipping,0,0,0.054408,0.0665
776,test,smell,0,0,0.003634,0.021795
776,test,stayingpower,0,0,0.015383,0.135877
776,test,texture,1,1,0.034827,0.953635
777,test,colour,1,1,0.001662,0.99808
777,test,packing,0,0,0.006073,0.042977
777,test,price,0,0,0.005345,0.022442
777,test,shipping,0,0,0.013665,0.011065
777,test,smell,0,0,0.015788,0.025661
777,test,stayingpower,0,0,0.009136,0.022582
777,test,texture,2,2,0.997902,0.00141
778,test,colour,0,0,0.003349,0.006517
778,test,packing,0,0,0.00894,0.170593
778,test,price,0,0,0.000612,0.001003
778,test,shipping,1,1,0.002337,0.99708
778,test,smell,0,0,0.001026,0.00208
778,test,stayingpower,0,0,0.002342,0.015732
778,test,texture,0,0,0.000612,0.004668
779,test,colour,0,0,0.001922,0.000911
779,test,packing,0,0,0.001148,0.00514
779,test,price,0,0,0.001462,0.004271
779,test,shipping,0,0,0.002263,0.000919
779,test,smell,0,0,0.001448,0.010618
779,test,stayingpower,0,0,0.001297,0.0022
779,test,texture,0,0,0.001214,0.001264
780,test,colour,1,1,0.002572,0.992349
780,test,packing,0,0,0.001448,0.008745
780,test,price,0,0,0.012523,0.017303
780,test,shipping,0,0,0.036142,0.048141
780,test,smell,0,0,0.002341,0.026732
780,test,stayingpower,1,2,0.961341,0.037707
780,test,texture,1,1,0.00372,0.994579
781,test,colour,1,1,0.001311,0.996533
781,test,packing,0,0,0.000746,0.003516
781,test,price,0,0,0.002259,0.008708
781,test,shipping,0,0,0.001617,0.002137
781,test,smell,1,1,0.002046,0.997428
781,test,stayingpower,0,0,0.003379,0.007851
781,test,texture,0,0,0.001608,0.003809
782,test,colour,0,0,0.012203,0.028714
782,test,packing,1,1,0.001442,0.996231
782,test,price,0,0,0.001796,0.017983
782,test,shipping,1,1,0.008125,0.989306
782,test,smell,1,1,0.005259,0.990651
782,test,stayingpower,0,0,0.014706,0.072514
782,test,texture,1,1,0.002255,0.981511
783,test,colour,0,0,0.006873,0.005195
783,test,packing,0,0,0.000794,0.001508
783,test,price,1,1,0.001326,0.998248
783,test,shipping,0,0,0.006326,0.001754
783,test,smell,0,0,0.001156,0.009018
783,test,stayingpower,0,0,0.00307,0.00665
783,test,texture,0,0,0.030065,0.0472
784,test,colour,0,0,0.002016,0.000692
784,test,packing,0,0,0.001267,0.004079
784,test,price,0,0,0.001189,0.002593
784,test,shipping,0,0,0.003066,0.00108
784,test,smell,0,0,0.000515,0.002833
784,test,stayingpower,0,0,0.001077,0.003057
784,test,texture,0,0,0.001136,0.002002
785,test,colour,1,1,0.005869,0.980643
785,test,packing,0,0,0.016745,0.061461
785,test,price,1,1,0.002769,0.995414
785,test,shipping,3,1,0.294409,0.680722
785,test,smell,0,0,0.024668,0.022368
785,test,stayingpower,0,0,0.026411,0.053701
785,test,texture,2,2,0.997921,0.001673
786,test,colour,0,0,0.002919,0.005539
786,test,packing,0,0,0.000774,0.006487
786,test,price,0,0,0.001629,0.005937
786,test,shipping,0,0,0.001877,0.002091
786,test,smell,0,0,0.000194,0.002269
786,test,stayingpower,0,0,0.000764,0.002429
786,test,texture,0,0,0.000689,0.001684
787,test,colour,0,0,0.001337,0.002422
787,test,packing,0,0,0.00261,0.10304
787,test,price,0,0,0.000834,0.006327
787,test,shipping,0,0,0.002222,0.002925
787,test,smell,0,0,0.000286,0.00325
787,test,stayingpower,0,0,0.000492,0.002545
787,test,texture,0,0,0.000593,0.000948
788,test,colour,0,0,0.00423,0.004951
788,test,packing,0,0,0.004594,0.00757
788,test,price,0,0,0.005928,0.0062
788,test,shipping,2,2,0.995686,0.00078
788,test,smell,0,0,0.001057,0.002038
788,test,stayingpower,0,0,0.000561,0.003743
788,test,texture,0,0,0.005914,0.001677
789,test,colour,0,0,0.004265,0.01683
789,test,packing,1,1,0.002083,0.994972
789,test,price,0,0,0.003067,0.04733
789,test,shipping,0,0,0.015319,0.023879
789,test,smell,1,1,0.002724,0.996565
789,test,stayingpower,0,0,0.007148,0.023755
789,test,texture,0,0,0.006617,0.025952
790,test,colour,1,1,0.002661,0.996032
790,test,packing,1,1,0.000885,0.995764
790,test,price,0,0,0.000948,0.007139
790,test,shipping,1,1,0.001391,0.99794
790,test,smell,0,0,0.010803,0.042468
790,test,stayingpower,0,0,0.019834,0.06492
790,test,texture,1,1,0.008931,0.950419
791,test,colour,0,0,0.004293,0.021681
791,test,packing,0,0,0.000835,0.014991
791,test,price,0,0,0.0008,0.005643
791,test,shipping,1,1,0.000586,0.99928
791,test,smell,0,0,0.002716,0.021683
791,test,stayingpower,0,0,0.006315,0.011605
791,test,texture,0,0,0.000929,0.010716
792,test,colour,2,2,0.999051,0.000208
792,test,packing,0,0,0.036199,0.014456
792,test,price,0,0,0.010636,0.02257
792,test,shipping,0,0,0.019475,0.004378
792,test,smell,0,0,0.004269,0.000838
792,test,stayingpower,0,0,0.006845,0.007167
792,test,texture,0,0,0.015686,0.004317
793,test,colour,0,0,0.003608,0.001805
793,test,packing,0,0,0.000711,0.005498
793,test,price,0,0,0.000802,0.002499
793,test,shipping,0,0,0.010029,0.006216
793,test,smell,0,0,0.000338,0.001139
793,test,stayingpower,0,0,0.001628,0.004105
793,test,texture,0,0,0.0008,0.001057
794,test,colour,1,1,0.000875,0.998679
794,test,packing,0,0,0.000358,0.007982
794,test,price,0,0,0.001191,0.006145
794,test,shipping,1,1,0.000452,0.998768
794,test,smell,0,0,0.001794,0.004786
794,test,stayingpower,0,0,0.006941,0.017343
794,test,texture,0,0,0.001323,0.004099
795,test,colour,1,1,0.003849,0.9948
795,test,packing,0,0,0.000657,0.00323
795,test,price,0,0,0.001816,0.012604
795,test,shipping,0,0,0.000674,0.001637
795,test,smell,1,1,0.000675,0.999157
795,test,stayingpower,0,0,0.006389,0.014241
795,test,texture,0,0,0.007011,0.111309
796,test,colour,0,0,0.002042,0.018402
796,test,packing,0,0,0.00156,0.016857
796,test,price,1,1,0.000809,0.998473
796,test,shipping,1,1,0.005301,0.993713
796,test,smell,0,0,0.00056,0.008515
796,test,stayingpower,0,0,0.002878,0.008159
796,test,texture,0,0,0.000626,0.002672
797,test,colour,1,1,0.001993,0.997571
797,test,packing,0,0,0.000149,0.00143
797,test,price,0,0,0.001563,0.005425
797,test,shipping,0,0,0.000816,0.002614
797,test,smell,0,0,0.000484,0.002198
797,test,stayingpower,0,0,0.003664,0.009965
797,test,texture,0,0,0.002566,0.005966
798,test,colour,0,0,0.001392,0.002191
798,test,packing,0,0,0.000731,0.003973
798,test,price,0,0,0.001536,0.006111
798,test,shipping,0,0,0.001852,0.001803
798,test,smell,0,0,0.000398,0.003111
798,test,stayingpower,0,0,0.001052,0.002836
798,test,texture,0,0,0.001186,0.002182
799,test,colour,0,0,0.010465,0.001507
799,test,packing,1,1,0.002531,0.996385
799,test,price,0,0,0.001733,0.010938
799,test,shipping,0,0,0.057042,0.023306
799,test,smell,0,0,0.001948,0.006271
799,test,stayingpower,0,0,0.002068,0.006662
799,test,texture,3,0,0.085957,0.444645
800,test,colour,2,2,0.998062,0.001192
800,test,packing,0,0,0.079058,0.035129
800,test,price,0,0,0.01612,0.009685
800,test,shipping,0,0,0.093082,0.011546
800,test,smell,0,0,0.005806,0.001926
800,test,stayingpower,1,1,0.023976,0.95499
800,test,texture,0,0,0.023298,0.034459
801,test,colour,3,1,0.102642,0.874123
801,test,packing,0,0,0.003268,0.02486
801,test,price,0,0,0.011533,0.007595
801,test,shipping,0,0,0.008128,0.017191
801,test,smell,0,0,0.004308,0.02164
801,test,stayingpower,3,2,0.988645,0.011
801,test,texture,1,1,0.004456,0.994401
802,test,colour,1,1,0.001219,0.996884
802,test,packing,0,0,0.000887,0.004763
802,test,price,0,0,0.00157,0.007032
802,test,shipping,0,0,0.002741,0.004383
802,test,smell,1,1,0.001222,0.998406
802,test,stayingpower,0,0,0.002197,0.004748
802,test,texture,0,0,0.001548,0.006039
803,test,colour,1,1,0.001212,0.997884
803,test,packing,1,1,0.000388,0.998409
803,test,price,0,0,0.000803,0.007917
803,test,shipping,0,0,0.017646,0.091086
803,test,smell,0,0,0.001897,0.003934
803,test,stayingpower,0,0,0.003461,0.023867
803,test,texture,0,0,0.003925,0.003328
804,test,colour,0,0,0.005531,0.007334
804,test,packing,0,0,0.004145,0.020949
804,test,price,0,0,0.005136,0.01162
804,test,shipping,2,2,0.999727,0.000166
804,test,smell,0,0,0.001519,0.004012
804,test,stayingpower,0,0,0.000966,0.008548
804,test,texture,0,0,0.0015,0.002769
805,test,colour,1,2,0.935424,0.064346
805,test,packing,1,1,0.032465,0.960803
805,test,price,0,0,0.013528,0.048155
805,test,shipping,0,0,0.057815,0.022542
805,test,smell,1,1,0.046973,0.945833
805,test,stayingpower,1,1,0.136776,0.814416
805,test,texture,3,1,0.107818,0.715029
806,test,colour,3,0,0.036558,0.242505
806,test,packing,0,0,0.011462,0.081403
806,test,price,0,0,0.007643,0.013107
806,test,shipping,2,2,0.999533,0.000243
806,test,smell,0,0,0.012531,0.040585
806,test,stayingpower,1,1,0.012567,0.969332
806,test,texture,1,1,0.003869,0.993002
807,test,colour,1,1,0.002912,0.996908
807,test,packing,0,0,0.00389,0.013789
807,test,price,0,0,0.014581,0.014512
807,test,shipping,0,0,0.004922,0.00892
807,test,smell,0,0,0.010894,0.012226
807,test,stayingpower,2,2,0.997658,0.001914
807,test,texture,0,0,0.078714,0.034024
808,test,colour,2,2,0.972651,0.012444
808,test,packing,0,0,0.020634,0.057486
808,test,price,0,0,0.002248,0.00582
808,test,shipping,1,1,0.000639,0.99915
808,test,smell,1,1,0.218592,0.768527
808,test,stayingpower,0,0,0.027717,0.059542
808,test,texture,0,0,0.004193,0.021189
809,test,colour,1,1,0.001283,0.996907
809,test,packing,0,0,0.000767,0.0114
809,test,price,1,1,0.000902,0.994589
809,test,shipping,1,1,0.002046,0.993029
809,test,smell,0,0,0.000718,0.007283
809,test,stayingpower,0,0,0.004672,0.006984
809,test,texture,0,0,0.000782,0.00144
810,test,colour,1,1,0.003419,0.989889
810,test,packing,0,0,0.007564,0.16223
810,test,price,0,0,0.001009,0.005726
810,test,shipping,0,0,0.006903,0.002827
810,test,smell,1,1,0.004295,0.985069
810,test,stayingpower,3,1,0.007675,0.978188
810,test,texture,1,1,0.001698,0.997289
811,test,colour,1,1,0.031727,0.951423
811,test,packing,0,0,0.008068,0.02134
811,test,price,0,0,0.011625,0.01767
811,test,shipping,0,0,0.004871,0.0092
811,test,smell,1,1,0.007672,0.986018
811,test,stayingpower,2,2,0.996984,0.002733
811,test,texture,1,1,0.004816,0.980618
812,test,colour,0,0,0.041033,0.015282
812,test,packing,0,0,0.022612,0.04943
812,test,price,0,0,0.020622,0.074132
812,test,shipping,0,0,0.01711,0.011324
812,test,smell,0,0,0.03014,0.019811
812,test,stayingpower,0,0,0.007797,0.01295
812,test,texture,2,2,0.999099,0.000527
813,test,colour,2,2,0.99928,0.000505
813,test,packing,0,0,0.109754,0.128575
813,test,price,0,0,0.069582,0.053907
813,test,shipping,0,0,0.015551,0.019455
813,test,smell,1,1,0.17066,0.827786
813,test,stayingpower,3,2,0.921044,0.054425
813,test,texture,3,2,0.416104,0.285517
814,test,colour,1,1,0.018201,0.980062
814,test,packing,0,0,0.01482,0.031384
814,test,price,0,0,0.005697,0.004253
814,test,shipping,1,2,0.983682,0.0028
814,test,smell,0,0,0.018858,0.04098
814,test,stayingpower,2,2,0.988227,0.011109
814,test,texture,0,0,0.188239,0.01173
815,test,colour,0,0,0.00557,0.052845
815,test,packing,0,0,0.001296,0.018205
815,test,price,1,1,0.00082,0.998843
815,test,shipping,0,0,0.02465,0.053554
815,test,smell,0,0,0.000696,0.021795
815,test,stayingpower,0,0,0.003128,0.045226
815,test,texture,1,1,0.001166,0.997058
816,test,colour,0,1,0.001816,0.99628
816,test,packing,0,0,0.000886,0.005314
816,test,price,0,0,0.005273,0.014315
816,test,shipping,0,0,0.003282,0.00808
816,test,smell,1,1,0.001572,0.99607
816,test,stayingpower,0,0,0.00268,0.0116
816,test,texture,1,1,0.00108,0.99649
817,test,colour,0,0,0.002328,0.007617
817,test,packing,0,0,0.00686,0.237986
817,test,price,1,1,0.000697,0.998502
817,test,shipping,0,0,0.006606,0.005785
817,test,smell,1,1,0.000663,0.998339
817,test,stayingpower,0,0,0.001996,0.009752
817,test,texture,0,0,0.00219,0.011455
818,test,colour,0,0,0.002007,0.002095
818,test,packing,0,0,0.00071,0.007662
818,test,price,0,0,0.001195,0.004759
818,test,shipping,0,0,0.001813,0.002043
818,test,smell,0,0,0.000404,0.00259
818,test,stayingpower,0,0,0.000742,0.002845
818,test,texture,0,0,0.000621,0.001219
819,test,colour,1,1,0.106052,0.74556
819,test,packing,0,0,0.000932,0.00354
819,test,price,1,1,0.000486,0.999352
819,test,shipping,0,0,0.007091,0.006658
819,test,smell,0,0,0.002766,0.021007
819,test,stayingpower,0,0,0.003667,0.035432
819,test,texture,1,1,0.014478,0.975458
820,test,colour,0,2,0.992176,0.005913
820,test,packing,0,0,0.003295,0.003392
820,test,price,0,0,0.003549,0.008175
820,test,shipping,0,0,0.007492,0.002029
820,test,smell,0,0,0.003055,0.0031
820,test,stayingpower,0,0,0.041328,0.011195
820,test,texture,0,0,0.002061,0.000794
821,test,colour,0,0,0.00397,0.016111
821,test,packing,0,0,0.005945,0.027926
821,test,price,1,1,0.003992,0.995223
821,test,shipping,2,2,0.999725,0.000205
821,test,smell,0,0,0.002363,0.011883
821,test,stayingpower,0,0,0.003,0.017149
821,test,texture,0,0,0.004845,0.012216
822,test,colour,0,0,0.004773,0.001365
822,test,packing,0,0,0.001775,0.003214
822,test,price,0,0,0.001228,0.002401
822,test,shipping,0,0,0.007625,0.001191
822,test,smell,0,0,0.000946,0.004083
822,test,stayingpower,0,0,0.001542,0.00258
822,test,texture,0,0,0.001677,0.001143
823,test,colour,0,0,0.002359,0.001511
823,test,packing,0,0,0.001049,0.007796
823,test,price,0,0,0.001414,0.004116
823,test,shipping,0,0,0.001968,0.001858
823,test,smell,0,0,0.000709,0.003454
823,test,stayingpower,0,0,0.001336,0.00389
823,test,texture,0,0,0.000847,0.00114
824,test,colour,1,1,0.001196,0.996744
824,test,packing,0,0,0.000567,0.019864
824,test,price,0,0,0.000716,0.008637
824,test,shipping,1,1,0.000399,0.999047
824,test,smell,0,0,0.001439,0.007145
824,test,stayingpower,0,0,0.004755,0.01147
824,test,texture,0,0,0.000422,0.001938
825,test,colour,0,0,0.003281,0.013842
825,test,packing,0,0,0.000838,0.018023
825,test,price,0,0,0.000677,0.004396
825,test,shipping,1,1,0.007607,0.981682
825,test,smell,0,0,0.000324,0.001072
825,test,stayingpower,0,0,0.0008,0.002814
825,test,texture,0,0,0.000124,0.00073
826,test,colour,0,0,0.002649,0.007788
826,test,packing,0,0,0.005215,0.142321
826,test,price,0,0,0.001517,0.009421
826,test,shipping,0,0,0.004368,0.003598
826,test,smell,1,1,0.001129,0.997733
826,test,stayingpower,0,0,0.000922,0.002531
826,test,texture,0,0,0.000842,0.002413
827,test,colour,0,0,0.011612,0.045366
827,test,packing,1,1,0.004339,0.992853
827,test,price,0,0,0.001416,0.011413
827,test,shipping,1,1,0.023802,0.969039
827,test,smell,1,1,0.004673,0.993803
827,test,stayingpower,1,1,0.031702,0.904127
827,test,texture,0,0,0.002701,0.033193
828,test,colour,1,1,0.000682,0.998413
828,test,packing,0,0,0.001193,0.020291
828,test,price,0,0,0.005435,0.027901
828,test,shipping,1,1,0.001677,0.997844
828,test,smell,0,0,0.008989,0.062754
828,test,stayingpower,0,0,0.021362,0.128144
828,test,texture,1,1,0.000796,0.998053
829,test,colour,1,1,0.00483,0.993765
829,test,packing,1,0,0.014793,0.244064
829,test,price,0,0,0.001442,0.00396
829,test,shipping,0,0,0.019849,0.011249
829,test,smell,0,0,0.002476,0.003674
829,test,stayingpower,1,1,0.004586,0.993561
829,test,texture,0,0,0.020289,0.02809
830,test,colour,1,1,0.007253,0.992695
830,test,packing,0,0,0.001425,0.013692
830,test,price,0,0,0.003199,0.007828
830,test,shipping,0,0,0.002143,0.003365
830,test,smell,0,0,0.001082,0.00404
830,test,stayingpower,0,2,0.512177,0.109428
830,test,texture,1,1,0.1342,0.860577
831,test,colour,1,1,0.006902,0.988346
831,test,packing,1,1,0.023316,0.970764
831,test,price,1,1,0.006888,0.989786
831,test,shipping,1,1,0.086907,0.883047
831,test,smell,0,0,0.09456,0.193588
831,test,stayingpower,2,2,0.992651,0.007109
831,test,texture,0,2,0.86705,0.038181
832,test,colour,0,0,0.002535,0.002047
832,test,packing,0,0,0.000418,0.001765
832,test,price,0,0,0.001581,0.012514
832,test,shipping,0,0,0.024058,0.025177
832,test,smell,0,0,0.000463,0.002874
832,test,stayingpower,0,0,0.001394,0.004684
832,test,texture,0,0,0.000763,0.001261
833,test,colour,0,0,0.000734,0.001904
833,test,packing,0,0,0.000431,0.004594
833,test,price,1,1,0.003025,0.987548
833,test,shipping,0,0,0.003214,0.002018
833,test,smell,0,0,0.000279,0.003963
833,test,stayingpower,0,0,0.000669,0.005002
833,test,texture,0,0,0.000884,0.002036
834,test,colour,1,1,0.013723,0.98188
834,test,packing,0,0,0.013482,0.07675
834,test,price,0,0,0.010319,0.032365
834,test,shipping,0,0,0.029093,0.047002
834,test,smell,2,2,0.998942,0.000436
834,test,stayingpower,0,0,0.021491,0.132537
834,test,texture,1,1,0.398487,0.566324
835,test,colour,1,1,0.005301,0.99292
835,test,packing,0,0,0.039625,0.057039
835,test,price,0,0,0.010494,0.011787
835,test,shipping,2,2,0.991873,0.003776
835,test,smell,1,1,0.010545,0.988701
835,test,stayingpower,2,2,0.981895,0.014084
835,test,texture,0,0,0.032746,0.05399
836,test,colour,0,0,0.024385,0.194305
836,test,packing,0,0,0.001657,0.00894
836,test,price,0,0,0.001453,0.003481
836,test,shipping,0,0,0.004536,0.001912
836,test,smell,0,0,0.000873,0.005168
836,test,stayingpower,1,1,0.006509,0.990155
836,test,texture,3,1,0.021611,0.958557
837,test,colour,0,0,0.001789,0.001845
837,test,packing,1,1,0.000653,0.998692
837,test,price,0,0,0.002228,0.020901
837,test,shipping,0,0,0.029918,0.053582
837,test,smell,0,0,0.000973,0.002695
837,test,stayingpower,0,0,0.001103,0.013143
837,test,texture,0,0,0.002862,0.005269
838,test,colour,1,1,0.001752,0.99781
838,test,packing,0,0,0.004344,0.022744
838,test,price,0,0,0.004635,0.018278
838,test,shipping,0,0,0.013485,0.010245
838,test,smell,0,0,0.002426,0.005409
838,test,stayingpower,1,1,0.002786,0.996384
838,test,texture,0,0,0.015626,0.092029
839,test,colour,0,0,0.014801,0.062015
839,test,packing,0,0,0.008488,0.057324
839,test,price,0,0,0.008195,0.014835
839,test,shipping,0,0,0.007677,0.010204
839,test,smell,0,0,0.002899,0.015926
839,test,stayingpower,2,2,0.996436,0.002581
839,test,texture,1,1,0.008748,0.980056
840,test,colour,0,0,0.006298,0.015299
840,test,packing,0,0,0.010954,0.012007
840,test,price,1,1,0.009719,0.989018
840,test,shipping,2,2,0.999717,0.000231
840,test,smell,0,0,0.002315,0.010645
840,test,stayingpower,0,0,0.006708,0.012667
840,test,texture,0,0,0.00603,0.011621
841,test,colour,1,1,0.012727,0.971061
841,test,packing,0,0,0.005576,0.008569
841,test,price,1,1,0.009057,0.984388
841,test,shipping,0,0,0.032319,0.011689
841,test,smell,0,0,0.030966,0.027062
841,test,stayingpower,0,0,0.030228,0.035237
841,test,texture,2,2,0.999072,0.000728
842,test,colour,1,1,0.00067,0.998852
842,test,packing,0,0,0.000512,0.013721
842,test,price,0,0,0.000673,0.005223
842,test,shipping,1,1,0.000785,0.998198
842,test,smell,0,0,0.001308,0.006153
842,test,stayingpower,0,0,0.00966,0.021639
842,test,texture,0,0,0.001578,0.005869
843,test,colour,0,0,0.002618,0.00088
843,test,packing,0,0,0.000925,0.003447
843,test,price,0,0,0.001318,0.002867
843,test,shipping,0,0,0.00361,0.001324
843,test,smell,0,0,0.000682,0.002914
843,test,stayingpower,0,0,0.001389,0.003474
843,test,texture,0,0,0.001152,0.001182
844,test,colour,0,0,0.001684,0.005233
844,test,packing,0,0,0.00244,0.019406
844,test,price,0,0,0.003728,0.024032
844,test,shipping,0,0,0.004346,0.003417
844,test,smell,1,1,0.000928,0.998619
844,test,stayingpower,0,0,0.00199,0.005762
844,test,texture,0,0,0.002208,0.013165
845,test,colour,1,1,0.000258,0.999532
845,test,packing,0,0,0.000193,0.002791
845,test,price,0,0,0.001197,0.005704
845,test,shipping,0,0,0.001847,0.004775
845,test,smell,0,0,0.00022,0.001423
845,test,stayingpower,0,0,0.001862,0.010863
845,test,texture,0,0,0.004133,0.028046
846,test,colour,0,0,0.002386,0.008402
846,test,packing,0,0,0.00284,0.020483
846,test,price,0,0,0.004536,0.048358
846,test,shipping,0,0,0.003839,0.003855
846,test,smell,1,1,0.000607,0.999092
846,test,stayingpower,0,0,0.002006,0.005579
846,test,texture,0,0,0.001869,0.012485
847,test,colour,1,1,0.002085,0.997278
847,test,packing,0,0,0.001945,0.012203
847,test,price,0,0,0.002536,0.007045
847,test,shipping,0,0,0.009604,0.006634
847,test,smell,0,0,0.001958,0.00616
847,test,stayingpower,1,1,0.003118,0.996232
847,test,texture,0,0,0.127542,0.39266
848,test,colour,0,0,0.002005,0.000488
848,test,packing,0,0,0.002226,0.005354
848,test,price,0,0,0.001181,0.002042
848,test,shipping,0,0,0.047295,0.003205
848,test,smell,0,0,0.000644,0.002327
848,test,stayingpower,0,0,0.004882,0.031413
848,test,texture,0,0,0.001557,0.002378
849,test,colour,3,2,0.493583,0.465882
849,test,packing,0,0,0.004238,0.017735
849,test,price,0,0,0.016321,0.018983
849,test,shipping,0,0,0.002523,0.011325
849,test,smell,0,0,0.009715,0.009274
849,test,stayingpower,2,2,0.999071,0.000825
849,test,texture,0,0,0.033454,0.040554
850,test,colour,0,0,0.007091,0.013239
850,test,packing,0,1,0.000758,0.998061
850,test,price,0,0,0.00317,0.031977
850,test,shipping,0,0,0.045061,0.061479
850,test,smell,0,0,0.002198,0.019073
850,test,stayingpower,0,0,0.003479,0.026183
850,test,texture,1,1,0.002256,0.991515
851,test,colour,1,1,0.000461,0.999302
851,test,packing,0,0,0.004183,0.024659
851,test,price,0,0,0.008743,0.027226
851,test,shipping,2,2,0.999663,0.000266
851,test,smell,0,0,0.002462,0.006308
851,test,stayingpower,0,0,0.007832,0.053722
851,test,texture,0,0,0.015307,0.022792
852,test,colour,0,0,0.000717,0.002647
852,test,packing,0,0,0.00303,0.07194
852,test,price,1,1,0.0007,0.998164
852,test,shipping,1,1,0.013948,0.983593
852,test,smell,0,0,0.000616,0.005459
852,test,stayingpower,0,0,0.000932,0.004078
852,test,texture,0,0,0.000416,0.001579
853,test,colour,0,0,0.00322,0.001434
853,test,packing,1,1,0.001927,0.996061
853,test,price,0,0,0.002898,0.022753
853,test,shipping,0,0,0.028467,0.029519
853,test,smell,0,0,0.001094,0.00218
853,test,stayingpower,0,0,0.00149,0.006134
853,test,texture,0,0,0.002815,0.002233
854,test,colour,1,1,0.000462,0.998493
854,test,packing,0,0,0.001275,0.00832
854,test,price,0,0,0.001454,0.005068
854,test,shipping,0,0,0.003612,0.004595
854,test,smell,1,1,0.001575,0.997449
854,test,stayingpower,0,0,0.00222,0.007544
854,test,texture,0,0,0.00134,0.004398
855,test,colour,1,1,0.002945,0.993545
855,test,packing,0,0,0.013931,0.027979
855,test,price,0,0,0.005613,0.011677
855,test,shipping,2,2,0.99953,0.000247
855,test,smell,0,0,0.008553,0.01985
855,test,stayingpower,1,1,0.025591,0.931721
855,test,texture,2,2,0.944654,0.042426
856,test,colour,1,1,0.001555,0.996855
856,test,packing,0,0,0.001921,0.017147
856,test,price,0,0,0.003797,0.011429
856,test,shipping,0,0,0.013487,0.008205
856,test,smell,0,0,0.002146,0.012817
856,test,stayingpower,1,1,0.006357,0.992239
856,test,texture,1,1,0.012834,0.984628
857,test,colour,0,0,0.019932,0.013358
857,test,packing,0,0,0.005677,0.009393
857,test,price,0,0,0.006292,0.00678
857,test,shipping,2,2,0.99979,0.000117
857,test,smell,0,0,0.002087,0.003103
857,test,stayingpower,0,0,0.001773,0.008271
857,test,texture,0,0,0.002252,0.001827
858,test,colour,1,1,0.000602,0.997611
858,test,packing,0,0,0.000334,0.006265
858,test,price,0,0,0.002464,0.008266
858,test,shipping,0,0,0.003451,0.012477
858,test,smell,0,0,0.001429,0.022455
858,test,stayingpower,0,0,0.003165,0.024846
858,test,texture,1,1,0.001589,0.995989
859,test,colour,1,1,0.002901,0.994218
859,test,packing,0,0,0.005048,0.019341
859,test,price,0,0,0.007651,0.022877
859,test,shipping,0,0,0.00519,0.002692
859,test,smell,1,1,0.093884,0.823429
859,test,stayingpower,0,0,0.02405,0.043779
859,test,texture,2,2,0.956346,0.043049
860,test,colour,0,0,0.001519,0.005425
860,test,packing,0,0,0.001883,0.020642
860,test,price,1,1,0.000594,0.998681
860,test,shipping,3,1,0.026732,0.963788
860,test,smell,0,0,0.000383,0.004106
860,test,stayingpower,0,0,0.001441,0.004058
860,test,texture,0,0,0.000323,0.000888
861,test,colour,0,0,0.07425,0.071212
861,test,packing,1,1,0.001754,0.99772
861,test,price,0,0,0.003755,0.013029
861,test,shipping,0,0,0.058437,0.087899
861,test,smell,0,0,0.002936,0.011431
861,test,stayingpower,3,1,0.332162,0.650778
861,test,texture,3,1,0.028096,0.929011
862,test,colour,0,0,0.008336,0.018606
862,test,packing,0,0,0.004069,0.02617
862,test,price,0,0,0.002855,0.004394
862,test,shipping,3,2,0.996945,0.002978
862,test,smell,0,0,0.001294,0.001609
862,test,stayingpower,0,0,0.001494,0.01128
862,test,texture,0,0,0.001401,0.00611
863,test,colour,0,0,0.038669,0.239533
863,test,packing,0,0,0.036544,0.099976
863,test,price,0,0,0.02722,0.050769
863,test,shipping,2,2,0.99301,0.002879
863,test,smell,1,1,0.00351,0.996118
863,test,stayingpower,2,2,0.980571,0.009094
863,test,texture,0,0,0.006851,0.028073
864,test,colour,1,1,0.002968,0.995743
864,test,packing,0,0,0.003389,0.021137
864,test,price,0,0,0.003721,0.006524
864,test,shipping,0,0,0.020668,0.012665
864,test,smell,0,0,0.002142,0.006838
864,test,stayingpower,1,1,0.003075,0.996143
864,test,texture,1,1,0.012527,0.969618
865,test,colour,1,1,0.000564,0.999286
865,test,packing,0,0,0.000441,0.005204
865,test,price,0,0,0.000502,0.001508
865,test,shipping,0,0,0.001151,0.001434
865,test,smell,0,0,0.000227,0.001654
865,test,stayingpower,0,0,0.011676,0.037476
865,test,texture,0,0,0.011992,0.0228
866,test,colour,0,0,0.00212,0.02962
866,test,packing,0,0,0.001678,0.017098
866,test,price,0,0,0.002655,0.02028
866,test,shipping,0,0,0.002273,0.003853
866,test,smell,1,1,0.000299,0.9991
866,test,stayingpower,0,0,0.002083,0.014948
866,test,texture,0,1,0.001256,0.989982
867,test,colour,1,1,0.003296,0.985692
867,test,packing,1,1,0.001808,0.99408
867,test,price,1,1,0.001194,0.995407
867,test,shipping,1,1,0.011669,0.987281
867,test,smell,0,0,0.004623,0.01946
867,test,stayingpower,1,1,0.025693,0.943909
867,test,texture,1,1,0.018848,0.970071
868,test,colour,1,1,0.001504,0.998057
868,test,packing,0,0,0.003111,0.016377
868,test,price,0,0,0.005566,0.008339
868,test,shipping,0,0,0.021005,0.039383
868,test,smell,0,0,0.003917,0.011803
868,test,stayingpower,2,2,0.963155,0.036654
868,test,texture,3,1,0.020395,0.960352
869,test,colour,0,0,0.002265,0.000845
869,test,packing,0,0,0.001204,0.00321
869,test,price,0,0,0.002552,0.004625
869,test,shipping,0,0,0.002798,0.001301
869,test,smell,0,0,0.000631,0.002617
869,test,stayingpower,0,0,0.001548,0.002033
869,test,texture,0,0,0.0021,0.001302
870,test,colour,1,1,0.006192,0.991002
870,test,packing,0,0,0.007185,0.011496
870,test,price,1,1,0.030619,0.959301
870,test,shipping,0,0,0.020584,0.010043
870,test,smell,0,0,0.01461,0.040916
870,test,stayingpower,2,2,0.998301,0.001518
870,test,texture,0,0,0.035206,0.019154
871,test,colour,1,1,0.016901,0.97492
871,test,packing,0,0,0.053657,0.080533
871,test,price,0,0,0.013186,0.021117
871,test,shipping,2,2,0.981795,0.014452
871,test,smell,2,2,0.998483,0.001426
871,test,stayingpower,0,0,0.041915,0.252162
871,test,texture,0,0,0.203846,0.04359
872,test,colour,0,0,0.002027,0.009904
872,test,packing,0,0,0.002768,0.024175
872,test,price,1,1,0.001083,0.997999
872,test,shipping,1,1,0.006246,0.993376
872,test,smell,0,0,0.000792,0.009646
872,test,stayingpower,0,0,0.005614,0.012711
872,test,texture,0,0,0.001148,0.007028
873,test,colour,1,1,0.002247,0.996952
873,test,packing,0,0,0.0057,0.036371
873,test,price,0,0,0.00344,0.009002
873,test,shipping,2,2,0.99969,0.00025
873,test,smell,0,0,0.001038,0.00231
873,test,stayingpower,0,0,0.003969,0.025336
873,test,texture,0,0,0.009618,0.008958
874,test,colour,1,1,0.09913,0.891332
874,test,packing,0,0,0.018398,0.063803
874,test,price,1,1,0.004703,0.986762
874,test,shipping,1,1,0.005615,0.993964
874,test,smell,1,1,0.006335,0.992005
874,test,stayingpower,0,0,0.09011,0.060852
874,test,texture,1,1,0.007522,0.950959
875,test,colour,1,1,0.002171,0.997644
875,test,packing,0,0,0.00109,0.009716
875,test,price,0,0,0.004319,0.01095
875,test,shipping,0,0,0.003098,0.009345
875,test,smell,0,0,0.00362,0.022439
875,test,stayingpower,0,0,0.046055,0.101532
875,test,texture,1,1,0.002909,0.996796
876,test,colour,2,2,0.576549,0.421374
876,test,packing,0,0,0.104909,0.225172
876,test,price,0,0,0.017899,0.028416
876,test,shipping,0,0,0.016414,0.01346
876,test,smell,3,1,0.05964,0.939782
876,test,stayingpower,0,0,0.175691,0.035613
876,test,texture,2,2,0.991969,0.007132
877,test,colour,0,0,0.003094,0.001023
877,test,packing,0,0,0.00142,0.0042
877,test,price,0,0,0.0016,0.003333
877,test,shipping,0,0,0.003187,0.001323
877,test,smell,0,0,0.000645,0.002696
877,test,stayingpower,0,0,0.001632,0.004271
877,test,texture,0,0,0.001254,0.001076
878,test,colour,1,1,0.000663,0.997909
878,test,packing,0,0,0.00093,0.010482
878,test,price,0,0,0.001578,0.009152
878,test,shipping,0,0,0.002324,0.005548
878,test,smell,1,1,0.001002,0.998429
878,test,stayingpower,0,0,0.003961,0.019211
878,test,texture,1,1,0.001869,0.992394
879,test,colour,1,1,0.000787,0.998713
879,test,packing,0,0,0.000407,0.004476
879,test,price,0,0,0.002824,0.012866
879,test,shipping,0,0,0.004258,0.011895
879,test,smell,0,0,0.001119,0.013165
879,test,stayingpower,0,0,0.004852,0.025744
879,test,texture,1,1,0.001457,0.996807
880,test,colour,1,1,0.00661,0.986525
880,test,packing,1,1,0.002786,0.996567
880,test,price,0,1,0.005182,0.96065
880,test,shipping,0,0,0.040908,0.023805
880,test,smell,1,1,0.009929,0.98608
880,test,stayingpower,0,0,0.011746,0.010851
880,test,texture,0,0,0.013725,0.005959
881,test,colour,1,1,0.000959,0.998721
881,test,packing,0,0,0.012464,0.378271
881,test,price,0,0,0.003352,0.013329
881,test,shipping,0,0,0.022863,0.017329
881,test,smell,0,0,0.001628,0.02159
881,test,stayingpower,0,0,0.006305,0.046904
881,test,texture,1,1,0.013758,0.979773
882,test,colour,1,1,0.006219,0.990244
882,test,packing,1,1,0.012091,0.970023
882,test,price,1,1,0.004001,0.994306
882,test,shipping,0,0,0.267474,0.029416
882,test,smell,0,0,0.02262,0.023111
882,test,stayingpower,1,1,0.009625,0.988342
882,test,texture,0,0,0.04587,0.038623
883,test,colour,0,0,0.004714,0.04833
883,test,packing,0,0,0.000307,0.003551
883,test,price,0,0,0.001124,0.007176
883,test,shipping,1,1,0.00176,0.997958
883,test,smell,0,0,0.000659,0.006892
883,test,stayingpower,0,0,0.004299,0.00962
883,test,texture,0,0,0.000656,0.004325
884,test,colour,0,0,0.001409,0.003136
884,test,packing,0,0,0.000839,0.00595
884,test,price,0,0,0.001968,0.022574
884,test,shipping,0,0,0.001421,0.001246
884,test,smell,0,0,0.00028,0.00227
884,test,stayingpower,0,0,0.000812,0.001317
884,test,texture,0,0,0.00436,0.00523
885,test,colour,0,0,0.000642,0.001026
885,test,packing,0,0,0.000738,0.010211
885,test,price,1,1,0.001302,0.996796
885,test,shipping,0,0,0.006069,0.007817
885,test,smell,0,0,0.000441,0.009823
885,test,stayingpower,0,0,0.000764,0.011354
885,test,texture,0,1,0.014665,0.799602
886,test,colour,1,1,0.007523,0.931753
886,test,packing,1,1,0.000214,0.999407
886,test,price,0,0,0.000639,0.004975
886,test,shipping,3,1,0.007146,0.986724
886,test,smell,0,0,0.001867,0.003914
886,test,stayingpower,0,0,0.001433,0.008385
886,test,texture,0,0,0.000765,0.001094
887,test,colour,0,0,0.003886,0.007921
887,test,packing,1,1,0.000759,0.997834
887,test,price,0,0,0.000923,0.01047
887,test,shipping,1,1,0.009216,0.988272
887,test,smell,0,0,0.001692,0.005977
887,test,stayingpower,0,0,0.002025,0.009889
887,test,texture,0,0,0.000594,0.001906
888,test,colour,0,0,0.001835,0.002358
888,test,packing,1,1,0.00199,0.995632
888,test,price,1,1,0.001389,0.997187
888,test,shipping,0,0,0.064759,0.029503
888,test,smell,0,0,0.001423,0.00901
888,test,stayingpower,0,0,0.001787,0.006331
888,test,texture,0,0,0.00398,0.002046
889,test,colour,0,0,0.005609,0.031331
889,test,packing,0,0,0.000419,0.004966
889,test,price,0,0,0.002057,0.018357
889,test,shipping,1,1,0.00053,0.999161
889,test,smell,0,0,0.000397,0.003335
889,test,stayingpower,0,0,0.004017,0.006119
889,test,texture,0,0,0.000388,0.003595
890,test,colour,0,0,0.002964,0.01695
890,test,packing,0,0,0.002617,0.034524
890,test,price,1,1,0.001489,0.997618
890,test,shipping,0,0,0.026567,0.037613
890,test,smell,0,0,0.001551,0.046674
890,test,stayingpower,0,0,0.003292,0.041576
890,test,texture,1,1,0.001184,0.997601
891,test,colour,1,0,0.077452,0.086284
891,test,packing,0,0,0.012688,0.0154
891,test,price,1,1,0.008237,0.991207
891,test,shipping,0,0,0.030892,0.016736
891,test,smell,2,2,0.993311,0.006054
891,test,stayingpower,2,2,0.822898,0.115723
891,test,texture,1,1,0.182757,0.777816
892,test,colour,1,0,0.003114,0.020139
892,test,packing,0,0,0.000662,0.002343
892,test,price,1,1,0.00129,0.998049
892,test,shipping,0,0,0.003596,0.003433
892,test,smell,0,0,0.000706,0.013835
892,test,stayingpower,0,0,0.002212,0.007779
892,test,texture,0,0,0.002849,0.002446
893,test,colour,1,1,0.000264,0.999443
893,test,packing,0,0,0.001578,0.022097
893,test,price,0,0,0.00434,0.016891
893,test,shipping,0,0,0.006953,0.01504
893,test,smell,0,0,0.004242,0.032298
893,test,stayingpower,0,0,0.015068,0.06594
893,test,texture,1,1,0.022331,0.977238
894,test,colour,1,1,0.002733,0.996888
894,test,packing,0,0,0.002133,0.007568
894,test,price,0,0,0.004989,0.009703
894,test,shipping,0,0,0.016891,0.010394
894,test,smell,0,0,0.00178,0.003545
894,test,stayingpower,1,1,0.00373,0.994459
894,test,texture,0,0,0.010748,0.029663
895,test,colour,1,1,0.000755,0.999031
895,test,packing,0,0,0.000271,0.001956
895,test,price,0,0,0.001766,0.006044
895,test,shipping,0,0,0.002895,0.005154
895,test,smell,0,0,0.000471,0.001216
895,test,stayingpower,0,0,0.003361,0.009215
895,test,texture,0,0,0.002628,0.00637
896,test,colour,1,1,0.006122,0.993377
896,test,packing,0,0,0.004466,0.030689
896,test,price,0,0,0.002561,0.019694
896,test,shipping,0,0,0.000887,0.0025
896,test,smell,0,2,0.708301,0.050421
896,test,stayingpower,0,0,0.002417,0.010845
896,test,texture,0,2,0.833332,0.021283
897,test,colour,0,1,0.002995,0.991254
897,test,packing,0,0,0.000218,0.005824
897,test,price,0,0,0.000469,0.001857
897,test,shipping,1,1,0.000368,0.999202
897,test,smell,0,0,0.00085,0.003969
897,test,stayingpower,0,0,0.011565,0.035267
897,test,texture,0,0,0.001273,0.010862
898,test,colour,3,1,0.095352,0.821269
898,test,packing,0,0,0.000287,0.003814
898,test,price,0,0,0.000296,0.001262
898,test,shipping,1,1,0.000426,0.998139
898,test,smell,0,0,0.00078,0.00348
898,test,stayingpower,0,0,0.002966,0.006507
898,test,texture,0,0,0.000577,0.0042
899,test,colour,0,0,0.029786,0.078159
899,test,packing,0,1,0.008479,0.984567
899,test,price,0,0,0.00875,0.020043
899,test,shipping,0,0,0.033174,0.032189
899,test,smell,1,1,0.005162,0.985829
899,test,stayingpower,2,2,0.995209,0.003217
899,test,texture,1,1,0.014311,0.889192
900,test,colour,0,0,0.00972,0.328633
900,test,packing,0,0,0.001874,0.018368
900,test,price,0,0,0.001793,0.00486
900,test,shipping,0,0,0.014927,0.006887
900,test,smell,0,0,0.00084,0.012145
900,test,stayingpower,1,1,0.003322,0.994589
900,test,texture,1,1,0.008727,0.987176
901,test,colour,0,0,0.001675,0.001052
901,test,packing,0,0,0.003007,0.004006
901,test,price,0,0,0.01031,0.066965
901,test,shipping,0,0,0.030025,0.002826
901,test,smell,0,0,0.001991,0.005851
901,test,stayingpower,0,0,0.000701,0.002274
901,test,texture,0,0,0.085088,0.002085
902,test,colour,1,1,0.000332,0.998863
902,test,packing,0,0,0.001252,0.017314
902,test,price,1,1,0.000927,0.996608
902,test,shipping,1,1,0.002248,0.995047
902,test,smell,0,0,0.001978,0.012259
902,test,stayingpower,0,0,0.011535,0.021782
902,test,texture,0,0,0.002132,0.0034
903,test,colour,1,1,0.008229,0.978554
903,test,packing,0,0,0.026835,0.077558
903,test,price,0,0,0.002422,0.004004
903,test,shipping,0,0,0.012342,0.004671
903,test,smell,1,1,0.013445,0.975966
903,test,stayingpower,1,1,0.00552,0.994314
903,test,texture,1,1,0.032816,0.618033
904,test,colour,2,2,0.997125,0.001417
904,test,packing,0,0,0.053618,0.028665
904,test,price,1,1,0.034596,0.924179
904,test,shipping,0,0,0.030875,0.010605
904,test,smell,0,0,0.023316,0.004737
904,test,stayingpower,0,0,0.12739,0.015957
904,test,texture,2,2,0.979218,0.001509
905,test,colour,1,1,0.000469,0.999162
905,test,packing,0,0,0.00119,0.015436
905,test,price,0,0,0.006627,0.029198
905,test,shipping,0,0,0.005988,0.017489
905,test,smell,0,0,0.008711,0.036477
905,test,stayingpower,0,0,0.010999,0.039105
905,test,texture,1,1,0.072809,0.926379
906,test,colour,0,0,0.01058,0.072427
906,test,packing,0,0,0.021534,0.091039
906,test,price,0,0,0.004108,0.008416
906,test,shipping,0,0,0.029185,0.00637
906,test,smell,1,1,0.001677,0.997693
906,test,stayingpower,1,1,0.007425,0.988772
906,test,texture,1,1,0.008286,0.937474
907,test,colour,1,1,0.002336,0.996603
907,test,packing,0,0,0.005812,0.035626
907,test,price,0,0,0.011406,0.018643
907,test,shipping,0,0,0.007372,0.007631
907,test,smell,0,0,0.006201,0.014006
907,test,stayingpower,2,2,0.997352,0.002552
907,test,texture,1,1,0.168712,0.779058
908,test,colour,1,1,0.000699,0.998856
908,test,packing,0,0,0.001395,0.021946
908,test,price,0,0,0.002923,0.00909
908,test,shipping,1,1,0.001175,0.998335
908,test,smell,0,0,0.006091,0.027151
908,test,stayingpower,0,0,0.018794,0.069298
908,test,texture,1,1,0.002169,0.991287
909,test,colour,1,1,0.002758,0.995586
909,test,packing,0,0,0.000602,0.005467
909,test,price,0,0,0.001347,0.00396
909,test,shipping,0,0,0.004891,0.003616
909,test,smell,0,0,0.000709,0.003672
909,test,stayingpower,1,1,0.010344,0.986909
909,test,texture,3,1,0.029013,0.940171
910,test,colour,1,1,0.00075,0.998839
910,test,packing,0,0,0.000352,0.001502
910,test,price,1,1,0.001937,0.99349
910,test,shipping,0,0,0.002312,0.003129
910,test,smell,0,0,0.000793,0.00325
910,test,stayingpower,0,0,0.007596,0.022419
910,test,texture,0,0,0.004604,0.004666
911,test,colour,0,0,0.001298,0.006496
911,test,packing,0,0,0.001972,0.119548
911,test,price,0,0,0.000599,0.003209
911,test,shipping,0,0,0.001705,0.00346
911,test,smell,0,0,0.000172,0.001644
911,test,stayingpower,0,0,0.000577,0.007274
911,test,texture,0,0,0.001065,0.006326
912,test,colour,0,0,0.001216,0.002806
912,test,packing,0,0,0.000778,0.009656
912,test,price,0,0,0.001514,0.007931
912,test,shipping,0,0,0.002109,0.002222
912,test,smell,0,0,0.000339,0.003917
912,test,stayingpower,0,0,0.000833,0.003566
912,test,texture,0,0,0.000438,0.001423
913,test,colour,1,1,0.007551,0.988449
913,test,packing,0,0,0.017513,0.053699
913,test,price,0,0,0.014064,0.016758
913,test,shipping,0,0,0.012468,0.012891
913,test,smell,3,1,0.03642,0.946409
913,test,stayingpower,2,2,0.996958,0.002964
913,test,texture,1,1,0.022312,0.971147
914,test,colour,1,1,0.001402,0.998226
914,test,packing,0,0,0.007506,0.017317
914,test,price,0,0,0.006268,0.023094
914,test,shipping,0,0,0.04094,0.009944
914,test,smell,0,0,0.076745,0.067496
914,test,stayingpower,3,1,0.11964,0.850188
914,test,texture,2,2,0.998917,0.000881
915,test,colour,0,0,0.007663,0.016147
915,test,packing,0,0,0.003561,0.011336
915,test,price,0,0,0.007056,0.015959
915,test,shipping,2,2,0.997532,0.002441
915,test,smell,0,0,0.001567,0.00759
915,test,stayingpower,0,0,0.001837,0.009469
915,test,texture,0,0,0.001265,0.005345
916,test,colour,1,1,0.001154,0.997174
916,test,packing,0,0,0.000952,0.013803
916,test,price,0,0,0.004889,0.024981
916,test,shipping,1,1,0.001452,0.998124
916,test,smell,0,0,0.007877,0.046772
916,test,stayingpower,0,0,0.02991,0.100963
916,test,texture,1,1,0.000977,0.997657
917,test,colour,1,1,0.008145,0.989473
917,test,packing,0,0,0.004456,0.006076
917,test,price,1,1,0.009516,0.983874
917,test,shipping,0,0,0.011655,0.013288
917,test,smell,2,2,0.99718,0.00243
917,test,stayingpower,0,0,0.060794,0.03179
917,test,texture,0,0,0.187416,0.04017
918,test,colour,1,1,0.005448,0.993949
918,test,packing,1,1,0.018654,0.975979
918,test,price,0,0,0.007841,0.021259
918,test,shipping,0,0,0.03809,0.040433
918,test,smell,0,0,0.035509,0.015355
918,test,stayingpower,0,0,0.059687,0.040497
918,test,texture,0,2,0.982281,0.001681
919,test,colour,1,1,0.005837,0.989104
919,test,packing,0,0,0.075305,0.080227
919,test,price,0,0,0.005288,0.011712
919,test,shipping,0,0,0.028579,0.004719
919,test,smell,1,1,0.032142,0.964811
919,test,stayingpower,0,1,0.227932,0.73451
919,test,texture,2,2,0.994686,0.002379
920,test,colour,1,1,0.002497,0.993986
920,test,packing,0,0,0.006208,0.068715
920,test,price,0,0,0.004868,0.017984
920,test,shipping,2,2,0.999376,0.000541
920,test,smell,1,1,0.005985,0.991912
920,test,stayingpower,0,0,0.008445,0.043193
920,test,texture,0,0,0.00586,0.032399
921,test,colour,0,0,0.004416,0.018114
921,test,packing,0,0,0.000831,0.014164
921,test,price,0,0,0.005581,0.048267
921,test,shipping,1,1,0.001325,0.998429
921,test,smell,0,0,0.002178,0.031424
921,test,stayingpower,0,0,0.00669,0.057041
921,test,texture,1,1,0.001525,0.986893
922,test,colour,1,1,0.000559,0.999294
922,test,packing,0,0,0.000168,0.000837
922,test,price,0,0,0.000394,0.001219
922,test,shipping,0,0,0.00246,0.00149
922,test,smell,0,0,0.003886,0.016835
922,test,stayingpower,0,0,0.012696,0.033853
922,test,texture,0,0,0.069332,0.011644
923,test,colour,1,1,0.00045,0.999281
923,test,packing,0,0,0.001148,0.019655
923,test,price,1,1,0.00108,0.994783
923,test,shipping,0,0,0.004403,0.004404
923,test,smell,0,0,0.000987,0.005331
923,test,stayingpower,0,0,0.002513,0.012052
923,test,texture,0,0,0.005734,0.007356
924,test,colour,1,1,0.000673,0.998233
924,test,packing,0,0,0.001455,0.013328
924,test,price,1,1,0.000922,0.99811
924,test,shipping,0,0,0.006073,0.011788
924,test,smell,1,1,0.004497,0.978825
924,test,stayingpower,0,0,0.008205,0.039878
924,test,texture,1,1,0.002853,0.992361
925,test,colour,1,1,0.001595,0.997836
925,test,packing,0,0,0.002299,0.018336
925,test,price,0,0,0.004228,0.011728
925,test,shipping,0,0,0.010187,0.00993
925,test,smell,0,0,0.002616,0.012687
925,test,stayingpower,1,1,0.005981,0.993461
925,test,texture,1,1,0.009793,0.980315
926,test,colour,2,2,0.997671,0.000832
926,test,packing,0,0,0.033016,0.05533
926,test,price,0,0,0.011984,0.035055
926,test,shipping,0,0,0.004748,0.003052
926,test,smell,1,1,0.010237,0.989118
926,test,stayingpower,0,0,0.010928,0.007114
926,test,texture,0,0,0.018395,0.058951
927,test,colour,1,1,0.000295,0.999647
927,test,packing,0,0,0.000591,0.005357
927,test,price,0,0,0.001003,0.003145
927,test,shipping,0,0,0.004144,0.003055
927,test,smell,0,0,0.000946,0.003244
927,test,stayingpower,0,0,0.008562,0.109653
927,test,texture,0,0,0.002808,0.003695
928,test,colour,1,1,0.001787,0.99689
928,test,packing,0,1,0.011965,0.551527
928,test,price,0,0,0.003959,0.016836
928,test,shipping,0,0,0.025209,0.016786
928,test,smell,0,0,0.003896,0.013612
928,test,stayingpower,1,1,0.001467,0.998275
928,test,texture,1,1,0.023103,0.964717
929,test,colour,0,0,0.001765,0.001482
929,test,packing,1,1,0.000727,0.998064
929,test,price,0,0,0.001692,0.015409
929,test,shipping,0,0,0.029066,0.054779
929,test,smell,0,0,0.001351,0.004086
929,test,stayingpower,0,0,0.001257,0.011853
929,test,texture,0,0,0.002323,0.004404
930,test,colour,1,1,0.001115,0.998024
930,test,packing,1,1,0.000491,0.998517
930,test,price,0,0,0.000803,0.007652
930,test,shipping,1,1,0.001208,0.997982
930,test,smell,0,0,0.009121,0.017475
930,test,stayingpower,0,0,0.010806,0.033246
930,test,texture,0,0,0.006223,0.00729
931,test,colour,0,0,0.001588,0.002319
931,test,packing,0,0,0.000573,0.005946
931,test,price,0,0,0.001372,0.005746
931,test,shipping,0,0,0.002072,0.003372
931,test,smell,0,0,0.000493,0.004401
931,test,stayingpower,0,0,0.000991,0.003349
931,test,texture,0,0,0.00079,0.00187
932,test,colour,0,0,0.031615,0.073962
932,test,packing,1,1,0.011504,0.984514
932,test,price,0,0,0.008874,0.04357
932,test,shipping,2,2,0.998475,0.001455
932,test,smell,0,0,0.023978,0.032426
932,test,stayingpower,1,1,0.03485,0.868426
932,test,texture,1,1,0.024828,0.908179
933,test,colour,1,1,0.017832,0.98117
933,test,packing,0,0,0.005511,0.008133
933,test,price,0,0,0.002193,0.004998
933,test,shipping,0,0,0.004567,0.002235
933,test,smell,0,0,0.000268,0.000575
933,test,stayingpower,0,0,0.002506,0.006017
933,test,texture,0,0,0.086315,0.016336
934,test,colour,0,0,0.002265,0.014168
934,test,packing,0,0,0.000477,0.003776
934,test,price,0,0,0.001266,0.007303
934,test,shipping,0,0,0.001952,0.002085
934,test,smell,0,0,0.000378,0.003782
934,test,stayingpower,0,0,0.001493,0.005765
934,test,texture,0,0,0.000605,0.001015
935,test,colour,0,0,0.010033,0.041683
935,test,packing,0,0,0.001094,0.007179
935,test,price,0,0,0.002224,0.004601
935,test,shipping,0,0,0.008581,0.00196
935,test,smell,0,0,0.001125,0.008789
935,test,stayingpower,1,1,0.005657,0.988417
935,test,texture,1,1,0.007829,0.986027
936,test,colour,1,1,0.002395,0.997575
936,test,packing,0,0,0.00069,0.020919
936,test,price,0,0,0.000938,0.00619
936,test,shipping,0,0,0.000627,0.002571
936,test,smell,0,0,0.001456,0.010383
936,test,stayingpower,0,0,0.004337,0.025569
936,test,texture,0,0,0.005486,0.011921
937,test,colour,1,1,0.000351,0.999566
937,test,packing,0,0,0.000277,0.002808
937,test,price,0,0,0.001715,0.008595
937,test,shipping,0,0,0.002344,0.006617
937,test,smell,0,0,0.00069,0.003886
937,test,stayingpower,0,0,0.003631,0.013629
937,test,texture,0,0,0.001942,0.004133
938,test,colour,0,0,0.004009,0.011865
938,test,packing,0,1,0.004429,0.779393
938,test,price,0,0,0.001859,0.016906
938,test,shipping,1,1,0.00299,0.996765
938,test,smell,0,0,0.002142,0.029493
938,test,stayingpower,0,0,0.002716,0.041408
938,test,texture,1,1,0.002202,0.970587
939,test,colour,0,0,0.036884,0.025675
939,test,packing,1,1,0.026139,0.954063
939,test,price,0,0,0.005316,0.019932
939,test,shipping,0,0,0.008119,0.002973
939,test,smell,1,1,0.007595,0.989755
939,test,stayingpower,3,2,0.668101,0.31909
939,test,texture,1,1,0.086239,0.827017
940,test,colour,0,0,0.005457,0.007604
940,test,packing,0,0,0.003495,0.012975
940,test,price,0,0,0.005065,0.01563
940,test,shipping,2,2,0.999571,0.000221
940,test,smell,0,0,0.001475,0.003139
940,test,stayingpower,0,0,0.000884,0.006886
940,test,texture,0,0,0.00126,0.002059
941,test,colour,0,0,0.007208,0.053341
941,test,packing,0,0,0.017201,0.064204
941,test,price,0,0,0.009106,0.011636
941,test,shipping,0,0,0.003898,0.003442
941,test,smell,1,1,0.001257,0.998297
941,test,stayingpower,2,2,0.912941,0.073193
941,test,texture,1,1,0.008723,0.942675
942,test,colour,1,1,0.000707,0.998463
942,test,packing,0,0,0.001311,0.007329
942,test,price,0,0,0.00269,0.013746
942,test,shipping,0,0,0.003735,0.004666
942,test,smell,1,1,0.000987,0.998819
942,test,stayingpower,0,0,0.005478,0.011026
942,test,texture,0,0,0.001982,0.010505
943,test,colour,0,0,0.011008,0.018344
943,test,packing,0,0,0.00406,0.045535
943,test,price,0,0,0.00206,0.013293
943,test,shipping,1,1,0.003724,0.995445
943,test,smell,1,0,0.002215,0.017607
943,test,stayingpower,3,1,0.392784,0.580741
943,test,texture,3,1,0.004555,0.961957
944,test,colour,0,0,0.006858,0.023497
944,test,packing,0,0,0.000809,0.018373
944,test,price,0,0,0.00312,0.014911
944,test,shipping,1,1,0.001645,0.997969
944,test,smell,0,0,0.001968,0.035479
944,test,stayingpower,0,0,0.006306,0.055059
944,test,texture,1,1,0.001441,0.993596
945,test,colour,1,1,0.00045,0.999452
945,test,packing,0,0,0.001192,0.008208
945,test,price,0,0,0.001956,0.004251
945,test,shipping,1,1,0.00442,0.991062
945,test,smell,0,0,0.002365,0.006088
945,test,stayingpower,1,1,0.025484,0.961531
945,test,texture,0,0,0.004386,0.023597
946,test,colour,0,0,0.005401,0.00128
946,test,packing,0,0,0.001114,0.003001
946,test,price,0,0,0.001105,0.003922
946,test,shipping,0,0,0.018469,0.002507
946,test,smell,0,0,0.000299,0.00121
946,test,stayingpower,0,0,0.000509,0.001583
946,test,texture,0,0,0.001553,0.00174
947,test,colour,0,0,0.001877,0.01703
947,test,packing,0,0,0.000613,0.002791
947,test,price,1,1,0.000618,0.999108
947,test,shipping,0,0,0.018401,0.023978
947,test,smell,0,0,0.000346,0.007422
947,test,stayingpower,0,0,0.001911,0.008104
947,test,texture,0,0,0.001578,0.002468
948,test,colour,0,0,0.002273,0.018524
948,test,packing,0,0,0.002248,0.028968
948,test,price,0,0,0.004724,0.05069
948,test,shipping,0,0,0.006297,0.010335
948,test,smell,1,1,0.000623,0.998747
948,test,stayingpower,0,0,0.002539,0.018635
948,test,texture,1,1,0.000707,0.998184
949,test,colour,1,1,0.018141,0.94896
949,test,packing,0,0,0.08816,0.112058
949,test,price,1,1,0.008081,0.989052
949,test,shipping,2,2,0.998185,0.001555
949,test,smell,2,2,0.975107,0.02298
949,test,stayingpower,0,0,0.111996,0.273757
949,test,texture,0,2,0.746857,0.234137
950,test,colour,0,0,0.004434,0.00487
950,test,packing,1,1,0.00134,0.996978
950,test,price,0,0,0.001732,0.013063
950,test,shipping,1,1,0.002914,0.995955
950,test,smell,0,0,0.002096,0.005215
950,test,stayingpower,0,0,0.002742,0.012908
950,test,texture,0,0,0.001154,0.003274
951,test,colour,1,1,0.001234,0.998669
951,test,packing,0,0,0.000918,0.004153
951,test,price,0,0,0.001995,0.006532
951,test,shipping,0,0,0.001939,0.003699
951,test,smell,1,1,0.002617,0.996494
951,test,stayingpower,0,0,0.006755,0.013182
951,test,texture,0,0,0.005161,0.022985
952,test,colour,3,1,0.207795,0.453959
952,test,packing,0,1,0.001682,0.997847
952,test,price,0,0,0.001671,0.007958
952,test,shipping,0,0,0.019915,0.006523
952,test,smell,0,0,0.001892,0.002571
952,test,stayingpower,0,0,0.002975,0.007575
952,test,texture,0,0,0.006526,0.001446
953,test,colour,0,0,0.015982,0.032895
953,test,packing,0,0,0.002792,0.021527
953,test,price,1,1,0.001366,0.99823
953,test,shipping,0,0,0.075115,0.018093
953,test,smell,0,0,0.003293,0.014127
953,test,stayingpower,0,0,0.003819,0.040253
953,test,texture,1,1,0.028854,0.968642
954,test,colour,0,0,0.013403,0.008483
954,test,packing,0,0,0.010432,0.01766
954,test,price,0,0,0.005625,0.007052
954,test,shipping,2,2,0.999803,9.5e-05
954,test,smell,0,0,0.002594,0.005245
954,test,stayingpower,0,0,0.002481,0.012573
954,test,texture,0,0,0.002731,0.002652
955,test,colour,0,0,0.001243,0.001562
955,test,packing,1,1,0.001138,0.996688
955,test,price,1,1,0.000935,0.998264
955,test,shipping,0,0,0.040584,0.029171
955,test,smell,0,0,0.001332,0.009652
955,test,stayingpower,0,0,0.001974,0.013554
955,test,texture,0,0,0.00509,0.004704
956,test,colour,0,0,0.000826,0.003025
956,test,packing,0,0,0.000495,0.013
956,test,price,0,0,0.001052,0.009149
956,test,shipping,0,0,0.001748,0.003356
956,test,smell,0,0,0.000184,0.001998
956,test,stayingpower,0,0,0.000506,0.003675
956,test,texture,0,0,0.000594,0.002497
957,test,colour,1,1,0.000416,0.998112
957,test,packing,0,0,0.001244,0.024292
957,test,price,1,1,0.000353,0.998911
957,test,shipping,0,0,0.002985,0.004981
957,test,smell,0,0,0.000455,0.006122
957,test,stayingpower,0,0,0.003036,0.020851
957,test,texture,0,0,0.00495,0.013097
958,test,colour,1,1,0.006953,0.991487
958,test,packing,0,0,0.009722,0.033781
958,test,price,0,0,0.018213,0.045797
958,test,shipping,0,0,0.054459,0.025171
958,test,smell,0,0,0.031414,0.027544
958,test,stayingpower,0,0,0.031896,0.0204
958,test,texture,2,2,0.998748,0.000909
959,test,colour,1,1,0.016307,0.974362
959,test,packing,1,1,0.013187,0.962431
959,test,price,1,1,0.005168,0.991029
959,test,shipping,0,0,0.078988,0.011526
959,test,smell,0,0,0.006238,0.012905
959,test,stayingpower,3,1,0.165655,0.820781
959,test,texture,0,0,0.026483,0.006058
960,test,colour,1,1,0.000899,0.998499
960,test,packing,0,0,0.000394,0.006351
960,test,price,0,0,0.001116,0.005293
960,test,shipping,1,1,0.000517,0.998952
960,test,smell,0,0,0.001535,0.004835
960,test,stayingpower,0,0,0.011238,0.022021
960,test,texture,0,0,0.001146,0.003847
961,test,colour,0,0,0.031775,0.230064
961,test,packing,0,0,0.025881,0.038719
961,test,price,0,1,0.016825,0.981831
961,test,shipping,2,2,0.997647,0.000688
961,test,smell,0,0,0.01005,0.040112
961,test,stayingpower,2,2,0.987443,0.009523
961,test,texture,0,0,0.029235,0.016724
962,test,colour,0,0,0.002603,0.005033
962,test,packing,1,1,0.003218,0.985384
962,test,price,0,0,0.001404,0.012018
962,test,shipping,0,0,0.017859,0.019092
962,test,smell,1,1,0.003787,0.995039
962,test,stayingpower,0,0,0.001978,0.008777
962,test,texture,0,0,0.002666,0.011839
963,test,colour,0,0,0.00499,0.009524
963,test,packing,1,1,0.001094,0.99784
963,test,price,0,0,0.001095,0.009752
963,test,shipping,1,1,0.002144,0.997591
963,test,smell,0,0,0.00332,0.007314
963,test,stayingpower,0,0,0.0061,0.033319
963,test,texture,0,0,0.00415,0.020672
964,test,colour,0,0,0.002949,0.001359
964,test,packing,0,0,0.001706,0.006715
964,test,price,0,0,0.001216,0.002392
964,test,shipping,0,0,0.008302,0.001894
964,test,smell,0,0,0.000818,0.003293
964,test,stayingpower,0,0,0.000982,0.002065
964,test,texture,0,0,0.001213,0.000733
965,test,colour,2,2,0.896498,0.069352
965,test,packing,0,1,0.016525,0.896228
965,test,price,0,0,0.007328,0.017419
965,test,shipping,0,0,0.005227,0.013195
965,test,smell,0,0,0.002784,0.004406
965,test,stayingpower,2,2,0.993804,0.005272
965,test,texture,0,0,0.021588,0.017163
966,test,colour,0,0,0.005627,0.009345
966,test,packing,0,0,0.000586,0.005895
966,test,price,0,0,0.001046,0.005813
966,test,shipping,1,1,0.001123,0.998394
966,test,smell,0,0,0.001029,0.005467
966,test,stayingpower,0,0,0.00364,0.010537
966,test,texture,0,0,0.000663,0.005628
967,test,colour,1,1,0.001436,0.998497
967,test,packing,0,0,0.001611,0.006681
967,test,price,0,0,0.004411,0.007459
967,test,shipping,0,0,0.016341,0.009765
967,test,smell,0,0,0.003741,0.008156
967,test,stayingpower,1,1,0.006609,0.988111
967,test,texture,0,0,0.010144,0.042242
968,test,colour,0,0,0.005938,0.003883
968,test,packing,1,1,0.00199,0.996393
968,test,price,0,0,0.001578,0.007797
968,test,shipping,1,1,0.002554,0.996868
968,test,smell,0,0,0.003576,0.006466
968,test,stayingpower,0,0,0.003028,0.010114
968,test,texture,0,0,0.001596,0.004264
969,test,colour,0,0,0.004752,0.02247
969,test,packing,0,0,0.004873,0.016693
969,test,price,1,1,0.003617,0.994874
969,test,shipping,2,2,0.999642,0.000219
969,test,smell,0,0,0.001858,0.012648
969,test,stayingpower,0,0,0.00188,0.009186
969,test,texture,0,0,0.002538,0.00389
970,test,colour,1,1,0.001196,0.997691
970,test,packing,1,1,0.000411,0.998516
970,test,price,0,0,0.000934,0.011757
970,test,shipping,1,1,0.001005,0.998238
970,test,smell,0,0,0.007655,0.013494
970,test,stayingpower,0,0,0.00698,0.029628
970,test,texture,0,0,0.00464,0.004942
971,test,colour,0,0,0.002625,0.003398
971,test,packing,1,1,0.000712,0.998065
971,test,price,0,0,0.00148,0.014672
971,test,shipping,1,1,0.004947,0.993583
971,test,smell,0,0,0.003245,0.009097
971,test,stayingpower,0,0,0.00184,0.013511
971,test,texture,0,0,0.001528,0.008003
972,test,colour,1,1,0.001297,0.997829
972,test,packing,0,0,0.000934,0.003484
972,test,price,0,0,0.013317,0.21481
972,test,shipping,0,0,0.016205,0.013021
972,test,smell,0,0,0.001541,0.0036
972,test,stayingpower,1,1,0.027511,0.971369
972,test,texture,3,2,0.683476,0.115559
973,test,colour,1,1,0.00249,0.994099
973,test,packing,1,1,0.002203,0.993352
973,test,price,0,0,0.002101,0.0122
973,test,shipping,1,1,0.001537,0.997621
973,test,smell,1,1,0.006619,0.992906
973,test,stayingpower,0,0,0.01948,0.021517
973,test,texture,0,0,0.007475,0.016912
974,test,colour,1,1,0.010319,0.984065
974,test,packing,0,0,0.006706,0.00704
974,test,price,1,1,0.005859,0.990831
974,test,shipping,0,0,0.018113,0.017069
974,test,smell,2,2,0.998225,0.000924
974,test,stayingpower,0,0,0.039402,0.044021
974,test,texture,0,0,0.267689,0.052742
975,test,colour,0,0,0.003442,0.010066
975,test,packing,0,0,0.000327,0.00458
975,test,price,0,0,0.001895,0.014558
975,test,shipping,1,1,0.000856,0.998655
975,test,smell,0,0,0.000872,0.009518
975,test,stayingpower,0,0,0.002706,0.005826
975,test,texture,0,0,0.000479,0.004562
976,test,colour,1,1,0.01134,0.984641
976,test,packing,0,0,0.054683,0.048621
976,test,price,1,1,0.013943,0.970037
976,test,shipping,2,2,0.998103,0.000575
976,test,smell,1,1,0.031744,0.950229
976,test,stayingpower,2,2,0.991848,0.006254
976,test,texture,0,2,0.714911,0.103898
977,test,colour,2,2,0.998131,0.000832
977,test,packing,0,0,0.028325,0.02494
977,test,price,0,0,0.008507,0.014058
977,test,shipping,0,0,0.004825,0.002321
977,test,smell,0,0,0.014974,0.002706
977,test,stayingpower,0,0,0.08115,0.025302
977,test,texture,2,2,0.982101,0.00841
978,test,colour,0,0,0.008625,0.441792
978,test,packing,0,0,0.000401,0.003427
978,test,price,1,1,0.000592,0.998664
978,test,shipping,0,0,0.00207,0.003115
978,test,smell,0,0,0.000247,0.00798
978,test,stayingpower,0,0,0.004453,0.13157
978,test,texture,0,1,0.013095,0.707287
979,test,colour,1,1,0.060803,0.935008
979,test,packing,0,0,0.025509,0.045125
979,test,price,0,0,0.019272,0.029387
979,test,shipping,0,0,0.049978,0.024243
979,test,smell,2,2,0.990595,0.009268
979,test,stayingpower,0,1,0.035536,0.930618
979,test,texture,1,1,0.037608,0.955341
980,test,colour,0,0,0.001991,0.000738
980,test,packing,0,0,0.0011,0.003108
980,test,price,0,0,0.001606,0.003286
980,test,shipping,0,0,0.00457,0.001734
980,test,smell,0,0,0.000817,0.00407
980,test,stayingpower,0,0,0.001433,0.00385
980,test,texture,0,0,0.001097,0.000886
981,test,colour,0,0,0.0041,0.007456
981,test,packing,0,0,0.000353,0.003208
981,test,price,0,0,0.00161,0.008756
981,test,shipping,0,0,0.001384,0.001294
981,test,smell,0,0,0.000397,0.002997
981,test,stayingpower,0,0,0.000793,0.00166
981,test,texture,0,0,0.000469,0.001407
982,test,colour,0,0,0.002792,0.005992
982,test,packing,1,1,0.000741,0.998015
982,test,price,0,0,0.001857,0.016665
982,test,shipping,1,1,0.003628,0.995508
982,test,smell,0,0,0.001987,0.004769
982,test,stayingpower,0,0,0.002137,0.011244
982,test,texture,0,0,0.001013,0.004185
983,test,colour,1,1,0.364814,0.628218
983,test,packing,0,0,0.023356,0.030807
983,test,price,1,1,0.006707,0.984704
983,test,shipping,1,1,0.005863,0.991172
983,test,smell,1,1,0.009165,0.99061
983,test,stayingpower,0,0,0.050505,0.01761
983,test,texture,0,0,0.071486,0.074579
984,test,colour,0,0,0.0067,0.00478
984,test,packing,1,1,0.003198,0.993684
984,test,price,0,1,0.002392,0.985079
984,test,shipping,1,1,0.024639,0.970777
984,test,smell,0,0,0.005036,0.037026
984,test,stayingpower,0,0,0.009172,0.046599
984,test,texture,1,1,0.011113,0.875905
985,test,colour,0,0,0.003123,0.008443
985,test,packing,0,0,0.000528,0.004368
985,test,price,0,0,0.00125,0.007399
985,test,shipping,1,1,0.00317,0.995932
985,test,smell,0,0,0.00049,0.003304
985,test,stayingpower,0,0,0.002253,0.006993
985,test,texture,0,0,0.000291,0.002743
986,test,colour,0,0,0.0025,0.000886
986,test,packing,0,0,0.000851,0.003186
986,test,price,0,0,0.001177,0.002799
986,test,shipping,0,0,0.004022,0.001106
986,test,smell,0,0,0.000765,0.004092
986,test,stayingpower,0,0,0.001908,0.004297
986,test,texture,0,0,0.001303,0.001999
987,test,colour,0,1,0.005976,0.981316
987,test,packing,0,0,0.00035,0.007588
987,test,price,0,0,0.001939,0.006528
987,test,shipping,0,0,0.001912,0.0046
987,test,smell,0,0,0.000367,0.006389
987,test,stayingpower,0,0,0.003376,0.021686
987,test,texture,1,1,0.000805,0.997885
988,test,colour,1,1,0.014388,0.844026
988,test,packing,0,0,0.007591,0.014271
988,test,price,1,1,0.005953,0.98341
988,test,shipping,0,0,0.125297,0.006575
988,test,smell,0,0,0.03819,0.032372
988,test,stayingpower,1,1,0.021869,0.962113
988,test,texture,2,2,0.993899,0.005943
989,test,colour,0,0,0.034283,0.065054
989,test,packing,0,0,0.009328,0.029769
989,test,price,0,0,0.019181,0.010982
989,test,shipping,0,0,0.129212,0.059974
989,test,smell,0,0,0.004389,0.011643
989,test,stayingpower,2,2,0.995729,0.004146
989,test,texture,0,0,0.082244,0.024935
990,test,colour,0,0,0.002897,0.022646
990,test,packing,0,0,0.001031,0.048585
990,test,price,0,0,0.001846,0.00832
990,test,shipping,0,0,0.003991,0.004889
990,test,smell,0,0,0.000475,0.00976
990,test,stayingpower,0,0,0.001158,0.012369
990,test,texture,1,1,0.000859,0.997888
991,test,colour,0,0,0.002725,0.000757
991,test,packing,0,0,0.000905,0.002965
991,test,price,0,0,0.001771,0.003055
991,test,shipping,0,0,0.00237,0.001171
991,test,smell,0,0,0.000641,0.002644
991,test,stayingpower,0,0,0.00168,0.004524
991,test,texture,0,0,0.000889,0.000957
992,test,colour,1,1,0.001736,0.997648
992,test,packing,0,0,0.00187,0.029087
992,test,price,0,0,0.004062,0.007073
992,test,shipping,0,0,0.00396,0.008151
992,test,smell,0,0,0.002284,0.013301
992,test,stayingpower,0,2,0.732446,0.259628
992,test,texture,3,1,0.411713,0.575122
993,test,colour,0,0,0.014182,0.07106
993,test,packing,0,0,0.001604,0.014354
993,test,price,0,0,0.002404,0.011553
993,test,shipping,0,0,0.008956,0.002628
993,test,smell,0,0,0.000873,0.009243
993,test,stayingpower,1,1,0.004378,0.992758
993,test,texture,3,1,0.008861,0.980969
994,test,colour,0,0,0.002632,0.00127
994,test,packing,0,0,0.001754,0.007402
994,test,price,0,0,0.001161,0.001836
994,test,shipping,0,0,0.008957,0.002455
994,test,smell,0,0,0.000656,0.002768
994,test,stayingpower,0,0,0.000836,0.001949
994,test,texture,0,0,0.000847,0.000596
995,test,colour,0,0,0.011344,0.084169
995,test,packing,0,0,0.01272,0.055619
995,test,price,0,0,0.005153,0.010885
995,test,shipping,0,0,0.009788,0.00735
995,test,smell,3,1,0.005326,0.994552
995,test,stayingpower,3,1,0.334366,0.628848
995,test,texture,1,1,0.003977,0.993942
996,test,colour,0,0,0.001552,0.001598
996,test,packing,1,1,0.000875,0.99638
996,test,price,0,0,0.001467,0.015979
996,test,shipping,0,0,0.020485,0.033775
996,test,smell,0,0,0.000945,0.004409
996,test,stayingpower,0,0,0.000887,0.008349
996,test,texture,0,0,0.001645,0.003682
997,test,colour,0,0,0.006819,0.025453
997,test,packing,0,0,0.001045,0.014462
997,test,price,0,0,0.000891,0.003108
997,test,shipping,1,1,0.001006,0.998897
997,test,smell,0,0,0.000652,0.003317
997,test,stayingpower,0,0,0.005023,0.009428
997,test,texture,0,0,0.000744,0.006299
998,test,colour,1,1,0.003264,0.994961
998,test,packing,0,0,0.004852,0.021475
998,test,price,0,0,0.015211,0.01842
998,test,shipping,0,0,0.008583,0.021648
998,test,smell,0,0,0.009158,0.025023
998,test,stayingpower,2,2,0.996914,0.002911
998,test,texture,1,1,0.008405,0.983413
999,test,colour,1,1,0.002327,0.994596
999,test,packing,0,0,0.002063,0.019857
999,test,price,1,1,0.002266,0.991746
999,test,shipping,1,1,0.010159,0.986297
999,test,smell,0,0,0.002072,0.009582
999,test,stayingpower,3,1,0.054947,0.940486
999,test,texture,3,1,0.011591,0.956183
1000,test,colour,0,0,0.034942,0.026071
1000,test,packing,1,1,0.102418,0.839791
1000,test,price,1,1,0.004361,0.994798
1000,test,shipping,1,1,0.101043,0.859454
1000,test,smell,0,0,0.045142,0.12148
1000,test,stayingpower,2,2,0.988036,0.007057
1000,test,texture,2,2,0.981828,0.009131
1001,test,colour,1,1,0.000218,0.999753
1001,test,packing,0,0,0.000261,0.002299
1001,test,price,0,0,0.001589,0.009089
1001,test,shipping,0,0,0.002876,0.007848
1001,test,smell,0,0,0.001115,0.005364
1001,test,stayingpower,0,0,0.004124,0.022481
1001,test,texture,0,0,0.004791,0.018893
1002,test,colour,0,0,0.001715,0.001285
1002,test,packing,1,1,0.000837,0.997866
1002,test,price,0,0,0.001749,0.014643
1002,test,shipping,0,0,0.033293,0.055946
1002,test,smell,0,0,0.00141,0.003643
1002,test,stayingpower,0,0,0.001495,0.014466
1002,test,texture,0,0,0.00276,0.005441
1003,test,colour,0,0,0.002266,0.004324
1003,test,packing,1,1,0.000632,0.99783
1003,test,price,0,0,0.001507,0.023002
1003,test,shipping,0,0,0.010975,0.024204
1003,test,smell,0,0,0.000858,0.003498
1003,test,stayingpower,0,0,0.000933,0.007608
1003,test,texture,0,0,0.001489,0.003664
1004,test,colour,1,1,0.000481,0.998885
1004,test,packing,0,0,0.001301,0.123206
1004,test,price,0,0,0.000566,0.006076
1004,test,shipping,1,1,0.000418,0.999265
1004,test,smell,0,0,0.001159,0.005857
1004,test,stayingpower,0,0,0.007702,0.027003
1004,test,texture,0,0,0.003205,0.015542
1005,test,colour,0,0,0.003846,0.02088
1005,test,packing,0,0,0.000443,0.006645
1005,test,price,0,0,0.000701,0.005503
1005,test,shipping,1,1,0.000681,0.998806
1005,test,smell,0,0,0.000694,0.005497
1005,test,stayingpower,0,0,0.00307,0.006761
1005,test,texture,0,0,0.00042,0.003961
1006,test,colour,0,0,0.014213,0.216094
1006,test,packing,0,0,0.010988,0.050266
1006,test,price,0,0,0.002825,0.010678
1006,test,shipping,0,0,0.013549,0.00442
1006,test,smell,1,1,0.003001,0.992253
1006,test,stayingpower,1,1,0.01075,0.98759
1006,test,texture,1,1,0.00198,0.99422
1007,test,colour,0,0,0.006144,0.018482
1007,test,packing,0,0,0.001506,0.033048
1007,test,price,0,0,0.005368,0.032655
1007,test,shipping,1,1,0.002139,0.997681
1007,test,smell,0,0,0.002567,0.032155
1007,test,stayingpower,0,0,0.009808,0.0545
1007,test,texture,1,1,0.000851,0.994559
1008,test,colour,3,1,0.009738,0.902186
1008,test,packing,1,1,0.000534,0.99238
1008,test,price,0,0,0.000575,0.009102
1008,test,shipping,1,1,0.001182,0.9983
1008,test,smell,0,0,0.000922,0.002813
1008,test,stayingpower,0,0,0.00255,0.012542
1008,test,texture,0,0,0.000733,0.001129
1009,test,colour,0,0,0.004804,0.016395
1009,test,packing,0,0,0.001099,0.017295
1009,test,price,0,0,0.002338,0.016263
1009,test,shipping,1,1,0.000844,0.999111
1009,test,smell,0,0,0.001181,0.008694
1009,test,stayingpower,0,0,0.004492,0.009378
1009,test,texture,0,0,0.000654,0.006502
1010,test,colour,1,1,0.000737,0.998801
1010,test,packing,0,0,0.000492,0.010666
1010,test,price,0,0,0.001076,0.005108
1010,test,shipping,0,0,0.002674,0.010324
1010,test,smell,0,0,0.000807,0.008053
1010,test,stayingpower,0,0,0.004216,0.023243
1010,test,texture,1,1,0.002173,0.991843
1011,test,colour,0,0,0.003856,0.021639
1011,test,packing,0,0,0.000399,0.005656
1011,test,price,0,0,0.001061,0.006292
1011,test,shipping,1,1,0.000859,0.998811
1011,test,smell,0,0,0.000589,0.004149
1011,test,stayingpower,0,0,0.003012,0.008217
1011,test,texture,0,0,0.000371,0.004468
1012,test,colour,0,0,0.001793,0.009141
1012,test,packing,0,0,0.001361,0.012128
1012,test,price,0,0,0.003835,0.037737
1012,test,shipping,0,0,0.003742,0.005043
1012,test,smell,1,1,0.000533,0.999176
1012,test,stayingpower,0,0,0.00162,0.003941
1012,test,texture,0,0,0.000925,0.006218
1013,test,colour,0,0,0.007014,0.008916
1013,test,packing,0,0,0.001207,0.00875
1013,test,price,0,0,0.003442,0.014944
1013,test,shipping,3,1,0.007095,0.992622
1013,test,smell,0,0,0.001409,0.011087
1013,test,stayingpower,0,0,0.010558,0.034205
1013,test,texture,1,1,0.003002,0.963427
1014,test,colour,1,1,0.001555,0.996972
1014,test,packing,1,1,0.000388,0.99872
1014,test,price,0,0,0.001235,0.011234
1014,test,shipping,0,0,0.024193,0.089599
1014,test,smell,0,0,0.006123,0.067709
1014,test,stayingpower,0,0,0.00338,0.018944
1014,test,texture,1,1,0.006355,0.981647
1015,test,colour,0,0,0.001659,0.005906
1015,test,packing,0,0,0.00275,0.023
1015,test,price,0,0,0.003534,0.018157
1015,test,shipping,0,0,0.004601,0.004154
1015,test,smell,1,1,0.000418,0.999213
1015,test,stayingpower,0,0,0.002326,0.010556
1015,test,texture,1,1,0.004548,0.962992
1016,test,colour,1,1,0.000311,0.99945
1016,test,packing,0,0,0.00157,0.012702
1016,test,price,1,1,0.001398,0.996041
1016,test,shipping,1,1,0.001178,0.997377
1016,test,smell,0,0,0.003975,0.018168
1016,test,stayingpower,0,0,0.034068,0.045147
1016,test,texture,0,0,0.006265,0.011607
1017,test,colour,0,0,0.002183,0.013085
1017,test,packing,0,0,0.001144,0.014625
1017,test,price,1,1,0.000563,0.999225
1017,test,shipping,0,0,0.012422,0.011505
1017,test,smell,0,0,0.000683,0.019386
1017,test,stayingpower,0,0,0.001883,0.021479
1017,test,texture,1,1,0.004387,0.974273
1018,test,colour,1,1,0.000653,0.999022
1018,test,packing,1,1,0.001561,0.994819
1018,test,price,0,0,0.001941,0.015803
1018,test,shipping,0,0,0.013589,0.062997
1018,test,smell,1,1,0.007592,0.990433
1018,test,stayingpower,0,0,0.006931,0.013262
1018,test,texture,0,0,0.004378,0.018813
1019,test,colour,1,1,0.005078,0.989715
1019,test,packing,1,1,0.000453,0.998417
1019,test,price,0,0,0.001069,0.009207
1019,test,shipping,0,0,0.012896,0.040379
1019,test,smell,0,0,0.001753,0.004168
1019,test,stayingpower,0,0,0.002392,0.011679
1019,test,texture,0,0,0.001939,0.000969
1020,test,colour,3,1,0.018438,0.947147
1020,test,packing,0,0,0.001628,0.007
1020,test,price,0,0,0.0046,0.0119
1020,test,shipping,0,0,0.005813,0.004518
1020,test,smell,1,1,0.000909,0.998819
1020,test,stayingpower,0,0,0.010288,0.030021
1020,test,texture,1,1,0.000647,0.998654
1021,test,colour,0,0,0.00209,0.052441
1021,test,packing,0,0,0.001393,0.013188
1021,test,price,0,0,0.001959,0.011286
1021,test,shipping,0,0,0.002504,0.002659
1021,test,smell,1,1,0.000231,0.999355
1021,test,stayingpower,0,0,0.001585,0.012831
1021,test,texture,1,1,0.005172,0.843966
1022,test,colour,1,1,0.002606,0.996563
1022,test,packing,0,0,0.003147,0.011553
1022,test,price,0,0,0.003518,0.006225
1022,test,shipping,2,2,0.99966,0.000257
1022,test,smell,0,0,0.002488,0.004431
1022,test,stayingpower,0,0,0.004419,0.026169
1022,test,texture,0,0,0.006062,0.004431
1023,test,colour,0,0,0.000558,0.003079
1023,test,packing,0,0,0.00252,0.09616
1023,test,price,1,1,0.000605,0.99816
1023,test,shipping,3,1,0.007191,0.990659
1023,test,smell,0,0,0.000421,0.004166
1023,test,stayingpower,0,0,0.001064,0.00818
1023,test,texture,0,0,0.000377,0.003087
1024,test,colour,1,1,0.006265,0.987923
1024,test,packing,0,0,0.023185,0.096444
1024,test,price,1,1,0.010835,0.983624
1024,test,shipping,2,2,0.999727,0.0002
1024,test,smell,1,1,0.015146,0.981015
1024,test,stayingpower,0,0,0.049102,0.099293
1024,test,texture,0,0,0.029055,0.066052
1025,test,colour,0,0,0.001029,0.001113
1025,test,packing,0,0,0.001455,0.017626
1025,test,price,0,0,0.000951,0.005796
1025,test,shipping,0,0,0.041729,0.037356
1025,test,smell,0,0,0.000311,0.002559
1025,test,stayingpower,0,0,0.000697,0.002564
1025,test,texture,0,0,0.000322,0.001163
1026,test,colour,1,1,0.001316,0.997926
1026,test,packing,0,0,0.003716,0.022028
1026,test,price,0,0,0.005556,0.011988
1026,test,shipping,1,1,0.052824,0.94504
1026,test,smell,0,0,0.003512,0.005523
1026,test,stayingpower,1,1,0.022467,0.975926
1026,test,texture,0,0,0.011166,0.018545
1027,test,colour,0,1,0.009721,0.957988
1027,test,packing,0,0,0.02655,0.087399
1027,test,price,0,0,0.014924,0.030686
1027,test,shipping,0,0,0.009896,0.016154
1027,test,smell,1,1,0.006918,0.989008
1027,test,stayingpower,2,2,0.998263,0.001601
1027,test,texture,3,1,0.020058,0.927763
1028,test,colour,0,0,0.008772,0.025161
1028,test,packing,0,0,0.00725,0.017605
1028,test,price,0,0,0.010024,0.009311
1028,test,shipping,2,2,0.999868,0.000108
1028,test,smell,0,0,0.002014,0.004205
1028,test,stayingpower,0,0,0.002025,0.011692
1028,test,texture,0,0,0.002099,0.004306
1029,test,colour,0,0,0.010961,0.137835
1029,test,packing,0,0,0.003018,0.025131
1029,test,price,0,0,0.002988,0.009752
1029,test,shipping,0,0,0.011306,0.007145
1029,test,smell,0,0,0.000992,0.010421
1029,test,stayingpower,1,1,0.004491,0.993623
1029,test,texture,1,1,0.002992,0.993516
1030,test,colour,0,0,0.001921,0.003725
1030,test,packing,0,0,0.000646,0.007598
1030,test,price,0,0,0.001116,0.003031
1030,test,shipping,0,0,0.00302,0.003639
1030,test,smell,0,0,0.000422,0.002587
1030,test,stayingpower,0,0,0.000431,0.001725
1030,test,texture,0,0,0.000284,0.000779
1031,test,colour,1,1,0.002746,0.996413
1031,test,packing,0,0,0.035196,0.059362
1031,test,price,1,1,0.034119,0.890372
1031,test,shipping,1,1,0.058979,0.90093
1031,test,smell,2,2,0.998373,0.000917
1031,test,stayingpower,0,0,0.074554,0.127565
1031,test,texture,0,0,0.359611,0.033743
1032,test,colour,1,1,0.001655,0.996998
1032,test,packing,0,0,0.01067,0.022193
1032,test,price,0,0,0.006297,0.012023
1032,test,shipping,0,0,0.036889,0.015836
1032,test,smell,1,1,0.051317,0.944374
1032,test,stayingpower,1,1,0.005372,0.992997
1032,test,texture,0,0,0.017828,0.096073
1033,test,colour,0,0,0.009194,0.007942
1033,test,packing,1,1,0.001153,0.995798
1033,test,price,0,0,0.000874,0.006218
1033,test,shipping,1,1,0.005894,0.992541
1033,test,smell,0,0,0.003433,0.015392
1033,test,stayingpower,0,0,0.005675,0.047865
1033,test,texture,1,1,0.011229,0.684869
1034,test,colour,2,2,0.993223,0.002867
1034,test,packing,1,1,0.008524,0.989909
1034,test,price,0,0,0.013145,0.060149
1034,test,shipping,0,0,0.007814,0.016745
1034,test,smell,0,0,0.003462,0.001654
1034,test,stayingpower,0,0,0.044431,0.030861
1034,test,texture,0,0,0.050333,0.020761
1035,test,colour,0,0,0.00371,0.001861
1035,test,packing,1,1,0.002941,0.995831
1035,test,price,0,0,0.001067,0.00827
1035,test,shipping,0,0,0.202615,0.110391
1035,test,smell,0,0,0.002571,0.005872
1035,test,stayingpower,0,0,0.001596,0.009249
1035,test,texture,0,0,0.006269,0.007845
1036,test,colour,0,0,0.060384,0.006325
1036,test,packing,0,0,0.024124,0.009293
1036,test,price,0,0,0.017309,0.007247
1036,test,shipping,2,2,0.999849,0.000106
1036,test,smell,0,0,0.011382,0.007205
1036,test,stayingpower,0,0,0.007258,0.017019
1036,test,texture,0,0,0.010224,0.004236
1037,test,colour,1,1,0.000946,0.996374
1037,test,packing,1,1,0.000576,0.998225
1037,test,price,1,1,0.000646,0.996864
1037,test,shipping,1,1,0.004094,0.993872
1037,test,smell,0,0,0.004321,0.012992
1037,test,stayingpower,0,0,0.009382,0.026157
1037,test,texture,0,0,0.007144,0.004373
1038,test,colour,1,1,0.005802,0.993952
1038,test,packing,0,0,0.00657,0.012099
1038,test,price,0,0,0.002485,0.01194
1038,test,shipping,0,0,0.045794,0.00816
1038,test,smell,0,0,0.011559,0.005587
1038,test,stayingpower,1,1,0.021219,0.956593
1038,test,texture,2,2,0.996842,0.001989
1039,test,colour,0,0,0.001295,0.001522
1039,test,packing,0,0,0.002532,0.016598
1039,test,price,0,0,0.00307,0.018429
1039,test,shipping,0,0,0.005605,0.002511
1039,test,smell,1,1,0.001997,0.99664
1039,test,stayingpower,0,0,0.002102,0.004295
1039,test,texture,0,0,0.001777,0.006004
1040,test,colour,0,0,0.005154,0.019834
1040,test,packing,0,0,0.005038,0.060212
1040,test,price,1,1,0.001015,0.998086
1040,test,shipping,1,1,0.006359,0.992484
1040,test,smell,1,1,0.001047,0.99795
1040,test,stayingpower,0,0,0.012234,0.045288
1040,test,texture,1,1,0.001847,0.923936
1041,test,colour,0,0,0.002857,0.005223
1041,test,packing,1,1,0.000793,0.998139
1041,test,price,0,0,0.001647,0.018717
1041,test,shipping,1,1,0.003414,0.995655
1041,test,smell,0,0,0.002174,0.00581
1041,test,stayingpower,0,0,0.001969,0.008221
1041,test,texture,0,0,0.001503,0.00615
1042,test,colour,3,2,0.968018,0.028773
1042,test,packing,1,1,0.058359,0.92223
1042,test,price,1,1,0.007334,0.990209
1042,test,shipping,1,2,0.993363,0.004959
1042,test,smell,1,1,0.059282,0.923568
1042,test,stayingpower,1,1,0.15409,0.737673
1042,test,texture,1,1,0.039733,0.921062
1043,test,colour,0,0,0.002253,0.000903
1043,test,packing,0,0,0.000976,0.003295
1043,test,price,0,0,0.001857,0.004303
1043,test,shipping,0,0,0.002845,0.001344
1043,test,smell,0,0,0.0006,0.002845
1043,test,stayingpower,0,0,0.00145,0.003579
1043,test,texture,0,0,0.001001,0.00094
1044,test,colour,1,2,0.845197,0.151177
1044,test,packing,1,1,0.00216,0.994521
1044,test,price,0,0,0.001691,0.00952
1044,test,shipping,1,1,0.001249,0.997062
1044,test,smell,0,0,0.006504,0.004481
1044,test,stayingpower,0,0,0.009274,0.016361
1044,test,texture,0,0,0.009642,0.012613
1045,test,colour,1,1,0.035983,0.956989
1045,test,packing,0,0,0.03298,0.066698
1045,test,price,1,1,0.027046,0.937891
1045,test,shipping,0,0,0.110896,0.041157
1045,test,smell,2,2,0.996231,0.002556
1045,test,stayingpower,0,0,0.10141,0.059367
1045,test,texture,2,2,0.997685,0.00125
1046,test,colour,0,0,0.002558,0.00088
1046,test,packing,0,0,0.001074,0.003598
1046,test,price,0,0,0.001606,0.002732
1046,test,shipping,0,0,0.002423,0.001183
1046,test,smell,0,0,0.000672,0.002881
1046,test,stayingpower,0,0,0.001423,0.003691
1046,test,texture,0,0,0.001013,0.001033
1047,test,colour,1,1,0.001601,0.996526
1047,test,packing,1,1,0.000557,0.996535
1047,test,price,0,0,0.000603,0.007827
1047,test,shipping,1,1,0.000953,0.998745
1047,test,smell,0,0,0.00322,0.008659
1047,test,stayingpower,0,0,0.004226,0.013578
1047,test,texture,0,0,0.004399,0.006454
1048,test,colour,1,1,0.000612,0.996937
1048,test,packing,0,0,0.000605,0.011102
1048,test,price,1,1,0.000985,0.996247
1048,test,shipping,1,1,0.009667,0.976026
1048,test,smell,0,0,0.000655,0.003225
1048,test,stayingpower,0,0,0.002639,0.0092
1048,test,texture,0,0,0.000798,0.001402
1049,test,colour,0,0,0.001531,0.001478
1049,test,packing,0,0,0.00093,0.005348
1049,test,price,0,0,0.001823,0.004532
1049,test,shipping,0,0,0.003073,0.001988
1049,test,smell,0,0,0.000363,0.00255
1049,test,stayingpower,0,0,0.000892,0.00295
1049,test,texture,0,0,0.001244,0.00219
1050,test,colour,1,1,0.034141,0.964151
1050,test,packing,0,0,0.013074,0.077936
1050,test,price,0,0,0.002969,0.006838
1050,test,shipping,0,0,0.001963,0.002669
1050,test,smell,0,1,0.003611,0.996316
1050,test,stayingpower,0,0,0.007543,0.0125
1050,test,texture,0,0,0.022962,0.011101
1051,test,colour,0,0,0.017896,0.084388
1051,test,packing,0,0,0.001904,0.008043
1051,test,price,0,0,0.003175,0.004753
1051,test,shipping,2,2,0.999838,8.3e-05
1051,test,smell,0,0,0.000811,0.002738
1051,test,stayingpower,0,0,0.002644,0.031432
1051,test,texture,0,0,0.006445,0.021873
1052,test,colour,0,0,0.001243,0.004478
1052,test,packing,0,0,0.000363,0.005316
1052,test,price,0,0,0.001231,0.008129
1052,test,shipping,0,0,0.001379,0.001922
1052,test,smell,0,0,0.000215,0.003025
1052,test,stayingpower,0,0,0.000676,0.003024
1052,test,texture,0,0,0.0005,0.001997
1053,test,colour,1,1,0.001107,0.997774
1053,test,packing,0,0,0.000361,0.001585
1053,test,price,1,1,0.000897,0.997718
1053,test,shipping,0,0,0.00381,0.007696
1053,test,smell,0,0,0.000693,0.003145
1053,test,stayingpower,0,0,0.007043,0.020515
1053,test,texture,0,0,0.002841,0.002725
1054,test,colour,1,1,0.002327,0.990755
1054,test,packing,0,0,0.00084,0.01082
1054,test,price,0,0,0.001826,0.016494
1054,test,shipping,2,2,0.543422,0.456434
1054,test,smell,0,0,0.001014,0.001665
1054,test,stayingpower,0,0,0.005998,0.033326
1054,test,texture,0,0,0.003325,0.006114
1055,test,colour,0,0,0.008899,0.038788
1055,test,packing,0,0,0.008411,0.039924
1055,test,price,1,1,0.006414,0.992168
1055,test,shipping,2,2,0.999627,0.000343
1055,test,smell,0,0,0.009111,0.042389
1055,test,stayingpower,0,0,0.007018,0.081365
1055,test,texture,1,1,0.008494,0.945745
1056,test,colour,1,1,0.001076,0.99864
1056,test,packing,0,0,0.005629,0.027384
1056,test,price,0,0,0.007946,0.026459
1056,test,shipping,0,0,0.012177,0.012704
1056,test,smell,0,0,0.047153,0.043267
1056,test,stayingpower,0,0,0.033956,0.018716
1056,test,texture,2,2,0.998311,0.00114
1057,test,colour,0,0,0.006673,0.043282
1057,test,packing,0,0,0.013883,0.365653
1057,test,price,0,0,0.000586,0.003
1057,test,shipping,0,0,0.155097,0.393041
1057,test,smell,1,1,0.001717,0.998218
1057,test,stayingpower,0,0,0.008471,0.055731
1057,test,texture,1,1,0.003689,0.986854
1058,test,colour,0,0,0.057498,0.003696
1058,test,packing,2,2,0.985114,0.012281
1058,test,price,0,0,0.03235,0.02043
1058,test,shipping,1,1,0.103639,0.892117
1058,test,smell,0,0,0.047346,0.006102
1058,test,stayingpower,0,0,0.019806,0.004787
1058,test,texture,0,0,0.079832,0.010569
1059,test,colour,0,0,0.000843,0.000769
1059,test,packing,0,1,0.006724,0.897012
1059,test,price,0,0,0.000541,0.002025
1059,test,shipping,0,0,0.097969,0.200807
1059,test,smell,0,0,0.000585,0.001901
1059,test,stayingpower,0,0,0.000506,0.002713
1059,test,texture,0,0,0.000564,0.000867
1060,test,colour,1,1,0.00049,0.998845
1060,test,packing,0,0,0.000639,0.002311
1060,test,price,1,1,0.00079,0.998455
1060,test,shipping,0,0,0.002763,0.007314
1060,test,smell,0,0,0.001823,0.012386
1060,test,stayingpower,0,0,0.009534,0.024023
1060,test,texture,0,0,0.007654,0.007187
1061,test,colour,0,0,0.002889,0.00312
1061,test,packing,1,1,0.00124,0.997378
1061,test,price,0,0,0.001405,0.00843
1061,test,shipping,1,1,0.004232,0.995454
1061,test,smell,0,0,0.003502,0.00963
1061,test,stayingpower,0,0,0.001692,0.004937
1061,test,texture,0,0,0.001061,0.003482
1062,test,colour,1,1,0.001542,0.995402
1062,test,packing,0,0,0.001977,0.033047
1062,test,price,0,0,0.003316,0.014235
1062,test,shipping,1,1,0.002883,0.99653
1062,test,smell,0,0,0.005754,0.025263
1062,test,stayingpower,1,1,0.024121,0.962174
1062,test,texture,1,1,0.00168,0.997147
1063,test,colour,0,0,0.002185,0.005171
1063,test,packing,0,0,0.000312,0.003999
1063,test,price,0,0,0.000801,0.003474
1063,test,shipping,1,1,0.004585,0.988054
1063,test,smell,0,0,0.000411,0.002852
1063,test,stayingpower,0,0,0.00186,0.006941
1063,test,texture,0,0,0.000255,0.002299
1064,test,colour,3,2,0.960405,0.039546
1064,test,packing,0,0,0.006246,0.006006
1064,test,price,0,0,0.008234,0.026036
1064,test,shipping,0,0,0.00309,0.00281
1064,test,smell,0,0,0.015543,0.003397
1064,test,stayingpower,0,0,0.011254,0.027853
1064,test,texture,0,0,0.023267,0.005177
1065,test,colour,0,0,0.026077,0.034128
1065,test,packing,0,0,0.018925,0.168785
1065,test,price,0,0,0.013997,0.040616
1065,test,shipping,0,0,0.017652,0.030181
1065,test,smell,2,2,0.986545,0.010321
1065,test,stayingpower,0,0,0.055031,0.104738
1065,test,texture,2,2,0.996988,0.00243
1066,test,colour,0,0,0.000994,0.005486
1066,test,packing,0,0,0.000912,0.012987
1066,test,price,1,1,0.00072,0.998761
1066,test,shipping,0,0,0.013626,0.015203
1066,test,smell,0,0,0.000658,0.015031
1066,test,stayingpower,0,0,0.001486,0.022646
1066,test,texture,0,1,0.004667,0.97805
1067,test,colour,1,1,0.001308,0.998057
1067,test,packing,0,0,0.000134,0.00061
1067,test,price,0,0,0.001007,0.003682
1067,test,shipping,0,0,0.001235,0.002266
1067,test,smell,0,0,0.000263,0.001186
1067,test,stayingpower,0,0,0.006037,0.016725
1067,test,texture,0,0,0.003436,0.009642
1068,test,colour,1,1,0.000482,0.999209
1068,test,packing,0,0,0.000583,0.008328
1068,test,price,0,0,0.001996,0.010347
1068,test,shipping,0,0,0.00347,0.009748
1068,test,smell,0,0,0.001402,0.015751
1068,test,stayingpower,0,0,0.006146,0.043897
1068,test,texture,1,1,0.001938,0.996339
1069,test,colour,0,0,0.004546,0.111219
1069,test,packing,0,0,0.000505,0.012174
1069,test,price,0,0,0.003229,0.017194
1069,test,shipping,0,0,0.005801,0.012815
1069,test,smell,0,0,0.000489,0.013294
1069,test,stayingpower,0,0,0.000894,0.01162
1069,test,texture,1,1,0.000555,0.998777
1070,test,colour,1,1,0.000775,0.998374
1070,test,packing,0,0,0.000839,0.003951
1070,test,price,0,0,0.00163,0.007586
1070,test,shipping,0,0,0.005387,0.008331
1070,test,smell,1,1,0.001819,0.997322
1070,test,stayingpower,0,0,0.005185,0.014768
1070,test,texture,1,1,0.002813,0.98854
1071,test,colour,1,1,0.001041,0.997154
1071,test,packing,0,0,0.003113,0.051938
1071,test,price,0,0,0.002175,0.009315
1071,test,shipping,1,1,0.001363,0.998528
1071,test,smell,1,1,0.005716,0.990775
1071,test,stayingpower,0,0,0.02027,0.078568
1071,test,texture,1,1,0.00186,0.99248
1072,test,colour,0,0,0.001691,0.006298
1072,test,packing,0,0,0.000847,0.010598
1072,test,price,1,1,0.000843,0.998777
1072,test,shipping,0,0,0.00871,0.018278
1072,test,smell,0,0,0.000613,0.016604
1072,test,stayingpower,0,0,0.001687,0.014676
1072,test,texture,1,1,0.005584,0.906857
1073,test,colour,1,1,0.0041,0.993407
1073,test,packing,0,0,0.005735,0.047211
1073,test,price,1,1,0.005261,0.988902
1073,test,shipping,0,0,0.035125,0.00996
1073,test,smell,0,0,0.011852,0.056595
1073,test,stayingpower,0,0,0.215712,0.072721
1073,test,texture,2,2,0.995519,0.004273
1074,test,colour,1,1,0.000681,0.998841
1074,test,packing,0,0,0.000302,0.00581
1074,test,price,0,0,0.001297,0.008726
1074,test,shipping,1,1,0.000345,0.999116
1074,test,smell,0,0,0.001894,0.006974
1074,test,stayingpower,0,0,0.02204,0.028051
1074,test,texture,0,0,0.00197,0.00727
1075,test,colour,0,0,0.005595,0.002857
1075,test,packing,0,0,0.001477,0.003771
1075,test,price,0,0,0.001792,0.003362
1075,test,shipping,0,0,0.004344,0.002576
1075,test,smell,0,0,0.000896,0.005242
1075,test,stayingpower,0,0,0.001397,0.002765
1075,test,texture,0,0,0.001489,0.001119
1076,test,colour,1,1,0.441501,0.532606
1076,test,packing,0,0,0.000918,0.003368
1076,test,price,0,0,0.001645,0.003516
1076,test,shipping,0,0,0.008043,0.002429
1076,test,smell,0,0,0.001189,0.001503
1076,test,stayingpower,1,1,0.012272,0.984618
1076,test,texture,1,1,0.022718,0.929733
1077,test,colour,0,0,0.006096,0.010466
1077,test,packing,0,0,0.000615,0.005261
1077,test,price,0,0,0.001217,0.005951
1077,test,shipping,1,1,0.001384,0.998245
1077,test,smell,0,0,0.000663,0.003366
1077,test,stayingpower,0,0,0.003511,0.004506
1077,test,texture,0,0,0.000451,0.002591
1078,test,colour,0,0,0.00145,0.001786
1078,test,packing,0,0,0.000538,0.003584
1078,test,price,0,0,0.001586,0.008009
1078,test,shipping,0,0,0.002474,0.002069
1078,test,smell,0,0,0.000356,0.003422
1078,test,stayingpower,0,0,0.001246,0.003727
1078,test,texture,0,0,0.000608,0.001104
1079,test,colour,1,1,0.003023,0.995197
1079,test,packing,0,0,0.014732,0.029345
1079,test,price,1,1,0.012662,0.981295
1079,test,shipping,2,2,0.999892,9e-05
1079,test,smell,0,0,0.00703,0.021213
1079,test,stayingpower,0,0,0.015855,0.040111
1079,test,texture,0,0,0.054434,0.022126
1080,test,colour,1,1,0.001105,0.997543
1080,test,packing,0,0,0.00159,0.015626
1080,test,price,0,0,0.001478,0.007122
1080,test,shipping,1,1,0.001114,0.998101
1080,test,smell,1,1,0.002689,0.996647
1080,test,stayingpower,0,0,0.014766,0.017269
1080,test,texture,0,0,0.001731,0.01944
1081,test,colour,0,0,0.000597,0.001448
1081,test,packing,0,0,0.000477,0.006845
1081,test,price,0,0,0.002126,0.012088
1081,test,shipping,0,0,0.001748,0.002113
1081,test,smell,0,0,0.000177,0.002144
1081,test,stayingpower,0,0,0.001034,0.006299
1081,test,texture,0,0,0.000438,0.001655
1082,test,colour,1,1,0.002458,0.996138
1082,test,packing,1,1,0.006371,0.989017
1082,test,price,0,0,0.013694,0.053096
1082,test,shipping,0,0,0.052954,0.121302
1082,test,smell,0,0,0.079986,0.100535
1082,test,stayingpower,0,0,0.043784,0.046082
1082,test,texture,3,2,0.951833,0.047054
1083,test,colour,0,0,0.004337,0.001775
1083,test,packing,0,0,0.001398,0.005225
1083,test,price,0,0,0.001316,0.002033
1083,test,shipping,0,0,0.003422,0.001059
1083,test,smell,0,0,0.000319,0.001213
1083,test,stayingpower,0,0,0.001106,0.003813
1083,test,texture,0,0,0.001774,0.001389
1084,test,colour,3,1,0.194269,0.700632
1084,test,packing,0,0,0.005332,0.019243
1084,test,price,0,0,0.005476,0.014769
1084,test,shipping,0,0,0.006227,0.003234
1084,test,smell,3,1,0.455558,0.539148
1084,test,stayingpower,0,0,0.043136,0.02515
1084,test,texture,2,2,0.99272,0.007188
1085,test,colour,0,0,0.002568,0.000988
1085,test,packing,0,0,0.00091,0.00371
1085,test,price,0,0,0.001938,0.00444
1085,test,shipping,0,0,0.002067,0.001311
1085,test,smell,0,0,0.000629,0.002572
1085,test,stayingpower,0,0,0.001433,0.003339
1085,test,texture,0,0,0.000877,0.001096
1086,test,colour,1,1,0.000299,0.999003
1086,test,packing,0,0,0.000965,0.017976
1086,test,price,0,0,0.006015,0.092216
1086,test,shipping,0,0,0.006389,0.018377
1086,test,smell,0,0,0.001491,0.024054
1086,test,stayingpower,0,0,0.004802,0.040083
1086,test,texture,1,1,0.002607,0.996614
1087,test,colour,0,0,0.000994,0.005486
1087,test,packing,0,0,0.000912,0.012987
1087,test,price,1,1,0.00072,0.998761
1087,test,shipping,0,0,0.013626,0.015203
1087,test,smell,0,0,0.000658,0.015031
1087,test,stayingpower,0,0,0.001486,0.022646
1087,test,texture,0,1,0.004667,0.97805
1088,test,colour,0,0,0.00163,0.001672
1088,test,packing,1,1,0.000713,0.998182
1088,test,price,0,0,0.0016,0.01715
1088,test,shipping,0,0,0.019226,0.044274
1088,test,smell,0,0,0.000907,0.003242
1088,test,stayingpower,0,0,0.000813,0.009558
1088,test,texture,0,0,0.001919,0.004169
1089,test,colour,0,1,0.002828,0.971222
1089,test,packing,1,1,0.001888,0.988765
1089,test,price,1,1,0.000839,0.997153
1089,test,shipping,0,0,0.010776,0.014798
1089,test,smell,1,1,0.003905,0.989822
1089,test,stayingpower,0,0,0.003572,0.014138
1089,test,texture,0,0,0.002958,0.003181
1090,test,colour,0,0,0.002063,0.033461
1090,test,packing,0,0,0.000117,0.001817
1090,test,price,0,0,0.001026,0.012479
1090,test,shipping,0,0,0.006937,0.104742
1090,test,smell,0,0,0.000165,0.002505
1090,test,stayingpower,0,0,0.001228,0.003514
1090,test,texture,0,0,0.000131,0.000753
1091,test,colour,0,0,0.002579,0.000833
1091,test,packing,0,0,0.001222,0.004783
1091,test,price,0,0,0.001422,0.003163
1091,test,shipping,0,0,0.00466,0.001129
1091,test,smell,0,0,0.000705,0.002798
1091,test,stayingpower,0,0,0.00182,0.004665
1091,test,texture,0,0,0.001444,0.002082
1092,test,colour,1,1,0.032293,0.963887
1092,test,packing,0,0,0.006255,0.009568
1092,test,price,0,0,0.003294,0.011092
1092,test,shipping,0,0,0.017128,0.004485
1092,test,smell,0,2,0.948956,0.025486
1092,test,stayingpower,3,1,0.178254,0.819205
1092,test,texture,3,2,0.618576,0.34252
1093,test,colour,0,0,0.001161,0.003359
1093,test,packing,0,0,0.000581,0.00687
1093,test,price,0,0,0.001307,0.006883
1093,test,shipping,0,0,0.00245,0.00278
1093,test,smell,0,0,0.000199,0.002317
1093,test,stayingpower,0,0,0.000495,0.00395
1093,test,texture,0,0,0.000696,0.003429
1094,test,colour,0,0,0.045559,0.257939
1094,test,packing,0,1,0.033191,0.953297
1094,test,price,1,1,0.009192,0.987417
1094,test,shipping,2,2,0.999366,0.000447
1094,test,smell,0,0,0.071144,0.095746
1094,test,stayingpower,1,1,0.028402,0.967079
1094,test,texture,0,1,0.146423,0.718825
1095,test,colour,0,0,0.001164,0.001299
1095,test,packing,0,0,0.001205,0.015345
1095,test,price,0,0,0.000808,0.004512
1095,test,shipping,0,0,0.032403,0.045411
1095,test,smell,0,0,0.000271,0.002417
1095,test,stayingpower,0,0,0.000784,0.003054
1095,test,texture,0,0,0.000246,0.001203
1096,test,colour,0,1,0.001098,0.997586
1096,test,packing,0,0,0.000156,0.003236
1096,test,price,0,0,0.000606,0.003083
1096,test,shipping,1,1,0.001026,0.995407
1096,test,smell,0,0,0.000385,0.002005
1096,test,stayingpower,0,0,0.007133,0.024532
1096,test,texture,0,0,0.001062,0.011308
1097,test,colour,1,0,0.005068,0.005177
1097,test,packing,1,1,0.000981,0.998437
1097,test,price,0,0,0.002427,0.02024
1097,test,shipping,0,1,0.004721,0.994611
1097,test,smell,0,0,0.005052,0.01034
1097,test,stayingpower,0,0,0.002982,0.014079
1097,test,texture,0,0,0.001896,0.005699
1098,test,colour,0,0,0.009931,0.064667
1098,test,packing,0,0,0.008316,0.052406
1098,test,price,0,0,0.009508,0.058661
1098,test,shipping,2,2,0.999164,0.00053
1098,test,smell,1,1,0.001438,0.998247
1098,test,stayingpower,0,0,0.00882,0.026609
1098,test,texture,0,0,0.002007,0.018258
1099,test,colour,2,2,0.991861,0.007825
1099,test,packing,0,0,0.002056,0.001456
1099,test,price,0,0,0.002621,0.005476
1099,test,shipping,0,0,0.001992,0.000864
1099,test,smell,0,0,0.003021,0.001814
1099,test,stayingpower,0,0,0.005543,0.0096
1099,test,texture,0,0,0.014932,0.004525
1100,test,colour,1,1,0.000308,0.999284
1100,test,packing,0,0,0.000885,0.014492
1100,test,price,1,1,0.001046,0.995095
1100,test,shipping,1,1,0.001136,0.997791
1100,test,smell,0,0,0.001596,0.008221
1100,test,stayingpower,0,0,0.010815,0.024602
1100,test,texture,0,0,0.002954,0.010593
1101,test,colour,1,1,0.002182,0.996781
1101,test,packing,0,0,0.00227,0.005903
1101,test,price,0,0,0.001999,0.00917
1101,test,shipping,0,0,0.028381,0.0061
1101,test,smell,0,0,0.032555,0.021762
1101,test,stayingpower,1,1,0.013895,0.951262
1101,test,texture,2,2,0.993401,0.005342
1102,test,colour,0,0,0.000992,0.001056
1102,test,packing,0,0,0.000771,0.012164
1102,test,price,0,0,0.001144,0.005152
1102,test,shipping,0,0,0.002116,0.002951
1102,test,smell,0,0,0.000363,0.004143
1102,test,stayingpower,0,0,0.000553,0.004008
1102,test,texture,0,0,0.000889,0.004769
1103,test,colour,3,1,0.155217,0.837231
1103,test,packing,0,0,0.000762,0.005301
1103,test,price,0,0,0.002047,0.011269
1103,test,shipping,0,0,0.001192,0.001134
1103,test,smell,1,1,0.00211,0.995783
1103,test,stayingpower,0,0,0.003119,0.011094
1103,test,texture,1,1,0.000835,0.996143
1104,test,colour,0,0,0.002118,0.014906
1104,test,packing,0,0,0.000572,0.013135
1104,test,price,0,0,0.001443,0.008339
1104,test,shipping,0,0,0.004053,0.008278
1104,test,smell,0,0,0.000546,0.008391
1104,test,stayingpower,0,0,0.001125,0.008282
1104,test,texture,1,1,0.001269,0.991978
1105,test,colour,0,0,0.003705,0.000642
1105,test,packing,0,0,0.005676,0.028778
1105,test,price,0,0,0.003378,0.008893
1105,test,shipping,0,0,0.009718,0.001967
1105,test,smell,0,0,0.001302,0.003033
1105,test,stayingpower,0,0,0.00056,0.001214
1105,test,texture,0,0,0.001234,0.000473
1106,test,colour,1,1,0.000997,0.997149
1106,test,packing,1,1,0.000328,0.997812
1106,test,price,0,0,0.0009,0.009248
1106,test,shipping,0,0,0.008255,0.030764
1106,test,smell,0,0,0.001992,0.006382
1106,test,stayingpower,0,0,0.002758,0.023535
1106,test,texture,0,0,0.002672,0.002566
1107,test,colour,0,0,0.001076,0.000846
1107,test,packing,0,0,0.001334,0.009723
1107,test,price,0,0,0.001856,0.006456
1107,test,shipping,0,0,0.003692,0.002318
1107,test,smell,0,0,0.000417,0.002218
1107,test,stayingpower,0,0,0.000586,0.001875
1107,test,texture,0,0,0.000819,0.001012
1108,test,colour,1,1,0.001688,0.996959
1108,test,packing,1,1,0.000328,0.99933
1108,test,price,0,0,0.001199,0.009596
1108,test,shipping,1,1,0.003959,0.99395
1108,test,smell,0,0,0.004977,0.010232
1108,test,stayingpower,0,0,0.010758,0.025041
1108,test,texture,0,0,0.008074,0.005998
1109,test,colour,0,0,0.001894,0.000483
1109,test,packing,0,0,0.003237,0.011479
1109,test,price,0,0,0.002093,0.00341
1109,test,shipping,0,0,0.008523,0.002264
1109,test,smell,0,0,0.000674,0.001965
1109,test,stayingpower,0,0,0.000654,0.001002
1109,test,texture,0,0,0.001736,0.001096
1110,test,colour,1,1,0.003894,0.994665
1110,test,packing,0,0,0.032234,0.080233
1110,test,price,1,1,0.003805,0.993696
1110,test,shipping,0,0,0.313272,0.298018
1110,test,smell,1,1,0.004029,0.992898
1110,test,stayingpower,2,2,0.89645,0.100074
1110,test,texture,1,1,0.018213,0.941272
1111,test,colour,1,1,0.001935,0.997279
1111,test,packing,0,0,0.004675,0.02719
1111,test,price,0,0,0.014479,0.009041
1111,test,shipping,0,0,0.011486,0.030317
1111,test,smell,0,0,0.005801,0.0226
1111,test,stayingpower,2,2,0.997476,0.002218
1111,test,texture,1,1,0.004199,0.985487
1112,test,colour,0,0,0.001977,0.002666
1112,test,packing,0,0,0.002992,0.014757
1112,test,price,1,1,0.000943,0.998582
1112,test,shipping,0,0,0.017453,0.014746
1112,test,smell,1,1,0.000991,0.99852
1112,test,stayingpower,0,0,0.004563,0.015692
1112,test,texture,0,0,0.006905,0.058904
1113,test,colour,0,0,0.030809,0.02056
1113,test,packing,0,0,0.002361,0.008739
1113,test,price,0,0,0.001986,0.002423
1113,test,shipping,0,0,0.004384,0.001693
1113,test,smell,0,0,0.00136,0.004219
1113,test,stayingpower,0,1,0.031069,0.963674
1113,test,texture,0,1,0.084412,0.696831
1114,test,colour,1,1,0.001041,0.995447
1114,test,packing,0,0,0.013871,0.034154
1114,test,price,0,0,0.006602,0.041127
1114,test,shipping,0,0,0.009233,0.009302
1114,test,smell,1,1,0.007641,0.99162
1114,test,stayingpower,0,0,0.047527,0.032573
1114,test,texture,0,2,0.977698,0.009383
1115,test,colour,0,0,0.003211,0.004944
1115,test,packing,1,1,0.000809,0.997866
1115,test,price,0,0,0.001418,0.013716
1115,test,shipping,0,1,0.003763,0.995235
1115,test,smell,0,0,0.002993,0.009144
1115,test,stayingpower,0,0,0.001864,0.012241
1115,test,texture,0,0,0.001282,0.006769
1116,test,colour,0,0,0.027214,0.117807
1116,test,packing,0,0,0.002051,0.006767
1116,test,price,0,0,0.003211,0.005749
1116,test,shipping,2,2,0.999814,0.000139
1116,test,smell,0,0,0.002211,0.006038
1116,test,stayingpower,0,0,0.001913,0.014135
1116,test,texture,0,0,0.00156,0.00253
1117,test,colour,1,1,0.000483,0.999155
1117,test,packing,0,0,0.00023,0.002418
1117,test,price,0,0,0.001279,0.005502
1117,test,shipping,0,0,0.002214,0.004214
1117,test,smell,0,0,0.000944,0.010242
1117,test,stayingpower,0,0,0.010048,0.036193
1117,test,texture,1,1,0.002692,0.988217
1118,test,colour,0,0,0.012677,0.089216
1118,test,packing,0,0,0.020254,0.047443
1118,test,price,0,0,0.005295,0.025654
1118,test,shipping,0,0,0.019057,0.005237
1118,test,smell,1,1,0.004435,0.993401
1118,test,stayingpower,1,1,0.011014,0.986882
1118,test,texture,0,0,0.002931,0.02646
1119,test,colour,3,2,0.964724,0.017686
1119,test,packing,0,0,0.00126,0.001241
1119,test,price,0,0,0.001471,0.002168
1119,test,shipping,0,0,0.001704,0.000574
1119,test,smell,0,0,0.001155,0.001295
1119,test,stayingpower,0,0,0.001942,0.002946
1119,test,texture,0,0,0.00707,0.002344
1120,test,colour,1,1,0.001319,0.998565
1120,test,packing,0,0,0.003492,0.00894
1120,test,price,0,0,0.00467,0.018707
1120,test,shipping,2,2,0.999024,0.000617
1120,test,smell,0,0,0.004043,0.013007
1120,test,stayingpower,0,0,0.007939,0.045699
1120,test,texture,0,0,0.007246,0.008779
1121,test,colour,0,0,0.004329,0.011718
1121,test,packing,0,0,0.002622,0.015785
1121,test,price,0,0,0.003113,0.006469
1121,test,shipping,2,2,0.999576,0.000299
1121,test,smell,0,0,0.001216,0.002922
1121,test,stayingpower,0,0,0.000944,0.010383
1121,test,texture,0,0,0.001593,0.005483
1122,test,colour,1,1,0.001014,0.998768
1122,test,packing,0,0,0.000231,0.001504
1122,test,price,0,0,0.000891,0.003091
1122,test,shipping,0,0,0.00154,0.002399
1122,test,smell,0,0,0.000958,0.00376
1122,test,stayingpower,0,0,0.005381,0.009485
1122,test,texture,0,0,0.002832,0.001881
1123,test,colour,1,1,0.002217,0.997286
1123,test,packing,0,0,0.003859,0.006703
1123,test,price,1,1,0.027861,0.957514
1123,test,shipping,0,0,0.015333,0.009257
1123,test,smell,0,0,0.014125,0.053096
1123,test,stayingpower,2,2,0.997846,0.00192
1123,test,texture,0,0,0.083309,0.024015
1124,test,colour,0,0,0.002975,0.001318
1124,test,packing,0,0,0.001049,0.003549
1124,test,price,0,0,0.001535,0.002652
1124,test,shipping,0,0,0.002731,0.001293
1124,test,smell,0,0,0.000548,0.002445
1124,test,stayingpower,0,0,0.00161,0.004285
1124,test,texture,0,0,0.001172,0.001159
1125,test,colour,1,1,0.02845,0.962373
1125,test,packing,1,1,0.03357,0.924676
1125,test,price,0,0,0.004889,0.006385
1125,test,shipping,0,0,0.064127,0.069632
1125,test,smell,1,2,0.932487,0.067267
1125,test,stayingpower,1,1,0.09616,0.892473
1125,test,texture,3,1,0.306201,0.650014
1126,test,colour,1,1,0.00296,0.995052
1126,test,packing,0,0,0.000211,0.002709
1126,test,price,0,0,0.000581,0.002722
1126,test,shipping,0,0,0.001207,0.002573
1126,test,smell,0,0,0.000268,0.001347
1126,test,stayingpower,0,0,0.001873,0.010095
1126,test,texture,0,0,0.000787,0.001813
1127,test,colour,0,0,0.010948,0.001273
1127,test,packing,0,2,0.908951,0.074223
1127,test,price,0,0,0.017105,0.028357
1127,test,shipping,2,2,0.919729,0.009626
1127,test,smell,0,0,0.00316,0.00157
1127,test,stayingpower,0,0,0.003675,0.00396
1127,test,texture,0,0,0.069253,0.012666
1128,test,colour,1,1,0.00088,0.997654
1128,test,packing,0,0,0.000357,0.005838
1128,test,price,0,0,0.001107,0.011018
1128,test,shipping,1,1,0.000477,0.999249
1128,test,smell,0,0,0.001866,0.009148
1128,test,stayingpower,0,0,0.013738,0.024115
1128,test,texture,0,0,0.00172,0.007985
1129,test,colour,1,1,0.001958,0.996808
1129,test,packing,1,1,0.000408,0.998589
1129,test,price,0,0,0.000878,0.009339
1129,test,shipping,1,1,0.001462,0.997296
1129,test,smell,0,0,0.004663,0.009613
1129,test,stayingpower,0,0,0.00634,0.025354
1129,test,texture,0,0,0.002732,0.003907
1130,test,colour,0,0,0.002768,0.005426
1130,test,packing,0,0,0.000833,0.002568
1130,test,price,1,1,0.001271,0.998169
1130,test,shipping,0,0,0.007251,0.004227
1130,test,smell,0,0,0.000897,0.011138
1130,test,stayingpower,0,0,0.001357,0.005026
1130,test,texture,0,0,0.004594,0.003279
1131,test,colour,0,0,0.002747,0.038442
1131,test,packing,0,0,0.003106,0.113206
1131,test,price,0,0,0.005927,0.097319
1131,test,shipping,0,0,0.004893,0.009139
1131,test,smell,1,1,0.000303,0.999569
1131,test,stayingpower,0,0,0.003491,0.040532
1131,test,texture,1,1,0.002318,0.994593
1132,test,colour,0,0,0.008722,0.00941
1132,test,packing,1,1,0.006849,0.990382
1132,test,price,0,0,0.007423,0.01698
1132,test,shipping,2,2,0.999554,0.000364
1132,test,smell,0,0,0.011744,0.012456
1132,test,stayingpower,0,0,0.004098,0.020353
1132,test,texture,0,0,0.004376,0.00901
1133,test,colour,1,1,0.000392,0.999521
1133,test,packing,0,0,0.000263,0.002452
1133,test,price,0,0,0.000988,0.003138
1133,test,shipping,0,0,0.002391,0.005691
1133,test,smell,0,0,0.000863,0.004241
1133,test,stayingpower,0,0,0.002725,0.012176
1133,test,texture,0,0,0.002428,0.004832
1134,test,colour,0,0,0.001754,0.000603
1134,test,packing,0,0,0.001179,0.00464
1134,test,price,0,0,0.001508,0.003152
1134,test,shipping,0,0,0.002641,0.001206
1134,test,smell,0,0,0.000685,0.002756
1134,test,stayingpower,0,0,0.001461,0.004151
1134,test,texture,0,0,0.001571,0.001747
1135,test,colour,1,1,0.002274,0.996787
1135,test,packing,0,0,0.005361,0.010085
1135,test,price,0,0,0.008686,0.019051
1135,test,shipping,0,0,0.008043,0.008388
1135,test,smell,1,1,0.001672,0.997636
1135,test,stayingpower,3,2,0.935804,0.055116
1135,test,texture,1,1,0.007415,0.845686
1136,test,colour,0,0,0.009916,0.01461
1136,test,packing,0,0,0.000858,0.007451
1136,test,price,0,0,0.001244,0.005072
1136,test,shipping,1,1,0.000564,0.999291
1136,test,smell,0,0,0.00109,0.005238
1136,test,stayingpower,0,0,0.00635,0.011122
1136,test,texture,0,0,0.000515,0.003475
1137,test,colour,0,0,0.00466,0.001173
1137,test,packing,0,0,0.000897,0.003542
1137,test,price,0,0,0.001182,0.002378
1137,test,shipping,0,0,0.008184,0.002185
1137,test,smell,0,0,0.000475,0.001715
1137,test,stayingpower,0,0,0.015168,0.023541
1137,test,texture,0,0,0.002633,0.001272
1138,test,colour,0,0,0.004308,0.001882
1138,test,packing,0,0,0.001654,0.006963
1138,test,price,0,0,0.0009,0.001983
1138,test,shipping,0,0,0.006796,0.002147
1138,test,smell,0,0,0.000642,0.002476
1138,test,stayingpower,0,0,0.001374,0.002831
1138,test,texture,0,0,0.001655,0.000978
1139,test,colour,0,0,0.000801,0.000581
1139,test,packing,1,1,0.012402,0.821992
1139,test,price,0,0,0.00121,0.003222
1139,test,shipping,0,0,0.008533,0.008732
1139,test,smell,0,0,0.000228,0.001518
1139,test,stayingpower,0,0,0.00051,0.001843
1139,test,texture,0,0,0.00126,0.001999
1140,test,colour,2,2,0.996191,0.000763
1140,test,packing,0,1,0.023677,0.974038
1140,test,price,0,0,0.005856,0.028595
1140,test,shipping,0,0,0.057282,0.086836
1140,test,smell,0,0,0.007755,0.002474
1140,test,stayingpower,0,0,0.009924,0.011066
1140,test,texture,0,0,0.012814,0.004967
1141,test,colour,0,0,0.010305,0.039594
1141,test,packing,0,0,0.002368,0.009483
1141,test,price,0,0,0.003885,0.010758
1141,test,shipping,2,2,0.999681,0.000202
1141,test,smell,0,0,0.001182,0.003605
1141,test,stayingpower,0,0,0.001154,0.007817
1141,test,texture,0,0,0.001281,0.002531
1142,test,colour,0,0,0.004979,0.016605
1142,test,packing,0,0,0.000384,0.004238
1142,test,price,0,0,0.001704,0.013401
1142,test,shipping,1,1,0.000749,0.998979
1142,test,smell,0,0,0.000935,0.007865
1142,test,stayingpower,0,0,0.003853,0.008859
1142,test,texture,0,0,0.000677,0.005133
1143,test,colour,1,1,0.001703,0.99746
1143,test,packing,0,0,0.000287,0.004168
1143,test,price,0,0,0.000901,0.004005
1143,test,shipping,1,1,0.000627,0.998309
1143,test,smell,0,0,0.001432,0.005939
1143,test,stayingpower,0,0,0.011122,0.023622
1143,test,texture,0,0,0.001073,0.004658
1144,test,colour,0,0,0.002804,0.005803
1144,test,packing,1,1,0.003594,0.98376
1144,test,price,1,1,0.000523,0.999266
1144,test,shipping,0,0,0.046317,0.050376
1144,test,smell,1,1,0.002879,0.993115
1144,test,stayingpower,0,0,0.002916,0.014275
1144,test,texture,0,0,0.004236,0.008771
1145,test,colour,0,0,0.09356,0.001687
1145,test,packing,2,2,0.989728,0.008404
1145,test,price,0,0,0.045809,0.02553
1145,test,shipping,0,2,0.658834,0.015074
1145,test,smell,0,0,0.02967,0.00442
1145,test,stayingpower,0,0,0.022537,0.003857
1145,test,texture,0,0,0.138282,0.007665
1146,test,colour,0,0,0.002017,0.001048
1146,test,packing,1,1,0.001298,0.997716
1146,test,price,0,0,0.002316,0.016666
1146,test,shipping,0,0,0.030799,0.01564
1146,test,smell,0,0,0.002085,0.005538
1146,test,stayingpower,0,0,0.002312,0.015937
1146,test,texture,0,0,0.006158,0.007213
1147,test,colour,0,0,0.000531,0.001046
1147,test,packing,0,0,0.000482,0.006148
1147,test,price,0,1,0.011172,0.844178
1147,test,shipping,0,0,0.002599,0.001976
1147,test,smell,0,0,0.000234,0.002588
1147,test,stayingpower,0,0,0.000515,0.004252
1147,test,texture,0,0,0.000449,0.001081
1148,test,colour,0,0,0.003533,0.006417
1148,test,packing,0,0,0.000497,0.004307
1148,test,price,0,0,0.001184,0.006775
1148,test,shipping,0,0,0.002765,0.001128
1148,test,smell,0,0,0.000349,0.002855
1148,test,stayingpower,0,0,0.000993,0.002609
1148,test,texture,0,0,0.00077,0.001006
1149,test,colour,1,1,0.006669,0.989394
1149,test,packing,0,0,0.007149,0.062711
1149,test,price,0,0,0.007904,0.013278
1149,test,shipping,0,0,0.029185,0.013629
1149,test,smell,0,0,0.012442,0.02581
1149,test,stayingpower,0,0,0.022486,0.018511
1149,test,texture,2,2,0.932371,0.06669
1150,test,colour,0,0,0.001693,0.00701
1150,test,packing,0,0,0.000712,0.018481
1150,test,price,0,0,0.000364,0.001511
1150,test,shipping,0,0,0.001944,0.002028
1150,test,smell,0,0,0.000159,0.003065
1150,test,stayingpower,0,0,0.006324,0.098399
1150,test,texture,0,1,0.013445,0.886724
1151,test,colour,1,1,0.000837,0.998106
1151,test,packing,0,0,0.002694,0.032993
1151,test,price,0,0,0.001752,0.007541
1151,test,shipping,1,1,0.001192,0.99817
1151,test,smell,1,1,0.003176,0.99609
1151,test,stayingpower,0,0,0.011051,0.019277
1151,test,texture,0,0,0.001599,0.013353
1152,test,colour,0,0,0.002389,0.000785
1152,test,packing,0,0,0.001795,0.006127
1152,test,price,0,0,0.001773,0.00314
1152,test,shipping,0,0,0.00324,0.001393
1152,test,smell,0,0,0.000833,0.003652
1152,test,stayingpower,0,0,0.001576,0.004276
1152,test,texture,0,0,0.001042,0.001237
1153,test,colour,1,1,0.000359,0.999257
1153,test,packing,0,0,0.001474,0.029688
1153,test,price,0,0,0.003014,0.012376
1153,test,shipping,0,0,0.005663,0.015342
1153,test,smell,0,0,0.002412,0.020531
1153,test,stayingpower,0,0,0.006762,0.042529
1153,test,texture,1,1,0.017728,0.981537
1154,test,colour,0,0,0.001556,0.005998
1154,test,packing,0,0,0.000403,0.00488
1154,test,price,0,0,0.000948,0.006893
1154,test,shipping,0,0,0.001431,0.0023
1154,test,smell,0,0,0.000381,0.004743
1154,test,stayingpower,0,0,0.000727,0.002374
1154,test,texture,0,0,0.000475,0.001238
1155,test,colour,0,0,0.001894,0.006648
1155,test,packing,0,0,0.000574,0.006684
1155,test,price,0,0,0.001306,0.007634
1155,test,shipping,0,0,0.002476,0.003551
1155,test,smell,0,0,0.000309,0.002964
1155,test,stayingpower,0,0,0.000904,0.003509
1155,test,texture,0,0,0.000432,0.001087
1156,test,colour,0,0,0.015242,0.136746
1156,test,packing,0,0,0.005183,0.046711
1156,test,price,0,0,0.011557,0.022398
1156,test,shipping,0,0,0.022363,0.037112
1156,test,smell,0,0,0.004171,0.03019
1156,test,stayingpower,2,2,0.995088,0.00393
1156,test,texture,1,1,0.001432,0.996641
1157,test,colour,1,1,0.028313,0.962847
1157,test,packing,0,0,0.022545,0.039902
1157,test,price,1,1,0.010859,0.986194
1157,test,shipping,0,0,0.208405,0.10484
1157,test,smell,2,2,0.978319,0.020955
1157,test,stayingpower,1,1,0.043983,0.93783
1157,test,texture,1,1,0.02675,0.963449
1158,test,colour,3,2,0.553629,0.444797
1158,test,packing,0,0,0.003594,0.00622
1158,test,price,0,0,0.003424,0.005095
1158,test,shipping,0,0,0.002136,0.000898
1158,test,smell,0,0,0.001903,0.002477
1158,test,stayingpower,0,0,0.0131,0.007445
1158,test,texture,0,2,0.617171,0.004122
1159,test,colour,0,0,0.007263,0.002489
1159,test,packing,1,1,0.004816,0.992645
1159,test,price,0,0,0.00139,0.008332
1159,test,shipping,1,1,0.01101,0.98791
1159,test,smell,0,0,0.003654,0.004661
1159,test,stayingpower,0,0,0.002681,0.005135
1159,test,texture,0,0,0.001412,0.002326
1160,test,colour,0,0,0.00307,0.00568
1160,test,packing,1,1,0.001683,0.993422
1160,test,price,0,0,0.001195,0.00717
1160,test,shipping,1,1,0.00146,0.998206
1160,test,smell,0,0,0.003189,0.008582
1160,test,stayingpower,0,0,0.001946,0.017214
1160,test,texture,0,0,0.001128,0.0051
1161,test,colour,1,1,0.00089,0.998796
1161,test,packing,0,0,0.003116,0.051923
1161,test,price,0,0,0.00319,0.006166
1161,test,shipping,0,0,0.015462,0.012478
1161,test,smell,0,0,0.001444,0.004797
1161,test,stayingpower,1,1,0.002459,0.994475
1161,test,texture,1,1,0.008975,0.938123
1162,test,colour,0,0,0.039381,0.021864
1162,test,packing,0,0,0.01625,0.016822
1162,test,price,0,0,0.00862,0.004486
1162,test,shipping,2,2,0.999908,6.8e-05
1162,test,smell,0,0,0.002948,0.0038
1162,test,stayingpower,0,0,0.005124,0.015487
1162,test,texture,0,0,0.0056,0.003031
1163,test,colour,0,0,0.003084,0.000932
1163,test,packing,0,0,0.001125,0.00351
1163,test,price,0,0,0.001655,0.002535
1163,test,shipping,0,0,0.002756,0.00136
1163,test,smell,0,0,0.000622,0.002548
1163,test,stayingpower,0,0,0.001946,0.004426
1163,test,texture,0,0,0.001036,0.001139
1164,test,colour,0,0,0.001977,0.006417
1164,test,packing,0,0,0.00047,0.004752
1164,test,price,0,0,0.000844,0.005085
1164,test,shipping,0,0,0.00137,0.00143
1164,test,smell,0,0,0.000458,0.006464
1164,test,stayingpower,0,0,0.000725,0.002522
1164,test,texture,0,0,0.000642,0.001666
1165,test,colour,0,0,0.004794,0.048534
1165,test,packing,0,0,0.002245,0.029811
1165,test,price,1,1,0.000283,0.999655
1165,test,shipping,0,0,0.021978,0.058583
1165,test,smell,1,1,0.001394,0.994542
1165,test,stayingpower,0,0,0.007381,0.055629
1165,test,texture,1,1,0.002865,0.991621
1166,test,colour,1,1,0.000929,0.998284
1166,test,packing,0,0,0.004419,0.043134
1166,test,price,1,1,0.00406,0.992725
1166,test,shipping,2,2,0.999532,0.000329
1166,test,smell,0,0,0.0052,0.014291
1166,test,stayingpower,0,0,0.010561,0.100437
1166,test,texture,0,0,0.024011,0.046621
1167,test,colour,1,1,0.001882,0.996656
1167,test,packing,0,0,0.008997,0.087538
1167,test,price,0,0,0.014632,0.064433
1167,test,shipping,1,1,0.014344,0.974988
1167,test,smell,0,0,0.050682,0.037245
1167,test,stayingpower,0,0,0.059033,0.052364
1167,test,texture,3,2,0.916733,0.082758
1168,test,colour,1,1,0.000347,0.999611
1168,test,packing,0,0,0.00029,0.002873
1168,test,price,0,0,0.00153,0.007091
1168,test,shipping,0,0,0.001273,0.003991
1168,test,smell,0,0,0.000667,0.004648
1168,test,stayingpower,0,0,0.004529,0.025647
1168,test,texture,0,0,0.006119,0.027845
1169,test,colour,1,1,0.023493,0.97271
1169,test,packing,0,0,0.008226,0.013215
1169,test,price,1,1,0.020488,0.947402
1169,test,shipping,0,0,0.022425,0.010537
1169,test,smell,2,2,0.997527,0.001175
1169,test,stayingpower,0,0,0.137649,0.390163
1169,test,texture,1,1,0.110821,0.879928
1170,test,colour,1,1,0.000331,0.999198
1170,test,packing,0,0,0.00029,0.003176
1170,test,price,0,0,0.002972,0.009002
1170,test,shipping,0,0,0.002834,0.019689
1170,test,smell,0,0,0.001318,0.014682
1170,test,stayingpower,0,0,0.011681,0.051429
1170,test,texture,1,1,0.003645,0.989955
1171,test,colour,3,2,0.988232,0.009015
1171,test,packing,0,0,0.017391,0.023919
1171,test,price,1,1,0.020599,0.976419
1171,test,shipping,0,0,0.076602,0.007429
1171,test,smell,0,0,0.032575,0.008118
1171,test,stayingpower,1,1,0.056983,0.936426
1171,test,texture,0,0,0.092948,0.016833
1172,test,colour,1,1,0.006063,0.992767
1172,test,packing,0,0,0.017065,0.078123
1172,test,price,0,0,0.018397,0.026392
1172,test,shipping,0,0,0.010547,0.042635
1172,test,smell,2,2,0.999267,0.000433
1172,test,stayingpower,0,0,0.014748,0.046898
1172,test,texture,0,0,0.101081,0.038118
1173,test,colour,1,1,0.007078,0.879265
1173,test,packing,1,1,0.000438,0.995072
1173,test,price,0,0,0.000656,0.006375
1173,test,shipping,1,1,0.000718,0.999001
1173,test,smell,0,0,0.001181,0.003375
1173,test,stayingpower,0,0,0.001356,0.010222
1173,test,texture,0,0,0.000539,0.001465
1174,test,colour,0,0,0.050212,0.145517
1174,test,packing,0,1,0.00487,0.990519
1174,test,price,0,0,0.006167,0.031305
1174,test,shipping,0,0,0.063006,0.020176
1174,test,smell,0,0,0.00723,0.032484
1174,test,stayingpower,1,1,0.009712,0.989523
1174,test,texture,1,1,0.016025,0.959232
1175,test,colour,1,1,0.002339,0.996708
1175,test,packing,0,0,0.000203,0.001468
1175,test,price,0,0,0.000852,0.002495
1175,test,shipping,0,0,0.001542,0.002201
1175,test,smell,0,0,0.000438,0.001744
1175,test,stayingpower,0,0,0.003341,0.009146
1175,test,texture,0,0,0.001907,0.002735
1176,test,colour,0,0,0.002516,0.028524
1176,test,packing,0,0,0.000279,0.005824
1176,test,price,0,0,0.001752,0.013081
1176,test,shipping,0,0,0.002315,0.002497
1176,test,smell,0,0,0.000611,0.033253
1176,test,stayingpower,0,0,0.001003,0.006749
1176,test,texture,1,1,0.002488,0.993221
1177,test,colour,0,0,0.001437,0.008723
1177,test,packing,0,0,0.000375,0.007851
1177,test,price,0,0,0.0032,0.01457
1177,test,shipping,0,0,0.005503,0.00805
1177,test,smell,0,0,0.000439,0.015609
1177,test,stayingpower,0,0,0.000335,0.003032
1177,test,texture,1,1,0.004308,0.989131
1178,test,colour,1,1,0.000955,0.998383
1178,test,packing,0,0,0.00407,0.010046
1178,test,price,0,0,0.003605,0.007146
1178,test,shipping,2,2,0.999037,0.000837
1178,test,smell,0,0,0.002063,0.005571
1178,test,stayingpower,0,0,0.00976,0.017973
1178,test,texture,0,0,0.008445,0.002879
1179,test,colour,1,1,0.001562,0.991882
1179,test,packing,0,0,0.012921,0.048836
1179,test,price,1,1,0.002731,0.996412
1179,test,shipping,0,0,0.047098,0.026345
1179,test,smell,1,1,0.055611,0.931402
1179,test,stayingpower,0,0,0.024157,0.055759
1179,test,texture,1,2,0.800218,0.199192
1180,test,colour,1,1,0.001476,0.997682
1180,test,packing,0,0,0.008077,0.023151
1180,test,price,0,0,0.00797,0.006795
1180,test,shipping,1,1,0.008988,0.982731
1180,test,smell,0,0,0.012035,0.01863
1180,test,stayingpower,2,2,0.99576,0.003986
1180,test,texture,0,1,0.060647,0.628514
1181,test,colour,0,0,0.002598,0.028013
1181,test,packing,0,0,0.000354,0.006172
1181,test,price,0,0,0.000944,0.007922
1181,test,shipping,1,1,0.001092,0.997917
1181,test,smell,0,0,0.000479,0.003112
1181,test,stayingpower,0,0,0.002046,0.005454
1181,test,texture,0,0,0.000254,0.003039
1182,test,colour,1,1,0.003029,0.990307
1182,test,packing,0,0,0.001418,0.007431
1182,test,price,0,0,0.003589,0.008784
1182,test,shipping,0,0,0.020609,0.014429
1182,test,smell,1,1,0.001728,0.997903
1182,test,stayingpower,0,0,0.011142,0.028475
1182,test,texture,1,1,0.002102,0.994333
1183,test,colour,2,2,0.999339,0.000498
1183,test,packing,0,0,0.011908,0.004706
1183,test,price,0,0,0.007867,0.013355
1183,test,shipping,0,0,0.00431,0.00242
1183,test,smell,0,0,0.016765,0.002418
1183,test,stayingpower,0,0,0.009591,0.014896
1183,test,texture,0,0,0.035346,0.005662
1184,test,colour,0,0,0.001644,0.001226
1184,test,packing,1,1,0.000833,0.998027
1184,test,price,0,0,0.002004,0.018051
1184,test,shipping,0,0,0.033618,0.044461
1184,test,smell,0,0,0.001447,0.004097
1184,test,stayingpower,0,0,0.00152,0.015055
1184,test,texture,0,0,0.002792,0.005056
1185,test,colour,0,0,0.002511,0.000902
1185,test,packing,0,0,0.001446,0.00477
1185,test,price,0,0,0.0019,0.004209
1185,test,shipping,0,0,0.006045,0.001544
1185,test,smell,0,0,0.00092,0.003438
1185,test,stayingpower,0,0,0.002278,0.003579
1185,test,texture,0,0,0.00236,0.001693
1186,test,colour,0,0,0.003551,0.007387
1186,test,packing,1,1,0.000953,0.99669
1186,test,price,0,0,0.00116,0.009546
1186,test,shipping,1,1,0.003481,0.995809
1186,test,smell,0,0,0.00213,0.005689
1186,test,stayingpower,0,0,0.001517,0.009745
1186,test,texture,0,0,0.000962,0.003274
1187,test,colour,0,0,0.002056,0.001163
1187,test,packing,0,0,0.000972,0.005437
1187,test,price,0,0,0.001326,0.004172
1187,test,shipping,0,0,0.003715,0.001862
1187,test,smell,0,0,0.000781,0.003991
1187,test,stayingpower,0,0,0.001903,0.004379
1187,test,texture,0,0,0.000787,0.001173
1188,test,colour,1,1,0.009996,0.98797
1188,test,packing,0,0,0.027362,0.091172
1188,test,price,0,0,0.014484,0.029505
1188,test,shipping,0,0,0.00887,0.008767
1188,test,smell,1,1,0.013767,0.985092
1188,test,stayingpower,2,2,0.990575,0.002897
1188,test,texture,2,2,0.914816,0.072459
1189,test,colour,1,0,0.096623,0.348545
1189,test,packing,0,0,0.00039,0.001253
1189,test,price,1,1,0.002552,0.945674
1189,test,shipping,1,1,0.002821,0.996507
1189,test,smell,0,0,0.000764,0.005861
1189,test,stayingpower,0,0,0.015378,0.010059
1189,test,texture,0,0,0.001986,0.002299
1190,test,colour,0,0,0.121067,0.047514
1190,test,packing,0,0,0.017587,0.019467
1190,test,price,1,1,0.005228,0.994469
1190,test,shipping,0,0,0.087219,0.011097
1190,test,smell,0,0,0.141251,0.105007
1190,test,stayingpower,2,2,0.76611,0.038045
1190,test,texture,2,2,0.998203,0.001242
1191,test,colour,0,0,0.001137,0.001148
1191,test,packing,1,1,0.000633,0.997798
1191,test,price,0,0,0.001761,0.022905
1191,test,shipping,0,0,0.03326,0.082708
1191,test,smell,0,0,0.000988,0.003133
1191,test,stayingpower,0,0,0.000887,0.009948
1191,test,texture,0,0,0.001376,0.004016
1192,test,colour,0,0,0.001404,0.003022
1192,test,packing,0,0,0.000601,0.005241
1192,test,price,0,0,0.001278,0.0058
1192,test,shipping,0,0,0.002386,0.002075
1192,test,smell,0,0,0.000328,0.002925
1192,test,stayingpower,0,0,0.00081,0.002587
1192,test,texture,0,0,0.000557,0.000924
1193,test,colour,1,1,0.01981,0.974514
1193,test,packing,1,1,0.030932,0.962025
1193,test,price,0,0,0.004688,0.005128
1193,test,shipping,2,2,0.976621,0.010066
1193,test,smell,0,0,0.013427,0.020577
1193,test,stayingpower,2,2,0.985112,0.012288
1193,test,texture,0,0,0.063298,0.02001
1194,test,colour,1,1,0.000481,0.99905
1194,test,packing,0,0,0.00067,0.003564
1194,test,price,0,0,0.001915,0.011414
1194,test,shipping,0,0,0.001765,0.002554
1194,test,smell,1,1,0.002513,0.99657
1194,test,stayingpower,0,0,0.003076,0.009637
1194,test,texture,0,0,0.002217,0.012489
1195,test,colour,0,0,0.002846,0.012529
1195,test,packing,0,1,0.000593,0.99003
1195,test,price,0,0,0.002609,0.02704
1195,test,shipping,0,0,0.005649,0.011275
1195,test,smell,0,0,0.001003,0.01967
1195,test,stayingpower,0,0,0.001752,0.045358
1195,test,texture,1,1,0.003067,0.988622
1196,test,colour,0,0,0.00158,0.000876
1196,test,packing,0,0,0.001108,0.008603
1196,test,price,0,0,0.001237,0.004973
1196,test,shipping,0,0,0.001863,0.001364
1196,test,smell,0,0,0.000653,0.009687
1196,test,stayingpower,0,0,0.001466,0.004116
1196,test,texture,0,0,0.00162,0.002935
1197,test,colour,2,2,0.980736,0.017978
1197,test,packing,0,0,0.00461,0.037062
1197,test,price,0,0,0.0102,0.030144
1197,test,shipping,0,0,0.005547,0.006712
1197,test,smell,0,0,0.003875,0.004282
1197,test,stayingpower,0,0,0.01569,0.104326
1197,test,texture,1,1,0.006879,0.99135
1198,test,colour,0,0,0.001389,0.006225
1198,test,packing,1,1,0.001297,0.995197
1198,test,price,1,1,0.000519,0.998975
1198,test,shipping,1,1,0.006165,0.992359
1198,test,smell,0,0,0.001616,0.011303
1198,test,stayingpower,0,0,0.002741,0.009778
1198,test,texture,0,0,0.002595,0.003691
1199,test,colour,1,1,0.00772,0.990994
1199,test,packing,0,0,0.007932,0.016208
1199,test,price,0,0,0.003361,0.009501
1199,test,shipping,0,0,0.005741,0.001556
1199,test,smell,1,1,0.005319,0.991291
1199,test,stayingpower,1,1,0.292167,0.705166
1199,test,texture,1,1,0.032254,0.959502
1200,test,colour,1,1,0.001105,0.997242
1200,test,packing,0,0,0.000664,0.009738
1200,test,price,1,1,0.001135,0.995201
1200,test,shipping,1,1,0.000704,0.998341
1200,test,smell,0,0,0.001387,0.009618
1200,test,stayingpower,0,0,0.008549,0.019518
1200,test,texture,0,0,0.001801,0.004253
1201,test,colour,0,0,0.001385,0.001236
1201,test,packing,0,0,0.000703,0.005547
1201,test,price,0,0,0.001481,0.003732
1201,test,shipping,0,0,0.001851,0.001617
1201,test,smell,0,0,0.000369,0.003414
1201,test,stayingpower,0,0,0.000636,0.002698
1201,test,texture,0,0,0.000822,0.001492
1202,test,colour,1,1,0.000669,0.99908
1202,test,packing,0,0,0.000227,0.002266
1202,test,price,0,0,0.001072,0.004254
1202,test,shipping,0,0,0.001829,0.004647
1202,test,smell,0,0,0.000623,0.002341
1202,test,stayingpower,0,0,0.003927,0.011786
1202,test,texture,0,0,0.001376,0.0022
1203,test,colour,0,0,0.002157,0.00077
1203,test,packing,0,0,0.006653,0.091463
1203,test,price,0,0,0.001456,0.004781
1203,test,shipping,0,0,0.008082,0.001256
1203,test,smell,0,0,0.000349,0.002789
1203,test,stayingpower,0,0,0.000434,0.001714
1203,test,texture,0,0,0.001099,0.000913
1204,test,colour,1,1,0.002259,0.978614
1204,test,packing,1,1,0.000684,0.997274
1204,test,price,1,1,0.000822,0.994421
1204,test,shipping,0,0,0.007891,0.0248
1204,test,smell,1,0,0.001186,0.009364
1204,test,stayingpower,0,0,0.003119,0.016466
1204,test,texture,0,0,0.006603,0.003238
1205,test,colour,0,0,0.001205,0.004576
1205,test,packing,0,0,0.001914,0.03476
1205,test,price,1,1,0.000933,0.99748
1205,test,shipping,0,0,0.003183,0.00364
1205,test,smell,0,0,0.000265,0.007722
1205,test,stayingpower,0,0,0.00124,0.005862
1205,test,texture,0,0,0.000983,0.001596
1206,test,colour,0,0,0.002185,0.001881
1206,test,packing,0,0,0.000805,0.002125
1206,test,price,0,0,0.002037,0.004983
1206,test,shipping,0,0,0.003597,0.001706
1206,test,smell,0,0,0.000588,0.002762
1206,test,stayingpower,0,0,0.001476,0.001653
1206,test,texture,0,0,0.001027,0.000762
1207,test,colour,1,1,0.001459,0.99757
1207,test,packing,0,0,0.007458,0.036666
1207,test,price,0,0,0.010746,0.044614
1207,test,shipping,0,0,0.022303,0.015474
1207,test,smell,0,0,0.032552,0.031083
1207,test,stayingpower,0,0,0.017963,0.023554
1207,test,texture,2,2,0.998445,0.000932
1208,test,colour,1,1,0.00112,0.996885
1208,test,packing,0,0,0.002726,0.014981
1208,test,price,1,1,0.000524,0.999273
1208,test,shipping,0,0,0.012007,0.017376
1208,test,smell,1,1,0.004536,0.977646
1208,test,stayingpower,0,0,0.012071,0.074598
1208,test,texture,1,1,0.002634,0.993205
1209,test,colour,0,1,0.011186,0.980861
1209,test,packing,0,0,0.041092,0.27878
1209,test,price,0,0,0.006282,0.005725
1209,test,shipping,0,1,0.041194,0.914045
1209,test,smell,1,2,0.998524,0.001106
1209,test,stayingpower,0,0,0.023159,0.160152
1209,test,texture,1,1,0.03626,0.914371
1210,test,colour,0,0,0.00502,0.012535
1210,test,packing,0,0,0.00213,0.014451
1210,test,price,1,1,0.000894,0.998641
1210,test,shipping,0,0,0.024187,0.018585
1210,test,smell,1,1,0.001415,0.995322
1210,test,stayingpower,0,0,0.003578,0.026951
1210,test,texture,1,1,0.000979,0.996086
1211,test,colour,0,0,0.004668,0.007599
1211,test,packing,1,1,0.003797,0.99266
1211,test,price,0,0,0.005486,0.023905
1211,test,shipping,2,2,0.998893,0.000872
1211,test,smell,0,0,0.004187,0.007075
1211,test,stayingpower,0,0,0.001944,0.019133
1211,test,texture,0,0,0.002245,0.008787
1212,test,colour,0,0,0.003292,0.003566
1212,test,packing,0,0,0.000925,0.014237
1212,test,price,0,0,0.000637,0.002087
1212,test,shipping,1,1,0.002956,0.996613
1212,test,smell,0,0,0.001573,0.010815
1212,test,stayingpower,0,0,0.002335,0.005601
1212,test,texture,0,0,0.000705,0.006293
1213,test,colour,1,1,0.000981,0.997032
1213,test,packing,0,0,0.001203,0.011035
1213,test,price,1,1,0.00141,0.997011
1213,test,shipping,0,0,0.013864,0.024994
1213,test,smell,0,0,0.001951,0.01838
1213,test,stayingpower,0,0,0.00734,0.091335
1213,test,texture,1,1,0.0011,0.997949
1214,test,colour,1,1,0.000617,0.999001
1214,test,packing,0,0,0.000203,0.002452
1214,test,price,0,0,0.000853,0.003739
1214,test,shipping,0,0,0.001811,0.005897
1214,test,smell,0,0,0.000468,0.002201
1214,test,stayingpower,0,0,0.002184,0.009552
1214,test,texture,0,0,0.001401,0.002899
1215,test,colour,0,0,0.002323,0.000819
1215,test,packing,0,0,0.000999,0.003554
1215,test,price,0,0,0.001576,0.00367
1215,test,shipping,0,0,0.003222,0.00123
1215,test,smell,0,0,0.000715,0.003581
1215,test,stayingpower,0,0,0.001542,0.004261
1215,test,texture,0,0,0.001089,0.00128
1216,test,colour,0,0,0.05383,0.014704
1216,test,packing,0,2,0.848591,0.144185
1216,test,price,0,0,0.028729,0.093716
1216,test,shipping,0,0,0.184602,0.012095
1216,test,smell,1,1,0.014568,0.980667
1216,test,stayingpower,0,0,0.026081,0.012117
1216,test,texture,1,1,0.066767,0.921981
1217,test,colour,0,0,0.008272,0.00827
1217,test,packing,0,0,0.001463,0.004624
1217,test,price,1,1,0.000675,0.999111
1217,test,shipping,0,0,0.018665,0.004478
1217,test,smell,2,1,0.045514,0.946821
1217,test,stayingpower,0,0,0.002612,0.01281
1217,test,texture,0,0,0.008617,0.007394
1218,test,colour,0,0,0.000985,0.003211
1218,test,packing,0,0,0.000576,0.00679
1218,test,price,1,1,0.000753,0.998728
1218,test,shipping,0,0,0.006131,0.006281
1218,test,smell,0,0,0.000388,0.003613
1218,test,stayingpower,0,0,0.000891,0.012547
1218,test,texture,0,0,0.001754,0.00503
1219,test,colour,1,1,0.000441,0.998873
1219,test,packing,0,0,0.020447,0.085945
1219,test,price,0,0,0.016832,0.082624
1219,test,shipping,0,0,0.025186,0.033232
1219,test,smell,3,1,0.017554,0.98124
1219,test,stayingpower,0,0,0.417569,0.112907
1219,test,texture,1,2,0.930848,0.06849
1220,test,colour,1,1,0.000684,0.999113
1220,test,packing,0,0,0.000401,0.005462
1220,test,price,0,0,0.001621,0.005396
1220,test,shipping,0,0,0.003694,0.009004
1220,test,smell,0,0,0.001207,0.016442
1220,test,stayingpower,0,0,0.007511,0.041081
1220,test,texture,1,1,0.002501,0.993527
1221,test,colour,0,0,0.001235,0.002134
1221,test,packing,0,0,0.000756,0.010436
1221,test,price,0,0,0.001179,0.006618
1221,test,shipping,0,0,0.002319,0.002662
1221,test,smell,0,0,0.00034,0.003559
1221,test,stayingpower,0,0,0.000908,0.003762
1221,test,texture,0,0,0.000656,0.001852
1222,test,colour,1,1,0.002774,0.994428
1222,test,packing,1,1,0.002072,0.994527
1222,test,price,0,0,0.00163,0.012325
1222,test,shipping,2,2,0.998635,0.001124
1222,test,smell,0,0,0.004986,0.006273
1222,test,stayingpower,0,0,0.00417,0.037894
1222,test,texture,0,0,0.004527,0.005293
1223,test,colour,2,2,0.948622,0.050803
1223,test,packing,0,0,0.002028,0.002673
1223,test,price,0,0,0.002374,0.009278
1223,test,shipping,0,0,0.001025,0.001773
1223,test,smell,0,0,0.003494,0.001304
1223,test,stayingpower,0,0,0.006592,0.018546
1223,test,texture,0,0,0.012115,0.006888
1224,test,colour,1,1,0.002286,0.986354
1224,test,packing,1,1,0.000501,0.997008
1224,test,price,1,1,0.000559,0.99612
1224,test,shipping,1,1,0.002267,0.997049
1224,test,smell,0,0,0.002709,0.011652
1224,test,stayingpower,0,0,0.008712,0.027526
1224,test,texture,0,0,0.003542,0.002629
1225,test,colour,1,1,0.000304,0.999298
1225,test,packing,0,0,0.000583,0.014398
1225,test,price,0,0,0.002971,0.014878
1225,test,shipping,0,0,0.004581,0.013516
1225,test,smell,0,0,0.000924,0.015976
1225,test,stayingpower,0,0,0.002759,0.047808
1225,test,texture,0,1,0.001639,0.994514
1226,test,colour,1,1,0.00208,0.995974
1226,test,packing,0,0,0.001558,0.006111
1226,test,price,1,1,0.001431,0.997343
1226,test,shipping,0,0,0.003933,0.007838
1226,test,smell,1,1,0.001269,0.997103
1226,test,stayingpower,0,0,0.008371,0.018
1226,test,texture,1,1,0.00325,0.971528
1227,test,colour,1,1,0.002132,0.997108
1227,test,packing,0,0,0.004251,0.010301
1227,test,price,0,0,0.014546,0.010105
1227,test,shipping,0,0,0.024637,0.02198
1227,test,smell,0,0,0.007647,0.020833
1227,test,stayingpower,2,2,0.996947,0.002721
1227,test,texture,0,0,0.015902,0.007554
1228,test,colour,0,0,0.082714,0.009677
1228,test,packing,0,0,0.141552,0.190375
1228,test,price,0,0,0.027583,0.096143
1228,test,shipping,0,0,0.039543,0.041957
1228,test,smell,2,2,0.998454,0.001366
1228,test,stayingpower,0,0,0.091239,0.036423
1228,test,texture,2,2,0.95442,0.013028
1229,test,colour,0,0,0.001213,0.00449
1229,test,packing,1,1,0.001636,0.993752
1229,test,price,1,1,0.000737,0.99821
1229,test,shipping,1,1,0.014134,0.984246
1229,test,smell,0,0,0.001488,0.0059
1229,test,stayingpower,0,0,0.00179,0.008961
1229,test,texture,0,0,0.00173,0.002083
1230,test,colour,0,0,0.006537,0.001159
1230,test,packing,0,0,0.003847,0.004761
1230,test,price,0,0,0.001761,0.003275
1230,test,shipping,0,0,0.035667,0.002015
1230,test,smell,0,0,0.001091,0.002765
1230,test,stayingpower,0,0,0.003164,0.002891
1230,test,texture,0,0,0.002469,0.000564
1231,test,colour,1,1,0.000206,0.999634
1231,test,packing,0,0,0.001178,0.055959
1231,test,price,0,0,0.001734,0.011993
1231,test,shipping,0,0,0.005127,0.016554
1231,test,smell,0,0,0.002575,0.024448
1231,test,stayingpower,0,0,0.006105,0.088363
1231,test,texture,0,1,0.149168,0.845707
1232,test,colour,1,1,0.001579,0.995261
1232,test,packing,1,1,0.002154,0.993672
1232,test,price,0,0,0.001941,0.024313
1232,test,shipping,1,2,0.99884,0.001037
1232,test,smell,0,0,0.003479,0.005777
1232,test,stayingpower,0,0,0.002665,0.028475
1232,test,texture,0,0,0.007218,0.011898
1233,test,colour,1,1,0.000834,0.998736
1233,test,packing,0,0,0.000346,0.008108
1233,test,price,0,0,0.000414,0.00125
1233,test,shipping,3,1,0.008439,0.960589
1233,test,smell,0,0,0.000508,0.001171
1233,test,stayingpower,0,0,0.003694,0.00968
1233,test,texture,0,0,0.000937,0.001324
1234,test,colour,1,1,0.003085,0.996472
1234,test,packing,0,0,0.004036,0.026289
1234,test,price,0,0,0.014116,0.010878
1234,test,shipping,0,0,0.010867,0.017866
1234,test,smell,0,0,0.006762,0.030708
1234,test,stayingpower,0,2,0.997785,0.001747
1234,test,texture,1,1,0.007208,0.982271
1235,test,colour,0,0,0.001579,0.004009
1235,test,packing,0,0,0.000505,0.004941
1235,test,price,0,0,0.001271,0.008167
1235,test,shipping,0,0,0.001358,0.00178
1235,test,smell,0,0,0.0004,0.004089
1235,test,stayingpower,0,0,0.000814,0.00217
1235,test,texture,0,0,0.000442,0.001286
1236,test,colour,1,1,0.000759,0.997813
1236,test,packing,0,0,0.006881,0.051942
1236,test,price,1,1,0.010267,0.976261
1236,test,shipping,2,2,0.999799,0.000169
1236,test,smell,0,0,0.004457,0.015563
1236,test,stayingpower,0,0,0.011698,0.045118
1236,test,texture,0,0,0.011958,0.010564
1237,test,colour,0,0,0.027549,0.029315
1237,test,packing,0,0,0.020855,0.074137
1237,test,price,0,0,0.010818,0.038558
1237,test,shipping,2,2,0.998251,0.001174
1237,test,smell,0,0,0.037733,0.024458
1237,test,stayingpower,0,0,0.009695,0.053807
1237,test,texture,3,2,0.785184,0.213978
1238,test,colour,0,0,0.006182,0.004908
1238,test,packing,0,0,0.026104,0.039596
1238,test,price,1,1,0.006782,0.990828
1238,test,shipping,3,2,0.999261,0.000629
1238,test,smell,0,0,0.001437,0.006441
1238,test,stayingpower,0,0,0.00369,0.006251
1238,test,texture,0,0,0.003994,0.003904
1239,test,colour,0,0,0.011961,0.039108
1239,test,packing,0,0,0.007988,0.043661
1239,test,price,0,0,0.007577,0.035263
1239,test,shipping,2,2,0.998737,0.000574
1239,test,smell,1,1,0.00177,0.997731
1239,test,stayingpower,0,0,0.006992,0.024171
1239,test,texture,0,0,0.002851,0.026702
1240,test,colour,0,0,0.011056,0.065026
1240,test,packing,0,0,0.012836,0.055892
1240,test,price,0,0,0.007718,0.052425
1240,test,shipping,0,0,0.022834,0.005478
1240,test,smell,1,1,0.002202,0.996831
1240,test,stayingpower,0,0,0.011433,0.008609
1240,test,texture,1,2,0.740092,0.258472
1241,test,colour,1,1,0.001041,0.998831
1241,test,packing,0,0,0.002369,0.008205
1241,test,price,0,0,0.002983,0.004687
1241,test,shipping,0,0,0.010635,0.032398
1241,test,smell,0,0,0.002168,0.006897
1241,test,stayingpower,3,1,0.047653,0.950169
1241,test,texture,0,0,0.008667,0.034568
1242,test,colour,0,0,0.016258,0.019304
1242,test,packing,0,0,0.003358,0.013776
1242,test,price,1,1,0.000798,0.998829
1242,test,shipping,0,0,0.012709,0.003444
1242,test,smell,1,1,0.001909,0.997324
1242,test,stayingpower,0,0,0.006137,0.008251
1242,test,texture,0,0,0.015088,0.015849
1243,test,colour,0,0,0.001267,0.001726
1243,test,packing,0,0,0.000894,0.003307
1243,test,price,1,1,0.003782,0.991777
1243,test,shipping,0,0,0.010835,0.005851
1243,test,smell,0,0,0.000571,0.009651
1243,test,stayingpower,0,0,0.001231,0.00268
1243,test,texture,0,0,0.001507,0.001028
1244,test,colour,1,1,0.004169,0.995292
1244,test,packing,0,0,0.001069,0.005737
1244,test,price,1,1,0.001913,0.996328
1244,test,shipping,0,0,0.00288,0.002388
1244,test,smell,0,0,0.003218,0.010318
1244,test,stayingpower,2,0,0.013697,0.134345
1244,test,texture,1,1,0.029581,0.952859
1245,test,colour,1,1,0.001243,0.99518
1245,test,packing,1,1,0.001575,0.994196
1245,test,price,0,0,0.001378,0.011989
1245,test,shipping,1,1,0.001268,0.998406
1245,test,smell,1,1,0.007293,0.99149
1245,test,stayingpower,0,0,0.012066,0.023992
1245,test,texture,0,0,0.004704,0.026319
1246,test,colour,0,0,0.00325,0.006824
1246,test,packing,1,1,0.000556,0.998536
1246,test,price,0,0,0.001801,0.020871
1246,test,shipping,1,1,0.002449,0.996638
1246,test,smell,0,0,0.0024,0.005794
1246,test,stayingpower,0,0,0.001845,0.01078
1246,test,texture,0,0,0.000905,0.003151
1247,test,colour,0,0,0.026984,0.005019
1247,test,packing,0,0,0.002572,0.006634
1247,test,price,0,0,0.001372,0.002538
1247,test,shipping,0,0,0.011826,0.004865
1247,test,smell,0,0,0.000258,0.000761
1247,test,stayingpower,0,0,0.000503,0.002506
1247,test,texture,0,0,0.054428,0.004935
1248,test,colour,0,0,0.006029,0.046126
1248,test,packing,0,0,0.004251,0.057171
1248,test,price,0,0,0.003266,0.006575
1248,test,shipping,0,0,0.022682,0.007121
1248,test,smell,0,0,0.001131,0.012343
1248,test,stayingpower,1,1,0.004593,0.991126
1248,test,texture,1,1,0.004494,0.98591
1249,test,colour,0,0,0.015353,0.040131
1249,test,packing,0,0,0.002862,0.020877
1249,test,price,0,0,0.007758,0.007977
1249,test,shipping,0,0,0.03154,0.018433
1249,test,smell,0,0,0.001929,0.018993
1249,test,stayingpower,2,2,0.993907,0.004909
1249,test,texture,1,1,0.003507,0.990622
1250,test,colour,1,1,0.002046,0.997055
1250,test,packing,0,0,0.010981,0.058469
1250,test,price,0,0,0.022589,0.115138
1250,test,shipping,0,0,0.029944,0.083219
1250,test,smell,2,2,0.950477,0.036772
1250,test,stayingpower,0,0,0.029471,0.072167
1250,test,texture,2,2,0.995793,0.003094
1251,test,colour,0,0,0.109279,0.182217
1251,test,packing,0,0,0.004698,0.006995
1251,test,price,0,0,0.009737,0.007262
1251,test,shipping,0,0,0.017366,0.00759
1251,test,smell,0,0,0.002522,0.004198
1251,test,stayingpower,2,2,0.978775,0.021053
1251,test,texture,0,0,0.039527,0.037486
1252,test,colour,3,2,0.992799,0.006284
1252,test,packing,0,0,0.06587,0.093061
1252,test,price,1,1,0.004973,0.992241
1252,test,shipping,1,1,0.013725,0.965564
1252,test,smell,1,1,0.019933,0.978914
1252,test,stayingpower,0,0,0.190806,0.025526
1252,test,texture,0,0,0.038288,0.063855
1253,test,colour,1,1,0.000522,0.99869
1253,test,packing,0,0,0.00098,0.009631
1253,test,price,1,1,0.000859,0.998114
1253,test,shipping,0,0,0.009398,0.01868
1253,test,smell,0,0,0.001561,0.014036
1253,test,stayingpower,0,0,0.008925,0.072763
1253,test,texture,1,1,0.005665,0.987808
1254,test,colour,0,0,0.00171,0.003463
1254,test,packing,0,0,0.000946,0.004025
1254,test,price,1,1,0.001561,0.997226
1254,test,shipping,0,0,0.003854,0.005787
1254,test,smell,0,0,0.000609,0.012961
1254,test,stayingpower,0,0,0.001758,0.006551
1254,test,texture,0,0,0.002815,0.004485
1255,test,colour,0,0,0.022909,0.022947
1255,test,packing,0,0,0.007241,0.010686
1255,test,price,0,0,0.014082,0.007068
1255,test,shipping,2,2,0.999877,8.7e-05
1255,test,smell,0,0,0.003471,0.005931
1255,test,stayingpower,0,0,0.004374,0.01985
1255,test,texture,0,0,0.003844,0.0054
1256,test,colour,0,0,0.084362,0.011733
1256,test,packing,1,1,0.055012,0.937291
1256,test,price,0,0,0.022667,0.14992
1256,test,shipping,1,1,0.008597,0.989593
1256,test,smell,0,0,0.089903,0.040934
1256,test,stayingpower,0,0,0.14856,0.046148
1256,test,texture,2,2,0.996319,0.002583
1257,test,colour,0,1,0.00242,0.995346
1257,test,packing,0,0,0.002714,0.027424
1257,test,price,0,0,0.001686,0.005228
1257,test,shipping,1,1,0.012369,0.987163
1257,test,smell,0,0,0.004887,0.013801
1257,test,stayingpower,1,1,0.011486,0.986986
1257,test,texture,3,1,0.018188,0.926295
1258,test,colour,1,1,0.003092,0.995787
1258,test,packing,0,0,0.008505,0.022583
1258,test,price,0,0,0.012397,0.008023
1258,test,shipping,1,1,0.013117,0.965478
1258,test,smell,0,0,0.015327,0.053344
1258,test,stayingpower,2,2,0.998686,0.001224
1258,test,texture,0,0,0.038715,0.054116
1259,test,colour,0,0,0.033632,0.085272
1259,test,packing,1,1,0.008303,0.982692
1259,test,price,1,1,0.002122,0.997281
1259,test,shipping,0,0,0.066498,0.014944
1259,test,smell,0,0,0.007365,0.030046
1259,test,stayingpower,1,1,0.025492,0.968303
1259,test,texture,3,1,0.116727,0.842033
1260,test,colour,1,1,0.002812,0.996578
1260,test,packing,0,0,0.020017,0.032178
1260,test,price,0,0,0.013483,0.022525
1260,test,shipping,2,2,0.995721,0.003411
1260,test,smell,0,0,0.032136,0.052136
1260,test,stayingpower,2,2,0.986653,0.01077
1260,test,texture,1,1,0.426935,0.565329
1261,test,colour,0,0,0.002532,0.023244
1261,test,packing,0,0,0.001285,0.010133
1261,test,price,1,1,0.000631,0.999045
1261,test,shipping,1,1,0.007413,0.989586
1261,test,smell,0,0,0.000496,0.009409
1261,test,stayingpower,0,0,0.003739,0.012906
1261,test,texture,0,0,0.000604,0.002912
1262,test,colour,0,0,0.002313,0.013977
1262,test,packing,0,0,0.000186,0.002008
1262,test,price,0,0,0.001783,0.008508
1262,test,shipping,0,0,0.001302,0.00174
1262,test,smell,0,0,0.000218,0.002566
1262,test,stayingpower,0,0,0.000381,0.002123
1262,test,texture,0,0,0.001227,0.001954
1263,test,colour,0,0,0.019349,0.020852
1263,test,packing,0,0,0.005669,0.014913
1263,test,price,0,0,0.005518,0.005514
1263,test,shipping,2,2,0.999742,0.000195
1263,test,smell,0,0,0.001536,0.002365
1263,test,stayingpower,0,0,0.001333,0.007302
1263,test,texture,0,0,0.001942,0.002275
1264,test,colour,0,0,0.002455,0.001765
1264,test,packing,0,0,0.001275,0.010107
1264,test,price,0,0,0.001108,0.002842
1264,test,shipping,0,0,0.004761,0.002163
1264,test,smell,0,0,0.000613,0.003277
1264,test,stayingpower,0,0,0.001002,0.002261
1264,test,texture,0,0,0.001234,0.000866
1265,test,colour,0,0,0.024189,0.130683
1265,test,packing,0,0,0.009034,0.026538
1265,test,price,0,0,0.009331,0.053557
1265,test,shipping,0,0,0.009944,0.008026
1265,test,smell,0,0,0.008453,0.010441
1265,test,stayingpower,0,0,0.002282,0.007051
1265,test,texture,2,2,0.998642,0.000827
1266,test,colour,0,0,0.004167,0.0051
1266,test,packing,1,1,0.000884,0.998193
1266,test,price,0,0,0.00158,0.01242
1266,test,shipping,1,1,0.003731,0.995384
1266,test,smell,0,0,0.004139,0.008913
1266,test,stayingpower,0,0,0.0033,0.019316
1266,test,texture,0,0,0.002212,0.008525
1267,test,colour,0,0,0.001233,0.004675
1267,test,packing,0,0,0.000372,0.002875
1267,test,price,1,1,0.00118,0.997784
1267,test,shipping,0,0,0.004797,0.006901
1267,test,smell,0,0,0.00027,0.004474
1267,test,stayingpower,0,0,0.001118,0.00829
1267,test,texture,0,0,0.004206,0.02321
1268,test,colour,0,1,0.024864,0.766469
1268,test,packing,0,0,0.007714,0.034675
1268,test,price,1,1,0.001735,0.996955
1268,test,shipping,1,1,0.03673,0.95727
1268,test,smell,0,0,0.019166,0.03262
1268,test,stayingpower,0,0,0.035438,0.055296
1268,test,texture,1,1,0.459149,0.540045
1269,test,colour,0,0,0.00371,0.001861
1269,test,packing,1,1,0.002941,0.995831
1269,test,price,0,0,0.001067,0.00827
1269,test,shipping,0,0,0.202615,0.110391
1269,test,smell,0,0,0.002571,0.005872
1269,test,stayingpower,0,0,0.001596,0.009249
1269,test,texture,0,0,0.006269,0.007845
1270,test,colour,1,1,0.029948,0.961651
1270,test,packing,0,0,0.034497,0.064841
1270,test,price,1,1,0.025133,0.962854
1270,test,shipping,0,0,0.111181,0.028269
1270,test,smell,1,2,0.936158,0.063503
1270,test,stayingpower,1,1,0.023584,0.972775
1270,test,texture,0,1,0.232815,0.65893
1271,test,colour,1,1,0.001511,0.996464
1271,test,packing,1,1,0.001108,0.997798
1271,test,price,0,0,0.002238,0.018883
1271,test,shipping,2,2,0.997732,0.001924
1271,test,smell,0,0,0.004094,0.006974
1271,test,stayingpower,0,0,0.004298,0.038319
1271,test,texture,0,0,0.00817,0.012657
1272,test,colour,1,1,0.000889,0.998597
1272,test,packing,0,0,0.000154,0.001307
1272,test,price,0,0,0.00132,0.004351
1272,test,shipping,0,0,0.001651,0.003829
1272,test,smell,0,0,0.000366,0.001541
1272,test,stayingpower,0,0,0.008458,0.104834
1272,test,texture,0,0,0.002888,0.012678
1273,test,colour,1,1,0.000997,0.997762
1273,test,packing,0,0,0.000968,0.012234
1273,test,price,0,0,0.00199,0.007239
1273,test,shipping,0,0,0.011219,0.013306
1273,test,smell,0,0,0.000704,0.003876
1273,test,stayingpower,1,1,0.0028,0.994929
1273,test,texture,1,1,0.007119,0.974622
1274,test,colour,0,0,0.173373,0.03221
1274,test,packing,0,0,0.000714,0.001199
1274,test,price,0,0,0.001153,0.00283
1274,test,shipping,0,0,0.001284,0.000615
1274,test,smell,0,0,0.000391,0.001188
1274,test,stayingpower,0,0,0.000878,0.000887
1274,test,texture,0,0,0.013613,0.008067
1275,test,colour,1,1,0.002133,0.995146
1275,test,packing,0,0,0.001071,0.008665
1275,test,price,0,0,0.002381,0.007774
1275,test,shipping,0,0,0.01002,0.008984
1275,test,smell,0,0,0.001472,0.009349
1275,test,stayingpower,1,1,0.00809,0.981878
1275,test,texture,1,1,0.001682,0.997452
1276,test,colour,0,0,0.004308,0.001882
1276,test,packing,0,0,0.001654,0.006963
1276,test,price,0,0,0.0009,0.001983
1276,test,shipping,0,0,0.006796,0.002147
1276,test,smell,0,0,0.000642,0.002476
1276,test,stayingpower,0,0,0.001374,0.002831
1276,test,texture,0,0,0.001655,0.000978
1277,test,colour,0,0,0.002028,0.002469
1277,test,packing,0,0,0.001177,0.010094
1277,test,price,0,0,0.000718,0.002776
1277,test,shipping,0,0,0.00634,0.003747
1277,test,smell,0,0,0.000286,0.002406
1277,test,stayingpower,0,0,0.000536,0.002616
1277,test,texture,0,0,0.000535,0.000752
1278,test,colour,1,1,0.003477,0.993409
1278,test,packing,1,1,0.002513,0.99365
1278,test,price,0,0,0.00234,0.013002
1278,test,shipping,2,2,0.999157,0.000684
1278,test,smell,0,0,0.012168,0.031894
1278,test,stayingpower,0,0,0.003833,0.029045
1278,test,texture,0,0,0.007169,0.007089
1279,test,colour,1,2,0.969628,0.02575
1279,test,packing,0,0,0.019326,0.05904
1279,test,price,0,0,0.00509,0.027523
1279,test,shipping,1,1,0.001011,0.998385
1279,test,smell,0,0,0.014994,0.006904
1279,test,stayingpower,0,0,0.094793,0.078322
1279,test,texture,3,1,0.08222,0.889603
1280,test,colour,0,0,0.016311,0.009032
1280,test,packing,0,0,0.00178,0.003595
1280,test,price,1,1,0.001894,0.997137
1280,test,shipping,0,0,0.006596,0.002661
1280,test,smell,0,0,0.000994,0.011342
1280,test,stayingpower,0,0,0.001692,0.00341
1280,test,texture,0,0,0.003598,0.002424
1281,test,colour,0,0,0.002529,0.005878
1281,test,packing,1,1,0.000639,0.998164
1281,test,price,0,0,0.00186,0.020673
1281,test,shipping,1,1,0.003329,0.995644
1281,test,smell,0,0,0.002154,0.005305
1281,test,stayingpower,0,0,0.002176,0.015124
1281,test,texture,0,0,0.000983,0.004286
1282,test,colour,0,0,0.002228,0.004134
1282,test,packing,0,0,0.000618,0.008474
1282,test,price,0,0,0.000403,0.000971
1282,test,shipping,3,1,0.017214,0.974167
1282,test,smell,0,0,0.000622,0.002234
1282,test,stayingpower,0,0,0.001184,0.003745
1282,test,texture,0,0,0.000301,0.001534
1283,test,colour,0,0,0.082298,0.002072
1283,test,packing,0,0,0.134024,0.02189
1283,test,price,2,0,0.031159,0.405281
1283,test,shipping,1,1,0.01085,0.988725
1283,test,smell,0,0,0.00649,0.003101
1283,test,stayingpower,0,0,0.004377,0.003505
1283,test,texture,0,0,0.061229,0.006803
1284,test,colour,3,1,0.230477,0.758847
1284,test,packing,0,0,0.025452,0.070592
1284,test,price,0,0,0.019227,0.022339
1284,test,shipping,1,1,0.013585,0.973358
1284,test,smell,1,1,0.01885,0.979113
1284,test,stayingpower,2,2,0.996332,0.002991
1284,test,texture,1,1,0.020683,0.942176
1285,test,colour,0,0,0.005897,0.039871
1285,test,packing,0,0,0.007818,0.017627
1285,test,price,0,0,0.003623,0.01812
1285,test,shipping,0,0,0.006589,0.001737
1285,test,smell,1,1,0.000605,0.999353
1285,test,stayingpower,0,0,0.017079,0.023712
1285,test,texture,0,2,0.528794,0.444402
1286,test,colour,0,0,0.005027,0.005281
1286,test,packing,1,1,0.001328,0.998193
1286,test,price,0,0,0.002066,0.007484
1286,test,shipping,1,1,0.012592,0.985084
1286,test,smell,0,0,0.004518,0.008261
1286,test,stayingpower,0,0,0.007291,0.075964
1286,test,texture,0,0,0.001503,0.003837
1287,test,colour,0,0,0.004935,0.001193
1287,test,packing,1,1,0.011605,0.985048
1287,test,price,0,0,0.001502,0.009844
1287,test,shipping,1,1,0.12244,0.873645
1287,test,smell,0,0,0.001596,0.002113
1287,test,stayingpower,0,0,0.001318,0.002882
1287,test,texture,0,0,0.004194,0.003096
1288,test,colour,0,0,0.003315,0.006536
1288,test,packing,1,1,0.001091,0.996522
1288,test,price,0,0,0.001498,0.013035
1288,test,shipping,1,1,0.002002,0.997708
1288,test,smell,0,0,0.002381,0.006419
1288,test,stayingpower,0,0,0.001548,0.007148
1288,test,texture,0,0,0.000906,0.00347
1289,test,colour,0,0,0.00173,0.003387
1289,test,packing,0,0,0.000617,0.004645
1289,test,price,0,0,0.001778,0.008532
1289,test,shipping,0,0,0.001255,0.001404
1289,test,smell,0,0,0.000204,0.002325
1289,test,stayingpower,0,0,0.00082,0.00172
1289,test,texture,0,0,0.000616,0.001262
1290,test,colour,0,0,0.008058,0.159963
1290,test,packing,0,0,0.004525,0.025024
1290,test,price,0,0,0.010188,0.073519
1290,test,shipping,0,0,0.011535,0.013035
1290,test,smell,0,0,0.013831,0.034218
1290,test,stayingpower,0,0,0.001652,0.012135
1290,test,texture,2,2,0.995962,0.003415
1291,test,colour,1,1,0.005129,0.991956
1291,test,packing,0,0,0.01847,0.045624
1291,test,price,1,1,0.007628,0.990772
1291,test,shipping,0,0,0.017616,0.012737
1291,test,smell,1,1,0.018637,0.977355
1291,test,stayingpower,2,2,0.995097,0.0039
1291,test,texture,1,1,0.022162,0.96078
1292,test,colour,0,0,0.035008,0.003301
1292,test,packing,0,0,0.005135,0.001552
1292,test,price,0,0,0.002573,0.006339
1292,test,shipping,0,0,0.064848,0.000848
1292,test,smell,0,0,0.001482,0.002513
1292,test,stayingpower,0,0,0.022066,0.006846
1292,test,texture,0,0,0.004322,0.000571
1293,test,colour,0,0,0.002242,0.003293
1293,test,packing,1,1,0.000576,0.998303
1293,test,price,0,0,0.002011,0.020048
1293,test,shipping,0,0,0.021242,0.061787
1293,test,smell,0,0,0.000955,0.00281
1293,test,stayingpower,0,0,0.000801,0.00713
1293,test,texture,0,0,0.001395,0.003135
1294,test,colour,0,0,0.004591,0.017354
1294,test,packing,0,0,0.000451,0.005604
1294,test,price,0,0,0.001268,0.007102
1294,test,shipping,1,1,0.000982,0.998635
1294,test,smell,0,0,0.000576,0.003544
1294,test,stayingpower,0,0,0.00261,0.007111
1294,test,texture,0,0,0.000382,0.003339
1295,test,colour,0,0,0.001486,0.003346
1295,test,packing,0,0,0.000498,0.008242
1295,test,price,0,0,0.001009,0.005567
1295,test,shipping,0,0,0.001481,0.001283
1295,test,smell,0,0,0.00031,0.002968
1295,test,stayingpower,0,0,0.001753,0.006803
1295,test,texture,0,0,0.000917,0.003111
1296,test,colour,0,0,0.045411,0.046363
1296,test,packing,1,1,0.033529,0.893071
1296,test,price,0,0,0.003356,0.007129
1296,test,shipping,0,0,0.058847,0.011276
1296,test,smell,0,0,0.001704,0.00229
1296,test,stayingpower,1,1,0.017868,0.975714
1296,test,texture,0,0,0.04789,0.088412
1297,test,colour,1,1,0.000576,0.999271
1297,test,packing,0,0,0.0002,0.002373
1297,test,price,0,0,0.000881,0.003456
1297,test,shipping,0,0,0.001399,0.003914
1297,test,smell,0,0,0.000345,0.002407
1297,test,stayingpower,0,0,0.003314,0.016332
1297,test,texture,0,0,0.00288,0.015406
1298,test,colour,1,1,0.00145,0.99762
1298,test,packing,0,0,0.005204,0.01075
1298,test,price,1,1,0.0036,0.992861
1298,test,shipping,0,0,0.088229,0.011398
1298,test,smell,0,0,0.004763,0.013097
1298,test,stayingpower,1,1,0.006128,0.992537
1298,test,texture,0,0,0.028563,0.039149
1299,test,colour,1,1,0.000692,0.998068
1299,test,packing,1,1,0.000264,0.999087
1299,test,price,0,0,0.00092,0.009968
1299,test,shipping,0,0,0.015238,0.087372
1299,test,smell,0,0,0.002468,0.007432
1299,test,stayingpower,0,0,0.004083,0.029934
1299,test,texture,0,0,0.006325,0.005586
1300,test,colour,0,0,0.001068,0.002285
1300,test,packing,0,0,0.000779,0.007393
1300,test,price,1,1,0.001059,0.998223
1300,test,shipping,0,0,0.005071,0.005253
1300,test,smell,0,0,0.000389,0.004799
1300,test,stayingpower,0,0,0.00088,0.007744
1300,test,texture,0,0,0.001387,0.00261
1301,test,colour,1,1,0.001543,0.996248
1301,test,packing,0,0,0.004878,0.045162
1301,test,price,0,1,0.004831,0.991576
1301,test,shipping,0,0,0.071007,0.030202
1301,test,smell,0,0,0.014627,0.068672
1301,test,stayingpower,0,0,0.048318,0.049393
1301,test,texture,1,2,0.824624,0.174844
1302,test,colour,0,0,0.080324,0.052062
1302,test,packing,0,0,0.001427,0.012687
1302,test,price,0,0,0.001429,0.004744
1302,test,shipping,0,0,0.003686,0.000567
1302,test,smell,0,0,0.00069,0.004885
1302,test,stayingpower,0,0,0.00916,0.024243
1302,test,texture,0,0,0.008845,0.005948
1303,test,colour,1,1,0.000256,0.998657
1303,test,packing,0,0,0.003594,0.04436
1303,test,price,0,0,0.004694,0.042867
1303,test,shipping,0,0,0.005246,0.011741
1303,test,smell,1,1,0.000916,0.998601
1303,test,stayingpower,0,0,0.005255,0.038438
1303,test,texture,1,1,0.006758,0.990876
1304,test,colour,0,0,0.007296,0.023582
1304,test,packing,0,0,0.001694,0.021215
1304,test,price,0,0,0.004913,0.020596
1304,test,shipping,1,1,0.00283,0.996873
1304,test,smell,0,0,0.002918,0.024633
1304,test,stayingpower,0,0,0.011565,0.056919
1304,test,texture,1,1,0.000631,0.996813
1305,test,colour,1,1,0.0042,0.994439
1305,test,packing,0,0,0.000643,0.008698
1305,test,price,1,1,0.001753,0.989548
1305,test,shipping,1,1,0.001196,0.997485
1305,test,smell,0,0,0.000813,0.0038
1305,test,stayingpower,0,0,0.006301,0.008509
1305,test,texture,0,0,0.000868,0.001813
1306,test,colour,1,1,0.001147,0.997864
1306,test,packing,0,0,0.00215,0.005427
1306,test,price,1,1,0.002181,0.995907
1306,test,shipping,0,0,0.031869,0.015789
1306,test,smell,0,0,0.003186,0.009164
1306,test,stayingpower,1,1,0.006639,0.989792
1306,test,texture,0,0,0.015922,0.024842
1307,test,colour,1,1,0.002916,0.993729
1307,test,packing,0,1,0.05026,0.919035
1307,test,price,0,0,0.006112,0.061799
1307,test,shipping,2,2,0.998604,0.00089
1307,test,smell,0,0,0.008491,0.012918
1307,test,stayingpower,0,0,0.002562,0.010224
1307,test,texture,0,0,0.020737,0.007215
1308,test,colour,0,0,0.003778,0.002094
1308,test,packing,0,0,0.001191,0.006237
1308,test,price,0,0,0.001279,0.00401
1308,test,shipping,0,0,0.006712,0.002339
1308,test,smell,0,0,0.000509,0.002712
1308,test,stayingpower,0,0,0.000587,0.002312
1308,test,texture,0,0,0.001319,0.001173
1309,test,colour,1,1,0.000736,0.998391
1309,test,packing,0,0,0.00121,0.019923
1309,test,price,0,0,0.001844,0.007861
1309,test,shipping,1,1,0.002928,0.996663
1309,test,smell,0,0,0.007382,0.020346
1309,test,stayingpower,1,1,0.03371,0.959838
1309,test,texture,1,1,0.006526,0.976748
1310,test,colour,1,1,0.076612,0.923334
1310,test,packing,0,0,0.000819,0.002114
1310,test,price,0,0,0.002164,0.008221
1310,test,shipping,0,0,0.001095,0.001899
1310,test,smell,0,0,0.003103,0.004148
1310,test,stayingpower,0,0,0.009925,0.029511
1310,test,texture,0,0,0.023385,0.014254
1311,test,colour,0,1,0.035662,0.616266
1311,test,packing,0,1,0.011775,0.976647
1311,test,price,0,0,0.007996,0.021054
1311,test,shipping,2,2,0.99925,0.000528
1311,test,smell,0,0,0.014702,0.015852
1311,test,stayingpower,1,1,0.007996,0.984779
1311,test,texture,0,0,0.02386,0.050118
1312,test,colour,1,1,0.001502,0.997391
1312,test,packing,1,1,0.00128,0.997365
1312,test,price,0,0,0.001557,0.010295
1312,test,shipping,2,2,0.996346,0.00326
1312,test,smell,0,0,0.00556,0.008807
1312,test,stayingpower,0,0,0.005662,0.046455
1312,test,texture,0,0,0.016458,0.03261
1313,test,colour,0,0,0.005142,0.005613
1313,test,packing,0,0,0.000667,0.002354
1313,test,price,0,0,0.002008,0.031819
1313,test,shipping,0,0,0.010126,0.001195
1313,test,smell,0,0,0.001449,0.00874
1313,test,stayingpower,0,0,0.00209,0.007143
1313,test,texture,0,0,0.00569,0.0019
1314,test,colour,1,1,0.007594,0.992324
1314,test,packing,0,0,0.000412,0.001261
1314,test,price,0,0,0.001633,0.005618
1314,test,shipping,0,0,0.001075,0.001289
1314,test,smell,0,0,0.000326,0.001442
1314,test,stayingpower,0,0,0.007185,0.01709
1314,test,texture,0,0,0.013846,0.015467
1315,test,colour,1,1,0.001661,0.997634
1315,test,packing,0,0,0.001524,0.018681
1315,test,price,0,0,0.002226,0.003954
1315,test,shipping,1,1,0.002962,0.992557
1315,test,smell,1,0,0.004401,0.021899
1315,test,stayingpower,3,2,0.66474,0.330166
1315,test,texture,3,1,0.009638,0.974702
1316,test,colour,0,0,0.003487,0.005225
1316,test,packing,0,0,0.001526,0.020045
1316,test,price,0,0,0.002963,0.008291
1316,test,shipping,0,0,0.013202,0.006876
1316,test,smell,0,0,0.000393,0.006106
1316,test,stayingpower,0,0,0.001684,0.007746
1316,test,texture,1,1,0.00186,0.995303
1317,test,colour,0,0,0.126874,0.175282
1317,test,packing,0,0,0.019512,0.139594
1317,test,price,0,0,0.017235,0.043493
1317,test,shipping,0,0,0.007591,0.005955
1317,test,smell,0,0,0.01518,0.036216
1317,test,stayingpower,2,2,0.997045,0.002473
1317,test,texture,3,2,0.964241,0.034346
1318,test,colour,1,1,0.087273,0.91007
1318,test,packing,0,0,0.010958,0.010897
1318,test,price,0,0,0.011381,0.014314
1318,test,shipping,0,0,0.007562,0.014444
1318,test,smell,2,2,0.999366,0.000515
1318,test,stayingpower,0,0,0.062873,0.125921
1318,test,texture,0,0,0.36962,0.032783
1319,test,colour,1,1,0.000337,0.999238
1319,test,packing,0,0,0.001182,0.00905
1319,test,price,0,0,0.001911,0.012393
1319,test,shipping,0,0,0.002197,0.004652
1319,test,smell,1,1,0.001141,0.998365
1319,test,stayingpower,0,0,0.003646,0.01065
1319,test,texture,0,0,0.00228,0.019131
1320,test,colour,2,2,0.992641,0.006211
1320,test,packing,0,0,0.007289,0.029185
1320,test,price,0,0,0.01266,0.041735
1320,test,shipping,0,0,0.014564,0.011332
1320,test,smell,0,0,0.002763,0.005099
1320,test,stayingpower,0,0,0.01541,0.079032
1320,test,texture,1,1,0.001798,0.997253
1321,test,colour,1,1,0.000294,0.999472
1321,test,packing,0,0,0.001562,0.016034
1321,test,price,0,0,0.0016,0.01078
1321,test,shipping,0,0,0.002673,0.006232
1321,test,smell,1,1,0.001544,0.998071
1321,test,stayingpower,0,0,0.002889,0.010027
1321,test,texture,0,0,0.007293,0.099291
1322,test,colour,0,0,0.002023,0.000765
1322,test,packing,0,0,0.001947,0.00748
1322,test,price,0,0,0.001659,0.009456
1322,test,shipping,0,0,0.010971,0.002084
1322,test,smell,0,0,0.000309,0.001223
1322,test,stayingpower,0,0,0.000626,0.002011
1322,test,texture,0,0,0.000787,0.000618
1323,test,colour,0,0,0.05868,0.069847
1323,test,packing,0,0,0.00744,0.033085
1323,test,price,0,0,0.002163,0.001582
1323,test,shipping,0,0,0.032565,0.0093
1323,test,smell,0,0,0.003857,0.006799
1323,test,stayingpower,1,1,0.006023,0.992655
1323,test,texture,0,0,0.024298,0.038849
1324,test,colour,1,1,0.002146,0.995713
1324,test,packing,1,1,0.000542,0.995488
1324,test,price,0,0,0.000917,0.011673
1324,test,shipping,1,1,0.000404,0.999192
1324,test,smell,0,0,0.003922,0.009719
1324,test,stayingpower,0,0,0.005213,0.019044
1324,test,texture,0,0,0.001667,0.002259
1325,test,colour,1,1,0.001086,0.997934
1325,test,packing,1,1,0.000428,0.99902
1325,test,price,0,0,0.000928,0.008122
1325,test,shipping,1,1,0.003941,0.989775
1325,test,smell,0,0,0.007654,0.016536
1325,test,stayingpower,0,0,0.007689,0.024384
1325,test,texture,0,0,0.003056,0.001999
1326,test,colour,0,0,0.043228,0.263559
1326,test,packing,0,0,0.002901,0.011588
1326,test,price,0,0,0.006399,0.008791
1326,test,shipping,0,0,0.019132,0.00945
1326,test,smell,0,0,0.003529,0.031307
1326,test,stayingpower,2,2,0.99463,0.005259
1326,test,texture,3,1,0.044239,0.934369
1327,test,colour,0,0,0.006193,0.012654
1327,test,packing,0,0,0.000611,0.004841
1327,test,price,0,0,0.001113,0.004861
1327,test,shipping,1,1,0.000935,0.998697
1327,test,smell,0,0,0.000982,0.00637
1327,test,stayingpower,0,0,0.004032,0.007062
1327,test,texture,0,0,0.000526,0.003973
1328,test,colour,0,0,0.003239,0.001044
1328,test,packing,0,0,0.001914,0.004903
1328,test,price,0,0,0.001231,0.001291
1328,test,shipping,0,0,0.00651,0.001734
1328,test,smell,0,0,0.000862,0.002995
1328,test,stayingpower,0,0,0.000994,0.001621
1328,test,texture,0,0,0.001015,0.000672
1329,test,colour,0,0,0.001096,0.003119
1329,test,packing,0,0,0.000249,0.002233
1329,test,price,1,0,0.008051,0.296956
1329,test,shipping,0,0,0.010575,0.001578
1329,test,smell,0,0,0.000184,0.002212
1329,test,stayingpower,0,0,0.000189,0.00217
1329,test,texture,0,0,0.000771,0.001745
1330,test,colour,0,0,0.00437,0.010346
1330,test,packing,0,0,0.000534,0.004529
1330,test,price,0,0,0.001957,0.009448
1330,test,shipping,1,1,0.000884,0.998878
1330,test,smell,0,0,0.000754,0.007332
1330,test,stayingpower,0,0,0.002832,0.005835
1330,test,texture,0,0,0.000457,0.004853
1331,test,colour,1,1,0.00081,0.998442
1331,test,packing,0,0,0.015377,0.054544
1331,test,price,0,0,0.0083,0.014977
1331,test,shipping,0,0,0.035456,0.010272
1331,test,smell,1,1,0.005231,0.993797
1331,test,stayingpower,1,1,0.006554,0.990726
1331,test,texture,1,1,0.006819,0.957798
1332,test,colour,3,1,0.024153,0.918903
1332,test,packing,1,1,0.000468,0.998563
1332,test,price,0,0,0.000494,0.006584
1332,test,shipping,1,1,0.001653,0.99701
1332,test,smell,0,0,0.002242,0.004836
1332,test,stayingpower,0,0,0.003066,0.016674
1332,test,texture,0,0,0.001085,0.00187
1333,test,colour,1,2,0.721655,0.277469
1333,test,packing,0,0,0.000962,0.000835
1333,test,price,0,0,0.001655,0.005942
1333,test,shipping,0,0,0.001217,0.001228
1333,test,smell,0,0,0.004171,0.003549
1333,test,stayingpower,0,0,0.002879,0.01222
1333,test,texture,0,0,0.007545,0.00305
1334,test,colour,1,1,0.001758,0.995263
1334,test,packing,0,0,0.015298,0.209771
1334,test,price,0,0,0.001693,0.00881
1334,test,shipping,0,0,0.005189,0.002367
1334,test,smell,1,1,0.00174,0.997752
1334,test,stayingpower,2,2,0.724917,0.04555
1334,test,texture,0,2,0.786876,0.131192
1335,test,colour,0,0,0.002558,0.000892
1335,test,packing,0,0,0.001262,0.004625
1335,test,price,0,0,0.001539,0.003223
1335,test,shipping,0,0,0.003181,0.001571
1335,test,smell,0,0,0.000833,0.003882
1335,test,stayingpower,0,0,0.001469,0.003734
1335,test,texture,0,0,0.001115,0.001281
1336,test,colour,1,1,0.000605,0.997991
1336,test,packing,0,0,0.001049,0.00685
1336,test,price,1,1,0.000535,0.999197
1336,test,shipping,0,0,0.012555,0.019942
1336,test,smell,0,0,0.002008,0.018652
1336,test,stayingpower,0,0,0.011949,0.091551
1336,test,texture,1,1,0.003318,0.987342
1337,test,colour,1,1,0.00044,0.998674
1337,test,packing,0,0,0.000472,0.010621
1337,test,price,1,1,0.00093,0.993191
1337,test,shipping,1,1,0.001535,0.99594
1337,test,smell,0,0,0.00073,0.003508
1337,test,stayingpower,0,0,0.007675,0.034673
1337,test,texture,0,0,0.001789,0.008833
1338,test,colour,1,1,0.343526,0.647264
1338,test,packing,0,0,0.031058,0.032405
1338,test,price,0,0,0.005972,0.013796
1338,test,shipping,2,2,0.996894,0.001789
1338,test,smell,0,0,0.008436,0.005751
1338,test,stayingpower,0,0,0.011555,0.014728
1338,test,texture,2,2,0.987362,0.003863
1339,test,colour,1,1,0.000806,0.998424
1339,test,packing,1,1,0.000737,0.993318
1339,test,price,0,0,0.000932,0.009924
1339,test,shipping,1,1,0.000959,0.997757
1339,test,smell,0,0,0.003592,0.005052
1339,test,stayingpower,0,0,0.009072,0.029624
1339,test,texture,0,0,0.002523,0.002587
1340,test,colour,0,0,0.19056,0.003946
1340,test,packing,0,0,0.132775,0.009284
1340,test,price,0,0,0.00762,0.004832
1340,test,shipping,2,2,0.862267,0.006833
1340,test,smell,0,0,0.001015,0.001006
1340,test,stayingpower,0,0,0.001161,0.00076
1340,test,texture,0,0,0.002336,0.001107
1341,test,colour,0,0,0.028137,0.033714
1341,test,packing,0,0,0.02322,0.095345
1341,test,price,1,1,0.007712,0.98696
1341,test,shipping,1,1,0.028757,0.958269
1341,test,smell,2,2,0.991482,0.003961
1341,test,stayingpower,0,0,0.058723,0.164006
1341,test,texture,1,1,0.045639,0.907338
1342,test,colour,0,0,0.002013,0.000763
1342,test,packing,0,0,0.001152,0.003937
1342,test,price,0,0,0.001483,0.002924
1342,test,shipping,0,0,0.002865,0.001289
1342,test,smell,0,0,0.000592,0.003311
1342,test,stayingpower,0,0,0.001364,0.004275
1342,test,texture,0,0,0.001151,0.00129
1343,test,colour,0,0,0.004188,0.007053
1343,test,packing,1,1,0.001169,0.996299
1343,test,price,0,0,0.002217,0.026022
1343,test,shipping,1,1,0.003221,0.996526
1343,test,smell,0,0,0.00308,0.006869
1343,test,stayingpower,0,0,0.004121,0.02486
1343,test,texture,0,0,0.001856,0.007671
1344,test,colour,1,1,0.003413,0.992657
1344,test,packing,0,1,0.02114,0.841469
1344,test,price,0,0,0.000736,0.004409
1344,test,shipping,1,1,0.000866,0.999044
1344,test,smell,0,0,0.003807,0.006368
1344,test,stayingpower,0,0,0.012109,0.045511
1344,test,texture,1,2,0.536983,0.27455
1345,test,colour,1,1,0.002901,0.996799
1345,test,packing,0,0,0.005103,0.023754
1345,test,price,0,0,0.009803,0.00822
1345,test,shipping,0,0,0.005779,0.016049
1345,test,smell,0,0,0.007167,0.034883
1345,test,stayingpower,3,2,0.992606,0.007067
1345,test,texture,1,1,0.01277,0.978613
1346,test,colour,0,0,0.001918,0.003158
1346,test,packing,0,0,0.000648,0.005337
1346,test,price,0,0,0.001379,0.005658
1346,test,shipping,0,0,0.001992,0.002943
1346,test,smell,0,0,0.000296,0.002826
1346,test,stayingpower,0,0,0.001093,0.003901
1346,test,texture,0,0,0.000809,0.001974
1347,test,colour,0,0,0.002394,0.001563
1347,test,packing,0,0,0.000913,0.004452
1347,test,price,0,0,0.001366,0.003853
1347,test,shipping,0,0,0.003482,0.001888
1347,test,smell,0,0,0.000581,0.002962
1347,test,stayingpower,0,0,0.001624,0.003088
1347,test,texture,0,0,0.001119,0.001226
1348,test,colour,0,0,0.001816,0.001226
1348,test,packing,1,1,0.000988,0.997865
1348,test,price,0,0,0.002019,0.015785
1348,test,shipping,0,0,0.036615,0.050029
1348,test,smell,0,0,0.001463,0.003634
1348,test,stayingpower,0,0,0.001617,0.014083
1348,test,texture,0,0,0.002954,0.005089
1349,test,colour,2,2,0.965771,0.030281
1349,test,packing,0,0,0.025353,0.079944
1349,test,price,0,0,0.003672,0.020287
1349,test,shipping,1,1,0.004419,0.990704
1349,test,smell,1,1,0.004854,0.994655
1349,test,stayingpower,0,0,0.061951,0.046067
1349,test,texture,0,1,0.007291,0.89649
1350,test,colour,0,0,0.020883,0.095884
1350,test,packing,1,1,0.010558,0.98086
1350,test,price,1,1,0.002111,0.996868
1350,test,shipping,0,0,0.352033,0.07668
1350,test,smell,0,0,0.005959,0.019493
1350,test,stayingpower,1,1,0.013122,0.982228
1350,test,texture,0,0,0.020603,0.050097
1351,test,colour,0,0,0.001665,0.008081
1351,test,packing,0,0,0.00069,0.013152
1351,test,price,0,0,0.002575,0.00992
1351,test,shipping,0,0,0.00409,0.007203
1351,test,smell,0,0,0.000763,0.016951
1351,test,stayingpower,0,0,0.002686,0.014063
1351,test,texture,1,1,0.002639,0.990978
1352,test,colour,0,0,0.001213,0.001198
1352,test,packing,1,1,0.001206,0.996462
1352,test,price,0,0,0.00137,0.00973
1352,test,shipping,0,0,0.015687,0.025183
1352,test,smell,0,0,0.000959,0.002441
1352,test,stayingpower,0,0,0.000866,0.006233
1352,test,texture,0,0,0.001489,0.002197
1353,test,colour,1,1,0.005685,0.993544
1353,test,packing,0,0,0.0045,0.023176
1353,test,price,0,0,0.013439,0.062688
1353,test,shipping,0,0,0.018649,0.012221
1353,test,smell,0,0,0.024923,0.026872
1353,test,stayingpower,0,0,0.038725,0.018167
1353,test,texture,2,2,0.999293,0.000371
1354,test,colour,0,0,0.002316,0.009005
1354,test,packing,0,0,0.00045,0.006004
1354,test,price,0,0,0.001535,0.011345
1354,test,shipping,0,0,0.00096,0.002417
1354,test,smell,0,0,0.000303,0.003149
1354,test,stayingpower,0,0,0.00049,0.002217
1354,test,texture,0,0,0.000611,0.002557
1355,test,colour,0,0,0.46242,0.003639
1355,test,packing,0,0,0.185684,0.016382
1355,test,price,0,0,0.015512,0.013174
1355,test,shipping,2,2,0.98672,0.001405
1355,test,smell,0,0,0.006151,0.000937
1355,test,stayingpower,0,0,0.004404,0.005172
1355,test,texture,0,0,0.126238,0.001832
1356,test,colour,0,0,0.000862,0.001442
1356,test,packing,0,0,0.002076,0.077962
1356,test,price,0,0,0.001077,0.005063
1356,test,shipping,0,0,0.002296,0.00125
1356,test,smell,0,0,0.000322,0.004387
1356,test,stayingpower,0,0,0.000321,0.001485
1356,test,texture,0,0,0.002,0.003342
1357,test,colour,0,0,0.001741,0.001554
1357,test,packing,1,1,0.001136,0.998129
1357,test,price,0,0,0.001509,0.01213
1357,test,shipping,0,0,0.02234,0.043772
1357,test,smell,0,0,0.00191,0.004808
1357,test,stayingpower,0,0,0.000786,0.005099
1357,test,texture,0,0,0.002702,0.002809
1358,test,colour,1,1,0.003287,0.993629
1358,test,packing,0,0,0.004612,0.014056
1358,test,price,1,1,0.006432,0.98866
1358,test,shipping,0,0,0.019501,0.014966
1358,test,smell,0,0,0.03841,0.07863
1358,test,stayingpower,2,2,0.977568,0.021304
1358,test,texture,1,2,0.881241,0.117989
1359,test,colour,0,0,0.015478,0.033359
1359,test,packing,1,1,0.001741,0.995379
1359,test,price,0,0,0.002094,0.019594
1359,test,shipping,1,1,0.004986,0.99424
1359,test,smell,1,1,0.004984,0.99223
1359,test,stayingpower,0,0,0.020935,0.062724
1359,test,texture,1,1,0.001799,0.987302
1360,test,colour,0,0,0.001534,0.004346
1360,test,packing,0,0,0.000629,0.005217
1360,test,price,0,0,0.000686,0.004101
1360,test,shipping,0,0,0.008125,0.003421
1360,test,smell,0,0,0.000315,0.002846
1360,test,stayingpower,0,0,0.001296,0.010783
1360,test,texture,0,0,0.000469,0.001032
1361,test,colour,0,0,0.007247,0.082733
1361,test,packing,0,0,0.001067,0.007307
1361,test,price,0,0,0.002452,0.006902
1361,test,shipping,0,0,0.014504,0.009691
1361,test,smell,0,0,0.000662,0.011263
1361,test,stayingpower,1,1,0.00323,0.991706
1361,test,texture,1,1,0.00504,0.954038
1362,test,colour,0,0,0.001547,0.00807
1362,test,packing,0,0,0.000476,0.013591
1362,test,price,0,0,0.000766,0.007173
1362,test,shipping,0,0,0.001272,0.00189
1362,test,smell,0,0,0.000197,0.002498
1362,test,stayingpower,0,0,0.00067,0.003923
1362,test,texture,0,0,0.000827,0.009436
1363,test,colour,0,0,0.001017,0.001126
1363,test,packing,0,0,0.001469,0.018246
1363,test,price,0,0,0.000927,0.00589
1363,test,shipping,0,0,0.041974,0.039747
1363,test,smell,0,0,0.000308,0.002643
1363,test,stayingpower,0,0,0.000688,0.002508
1363,test,texture,0,0,0.000304,0.001131
1364,test,colour,0,0,0.000728,0.003519
1364,test,packing,0,0,0.000496,0.002575
1364,test,price,1,1,0.000737,0.998951
1364,test,shipping,0,0,0.004692,0.00817
1364,test,smell,0,0,0.002201,0.171892
1364,test,stayingpower,0,0,0.002795,0.015297
1364,test,texture,0,0,0.002759,0.010492
1365,test,colour,0,0,0.001314,0.004144
1365,test,packing,0,0,0.000435,0.005587
1365,test,price,0,0,0.001372,0.008589
1365,test,shipping,0,0,0.001636,0.001378
1365,test,smell,0,0,0.000268,0.003426
1365,test,stayingpower,0,0,0.000787,0.006184
1365,test,texture,0,0,0.000687,0.002194
1366,test,colour,1,1,0.002471,0.99688
1366,test,packing,0,0,0.008657,0.024724
1366,test,price,0,0,0.005608,0.008959
1366,test,shipping,2,2,0.999802,0.000129
1366,test,smell,0,0,0.003477,0.008538
1366,test,stayingpower,0,0,0.009142,0.038677
1366,test,texture,0,0,0.01005,0.003481
1367,test,colour,0,0,0.102953,0.055848
1367,test,packing,0,0,0.010479,0.015869
1367,test,price,1,1,0.006869,0.991652
1367,test,shipping,0,0,0.045304,0.007978
1367,test,smell,0,0,0.023727,0.024158
1367,test,stayingpower,0,0,0.027151,0.036996
1367,test,texture,2,2,0.998939,0.000638
1368,test,colour,0,0,0.006,0.143277
1368,test,packing,0,0,0.003118,0.015679
1368,test,price,0,0,0.002234,0.011633
1368,test,shipping,0,0,0.00761,0.002698
1368,test,smell,0,1,0.005364,0.918598
1368,test,stayingpower,1,1,0.005701,0.987124
1368,test,texture,1,1,0.001302,0.996827
1369,test,colour,1,1,0.367892,0.631591
1369,test,packing,1,1,0.004813,0.993771
1369,test,price,0,0,0.003806,0.024691
1369,test,shipping,0,0,0.01245,0.026527
1369,test,smell,0,0,0.007544,0.004328
1369,test,stayingpower,0,0,0.026128,0.026198
1369,test,texture,0,0,0.052541,0.006078
1370,test,colour,1,1,0.000679,0.999234
1370,test,packing,0,0,0.000295,0.002267
1370,test,price,0,0,0.000934,0.002434
1370,test,shipping,0,0,0.002448,0.00519
1370,test,smell,0,0,0.001227,0.00499
1370,test,stayingpower,0,0,0.006881,0.01442
1370,test,texture,0,0,0.002877,0.004093
1371,test,colour,0,0,0.001469,0.006403
1371,test,packing,0,0,0.000288,0.003257
1371,test,price,0,0,0.000949,0.004866
1371,test,shipping,0,0,0.001162,0.001852
1371,test,smell,0,0,0.000251,0.003061
1371,test,stayingpower,0,0,0.000714,0.003815
1371,test,texture,0,0,0.000665,0.003763
1372,test,colour,1,1,0.000683,0.997993
1372,test,packing,0,0,0.000363,0.003759
1372,test,price,1,1,0.000675,0.997296
1372,test,shipping,0,0,0.003005,0.005603
1372,test,smell,0,0,0.000546,0.004425
1372,test,stayingpower,0,0,0.002918,0.023366
1372,test,texture,0,0,0.003795,0.009185
1373,test,colour,1,1,0.000783,0.998648
1373,test,packing,0,0,0.000272,0.005057
1373,test,price,0,0,0.001417,0.012837
1373,test,shipping,1,1,0.00074,0.99897
1373,test,smell,0,0,0.001429,0.005242
1373,test,stayingpower,0,0,0.008004,0.016455
1373,test,texture,0,0,0.001977,0.005734
1374,test,colour,0,0,0.002575,0.000798
1374,test,packing,0,0,0.001156,0.004318
1374,test,price,0,0,0.001575,0.002859
1374,test,shipping,0,0,0.003255,0.001381
1374,test,smell,0,0,0.000643,0.003014
1374,test,stayingpower,0,0,0.001472,0.003821
1374,test,texture,0,0,0.001348,0.001333
1375,test,colour,1,1,0.001052,0.998662
1375,test,packing,1,1,0.000877,0.99705
1375,test,price,0,0,0.002326,0.020525
1375,test,shipping,1,1,0.003068,0.995741
1375,test,smell,0,0,0.021757,0.078961
1375,test,stayingpower,0,0,0.017286,0.064453
1375,test,texture,1,1,0.008068,0.975043
1376,test,colour,0,0,0.180299,0.012039
1376,test,packing,0,0,0.027372,0.017155
1376,test,price,1,1,0.066922,0.861232
1376,test,shipping,0,0,0.071632,0.008086
1376,test,smell,0,0,0.059592,0.02193
1376,test,stayingpower,2,2,0.728788,0.074222
1376,test,texture,2,2,0.999481,0.000381
1377,test,colour,1,1,0.009524,0.989673
1377,test,packing,0,0,0.002069,0.005056
1377,test,price,0,0,0.003338,0.004885
1377,test,shipping,0,0,0.009133,0.005531
1377,test,smell,0,0,0.006536,0.007613
1377,test,stayingpower,0,1,0.016717,0.981672
1377,test,texture,0,0,0.012026,0.015429
1378,test,colour,0,0,0.001103,0.001494
1378,test,packing,0,0,0.00121,0.038367
1378,test,price,0,0,0.000854,0.004115
1378,test,shipping,0,0,0.001274,0.001854
1378,test,smell,0,0,0.000295,0.003617
1378,test,stayingpower,0,0,0.001055,0.007299
1378,test,texture,0,0,0.001239,0.007227
1379,test,colour,0,0,0.001392,0.002268
1379,test,packing,0,0,0.001148,0.013764
1379,test,price,0,0,0.001138,0.00609
1379,test,shipping,0,0,0.002933,0.004187
1379,test,smell,0,0,0.000439,0.003142
1379,test,stayingpower,0,0,0.001064,0.004267
1379,test,texture,0,0,0.000744,0.0012
1380,test,colour,0,0,0.004247,0.009452
1380,test,packing,1,1,0.004916,0.98242
1380,test,price,0,0,0.00334,0.01343
1380,test,shipping,2,2,0.99909,0.000699
1380,test,smell,0,0,0.002447,0.005154
1380,test,stayingpower,0,0,0.000796,0.009258
1380,test,texture,0,0,0.001398,0.004111
1381,test,colour,1,1,0.000701,0.997668
1381,test,packing,0,0,0.000953,0.012206
1381,test,price,1,1,0.000693,0.99838
1381,test,shipping,1,1,0.029861,0.966757
1381,test,smell,0,0,0.000685,0.004756
1381,test,stayingpower,0,0,0.006075,0.017986
1381,test,texture,0,0,0.002684,0.002583
1382,test,colour,0,0,0.003178,0.011838
1382,test,packing,0,1,0.000617,0.997548
1382,test,price,0,0,0.001207,0.017052
1382,test,shipping,0,1,0.002367,0.996319
1382,test,smell,0,0,0.001376,0.004829
1382,test,stayingpower,0,0,0.001417,0.008306
1382,test,texture,0,0,0.000588,0.002481
1383,test,colour,1,1,0.000221,0.999629
1383,test,packing,0,0,0.000691,0.017195
1383,test,price,0,0,0.001089,0.009443
1383,test,shipping,1,1,0.000541,0.999032
1383,test,smell,0,0,0.004281,0.02446
1383,test,stayingpower,0,0,0.028924,0.11007
1383,test,texture,1,1,0.025125,0.816573
1384,test,colour,3,2,0.971534,0.026178
1384,test,packing,0,0,0.022158,0.054338
1384,test,price,0,0,0.007804,0.014122
1384,test,shipping,0,0,0.002651,0.005246
1384,test,smell,3,2,0.849339,0.14567
1384,test,stayingpower,0,0,0.19457,0.0585
1384,test,texture,3,2,0.922082,0.077123
1385,test,colour,1,1,0.000357,0.999175
1385,test,packing,0,0,0.000294,0.00396
1385,test,price,0,0,0.001237,0.004065
1385,test,shipping,0,0,0.002132,0.00966
1385,test,smell,0,0,0.000739,0.011917
1385,test,stayingpower,0,0,0.008162,0.037778
1385,test,texture,1,1,0.004147,0.986563
1386,test,colour,1,1,0.00851,0.989541
1386,test,packing,0,0,0.017377,0.026516
1386,test,price,0,0,0.014019,0.018138
1386,test,shipping,0,0,0.024536,0.053361
1386,test,smell,2,2,0.999549,0.000343
1386,test,stayingpower,0,0,0.034459,0.072202
1386,test,texture,0,0,0.340144,0.028023
1387,test,colour,1,1,0.002531,0.993814
1387,test,packing,1,1,0.001886,0.996253
1387,test,price,0,0,0.001583,0.008599
1387,test,shipping,0,0,0.009817,0.047269
1387,test,smell,1,1,0.029221,0.970603
1387,test,stayingpower,0,0,0.010663,0.042238
1387,test,texture,0,0,0.050634,0.042818
1388,test,colour,0,0,0.002236,0.009384
1388,test,packing,0,0,0.000443,0.003407
1388,test,price,0,0,0.003896,0.008942
1388,test,shipping,2,2,0.997854,0.001731
1388,test,smell,0,0,0.000776,0.003472
1388,test,stayingpower,0,0,0.002886,0.021933
1388,test,texture,0,0,0.002165,0.008044
1389,test,colour,0,0,0.013148,0.004758
1389,test,packing,0,0,0.005913,0.005295
1389,test,price,0,0,0.002522,0.007461
1389,test,shipping,0,2,0.977831,0.002512
1389,test,smell,0,0,0.000502,0.002054
1389,test,stayingpower,0,0,0.001378,0.001997
1389,test,texture,0,0,0.001843,0.000898
1390,test,colour,1,1,0.00036,0.999281
1390,test,packing,0,0,0.0016,0.014147
1390,test,price,0,0,0.004089,0.018346
1390,test,shipping,0,0,0.004855,0.012196
1390,test,smell,1,1,0.001332,0.998154
1390,test,stayingpower,0,0,0.004611,0.012643
1390,test,texture,1,1,0.00188,0.987804
1391,test,colour,1,1,0.000558,0.999098
1391,test,packing,0,0,0.000749,0.007138
1391,test,price,0,0,0.003144,0.012753
1391,test,shipping,0,0,0.005272,0.013675
1391,test,smell,0,0,0.002127,0.030667
1391,test,stayingpower,0,0,0.008604,0.048201
1391,test,texture,1,1,0.001197,0.997933
1392,test,colour,1,1,0.000661,0.998694
1392,test,packing,0,0,0.000564,0.003747
1392,test,price,1,1,0.00067,0.998495
1392,test,shipping,0,0,0.003836,0.011127
1392,test,smell,0,0,0.001024,0.007924
1392,test,stayingpower,0,0,0.005962,0.019436
1392,test,texture,0,0,0.002214,0.003193
1393,test,colour,1,1,0.000964,0.998121
1393,test,packing,0,0,0.002268,0.04016
1393,test,price,0,0,0.001559,0.003315
1393,test,shipping,1,1,0.005436,0.993195
1393,test,smell,0,0,0.00506,0.024842
1393,test,stayingpower,1,1,0.015936,0.961467
1393,test,texture,1,1,0.001355,0.993633
1394,test,colour,1,1,0.00208,0.996585
1394,test,packing,0,0,0.006591,0.027339
1394,test,price,0,0,0.0105,0.036916
1394,test,shipping,0,0,0.039731,0.019268
1394,test,smell,0,0,0.040147,0.033137
1394,test,stayingpower,0,0,0.031755,0.028892
1394,test,texture,2,2,0.999266,0.000547
1395,test,colour,0,0,0.007396,0.023784
1395,test,packing,0,0,0.000833,0.010981
1395,test,price,0,0,0.002285,0.01696
1395,test,shipping,1,1,0.000421,0.99952
1395,test,smell,0,0,0.00139,0.009941
1395,test,stayingpower,0,0,0.004823,0.008229
1395,test,texture,0,0,0.000712,0.005439
1396,test,colour,1,1,0.001503,0.998341
1396,test,packing,0,0,0.008564,0.072599
1396,test,price,0,0,0.010409,0.021206
1396,test,shipping,0,0,0.026745,0.019298
1396,test,smell,0,0,0.031933,0.080933
1396,test,stayingpower,2,2,0.974674,0.014869
1396,test,texture,2,2,0.995229,0.003888
1397,test,colour,0,0,0.00977,0.041477
1397,test,packing,1,1,0.007651,0.980456
1397,test,price,0,0,0.00462,0.021558
1397,test,shipping,3,2,0.993034,0.006656
1397,test,smell,0,0,0.008221,0.039077
1397,test,stayingpower,0,0,0.012322,0.064011
1397,test,texture,1,1,0.00335,0.983478
1398,test,colour,0,0,0.012274,0.235004
1398,test,packing,0,0,0.013451,0.063347
1398,test,price,0,0,0.016328,0.054103
1398,test,shipping,0,0,0.012992,0.017375
1398,test,smell,1,1,0.002074,0.996636
1398,test,stayingpower,2,2,0.99228,0.004893
1398,test,texture,1,1,0.010318,0.970851
1399,test,colour,1,1,0.010112,0.988389
1399,test,packing,0,0,0.010801,0.017941
1399,test,price,0,1,0.063408,0.50916
1399,test,shipping,0,0,0.022145,0.02568
1399,test,smell,2,2,0.999651,0.000249
1399,test,stayingpower,0,0,0.051544,0.058115
1399,test,texture,0,2,0.486556,0.083781
1400,test,colour,0,0,0.004324,0.0007
1400,test,packing,0,0,0.001699,0.003605
1400,test,price,0,0,0.015733,0.426998
1400,test,shipping,0,0,0.036387,0.001546
1400,test,smell,0,0,0.000579,0.003099
1400,test,stayingpower,0,0,0.00209,0.002626
1400,test,texture,0,0,0.001569,0.00039
1401,test,colour,3,1,0.295253,0.641401
1401,test,packing,0,0,0.025338,0.086887
1401,test,price,1,1,0.00415,0.989053
1401,test,shipping,0,0,0.021249,0.002799
1401,test,smell,1,1,0.087791,0.889032
1401,test,stayingpower,3,1,0.231798,0.702238
1401,test,texture,3,2,0.992086,0.007757
1402,test,colour,0,0,0.037193,0.034643
1402,test,packing,0,0,0.008474,0.027015
1402,test,price,0,0,0.007847,0.036051
1402,test,shipping,0,0,0.003324,0.006094
1402,test,smell,2,2,0.998541,0.001126
1402,test,stayingpower,0,0,0.009007,0.018043
1402,test,texture,0,0,0.032796,0.032935
1403,test,colour,1,0,0.001583,0.015866
1403,test,packing,0,0,0.000312,0.004956
1403,test,price,0,0,0.000852,0.004064
1403,test,shipping,0,0,0.001553,0.002119
1403,test,smell,0,0,0.000281,0.003311
1403,test,stayingpower,0,0,0.000637,0.004745
1403,test,texture,0,0,0.0003,0.001116
1404,test,colour,0,0,0.000739,0.000693
1404,test,packing,0,0,0.000731,0.010926
1404,test,price,0,0,0.001479,0.005514
1404,test,shipping,0,0,0.003547,0.003824
1404,test,smell,0,0,0.00025,0.002258
1404,test,stayingpower,0,0,0.000888,0.005854
1404,test,texture,0,0,0.000866,0.004284
1405,test,colour,1,1,0.000598,0.999088
1405,test,packing,0,0,0.000349,0.007563
1405,test,price,0,0,0.00085,0.00429
1405,test,shipping,1,1,0.000567,0.998924
1405,test,smell,0,0,0.002039,0.006698
1405,test,stayingpower,0,0,0.011333,0.02535
1405,test,texture,0,0,0.001659,0.007472
1406,test,colour,0,0,0.001463,0.000587
1406,test,packing,0,0,0.006071,0.059058
1406,test,price,0,0,0.001343,0.008122
1406,test,shipping,0,0,0.033248,0.003988
1406,test,smell,0,0,0.000473,0.00212
1406,test,stayingpower,0,0,0.000905,0.003357
1406,test,texture,0,0,0.001826,0.001121
1407,test,colour,0,0,0.001731,0.00132
1407,test,packing,0,0,0.000894,0.006811
1407,test,price,0,0,0.001325,0.004659
1407,test,shipping,0,0,0.002423,0.002358
1407,test,smell,0,0,0.000298,0.002356
1407,test,stayingpower,0,0,0.001114,0.003843
1407,test,texture,0,0,0.000758,0.001275
1408,test,colour,0,0,0.005435,0.024477
1408,test,packing,0,0,0.003586,0.01331
1408,test,price,1,1,0.003328,0.995901
1408,test,shipping,2,2,0.999634,0.000201
1408,test,smell,0,0,0.001795,0.009136
1408,test,stayingpower,0,0,0.002116,0.009906
1408,test,texture,0,0,0.004724,0.00728
1409,test,colour,1,1,0.000848,0.998426
1409,test,packing,0,0,0.002105,0.021165
1409,test,price,0,0,0.001707,0.010171
1409,test,shipping,1,1,0.001251,0.998158
1409,test,smell,1,1,0.002766,0.996746
1409,test,stayingpower,0,0,0.016809,0.028083
1409,test,texture,0,0,0.00293,0.031801
1410,test,colour,1,1,0.00083,0.997675
1410,test,packing,0,0,0.00093,0.002388
1410,test,price,1,1,0.001529,0.996691
1410,test,shipping,0,0,0.002769,0.00423
1410,test,smell,1,1,0.004247,0.992601
1410,test,stayingpower,0,0,0.007038,0.023377
1410,test,texture,0,0,0.005417,0.015454
1411,test,colour,0,0,0.001444,0.001251
1411,test,packing,0,0,0.001128,0.009644
1411,test,price,0,0,0.001107,0.003223
1411,test,shipping,0,0,0.002402,0.002039
1411,test,smell,0,0,0.000514,0.004249
1411,test,stayingpower,0,0,0.001294,0.003149
1411,test,texture,0,0,0.00109,0.001661
1412,test,colour,0,0,0.001052,0.003141
1412,test,packing,0,0,0.000726,0.006731
1412,test,price,1,1,0.000604,0.999072
1412,test,shipping,0,0,0.009182,0.010212
1412,test,smell,0,0,0.0006,0.007154
1412,test,stayingpower,0,0,0.00111,0.013371
1412,test,texture,0,0,0.002952,0.006528
1413,test,colour,1,1,0.00047,0.998561
1413,test,packing,0,0,0.000641,0.003324
1413,test,price,1,1,0.000534,0.999146
1413,test,shipping,0,0,0.005202,0.010532
1413,test,smell,0,0,0.000982,0.005135
1413,test,stayingpower,0,0,0.007506,0.034009
1413,test,texture,0,0,0.005375,0.00915
1414,test,colour,0,0,0.000592,0.001049
1414,test,packing,0,0,0.000501,0.006641
1414,test,price,0,0,0.001256,0.005913
1414,test,shipping,0,0,0.004036,0.007653
1414,test,smell,0,0,0.000205,0.001854
1414,test,stayingpower,0,0,0.000862,0.005159
1414,test,texture,0,0,0.000406,0.001587
1415,test,colour,0,0,0.001501,0.002634
1415,test,packing,1,1,0.000842,0.997358
1415,test,price,0,0,0.001862,0.02388
1415,test,shipping,0,0,0.02013,0.033295
1415,test,smell,0,0,0.000549,0.001927
1415,test,stayingpower,0,0,0.000816,0.00798
1415,test,texture,0,0,0.002376,0.004948
1416,test,colour,0,0,0.075597,0.106066
1416,test,packing,0,0,0.011846,0.016942
1416,test,price,0,0,0.007132,0.007675
1416,test,shipping,0,0,0.007067,0.001528
1416,test,smell,0,0,0.002534,0.004413
1416,test,stayingpower,3,2,0.845366,0.148975
1416,test,texture,3,2,0.986901,0.008662
1417,test,colour,0,0,0.478227,0.015053
1417,test,packing,0,0,0.019942,0.007477
1417,test,price,2,1,0.027673,0.955204
1417,test,shipping,0,0,0.02532,0.002271
1417,test,smell,0,0,0.048822,0.012325
1417,test,stayingpower,0,0,0.017524,0.016119
1417,test,texture,0,2,0.99576,0.000503
1418,test,colour,0,0,0.003284,0.005005
1418,test,packing,1,1,0.000797,0.997824
1418,test,price,0,0,0.001815,0.015751
1418,test,shipping,1,1,0.002883,0.996551
1418,test,smell,0,0,0.003146,0.007086
1418,test,stayingpower,0,0,0.00231,0.015746
1418,test,texture,0,0,0.001065,0.004639
1419,test,colour,0,0,0.006453,0.035734
1419,test,packing,0,0,0.00366,0.023183
1419,test,price,1,1,0.00439,0.984779
1419,test,shipping,0,0,0.034533,0.006623
1419,test,smell,0,0,0.273756,0.141631
1419,test,stayingpower,0,0,0.005039,0.027625
1419,test,texture,3,2,0.88577,0.113538
1420,test,colour,1,1,0.001794,0.996434
1420,test,packing,0,0,0.000784,0.003865
1420,test,price,1,1,0.0006,0.998923
1420,test,shipping,0,0,0.00513,0.008384
1420,test,smell,0,0,0.000815,0.006058
1420,test,stayingpower,0,0,0.006777,0.015763
1420,test,texture,0,0,0.002222,0.001944
1421,test,colour,0,0,0.0027,0.000858
1421,test,packing,0,0,0.00137,0.006173
1421,test,price,0,0,0.001588,0.00369
1421,test,shipping,0,0,0.00419,0.001314
1421,test,smell,0,0,0.000515,0.003326
1421,test,stayingpower,0,0,0.001356,0.004699
1421,test,texture,0,0,0.001348,0.001363
1422,test,colour,0,0,0.003177,0.009274
1422,test,packing,0,0,0.000604,0.003897
1422,test,price,0,0,0.001035,0.005507
1422,test,shipping,0,0,0.001943,0.002711
1422,test,smell,0,0,0.0002,0.001485
1422,test,stayingpower,0,0,0.000582,0.002075
1422,test,texture,0,0,0.000786,0.001675
1423,test,colour,0,0,0.013172,0.016749
1423,test,packing,0,0,0.011503,0.011745
1423,test,price,0,0,0.004623,0.006056
1423,test,shipping,2,2,0.999596,0.000343
1423,test,smell,0,0,0.001729,0.003913
1423,test,stayingpower,0,0,0.002585,0.00671
1423,test,texture,0,0,0.004917,0.00226
1424,test,colour,1,1,0.034188,0.959652
1424,test,packing,2,2,0.717199,0.280573
1424,test,price,0,0,0.017901,0.06701
1424,test,shipping,1,2,0.684011,0.260922
1424,test,smell,0,0,0.068224,0.043791
1424,test,stayingpower,0,0,0.051161,0.025268
1424,test,texture,1,1,0.071132,0.923914
1425,test,colour,0,0,0.003247,0.030968
1425,test,packing,0,0,0.002207,0.030419
1425,test,price,1,1,0.000888,0.998822
1425,test,shipping,1,1,0.005677,0.993698
1425,test,smell,0,0,0.002353,0.031474
1425,test,stayingpower,0,0,0.011123,0.089161
1425,test,texture,1,1,0.003075,0.97983
1426,test,colour,0,0,0.003825,0.011353
1426,test,packing,1,1,0.000871,0.997416
1426,test,price,0,0,0.001575,0.014471
1426,test,shipping,1,1,0.001716,0.997822
1426,test,smell,0,0,0.002238,0.005982
1426,test,stayingpower,0,0,0.002571,0.016065
1426,test,texture,0,0,0.000873,0.003769
1427,test,colour,1,1,0.001325,0.998224
1427,test,packing,0,0,0.006677,0.039412
1427,test,price,0,0,0.006011,0.018633
1427,test,shipping,0,0,0.042131,0.024143
1427,test,smell,0,0,0.009908,0.013668
1427,test,stayingpower,0,0,0.014878,0.016961
1427,test,texture,0,2,0.996171,0.001235
1428,test,colour,1,1,0.005718,0.990184
1428,test,packing,0,1,0.054431,0.809098
1428,test,price,1,1,0.013715,0.982718
1428,test,shipping,0,0,0.143089,0.279037
1428,test,smell,0,0,0.017421,0.082166
1428,test,stayingpower,2,2,0.997876,0.001809
1428,test,texture,0,0,0.231117,0.020114
1429,test,colour,1,1,0.000689,0.998523
1429,test,packing,0,0,0.000472,0.010745
1429,test,price,0,0,0.001235,0.009984
1429,test,shipping,3,1,0.034234,0.96516
1429,test,smell,0,0,0.00093,0.002352
1429,test,stayingpower,0,0,0.004587,0.025538
1429,test,texture,0,0,0.001181,0.003425
1430,test,colour,1,1,0.003427,0.995077
1430,test,packing,0,0,0.003799,0.019878
1430,test,price,1,1,0.007577,0.986524
1430,test,shipping,0,0,0.008348,0.004986
1430,test,smell,0,0,0.011266,0.046515
1430,test,stayingpower,3,2,0.970838,0.028706
1430,test,texture,1,1,0.258063,0.728413
1431,test,colour,1,1,0.00057,0.99878
1431,test,packing,1,1,0.000962,0.994065
1431,test,price,0,0,0.001734,0.014816
1431,test,shipping,0,0,0.010691,0.044512
1431,test,smell,0,0,0.003174,0.021847
1431,test,stayingpower,0,0,0.002585,0.018984
1431,test,texture,1,1,0.007351,0.966473
1432,test,colour,1,1,0.00316,0.993474
1432,test,packing,1,1,0.002751,0.99559
1432,test,price,0,0,0.001758,0.009277
1432,test,shipping,2,2,0.996535,0.002753
1432,test,smell,0,0,0.00516,0.007123
1432,test,stayingpower,0,0,0.005635,0.022656
1432,test,texture,0,0,0.008731,0.004763
1433,test,colour,1,1,0.0005,0.999396
1433,test,packing,0,0,0.000299,0.002428
1433,test,price,0,0,0.001135,0.003529
1433,test,shipping,0,0,0.003284,0.006708
1433,test,smell,0,0,0.000628,0.001754
1433,test,stayingpower,0,0,0.005318,0.01466
1433,test,texture,0,0,0.002436,0.004975
1434,test,colour,0,0,0.007228,0.032567
1434,test,packing,0,0,0.00456,0.031938
1434,test,price,1,1,0.006324,0.991852
1434,test,shipping,2,2,0.999149,0.000628
1434,test,smell,0,0,0.003558,0.020746
1434,test,stayingpower,0,0,0.005035,0.073078
1434,test,texture,1,1,0.003992,0.989191
1435,test,colour,0,0,0.002913,0.004146
1435,test,packing,1,1,0.001021,0.99729
1435,test,price,0,0,0.001414,0.014604
1435,test,shipping,1,1,0.002567,0.996941
1435,test,smell,0,0,0.002601,0.009063
1435,test,stayingpower,0,0,0.001334,0.006416
1435,test,texture,0,0,0.000826,0.003613
1436,test,colour,1,1,0.026261,0.897727
1436,test,packing,0,0,0.000599,0.004442
1436,test,price,0,0,0.000788,0.002165
1436,test,shipping,0,0,0.003433,0.001049
1436,test,smell,0,0,0.000364,0.005747
1436,test,stayingpower,1,1,0.008931,0.945212
1436,test,texture,1,1,0.002835,0.988522
1437,test,colour,0,0,0.00285,0.00084
1437,test,packing,0,0,0.001126,0.00338
1437,test,price,0,0,0.001677,0.003904
1437,test,shipping,0,0,0.003194,0.001276
1437,test,smell,0,0,0.000706,0.003287
1437,test,stayingpower,0,0,0.00177,0.004407
1437,test,texture,0,0,0.001168,0.001085
1438,test,colour,0,0,0.001991,0.000802
1438,test,packing,0,0,0.002018,0.013306
1438,test,price,0,0,0.001399,0.002567
1438,test,shipping,0,0,0.003016,0.001615
1438,test,smell,0,0,0.000391,0.001592
1438,test,stayingpower,0,0,0.002478,0.010302
1438,test,texture,0,0,0.003666,0.008335
1439,test,colour,0,0,0.002815,0.003337
1439,test,packing,1,1,0.000746,0.998089
1439,test,price,0,0,0.002273,0.027931
1439,test,shipping,1,1,0.005283,0.992822
1439,test,smell,0,0,0.00232,0.006566
1439,test,stayingpower,0,0,0.001855,0.011895
1439,test,texture,0,0,0.001071,0.003749
1440,test,colour,1,1,0.00379,0.991787
1440,test,packing,0,0,0.021043,0.096241
1440,test,price,0,0,0.005225,0.042522
1440,test,shipping,1,1,0.014129,0.978665
1440,test,smell,1,1,0.019123,0.979605
1440,test,stayingpower,0,0,0.06761,0.01617
1440,test,texture,2,2,0.988331,0.005523
1441,test,colour,0,0,0.002755,0.000953
1441,test,packing,0,0,0.001265,0.005396
1441,test,price,0,0,0.001925,0.004001
1441,test,shipping,0,0,0.00276,0.001564
1441,test,smell,0,0,0.000834,0.003309
1441,test,stayingpower,0,0,0.001169,0.002742
1441,test,texture,0,0,0.000932,0.001048
1442,test,colour,1,2,0.965776,0.027519
1442,test,packing,0,0,0.003324,0.016132
1442,test,price,1,1,0.001346,0.997508
1442,test,shipping,0,0,0.007506,0.006612
1442,test,smell,0,0,0.001956,0.005606
1442,test,stayingpower,0,0,0.009989,0.031436
1442,test,texture,1,1,0.009016,0.981969
1443,test,colour,1,1,0.002699,0.996038
1443,test,packing,1,1,0.001235,0.996802
1443,test,price,0,0,0.001608,0.008375
1443,test,shipping,1,1,0.00198,0.997519
1443,test,smell,0,0,0.020838,0.084953
1443,test,stayingpower,0,0,0.023228,0.077529
1443,test,texture,1,1,0.004586,0.987193
1444,test,colour,1,1,0.001183,0.99771
1444,test,packing,0,0,0.000331,0.001733
1444,test,price,1,1,0.001137,0.995754
1444,test,shipping,0,0,0.001886,0.002932
1444,test,smell,0,0,0.000783,0.005262
1444,test,stayingpower,0,0,0.005114,0.009771
1444,test,texture,0,0,0.002198,0.00207
1445,test,colour,0,0,0.004308,0.001882
1445,test,packing,0,0,0.001654,0.006963
1445,test,price,0,0,0.0009,0.001983
1445,test,shipping,0,0,0.006796,0.002147
1445,test,smell,0,0,0.000642,0.002476
1445,test,stayingpower,0,0,0.001374,0.002831
1445,test,texture,0,0,0.001655,0.000978
1446,test,colour,0,1,0.011589,0.922077
1446,test,packing,0,0,0.002219,0.039392
1446,test,price,0,0,0.001607,0.008674
1446,test,shipping,1,1,0.001215,0.998269
1446,test,smell,1,1,0.001425,0.998114
1446,test,stayingpower,0,0,0.005352,0.010668
1446,test,texture,0,0,0.000719,0.010053
1447,test,colour,0,0,0.000667,0.000721
1447,test,packing,0,0,0.000626,0.008569
1447,test,price,0,0,0.001585,0.005809
1447,test,shipping,0,0,0.003822,0.0035
1447,test,smell,0,0,0.000235,0.002695
1447,test,stayingpower,0,0,0.000755,0.005237
1447,test,texture,0,0,0.000744,0.003176
1448,test,colour,1,1,0.004021,0.981374
1448,test,packing,0,0,0.00016,0.000532
1448,test,price,1,1,0.00227,0.994715
1448,test,shipping,0,0,0.001972,0.001658
1448,test,smell,0,0,0.000931,0.00788
1448,test,stayingpower,0,0,0.003948,0.013122
1448,test,texture,0,0,0.002735,0.00239
1449,test,colour,1,1,0.000714,0.999073
1449,test,packing,0,0,0.000226,0.002726
1449,test,price,0,0,0.001988,0.01764
1449,test,shipping,1,1,0.000794,0.998022
1449,test,smell,0,0,0.001441,0.005413
1449,test,stayingpower,0,0,0.012589,0.023758
1449,test,texture,0,0,0.002679,0.016341
1450,test,colour,0,0,0.001375,0.001543
1450,test,packing,1,1,0.000843,0.997097
1450,test,price,0,0,0.001528,0.020009
1450,test,shipping,0,0,0.039913,0.076896
1450,test,smell,0,0,0.001051,0.004289
1450,test,stayingpower,0,0,0.000843,0.008361
1450,test,texture,0,0,0.001723,0.00393
1451,test,colour,0,0,0.013927,0.351577
1451,test,packing,0,0,0.002016,0.020255
1451,test,price,0,0,0.001671,0.004699
1451,test,shipping,0,0,0.011053,0.006015
1451,test,smell,0,0,0.001045,0.012415
1451,test,stayingpower,1,1,0.003235,0.995354
1451,test,texture,1,1,0.005123,0.98928
1452,test,colour,1,2,0.626192,0.132512
1452,test,packing,0,0,0.000989,0.001849
1452,test,price,0,0,0.000492,0.000976
1452,test,shipping,0,0,0.001612,0.000498
1452,test,smell,0,0,0.000402,0.001317
1452,test,stayingpower,0,0,0.002254,0.004378
1452,test,texture,0,0,0.01053,0.005024
1453,test,colour,0,0,0.00163,0.000775
1453,test,packing,0,0,0.001054,0.005843
1453,test,price,0,0,0.001161,0.002846
1453,test,shipping,0,0,0.002484,0.00098
1453,test,smell,0,0,0.000789,0.006354
1453,test,stayingpower,0,0,0.002307,0.006529
1453,test,texture,0,0,0.001134,0.002588
1454,test,colour,1,1,0.001555,0.996781
1454,test,packing,0,0,0.006636,0.041443
1454,test,price,0,0,0.004113,0.014336
1454,test,shipping,2,2,0.998798,0.000924
1454,test,smell,1,1,0.004419,0.994483
1454,test,stayingpower,0,0,0.007699,0.037373
1454,test,texture,0,0,0.003756,0.012865
1455,test,colour,0,0,0.029406,0.13341
1455,test,packing,0,0,0.028795,0.080985
1455,test,price,0,0,0.031346,0.057229
1455,test,shipping,0,0,0.014654,0.015366
1455,test,smell,1,1,0.006207,0.992191
1455,test,stayingpower,2,2,0.997463,0.001766
1455,test,texture,0,0,0.018444,0.09092
1456,test,colour,3,2,0.859901,0.123315
1456,test,packing,0,0,0.019175,0.078971
1456,test,price,0,0,0.005681,0.029121
1456,test,shipping,0,0,0.002432,0.001
1456,test,smell,1,1,0.004259,0.994959
1456,test,stayingpower,0,0,0.420385,0.069226
1456,test,texture,1,1,0.00847,0.990854
1457,test,colour,0,0,0.000551,0.001206
1457,test,packing,0,0,0.000634,0.007041
1457,test,price,1,1,0.000908,0.997632
1457,test,shipping,0,0,0.003492,0.00571
1457,test,smell,0,0,0.000763,0.035271
1457,test,stayingpower,0,0,0.000936,0.004664
1457,test,texture,0,0,0.001568,0.006027
1458,test,colour,0,0,0.001463,0.000587
1458,test,packing,0,0,0.006071,0.059058
1458,test,price,0,0,0.001343,0.008122
1458,test,shipping,0,0,0.033248,0.003988
1458,test,smell,0,0,0.000473,0.00212
1458,test,stayingpower,0,0,0.000905,0.003357
1458,test,texture,0,0,0.001826,0.001121
1459,test,colour,0,0,0.001645,0.005107
1459,test,packing,0,0,0.002046,0.017184
1459,test,price,0,0,0.003089,0.028638
1459,test,shipping,0,0,0.004225,0.004192
1459,test,smell,1,1,0.000786,0.99864
1459,test,stayingpower,0,0,0.002148,0.006219
1459,test,texture,0,0,0.00168,0.012782
1460,test,colour,3,1,0.092157,0.907758
1460,test,packing,0,0,0.002109,0.004161
1460,test,price,0,0,0.005973,0.027224
1460,test,shipping,0,0,0.003267,0.004087
1460,test,smell,0,0,0.04458,0.035132
1460,test,stayingpower,0,0,0.013847,0.066447
1460,test,texture,1,1,0.067731,0.921125
1461,test,colour,0,0,0.004994,0.013236
1461,test,packing,0,0,0.002976,0.017675
1461,test,price,0,0,0.003478,0.016121
1461,test,shipping,2,2,0.999578,0.000192
1461,test,smell,0,0,0.001789,0.007388
1461,test,stayingpower,0,0,0.000874,0.009421
1461,test,texture,0,0,0.000949,0.001648
1462,test,colour,0,0,0.001479,0.003122
1462,test,packing,0,0,0.000573,0.006213
1462,test,price,0,0,0.000922,0.002858
1462,test,shipping,0,0,0.00193,0.002345
1462,test,smell,0,0,0.00036,0.003759
1462,test,stayingpower,0,0,0.000616,0.002069
1462,test,texture,0,0,0.000577,0.001336
1463,test,colour,1,1,0.002719,0.994756
1463,test,packing,0,0,0.001201,0.003544
1463,test,price,1,1,0.002423,0.988386
1463,test,shipping,0,0,0.00298,0.002549
1463,test,smell,1,1,0.002179,0.996382
1463,test,stayingpower,0,0,0.005699,0.010655
1463,test,texture,0,0,0.00298,0.00643
1464,test,colour,1,1,0.000964,0.997911
1464,test,packing,1,1,0.000358,0.998585
1464,test,price,0,0,0.00075,0.009306
1464,test,shipping,1,1,0.001267,0.997641
1464,test,smell,0,0,0.007696,0.018628
1464,test,stayingpower,0,0,0.006191,0.041335
1464,test,texture,0,0,0.003883,0.004194
1465,test,colour,1,1,0.00719,0.985195
1465,test,packing,1,1,0.000984,0.99805
1465,test,price,1,1,0.00062,0.999171
1465,test,shipping,0,0,0.057966,0.064338
1465,test,smell,0,0,0.004042,0.033291
1465,test,stayingpower,0,0,0.023263,0.079604
1465,test,texture,1,1,0.057498,0.916909
1466,test,colour,1,1,0.001242,0.997514
1466,test,packing,0,0,0.001104,0.008147
1466,test,price,0,0,0.001262,0.005028
1466,test,shipping,0,0,0.002136,0.003314
1466,test,smell,1,1,0.00155,0.998189
1466,test,stayingpower,0,0,0.003095,0.006498
1466,test,texture,0,0,0.002408,0.006835
1467,test,colour,0,0,0.012832,0.125128
1467,test,packing,0,0,0.004216,0.014994
1467,test,price,1,1,0.003811,0.995179
1467,test,shipping,2,2,0.999837,0.000107
1467,test,smell,0,0,0.002912,0.017785
1467,test,stayingpower,0,0,0.003092,0.017299
1467,test,texture,0,0,0.00391,0.007355
1468,test,colour,0,0,0.014146,0.023947
1468,test,packing,1,1,0.00135,0.995831
1468,test,price,0,0,0.002948,0.03293
1468,test,shipping,1,1,0.003139,0.996508
1468,test,smell,0,0,0.007164,0.048582
1468,test,stayingpower,0,0,0.017473,0.087893
1468,test,texture,1,1,0.003088,0.981978
1469,test,colour,0,0,0.00225,0.009995
1469,test,packing,0,0,0.000473,0.011048
1469,test,price,0,0,0.003112,0.014439
1469,test,shipping,0,0,0.003489,0.007014
1469,test,smell,0,0,0.000602,0.013851
1469,test,stayingpower,0,0,0.000887,0.008924
1469,test,texture,1,1,0.001148,0.996381
1470,test,colour,0,0,0.001698,0.002407
1470,test,packing,1,1,0.001484,0.997161
1470,test,price,1,1,0.000679,0.998932
1470,test,shipping,0,0,0.058572,0.097467
1470,test,smell,0,0,0.001872,0.011044
1470,test,stayingpower,0,0,0.002771,0.015343
1470,test,texture,0,0,0.010821,0.007662
1471,test,colour,0,0,0.001295,0.001109
1471,test,packing,0,0,0.000671,0.002301
1471,test,price,1,1,0.004243,0.98532
1471,test,shipping,0,0,0.00414,0.002284
1471,test,smell,0,0,0.000812,0.011558
1471,test,stayingpower,0,0,0.001501,0.003135
1471,test,texture,0,0,0.001228,0.00076
1472,test,colour,0,0,0.002628,0.00065
1472,test,packing,0,0,0.001486,0.004618
1472,test,price,0,0,0.002559,0.005612
1472,test,shipping,0,0,0.003643,0.00174
1472,test,smell,0,0,0.000672,0.002526
1472,test,stayingpower,0,0,0.001599,0.00243
1472,test,texture,0,0,0.001664,0.001232
1473,test,colour,1,1,0.025227,0.973541
1473,test,packing,0,0,0.000471,0.001068
1473,test,price,1,1,0.001827,0.993194
1473,test,shipping,0,0,0.001689,0.001036
1473,test,smell,0,0,0.000697,0.002302
1473,test,stayingpower,0,0,0.003564,0.010568
1473,test,texture,0,0,0.021867,0.003396
1474,test,colour,0,0,0.002965,0.00118
1474,test,packing,0,0,0.000835,0.004028
1474,test,price,0,0,0.001137,0.0027
1474,test,shipping,0,0,0.00337,0.00192
1474,test,smell,0,0,0.000507,0.002694
1474,test,stayingpower,0,0,0.001315,0.00342
1474,test,texture,0,0,0.000997,0.001122
1475,test,colour,1,1,0.026588,0.734592
1475,test,packing,0,0,0.000314,0.001757
1475,test,price,0,0,0.000758,0.001726
1475,test,shipping,0,0,0.000555,0.000509
1475,test,smell,0,0,7.9e-05,0.000894
1475,test,stayingpower,0,0,0.00131,0.006154
1475,test,texture,0,0,0.003876,0.009741
1476,test,colour,1,1,0.001269,0.998221
1476,test,packing,0,0,0.007918,0.032515
1476,test,price,0,0,0.009836,0.052292
1476,test,shipping,0,0,0.0283,0.021916
1476,test,smell,0,0,0.048239,0.038075
1476,test,stayingpower,0,0,0.015975,0.041456
1476,test,texture,2,2,0.999282,0.000534
1477,test,colour,1,1,0.000992,0.997454
1477,test,packing,0,0,0.001001,0.006812
1477,test,price,0,0,0.00189,0.010644
1477,test,shipping,0,0,0.00817,0.007579
1477,test,smell,0,0,0.001864,0.021952
1477,test,stayingpower,1,1,0.006358,0.989199
1477,test,texture,1,1,0.004643,0.99394
1478,test,colour,1,1,0.00293,0.99619
1478,test,packing,0,0,0.085257,0.152849
1478,test,price,0,0,0.008142,0.035393
1478,test,shipping,2,2,0.995556,0.002403
1478,test,smell,1,1,0.006991,0.991867
1478,test,stayingpower,2,2,0.961865,0.035784
1478,test,texture,3,1,0.150337,0.771536
1479,test,colour,1,1,0.000582,0.999135
1479,test,packing,0,0,0.002408,0.022533
1479,test,price,0,0,0.005123,0.025189
1479,test,shipping,0,0,0.026981,0.027314
1479,test,smell,0,0,0.00525,0.016823
1479,test,stayingpower,1,1,0.004058,0.99136
1479,test,texture,1,1,0.015215,0.982659
1480,test,colour,1,1,0.000806,0.998679
1480,test,packing,0,0,0.002119,0.047121
1480,test,price,0,0,0.001761,0.007542
1480,test,shipping,1,0,0.035335,0.099324
1480,test,smell,0,0,0.00077,0.005009
1480,test,stayingpower,1,1,0.00282,0.994597
1480,test,texture,1,1,0.004354,0.988405
1481,test,colour,1,1,0.098009,0.883922
1481,test,packing,0,0,0.003605,0.011119
1481,test,price,1,1,0.005967,0.989458
1481,test,shipping,0,0,0.046563,0.001713
1481,test,smell,0,0,0.005791,0.005409
1481,test,stayingpower,1,1,0.038564,0.956103
1481,test,texture,1,1,0.471077,0.509311
1482,test,colour,1,1,0.000617,0.999288
1482,test,packing,0,0,0.000221,0.001715
1482,test,price,0,0,0.00104,0.003294
1482,test,shipping,0,0,0.002184,0.002956
1482,test,smell,0,0,0.000827,0.00292
1482,test,stayingpower,0,0,0.004342,0.010004
1482,test,texture,0,0,0.003603,0.003291
1483,test,colour,1,1,0.001628,0.995657
1483,test,packing,0,0,0.015163,0.10793
1483,test,price,0,0,0.002262,0.006187
1483,test,shipping,1,1,0.008609,0.99044
1483,test,smell,1,1,0.010964,0.98839
1483,test,stayingpower,1,1,0.014229,0.981777
1483,test,texture,1,1,0.049831,0.700084
1484,test,colour,1,1,0.00093,0.994871
1484,test,packing,0,0,0.003173,0.017513
1484,test,price,1,1,0.001385,0.997063
1484,test,shipping,0,0,0.041745,0.020358
1484,test,smell,0,0,0.004817,0.039562
1484,test,stayingpower,3,1,0.007191,0.988731
1484,test,texture,1,1,0.039622,0.958017
1485,test,colour,0,0,0.001171,0.001429
1485,test,packing,1,1,0.000776,0.998128
1485,test,price,0,0,0.001596,0.022192
1485,test,shipping,0,0,0.011591,0.030771
1485,test,smell,0,0,0.001177,0.003884
1485,test,stayingpower,0,0,0.001348,0.01245
1485,test,texture,0,0,0.001624,0.003333
1486,test,colour,1,1,0.000387,0.999055
1486,test,packing,0,0,0.000949,0.016445
1486,test,price,1,1,0.000888,0.996438
1486,test,shipping,1,1,0.001039,0.995878
1486,test,smell,0,0,0.001359,0.01146
1486,test,stayingpower,0,0,0.010985,0.02125
1486,test,texture,0,0,0.005004,0.014151
1487,test,colour,0,0,0.002856,0.006445
1487,test,packing,0,0,0.003421,0.019909
1487,test,price,0,0,0.003397,0.026219
1487,test,shipping,0,0,0.005499,0.003888
1487,test,smell,1,1,0.000918,0.998477
1487,test,stayingpower,0,0,0.002308,0.006023
1487,test,texture,0,0,0.002128,0.011004
1488,test,colour,1,1,0.001586,0.997499
1488,test,packing,0,0,0.005885,0.045964
1488,test,price,0,0,0.011244,0.026186
1488,test,shipping,2,2,0.999184,0.000681
1488,test,smell,0,0,0.010308,0.042711
1488,test,stayingpower,0,0,0.013601,0.145012
1488,test,texture,1,1,0.006623,0.981981
1489,test,colour,0,0,0.00168,0.001103
1489,test,packing,0,0,0.001054,0.006432
1489,test,price,0,0,0.002145,0.007674
1489,test,shipping,0,0,0.005504,0.002885
1489,test,smell,0,0,0.000765,0.004069
1489,test,stayingpower,0,0,0.00204,0.004738
1489,test,texture,0,0,0.000811,0.000588
1490,test,colour,1,1,0.001931,0.996956
1490,test,packing,0,0,0.002625,0.008511
1490,test,price,1,1,0.015424,0.978745
1490,test,shipping,0,0,0.014873,0.011361
1490,test,smell,0,0,0.006805,0.025655
1490,test,stayingpower,2,2,0.995295,0.004258
1490,test,texture,0,0,0.043584,0.017431
1491,test,colour,0,0,0.002793,0.013048
1491,test,packing,0,0,0.000344,0.002725
1491,test,price,0,0,0.001546,0.008854
1491,test,shipping,0,0,0.001563,0.002002
1491,test,smell,0,0,0.000233,0.002502
1491,test,stayingpower,0,0,0.000942,0.00364
1491,test,texture,0,0,0.000829,0.002316
1492,test,colour,0,0,0.020797,0.034978
1492,test,packing,1,1,0.011282,0.978857
1492,test,price,0,0,0.007813,0.037656
1492,test,shipping,2,2,0.998389,0.001138
1492,test,smell,1,1,0.010448,0.988323
1492,test,stayingpower,0,0,0.011193,0.031695
1492,test,texture,0,0,0.007918,0.040388
1493,test,colour,1,1,0.00786,0.981414
1493,test,packing,1,1,0.010982,0.987165
1493,test,price,0,0,0.001567,0.011117
1493,test,shipping,2,2,0.991775,0.007725
1493,test,smell,3,1,0.037296,0.95368
1493,test,stayingpower,0,0,0.00838,0.018392
1493,test,texture,0,0,0.017733,0.011339
1494,test,colour,0,0,0.018476,0.06601
1494,test,packing,0,0,0.001873,0.007206
1494,test,price,0,0,0.003382,0.005668
1494,test,shipping,0,0,0.008662,0.002905
1494,test,smell,0,0,0.000608,0.002315
1494,test,stayingpower,1,1,0.010476,0.983266
1494,test,texture,0,0,0.003725,0.013482
1495,test,colour,1,1,0.000296,0.999489
1495,test,packing,0,0,0.000488,0.002393
1495,test,price,1,1,0.000733,0.998018
1495,test,shipping,0,0,0.001848,0.005461
1495,test,smell,0,0,0.001188,0.010161
1495,test,stayingpower,0,0,0.007011,0.040979
1495,test,texture,0,0,0.00763,0.03166
1496,test,colour,0,0,0.004185,0.024359
1496,test,packing,0,0,0.002597,0.030692
1496,test,price,1,1,0.00038,0.999463
1496,test,shipping,0,0,0.014034,0.022156
1496,test,smell,1,1,0.000756,0.99453
1496,test,stayingpower,0,0,0.001886,0.018877
1496,test,texture,1,1,0.001838,0.980197
1497,test,colour,0,0,0.002297,0.003077
1497,test,packing,1,1,0.001155,0.997577
1497,test,price,0,1,0.006983,0.623379
1497,test,shipping,1,1,0.003115,0.996447
1497,test,smell,0,0,0.00124,0.005198
1497,test,stayingpower,0,0,0.002439,0.00901
1497,test,texture,0,0,0.000948,0.003065
1498,test,colour,2,2,0.972559,0.017124
1498,test,packing,0,0,0.038551,0.061832
1498,test,price,1,1,0.01536,0.978856
1498,test,shipping,0,0,0.018246,0.018382
1498,test,smell,2,2,0.982589,0.006382
1498,test,stayingpower,0,0,0.062651,0.0573
1498,test,texture,2,2,0.997337,0.001735
1499,test,colour,0,0,0.001513,0.001681
1499,test,packing,0,0,0.001014,0.01207
1499,test,price,0,0,0.001263,0.004515
1499,test,shipping,0,0,0.002417,0.002451
1499,test,smell,0,0,0.000312,0.002843
1499,test,stayingpower,0,0,0.001214,0.003938
1499,test,texture,0,0,0.000901,0.00198
1500,test,colour,1,1,0.028985,0.970519
1500,test,packing,0,0,0.003528,0.018345
1500,test,price,0,0,0.003817,0.009284
1500,test,shipping,0,0,0.004888,0.006553
1500,test,smell,1,1,0.001532,0.998239
1500,test,stayingpower,0,0,0.012975,0.023585
1500,test,texture,1,1,0.002198,0.990438
1501,test,colour,1,1,0.000555,0.999282
1501,test,packing,1,1,0.000675,0.997303
1501,test,price,0,0,0.001143,0.008459
1501,test,shipping,0,0,0.013001,0.048431
1501,test,smell,0,0,0.00484,0.011379
1501,test,stayingpower,0,0,0.006605,0.027398
1501,test,texture,0,0,0.009345,0.005385
1502,test,colour,0,0,0.023158,0.192041
1502,test,packing,0,0,0.01617,0.065961
1502,test,price,0,0,0.01,0.016623
1502,test,shipping,2,2,0.999669,0.000223
1502,test,smell,0,0,0.005172,0.016431
1502,test,stayingpower,1,1,0.016195,0.977871
1502,test,texture,3,1,0.018286,0.921075
1503,test,colour,1,1,0.003068,0.996307
1503,test,packing,0,0,0.000407,0.004989
1503,test,price,0,0,0.006585,0.021988
1503,test,shipping,0,0,0.003915,0.004463
1503,test,smell,0,0,0.001878,0.01631
1503,test,stayingpower,0,0,0.005147,0.037231
1503,test,texture,1,1,0.010244,0.987641
1504,test,colour,0,0,0.003537,0.007471
1504,test,packing,1,1,0.000807,0.997509
1504,test,price,0,0,0.001386,0.015453
1504,test,shipping,1,1,0.004022,0.994179
1504,test,smell,0,0,0.001972,0.005449
1504,test,stayingpower,0,0,0.001785,0.009237
1504,test,texture,0,0,0.00081,0.003992
1505,test,colour,1,1,0.010287,0.979601
1505,test,packing,1,1,0.046298,0.948447
1505,test,price,1,1,0.004499,0.992205
1505,test,shipping,1,1,0.061725,0.916985
1505,test,smell,1,1,0.116574,0.869229
1505,test,stayingpower,0,2,0.615685,0.031416
1505,test,texture,2,2,0.991594,0.003879
1506,test,colour,0,0,0.020675,0.091396
1506,test,packing,0,0,0.019855,0.070024
1506,test,price,1,1,0.025905,0.951228
1506,test,shipping,0,0,0.011711,0.004876
1506,test,smell,1,1,0.003513,0.995941
1506,test,stayingpower,2,2,0.997022,0.002082
1506,test,texture,1,1,0.048507,0.7287
1507,test,colour,1,1,0.029687,0.967033
1507,test,packing,0,0,0.007546,0.016866
1507,test,price,0,0,0.009355,0.012646
1507,test,shipping,0,0,0.0081,0.029733
1507,test,smell,2,2,0.99924,0.000588
1507,test,stayingpower,0,0,0.013991,0.044527
1507,test,texture,0,0,0.083235,0.019033
1508,test,colour,0,0,0.001137,0.001148
1508,test,packing,1,1,0.000633,0.997798
1508,test,price,0,0,0.001761,0.022905
1508,test,shipping,0,0,0.03326,0.082708
1508,test,smell,0,0,0.000988,0.003133
1508,test,stayingpower,0,0,0.000887,0.009948
1508,test,texture,0,0,0.001376,0.004016
1509,test,colour,0,0,0.001367,0.002797
1509,test,packing,0,0,0.000489,0.007722
1509,test,price,0,0,0.00078,0.003532
1509,test,shipping,0,0,0.003137,0.002698
1509,test,smell,0,0,0.000292,0.002675
1509,test,stayingpower,0,0,0.001313,0.006664
1509,test,texture,0,0,0.000484,0.001529
1510,test,colour,1,1,0.001121,0.998435
1510,test,packing,0,0,0.001987,0.019347
1510,test,price,0,0,0.001386,0.003054
1510,test,shipping,1,1,0.003631,0.995033
1510,test,smell,0,0,0.002628,0.008145
1510,test,stayingpower,1,1,0.015009,0.972068
1510,test,texture,0,0,0.003608,0.022371
1511,test,colour,0,0,0.002996,0.00223
1511,test,packing,1,1,0.000756,0.998699
1511,test,price,0,0,0.001968,0.01654
1511,test,shipping,0,0,0.046899,0.058082
1511,test,smell,0,0,0.001461,0.00364
1511,test,stayingpower,0,0,0.001701,0.011907
1511,test,texture,0,0,0.002764,0.005792
1512,test,colour,0,0,0.001061,0.001436
1512,test,packing,0,0,0.000469,0.006053
1512,test,price,0,0,0.001402,0.018173
1512,test,shipping,0,1,0.059203,0.788834
1512,test,smell,0,0,0.000488,0.004069
1512,test,stayingpower,0,0,0.005358,0.014473
1512,test,texture,0,0,0.000868,0.003221
1513,test,colour,0,0,0.015265,0.003062
1513,test,packing,0,0,0.001333,0.001615
1513,test,price,0,0,0.00212,0.005227
1513,test,shipping,0,0,0.013887,0.000884
1513,test,smell,0,0,0.000504,0.002024
1513,test,stayingpower,0,0,0.001991,0.001969
1513,test,texture,0,0,0.002554,0.000694
1514,test,colour,1,1,0.001217,0.997136
1514,test,packing,0,0,0.004505,0.044604
1514,test,price,0,0,0.001467,0.005604
1514,test,shipping,1,1,0.006976,0.991262
1514,test,smell,1,1,0.006511,0.989944
1514,test,stayingpower,1,1,0.016929,0.978365
1514,test,texture,3,1,0.005011,0.978031
1515,test,colour,0,0,0.001416,0.005252
1515,test,packing,0,0,0.000582,0.002745
1515,test,price,1,1,0.001156,0.998197
1515,test,shipping,0,0,0.007055,0.004798
1515,test,smell,0,0,0.000661,0.013615
1515,test,stayingpower,0,0,0.001109,0.005121
1515,test,texture,0,0,0.002816,0.004055
1516,test,colour,0,0,0.005335,0.028076
1516,test,packing,0,0,0.001863,0.027966
1516,test,price,0,0,0.002065,0.048746
1516,test,shipping,1,1,0.001898,0.997752
1516,test,smell,1,1,0.000746,0.998796
1516,test,stayingpower,0,0,0.009274,0.026454
1516,test,texture,0,0,0.001823,0.099971
1517,test,colour,0,0,0.000658,0.001054
1517,test,packing,0,0,0.000619,0.009796
1517,test,price,0,0,0.001064,0.008916
1517,test,shipping,0,0,0.00146,0.002291
1517,test,smell,0,0,0.00038,0.004725
1517,test,stayingpower,0,0,0.000419,0.001677
1517,test,texture,0,0,0.00144,0.004184
1518,test,colour,0,0,0.001204,0.001268
1518,test,packing,0,0,0.000916,0.00597
1518,test,price,0,0,0.001461,0.005114
1518,test,shipping,0,0,0.002247,0.001662
1518,test,smell,0,0,0.000454,0.003898
1518,test,stayingpower,0,0,0.000934,0.002921
1518,test,texture,0,0,0.000716,0.00109
1519,test,colour,1,1,0.010131,0.988017
1519,test,packing,2,2,0.887499,0.100948
1519,test,price,0,0,0.009898,0.008324
1519,test,shipping,1,1,0.057864,0.938904
1519,test,smell,0,0,0.030993,0.011695
1519,test,stayingpower,0,0,0.065584,0.012416
1519,test,texture,0,0,0.096015,0.007072
1520,test,colour,0,0,0.001173,0.005783
1520,test,packing,0,0,0.000311,0.003239
1520,test,price,0,0,0.001318,0.009459
1520,test,shipping,0,0,0.000839,0.001342
1520,test,smell,0,0,0.00033,0.00528
1520,test,stayingpower,0,0,0.000963,0.002766
1520,test,texture,0,0,0.000939,0.002087
1521,test,colour,0,0,0.001102,0.005078
1521,test,packing,0,0,0.000535,0.003946
1521,test,price,1,1,0.001079,0.99782
1521,test,shipping,0,0,0.005962,0.004858
1521,test,smell,0,0,0.000395,0.008574
1521,test,stayingpower,0,0,0.000666,0.004744
1521,test,texture,0,0,0.001454,0.002946
1522,test,colour,1,1,0.001242,0.997925
1522,test,packing,0,0,0.003652,0.020263
1522,test,price,0,0,0.004397,0.010865
1522,test,shipping,2,2,0.999631,0.000232
1522,test,smell,0,0,0.001188,0.003225
1522,test,stayingpower,0,0,0.003523,0.033285
1522,test,texture,0,0,0.006837,0.007514
1523,test,colour,0,0,0.002969,0.007881
1523,test,packing,0,0,0.000366,0.001645
1523,test,price,0,0,0.002107,0.006858
1523,test,shipping,0,0,0.002091,0.001098
1523,test,smell,0,0,0.000584,0.006303
1523,test,stayingpower,0,0,0.000803,0.002043
1523,test,texture,0,0,0.000768,0.000992
1524,test,colour,0,0,0.022534,0.138524
1524,test,packing,1,1,0.01687,0.976984
1524,test,price,1,1,0.003949,0.993327
1524,test,shipping,2,2,0.994498,0.004961
1524,test,smell,0,0,0.01348,0.06826
1524,test,stayingpower,2,2,0.914333,0.076803
1524,test,texture,1,1,0.172414,0.523136
1525,test,colour,0,0,0.002442,0.003267
1525,test,packing,1,1,0.001655,0.993035
1525,test,price,0,0,0.001189,0.011887
1525,test,shipping,1,1,0.004637,0.99463
1525,test,smell,0,0,0.001581,0.00508
1525,test,stayingpower,0,0,0.002344,0.008892
1525,test,texture,0,0,0.000854,0.003381
1526,test,colour,0,0,0.002161,0.003364
1526,test,packing,0,0,0.000645,0.007166
1526,test,price,0,0,0.000866,0.003246
1526,test,shipping,0,0,0.002011,0.001894
1526,test,smell,0,0,0.000348,0.003656
1526,test,stayingpower,0,0,0.000746,0.002996
1526,test,texture,0,0,0.000617,0.002049
1527,test,colour,0,0,0.181774,0.019207
1527,test,packing,0,0,0.009275,0.015737
1527,test,price,0,0,0.020745,0.048286
1527,test,shipping,0,0,0.008369,0.004814
1527,test,smell,0,0,0.022501,0.0106
1527,test,stayingpower,0,0,0.004631,0.007051
1527,test,texture,2,2,0.991945,0.007382
1528,test,colour,0,0,0.003188,0.021432
1528,test,packing,0,0,0.004021,0.023459
1528,test,price,1,1,0.002383,0.99659
1528,test,shipping,2,2,0.999488,0.000416
1528,test,smell,0,0,0.00128,0.008273
1528,test,stayingpower,0,0,0.001907,0.009916
1528,test,texture,0,0,0.002988,0.006013
1529,test,colour,0,0,0.003013,0.019928
1529,test,packing,0,0,0.003341,0.033726
1529,test,price,0,0,0.004372,0.030872
1529,test,shipping,0,0,0.007581,0.0066
1529,test,smell,1,1,0.000448,0.999335
1529,test,stayingpower,0,0,0.002229,0.017994
1529,test,texture,1,1,0.001034,0.996644
1530,test,colour,0,0,0.005249,0.00902
1530,test,packing,1,1,0.001015,0.997643
1530,test,price,0,0,0.00151,0.012337
1530,test,shipping,1,1,0.001841,0.997858
1530,test,smell,0,0,0.003093,0.007627
1530,test,stayingpower,0,0,0.002644,0.014362
1530,test,texture,0,0,0.000974,0.00423
1531,test,colour,1,1,0.003429,0.995257
1531,test,packing,0,0,0.009505,0.015978
1531,test,price,0,0,0.010447,0.021374
1531,test,shipping,0,0,0.006634,0.026744
1531,test,smell,1,2,0.964033,0.035887
1531,test,stayingpower,0,0,0.332016,0.145912
1531,test,texture,0,0,0.092125,0.045749
1532,test,colour,2,2,0.999182,0.000575
1532,test,packing,0,0,0.013784,0.014876
1532,test,price,0,0,0.009424,0.033244
1532,test,shipping,0,0,0.00291,0.002159
1532,test,smell,0,0,0.011143,0.001538
1532,test,stayingpower,0,0,0.005261,0.011594
1532,test,texture,0,0,0.021621,0.009416
1533,test,colour,0,0,0.007333,0.004231
1533,test,packing,0,0,0.001172,0.001604
1533,test,price,0,0,0.001095,0.003028
1533,test,shipping,1,2,0.76439,0.194951
1533,test,smell,0,0,0.000379,0.001275
1533,test,stayingpower,0,0,0.001958,0.002907
1533,test,texture,0,0,0.000611,0.00065
1534,test,colour,0,0,0.002089,0.002126
1534,test,packing,1,1,0.001403,0.995421
1534,test,price,0,0,0.001061,0.009265
1534,test,shipping,0,0,0.048126,0.070662
1534,test,smell,0,0,0.000871,0.001947
1534,test,stayingpower,0,0,0.000625,0.004967
1534,test,texture,0,0,0.001063,0.001602
1535,test,colour,0,0,0.004221,0.001863
1535,test,packing,0,0,0.001802,0.007668
1535,test,price,0,0,0.00188,0.003419
1535,test,shipping,0,0,0.002118,0.001075
1535,test,smell,0,0,0.000482,0.002578
1535,test,stayingpower,0,0,0.001373,0.002291
1535,test,texture,0,0,0.001007,0.000956
1536,test,colour,0,0,0.021119,0.074035
1536,test,packing,0,0,0.001859,0.01176
1536,test,price,0,0,0.005533,0.007266
1536,test,shipping,0,0,0.020266,0.013418
1536,test,smell,0,0,0.00095,0.018048
1536,test,stayingpower,3,2,0.966255,0.03139
1536,test,texture,1,1,0.001892,0.994597
1537,test,colour,0,0,0.057088,0.002108
1537,test,packing,0,0,0.003827,0.001098
1537,test,price,0,0,0.004009,0.008047
1537,test,shipping,0,0,0.024066,0.001696
1537,test,smell,0,0,0.00106,0.001116
1537,test,stayingpower,0,0,0.001962,0.002124
1537,test,texture,0,0,0.046486,0.001509
1538,test,colour,0,0,0.004087,0.004953
1538,test,packing,1,1,0.000955,0.997768
1538,test,price,0,0,0.002315,0.02948
1538,test,shipping,1,1,0.00419,0.995158
1538,test,smell,0,0,0.003751,0.010257
1538,test,stayingpower,0,0,0.002534,0.018567
1538,test,texture,0,0,0.001574,0.007237
1539,test,colour,1,1,0.002604,0.995891
1539,test,packing,0,0,0.002309,0.004282
1539,test,price,1,1,0.011336,0.983385
1539,test,shipping,0,0,0.01021,0.011422
1539,test,smell,0,0,0.005949,0.021359
1539,test,stayingpower,3,2,0.989162,0.009924
1539,test,texture,0,0,0.015793,0.013653
1540,test,colour,0,1,0.018902,0.850416
1540,test,packing,1,1,0.000368,0.999181
1540,test,price,0,0,0.001002,0.005235
1540,test,shipping,1,1,0.001858,0.997869
1540,test,smell,0,0,0.00328,0.004929
1540,test,stayingpower,0,0,0.002519,0.010927
1540,test,texture,0,0,0.001088,0.001459
1541,test,colour,1,1,0.001667,0.997197
1541,test,packing,1,1,0.002316,0.996123
1541,test,price,0,0,0.001588,0.004785
1541,test,shipping,1,1,0.022949,0.971115
1541,test,smell,0,0,0.006762,0.0128
1541,test,stayingpower,1,1,0.014851,0.978618
1541,test,texture,0,0,0.034232,0.032938
1542,test,colour,0,0,0.004628,0.027503
1542,test,packing,0,0,0.000345,0.005619
1542,test,price,0,0,0.001385,0.009413
1542,test,shipping,1,1,0.000853,0.998733
1542,test,smell,0,0,0.000526,0.003743
1542,test,stayingpower,0,0,0.002799,0.006746
1542,test,texture,0,0,0.000373,0.003046
1543,test,colour,1,1,0.002151,0.99583
1543,test,packing,0,0,0.01007,0.039083
1543,test,price,0,0,0.010688,0.029422
1543,test,shipping,2,2,0.999539,0.000367
1543,test,smell,0,0,0.011958,0.030178
1543,test,stayingpower,1,1,0.020099,0.962084
1543,test,texture,1,1,0.016347,0.970474
1544,test,colour,1,1,0.001278,0.997126
1544,test,packing,0,0,0.010787,0.066339
1544,test,price,1,1,0.015718,0.97615
1544,test,shipping,2,2,0.998806,0.001008
1544,test,smell,0,0,0.011747,0.041774
1544,test,stayingpower,0,0,0.029163,0.196734
1544,test,texture,1,1,0.017429,0.963686
1545,test,colour,3,1,0.350855,0.543511
1545,test,packing,0,0,0.001478,0.004081
1545,test,price,0,0,0.001712,0.006113
1545,test,shipping,0,0,0.002199,0.000872
1545,test,smell,1,1,0.000823,0.999063
1545,test,stayingpower,0,0,0.004648,0.009021
1545,test,texture,0,0,0.004657,0.024777
1546,test,colour,0,0,0.004605,0.019162
1546,test,packing,0,0,0.00227,0.013729
1546,test,price,0,0,0.002674,0.004785
1546,test,shipping,2,2,0.998602,0.001296
1546,test,smell,0,0,0.000794,0.00261
1546,test,stayingpower,0,0,0.00067,0.006804
1546,test,texture,0,0,0.000854,0.00398
1547,test,colour,0,0,0.002357,0.012202
1547,test,packing,0,0,0.000251,0.002377
1547,test,price,0,0,0.001085,0.007082
1547,test,shipping,0,0,0.001248,0.001594
1547,test,smell,0,0,0.000236,0.003268
1547,test,stayingpower,0,0,0.000546,0.001946
1547,test,texture,0,0,0.000511,0.001953
1548,test,colour,1,1,0.002676,0.991811
1548,test,packing,0,0,0.010013,0.095707
1548,test,price,1,1,0.00898,0.983555
1548,test,shipping,0,0,0.112702,0.044903
1548,test,smell,0,0,0.034238,0.089536
1548,test,stayingpower,0,0,0.044158,0.034389
1548,test,texture,2,2,0.868137,0.13142
1549,test,colour,0,0,0.001433,0.001626
1549,test,packing,1,1,0.000813,0.997632
1549,test,price,0,0,0.001424,0.01368
1549,test,shipping,0,0,0.064382,0.07925
1549,test,smell,0,0,0.000969,0.002268
1549,test,stayingpower,0,0,0.000601,0.004718
1549,test,texture,0,0,0.001054,0.002074
1550,test,colour,0,0,0.000651,0.002151
1550,test,packing,0,1,0.003196,0.761619
1550,test,price,0,0,0.00071,0.00865
1550,test,shipping,0,0,0.0025,0.004862
1550,test,smell,0,0,0.000238,0.003039
1550,test,stayingpower,0,0,0.000305,0.004596
1550,test,texture,0,0,0.001102,0.003025
1551,test,colour,0,2,0.9573,0.019915
1551,test,packing,0,0,0.000862,0.000797
1551,test,price,0,0,0.001102,0.005375
1551,test,shipping,0,0,0.001171,0.000697
1551,test,smell,0,0,0.000903,0.001638
1551,test,stayingpower,0,0,0.002224,0.002859
1551,test,texture,0,0,0.011133,0.003088
1552,test,colour,0,0,0.004744,0.015872
1552,test,packing,0,0,0.003318,0.014348
1552,test,price,1,1,0.003967,0.994898
1552,test,shipping,2,2,0.999436,0.000344
1552,test,smell,0,0,0.001314,0.008286
1552,test,stayingpower,0,0,0.002691,0.021175
1552,test,texture,0,0,0.007718,0.026874
1553,test,colour,0,0,0.001916,0.005247
1553,test,packing,0,0,0.000831,0.006704
1553,test,price,1,1,0.001178,0.997827
1553,test,shipping,0,0,0.007508,0.00528
1553,test,smell,0,0,0.000361,0.006089
1553,test,stayingpower,0,0,0.000977,0.003703
1553,test,texture,0,0,0.00103,0.001269
1554,test,colour,0,0,0.016177,0.098978
1554,test,packing,0,0,0.010456,0.077614
1554,test,price,0,0,0.004997,0.012473
1554,test,shipping,0,2,0.767033,0.019904
1554,test,smell,0,0,0.004382,0.007263
1554,test,stayingpower,1,1,0.010131,0.987299
1554,test,texture,1,1,0.022141,0.955771
1555,test,colour,0,0,0.001382,0.00605
1555,test,packing,1,1,0.001348,0.994792
1555,test,price,1,1,0.000552,0.998752
1555,test,shipping,1,1,0.002907,0.996545
1555,test,smell,0,0,0.001994,0.017073
1555,test,stayingpower,0,0,0.002629,0.013535
1555,test,texture,0,0,0.002257,0.005407
1556,test,colour,0,0,0.002171,0.004863
1556,test,packing,0,0,0.001169,0.003579
1556,test,price,0,0,0.004283,0.005518
1556,test,shipping,0,0,0.003108,0.001359
1556,test,smell,0,0,0.002648,0.012274
1556,test,stayingpower,0,0,0.001861,0.003507
1556,test,texture,3,2,0.486384,0.483856
1557,test,colour,1,1,0.024183,0.969142
1557,test,packing,1,1,0.025813,0.971589
1557,test,price,1,1,0.003363,0.995647
1557,test,shipping,1,1,0.040769,0.946905
1557,test,smell,0,0,0.108089,0.102422
1557,test,stayingpower,0,0,0.408911,0.032496
1557,test,texture,3,2,0.995298,0.003209
1558,test,colour,1,1,0.005948,0.986973
1558,test,packing,1,1,0.002373,0.995334
1558,test,price,1,1,0.001977,0.994258
1558,test,shipping,1,1,0.007858,0.990288
1558,test,smell,1,1,0.0295,0.966574
1558,test,stayingpower,0,0,0.035219,0.100819
1558,test,texture,1,1,0.00986,0.985616
1559,test,colour,0,1,0.001674,0.996307
1559,test,packing,0,0,0.000792,0.002979
1559,test,price,0,1,0.002814,0.993215
1559,test,shipping,0,0,0.013019,0.002873
1559,test,smell,0,0,0.000774,0.004412
1559,test,stayingpower,0,0,0.015593,0.027919
1559,test,texture,0,2,0.846836,0.039579
1560,test,colour,1,1,0.001951,0.994749
1560,test,packing,0,0,0.003974,0.019538
1560,test,price,1,1,0.00786,0.985086
1560,test,shipping,2,2,0.999744,0.000198
1560,test,smell,0,0,0.002621,0.009865
1560,test,stayingpower,0,0,0.007138,0.036713
1560,test,texture,0,0,0.014427,0.015053
1561,test,colour,0,0,0.002228,0.000733
1561,test,packing,0,0,0.00097,0.004087
1561,test,price,0,0,0.001666,0.003285
1561,test,shipping,0,0,0.002762,0.001411
1561,test,smell,0,0,0.00092,0.00447
1561,test,stayingpower,0,0,0.001338,0.00343
1561,test,texture,0,0,0.000899,0.001049
1562,test,colour,3,1,0.336886,0.643588
1562,test,packing,0,0,0.006441,0.014259
1562,test,price,0,0,0.009238,0.004727
1562,test,shipping,0,0,0.007434,0.005655
1562,test,smell,3,1,0.232812,0.690914
1562,test,stayingpower,2,2,0.99758,0.00229
1562,test,texture,0,0,0.150808,0.037057
1563,test,colour,0,0,0.001027,0.00171
1563,test,packing,1,1,0.001133,0.995245
1563,test,price,1,1,0.000664,0.998913
1563,test,shipping,0,0,0.038102,0.038399
1563,test,smell,0,0,0.001244,0.011942
1563,test,stayingpower,0,0,0.001923,0.015201
1563,test,texture,0,0,0.004718,0.005932
1564,test,colour,2,2,0.9889,0.005419
1564,test,packing,1,1,0.005724,0.992159
1564,test,price,0,0,0.006213,0.042328
1564,test,shipping,1,1,0.002433,0.988858
1564,test,smell,0,0,0.010444,0.003892
1564,test,stayingpower,0,0,0.03548,0.029895
1564,test,texture,0,0,0.023838,0.018729
1565,test,colour,1,1,0.003113,0.992374
1565,test,packing,0,0,0.022355,0.124214
1565,test,price,0,0,0.023195,0.045515
1565,test,shipping,2,2,0.99656,0.003332
1565,test,smell,1,1,0.006857,0.990874
1565,test,stayingpower,0,0,0.024524,0.165313
1565,test,texture,1,1,0.007451,0.978801
1566,test,colour,0,0,0.001146,0.00684
1566,test,packing,0,0,0.00238,0.029476
1566,test,price,0,0,0.001585,0.01107
1566,test,shipping,0,0,0.003172,0.003954
1566,test,smell,1,1,0.000486,0.998955
1566,test,stayingpower,0,0,0.001338,0.006911
1566,test,texture,0,0,0.001454,0.018667
1567,test,colour,3,1,0.031644,0.958736
1567,test,packing,0,0,0.004392,0.013018
1567,test,price,0,0,0.021648,0.031177
1567,test,shipping,0,0,0.006018,0.015375
1567,test,smell,0,0,0.005517,0.014523
1567,test,stayingpower,2,2,0.998264,0.001556
1567,test,texture,1,1,0.015362,0.974901
1568,test,colour,1,1,0.000453,0.999067
1568,test,packing,0,0,0.001041,0.004499
1568,test,price,1,1,0.000698,0.998675
1568,test,shipping,0,0,0.004849,0.013107
1568,test,smell,0,0,0.0014,0.008414
1568,test,stayingpower,0,0,0.009929,0.030405
1568,test,texture,0,0,0.004747,0.007123
1569,test,colour,0,0,0.015012,0.00067
1569,test,packing,0,0,0.024656,0.017253
1569,test,price,0,0,0.00573,0.017438
1569,test,shipping,1,1,0.009023,0.986631
1569,test,smell,0,0,0.318989,0.031156
1569,test,stayingpower,0,0,0.006063,0.007318
1569,test,texture,0,0,0.141576,0.009458
1570,test,colour,0,0,0.001991,0.002345
1570,test,packing,1,1,0.000746,0.998702
1570,test,price,0,0,0.00123,0.011451
1570,test,shipping,0,0,0.027877,0.050909
1570,test,smell,0,0,0.001143,0.002907
1570,test,stayingpower,0,0,0.004893,0.057642
1570,test,texture,0,0,0.006525,0.015435
1571,test,colour,0,0,0.000839,0.002374
1571,test,packing,0,0,0.000863,0.00785
1571,test,price,1,1,0.00065,0.999063
1571,test,shipping,0,0,0.006452,0.010916
1571,test,smell,0,0,0.000485,0.008501
1571,test,stayingpower,0,0,0.001305,0.009801
1571,test,texture,0,0,0.00221,0.00589
1572,test,colour,0,0,0.028977,0.006965
1572,test,packing,0,0,0.000831,0.000783
1572,test,price,0,0,0.001905,0.007069
1572,test,shipping,0,0,0.00523,0.000329
1572,test,smell,0,0,0.015295,0.092581
1572,test,stayingpower,0,0,0.005692,0.003766
1572,test,texture,0,0,0.021455,0.002252
1573,test,colour,0,0,0.043351,0.005812
1573,test,packing,2,2,0.928309,0.069579
1573,test,price,0,0,0.020925,0.043425
1573,test,shipping,2,2,0.996686,0.001896
1573,test,smell,0,0,0.019794,0.005316
1573,test,stayingpower,0,0,0.007789,0.005263
1573,test,texture,0,0,0.055442,0.014475
1574,test,colour,1,1,0.00089,0.997579
1574,test,packing,0,0,0.075458,0.12893
1574,test,price,0,0,0.006803,0.078272
1574,test,shipping,0,2,0.839569,0.012811
1574,test,smell,1,1,0.011595,0.981035
1574,test,stayingpower,0,0,0.200036,0.225432
1574,test,texture,1,2,0.971626,0.028088
1575,test,colour,0,0,0.002293,0.007942
1575,test,packing,0,0,0.000535,0.009096
1575,test,price,0,0,0.000757,0.003579
1575,test,shipping,1,1,0.005266,0.993483
1575,test,smell,0,0,0.000512,0.002487
1575,test,stayingpower,0,0,0.001333,0.005438
1575,test,texture,0,0,0.000364,0.00254
1576,test,colour,1,1,0.001135,0.998542
1576,test,packing,0,0,0.000641,0.005563
1576,test,price,0,0,0.001186,0.006702
1576,test,shipping,3,2,0.914055,0.083517
1576,test,smell,0,0,0.000625,0.000935
1576,test,stayingpower,0,0,0.005995,0.043341
1576,test,texture,0,0,0.00357,0.006612
1577,test,colour,0,0,0.066679,0.023585
1577,test,packing,0,0,0.012726,0.034324
1577,test,price,1,1,0.009032,0.986771
1577,test,shipping,0,0,0.129235,0.018282
1577,test,smell,0,0,0.128139,0.032893
1577,test,stayingpower,0,0,0.009896,0.022201
1577,test,texture,2,2,0.99724,0.002589
1578,test,colour,0,0,0.000703,0.001849
1578,test,packing,0,0,0.000556,0.00521
1578,test,price,1,1,0.000621,0.998554
1578,test,shipping,0,0,0.01096,0.006426
1578,test,smell,0,0,0.000437,0.014769
1578,test,stayingpower,0,0,0.000918,0.008837
1578,test,texture,0,0,0.005765,0.028468
1579,test,colour,2,2,0.999227,0.00059
1579,test,packing,0,0,0.024094,0.027095
1579,test,price,0,0,0.010541,0.016035
1579,test,shipping,0,0,0.044637,0.005706
1579,test,smell,0,0,0.010746,0.002065
1579,test,stayingpower,1,1,0.055725,0.915665
1579,test,texture,3,1,0.054378,0.883028
1580,test,colour,2,2,0.992879,0.006317
1580,test,packing,0,0,0.010344,0.02611
1580,test,price,0,0,0.009256,0.012768
1580,test,shipping,0,0,0.028199,0.006753
1580,test,smell,0,0,0.002343,0.002258
1580,test,stayingpower,1,1,0.012827,0.973168
1580,test,texture,1,1,0.015531,0.964944
1581,test,colour,1,1,0.001215,0.997654
1581,test,packing,0,1,0.002278,0.996452
1581,test,price,0,0,0.004096,0.047712
1581,test,shipping,2,2,0.997501,0.002334
1581,test,smell,0,0,0.01823,0.023783
1581,test,stayingpower,0,0,0.008317,0.044057
1581,test,texture,0,0,0.014357,0.013512
1582,test,colour,0,0,0.004388,0.00539
1582,test,packing,0,0,0.00251,0.048724
1582,test,price,0,0,0.003488,0.015639
1582,test,shipping,1,1,0.023214,0.974663
1582,test,smell,0,0,0.002741,0.029557
1582,test,stayingpower,0,0,0.011112,0.059483
1582,test,texture,1,1,0.000821,0.995744
1583,test,colour,1,1,0.001212,0.997066
1583,test,packing,1,1,0.000232,0.999082
1583,test,price,0,0,0.001032,0.015225
1583,test,shipping,0,0,0.018853,0.101502
1583,test,smell,0,0,0.002042,0.005443
1583,test,stayingpower,0,0,0.00263,0.017672
1583,test,texture,0,0,0.003514,0.002809
1584,test,colour,0,0,0.004568,0.004642
1584,test,packing,0,1,0.244557,0.538395
1584,test,price,1,1,0.000711,0.999136
1584,test,shipping,1,1,0.082324,0.91465
1584,test,smell,0,0,0.005104,0.036128
1584,test,stayingpower,0,0,0.011935,0.004495
1584,test,texture,0,0,0.008253,0.003744
1585,test,colour,1,1,0.008358,0.991329
1585,test,packing,0,0,0.000247,0.00174
1585,test,price,0,0,0.000978,0.002983
1585,test,shipping,0,0,0.000526,0.000935
1585,test,smell,0,0,0.000504,0.002135
1585,test,stayingpower,0,0,0.004366,0.01496
1585,test,texture,0,0,0.00354,0.006053
1586,test,colour,1,1,0.000264,0.999663
1586,test,packing,0,0,0.000586,0.002979
1586,test,price,1,1,0.001341,0.995066
1586,test,shipping,0,0,0.00432,0.007742
1586,test,smell,0,0,0.001188,0.004907
1586,test,stayingpower,0,0,0.008522,0.029663
1586,test,texture,0,0,0.005922,0.01145
1587,test,colour,0,0,0.001343,0.002452
1587,test,packing,0,0,0.000683,0.005551
1587,test,price,0,0,0.001499,0.009265
1587,test,shipping,1,1,0.07549,0.922264
1587,test,smell,0,0,0.000577,0.002785
1587,test,stayingpower,0,0,0.001809,0.010882
1587,test,texture,0,0,0.000589,0.003472
1588,test,colour,0,0,0.010234,0.026874
1588,test,packing,1,1,0.000915,0.99804
1588,test,price,0,0,0.002939,0.041916
1588,test,shipping,0,0,0.030657,0.045016
1588,test,smell,1,1,0.003035,0.993933
1588,test,stayingpower,0,0,0.006283,0.032759
1588,test,texture,1,1,0.0038,0.983255
1589,test,colour,1,1,0.0025,0.995387
1589,test,packing,1,1,0.000603,0.997532
1589,test,price,0,0,0.001812,0.01917
1589,test,shipping,1,1,0.002095,0.996625
1589,test,smell,0,0,0.01384,0.083759
1589,test,stayingpower,0,0,0.013048,0.054648
1589,test,texture,1,1,0.004016,0.992311
1590,test,colour,0,0,0.005715,0.001578
1590,test,packing,1,1,0.005955,0.988223
1590,test,price,0,0,0.003007,0.022048
1590,test,shipping,0,0,0.029201,0.014521
1590,test,smell,0,0,0.002224,0.005011
1590,test,stayingpower,0,0,0.002508,0.0063
1590,test,texture,0,0,0.003273,0.001668
1591,test,colour,0,0,0.002991,0.006717
1591,test,packing,0,0,0.000516,0.003156
1591,test,price,0,0,0.000868,0.00282
1591,test,shipping,0,0,0.001898,0.002717
1591,test,smell,0,0,0.000373,0.003083
1591,test,stayingpower,0,0,0.001114,0.003283
1591,test,texture,0,0,0.000955,0.002148
1592,test,colour,0,0,0.005617,0.021651
1592,test,packing,0,0,0.002019,0.032905
1592,test,price,0,0,0.002612,0.047315
1592,test,shipping,1,1,0.002037,0.997239
1592,test,smell,1,1,0.000708,0.999046
1592,test,stayingpower,0,0,0.004356,0.009162
1592,test,texture,0,0,0.000801,0.02283
1593,test,colour,1,1,0.002255,0.995662
1593,test,packing,1,1,0.005025,0.986628
1593,test,price,0,0,0.002733,0.027948
1593,test,shipping,0,0,0.020388,0.012416
1593,test,smell,1,1,0.008082,0.990359
1593,test,stayingpower,0,1,0.015366,0.965615
1593,test,texture,0,1,0.040654,0.692068
1594,test,colour,0,0,0.018269,0.031337
1594,test,packing,0,0,0.012039,0.0477
1594,test,price,0,0,0.010407,0.054948
1594,test,shipping,2,2,0.999304,0.000324
1594,test,smell,1,1,0.002826,0.99658
1594,test,stayingpower,0,0,0.009508,0.024355
1594,test,texture,0,0,0.003406,0.023541
1595,test,colour,0,0,0.001737,0.004518
1595,test,packing,0,0,0.000981,0.005675
1595,test,price,0,1,0.000734,0.998589
1595,test,shipping,0,0,0.011078,0.004199
1595,test,smell,0,0,0.000383,0.005396
1595,test,stayingpower,0,0,0.00081,0.005585
1595,test,texture,0,0,0.001792,0.002387
1596,test,colour,1,1,0.000418,0.999222
1596,test,packing,0,0,0.00014,0.002645
1596,test,price,0,0,0.000909,0.00633
1596,test,shipping,0,0,0.005625,0.207178
1596,test,smell,0,0,0.000397,0.00324
1596,test,stayingpower,0,0,0.004211,0.007337
1596,test,texture,0,0,0.001003,0.002557
1597,test,colour,1,1,0.021345,0.975938
1597,test,packing,1,1,0.015071,0.969943
1597,test,price,0,0,0.007243,0.010515
1597,test,shipping,1,1,0.001479,0.996678
1597,test,smell,2,2,0.991583,0.007986
1597,test,stayingpower,0,0,0.092815,0.101546
1597,test,texture,0,0,0.140088,0.02314
1598,test,colour,0,0,0.002751,0.00357
1598,test,packing,1,1,0.000764,0.997625
1598,test,price,0,0,0.001807,0.017122
1598,test,shipping,0,0,0.021002,0.036989
1598,test,smell,0,0,0.001101,0.003222
1598,test,stayingpower,0,0,0.000709,0.005426
1598,test,texture,0,0,0.001396,0.002105
1599,test,colour,0,0,0.002965,0.002397
1599,test,packing,0,1,0.001023,0.998498
1599,test,price,0,0,0.001345,0.009328
1599,test,shipping,0,1,0.050085,0.858175
1599,test,smell,0,0,0.001666,0.00448
1599,test,stayingpower,0,0,0.001449,0.00445
1599,test,texture,0,0,0.002556,0.005272
1600,test,colour,1,1,0.001571,0.998004
1600,test,packing,0,0,0.006134,0.042532
1600,test,price,0,0,0.010074,0.052762
1600,test,shipping,0,0,0.025146,0.026324
1600,test,smell,0,0,0.024857,0.057213
1600,test,stayingpower,0,0,0.036489,0.028361
1600,test,texture,2,2,0.987472,0.012172
1601,test,colour,1,1,0.011592,0.982122
1601,test,packing,1,1,0.004556,0.988524
1601,test,price,1,1,0.001619,0.995347
1601,test,shipping,0,0,0.032616,0.02093
1601,test,smell,0,0,0.004608,0.003344
1601,test,stayingpower,0,0,0.00526,0.006034
1601,test,texture,0,0,0.255535,0.003876
1602,test,colour,1,1,0.001148,0.998198
1602,test,packing,0,0,0.006948,0.036517
1602,test,price,0,0,0.012166,0.04471
1602,test,shipping,0,0,0.0387,0.022171
1602,test,smell,0,0,0.055616,0.064351
1602,test,stayingpower,0,0,0.037598,0.055456
1602,test,texture,2,2,0.99813,0.001744
1603,test,colour,0,0,0.004195,0.002837
1603,test,packing,0,0,0.001452,0.002993
1603,test,price,0,0,0.001987,0.005245
1603,test,shipping,1,1,0.216155,0.780892
1603,test,smell,0,0,0.000422,0.002001
1603,test,stayingpower,0,0,0.001023,0.001968
1603,test,texture,0,0,0.000333,0.001415
1604,test,colour,3,0,0.122878,0.207965
1604,test,packing,0,0,0.00263,0.01155
1604,test,price,0,0,0.003673,0.003619
1604,test,shipping,0,0,0.005931,0.007344
1604,test,smell,0,0,0.001777,0.006165
1604,test,stayingpower,1,2,0.862302,0.136776
1604,test,texture,3,1,0.193732,0.767805
1605,test,colour,0,0,0.001691,0.001766
1605,test,packing,1,1,0.001036,0.996822
1605,test,price,0,0,0.001644,0.016031
1605,test,shipping,0,0,0.01815,0.026349
1605,test,smell,0,0,0.000916,0.002732
1605,test,stayingpower,0,0,0.00089,0.005582
1605,test,texture,0,0,0.001155,0.001256
1606,test,colour,1,1,0.000993,0.997582
1606,test,packing,0,0,0.007234,0.024612
1606,test,price,1,1,0.0036,0.993749
1606,test,shipping,0,0,0.065352,0.017412
1606,test,smell,0,0,0.099877,0.099919
1606,test,stayingpower,0,0,0.027295,0.066531
1606,test,texture,2,2,0.998055,0.001577
1607,test,colour,0,0,0.043406,0.002367
1607,test,packing,0,0,0.004492,0.003009
1607,test,price,0,0,0.003025,0.006735
1607,test,shipping,0,0,0.012963,0.001028
1607,test,smell,0,0,0.000801,0.001131
1607,test,stayingpower,0,0,0.001933,0.002617
1607,test,texture,0,0,0.003983,0.000367
1608,test,colour,0,0,0.005671,0.015566
1608,test,packing,0,0,0.000608,0.008281
1608,test,price,0,0,0.0019,0.006726
1608,test,shipping,0,0,0.003601,0.005216
1608,test,smell,0,0,0.000628,0.007875
1608,test,stayingpower,0,0,0.002737,0.015645
1608,test,texture,1,1,0.002488,0.99158
1609,test,colour,1,1,0.005985,0.993864
1609,test,packing,0,0,0.000172,0.000928
1609,test,price,0,0,0.001684,0.004833
1609,test,shipping,0,0,0.001434,0.002854
1609,test,smell,0,0,0.001731,0.006697
1609,test,stayingpower,0,0,0.002296,0.006688
1609,test,texture,0,0,0.004655,0.006241
1610,test,colour,1,1,0.000665,0.998838
1610,test,packing,0,0,0.001968,0.029299
1610,test,price,0,0,0.003957,0.01035
1610,test,shipping,3,2,0.997052,0.002695
1610,test,smell,0,0,0.004043,0.016637
1610,test,stayingpower,0,0,0.009232,0.170276
1610,test,texture,1,1,0.007212,0.958081
1611,test,colour,1,1,0.001574,0.997336
1611,test,packing,0,0,0.027921,0.110953
1611,test,price,0,0,0.01643,0.109229
1611,test,shipping,2,2,0.999153,0.000724
1611,test,smell,1,1,0.005734,0.993735
1611,test,stayingpower,0,0,0.033443,0.065514
1611,test,texture,0,0,0.01237,0.050806
1612,test,colour,0,0,0.092874,0.003832
1612,test,packing,2,2,0.953263,0.043792
1612,test,price,1,1,0.033665,0.962352
1612,test,shipping,0,2,0.604737,0.012142
1612,test,smell,0,0,0.064445,0.017869
1612,test,stayingpower,0,0,0.047298,0.007872
1612,test,texture,0,0,0.333087,0.006392
1613,test,colour,0,0,0.006094,0.077156
1613,test,packing,0,0,0.003252,0.032195
1613,test,price,0,0,0.002174,0.008253
1613,test,shipping,0,0,0.00994,0.006242
1613,test,smell,0,0,0.00094,0.010168
1613,test,stayingpower,3,1,0.004137,0.993027
1613,test,texture,3,1,0.005065,0.988912
1614,test,colour,0,0,0.002338,0.000551
1614,test,packing,0,0,0.001353,0.004777
1614,test,price,0,0,0.001526,0.002774
1614,test,shipping,0,0,0.003347,0.001384
1614,test,smell,0,0,0.000792,0.003284
1614,test,stayingpower,0,0,0.001364,0.003611
1614,test,texture,0,0,0.00121,0.001241
1615,test,colour,1,1,0.000624,0.998594
1615,test,packing,1,1,0.000505,0.99787
1615,test,price,0,0,0.000984,0.008744
1615,test,shipping,0,0,0.009946,0.042382
1615,test,smell,0,0,0.003849,0.012737
1615,test,stayingpower,0,0,0.003258,0.021243
1615,test,texture,0,0,0.003486,0.002205
1616,test,colour,0,0,0.00162,0.001701
1616,test,packing,0,0,0.001297,0.008554
1616,test,price,0,0,0.0018,0.007337
1616,test,shipping,0,0,0.005306,0.002345
1616,test,smell,0,0,0.000284,0.001992
1616,test,stayingpower,0,0,0.000526,0.001122
1616,test,texture,0,0,0.000785,0.000834
1617,test,colour,0,0,0.005922,0.032772
1617,test,packing,0,0,0.002031,0.009798
1617,test,price,0,0,0.003423,0.006612
1617,test,shipping,2,2,0.99843,0.001489
1617,test,smell,0,0,0.000922,0.002794
1617,test,stayingpower,0,0,0.000998,0.008199
1617,test,texture,0,0,0.00075,0.002503
1618,test,colour,1,1,0.000773,0.998971
1618,test,packing,0,0,0.000154,0.001402
1618,test,price,0,0,0.001135,0.004877
1618,test,shipping,0,0,0.002136,0.004887
1618,test,smell,0,0,0.000818,0.004458
1618,test,stayingpower,0,0,0.003487,0.008126
1618,test,texture,0,0,0.000806,0.001587
1619,test,colour,3,2,0.668868,0.330097
1619,test,packing,0,0,0.006048,0.015431
1619,test,price,1,1,0.002354,0.995956
1619,test,shipping,0,0,0.004809,0.005338
1619,test,smell,1,1,0.014462,0.984768
1619,test,stayingpower,0,0,0.014382,0.012636
1619,test,texture,0,0,0.018825,0.038905
1620,test,colour,0,0,0.102336,0.011507
1620,test,packing,1,1,0.01551,0.980414
1620,test,price,0,0,0.00591,0.010986
1620,test,shipping,1,1,0.002867,0.994834
1620,test,smell,2,2,0.947362,0.048974
1620,test,stayingpower,0,0,0.013947,0.027809
1620,test,texture,0,0,0.026323,0.007391
1621,test,colour,0,0,0.011523,0.0188
1621,test,packing,0,0,0.003305,0.027974
1621,test,price,0,0,0.011966,0.028999
1621,test,shipping,0,0,0.009122,0.009087
1621,test,smell,0,0,0.021731,0.034152
1621,test,stayingpower,0,0,0.003008,0.009328
1621,test,texture,1,1,0.247605,0.751788
1622,test,colour,1,1,0.001242,0.996852
1622,test,packing,1,1,0.000471,0.997142
1622,test,price,0,0,0.000914,0.007824
1622,test,shipping,0,0,0.013241,0.047093
1622,test,smell,0,0,0.00112,0.002754
1622,test,stayingpower,0,0,0.00165,0.013588
1622,test,texture,0,0,0.002299,0.002296
