chỉ số,split,khía cạnh,nhãn đúng,nhãn đoán,p(mã âm),p(mã dương)
0,test,colour,0,0,0.000487,0.018996
0,test,packing,1,1,0.000642,0.996686
0,test,price,0,0,0.000163,0.002499
0,test,shipping,0,0,0.003303,0.013562
0,test,smell,0,0,2.2e-05,0.000201
0,test,stayingpower,0,0,1.7e-05,0.000215
0,test,texture,0,0,8.8e-05,0.000247
1,test,colour,0,0,0.028529,0.010339
1,test,packing,1,1,0.03499,0.964208
1,test,price,0,0,0.001003,0.023817
1,test,shipping,1,1,0.001198,0.998613
1,test,smell,0,0,0.001465,0.001562
1,test,stayingpower,0,0,0.005513,0.004518
1,test,texture,0,0,0.301497,0.066689
2,test,colour,0,0,0.085803,0.101936
2,test,packing,0,0,0.000466,0.001667
2,test,price,0,0,0.001084,0.007926
2,test,shipping,0,0,0.00048,0.000622
2,test,smell,0,0,0.000107,0.001503
2,test,stayingpower,0,0,0.002795,0.006731
2,test,texture,1,1,0.000273,0.999362
3,test,colour,0,0,0.000309,0.006171
3,test,packing,1,1,0.000954,0.996992
3,test,price,0,0,0.000449,0.006144
3,test,shipping,0,0,0.003114,0.009073
3,test,smell,0,0,2.7e-05,0.000425
3,test,stayingpower,0,0,1e-05,0.000105
3,test,texture,0,0,6e-05,0.000252
4,test,colour,0,0,0.002855,0.003156
4,test,packing,0,0,0.001408,0.00369
4,test,price,0,0,0.00064,0.000833
4,test,shipping,0,0,0.000726,0.000521
4,test,smell,0,0,0.000122,0.001759
4,test,stayingpower,0,0,0.000419,0.000677
4,test,texture,0,0,0.000172,0.000113
5,test,colour,1,1,4.7e-05,0.99951
5,test,packing,0,0,0.000118,0.001831
5,test,price,0,0,0.000642,0.002305
5,test,shipping,0,0,0.000496,0.002272
5,test,smell,0,0,5.1e-05,0.000747
5,test,stayingpower,0,0,0.000205,0.000798
5,test,texture,0,0,9.7e-05,0.000255
6,test,colour,0,0,0.05898,0.005493
6,test,packing,0,0,0.007249,0.003674
6,test,price,0,0,0.002661,0.001237
6,test,shipping,0,0,0.025186,0.001965
6,test,smell,0,0,0.000309,0.000788
6,test,stayingpower,0,0,0.001062,0.000494
6,test,texture,0,0,0.000531,0.000207
7,test,colour,0,0,0.00222,0.009052
7,test,packing,0,0,0.002548,0.011674
7,test,price,1,1,0.007791,0.991864
7,test,shipping,0,0,0.010714,0.00336
7,test,smell,0,0,0.001112,0.001412
7,test,stayingpower,0,0,0.001478,0.002209
7,test,texture,2,2,0.997291,0.001132
8,test,colour,1,1,0.005058,0.994152
8,test,packing,0,0,0.004625,0.019174
8,test,price,0,0,0.005539,0.005091
8,test,shipping,2,2,0.999819,0.000105
8,test,smell,0,0,0.004933,0.002881
8,test,stayingpower,1,1,0.007869,0.988217
8,test,texture,3,0,0.039976,0.122553
9,test,colour,0,0,0.002342,0.001621
9,test,packing,0,0,0.002263,0.004581
9,test,price,0,0,0.000643,0.000704
9,test,shipping,0,0,0.003628,0.000953
9,test,smell,0,0,0.000223,0.000862
9,test,stayingpower,0,0,0.001765,0.001582
9,test,texture,0,0,0.007349,0.000884
10,test,colour,1,1,0.000378,0.999529
10,test,packing,0,0,0.000129,0.002831
10,test,price,0,0,0.000656,0.00638
10,test,shipping,0,0,0.000375,0.003139
10,test,smell,0,0,0.000261,0.002572
10,test,stayingpower,0,0,0.003703,0.026841
10,test,texture,1,1,0.00098,0.994621
11,test,colour,1,1,0.001585,0.996194
11,test,packing,1,1,0.032585,0.943832
11,test,price,0,0,0.003487,0.009294
11,test,shipping,0,0,0.060616,0.035359
11,test,smell,1,2,0.999656,0.000239
11,test,stayingpower,0,0,0.011316,0.038641
11,test,texture,0,0,0.024161,0.007446
12,test,colour,1,1,0.000299,0.999541
12,test,packing,0,0,0.000585,0.005456
12,test,price,0,0,0.001216,0.006627
12,test,shipping,0,0,0.00224,0.007307
12,test,smell,0,0,0.001351,0.001804
12,test,stayingpower,0,0,0.016891,0.045592
12,test,texture,3,1,0.123856,0.875953
13,test,colour,1,1,0.028267,0.818887
13,test,packing,0,0,0.001337,0.012797
13,test,price,0,0,0.000703,0.005229
13,test,shipping,0,0,0.003639,0.004827
13,test,smell,0,0,0.001982,0.003296
13,test,stayingpower,1,1,0.001999,0.997843
13,test,texture,1,1,0.046815,0.92626
14,test,colour,0,0,0.001651,0.03648
14,test,packing,0,0,0.00081,0.007586
14,test,price,0,0,0.001686,0.00599
14,test,shipping,2,2,0.980429,0.018904
14,test,smell,0,0,4.7e-05,0.000193
14,test,stayingpower,0,0,9.5e-05,0.000466
14,test,texture,0,0,0.000132,0.000202
15,test,colour,0,0,0.00032,0.028255
15,test,packing,0,0,0.00048,0.044927
15,test,price,0,0,0.000777,0.00948
15,test,shipping,2,0,0.233912,0.015897
15,test,smell,0,0,1.2e-05,0.000259
15,test,stayingpower,0,0,1.8e-05,0.000481
15,test,texture,0,0,7.7e-05,0.000162
16,test,colour,2,2,0.999053,0.000548
16,test,packing,0,0,0.004667,0.009411
16,test,price,0,0,0.006215,0.011763
16,test,shipping,0,0,0.066853,0.019227
16,test,smell,0,0,0.003518,0.002466
16,test,stayingpower,0,0,0.002924,0.003634
16,test,texture,1,1,0.001264,0.99515
17,test,colour,0,0,0.002034,0.00135
17,test,packing,0,0,0.001373,0.004886
17,test,price,0,0,0.000717,0.000604
17,test,shipping,0,0,0.000611,0.000594
17,test,smell,0,0,0.000103,0.002143
17,test,stayingpower,0,0,0.000368,0.00054
17,test,texture,0,0,0.000156,0.000146
18,test,colour,0,0,0.000305,0.005822
18,test,packing,1,1,0.000245,0.999578
18,test,price,0,0,0.000414,0.007612
18,test,shipping,3,1,0.026861,0.873214
18,test,smell,0,0,8.7e-05,0.000228
18,test,stayingpower,0,0,8e-06,0.000238
18,test,texture,0,0,0.000114,0.000424
19,test,colour,1,1,2.8e-05,0.998326
19,test,packing,0,0,0.000407,0.003154
19,test,price,0,0,0.000859,0.004411
19,test,shipping,0,0,0.000545,0.001624
19,test,smell,1,1,0.000257,0.996797
19,test,stayingpower,0,0,0.000713,0.001437
19,test,texture,0,0,0.00017,0.002392
20,test,colour,0,0,0.000352,0.010844
20,test,packing,0,0,0.00015,0.001951
20,test,price,0,0,0.000539,0.003357
20,test,shipping,0,0,0.000135,0.000325
20,test,smell,0,0,1.5e-05,0.000491
20,test,stayingpower,0,0,0.000105,0.000762
20,test,texture,0,0,0.000288,0.001364
21,test,colour,1,1,0.015339,0.984552
21,test,packing,0,0,0.001552,0.008264
21,test,price,0,0,0.007091,0.012283
21,test,shipping,0,0,0.002565,0.003612
21,test,smell,0,0,0.002833,0.003493
21,test,stayingpower,0,2,0.499888,0.038612
21,test,texture,2,2,0.996981,0.002772
22,test,colour,0,0,0.001096,0.042658
22,test,packing,0,0,0.000201,0.003474
22,test,price,0,0,0.000543,0.010358
22,test,shipping,1,1,0.000394,0.999174
22,test,smell,0,0,2.6e-05,0.000504
22,test,stayingpower,0,0,0.000146,0.000821
22,test,texture,0,0,0.00015,0.000786
23,test,colour,0,0,0.000262,0.003599
23,test,packing,0,0,0.000451,0.006142
23,test,price,0,0,0.000287,0.000902
23,test,shipping,0,0,0.000175,0.000955
23,test,smell,0,0,1.8e-05,0.000482
23,test,stayingpower,0,0,5.7e-05,0.000214
23,test,texture,0,0,0.000302,0.000271
24,test,colour,0,0,0.001115,0.008385
24,test,packing,1,1,0.000638,0.998809
24,test,price,0,0,0.000309,0.007496
24,test,shipping,1,1,0.00068,0.999175
24,test,smell,0,0,0.0002,0.000509
24,test,stayingpower,0,0,5.4e-05,0.000937
24,test,texture,0,0,0.000294,0.001713
25,test,colour,0,1,0.010755,0.987619
25,test,packing,0,0,0.00159,0.004142
25,test,price,1,1,0.002583,0.996753
25,test,shipping,0,0,0.000941,0.000657
25,test,smell,0,0,0.002946,0.007078
25,test,stayingpower,0,0,0.240629,0.122629
25,test,texture,1,1,0.056044,0.943643
26,test,colour,0,0,0.001084,0.005293
26,test,packing,0,0,0.001051,0.006938
26,test,price,0,0,0.000873,0.003677
26,test,shipping,1,1,0.000444,0.999295
26,test,smell,0,0,0.000143,0.000662
26,test,stayingpower,0,0,0.000238,0.000606
26,test,texture,0,0,0.000517,0.000634
27,test,colour,0,0,0.03924,0.069095
27,test,packing,1,1,0.274377,0.721049
27,test,price,1,1,0.014785,0.977836
27,test,shipping,0,0,0.02706,0.003022
27,test,smell,1,1,0.002791,0.9971
27,test,stayingpower,0,0,0.080402,0.003945
27,test,texture,0,2,0.693841,0.019718
28,test,colour,0,0,0.000144,0.006678
28,test,packing,0,0,0.000302,0.013242
28,test,price,0,0,0.000375,0.001666
28,test,shipping,0,0,0.000448,0.002992
28,test,smell,0,0,1.3e-05,0.000239
28,test,stayingpower,0,0,1.6e-05,0.000214
28,test,texture,0,0,0.000116,0.000289
29,test,colour,0,0,0.002209,0.00252
29,test,packing,0,0,0.001432,0.006165
29,test,price,0,0,0.000647,0.000623
29,test,shipping,0,0,0.000472,0.000431
29,test,smell,0,0,8.2e-05,0.001621
29,test,stayingpower,0,0,0.000185,0.00046
29,test,texture,0,0,0.000124,0.000138
30,test,colour,1,1,0.000724,0.993201
30,test,packing,0,0,0.014355,0.0406
30,test,price,1,1,0.00433,0.992899
30,test,shipping,1,1,0.01284,0.985029
30,test,smell,0,0,0.00685,0.011002
30,test,stayingpower,0,0,0.016854,0.010082
30,test,texture,2,2,0.99097,0.0021
31,test,colour,1,1,7.1e-05,0.999159
31,test,packing,0,0,0.000175,0.00717
31,test,price,0,0,0.000208,0.003111
31,test,shipping,1,1,0.000272,0.998502
31,test,smell,0,0,0.000147,0.000641
31,test,stayingpower,0,0,0.00026,0.001887
31,test,texture,0,0,0.000118,0.000509
32,test,colour,1,1,3.7e-05,0.999472
32,test,packing,0,0,0.000102,0.001229
32,test,price,1,1,0.003583,0.986022
32,test,shipping,0,0,0.000607,0.002775
32,test,smell,0,0,5.5e-05,0.000411
32,test,stayingpower,0,0,0.000318,0.002152
32,test,texture,0,0,0.000269,0.001206
33,test,colour,0,0,0.00822,0.078178
33,test,packing,0,0,0.014102,0.019193
33,test,price,0,0,0.004745,0.022181
33,test,shipping,2,2,0.997057,0.002528
33,test,smell,2,2,0.990064,0.008972
33,test,stayingpower,0,0,0.001448,0.005778
33,test,texture,0,0,0.0009,0.006814
34,test,colour,2,2,0.962899,0.03683
34,test,packing,0,0,0.000875,0.000841
34,test,price,0,0,0.00176,0.005064
34,test,shipping,0,0,0.001218,0.000433
34,test,smell,0,0,0.002051,0.000984
34,test,stayingpower,0,0,0.001216,0.00339
34,test,texture,0,0,0.013458,0.012639
35,test,colour,3,2,0.948827,0.048897
35,test,packing,0,0,0.001798,0.003973
35,test,price,0,0,0.00853,0.006581
35,test,shipping,0,0,0.00076,0.000909
35,test,smell,0,0,0.002566,0.00197
35,test,stayingpower,0,2,0.498505,0.08585
35,test,texture,2,2,0.951423,0.048542
36,test,colour,1,1,0.003403,0.992761
36,test,packing,2,2,0.983854,0.006723
36,test,price,0,0,0.018054,0.020931
36,test,shipping,1,1,0.060882,0.937969
36,test,smell,0,0,0.032794,0.003049
36,test,stayingpower,0,0,0.029583,0.002722
36,test,texture,0,0,0.002441,0.000194
37,test,colour,0,0,0.002901,0.00444
37,test,packing,0,0,0.009659,0.01054
37,test,price,0,0,0.005075,0.013032
37,test,shipping,0,0,0.009655,0.002721
37,test,smell,2,2,0.993568,0.005046
37,test,stayingpower,0,0,0.063334,0.028697
37,test,texture,3,2,0.994201,0.003536
38,test,colour,0,0,0.001153,0.014896
38,test,packing,0,0,0.000508,0.007413
38,test,price,0,0,0.000628,0.008313
38,test,shipping,1,1,0.000751,0.998227
38,test,smell,0,0,5.2e-05,0.000635
38,test,stayingpower,0,0,0.000103,0.001003
38,test,texture,0,0,0.000321,0.000946
39,test,colour,0,0,0.00043,0.005777
39,test,packing,0,0,0.000905,0.024408
39,test,price,1,1,0.001322,0.997787
39,test,shipping,1,1,0.001214,0.996779
39,test,smell,0,0,6.9e-05,0.000623
39,test,stayingpower,0,0,9.6e-05,0.001825
39,test,texture,0,0,0.000763,0.002133
40,test,colour,1,1,0.00011,0.999769
40,test,packing,0,0,9.5e-05,0.001684
40,test,price,0,0,0.000767,0.002054
40,test,shipping,0,0,0.000151,0.00093
40,test,smell,0,0,4.2e-05,0.000586
40,test,stayingpower,0,0,0.000864,0.003606
40,test,texture,0,0,0.000554,0.002164
41,test,colour,1,1,0.001379,0.998485
41,test,packing,0,0,0.000227,0.003804
41,test,price,0,0,0.000798,0.006237
41,test,shipping,0,0,0.001074,0.00233
41,test,smell,0,0,0.000826,0.001756
41,test,stayingpower,1,1,0.001087,0.997238
41,test,texture,1,1,0.003464,0.977751
42,test,colour,0,0,0.005143,0.005786
42,test,packing,0,0,0.003719,0.014782
42,test,price,0,0,0.001018,0.001329
42,test,shipping,0,0,0.000618,0.000555
42,test,smell,0,0,7.1e-05,0.001139
42,test,stayingpower,0,0,0.000753,0.001066
42,test,texture,0,0,0.000287,0.000423
43,test,colour,1,1,0.000353,0.999162
43,test,packing,0,0,0.000431,0.013729
43,test,price,1,1,0.013394,0.904613
43,test,shipping,2,2,0.999209,0.00037
43,test,smell,0,0,0.00021,0.000407
43,test,stayingpower,0,0,0.000297,0.002523
43,test,texture,0,0,0.00096,0.002967
44,test,colour,0,0,0.165706,0.055514
44,test,packing,0,0,0.00522,0.003938
44,test,price,1,1,0.013037,0.986735
44,test,shipping,0,0,0.00376,0.000894
44,test,smell,0,0,0.001821,0.001589
44,test,stayingpower,0,0,0.189932,0.004663
44,test,texture,0,2,0.997766,0.000865
45,test,colour,2,1,0.154642,0.84505
45,test,packing,0,0,0.000917,0.004899
45,test,price,0,0,0.002108,0.001111
45,test,shipping,2,2,0.998835,0.000569
45,test,smell,0,0,0.000494,0.000229
45,test,stayingpower,0,0,0.000801,0.003555
45,test,texture,0,0,0.011391,0.006243
46,test,colour,2,2,0.979549,0.015387
46,test,packing,1,1,0.031181,0.9627
46,test,price,1,1,0.007828,0.986823
46,test,shipping,1,1,0.01516,0.980558
46,test,smell,0,0,0.004936,0.003378
46,test,stayingpower,0,0,0.072305,0.265413
46,test,texture,0,2,0.994442,0.003921
47,test,colour,1,1,1.4e-05,0.9999
47,test,packing,0,0,0.00015,0.006431
47,test,price,0,0,0.000335,0.001906
47,test,shipping,0,0,0.00069,0.006512
47,test,smell,0,0,0.000106,0.000692
47,test,stayingpower,0,0,0.000302,0.002129
47,test,texture,0,0,0.000515,0.002909
48,test,colour,1,1,0.00017,0.998568
48,test,packing,1,1,0.000285,0.998465
48,test,price,0,0,0.000375,0.01291
48,test,shipping,1,1,0.001067,0.998038
48,test,smell,0,0,0.000407,0.000788
48,test,stayingpower,0,0,0.000104,0.001723
48,test,texture,0,0,0.000483,0.001214
49,test,colour,1,1,0.000136,0.998795
49,test,packing,0,0,9.9e-05,0.007688
49,test,price,0,0,0.000254,0.003147
49,test,shipping,0,0,0.000343,0.007166
49,test,smell,0,0,0.000122,0.003072
49,test,stayingpower,0,0,0.000741,0.011121
49,test,texture,1,1,0.00185,0.995829
50,test,colour,1,1,0.005581,0.993658
50,test,packing,0,0,0.004235,0.003717
50,test,price,0,0,0.003335,0.004636
50,test,shipping,0,0,0.0072,0.003723
50,test,smell,2,2,0.999568,0.000309
50,test,stayingpower,0,0,0.004969,0.00724
50,test,texture,0,0,0.019475,0.008367
51,test,colour,0,0,0.001034,0.006315
51,test,packing,0,0,0.001083,0.005554
51,test,price,0,0,0.000339,0.00062
51,test,shipping,0,0,0.000632,0.000327
51,test,smell,0,0,0.000121,0.019896
51,test,stayingpower,0,0,9.7e-05,0.00026
51,test,texture,0,0,0.000182,0.000229
52,test,colour,0,0,0.059328,0.011364
52,test,packing,0,0,0.061981,0.008325
52,test,price,2,0,0.105926,0.092351
52,test,shipping,2,2,0.883722,0.051171
52,test,smell,0,0,0.000931,0.001709
52,test,stayingpower,2,2,0.998426,0.000465
52,test,texture,0,0,0.001128,0.002988
53,test,colour,0,0,0.000966,0.001419
53,test,packing,0,0,0.000393,0.001387
53,test,price,0,0,0.001325,0.001403
53,test,shipping,0,0,0.000196,0.000108
53,test,smell,0,0,5.7e-05,0.001018
53,test,stayingpower,0,0,0.000167,0.000417
53,test,texture,0,0,0.001473,0.003942
54,test,colour,1,1,0.015497,0.977005
54,test,packing,1,1,0.055085,0.939638
54,test,price,1,1,0.006507,0.987432
54,test,shipping,2,2,0.997806,0.00168
54,test,smell,0,0,0.011581,0.023277
54,test,stayingpower,3,2,0.824468,0.161283
54,test,texture,1,1,0.047036,0.952661
55,test,colour,1,1,0.344608,0.655119
55,test,packing,0,0,0.001508,0.006216
55,test,price,1,1,0.029763,0.861313
55,test,shipping,0,0,0.002177,0.002954
55,test,smell,0,0,0.001383,0.002616
55,test,stayingpower,0,0,0.119919,0.1679
55,test,texture,1,1,0.0073,0.992568
56,test,colour,0,0,0.004466,0.003718
56,test,packing,0,2,0.838951,0.010163
56,test,price,0,0,0.007168,0.006556
56,test,shipping,0,0,0.008977,0.002381
56,test,smell,0,0,0.000169,0.000266
56,test,stayingpower,0,0,0.002779,0.000178
56,test,texture,0,0,0.018255,0.000762
57,test,colour,0,0,0.001918,0.000512
57,test,packing,0,0,0.002878,0.004508
57,test,price,0,0,0.002725,0.002135
57,test,shipping,0,0,0.001076,0.000434
57,test,smell,0,0,9.2e-05,0.000853
57,test,stayingpower,0,0,0.000834,0.000915
57,test,texture,0,0,0.001677,0.001248
58,test,colour,1,1,0.000192,0.99904
58,test,packing,0,0,0.009681,0.089656
58,test,price,1,1,0.00947,0.980018
58,test,shipping,2,2,0.998618,0.00085
58,test,smell,1,1,0.001376,0.997709
58,test,stayingpower,0,0,0.002415,0.007458
58,test,texture,0,0,0.000947,0.018225
59,test,colour,0,0,0.001741,0.002971
59,test,packing,0,0,0.000704,0.004128
59,test,price,0,0,0.032742,0.328294
59,test,shipping,0,0,0.001689,0.001492
59,test,smell,0,0,3.4e-05,0.000304
59,test,stayingpower,0,0,1.6e-05,0.000148
59,test,texture,0,0,0.000137,0.000223
60,test,colour,0,0,0.000474,0.006288
60,test,packing,1,1,0.00039,0.998689
60,test,price,0,0,0.000534,0.010967
60,test,shipping,0,0,0.00718,0.035052
60,test,smell,0,0,3.5e-05,0.000133
60,test,stayingpower,0,0,3.9e-05,0.001203
60,test,texture,0,0,0.000546,0.011008
61,test,colour,0,0,0.00426,0.001162
61,test,packing,2,2,0.976536,0.021377
61,test,price,0,0,0.01941,0.044033
61,test,shipping,1,2,0.864272,0.131012
61,test,smell,0,0,0.014314,0.00857
61,test,stayingpower,2,2,0.971354,0.008778
61,test,texture,1,1,0.027045,0.870795
62,test,colour,0,0,0.001685,0.050563
62,test,packing,0,0,0.002074,0.017939
62,test,price,0,0,0.001006,0.013493
62,test,shipping,0,0,0.001353,0.002554
62,test,smell,1,1,0.000234,0.999753
62,test,stayingpower,0,0,0.009172,0.033908
62,test,texture,1,1,0.000137,0.998738
63,test,colour,0,0,0.002494,0.001597
63,test,packing,0,0,0.001943,0.004226
63,test,price,1,1,0.043841,0.948749
63,test,shipping,2,2,0.999245,0.000121
63,test,smell,0,0,0.00014,0.000303
63,test,stayingpower,0,0,0.000313,0.001016
63,test,texture,0,0,0.001021,0.000449
64,test,colour,0,0,0.002463,0.001648
64,test,packing,0,0,0.00147,0.006374
64,test,price,0,0,0.000669,0.000842
64,test,shipping,0,0,0.000303,0.00037
64,test,smell,0,0,3.9e-05,0.000596
64,test,stayingpower,0,0,0.00021,0.000322
64,test,texture,0,0,0.000466,0.000287
65,test,colour,1,1,5.6e-05,0.999458
65,test,packing,0,0,0.000308,0.006819
65,test,price,0,0,0.00071,0.00371
65,test,shipping,0,0,0.000851,0.003028
65,test,smell,0,0,0.000302,0.00196
65,test,stayingpower,0,0,0.000838,0.001733
65,test,texture,0,0,0.000575,0.002255
66,test,colour,1,1,0.002793,0.99642
66,test,packing,0,0,0.006595,0.013545
66,test,price,0,0,0.015464,0.029044
66,test,shipping,0,0,0.006576,0.015548
66,test,smell,0,0,0.01375,0.024735
66,test,stayingpower,2,2,0.994448,0.00401
66,test,texture,2,2,0.997639,0.002253
67,test,colour,0,0,0.00133,0.066431
67,test,packing,0,0,0.000885,0.007811
67,test,price,0,0,0.001054,0.017213
67,test,shipping,0,0,0.000303,0.000535
67,test,smell,1,1,0.000212,0.996203
67,test,stayingpower,0,0,0.0105,0.018681
67,test,texture,1,1,0.000467,0.997323
68,test,colour,1,1,0.000136,0.999693
68,test,packing,0,0,0.000329,0.007355
68,test,price,0,0,0.000532,0.004647
68,test,shipping,3,1,0.004782,0.98612
68,test,smell,0,0,0.000148,0.000506
68,test,stayingpower,0,0,0.000176,0.001841
68,test,texture,0,0,0.000216,0.000538
69,test,colour,0,0,0.032721,0.059663
69,test,packing,0,0,0.002876,0.006076
69,test,price,0,0,0.001721,0.001352
69,test,shipping,0,0,9.7e-05,4.3e-05
69,test,smell,0,0,0.000131,0.000664
69,test,stayingpower,0,0,0.00043,0.000243
69,test,texture,0,0,0.004087,0.004806
70,test,colour,1,1,6.6e-05,0.999422
70,test,packing,0,0,0.002699,0.100009
70,test,price,0,0,0.000706,0.005118
70,test,shipping,0,0,0.000457,0.001513
70,test,smell,1,1,0.000177,0.999621
70,test,stayingpower,0,0,0.000911,0.003066
70,test,texture,0,0,0.00044,0.011372
71,test,colour,0,0,0.016873,0.011969
71,test,packing,0,0,0.00708,0.022209
71,test,price,0,0,0.005117,0.027446
71,test,shipping,1,1,0.006933,0.991436
71,test,smell,0,0,0.000431,0.001522
71,test,stayingpower,0,0,0.039849,0.009133
71,test,texture,3,2,0.759764,0.239746
72,test,colour,0,0,0.000424,0.004849
72,test,packing,0,0,0.000402,0.005925
72,test,price,0,0,0.000453,0.00149
72,test,shipping,0,0,0.000129,0.000624
72,test,smell,0,0,2.4e-05,0.000722
72,test,stayingpower,0,0,8.5e-05,0.000206
72,test,texture,0,0,0.000155,0.00021
73,test,colour,0,0,0.001024,0.007082
73,test,packing,1,1,0.003173,0.992431
73,test,price,0,0,0.002031,0.010946
73,test,shipping,2,2,0.999194,0.000735
73,test,smell,0,0,0.000375,0.000288
73,test,stayingpower,0,0,5.8e-05,0.00053
73,test,texture,0,0,0.000135,0.000819
74,test,colour,1,1,0.000629,0.99742
74,test,packing,0,0,0.02964,0.050296
74,test,price,1,1,0.010509,0.981753
74,test,shipping,2,2,0.999821,0.000118
74,test,smell,1,1,0.001421,0.997218
74,test,stayingpower,0,0,0.004067,0.002725
74,test,texture,0,0,0.001327,0.004515
75,test,colour,1,1,0.004663,0.993689
75,test,packing,0,0,0.00326,0.014624
75,test,price,1,1,0.027482,0.934624
75,test,shipping,0,0,0.016466,0.004883
75,test,smell,0,0,0.001,0.002125
75,test,stayingpower,3,2,0.924622,0.075333
75,test,texture,0,0,0.015238,0.009186
76,test,colour,0,0,0.001401,0.004177
76,test,packing,0,0,0.001247,0.003014
76,test,price,0,0,0.000315,0.000346
76,test,shipping,0,0,0.000956,0.001434
76,test,smell,0,0,9e-05,0.000484
76,test,stayingpower,0,0,9.4e-05,0.000241
76,test,texture,0,0,0.0003,0.000324
77,test,colour,0,0,0.001307,0.009675
77,test,packing,0,0,0.001041,0.010251
77,test,price,0,0,0.000615,0.001702
77,test,shipping,0,0,0.000228,0.000829
77,test,smell,0,0,2.2e-05,0.000601
77,test,stayingpower,0,0,0.000134,0.00044
77,test,texture,0,0,0.000308,0.000385
78,test,colour,1,1,5.9e-05,0.998153
78,test,packing,0,0,0.000585,0.010581
78,test,price,0,0,0.00115,0.017135
78,test,shipping,1,1,0.00118,0.9914
78,test,smell,1,1,0.005794,0.975498
78,test,stayingpower,0,0,0.000351,0.001567
78,test,texture,0,0,0.000132,0.001162
79,test,colour,3,1,0.345875,0.632179
79,test,packing,0,0,0.003477,0.006215
79,test,price,0,0,0.013115,0.009755
79,test,shipping,0,0,0.003236,0.005904
79,test,smell,0,0,0.002074,0.003691
79,test,stayingpower,2,2,0.999874,0.000123
79,test,texture,0,0,0.042682,0.08183
80,test,colour,1,1,2.4e-05,0.999068
80,test,packing,0,0,7.6e-05,0.003505
80,test,price,0,0,0.000262,0.001635
80,test,shipping,0,0,0.000181,0.002393
80,test,smell,0,0,1.8e-05,0.000374
80,test,stayingpower,0,0,7e-05,0.001206
80,test,texture,0,0,0.000211,0.001971
81,test,colour,1,1,4e-05,0.999536
81,test,packing,0,0,5e-05,0.001413
81,test,price,0,0,0.000227,0.00108
81,test,shipping,0,0,0.000113,0.000895
81,test,smell,0,0,1.8e-05,0.000275
81,test,stayingpower,0,0,0.000354,0.002467
81,test,texture,0,0,0.000212,0.001336
82,test,colour,0,0,0.00026,0.003208
82,test,packing,1,1,0.0003,0.999472
82,test,price,0,0,0.000231,0.003686
82,test,shipping,0,1,0.023862,0.601965
82,test,smell,0,0,6e-05,0.000276
82,test,stayingpower,0,0,2.2e-05,0.000351
82,test,texture,0,0,0.000129,0.000291
83,test,colour,0,0,0.001273,0.005293
83,test,packing,0,0,0.002865,0.023159
83,test,price,0,1,0.043286,0.501837
83,test,shipping,0,0,0.002848,0.001054
83,test,smell,0,0,0.000108,0.001711
83,test,stayingpower,0,0,0.00022,0.000523
83,test,texture,0,0,0.000459,0.000231
84,test,colour,0,0,0.000221,0.001322
84,test,packing,1,1,0.000584,0.998608
84,test,price,0,0,0.00047,0.007251
84,test,shipping,0,0,0.007839,0.022667
84,test,smell,0,0,3.8e-05,0.000165
84,test,stayingpower,0,0,2.8e-05,0.000435
84,test,texture,0,0,0.000238,0.000835
85,test,colour,0,0,0.000782,0.019965
85,test,packing,0,0,0.000921,0.014069
85,test,price,1,1,0.001396,0.998129
85,test,shipping,1,1,0.005696,0.99055
85,test,smell,0,0,8e-05,0.001199
85,test,stayingpower,0,0,0.000136,0.00081
85,test,texture,0,0,0.000689,0.001605
86,test,colour,0,0,0.000405,0.008376
86,test,packing,0,0,0.004907,0.040827
86,test,price,1,1,0.003896,0.991469
86,test,shipping,0,0,0.005513,0.007428
86,test,smell,1,1,0.000162,0.999623
86,test,stayingpower,0,0,0.001528,0.029674
86,test,texture,1,1,0.000482,0.983742
87,test,colour,0,0,0.004481,0.102216
87,test,packing,0,0,0.011338,0.140966
87,test,price,0,0,0.01112,0.199741
87,test,shipping,2,2,0.997645,0.002275
87,test,smell,1,1,0.001057,0.998675
87,test,stayingpower,1,1,0.087825,0.860406
87,test,texture,0,1,0.001033,0.945859
88,test,colour,2,2,0.986142,0.01169
88,test,packing,0,0,0.004116,0.005431
88,test,price,0,0,0.017471,0.072581
88,test,shipping,0,0,0.033085,0.010276
88,test,smell,2,1,0.003248,0.99576
88,test,stayingpower,2,2,0.950465,0.043698
88,test,texture,1,1,0.002064,0.990405
89,test,colour,0,0,0.002468,0.009558
89,test,packing,0,0,0.000658,0.003823
89,test,price,0,0,0.000562,0.005501
89,test,shipping,0,0,0.001032,0.000886
89,test,smell,0,0,0.00016,0.001014
89,test,stayingpower,1,1,0.004864,0.991062
89,test,texture,1,1,0.015615,0.942792
90,test,colour,0,0,0.000459,0.002055
90,test,packing,0,0,0.001529,0.016809
90,test,price,0,0,0.000703,0.005617
90,test,shipping,0,0,0.053645,0.259805
90,test,smell,0,0,3.3e-05,0.000355
90,test,stayingpower,0,0,5e-05,0.000275
90,test,texture,0,0,0.000215,0.00063
91,test,colour,0,0,0.008103,0.001438
91,test,packing,0,0,0.00639,0.006096
91,test,price,0,0,0.001933,0.001512
91,test,shipping,0,0,0.008426,0.001272
91,test,smell,0,0,0.000123,0.00075
91,test,stayingpower,0,0,0.000281,0.000244
91,test,texture,0,0,0.0029,0.000438
92,test,colour,1,1,0.00017,0.998709
92,test,packing,0,0,4.7e-05,0.001571
92,test,price,0,0,0.000459,0.008987
92,test,shipping,0,0,0.000228,0.002124
92,test,smell,0,0,5.2e-05,0.000948
92,test,stayingpower,0,0,0.001262,0.02154
92,test,texture,1,1,0.000613,0.994958
93,test,colour,1,1,9.5e-05,0.999322
93,test,packing,0,0,0.000349,0.003784
93,test,price,0,0,0.000623,0.006484
93,test,shipping,0,0,0.000381,0.000789
93,test,smell,1,1,0.000434,0.998863
93,test,stayingpower,0,0,0.005117,0.035386
93,test,texture,1,1,0.00037,0.992579
94,test,colour,1,2,0.998639,0.001254
94,test,packing,0,0,0.001593,0.001798
94,test,price,0,0,0.002901,0.003852
94,test,shipping,0,0,0.004159,0.000973
94,test,smell,0,0,0.001147,0.000661
94,test,stayingpower,0,0,0.002311,0.003234
94,test,texture,0,0,0.006681,0.004026
95,test,colour,3,2,0.710807,0.28448
95,test,packing,0,0,0.000633,0.006891
95,test,price,1,1,0.007057,0.990531
95,test,shipping,0,0,0.0003,0.000239
95,test,smell,0,0,0.000171,0.001439
95,test,stayingpower,0,0,0.000727,0.002621
95,test,texture,0,0,0.00139,0.003584
96,test,colour,0,0,0.000597,0.02371
96,test,packing,0,0,0.000239,0.003144
96,test,price,0,0,0.000282,0.001886
96,test,shipping,0,0,0.000414,0.00079
96,test,smell,0,0,2.9e-05,0.00116
96,test,stayingpower,0,0,9.6e-05,0.000572
96,test,texture,0,0,7.5e-05,0.00037
97,test,colour,0,0,0.000504,0.002415
97,test,packing,1,1,0.000423,0.999293
97,test,price,0,0,0.000634,0.016226
97,test,shipping,1,1,0.002212,0.99613
97,test,smell,0,0,0.00017,0.000446
97,test,stayingpower,0,0,2.4e-05,0.000585
97,test,texture,0,0,0.000274,0.001049
98,test,colour,0,0,0.000423,0.007978
98,test,packing,1,1,0.000591,0.996491
98,test,price,0,0,0.000344,0.010716
98,test,shipping,1,1,0.000676,0.998798
98,test,smell,0,0,7.1e-05,0.000515
98,test,stayingpower,0,0,1e-05,0.000148
98,test,texture,0,0,0.000151,0.00064
99,test,colour,0,0,0.003755,0.024872
99,test,packing,0,0,0.002026,0.015681
99,test,price,1,1,0.003666,0.981192
99,test,shipping,0,0,0.008804,0.001635
99,test,smell,0,0,0.001195,0.014122
99,test,stayingpower,1,1,0.001498,0.997067
99,test,texture,1,1,0.004466,0.968548
100,test,colour,0,0,0.000676,0.02107
100,test,packing,0,0,0.0003,0.00429
100,test,price,1,1,0.003281,0.995467
100,test,shipping,0,0,0.001151,0.001645
100,test,smell,0,0,4.6e-05,0.001075
100,test,stayingpower,0,0,4.2e-05,0.000374
100,test,texture,0,0,0.000212,0.000441
101,test,colour,0,0,0.006451,0.068664
101,test,packing,0,0,0.003521,0.036677
101,test,price,0,0,0.002115,0.058833
101,test,shipping,1,1,0.017168,0.981089
101,test,smell,1,1,0.001014,0.998427
101,test,stayingpower,1,1,0.010638,0.971057
101,test,texture,1,1,0.000357,0.975139
102,test,colour,0,0,0.000525,0.003708
102,test,packing,0,0,0.000462,0.006816
102,test,price,0,0,0.001041,0.005884
102,test,shipping,0,0,0.00026,0.000849
102,test,smell,0,0,1.9e-05,0.000369
102,test,stayingpower,0,0,7.3e-05,0.000301
102,test,texture,0,0,0.000247,0.000335
103,test,colour,1,1,0.00183,0.992408
103,test,packing,1,1,0.002275,0.995518
103,test,price,0,0,0.000797,0.024096
103,test,shipping,1,1,0.034253,0.946716
103,test,smell,1,1,0.002439,0.992933
103,test,stayingpower,0,0,0.003608,0.014139
103,test,texture,1,1,0.000437,0.996821
104,test,colour,2,2,0.997553,0.001083
104,test,packing,0,0,0.001311,0.001377
104,test,price,0,0,0.013307,0.022676
104,test,shipping,0,0,0.0015,0.000593
104,test,smell,0,0,0.000967,0.000406
104,test,stayingpower,0,0,0.210033,0.048899
104,test,texture,1,1,0.011298,0.988469
105,test,colour,0,0,0.000207,0.014668
105,test,packing,0,0,0.000245,0.006332
105,test,price,0,0,0.000389,0.002908
105,test,shipping,0,0,0.000215,0.001475
105,test,smell,0,0,1.4e-05,0.000418
105,test,stayingpower,0,0,2.6e-05,0.000307
105,test,texture,0,0,0.000155,0.000389
106,test,colour,1,1,0.000198,0.999246
106,test,packing,1,1,0.000385,0.998094
106,test,price,0,0,0.000252,0.00474
106,test,shipping,1,1,0.000591,0.998222
106,test,smell,0,0,0.000402,0.001461
106,test,stayingpower,0,0,0.000122,0.004398
106,test,texture,0,0,0.00175,0.019807
107,test,colour,1,1,8.9e-05,0.999726
107,test,packing,0,0,0.000296,0.016236
107,test,price,0,0,0.000645,0.001857
107,test,shipping,2,2,0.997592,0.001208
107,test,smell,0,0,0.000139,0.000294
107,test,stayingpower,0,0,0.000308,0.003795
107,test,texture,0,0,0.000941,0.00134
108,test,colour,1,1,0.001298,0.998147
108,test,packing,0,0,0.148975,0.287723
108,test,price,0,0,0.001459,0.001271
108,test,shipping,0,0,0.001352,0.00133
108,test,smell,0,0,0.000396,0.000361
108,test,stayingpower,0,0,0.011191,0.005667
108,test,texture,0,0,0.367244,0.010368
109,test,colour,0,0,0.001148,0.019232
109,test,packing,0,0,0.000479,0.005138
109,test,price,0,0,0.00031,0.001122
109,test,shipping,0,0,0.000502,0.001334
109,test,smell,0,0,2.6e-05,0.001531
109,test,stayingpower,0,0,8.6e-05,0.000501
109,test,texture,0,0,0.000186,0.000239
110,test,colour,1,1,0.003064,0.995678
110,test,packing,0,0,0.048366,0.142914
110,test,price,1,1,0.013708,0.982343
110,test,shipping,2,2,0.999651,0.000217
110,test,smell,1,1,0.005517,0.984052
110,test,stayingpower,0,0,0.046622,0.052544
110,test,texture,1,1,0.014402,0.838933
111,test,colour,0,0,0.00237,0.005605
111,test,packing,0,0,0.005676,0.004123
111,test,price,0,0,0.003696,0.006186
111,test,shipping,0,0,0.002896,0.001381
111,test,smell,2,2,0.993318,0.001975
111,test,stayingpower,0,0,0.000712,0.001665
111,test,texture,0,0,0.002479,0.00121
112,test,colour,0,0,0.000547,0.017549
112,test,packing,0,0,0.000297,0.003669
112,test,price,0,0,0.000831,0.004985
112,test,shipping,0,0,0.000296,0.000979
112,test,smell,0,0,2.4e-05,0.000546
112,test,stayingpower,0,0,7.5e-05,0.000807
112,test,texture,0,0,0.000234,0.000682
113,test,colour,1,1,5.7e-05,0.999879
113,test,packing,0,0,0.00016,0.003893
113,test,price,0,0,0.000616,0.006784
113,test,shipping,0,0,0.000618,0.004014
113,test,smell,0,0,0.000247,0.00659
113,test,stayingpower,0,0,0.002232,0.013919
113,test,texture,1,1,0.001231,0.991158
114,test,colour,0,0,0.000424,0.0104
114,test,packing,0,0,0.000383,0.007096
114,test,price,0,0,0.000199,0.000783
114,test,shipping,0,0,0.000172,0.000895
114,test,smell,0,0,2.5e-05,0.000715
114,test,stayingpower,0,0,2.8e-05,0.000231
114,test,texture,0,0,0.000175,0.00047
115,test,colour,0,1,0.000204,0.980253
115,test,packing,0,0,0.000133,0.007201
115,test,price,0,0,0.000277,0.001755
115,test,shipping,3,1,0.003255,0.968879
115,test,smell,0,0,2.2e-05,9.1e-05
115,test,stayingpower,0,0,3.3e-05,0.000928
115,test,texture,0,0,0.000177,0.000329
116,test,colour,0,0,0.0021,0.002888
116,test,packing,0,0,0.001323,0.004913
116,test,price,0,0,0.000642,0.000857
116,test,shipping,0,0,0.000645,0.000798
116,test,smell,0,0,8.9e-05,0.001599
116,test,stayingpower,0,0,0.000146,0.000558
116,test,texture,0,0,0.000166,0.000152
117,test,colour,3,1,0.10133,0.879581
117,test,packing,0,0,0.003537,0.028629
117,test,price,0,0,0.003044,0.01238
117,test,shipping,0,0,0.001056,0.000842
117,test,smell,1,1,0.000258,0.998975
117,test,stayingpower,0,0,0.01552,0.021064
117,test,texture,1,1,0.000372,0.997342
118,test,colour,1,1,0.000373,0.997391
118,test,packing,0,0,0.003393,0.008509
118,test,price,0,0,0.001787,0.005234
118,test,shipping,0,0,0.004271,0.001883
118,test,smell,1,1,0.000696,0.999165
118,test,stayingpower,0,0,0.006429,0.001718
118,test,texture,0,0,0.010978,0.005695
119,test,colour,0,0,0.002199,0.02047
119,test,packing,0,0,0.000818,0.014328
119,test,price,0,0,0.000659,0.007985
119,test,shipping,1,1,0.00033,0.999458
119,test,smell,0,0,0.000106,0.000786
119,test,stayingpower,0,0,0.000123,0.001109
119,test,texture,0,0,0.000515,0.001671
120,test,colour,0,0,0.032427,0.002521
120,test,packing,0,0,0.014474,0.004475
120,test,price,0,0,0.00532,0.005448
120,test,shipping,0,2,0.509842,0.010165
120,test,smell,0,0,0.000208,0.000736
120,test,stayingpower,0,0,0.000505,0.000266
120,test,texture,0,0,0.000244,0.000165
121,test,colour,0,0,0.000368,0.008006
121,test,packing,1,1,0.001429,0.991212
121,test,price,0,0,0.000261,0.003629
121,test,shipping,0,0,0.001153,0.003457
121,test,smell,0,0,2.8e-05,0.000221
121,test,stayingpower,0,0,2e-05,0.000265
121,test,texture,0,0,0.000108,0.00019
122,test,colour,1,1,0.000393,0.998427
122,test,packing,0,0,0.000232,0.005565
122,test,price,0,0,0.000934,0.005297
122,test,shipping,0,0,0.001314,0.012039
122,test,smell,0,0,0.000409,0.006146
122,test,stayingpower,0,0,0.004687,0.03251
122,test,texture,1,1,0.000858,0.998663
123,test,colour,0,0,0.000532,0.00598
123,test,packing,1,1,0.001973,0.996684
123,test,price,1,1,0.000938,0.998357
123,test,shipping,1,1,0.003429,0.99536
123,test,smell,0,0,0.000397,0.001784
123,test,stayingpower,0,0,8.2e-05,0.000911
123,test,texture,0,0,0.000663,0.00144
124,test,colour,3,0,0.118958,0.366953
124,test,packing,1,1,0.001622,0.997863
124,test,price,0,0,0.000462,0.003594
124,test,shipping,0,0,0.000647,0.003878
124,test,smell,0,0,2.6e-05,0.000112
124,test,stayingpower,0,0,0.00045,0.001729
124,test,texture,0,0,0.000238,0.000318
125,test,colour,0,0,0.016242,0.112083
125,test,packing,0,0,0.005198,0.008676
125,test,price,0,0,0.010392,0.023706
125,test,shipping,0,0,0.020626,0.002402
125,test,smell,1,1,0.000884,0.998968
125,test,stayingpower,3,2,0.98886,0.009513
125,test,texture,2,2,0.978195,0.015878
126,test,colour,1,1,5.9e-05,0.999222
126,test,packing,0,0,0.000244,0.016995
126,test,price,0,0,0.000546,0.002523
126,test,shipping,2,2,0.997922,0.001566
126,test,smell,0,0,0.000196,0.000692
126,test,stayingpower,0,0,0.000268,0.002718
126,test,texture,0,0,0.000394,0.000491
127,test,colour,0,0,0.00054,0.00437
127,test,packing,0,0,0.000375,0.007083
127,test,price,0,0,0.00041,0.001495
127,test,shipping,0,0,0.000234,0.001265
127,test,smell,0,0,1.2e-05,0.000415
127,test,stayingpower,0,0,4.9e-05,0.000409
127,test,texture,0,0,0.000173,0.000288
128,test,colour,0,0,0.000399,0.002948
128,test,packing,0,0,0.000227,0.001729
128,test,price,0,0,0.000783,0.001902
128,test,shipping,0,0,0.000104,0.000278
128,test,smell,0,0,2.1e-05,0.000222
128,test,stayingpower,0,0,0.000163,0.000242
128,test,texture,0,0,0.00016,0.000298
129,test,colour,0,0,0.000884,0.02792
129,test,packing,0,0,0.000556,0.00544
129,test,price,1,1,0.016489,0.912004
129,test,shipping,0,0,0.003629,0.00445
129,test,smell,0,0,5.3e-05,0.001378
129,test,stayingpower,0,0,9.2e-05,0.000279
129,test,texture,0,0,6.7e-05,6.9e-05
130,test,colour,3,2,0.975367,0.023609
130,test,packing,0,0,0.000338,0.000993
130,test,price,1,1,0.005216,0.993555
130,test,shipping,0,0,0.000688,0.000217
130,test,smell,0,0,0.005468,0.001449
130,test,stayingpower,0,0,0.001329,0.003302
130,test,texture,0,0,0.014421,0.00835
131,test,colour,1,1,4e-05,0.999717
131,test,packing,0,0,0.000128,0.008822
131,test,price,0,0,0.000509,0.008293
131,test,shipping,1,1,0.000254,0.998201
131,test,smell,0,0,6.9e-05,0.000396
131,test,stayingpower,0,0,0.000219,0.00352
131,test,texture,0,0,0.000238,0.002207
132,test,colour,1,1,0.000825,0.997995
132,test,packing,0,0,0.001876,0.002709
132,test,price,1,1,0.030719,0.965171
132,test,shipping,0,0,0.007035,0.005082
132,test,smell,0,0,0.001626,0.004885
132,test,stayingpower,2,2,0.999039,0.00057
132,test,texture,0,0,0.007592,0.008184
133,test,colour,0,0,0.006188,0.051565
133,test,packing,0,0,0.000845,0.005389
133,test,price,0,0,0.001187,0.001019
133,test,shipping,2,2,0.998148,0.000597
133,test,smell,0,0,1.9e-05,8.1e-05
133,test,stayingpower,0,0,0.000106,0.000814
133,test,texture,0,0,0.000182,0.000211
134,test,colour,0,0,0.004327,0.002297
134,test,packing,0,0,0.002935,0.003706
134,test,price,1,1,0.073938,0.918483
134,test,shipping,0,0,0.011754,0.00305
134,test,smell,0,0,0.000508,0.003989
134,test,stayingpower,0,0,0.000502,0.00051
134,test,texture,0,0,0.003333,0.000818
135,test,colour,1,1,3.7e-05,0.999721
135,test,packing,0,0,7.8e-05,0.002771
135,test,price,0,0,0.000447,0.002231
135,test,shipping,0,0,0.000202,0.002277
135,test,smell,0,0,5.6e-05,0.000504
135,test,stayingpower,0,0,0.000342,0.002167
135,test,texture,0,0,0.000192,0.001473
136,test,colour,0,0,0.001698,0.001268
136,test,packing,0,0,0.001391,0.005086
136,test,price,0,0,0.000578,0.000629
136,test,shipping,0,0,0.000449,0.000681
136,test,smell,0,0,4.6e-05,0.000814
136,test,stayingpower,0,0,0.000156,0.000374
136,test,texture,0,0,0.00022,0.000244
137,test,colour,1,1,0.000118,0.999046
137,test,packing,1,1,0.0009,0.998385
137,test,price,1,1,0.001081,0.996316
137,test,shipping,0,0,0.018916,0.041863
137,test,smell,0,0,0.001155,0.004197
137,test,stayingpower,0,0,0.000512,0.004735
137,test,texture,0,0,0.000819,0.004449
138,test,colour,0,0,0.000243,0.002886
138,test,packing,0,0,0.000353,0.007245
138,test,price,1,1,0.005166,0.99024
138,test,shipping,0,0,0.00223,0.00359
138,test,smell,0,0,3.4e-05,0.001128
138,test,stayingpower,0,0,3.2e-05,0.00035
138,test,texture,0,0,0.000243,0.000346
139,test,colour,0,0,0.021615,0.079028
139,test,packing,0,0,0.001738,0.01757
139,test,price,0,0,0.002362,0.009997
139,test,shipping,2,2,0.99941,0.000234
139,test,smell,0,0,0.00178,0.008002
139,test,stayingpower,1,1,0.018421,0.9651
139,test,texture,1,1,0.002036,0.996891
140,test,colour,0,0,0.003831,0.06691
140,test,packing,0,0,0.00124,0.022073
140,test,price,0,0,0.00065,0.016509
140,test,shipping,1,1,0.001876,0.997537
140,test,smell,1,1,0.000379,0.998565
140,test,stayingpower,0,0,0.002361,0.008807
140,test,texture,1,1,0.000182,0.992352
141,test,colour,1,1,0.001951,0.990174
141,test,packing,1,1,0.001086,0.997668
141,test,price,1,1,0.000483,0.998119
141,test,shipping,1,1,0.006066,0.99196
141,test,smell,0,0,0.005257,0.020078
141,test,stayingpower,0,0,0.003149,0.082411
141,test,texture,1,1,0.002965,0.99666
142,test,colour,1,1,6.8e-05,0.999272
142,test,packing,1,1,0.000288,0.998988
142,test,price,0,0,0.000856,0.03233
142,test,shipping,1,1,0.001606,0.997198
142,test,smell,0,0,0.000583,0.002496
142,test,stayingpower,0,0,4.7e-05,0.001436
142,test,texture,0,0,0.000401,0.001817
143,test,colour,0,0,0.02433,0.041044
143,test,packing,0,0,0.02232,0.030448
143,test,price,1,1,0.009912,0.989686
143,test,shipping,0,0,0.076238,0.012026
143,test,smell,0,0,0.008686,0.003498
143,test,stayingpower,1,1,0.145181,0.834851
143,test,texture,2,2,0.998089,0.001724
144,test,colour,1,1,6.2e-05,0.999451
144,test,packing,0,0,0.038974,0.021448
144,test,price,0,0,0.001498,0.005283
144,test,shipping,0,0,0.002701,0.003182
144,test,smell,1,2,0.883521,0.116399
144,test,stayingpower,0,0,0.007027,0.024051
144,test,texture,0,0,0.043381,0.040047
145,test,colour,0,0,0.000411,0.023378
145,test,packing,0,0,0.001938,0.007229
145,test,price,1,1,0.004426,0.990205
145,test,shipping,0,0,0.002539,0.003134
145,test,smell,1,1,6.2e-05,0.999832
145,test,stayingpower,0,0,0.000428,0.001563
145,test,texture,0,0,0.000521,0.006441
146,test,colour,1,1,7.3e-05,0.999386
146,test,packing,0,0,0.001625,0.067526
146,test,price,1,1,0.00979,0.953143
146,test,shipping,0,0,0.003032,0.010765
146,test,smell,0,0,0.000166,0.002842
146,test,stayingpower,0,0,0.000158,0.001069
146,test,texture,0,0,0.000185,0.001512
147,test,colour,0,0,0.001626,0.03993
147,test,packing,1,1,0.001567,0.998178
147,test,price,0,0,0.000465,0.006995
147,test,shipping,0,0,0.02198,0.018524
147,test,smell,1,1,0.001438,0.998303
147,test,stayingpower,0,0,0.000272,0.001395
147,test,texture,0,0,0.000276,0.008913
148,test,colour,0,0,0.000429,0.001114
148,test,packing,1,1,0.001318,0.998427
148,test,price,0,0,0.000431,0.005045
148,test,shipping,1,1,0.006327,0.991058
148,test,smell,0,0,0.000295,0.000649
148,test,stayingpower,0,0,4.9e-05,0.00046
148,test,texture,0,0,0.000255,0.000501
149,test,colour,2,2,0.984467,0.002833
149,test,packing,0,2,0.904634,0.023037
149,test,price,0,0,0.021873,0.007806
149,test,shipping,1,1,0.165236,0.833619
149,test,smell,0,0,0.012875,0.003294
149,test,stayingpower,0,0,0.004318,0.000435
149,test,texture,0,0,0.172165,0.006753
150,test,colour,0,1,0.000111,0.999543
150,test,packing,0,0,0.000178,0.003121
150,test,price,0,0,0.000388,0.00102
150,test,shipping,0,0,0.000246,0.000773
150,test,smell,0,0,2e-05,0.000304
150,test,stayingpower,0,0,0.000321,0.009272
150,test,texture,0,0,0.001375,0.005014
151,test,colour,0,0,0.003052,0.009064
151,test,packing,0,1,0.025121,0.955501
151,test,price,0,0,0.000189,0.002458
151,test,shipping,1,2,0.69988,0.101158
151,test,smell,0,0,0.001103,0.002177
151,test,stayingpower,1,1,0.00295,0.99358
151,test,texture,0,1,0.014666,0.905744
152,test,colour,0,0,0.00041,0.026024
152,test,packing,1,1,0.000265,0.998798
152,test,price,0,0,0.000385,0.021144
152,test,shipping,1,1,0.00093,0.997663
152,test,smell,0,0,4.9e-05,0.000295
152,test,stayingpower,0,0,9e-06,0.000229
152,test,texture,0,0,0.000105,0.000779
153,test,colour,1,1,0.432591,0.567246
153,test,packing,0,0,0.00043,0.002375
153,test,price,0,0,0.001821,0.008283
153,test,shipping,0,0,0.001635,0.003322
153,test,smell,0,0,0.000962,0.000849
153,test,stayingpower,0,0,0.028799,0.060632
153,test,texture,1,1,0.001721,0.99793
154,test,colour,1,1,8e-06,0.999921
154,test,packing,0,0,0.000114,0.004608
154,test,price,2,1,0.006159,0.749957
154,test,shipping,1,1,0.003236,0.851578
154,test,smell,0,0,7.1e-05,0.000722
154,test,stayingpower,0,0,0.00028,0.001857
154,test,texture,0,0,0.000183,0.001584
155,test,colour,1,1,0.406423,0.591937
155,test,packing,1,1,0.014486,0.980643
155,test,price,0,0,0.005685,0.052739
155,test,shipping,1,1,0.175641,0.60209
155,test,smell,1,1,0.00314,0.996719
155,test,stayingpower,1,1,0.082928,0.911142
155,test,texture,3,1,0.118015,0.868637
156,test,colour,1,1,8.3e-05,0.999908
156,test,packing,0,0,0.000565,0.004036
156,test,price,1,1,0.002708,0.995714
156,test,shipping,0,0,0.000587,0.001685
156,test,smell,0,0,0.000835,0.003412
156,test,stayingpower,0,0,0.004121,0.014183
156,test,texture,0,0,0.001415,0.00651
157,test,colour,1,1,0.000341,0.999019
157,test,packing,0,0,0.010464,0.029073
157,test,price,0,0,0.003918,0.009064
157,test,shipping,0,0,0.005837,0.003032
157,test,smell,1,1,0.001343,0.99776
157,test,stayingpower,2,2,0.999175,0.000665
157,test,texture,0,0,0.00834,0.027714
158,test,colour,1,1,3e-05,0.999881
158,test,packing,0,0,0.000487,0.006662
158,test,price,0,0,0.000639,0.007288
158,test,shipping,0,0,0.000734,0.001569
158,test,smell,1,1,0.000731,0.980483
158,test,stayingpower,0,0,0.00155,0.012425
158,test,texture,1,1,0.000567,0.979705
159,test,colour,1,1,0.000155,0.999679
159,test,packing,0,0,0.000341,0.030231
159,test,price,0,0,0.000617,0.007103
159,test,shipping,1,1,0.011668,0.953794
159,test,smell,0,0,0.001518,0.004364
159,test,stayingpower,3,1,0.001722,0.995462
159,test,texture,2,1,0.092928,0.893587
160,test,colour,1,1,8e-05,0.999711
160,test,packing,0,0,0.000147,0.004614
160,test,price,0,0,0.000846,0.008588
160,test,shipping,0,0,0.000538,0.00584
160,test,smell,0,0,0.000314,0.003372
160,test,stayingpower,0,0,0.001159,0.010793
160,test,texture,1,1,0.001115,0.991461
161,test,colour,1,1,0.011973,0.987922
161,test,packing,0,0,0.000503,0.001898
161,test,price,0,0,0.002916,0.004512
161,test,shipping,0,0,0.000658,0.00093
161,test,smell,1,1,0.001921,0.997833
161,test,stayingpower,0,0,0.020214,0.012397
161,test,texture,0,0,0.001704,0.033489
162,test,colour,0,0,0.000178,0.002447
162,test,packing,0,0,0.000239,0.00864
162,test,price,0,0,0.000308,0.0015
162,test,shipping,0,0,0.000198,0.001098
162,test,smell,0,0,1.4e-05,0.000397
162,test,stayingpower,0,0,3.1e-05,0.000231
162,test,texture,0,0,0.00014,0.000313
163,test,colour,0,0,0.001495,0.006356
163,test,packing,0,0,0.001064,0.003294
163,test,price,0,0,0.008891,0.043654
163,test,shipping,0,0,0.001324,0.001103
163,test,smell,0,0,3.8e-05,0.000333
163,test,stayingpower,0,0,0.000128,7.5e-05
163,test,texture,0,0,0.000289,0.000164
164,test,colour,0,0,0.000606,0.042385
164,test,packing,0,0,0.000167,0.00516
164,test,price,0,0,0.000194,0.001156
164,test,shipping,0,0,0.000115,0.000585
164,test,smell,0,0,1.4e-05,0.000217
164,test,stayingpower,0,0,4e-05,0.000119
164,test,texture,0,0,0.000103,0.000245
165,test,colour,0,0,0.001365,0.001294
165,test,packing,0,0,0.000704,0.003312
165,test,price,0,0,0.000505,0.000615
165,test,shipping,0,0,0.000495,0.000452
165,test,smell,0,0,4.3e-05,0.001145
165,test,stayingpower,0,0,0.000119,0.00046
165,test,texture,0,0,0.000247,0.000171
166,test,colour,0,0,0.000315,0.020687
166,test,packing,0,0,8.4e-05,0.001585
166,test,price,0,0,0.000266,0.001498
166,test,shipping,0,0,6.7e-05,0.000427
166,test,smell,0,0,1.1e-05,0.000403
166,test,stayingpower,0,0,8.6e-05,0.000749
166,test,texture,0,0,0.000146,0.001634
167,test,colour,0,0,0.001137,0.040992
167,test,packing,0,0,0.002171,0.021275
167,test,price,1,1,0.001987,0.994988
167,test,shipping,1,1,0.004073,0.978844
167,test,smell,1,1,0.0002,0.999528
167,test,stayingpower,0,0,0.000824,0.005566
167,test,texture,1,0,0.000558,0.057914
168,test,colour,1,1,0.000668,0.998069
168,test,packing,1,1,0.028325,0.951668
168,test,price,0,0,0.001859,0.00625
168,test,shipping,0,0,0.087882,0.044546
168,test,smell,2,2,0.998676,0.000762
168,test,stayingpower,0,0,0.004126,0.023436
168,test,texture,0,0,0.012794,0.002395
169,test,colour,1,1,3.4e-05,0.999331
169,test,packing,0,0,0.000105,0.004352
169,test,price,0,0,0.000218,0.000807
169,test,shipping,0,0,0.001001,0.008208
169,test,smell,0,0,3.2e-05,0.000365
169,test,stayingpower,0,0,8.8e-05,0.000674
169,test,texture,0,0,0.000124,0.000501
170,test,colour,0,0,0.000263,0.003352
170,test,packing,0,0,0.000227,0.003773
170,test,price,0,0,0.000195,0.001299
170,test,shipping,0,0,0.000231,0.001156
170,test,smell,0,0,2e-05,0.000579
170,test,stayingpower,0,0,5.8e-05,0.000173
170,test,texture,0,0,0.000139,0.000416
171,test,colour,0,0,0.001722,0.001503
171,test,packing,0,0,0.00086,0.003968
171,test,price,0,0,0.000649,0.000725
171,test,shipping,0,0,0.000409,0.000498
171,test,smell,0,0,3.1e-05,0.000736
171,test,stayingpower,0,0,0.000176,0.000432
171,test,texture,0,0,0.000185,0.000149
172,test,colour,1,1,3e-05,0.999483
172,test,packing,0,0,0.000489,0.006499
172,test,price,0,0,0.000526,0.002247
172,test,shipping,0,0,0.000473,0.000903
172,test,smell,1,1,0.000639,0.998062
172,test,stayingpower,0,0,0.000347,0.000898
172,test,texture,0,0,0.000242,0.002313
173,test,colour,0,0,0.006658,0.029997
173,test,packing,0,0,0.034279,0.012112
173,test,price,0,0,0.008184,0.022548
173,test,shipping,0,0,0.009589,0.001881
173,test,smell,1,1,0.000491,0.999412
173,test,stayingpower,3,2,0.982303,0.010575
173,test,texture,2,1,0.345787,0.650497
174,test,colour,1,1,0.008966,0.985742
174,test,packing,0,1,0.01203,0.981068
174,test,price,0,0,0.003545,0.02482
174,test,shipping,2,2,0.999358,0.000246
174,test,smell,2,1,0.22616,0.757144
174,test,stayingpower,3,1,0.031656,0.927278
174,test,texture,1,1,0.002307,0.990998
175,test,colour,1,1,0.016041,0.982897
175,test,packing,0,0,0.000446,0.004036
175,test,price,1,1,0.004722,0.990471
175,test,shipping,0,0,0.005573,0.001606
175,test,smell,0,0,0.002903,0.008797
175,test,stayingpower,1,1,0.003048,0.995648
175,test,texture,1,1,0.003749,0.994895
176,test,colour,1,1,1.9e-05,0.999846
176,test,packing,1,1,0.000914,0.98478
176,test,price,0,0,0.000346,0.00405
176,test,shipping,0,0,0.004434,0.011278
176,test,smell,0,0,0.000267,0.001501
176,test,stayingpower,0,0,0.000109,0.001886
176,test,texture,0,0,0.000211,0.000651
177,test,colour,1,1,9.8e-05,0.999764
177,test,packing,0,0,0.00105,0.022207
177,test,price,0,0,0.001615,0.003175
177,test,shipping,2,2,0.999551,0.000225
177,test,smell,0,0,0.000422,0.000829
177,test,stayingpower,0,0,0.000766,0.002747
177,test,texture,0,0,0.001477,0.001119
178,test,colour,0,0,0.002034,0.003205
178,test,packing,0,0,0.001673,0.00712
178,test,price,0,0,0.000428,0.000564
178,test,shipping,0,0,0.000698,0.000259
178,test,smell,0,0,4.3e-05,0.000839
178,test,stayingpower,0,0,0.000314,0.00035
178,test,texture,0,0,0.000433,0.000161
179,test,colour,1,1,0.001242,0.998198
179,test,packing,0,0,0.004829,0.021922
179,test,price,0,0,0.005518,0.010478
179,test,shipping,0,0,0.003663,0.003569
179,test,smell,1,1,0.007952,0.909757
179,test,stayingpower,2,2,0.998926,0.000686
179,test,texture,1,1,0.001548,0.980002
180,test,colour,1,1,0.326075,0.670664
180,test,packing,0,0,8.2e-05,0.000379
180,test,price,0,0,0.000472,0.000753
180,test,shipping,0,0,0.000163,0.000311
180,test,smell,0,0,8.3e-05,0.000305
180,test,stayingpower,0,0,0.000619,0.002349
180,test,texture,0,0,0.001111,0.001333
181,test,colour,1,2,0.712008,0.282774
181,test,packing,0,0,0.004942,0.011456
181,test,price,0,0,0.003543,0.006638
181,test,shipping,0,0,0.003179,0.001493
181,test,smell,1,1,0.001802,0.997317
181,test,stayingpower,0,0,0.026126,0.022384
181,test,texture,1,1,0.000577,0.997554
182,test,colour,2,2,0.700548,0.293283
182,test,packing,0,0,0.000283,0.001173
182,test,price,0,0,0.001463,0.001308
182,test,shipping,2,0,0.472661,0.006854
182,test,smell,0,0,0.000196,0.000164
182,test,stayingpower,0,0,0.000265,0.003016
182,test,texture,0,0,0.001508,0.001622
183,test,colour,1,1,0.001472,0.998026
183,test,packing,0,0,0.001534,0.007089
183,test,price,0,0,0.001485,0.002331
183,test,shipping,2,2,0.999643,0.000214
183,test,smell,0,0,0.000647,0.000869
183,test,stayingpower,1,1,0.011733,0.973163
183,test,texture,0,0,0.004518,0.005776
184,test,colour,0,0,0.000565,0.02058
184,test,packing,1,1,0.000925,0.994631
184,test,price,0,0,0.00047,0.01076
184,test,shipping,0,0,0.001454,0.007955
184,test,smell,0,0,2.2e-05,9.6e-05
184,test,stayingpower,0,0,2.7e-05,0.000602
184,test,texture,0,0,0.000107,0.000432
185,test,colour,0,0,0.000399,0.008964
185,test,packing,1,1,0.000295,0.999511
185,test,price,0,0,0.000595,0.022579
185,test,shipping,0,1,0.005199,0.983765
185,test,smell,0,0,7.1e-05,0.000419
185,test,stayingpower,0,0,1.6e-05,0.000279
185,test,texture,0,0,0.000149,0.001371
186,test,colour,0,0,0.00057,0.012801
186,test,packing,0,0,0.00235,0.026801
186,test,price,1,1,0.001781,0.996612
186,test,shipping,1,1,0.001489,0.988928
186,test,smell,0,0,5.6e-05,0.001449
186,test,stayingpower,0,0,5.4e-05,0.000325
186,test,texture,0,0,0.000262,0.000533
187,test,colour,1,1,0.006843,0.978121
187,test,packing,1,1,0.001871,0.99726
187,test,price,0,0,0.000842,0.024072
187,test,shipping,1,1,0.022046,0.973197
187,test,smell,1,1,0.004681,0.994925
187,test,stayingpower,3,0,0.005845,0.039705
187,test,texture,1,1,0.000581,0.997738
188,test,colour,0,0,0.000348,0.016021
188,test,packing,1,1,0.000428,0.997695
188,test,price,0,0,0.000507,0.016556
188,test,shipping,0,0,0.002554,0.008906
188,test,smell,0,0,2.6e-05,0.000318
188,test,stayingpower,0,0,1.3e-05,0.000302
188,test,texture,0,0,0.0001,0.000693
189,test,colour,0,0,0.007666,0.01566
189,test,packing,0,0,0.00056,0.001509
189,test,price,1,1,0.013337,0.961236
189,test,shipping,0,0,0.008971,0.001988
189,test,smell,0,0,0.000237,0.001016
189,test,stayingpower,1,1,0.01099,0.982488
189,test,texture,1,1,0.022101,0.974963
190,test,colour,0,0,0.009616,0.001231
190,test,packing,0,0,0.008247,0.011656
190,test,price,0,0,0.002577,0.002009
190,test,shipping,0,0,0.001659,0.000872
190,test,smell,0,0,0.000104,0.001158
190,test,stayingpower,0,0,8.3e-05,6.9e-05
190,test,texture,0,0,0.000588,0.000139
191,test,colour,0,0,0.001068,0.004297
191,test,packing,0,0,0.008597,0.012861
191,test,price,1,1,0.004655,0.992977
191,test,shipping,1,1,0.002115,0.993448
191,test,smell,0,0,0.000236,0.002234
191,test,stayingpower,0,0,0.000553,0.001063
191,test,texture,0,0,0.001322,0.000887
192,test,colour,0,0,0.000201,0.002057
192,test,packing,0,0,0.00027,0.004196
192,test,price,0,0,0.000515,0.00167
192,test,shipping,0,0,0.00027,0.001139
192,test,smell,0,0,1.3e-05,0.0003
192,test,stayingpower,0,0,5.4e-05,0.000145
192,test,texture,0,0,0.000303,0.000393
193,test,colour,0,0,0.000354,0.003272
193,test,packing,1,1,0.000453,0.998424
193,test,price,0,0,0.00046,0.012511
193,test,shipping,1,1,0.001616,0.997291
193,test,smell,0,0,4.6e-05,0.000279
193,test,stayingpower,0,0,1e-05,0.000288
193,test,texture,0,0,0.000155,0.000646
194,test,colour,0,0,0.000128,0.010841
194,test,packing,0,0,9.9e-05,0.004127
194,test,price,0,0,0.000585,0.006356
194,test,shipping,0,0,0.000132,0.000669
194,test,smell,0,0,1.3e-05,0.000302
194,test,stayingpower,0,0,4e-05,0.000768
194,test,texture,0,0,0.000128,0.000687
195,test,colour,0,0,0.001318,0.001844
195,test,packing,0,0,0.001612,0.006038
195,test,price,0,0,0.000636,0.000812
195,test,shipping,0,0,0.001268,0.001044
195,test,smell,0,0,4.4e-05,0.000516
195,test,stayingpower,0,0,5.1e-05,9.2e-05
195,test,texture,0,0,0.000185,0.000237
196,test,colour,1,1,0.000195,0.999472
196,test,packing,0,0,0.000535,0.004536
196,test,price,1,1,0.002341,0.995508
196,test,shipping,0,0,0.003086,0.006318
196,test,smell,0,0,0.001018,0.008289
196,test,stayingpower,0,0,0.027109,0.12762
196,test,texture,0,1,0.000188,0.998778
197,test,colour,0,0,0.000187,0.001047
197,test,packing,0,0,0.000372,0.004455
197,test,price,0,0,0.000298,0.000551
197,test,shipping,0,0,0.000326,0.000646
197,test,smell,0,0,4.9e-05,0.000898
197,test,stayingpower,0,0,0.000226,0.00176
197,test,texture,0,0,0.000376,0.001935
198,test,colour,1,1,0.0025,0.996203
198,test,packing,1,1,0.001596,0.992566
198,test,price,0,0,0.000357,0.007245
198,test,shipping,1,1,0.012182,0.983262
198,test,smell,0,0,0.004015,0.006343
198,test,stayingpower,1,1,0.00286,0.992449
198,test,texture,1,1,0.001476,0.993527
199,test,colour,1,1,4.7e-05,0.999462
199,test,packing,1,1,0.000443,0.996681
199,test,price,0,0,0.000375,0.003514
199,test,shipping,0,0,0.005806,0.031078
199,test,smell,0,0,0.000189,0.000633
199,test,stayingpower,0,0,8.4e-05,0.001618
199,test,texture,0,0,0.000316,0.00108
200,test,colour,0,0,0.000559,0.009659
200,test,packing,0,0,0.001012,0.020767
200,test,price,1,1,0.001015,0.998525
200,test,shipping,1,1,0.001275,0.996078
200,test,smell,0,0,7.1e-05,0.000752
200,test,stayingpower,0,0,0.00012,0.00136
200,test,texture,0,0,0.000833,0.002612
201,test,colour,0,0,0.003832,0.003426
201,test,packing,0,0,0.001135,0.007785
201,test,price,0,0,0.000597,0.007112
201,test,shipping,1,1,0.002575,0.99118
201,test,smell,0,0,0.000167,0.000328
201,test,stayingpower,1,1,0.02363,0.971631
201,test,texture,1,1,0.045158,0.722367
202,test,colour,1,0,0.019797,0.46951
202,test,packing,0,2,0.968845,0.027347
202,test,price,1,1,0.008309,0.989741
202,test,shipping,0,0,0.492518,0.005317
202,test,smell,0,0,0.008193,0.001997
202,test,stayingpower,0,0,0.005481,0.00372
202,test,texture,0,0,0.02822,0.26725
203,test,colour,0,0,0.000487,0.016412
203,test,packing,1,1,0.000352,0.997662
203,test,price,0,0,0.000252,0.006411
203,test,shipping,1,1,0.004146,0.990441
203,test,smell,0,0,3e-05,0.000187
203,test,stayingpower,0,0,7e-06,0.000222
203,test,texture,0,0,8e-05,0.000195
204,test,colour,0,0,0.004379,0.001885
204,test,packing,0,0,0.001687,0.003342
204,test,price,0,0,0.000887,0.000861
204,test,shipping,0,0,0.000707,0.000677
204,test,smell,0,0,2.7e-05,0.000303
204,test,stayingpower,0,0,0.000195,0.000147
204,test,texture,0,0,0.000429,0.000174
205,test,colour,3,1,0.015069,0.981328
205,test,packing,0,0,6.7e-05,0.00027
205,test,price,0,0,0.000905,0.001503
205,test,shipping,0,0,0.00013,0.000227
205,test,smell,0,0,0.000244,0.001412
205,test,stayingpower,0,0,0.030922,0.022899
205,test,texture,3,1,0.006979,0.990734
206,test,colour,1,1,0.002988,0.988409
206,test,packing,1,1,0.00026,0.999216
206,test,price,0,0,0.000376,0.017426
206,test,shipping,1,1,0.002325,0.996015
206,test,smell,0,0,0.000787,0.00122
206,test,stayingpower,0,0,0.004498,0.261892
206,test,texture,1,1,0.003045,0.995814
207,test,colour,1,2,0.697703,0.302168
207,test,packing,0,0,0.000321,0.001144
207,test,price,0,0,0.001852,0.004275
207,test,shipping,0,0,0.001056,0.001273
207,test,smell,0,0,0.001594,0.000892
207,test,stayingpower,0,0,0.022438,0.082678
207,test,texture,1,1,0.001714,0.997016
208,test,colour,1,1,0.000181,0.998796
208,test,packing,0,0,0.004606,0.008437
208,test,price,0,0,0.002387,0.010698
208,test,shipping,0,0,0.002778,0.001748
208,test,smell,1,1,0.000352,0.999615
208,test,stayingpower,0,0,0.058682,0.016097
208,test,texture,2,2,0.985172,0.011261
209,test,colour,1,1,2.5e-05,0.999962
209,test,packing,0,0,9.3e-05,0.003603
209,test,price,0,0,0.000575,0.003731
209,test,shipping,0,0,0.000266,0.0019
209,test,smell,0,0,6e-05,0.000856
209,test,stayingpower,0,0,0.000975,0.004146
209,test,texture,0,0,0.002852,0.03168
210,test,colour,0,0,0.001197,0.000774
210,test,packing,0,0,0.002012,0.002743
210,test,price,0,0,0.000462,0.000598
210,test,shipping,0,0,0.000109,0.000199
210,test,smell,0,0,6.7e-05,0.000319
210,test,stayingpower,0,0,0.006129,0.004404
210,test,texture,0,0,0.179927,0.406771
211,test,colour,0,0,0.009285,0.051433
211,test,packing,0,0,0.104817,0.054837
211,test,price,1,1,0.028888,0.900428
211,test,shipping,0,0,0.025595,0.001973
211,test,smell,1,2,0.647861,0.352067
211,test,stayingpower,1,1,0.0211,0.975254
211,test,texture,0,0,0.038573,0.032315
212,test,colour,1,1,0.001239,0.993442
212,test,packing,0,0,0.001062,0.020392
212,test,price,0,0,0.000837,0.009926
212,test,shipping,0,0,0.001858,0.00287
212,test,smell,0,0,0.000385,0.00212
212,test,stayingpower,1,1,0.002181,0.997518
212,test,texture,3,1,0.069931,0.738616
213,test,colour,2,2,0.990413,0.00681
213,test,packing,0,0,0.031569,0.070198
213,test,price,0,0,0.023365,0.01712
213,test,shipping,2,2,0.991939,0.002135
213,test,smell,1,1,0.002162,0.997602
213,test,stayingpower,0,0,0.014717,0.013686
213,test,texture,1,1,0.001832,0.965003
214,test,colour,0,0,0.004895,0.123246
214,test,packing,0,0,0.003872,0.01677
214,test,price,0,0,0.004279,0.026735
214,test,shipping,1,1,0.007336,0.980579
214,test,smell,0,0,0.000423,0.00089
214,test,stayingpower,0,0,0.004949,0.00405
214,test,texture,2,2,0.99901,0.000423
215,test,colour,1,1,0.018278,0.979388
215,test,packing,0,0,0.003865,0.010016
215,test,price,0,0,0.005391,0.004686
215,test,shipping,2,2,0.991453,0.001695
215,test,smell,0,0,0.001791,0.002805
215,test,stayingpower,2,2,0.998851,0.00106
215,test,texture,0,0,0.01754,0.043725
216,test,colour,0,0,0.000853,0.004881
216,test,packing,0,0,0.000264,0.002349
216,test,price,1,1,0.004929,0.992788
216,test,shipping,0,0,0.001035,0.001523
216,test,smell,0,0,5.2e-05,0.001542
216,test,stayingpower,0,0,0.000103,0.000594
216,test,texture,0,0,0.000491,0.000681
217,test,colour,1,1,0.000582,0.994848
217,test,packing,0,0,0.001808,0.025807
217,test,price,1,1,0.001016,0.998084
217,test,shipping,1,1,0.002392,0.995574
217,test,smell,0,0,0.002379,0.012004
217,test,stayingpower,0,0,0.005501,0.013812
217,test,texture,1,1,0.000648,0.98055
218,test,colour,0,0,0.010388,0.018093
218,test,packing,0,0,0.020722,0.003168
218,test,price,1,1,0.172103,0.611031
218,test,shipping,0,0,0.028645,0.000885
218,test,smell,1,1,0.001607,0.997176
218,test,stayingpower,0,0,0.001995,0.000152
218,test,texture,0,0,0.003609,0.000679
219,test,colour,0,0,0.003304,0.003428
219,test,packing,0,0,0.001987,0.006719
219,test,price,0,0,0.000549,0.000531
219,test,shipping,0,0,0.000884,0.000444
219,test,smell,0,0,6.7e-05,0.001135
219,test,stayingpower,0,0,0.000182,0.000413
219,test,texture,0,0,0.000235,0.000137
220,test,colour,0,0,0.000801,0.006565
220,test,packing,1,1,0.002698,0.996414
220,test,price,0,0,0.000634,0.007609
220,test,shipping,0,0,0.001136,0.002902
220,test,smell,0,0,3.4e-05,0.00021
220,test,stayingpower,0,0,6.4e-05,0.00049
220,test,texture,0,0,0.000501,0.001203
221,test,colour,1,1,7.8e-05,0.999676
221,test,packing,1,1,0.000583,0.998173
221,test,price,0,0,0.000431,0.00514
221,test,shipping,0,0,0.006182,0.031547
221,test,smell,0,0,0.000285,0.001015
221,test,stayingpower,0,0,0.000182,0.002578
221,test,texture,0,0,0.000392,0.000932
222,test,colour,1,1,0.000406,0.999525
222,test,packing,0,0,0.000126,0.001103
222,test,price,1,1,0.005269,0.987881
222,test,shipping,0,0,0.000228,0.000884
222,test,smell,0,0,0.000408,0.002091
222,test,stayingpower,0,0,0.000803,0.003278
222,test,texture,0,0,0.000786,0.005195
223,test,colour,1,1,0.001896,0.997317
223,test,packing,0,0,0.000201,0.003429
223,test,price,0,0,0.000409,0.004688
223,test,shipping,0,0,0.000579,0.001059
223,test,smell,0,0,0.000619,0.002489
223,test,stayingpower,1,1,0.001627,0.996357
223,test,texture,1,1,0.001467,0.994276
224,test,colour,0,0,0.00122,0.001258
224,test,packing,0,0,0.000469,0.002796
224,test,price,0,0,0.000684,0.00136
224,test,shipping,0,0,0.000347,0.0003
224,test,smell,0,0,4.6e-05,0.000909
224,test,stayingpower,0,0,0.000214,0.000376
224,test,texture,0,0,0.000396,0.00029
225,test,colour,0,0,0.00059,0.004418
225,test,packing,1,1,0.00076,0.99811
225,test,price,0,0,0.000473,0.008563
225,test,shipping,0,0,0.002172,0.004486
225,test,smell,0,0,5.7e-05,0.000198
225,test,stayingpower,0,0,6.9e-05,0.001649
225,test,texture,0,0,0.000427,0.001181
226,test,colour,1,1,3.8e-05,0.999904
226,test,packing,0,0,0.000155,0.008541
226,test,price,0,0,0.000361,0.003791
226,test,shipping,1,1,0.000242,0.996966
226,test,smell,0,0,0.000139,0.000563
226,test,stayingpower,0,0,0.000391,0.004996
226,test,texture,0,0,0.002195,0.024229
227,test,colour,0,0,0.018106,0.066822
227,test,packing,0,0,0.017018,0.078605
227,test,price,0,0,0.002359,0.027476
227,test,shipping,0,0,0.010203,0.001097
227,test,smell,1,1,0.001329,0.998427
227,test,stayingpower,1,1,0.019553,0.979891
227,test,texture,1,1,0.004391,0.982748
228,test,colour,1,1,0.000228,0.995777
228,test,packing,0,0,0.004123,0.035559
228,test,price,1,1,0.003253,0.993457
228,test,shipping,1,1,0.002899,0.990143
228,test,smell,1,1,0.001523,0.995374
228,test,stayingpower,0,0,0.000821,0.00291
228,test,texture,0,0,0.000286,0.002719
229,test,colour,1,1,3.4e-05,0.998802
229,test,packing,0,0,0.000142,0.009014
229,test,price,0,0,0.000241,0.002634
229,test,shipping,1,1,0.000713,0.994736
229,test,smell,0,0,0.000127,0.0013
229,test,stayingpower,0,0,0.000135,0.001314
229,test,texture,0,0,0.000163,0.00082
230,test,colour,1,1,0.000725,0.99885
230,test,packing,0,0,0.002805,0.001849
230,test,price,0,0,0.00102,0.003209
230,test,shipping,0,0,0.003353,0.002557
230,test,smell,2,2,0.996658,0.003136
230,test,stayingpower,0,0,0.021342,0.037779
230,test,texture,0,0,0.022175,0.34431
231,test,colour,0,0,0.002048,0.000984
231,test,packing,0,0,0.000918,0.004575
231,test,price,0,0,0.000591,0.000794
231,test,shipping,0,0,0.000428,0.00048
231,test,smell,0,0,4.7e-05,0.000794
231,test,stayingpower,0,0,0.000197,0.000777
231,test,texture,0,0,0.000365,0.000321
232,test,colour,0,0,0.001771,0.002004
232,test,packing,0,0,0.001019,0.009187
232,test,price,0,0,0.00057,0.000803
232,test,shipping,0,0,0.000572,0.000291
232,test,smell,0,0,4.7e-05,0.001163
232,test,stayingpower,0,0,0.000102,0.000247
232,test,texture,0,0,0.000706,0.000466
233,test,colour,1,1,2.6e-05,0.999797
233,test,packing,0,0,0.000201,0.003717
233,test,price,1,1,0.002454,0.993444
233,test,shipping,0,0,0.000797,0.002209
233,test,smell,0,0,0.000192,0.001402
233,test,stayingpower,0,0,0.000721,0.002493
233,test,texture,0,0,0.000422,0.002657
234,test,colour,0,0,0.001222,0.010973
234,test,packing,1,1,0.002191,0.991851
234,test,price,0,0,0.000799,0.015456
234,test,shipping,0,0,0.056125,0.024831
234,test,smell,0,0,0.000175,0.000556
234,test,stayingpower,1,1,0.001954,0.889079
234,test,texture,0,0,0.001417,0.003126
235,test,colour,0,0,0.000425,0.014989
235,test,packing,1,1,0.001017,0.99689
235,test,price,0,0,0.000251,0.003287
235,test,shipping,0,0,0.001312,0.002779
235,test,smell,0,0,3.9e-05,0.000426
235,test,stayingpower,0,0,2.9e-05,0.000656
235,test,texture,0,0,0.000134,0.000774
236,test,colour,0,0,0.002034,0.003205
236,test,packing,0,0,0.001673,0.00712
236,test,price,0,0,0.000428,0.000564
236,test,shipping,0,0,0.000698,0.000259
236,test,smell,0,0,4.3e-05,0.000839
236,test,stayingpower,0,0,0.000314,0.00035
236,test,texture,0,0,0.000433,0.000161
237,test,colour,1,1,0.000287,0.994314
237,test,packing,0,0,0.003405,0.051253
237,test,price,0,0,0.001435,0.004216
237,test,shipping,2,2,0.998071,0.000581
237,test,smell,1,1,0.000531,0.999177
237,test,stayingpower,0,0,0.000578,0.001899
237,test,texture,0,0,0.000135,0.000928
238,test,colour,0,0,0.008802,0.028431
238,test,packing,0,0,0.008674,0.022338
238,test,price,1,1,0.004979,0.994385
238,test,shipping,0,0,0.011469,0.006426
238,test,smell,1,1,0.000406,0.998865
238,test,stayingpower,0,0,0.005328,0.012184
238,test,texture,1,1,0.001153,0.983684
239,test,colour,1,1,7.8e-05,0.998501
239,test,packing,0,0,0.000121,0.00134
239,test,price,1,1,0.003116,0.992046
239,test,shipping,0,0,0.000547,0.001852
239,test,smell,0,0,6.7e-05,0.000615
239,test,stayingpower,0,0,0.000227,0.001388
239,test,texture,0,0,0.000414,0.001475
240,test,colour,0,0,0.005235,0.015846
240,test,packing,1,1,0.00145,0.997611
240,test,price,0,0,0.002252,0.009348
240,test,shipping,2,2,0.999246,0.0005
240,test,smell,0,0,0.00023,0.000348
240,test,stayingpower,0,0,0.000228,0.001668
240,test,texture,0,0,0.000192,0.000627
241,test,colour,0,0,0.004513,0.001085
241,test,packing,0,0,0.009977,0.004535
241,test,price,0,0,0.004747,0.00264
241,test,shipping,2,0,0.017966,0.001881
241,test,smell,0,0,8e-05,0.0006
241,test,stayingpower,0,0,0.000208,0.000275
241,test,texture,0,0,0.000678,0.000303
242,test,colour,0,0,0.017497,0.179886
242,test,packing,0,0,0.011071,0.118776
242,test,price,0,0,0.008075,0.049225
242,test,shipping,2,2,0.998515,0.000664
242,test,smell,1,1,0.001034,0.998266
242,test,stayingpower,0,0,0.064568,0.097321
242,test,texture,1,1,0.000357,0.998237
243,test,colour,0,0,0.000646,0.005691
243,test,packing,0,0,0.002174,0.005818
243,test,price,1,1,0.00425,0.993988
243,test,shipping,0,0,0.004692,0.003023
243,test,smell,1,1,0.000256,0.998915
243,test,stayingpower,0,0,0.001432,0.007174
243,test,texture,1,1,0.000732,0.967279
244,test,colour,0,1,0.0001,0.99834
244,test,packing,0,0,6.4e-05,0.001017
244,test,price,0,0,0.000302,0.001116
244,test,shipping,0,0,0.000132,0.000572
244,test,smell,0,0,2.6e-05,0.000386
244,test,stayingpower,0,0,0.000209,0.003094
244,test,texture,0,0,0.000279,0.000442
245,test,colour,0,0,0.001424,0.003063
245,test,packing,0,0,0.000817,0.003707
245,test,price,0,0,0.000501,0.000867
245,test,shipping,0,0,0.000572,0.000862
245,test,smell,0,0,5.6e-05,0.001064
245,test,stayingpower,0,0,0.000181,0.00049
245,test,texture,0,0,0.000157,0.000114
246,test,colour,0,0,0.001606,0.011622
246,test,packing,0,0,0.000277,0.006466
246,test,price,0,0,0.000754,0.020997
246,test,shipping,1,1,0.000473,0.999168
246,test,smell,0,0,9.2e-05,0.001573
246,test,stayingpower,0,0,0.001082,0.003814
246,test,texture,1,1,0.0004,0.994225
247,test,colour,0,0,0.00021,0.005128
247,test,packing,0,0,0.000157,0.002929
247,test,price,1,1,0.00206,0.996198
247,test,shipping,0,0,0.001061,0.004345
247,test,smell,0,0,2.6e-05,0.000959
247,test,stayingpower,0,0,3e-05,0.000429
247,test,texture,0,0,0.000307,0.001637
248,test,colour,1,1,0.000436,0.999053
248,test,packing,0,0,0.000425,0.005111
248,test,price,0,0,0.000981,0.002268
248,test,shipping,2,2,0.99955,0.000311
248,test,smell,0,0,0.000257,0.000589
248,test,stayingpower,0,0,0.000586,0.00467
248,test,texture,0,0,0.001188,0.002186
249,test,colour,0,0,0.000603,0.004486
249,test,packing,0,0,0.000609,0.010305
249,test,price,0,0,0.000422,0.001486
249,test,shipping,0,0,0.000244,0.001275
249,test,smell,0,0,1.2e-05,0.000291
249,test,stayingpower,0,0,4e-05,0.000218
249,test,texture,0,0,0.000311,0.000473
250,test,colour,2,2,0.91398,0.024476
250,test,packing,0,0,0.017085,0.012039
250,test,price,2,1,0.376552,0.548159
250,test,shipping,0,0,0.089435,0.007429
250,test,smell,0,0,0.019448,0.008735
250,test,stayingpower,0,0,0.030002,0.004829
250,test,texture,2,2,0.9986,0.000861
251,test,colour,1,1,0.000728,0.995963
251,test,packing,1,1,0.001813,0.986814
251,test,price,0,0,0.000951,0.018772
251,test,shipping,1,1,0.026157,0.965886
251,test,smell,0,0,0.000686,0.001479
251,test,stayingpower,1,1,0.00046,0.998812
251,test,texture,0,0,0.002275,0.011762
252,test,colour,0,0,0.000295,0.012202
252,test,packing,0,0,0.000198,0.002387
252,test,price,0,0,0.00039,0.00165
252,test,shipping,0,0,0.000174,0.000769
252,test,smell,0,0,3.2e-05,0.000809
252,test,stayingpower,0,0,6.8e-05,0.000191
252,test,texture,0,0,0.000316,0.000388
253,test,colour,1,1,0.002189,0.996329
253,test,packing,0,0,0.003982,0.022073
253,test,price,1,1,0.011025,0.962685
253,test,shipping,0,0,0.006766,0.003216
253,test,smell,0,0,0.002416,0.011441
253,test,stayingpower,0,0,0.017514,0.014624
253,test,texture,1,1,0.002429,0.99666
254,test,colour,0,0,0.001478,0.018254
254,test,packing,0,0,0.000149,0.001568
254,test,price,0,0,0.000603,0.005984
254,test,shipping,1,1,0.000532,0.998073
254,test,smell,0,0,2e-05,0.000142
254,test,stayingpower,0,0,9.6e-05,0.000511
254,test,texture,0,0,0.000574,0.001517
255,test,colour,0,0,0.000374,0.035065
255,test,packing,0,0,0.000168,0.004494
255,test,price,0,0,0.000667,0.005424
255,test,shipping,0,0,0.000135,0.001164
255,test,smell,0,0,1.2e-05,0.000261
255,test,stayingpower,0,0,2.2e-05,0.00035
255,test,texture,0,0,0.000165,0.001241
256,test,colour,1,1,2.8e-05,0.999836
256,test,packing,0,0,0.000109,0.002729
256,test,price,1,1,0.005049,0.979103
256,test,shipping,0,0,0.00034,0.001537
256,test,smell,0,0,0.000108,0.001
256,test,stayingpower,0,0,0.000298,0.002574
256,test,texture,0,0,0.001464,0.008119
257,test,colour,3,1,0.474078,0.507538
257,test,packing,0,0,0.006033,0.002029
257,test,price,1,1,0.087852,0.885261
257,test,shipping,0,0,0.000889,0.000277
257,test,smell,1,1,0.002247,0.997106
257,test,stayingpower,0,0,0.158664,0.012652
257,test,texture,0,0,0.037257,0.177146
258,test,colour,0,0,0.002746,0.002895
258,test,packing,0,0,0.000754,0.004189
258,test,price,0,0,0.000749,0.001024
258,test,shipping,0,0,0.000731,0.000483
258,test,smell,0,0,4.1e-05,0.000636
258,test,stayingpower,0,0,0.000343,0.000744
258,test,texture,0,0,0.000304,0.000289
259,test,colour,3,2,0.94008,0.048384
259,test,packing,0,0,0.002367,0.001932
259,test,price,0,0,0.007915,0.00263
259,test,shipping,0,0,0.001134,0.000618
259,test,smell,0,0,0.000863,0.000711
259,test,stayingpower,0,0,0.126765,0.008978
259,test,texture,2,2,0.999453,0.000435
260,test,colour,0,0,0.00123,0.009326
260,test,packing,0,0,0.000237,0.006641
260,test,price,0,0,0.000264,0.006144
260,test,shipping,1,1,0.000464,0.999068
260,test,smell,0,0,8.5e-05,0.000669
260,test,stayingpower,0,0,0.000285,0.001961
260,test,texture,1,1,0.000573,0.987719
261,test,colour,1,1,2.3e-05,0.999755
261,test,packing,0,0,0.000458,0.024082
261,test,price,0,0,0.000551,0.002971
261,test,shipping,0,0,0.000238,0.00214
261,test,smell,0,0,4.2e-05,0.000425
261,test,stayingpower,0,0,0.000213,0.002157
261,test,texture,0,0,0.000159,0.000841
262,test,colour,0,0,0.000754,0.02307
262,test,packing,1,1,0.001469,0.995666
262,test,price,1,1,0.000653,0.999002
262,test,shipping,1,1,0.005524,0.992822
262,test,smell,0,0,0.000197,0.000773
262,test,stayingpower,0,0,0.000215,0.004185
262,test,texture,0,0,0.000425,0.00082
263,test,colour,0,0,0.000332,0.00231
263,test,packing,1,1,0.000533,0.998811
263,test,price,0,0,0.000334,0.003832
263,test,shipping,0,0,0.004246,0.010198
263,test,smell,0,0,4.8e-05,0.000224
263,test,stayingpower,0,0,4.2e-05,0.000611
263,test,texture,0,0,0.000334,0.000734
264,test,colour,1,1,2.8e-05,0.999907
264,test,packing,0,0,0.000351,0.005419
264,test,price,0,0,0.001792,0.014088
264,test,shipping,0,0,0.000967,0.009101
264,test,smell,0,0,0.000665,0.001853
264,test,stayingpower,0,0,0.029433,0.062439
264,test,texture,3,2,0.938443,0.057491
265,test,colour,0,0,0.002584,0.002794
265,test,packing,0,0,0.002027,0.004796
265,test,price,0,0,0.000502,0.000661
265,test,shipping,0,0,0.000539,0.000429
265,test,smell,0,0,5.3e-05,0.0008
265,test,stayingpower,0,0,0.000273,0.000604
265,test,texture,0,0,0.000549,0.000217
266,test,colour,1,1,0.003404,0.996457
266,test,packing,0,0,0.000118,0.001022
266,test,price,0,0,0.000722,0.001324
266,test,shipping,0,0,0.000131,0.000374
266,test,smell,0,0,4.5e-05,0.000298
266,test,stayingpower,0,0,0.000494,0.001398
266,test,texture,0,0,0.000209,0.00046
267,test,colour,0,0,0.000983,0.001827
267,test,packing,0,0,0.000901,0.005476
267,test,price,0,0,0.001288,0.001692
267,test,shipping,0,0,0.00061,0.001386
267,test,smell,0,0,4.3e-05,0.000657
267,test,stayingpower,0,0,9.2e-05,0.000531
267,test,texture,0,0,0.00018,0.00013
268,test,colour,0,0,0.000359,0.011323
268,test,packing,0,0,0.000254,0.007637
268,test,price,0,0,0.000398,0.002282
268,test,shipping,0,0,0.000159,0.000879
268,test,smell,0,0,1.9e-05,0.000403
268,test,stayingpower,0,0,4.6e-05,0.00042
268,test,texture,0,0,0.000101,0.000373
269,test,colour,0,0,0.00075,0.006874
269,test,packing,1,1,0.000229,0.999408
269,test,price,0,0,0.000322,0.014093
269,test,shipping,1,1,0.001793,0.997204
269,test,smell,0,0,0.00017,0.000477
269,test,stayingpower,0,0,2.1e-05,0.000631
269,test,texture,0,0,0.000189,0.000707
270,test,colour,0,0,0.007387,0.05773
270,test,packing,0,0,0.141833,0.325368
270,test,price,0,0,0.044076,0.415539
270,test,shipping,0,0,0.079083,0.003578
270,test,smell,0,0,0.000684,0.004689
270,test,stayingpower,0,0,0.010513,0.00051
270,test,texture,0,0,0.002466,0.000305
271,test,colour,0,1,0.001923,0.991
271,test,packing,0,0,0.000756,0.003974
271,test,price,0,0,0.002476,0.039595
271,test,shipping,1,1,0.003794,0.992794
271,test,smell,0,0,0.000263,0.000618
271,test,stayingpower,0,0,0.031373,0.053679
271,test,texture,3,2,0.569127,0.422092
272,test,colour,0,0,0.00037,0.005955
272,test,packing,0,0,0.000368,0.005495
272,test,price,1,1,0.003603,0.995396
272,test,shipping,0,0,0.002503,0.004124
272,test,smell,0,0,5e-05,0.001512
272,test,stayingpower,0,0,3.6e-05,0.000237
272,test,texture,0,0,0.000319,0.000458
273,test,colour,0,0,0.000413,0.042211
273,test,packing,0,0,0.000146,0.003147
273,test,price,0,0,0.000217,0.001433
273,test,shipping,0,0,0.000192,0.000939
273,test,smell,0,0,1e-05,0.00049
273,test,stayingpower,0,0,3.8e-05,0.000218
273,test,texture,0,0,0.000105,0.000441
274,test,colour,1,1,0.002796,0.934869
274,test,packing,0,0,0.005734,0.072001
274,test,price,0,0,0.001795,0.041727
274,test,shipping,1,1,0.010281,0.978491
274,test,smell,1,1,0.003364,0.99399
274,test,stayingpower,1,1,0.003369,0.99638
274,test,texture,1,1,0.002959,0.930632
275,test,colour,1,1,0.000985,0.998776
275,test,packing,0,0,0.001023,0.00542
275,test,price,0,0,0.001258,0.005732
275,test,shipping,0,0,0.00407,0.004795
275,test,smell,0,0,0.002372,0.002424
275,test,stayingpower,3,1,0.015003,0.962757
275,test,texture,3,2,0.989653,0.010159
276,test,colour,0,0,0.0009,0.020214
276,test,packing,0,0,7.9e-05,0.00362
276,test,price,0,0,0.000177,0.002731
276,test,shipping,0,0,0.000103,0.000782
276,test,smell,0,0,3.3e-05,0.001066
276,test,stayingpower,0,0,0.00047,0.007578
276,test,texture,1,1,0.000351,0.996139
277,test,colour,1,1,0.00013,0.999783
277,test,packing,0,0,0.000777,0.005621
277,test,price,0,0,0.002355,0.01177
277,test,shipping,0,0,0.002411,0.011137
277,test,smell,0,0,0.000637,0.001102
277,test,stayingpower,0,0,0.002762,0.012076
277,test,texture,2,2,0.991937,0.004178
278,test,colour,1,1,8.4e-05,0.999756
278,test,packing,0,0,0.000643,0.033541
278,test,price,0,0,0.000872,0.002743
278,test,shipping,2,2,0.998525,0.000568
278,test,smell,0,0,0.000314,0.000739
278,test,stayingpower,0,0,0.000235,0.002097
278,test,texture,0,0,0.000599,0.000862
279,test,colour,0,0,0.000539,0.034494
279,test,packing,0,0,0.010675,0.38547
279,test,price,1,1,0.001748,0.996511
279,test,shipping,1,1,0.001454,0.995105
279,test,smell,0,0,0.00013,0.006713
279,test,stayingpower,0,0,5.4e-05,0.000481
279,test,texture,0,0,0.000322,0.001203
280,test,colour,1,0,0.011805,0.003791
280,test,packing,1,2,0.994724,0.002064
280,test,price,0,0,0.021813,0.007158
280,test,shipping,0,0,0.164181,0.010597
280,test,smell,0,0,0.011619,0.002818
280,test,stayingpower,0,0,0.068346,0.000737
280,test,texture,0,0,0.014508,0.000379
281,test,colour,1,1,0.000663,0.996979
281,test,packing,0,0,0.001344,0.009469
281,test,price,1,1,0.003098,0.989508
281,test,shipping,0,0,0.001153,0.002108
281,test,smell,1,1,0.000478,0.998924
281,test,stayingpower,0,0,0.00373,0.012865
281,test,texture,1,1,0.000553,0.979192
282,test,colour,1,1,0.000456,0.999451
282,test,packing,1,1,0.001639,0.989114
282,test,price,0,0,0.000203,0.003503
282,test,shipping,0,0,0.005267,0.015147
282,test,smell,0,0,0.001419,0.005053
282,test,stayingpower,0,0,0.007739,0.105824
282,test,texture,1,1,0.00072,0.998331
283,test,colour,1,2,0.939453,0.059158
283,test,packing,0,0,0.001047,0.004528
283,test,price,0,0,0.000645,0.003805
283,test,shipping,0,0,0.000595,0.00052
283,test,smell,0,0,0.000754,0.001377
283,test,stayingpower,0,0,0.003742,0.01865
283,test,texture,1,1,0.001675,0.995695
284,test,colour,1,1,0.000106,0.999634
284,test,packing,0,0,0.000284,0.014881
284,test,price,0,0,0.000583,0.001861
284,test,shipping,2,2,0.993626,0.002613
284,test,smell,0,0,0.000189,0.000428
284,test,stayingpower,0,0,0.0002,0.003333
284,test,texture,0,0,0.000396,0.000556
285,test,colour,1,1,0.000824,0.998782
285,test,packing,1,1,0.001506,0.993127
285,test,price,0,0,0.000591,0.006319
285,test,shipping,2,2,0.99931,0.00042
285,test,smell,0,0,0.003998,0.006936
285,test,stayingpower,0,0,0.004243,0.035177
285,test,texture,1,1,0.001717,0.980199
286,test,colour,0,1,0.000129,0.999744
286,test,packing,0,0,9.6e-05,0.00482
286,test,price,0,0,0.000267,0.001999
286,test,shipping,0,0,0.000275,0.001879
286,test,smell,0,0,2.3e-05,0.000151
286,test,stayingpower,0,0,0.000436,0.004586
286,test,texture,0,0,0.000688,0.006499
287,test,colour,0,0,0.001423,0.11713
287,test,packing,0,0,7.1e-05,0.004967
287,test,price,0,0,0.00036,0.003026
287,test,shipping,0,0,2.5e-05,0.000385
287,test,smell,0,0,8e-06,0.000305
287,test,stayingpower,0,0,4.5e-05,0.001616
287,test,texture,1,0,0.005127,0.340042
288,test,colour,0,0,0.000813,0.021807
288,test,packing,0,0,0.000366,0.004147
288,test,price,0,0,0.000463,0.001884
288,test,shipping,0,0,0.000253,0.000993
288,test,smell,0,0,3e-05,0.001395
288,test,stayingpower,0,0,4.7e-05,0.0003
288,test,texture,0,0,0.00013,0.000345
289,test,colour,0,0,0.0028,0.028818
289,test,packing,1,1,0.006787,0.989545
289,test,price,1,1,0.003681,0.995949
289,test,shipping,2,2,0.999618,0.00031
289,test,smell,0,0,0.001156,0.002521
289,test,stayingpower,0,0,0.000403,0.00265
289,test,texture,0,0,0.00063,0.002996
290,test,colour,2,2,0.941384,0.056419
290,test,packing,0,0,0.002643,0.002896
290,test,price,1,1,0.015788,0.982264
290,test,shipping,0,0,0.002514,0.000575
290,test,smell,1,1,0.004259,0.994952
290,test,stayingpower,0,0,0.004779,0.003618
290,test,texture,0,0,0.004806,0.011801
291,test,colour,0,0,0.006033,0.027407
291,test,packing,0,0,0.006605,0.012517
291,test,price,0,0,0.005098,0.028396
291,test,shipping,0,0,0.008318,0.003025
291,test,smell,3,2,0.617711,0.374796
291,test,stayingpower,1,1,0.149419,0.841766
291,test,texture,2,2,0.993202,0.006333
292,test,colour,2,2,0.611132,0.288859
292,test,packing,0,0,0.010887,0.010029
292,test,price,0,0,0.004283,0.015101
292,test,shipping,0,0,0.013027,0.007334
292,test,smell,2,2,0.996541,0.003289
292,test,stayingpower,0,0,0.02535,0.111672
292,test,texture,1,1,0.000821,0.998854
293,test,colour,1,1,0.000651,0.999135
293,test,packing,0,0,0.000741,0.005265
293,test,price,0,0,0.003195,0.004793
293,test,shipping,0,0,0.002622,0.00631
293,test,smell,0,0,0.000677,0.00228
293,test,stayingpower,2,2,0.998594,0.001331
293,test,texture,0,0,0.002519,0.013155
294,test,colour,1,1,1.7e-05,0.999879
294,test,packing,0,0,0.000112,0.004365
294,test,price,0,0,0.00057,0.002926
294,test,shipping,0,0,0.000416,0.003161
294,test,smell,0,0,5.5e-05,0.000552
294,test,stayingpower,0,0,0.000239,0.001128
294,test,texture,0,0,0.0003,0.001199
295,test,colour,1,0,0.001019,0.059813
295,test,packing,0,1,0.000962,0.998728
295,test,price,1,1,0.002032,0.915748
295,test,shipping,0,1,0.02856,0.760576
295,test,smell,0,0,2.9e-05,0.000713
295,test,stayingpower,0,0,0.001101,0.005009
295,test,texture,0,0,0.000415,0.009653
296,test,colour,0,0,0.00247,0.002177
296,test,packing,0,2,0.484096,0.46708
296,test,price,0,0,0.004234,0.004704
296,test,shipping,2,2,0.999587,0.000262
296,test,smell,0,0,0.000708,0.000645
296,test,stayingpower,0,0,0.000233,0.000338
296,test,texture,0,0,0.000454,0.001979
297,test,colour,2,2,0.985761,0.011642
297,test,packing,1,1,0.028287,0.969401
297,test,price,0,0,0.006458,0.01748
297,test,shipping,0,0,0.009329,0.006954
297,test,smell,0,0,0.008084,0.000969
297,test,stayingpower,0,0,0.000973,0.001892
297,test,texture,0,0,0.002085,0.001818
298,test,colour,1,1,0.003173,0.991209
298,test,packing,0,0,0.000647,0.008681
298,test,price,0,0,0.001339,0.007633
298,test,shipping,0,0,0.000796,0.003016
298,test,smell,1,1,0.00031,0.997895
298,test,stayingpower,0,0,0.01497,0.070784
298,test,texture,1,1,0.000144,0.998388
299,test,colour,1,1,0.00146,0.996694
299,test,packing,0,0,0.00397,0.041812
299,test,price,0,0,0.001447,0.00885
299,test,shipping,2,2,0.999659,0.000266
299,test,smell,0,0,0.003922,0.017359
299,test,stayingpower,0,0,0.010048,0.06
299,test,texture,3,1,0.045436,0.952894
300,test,colour,0,2,0.571795,0.043515
300,test,packing,0,0,0.004374,0.008679
300,test,price,1,1,0.005385,0.994468
300,test,shipping,0,0,0.003217,0.001955
300,test,smell,0,0,0.000253,0.000405
300,test,stayingpower,0,0,0.003178,0.005263
300,test,texture,1,1,0.262966,0.726768
301,test,colour,1,1,0.001784,0.997813
301,test,packing,0,0,8.5e-05,0.000331
301,test,price,0,0,0.000244,0.000338
301,test,shipping,0,0,0.000233,0.000308
301,test,smell,0,0,5.3e-05,0.000563
301,test,stayingpower,0,0,0.000915,0.001692
301,test,texture,0,0,0.000467,0.000431
302,test,colour,1,1,0.000352,0.998288
302,test,packing,0,0,0.004449,0.025753
302,test,price,0,0,0.00119,0.008894
302,test,shipping,0,0,0.006439,0.003704
302,test,smell,1,1,0.003705,0.994542
302,test,stayingpower,1,1,0.00128,0.998379
302,test,texture,0,0,0.002493,0.017099
303,test,colour,0,0,0.009164,0.047136
303,test,packing,0,0,0.026785,0.023025
303,test,price,1,1,0.070403,0.91073
303,test,shipping,2,2,0.99714,0.002365
303,test,smell,0,0,0.0008,0.004059
303,test,stayingpower,2,2,0.993585,0.001145
303,test,texture,0,0,0.001273,0.000478
304,test,colour,3,1,0.006302,0.993283
304,test,packing,0,0,0.000385,0.000667
304,test,price,0,0,0.00124,0.002274
304,test,shipping,0,0,0.000251,0.00022
304,test,smell,0,0,0.000687,0.000385
304,test,stayingpower,2,1,0.175293,0.807559
304,test,texture,0,2,0.899718,0.074946
305,test,colour,3,1,0.140396,0.858969
305,test,packing,0,0,0.002566,0.005388
305,test,price,1,1,0.019464,0.966701
305,test,shipping,0,0,0.006025,0.002779
305,test,smell,1,1,0.000693,0.999026
305,test,stayingpower,0,0,0.005647,0.008494
305,test,texture,0,0,0.001886,0.017808
306,test,colour,1,0,0.000494,0.030432
306,test,packing,0,0,0.000132,0.002817
306,test,price,1,1,0.000958,0.998246
306,test,shipping,0,0,0.002177,0.009735
306,test,smell,0,0,3e-05,0.000701
306,test,stayingpower,0,0,6.8e-05,0.001677
306,test,texture,0,0,0.002192,0.196588
307,test,colour,0,0,0.001584,0.029466
307,test,packing,0,0,0.000765,0.008722
307,test,price,0,0,0.000744,0.011168
307,test,shipping,0,0,0.000674,0.000484
307,test,smell,1,1,8.4e-05,0.999857
307,test,stayingpower,0,0,0.005079,0.00765
307,test,texture,1,1,0.000418,0.995175
308,test,colour,0,0,0.016814,0.010117
308,test,packing,0,0,0.005603,0.011088
308,test,price,0,0,0.002029,0.005376
308,test,shipping,0,0,0.002158,0.0012
308,test,smell,0,0,0.001301,0.002295
308,test,stayingpower,3,1,0.050235,0.943225
308,test,texture,3,0,0.215354,0.311445
309,test,colour,1,1,7.1e-05,0.999529
309,test,packing,0,0,0.000828,0.00861
309,test,price,1,1,0.004185,0.99228
309,test,shipping,0,0,0.000637,0.002708
309,test,smell,0,0,0.000166,0.002031
309,test,stayingpower,0,0,0.000306,0.001707
309,test,texture,0,0,0.000364,0.00135
310,test,colour,1,2,0.758264,0.237091
310,test,packing,1,1,0.07307,0.910301
310,test,price,0,0,0.01657,0.16507
310,test,shipping,1,1,0.012701,0.984352
310,test,smell,0,0,0.078625,0.076938
310,test,stayingpower,2,2,0.998656,0.000851
310,test,texture,3,1,0.080587,0.913565
311,test,colour,0,0,0.015149,0.038872
311,test,packing,0,0,0.003875,0.016795
311,test,price,0,0,0.005695,0.039131
311,test,shipping,0,0,0.006847,0.001926
311,test,smell,0,0,0.001239,0.003375
311,test,stayingpower,1,1,0.011137,0.986568
311,test,texture,0,0,0.017073,0.008036
312,test,colour,0,0,0.000626,0.012474
312,test,packing,0,0,0.000362,0.006415
312,test,price,0,0,0.000361,0.005433
312,test,shipping,1,1,0.00046,0.99785
312,test,smell,0,0,3.8e-05,0.000383
312,test,stayingpower,0,0,7.6e-05,0.000897
312,test,texture,0,0,0.000299,0.000739
313,test,colour,0,0,0.000281,0.00687
313,test,packing,0,0,0.000584,0.057795
313,test,price,0,0,0.000185,0.00407
313,test,shipping,1,1,0.000631,0.998484
313,test,smell,0,0,3.2e-05,0.000241
313,test,stayingpower,0,0,2.1e-05,0.000558
313,test,texture,0,0,0.000216,0.000842
314,test,colour,0,0,0.000765,0.011864
314,test,packing,1,1,0.001672,0.997526
314,test,price,0,0,0.000486,0.005632
314,test,shipping,0,0,0.015944,0.006592
314,test,smell,1,1,0.000757,0.998498
314,test,stayingpower,0,0,0.000391,0.001425
314,test,texture,0,0,0.000211,0.004541
315,test,colour,1,1,0.000783,0.999148
315,test,packing,0,0,0.000765,0.001141
315,test,price,1,1,0.015631,0.981583
315,test,shipping,0,0,0.000806,0.000833
315,test,smell,0,0,0.001393,0.001159
315,test,stayingpower,0,0,0.008753,0.004685
315,test,texture,0,0,0.091587,0.007635
316,test,colour,0,0,0.000646,0.015576
316,test,packing,0,0,0.000287,0.004001
316,test,price,0,0,0.000398,0.002035
316,test,shipping,0,0,0.000234,0.001301
316,test,smell,0,0,1.5e-05,0.000539
316,test,stayingpower,0,0,3.9e-05,0.000158
316,test,texture,0,0,0.0001,0.000266
317,test,colour,1,1,0.003074,0.984569
317,test,packing,0,0,0.000345,0.019026
317,test,price,0,0,0.001328,0.027176
317,test,shipping,1,1,0.000585,0.998764
317,test,smell,0,0,0.001029,0.005536
317,test,stayingpower,0,0,0.002521,0.049593
317,test,texture,1,1,0.000917,0.997192
318,test,colour,0,0,0.000176,0.005239
318,test,packing,1,1,0.000425,0.996584
318,test,price,0,0,0.000507,0.041694
318,test,shipping,1,1,0.000396,0.999372
318,test,smell,0,0,8.9e-05,0.000474
318,test,stayingpower,0,0,1.2e-05,0.000475
318,test,texture,0,0,0.000491,0.016075
319,test,colour,0,0,0.000267,0.002233
319,test,packing,0,0,0.000176,0.00694
319,test,price,1,1,0.010371,0.967034
319,test,shipping,0,0,0.001589,0.003109
319,test,smell,0,0,1.5e-05,0.000491
319,test,stayingpower,0,0,2e-05,0.000185
319,test,texture,0,0,0.000256,0.000554
320,test,colour,1,0,0.001468,0.004481
320,test,packing,0,0,0.058012,0.025102
320,test,price,0,0,0.002099,0.006524
320,test,shipping,0,0,0.004673,0.001241
320,test,smell,2,2,0.997012,0.001704
320,test,stayingpower,0,0,0.02396,0.020763
320,test,texture,3,2,0.523274,0.017334
321,test,colour,1,1,0.000204,0.999716
321,test,packing,1,1,0.000638,0.998021
321,test,price,0,0,0.00052,0.013692
321,test,shipping,1,1,0.00199,0.992061
321,test,smell,0,0,0.000868,0.003833
321,test,stayingpower,0,0,0.000303,0.003011
321,test,texture,0,0,0.004502,0.042088
322,test,colour,1,1,0.000267,0.998831
322,test,packing,0,0,7.6e-05,0.001822
322,test,price,0,0,0.000238,0.002332
322,test,shipping,0,0,0.000226,0.001433
322,test,smell,0,0,9e-05,0.001964
322,test,stayingpower,0,0,0.001183,0.006421
322,test,texture,1,1,0.000523,0.995383
323,test,colour,2,2,0.995309,0.002097
323,test,packing,1,1,0.026159,0.968641
323,test,price,0,0,0.002948,0.032861
323,test,shipping,3,1,0.212425,0.774066
323,test,smell,0,0,0.007082,0.003969
323,test,stayingpower,0,0,0.02129,0.03442
323,test,texture,1,1,0.002196,0.995567
324,test,colour,0,0,0.001385,0.007952
324,test,packing,0,0,0.003261,0.061827
324,test,price,0,0,0.003441,0.033739
324,test,shipping,2,2,0.999318,0.000219
324,test,smell,1,1,0.00103,0.994365
324,test,stayingpower,0,0,0.003163,0.009444
324,test,texture,1,1,0.000153,0.992805
325,test,colour,0,0,0.000584,0.019199
325,test,packing,0,0,0.000229,0.004211
325,test,price,0,0,0.000494,0.005261
325,test,shipping,1,1,0.000503,0.997631
325,test,smell,0,0,3e-05,0.000459
325,test,stayingpower,0,0,4.9e-05,0.000376
325,test,texture,0,0,8.4e-05,0.000209
326,test,colour,1,1,8e-05,0.999062
326,test,packing,0,0,0.000123,0.003885
326,test,price,0,0,0.000574,0.002136
326,test,shipping,0,0,0.000316,0.001713
326,test,smell,0,0,5.6e-05,0.000668
326,test,stayingpower,0,0,0.000375,0.001469
326,test,texture,0,0,0.000398,0.002148
327,test,colour,1,1,2.5e-05,0.999915
327,test,packing,0,0,0.000353,0.00608
327,test,price,1,1,0.00281,0.992847
327,test,shipping,0,0,0.00021,0.003562
327,test,smell,0,0,0.000158,0.001112
327,test,stayingpower,0,0,0.00173,0.021562
327,test,texture,0,0,0.00109,0.020278
328,test,colour,0,0,0.071605,0.277539
328,test,packing,1,1,0.021264,0.97583
328,test,price,0,0,0.003125,0.011695
328,test,shipping,0,0,0.07812,0.046917
328,test,smell,1,1,0.003238,0.994564
328,test,stayingpower,2,2,0.99896,0.000442
328,test,texture,1,1,0.005512,0.897562
329,test,colour,1,1,0.000154,0.998847
329,test,packing,0,0,0.00119,0.018341
329,test,price,0,0,0.002418,0.040844
329,test,shipping,0,0,0.001479,0.00446
329,test,smell,1,1,0.0005,0.997807
329,test,stayingpower,0,0,0.007544,0.028674
329,test,texture,1,1,0.005229,0.994504
330,test,colour,0,0,0.004866,0.027428
330,test,packing,0,0,0.00106,0.005114
330,test,price,0,0,0.000934,0.005575
330,test,shipping,0,0,0.0021,0.001034
330,test,smell,0,0,0.000455,0.002243
330,test,stayingpower,1,1,0.003699,0.995684
330,test,texture,0,0,0.020555,0.309669
331,test,colour,3,1,0.304491,0.691023
331,test,packing,0,0,0.000879,0.003677
331,test,price,0,0,0.000674,0.000584
331,test,shipping,0,0,0.000129,0.000205
331,test,smell,0,0,2.6e-05,4.6e-05
331,test,stayingpower,0,0,0.026454,0.003844
331,test,texture,0,0,0.033257,0.009828
332,test,colour,0,0,0.019565,0.005416
332,test,packing,0,0,0.005938,0.013878
332,test,price,0,0,0.002771,0.002788
332,test,shipping,0,0,0.006858,0.001873
332,test,smell,0,0,0.000105,0.000816
332,test,stayingpower,0,0,0.000288,0.000289
332,test,texture,0,0,0.000178,0.0001
333,test,colour,1,1,1.6e-05,0.999696
333,test,packing,0,0,6.1e-05,0.001795
333,test,price,0,0,0.000705,0.005184
333,test,shipping,0,0,0.000593,0.005451
333,test,smell,0,0,3.3e-05,0.00042
333,test,stayingpower,0,0,0.000285,0.001544
333,test,texture,0,0,0.000178,0.000836
334,test,colour,2,2,0.999273,0.000604
334,test,packing,0,0,0.008671,0.005412
334,test,price,0,0,0.011419,0.005602
334,test,shipping,0,0,0.004572,0.003873
334,test,smell,0,0,0.009343,0.002302
334,test,stayingpower,2,2,0.997555,0.002061
334,test,texture,0,0,0.06584,0.022872
335,test,colour,0,0,0.038162,0.017237
335,test,packing,0,0,0.005222,0.005506
335,test,price,0,0,0.007528,0.010838
335,test,shipping,0,0,0.001213,0.000829
335,test,smell,0,0,0.000301,0.000435
335,test,stayingpower,0,0,0.009844,0.005847
335,test,texture,2,2,0.999616,0.000291
336,test,colour,0,0,0.000694,0.020687
336,test,packing,0,0,0.000435,0.006581
336,test,price,0,0,0.000388,0.00433
336,test,shipping,1,1,0.000447,0.99668
336,test,smell,0,0,4.6e-05,0.000294
336,test,stayingpower,0,0,5.8e-05,0.000671
336,test,texture,0,0,0.000155,0.000305
337,test,colour,0,0,0.000549,0.023065
337,test,packing,1,1,0.000285,0.998923
337,test,price,0,0,0.000381,0.010292
337,test,shipping,1,1,0.001284,0.997635
337,test,smell,0,0,7.6e-05,0.000564
337,test,stayingpower,0,0,1.2e-05,0.000183
337,test,texture,0,0,0.000131,0.000893
338,test,colour,0,0,0.000458,0.00785
338,test,packing,0,0,0.000463,0.007524
338,test,price,0,0,0.000356,0.005082
338,test,shipping,1,1,0.000557,0.99893
338,test,smell,0,0,5.8e-05,0.00072
338,test,stayingpower,0,0,0.000125,0.000841
338,test,texture,0,0,0.000631,0.001397
339,test,colour,1,1,0.000196,0.99756
339,test,packing,1,1,0.000813,0.997813
339,test,price,0,0,0.000659,0.013524
339,test,shipping,1,1,0.006863,0.986232
339,test,smell,1,1,0.001469,0.998176
339,test,stayingpower,0,0,0.000233,0.001775
339,test,texture,0,0,0.000378,0.008535
340,test,colour,1,1,0.000315,0.999435
340,test,packing,0,0,0.020938,0.030755
340,test,price,0,0,0.002905,0.006574
340,test,shipping,2,2,0.999065,0.000581
340,test,smell,3,2,0.864852,0.131457
340,test,stayingpower,0,0,0.00513,0.01089
340,test,texture,0,0,0.001401,0.00182
341,test,colour,3,1,0.060426,0.857774
341,test,packing,0,0,9.7e-05,0.003567
341,test,price,0,0,0.000578,0.006538
341,test,shipping,1,1,0.000118,0.999097
341,test,smell,0,0,2.1e-05,8.5e-05
341,test,stayingpower,0,0,0.000515,0.018566
341,test,texture,0,0,0.003076,0.034857
342,test,colour,0,0,0.023653,0.079983
342,test,packing,0,0,0.001981,0.011115
342,test,price,1,1,0.003315,0.99641
342,test,shipping,0,0,0.002071,0.001076
342,test,smell,0,0,0.001554,0.007128
342,test,stayingpower,0,0,0.02928,0.014127
342,test,texture,1,1,0.005413,0.994339
343,test,colour,3,2,0.990041,0.008933
343,test,packing,0,0,0.000711,0.001452
343,test,price,0,0,0.002929,0.004728
343,test,shipping,0,0,0.001089,0.00234
343,test,smell,0,0,0.000897,0.000488
343,test,stayingpower,0,0,0.036592,0.16204
343,test,texture,1,1,0.002331,0.99658
344,test,colour,2,2,0.704142,0.280244
344,test,packing,0,0,0.00138,0.005406
344,test,price,0,0,0.001004,0.001636
344,test,shipping,0,0,0.000682,0.000548
344,test,smell,1,1,0.000863,0.997242
344,test,stayingpower,0,0,0.041801,0.048635
344,test,texture,1,1,0.000207,0.999164
345,test,colour,0,0,0.002238,0.002756
345,test,packing,0,0,0.001572,0.005267
345,test,price,0,0,0.000598,0.000883
345,test,shipping,0,0,0.000792,0.00052
345,test,smell,0,0,0.000108,0.001361
345,test,stayingpower,0,0,0.000402,0.000888
345,test,texture,0,0,0.000245,0.00016
346,test,colour,1,1,0.000327,0.999291
346,test,packing,0,0,0.002613,0.01001
346,test,price,0,0,0.007555,0.021193
346,test,shipping,0,0,0.009275,0.02611
346,test,smell,0,0,0.002838,0.001683
346,test,stayingpower,0,0,0.020741,0.00825
346,test,texture,2,2,0.997281,0.00216
347,test,colour,0,0,0.000171,0.002392
347,test,packing,0,0,0.000314,0.008622
347,test,price,0,0,0.000425,0.001788
347,test,shipping,0,0,0.000373,0.001793
347,test,smell,0,0,1.8e-05,0.000327
347,test,stayingpower,0,0,4.6e-05,0.001167
347,test,texture,0,0,0.000352,0.001084
348,test,colour,0,0,0.002877,0.042106
348,test,packing,0,0,0.00036,0.008679
348,test,price,0,0,0.000865,0.002566
348,test,shipping,2,2,0.996006,0.000926
348,test,smell,0,0,2.3e-05,0.000161
348,test,stayingpower,0,0,4e-05,0.000491
348,test,texture,0,0,0.000132,0.000189
349,test,colour,3,2,0.592191,0.340808
349,test,packing,0,0,0.001058,0.002022
349,test,price,1,1,0.070876,0.919473
349,test,shipping,0,0,0.008016,0.000412
349,test,smell,0,0,7.4e-05,0.000405
349,test,stayingpower,0,0,0.000346,0.000377
349,test,texture,0,0,0.000625,0.000161
350,test,colour,1,1,3.6e-05,0.999442
350,test,packing,0,0,0.000238,0.001517
350,test,price,0,0,0.000562,0.002645
350,test,shipping,0,0,0.000592,0.001208
350,test,smell,1,1,0.000839,0.99633
350,test,stayingpower,0,0,0.000366,0.001186
350,test,texture,0,0,0.000122,0.001833
351,test,colour,1,1,0.000976,0.998922
351,test,packing,0,0,0.000188,0.001769
351,test,price,0,0,0.000752,0.006094
351,test,shipping,0,0,0.000782,0.002481
351,test,smell,0,0,0.000342,0.002601
351,test,stayingpower,1,1,0.004424,0.993578
351,test,texture,3,1,0.152324,0.813074
352,test,colour,0,0,0.002794,0.035084
352,test,packing,0,0,0.005297,0.004233
352,test,price,0,0,0.001864,0.003125
352,test,shipping,0,0,0.001361,0.000679
352,test,smell,2,1,0.431112,0.568737
352,test,stayingpower,0,0,0.001899,0.002511
352,test,texture,0,0,0.004432,0.005598
353,test,colour,0,0,0.000903,0.005364
353,test,packing,1,1,0.001627,0.997451
353,test,price,0,0,0.000526,0.004619
353,test,shipping,1,2,0.996262,0.002444
353,test,smell,0,0,8.8e-05,0.000188
353,test,stayingpower,0,0,8.9e-05,0.000563
353,test,texture,0,0,0.000154,0.000666
354,test,colour,0,0,0.00131,0.002377
354,test,packing,0,0,0.000888,0.002805
354,test,price,0,0,0.000648,0.001217
354,test,shipping,0,0,0.000489,0.000407
354,test,smell,0,0,6.2e-05,0.001409
354,test,stayingpower,0,0,0.000168,0.000484
354,test,texture,0,0,0.000191,0.000108
355,test,colour,1,1,6e-05,0.999818
355,test,packing,1,1,0.000312,0.998986
355,test,price,0,0,0.000372,0.008669
355,test,shipping,1,1,0.001491,0.997611
355,test,smell,0,0,0.002876,0.006247
355,test,stayingpower,0,0,0.000277,0.003496
355,test,texture,0,0,0.000542,0.002271
356,test,colour,0,0,0.000128,0.002842
356,test,packing,0,0,0.000188,0.006648
356,test,price,0,0,0.000445,0.002613
356,test,shipping,0,0,0.000255,0.00152
356,test,smell,0,0,1.2e-05,0.000174
356,test,stayingpower,0,0,1.9e-05,0.000543
356,test,texture,0,0,0.000298,0.001225
357,test,colour,0,0,0.002685,0.001105
357,test,packing,1,1,0.004053,0.995288
357,test,price,0,0,0.000304,0.001033
357,test,shipping,0,0,0.006979,0.005546
357,test,smell,0,0,0.000117,6.9e-05
357,test,stayingpower,0,0,0.000817,0.002276
357,test,texture,3,1,0.12495,0.720847
358,test,colour,0,0,0.000717,0.011663
358,test,packing,1,1,0.000245,0.998936
358,test,price,0,0,0.000374,0.014196
358,test,shipping,1,1,0.001613,0.997707
358,test,smell,0,0,0.00016,0.000346
358,test,stayingpower,0,0,9e-06,0.000405
358,test,texture,0,0,0.000327,0.001053
359,test,colour,0,0,0.000529,0.008254
359,test,packing,0,0,0.000384,0.007563
359,test,price,0,0,0.000553,0.00864
359,test,shipping,1,1,0.000213,0.998947
359,test,smell,0,0,4.1e-05,0.000356
359,test,stayingpower,0,0,5.5e-05,0.000713
359,test,texture,0,0,0.000292,0.000815
360,test,colour,0,0,0.000205,0.020049
360,test,packing,0,0,0.000125,0.004694
360,test,price,0,0,0.00052,0.008349
360,test,shipping,0,0,0.00027,0.001696
360,test,smell,0,0,1.6e-05,0.001746
360,test,stayingpower,0,0,2.3e-05,0.000181
360,test,texture,0,0,0.000143,0.001238
361,test,colour,0,0,0.005341,0.004571
361,test,packing,0,0,0.002222,0.005585
361,test,price,0,0,0.00292,0.001932
361,test,shipping,2,2,0.999567,0.00015
361,test,smell,0,0,0.000114,0.000588
361,test,stayingpower,0,0,0.000336,0.000971
361,test,texture,0,0,0.000313,0.000172
362,test,colour,0,0,0.004393,0.031096
362,test,packing,0,0,0.000522,0.003189
362,test,price,1,1,0.003695,0.992912
362,test,shipping,0,0,0.005468,0.001703
362,test,smell,0,0,0.001085,0.006062
362,test,stayingpower,1,1,0.00966,0.988318
362,test,texture,1,1,0.00412,0.993825
363,test,colour,0,0,0.004688,0.01075
363,test,packing,1,1,0.002713,0.996854
363,test,price,0,0,0.003506,0.008449
363,test,shipping,2,2,0.999673,0.000247
363,test,smell,0,0,0.00137,0.001452
363,test,stayingpower,0,0,0.000325,0.001298
363,test,texture,0,0,0.000262,0.000977
364,test,colour,1,1,1.6e-05,0.99992
364,test,packing,0,0,7.8e-05,0.002088
364,test,price,0,0,0.000541,0.002478
364,test,shipping,0,0,0.000123,0.001565
364,test,smell,0,0,3.1e-05,0.000447
364,test,stayingpower,0,0,0.00091,0.003254
364,test,texture,0,0,0.000717,0.004187
365,test,colour,0,0,0.001142,0.002052
365,test,packing,0,0,0.001381,0.008583
365,test,price,0,0,0.001198,0.003292
365,test,shipping,0,0,0.002958,0.004494
365,test,smell,0,0,9.5e-05,0.002274
365,test,stayingpower,0,0,9.7e-05,0.00031
365,test,texture,0,0,0.000337,0.000411
366,test,colour,0,0,0.001391,0.010913
366,test,packing,1,1,0.001162,0.99796
366,test,price,0,0,0.000109,0.001187
366,test,shipping,0,0,0.003403,0.00788
366,test,smell,0,0,4.6e-05,0.000189
366,test,stayingpower,0,0,0.000153,0.001653
366,test,texture,0,0,0.00148,0.09852
367,test,colour,0,0,0.00044,0.000684
367,test,packing,0,0,0.003065,0.023615
367,test,price,0,0,0.000722,0.000712
367,test,shipping,0,0,0.000675,0.000816
367,test,smell,0,0,9.1e-05,0.000984
367,test,stayingpower,0,0,0.000361,0.002492
367,test,texture,0,0,0.001274,0.000491
368,test,colour,0,0,0.028475,0.032638
368,test,packing,1,1,0.015386,0.976701
368,test,price,0,0,0.002216,0.02092
368,test,shipping,2,2,0.999317,0.000279
368,test,smell,0,0,0.012961,0.002972
368,test,stayingpower,1,1,0.008823,0.985749
368,test,texture,1,1,0.005166,0.976846
369,test,colour,0,0,0.00382,0.002741
369,test,packing,0,0,0.001504,0.005232
369,test,price,0,0,0.000871,0.001056
369,test,shipping,0,0,0.000809,0.000471
369,test,smell,0,0,5.9e-05,0.000786
369,test,stayingpower,0,0,0.000285,0.000759
369,test,texture,0,0,0.00029,0.00029
370,test,colour,2,2,0.982352,0.008385
370,test,packing,1,1,0.193077,0.79285
370,test,price,1,1,0.049133,0.941376
370,test,shipping,0,0,0.076708,0.015376
370,test,smell,1,1,0.048876,0.944726
370,test,stayingpower,2,2,0.996784,0.000774
370,test,texture,2,2,0.987339,0.00859
371,test,colour,0,0,0.000517,0.004346
371,test,packing,0,0,0.000334,0.006532
371,test,price,0,0,0.000502,0.002839
371,test,shipping,0,0,0.00016,0.001067
371,test,smell,0,0,1.2e-05,0.000258
371,test,stayingpower,0,0,4.3e-05,0.000189
371,test,texture,0,0,0.000193,0.000487
372,test,colour,1,1,0.00047,0.999229
372,test,packing,0,0,0.00572,0.010616
372,test,price,1,1,0.005741,0.994052
372,test,shipping,0,0,0.010056,0.005846
372,test,smell,0,0,0.020894,0.034713
372,test,stayingpower,0,0,0.026611,0.023269
372,test,texture,2,2,0.996984,0.00203
373,test,colour,1,1,4.6e-05,0.996398
373,test,packing,0,0,5.2e-05,0.008266
373,test,price,0,0,0.000454,0.007627
373,test,shipping,0,1,0.001809,0.944396
373,test,smell,0,0,2.7e-05,0.000234
373,test,stayingpower,0,0,1.9e-05,0.000923
373,test,texture,0,0,0.000169,0.000946
374,test,colour,1,1,4e-05,0.999723
374,test,packing,1,1,0.001111,0.992951
374,test,price,0,0,0.000579,0.006399
374,test,shipping,0,0,0.005036,0.021545
374,test,smell,0,0,0.00017,0.000758
374,test,stayingpower,0,0,0.000105,0.001479
374,test,texture,0,0,0.000216,0.001055
375,test,colour,1,1,0.001194,0.992198
375,test,packing,0,0,0.000799,0.009849
375,test,price,0,0,0.000981,0.002614
375,test,shipping,2,2,0.999554,0.000305
375,test,smell,0,0,0.000125,0.000257
375,test,stayingpower,0,0,0.000243,0.002419
375,test,texture,0,0,0.000926,0.003012
376,test,colour,1,1,0.000421,0.999381
376,test,packing,0,0,0.00022,0.002947
376,test,price,0,0,0.00032,0.003739
376,test,shipping,0,0,0.001919,0.00427
376,test,smell,0,0,0.000614,0.002467
376,test,stayingpower,1,1,0.001499,0.995957
376,test,texture,1,1,0.003206,0.989042
377,test,colour,2,2,0.999628,0.000181
377,test,packing,0,0,0.008419,0.001963
377,test,price,1,1,0.079271,0.916457
377,test,shipping,0,0,0.028505,0.001383
377,test,smell,0,0,0.009224,0.001315
377,test,stayingpower,0,0,0.00729,0.001713
377,test,texture,0,0,0.018627,0.001575
378,test,colour,0,0,0.018703,0.029647
378,test,packing,1,1,0.034105,0.963217
378,test,price,0,0,0.001976,0.006802
378,test,shipping,1,1,0.029457,0.966599
378,test,smell,1,1,0.004935,0.993988
378,test,stayingpower,2,2,0.99411,0.001591
378,test,texture,0,0,0.008129,0.023502
379,test,colour,0,0,0.000253,0.006607
379,test,packing,0,0,0.000214,0.006797
379,test,price,0,0,0.000361,0.004278
379,test,shipping,1,1,0.001214,0.995573
379,test,smell,0,0,2.3e-05,0.000288
379,test,stayingpower,0,0,2.1e-05,0.000583
379,test,texture,0,0,0.00024,0.001272
380,test,colour,1,1,0.002164,0.996098
380,test,packing,0,0,0.008218,0.006704
380,test,price,0,0,0.003513,0.007668
380,test,shipping,1,1,0.007856,0.990148
380,test,smell,3,1,0.004712,0.993704
380,test,stayingpower,0,0,0.007316,0.003698
380,test,texture,0,0,0.001812,0.002545
381,test,colour,0,0,0.000584,0.01877
381,test,packing,0,0,0.00058,0.003068
381,test,price,0,0,0.001128,0.003265
381,test,shipping,0,0,0.00038,0.000764
381,test,smell,0,0,7.4e-05,0.001294
381,test,stayingpower,0,0,0.000888,0.002357
381,test,texture,0,0,0.000468,0.000664
382,test,colour,1,1,3.9e-05,0.999186
382,test,packing,0,0,9e-05,0.006576
382,test,price,0,0,0.000711,0.005513
382,test,shipping,0,0,0.000159,0.002494
382,test,smell,0,0,1e-05,0.000283
382,test,stayingpower,0,0,5.9e-05,0.001369
382,test,texture,0,0,0.000123,0.000971
383,test,colour,1,1,4.9e-05,0.999916
383,test,packing,0,0,0.000277,0.007502
383,test,price,1,1,0.0023,0.996485
383,test,shipping,0,0,0.000696,0.005249
383,test,smell,0,0,0.0004,0.001956
383,test,stayingpower,0,0,0.006589,0.076043
383,test,texture,0,0,0.023237,0.423396
384,test,colour,0,0,0.000741,0.013484
384,test,packing,0,0,0.000398,0.00967
384,test,price,0,0,0.000436,0.004387
384,test,shipping,3,1,0.00424,0.991833
384,test,smell,0,0,2.6e-05,0.000309
384,test,stayingpower,0,0,3.2e-05,0.000721
384,test,texture,0,0,0.000126,0.000415
385,test,colour,1,1,4.2e-05,0.999821
385,test,packing,0,0,0.000105,0.005427
385,test,price,0,0,0.000229,0.000718
385,test,shipping,0,0,8.1e-05,0.000533
385,test,smell,0,0,4.3e-05,0.000385
385,test,stayingpower,0,0,0.001594,0.008219
385,test,texture,0,0,0.067042,0.124537
386,test,colour,0,0,0.000221,0.005067
386,test,packing,0,0,0.004306,0.340333
386,test,price,0,0,0.000213,0.000825
386,test,shipping,0,0,0.000269,0.001229
386,test,smell,0,0,1.3e-05,0.000277
386,test,stayingpower,0,0,7e-06,0.000102
386,test,texture,0,0,0.000103,0.000232
387,test,colour,1,1,0.000821,0.998997
387,test,packing,0,0,0.000724,0.00546
387,test,price,0,0,0.009689,0.019295
387,test,shipping,0,0,0.002136,0.0278
387,test,smell,0,0,0.000496,0.002195
387,test,stayingpower,2,2,0.99859,0.001304
387,test,texture,0,0,0.002717,0.024148
388,test,colour,0,0,0.003066,0.036275
388,test,packing,0,0,0.000258,0.009152
388,test,price,0,0,0.000532,0.012693
388,test,shipping,1,1,0.000738,0.998498
388,test,smell,0,0,0.000223,0.003146
388,test,stayingpower,0,0,0.000743,0.007303
388,test,texture,1,1,0.000136,0.999062
389,test,colour,1,1,3.6e-05,0.999804
389,test,packing,0,0,5.2e-05,0.000859
389,test,price,0,0,0.000511,0.001472
389,test,shipping,0,0,0.000174,0.000771
389,test,smell,0,0,5.1e-05,0.001776
389,test,stayingpower,0,0,0.000323,0.003015
389,test,texture,0,0,0.000287,0.001295
390,test,colour,0,0,0.000223,0.002167
390,test,packing,0,0,0.000282,0.005928
390,test,price,0,0,0.00102,0.016366
390,test,shipping,2,1,0.040899,0.949974
390,test,smell,0,0,3.7e-05,0.000309
390,test,stayingpower,0,0,4.4e-05,0.000489
390,test,texture,0,0,0.00024,0.00077
391,test,colour,0,0,0.022133,0.003984
391,test,packing,0,0,0.0092,0.004684
391,test,price,0,0,0.01268,0.011513
391,test,shipping,0,0,0.003087,0.002932
391,test,smell,0,0,0.000761,0.000327
391,test,stayingpower,0,0,0.00334,0.001332
391,test,texture,2,2,0.999607,0.000164
392,test,colour,1,1,0.000817,0.998928
392,test,packing,0,0,0.000917,0.002289
392,test,price,1,1,0.023209,0.959661
392,test,shipping,0,0,0.004783,0.018271
392,test,smell,0,0,0.002998,0.008285
392,test,stayingpower,2,2,0.996603,0.00334
392,test,texture,0,0,0.034891,0.083394
393,test,colour,1,1,0.010253,0.98395
393,test,packing,0,0,0.001859,0.027996
393,test,price,0,0,0.004415,0.024172
393,test,shipping,2,2,0.999655,0.00023
393,test,smell,0,0,0.001737,0.009798
393,test,stayingpower,1,1,0.032263,0.934676
393,test,texture,1,1,0.000432,0.998975
394,test,colour,1,1,0.000333,0.999498
394,test,packing,0,0,0.00184,0.011515
394,test,price,0,0,0.003002,0.010826
394,test,shipping,0,0,0.003437,0.005143
394,test,smell,0,0,0.002918,0.002269
394,test,stayingpower,0,0,0.009667,0.019795
394,test,texture,2,2,0.998116,0.001499
395,test,colour,0,0,0.001494,0.001097
395,test,packing,0,0,0.001996,0.009903
395,test,price,0,0,0.000626,0.002682
395,test,shipping,0,0,0.00065,0.001712
395,test,smell,0,0,0.000531,0.007007
395,test,stayingpower,0,0,6e-05,0.000487
395,test,texture,0,0,0.003082,0.001696
396,test,colour,1,1,0.002194,0.994738
396,test,packing,0,0,0.001247,0.003047
396,test,price,0,0,0.00267,0.012794
396,test,shipping,0,0,0.006611,0.006715
396,test,smell,0,0,0.00445,0.001299
396,test,stayingpower,1,1,0.007871,0.991681
396,test,texture,2,2,0.99046,0.008078
397,test,colour,1,1,5.3e-05,0.997296
397,test,packing,0,0,0.000216,0.005121
397,test,price,1,1,0.002331,0.980966
397,test,shipping,2,1,0.011705,0.823776
397,test,smell,0,0,5.9e-05,0.000813
397,test,stayingpower,0,0,5.4e-05,0.000494
397,test,texture,0,0,0.000102,0.000303
398,test,colour,0,0,0.000118,0.003333
398,test,packing,0,0,0.000321,0.013551
398,test,price,0,0,0.000358,0.001936
398,test,shipping,0,0,0.000232,0.001699
398,test,smell,0,0,1.1e-05,0.000267
398,test,stayingpower,0,0,1.7e-05,0.00043
398,test,texture,0,0,0.000234,0.000693
399,test,colour,1,1,0.003848,0.994175
399,test,packing,0,1,0.00624,0.991937
399,test,price,0,0,0.005347,0.055863
399,test,shipping,2,2,0.996468,0.002704
399,test,smell,1,1,0.008312,0.986966
399,test,stayingpower,0,0,0.02899,0.051425
399,test,texture,1,1,0.000366,0.996732
400,test,colour,0,0,0.000478,0.02378
400,test,packing,0,0,0.000154,0.008007
400,test,price,0,0,0.000435,0.004524
400,test,shipping,0,0,0.000144,0.000426
400,test,smell,0,0,2.4e-05,0.000938
400,test,stayingpower,0,0,0.000695,0.010998
400,test,texture,1,1,0.000525,0.992556
401,test,colour,0,0,0.001674,0.013648
401,test,packing,1,1,0.000757,0.998459
401,test,price,0,0,0.000787,0.018904
401,test,shipping,1,1,0.005574,0.988934
401,test,smell,0,0,0.000298,0.000845
401,test,stayingpower,1,1,0.001206,0.969873
401,test,texture,0,0,0.001443,0.005717
402,test,colour,0,0,0.001351,0.019007
402,test,packing,0,0,0.000387,0.016992
402,test,price,0,0,0.000466,0.002401
402,test,shipping,2,2,0.996651,0.001676
402,test,smell,0,0,0.000106,0.000747
402,test,stayingpower,0,0,0.000422,0.002163
402,test,texture,0,1,0.001083,0.962799
403,test,colour,1,1,2.2e-05,0.999707
403,test,packing,0,0,8.8e-05,0.005285
403,test,price,0,0,0.000437,0.008995
403,test,shipping,1,1,0.000121,0.998258
403,test,smell,0,0,8.9e-05,0.000521
403,test,stayingpower,0,0,0.000236,0.003542
403,test,texture,0,0,0.000384,0.003807
404,test,colour,0,0,0.004357,0.030131
404,test,packing,0,0,0.000676,0.005703
404,test,price,0,0,0.000888,0.003991
404,test,shipping,0,0,0.008492,0.008572
404,test,smell,0,0,0.000151,0.001222
404,test,stayingpower,1,1,0.011375,0.981867
404,test,texture,0,0,0.001548,0.003424
405,test,colour,0,0,0.000431,0.001512
405,test,packing,0,0,0.000822,0.006128
405,test,price,0,0,0.000828,0.00191
405,test,shipping,0,0,0.001957,0.002644
405,test,smell,0,0,3.6e-05,0.000404
405,test,stayingpower,0,0,0.000241,0.000272
405,test,texture,0,0,0.000335,0.000374
406,test,colour,1,1,0.001194,0.998467
406,test,packing,0,0,0.003307,0.007042
406,test,price,1,1,0.008923,0.988018
406,test,shipping,0,0,0.003918,0.002626
406,test,smell,0,0,0.002931,0.00441
406,test,stayingpower,2,1,0.462775,0.533459
406,test,texture,2,2,0.997008,0.002493
407,test,colour,2,2,0.996317,0.00297
407,test,packing,1,1,0.01724,0.981147
407,test,price,0,0,0.00264,0.014269
407,test,shipping,0,0,0.012623,0.015042
407,test,smell,0,0,0.007837,0.00056
407,test,stayingpower,0,0,0.001903,0.005281
407,test,texture,0,0,0.003189,0.001237
408,test,colour,0,0,0.000342,0.025886
408,test,packing,0,0,0.000245,0.002048
408,test,price,1,1,0.004113,0.992494
408,test,shipping,0,0,0.000909,0.002079
408,test,smell,0,0,3.6e-05,0.002152
408,test,stayingpower,0,0,4.5e-05,0.000327
408,test,texture,0,0,0.000219,0.000537
409,test,colour,2,1,0.001448,0.998237
409,test,packing,0,0,0.000894,0.009793
409,test,price,0,0,0.000799,0.00218
409,test,shipping,0,0,0.000192,0.000303
409,test,smell,1,1,0.001128,0.995638
409,test,stayingpower,0,0,0.00083,0.001181
409,test,texture,0,0,0.000242,0.003551
410,test,colour,1,1,0.000271,0.999668
410,test,packing,0,0,0.000498,0.006713
410,test,price,1,1,0.005796,0.986182
410,test,shipping,0,0,0.018229,0.223088
410,test,smell,0,0,0.001171,0.012163
410,test,stayingpower,0,2,0.867146,0.036001
410,test,texture,1,1,0.001461,0.992844
411,test,colour,0,0,0.009092,0.070414
411,test,packing,0,0,0.008172,0.050641
411,test,price,1,1,0.005722,0.989315
411,test,shipping,0,0,0.014821,0.006538
411,test,smell,1,1,0.000384,0.997535
411,test,stayingpower,0,0,0.002833,0.014399
411,test,texture,1,1,0.000145,0.993327
412,test,colour,1,1,0.00022,0.999011
412,test,packing,0,0,0.00081,0.009088
412,test,price,1,1,0.001455,0.997899
412,test,shipping,0,0,0.001837,0.005043
412,test,smell,0,0,0.000592,0.006518
412,test,stayingpower,0,0,0.002709,0.010533
412,test,texture,1,1,0.000655,0.972281
413,test,colour,1,1,7.4e-05,0.998993
413,test,packing,0,0,0.000105,0.003583
413,test,price,0,0,0.000326,0.002196
413,test,shipping,0,0,0.000309,0.002101
413,test,smell,0,0,5.1e-05,0.000694
413,test,stayingpower,0,0,0.000275,0.001
413,test,texture,0,0,0.000249,0.000828
414,test,colour,0,0,0.000276,0.03268
414,test,packing,0,0,0.000171,0.005155
414,test,price,0,0,0.000381,0.002829
414,test,shipping,0,0,0.000131,0.000797
414,test,smell,0,0,1.1e-05,0.00047
414,test,stayingpower,0,0,2.2e-05,0.000268
414,test,texture,0,0,0.000117,0.000555
415,test,colour,0,0,0.000649,0.006074
415,test,packing,0,0,0.002543,0.030447
415,test,price,0,0,0.000307,0.003823
415,test,shipping,1,1,0.002137,0.995222
415,test,smell,1,1,0.000718,0.989398
415,test,stayingpower,0,0,0.000123,0.000448
415,test,texture,0,0,1.7e-05,0.000253
416,test,colour,0,0,0.000599,0.01126
416,test,packing,0,0,0.000367,0.002386
416,test,price,0,0,0.000611,0.001917
416,test,shipping,0,0,0.000171,0.000528
416,test,smell,0,0,1.7e-05,0.000517
416,test,stayingpower,0,0,0.00012,0.000257
416,test,texture,0,0,0.000164,0.000429
417,test,colour,0,0,0.000911,0.035385
417,test,packing,1,1,0.001637,0.993393
417,test,price,0,1,0.001351,0.98768
417,test,shipping,1,1,0.003921,0.995724
417,test,smell,0,0,8.6e-05,0.000655
417,test,stayingpower,0,0,5.5e-05,0.000769
417,test,texture,0,0,9.7e-05,0.000303
418,test,colour,1,1,2.5e-05,0.999737
418,test,packing,0,0,7.1e-05,0.002196
418,test,price,0,0,0.000477,0.002003
418,test,shipping,0,0,0.000172,0.00146
418,test,smell,0,0,6.2e-05,0.000576
418,test,stayingpower,0,0,0.000329,0.001588
418,test,texture,0,0,0.000402,0.003184
419,test,colour,1,1,0.000255,0.995324
419,test,packing,1,1,0.001176,0.997057
419,test,price,0,0,0.000471,0.008187
419,test,shipping,1,1,0.006847,0.988685
419,test,smell,1,1,0.001034,0.99802
419,test,stayingpower,0,0,0.00026,0.001107
419,test,texture,0,0,0.000129,0.001809
420,test,colour,2,2,0.999744,0.000218
420,test,packing,0,0,0.002881,0.001794
420,test,price,0,0,0.011779,0.006936
420,test,shipping,0,0,0.002924,0.000637
420,test,smell,0,0,0.005929,0.001797
420,test,stayingpower,0,0,0.048749,0.010431
420,test,texture,0,0,0.090208,0.017495
421,test,colour,0,0,0.018627,0.001179
421,test,packing,0,0,0.007029,0.004426
421,test,price,0,0,0.030658,0.034626
421,test,shipping,0,0,0.00477,0.002418
421,test,smell,0,0,0.000354,0.00013
421,test,stayingpower,0,0,0.014331,0.000756
421,test,texture,2,2,0.998024,0.001642
422,test,colour,0,0,0.001998,0.021023
422,test,packing,1,1,0.006267,0.993558
422,test,price,1,1,0.002605,0.996153
422,test,shipping,2,2,0.998617,0.001116
422,test,smell,0,0,0.002389,0.003021
422,test,stayingpower,0,0,0.000659,0.004493
422,test,texture,0,0,0.000848,0.010493
423,test,colour,0,0,0.00103,0.008317
423,test,packing,1,1,0.000414,0.999415
423,test,price,0,0,0.000434,0.010699
423,test,shipping,1,1,0.001013,0.998678
423,test,smell,0,0,0.000299,0.00143
423,test,stayingpower,0,0,2.8e-05,0.000416
423,test,texture,0,0,0.000237,0.000845
424,test,colour,0,0,0.015888,0.095524
424,test,packing,1,1,0.000804,0.998838
424,test,price,1,1,0.000726,0.998467
424,test,shipping,0,0,0.014394,0.010509
424,test,smell,0,0,0.000479,0.00303
424,test,stayingpower,0,0,0.00193,0.01536
424,test,texture,1,1,0.001351,0.988422
425,test,colour,0,0,0.004423,0.001556
425,test,packing,0,0,0.003529,0.001647
425,test,price,0,0,0.001604,0.000986
425,test,shipping,0,0,0.001991,0.000597
425,test,smell,0,0,0.000128,0.000872
425,test,stayingpower,0,0,0.003923,0.003892
425,test,texture,0,0,0.001911,0.000218
426,test,colour,1,1,4.7e-05,0.999828
426,test,packing,1,1,0.002794,0.995041
426,test,price,0,0,0.000512,0.006838
426,test,shipping,0,0,0.008299,0.013382
426,test,smell,0,0,0.000698,0.00097
426,test,stayingpower,0,0,0.00075,0.006985
426,test,texture,0,0,0.001176,0.002424
427,test,colour,0,0,0.001487,0.075941
427,test,packing,0,0,0.000219,0.010902
427,test,price,0,0,0.000731,0.028067
427,test,shipping,1,1,0.000225,0.999476
427,test,smell,0,0,8e-05,0.000823
427,test,stayingpower,0,0,0.001422,0.013497
427,test,texture,1,1,0.000864,0.995215
428,test,colour,0,0,0.006892,0.001469
428,test,packing,2,2,0.979952,0.019233
428,test,price,0,0,0.010889,0.012708
428,test,shipping,0,0,0.256496,0.01535
428,test,smell,0,0,0.001507,0.00047
428,test,stayingpower,0,0,0.000424,0.000174
428,test,texture,0,0,0.003496,0.000638
429,test,colour,0,0,0.008799,0.003873
429,test,packing,0,0,0.013993,0.008382
429,test,price,0,0,0.022856,0.02473
429,test,shipping,0,0,0.331054,0.002746
429,test,smell,0,0,0.000593,0.001611
429,test,stayingpower,0,0,0.020638,0.010773
429,test,texture,0,0,0.004484,0.000421
430,test,colour,1,1,0.004281,0.977523
430,test,packing,0,0,0.023077,0.016102
430,test,price,1,1,0.017804,0.909848
430,test,shipping,1,1,0.006882,0.989057
430,test,smell,2,2,0.998516,0.001243
430,test,stayingpower,0,0,0.003021,0.007504
430,test,texture,0,0,0.030356,0.015338
431,test,colour,0,0,0.000544,0.002548
431,test,packing,1,1,0.000425,0.999264
431,test,price,0,0,0.000313,0.00688
431,test,shipping,1,1,0.001819,0.996795
431,test,smell,0,0,0.000186,0.000447
431,test,stayingpower,0,0,2e-05,0.000325
431,test,texture,0,0,0.000208,0.000471
432,test,colour,0,0,0.002389,0.004863
432,test,packing,0,0,0.001043,0.00522
432,test,price,0,0,0.000387,0.000591
432,test,shipping,0,0,0.000828,0.000405
432,test,smell,0,0,4.6e-05,0.000452
432,test,stayingpower,0,0,0.000206,0.000128
432,test,texture,0,0,0.000437,0.000187
433,test,colour,0,0,0.000506,0.036206
433,test,packing,0,1,0.002182,0.770757
433,test,price,0,0,0.00038,0.016751
433,test,shipping,1,1,0.000165,0.999661
433,test,smell,0,0,3.6e-05,0.000783
433,test,stayingpower,0,0,1.5e-05,0.00027
433,test,texture,0,0,0.000133,0.001118
434,test,colour,0,1,9.3e-05,0.998873
434,test,packing,0,0,0.002822,0.290581
434,test,price,0,0,0.000524,0.014017
434,test,shipping,3,1,0.009663,0.976277
434,test,smell,1,1,0.000526,0.998985
434,test,stayingpower,0,0,0.001157,0.034524
434,test,texture,1,1,0.000619,0.984172
435,test,colour,0,0,0.001013,0.010688
435,test,packing,1,1,0.000312,0.999577
435,test,price,0,0,0.000844,0.018189
435,test,shipping,1,1,0.00101,0.998789
435,test,smell,0,0,0.000229,0.000668
435,test,stayingpower,0,0,4.3e-05,0.000648
435,test,texture,0,0,0.000231,0.000794
436,test,colour,1,1,5.3e-05,0.999626
436,test,packing,0,0,0.000166,0.009882
436,test,price,0,0,0.000463,0.006407
436,test,shipping,0,0,0.000436,0.008543
436,test,smell,0,0,0.000444,0.00411
436,test,stayingpower,0,0,0.00173,0.059932
436,test,texture,1,1,0.003364,0.996219
437,test,colour,0,0,0.001815,0.002494
437,test,packing,0,0,0.001496,0.006618
437,test,price,0,0,0.000498,0.000872
437,test,shipping,0,0,0.000439,0.000304
437,test,smell,0,0,5.1e-05,0.001064
437,test,stayingpower,0,0,0.000509,0.000735
437,test,texture,0,0,0.000393,0.00034
438,test,colour,1,1,0.000285,0.999264
438,test,packing,0,0,0.000673,0.020037
438,test,price,0,0,0.000578,0.003257
438,test,shipping,2,2,0.996988,0.001959
438,test,smell,0,0,0.000114,0.000364
438,test,stayingpower,0,0,0.004879,0.022691
438,test,texture,1,1,0.004147,0.97988
439,test,colour,0,0,0.037982,0.010128
439,test,packing,0,0,0.006178,0.02423
439,test,price,0,0,0.011547,0.008412
439,test,shipping,0,0,0.00728,0.006409
439,test,smell,0,0,0.001049,0.01174
439,test,stayingpower,1,2,0.999123,0.000652
439,test,texture,1,1,0.388377,0.605483
440,test,colour,1,1,0.003481,0.996511
440,test,packing,0,0,9e-05,0.000647
440,test,price,0,0,0.000702,0.000899
440,test,shipping,0,0,0.000161,0.000298
440,test,smell,0,0,0.000413,0.001674
440,test,stayingpower,0,0,0.006301,0.011043
440,test,texture,0,0,0.012762,0.023707
441,test,colour,2,2,0.998562,0.000483
441,test,packing,0,0,0.011529,0.010778
441,test,price,0,0,0.023463,0.043754
441,test,shipping,0,0,0.02956,0.01492
441,test,smell,0,0,0.005643,0.003735
441,test,stayingpower,2,2,0.912652,0.086067
441,test,texture,1,1,0.003424,0.996324
442,test,colour,1,1,1.5e-05,0.9992
442,test,packing,0,0,0.000149,0.006406
442,test,price,0,0,0.001241,0.013093
442,test,shipping,0,0,0.000471,0.003618
442,test,smell,0,0,3.6e-05,0.000598
442,test,stayingpower,0,0,9e-05,0.000652
442,test,texture,0,0,0.000115,0.000307
443,test,colour,0,0,0.01806,0.01121
443,test,packing,0,0,0.004035,0.011081
443,test,price,0,0,0.001727,0.006184
443,test,shipping,0,0,0.001902,0.000669
443,test,smell,0,0,0.000731,0.001561
443,test,stayingpower,1,1,0.105265,0.890057
443,test,texture,1,1,0.43811,0.446202
444,test,colour,0,0,0.002643,0.004882
444,test,packing,0,0,0.000994,0.002723
444,test,price,0,0,0.000391,0.000713
444,test,shipping,0,0,0.000892,0.000382
444,test,smell,0,0,6.4e-05,0.001056
444,test,stayingpower,0,0,0.000826,0.001609
444,test,texture,0,0,0.000284,0.000225
445,test,colour,0,1,0.001692,0.997426
445,test,packing,0,0,0.009949,0.021239
445,test,price,1,1,0.042968,0.921664
445,test,shipping,0,0,0.017222,0.018895
445,test,smell,1,1,0.001716,0.998002
445,test,stayingpower,2,2,0.999313,0.000598
445,test,texture,0,0,0.004977,0.027157
446,test,colour,0,0,0.000609,0.122566
446,test,packing,0,0,8.4e-05,0.002414
446,test,price,0,0,0.000178,0.010516
446,test,shipping,1,1,0.00032,0.999069
446,test,smell,0,0,0.000127,0.005928
446,test,stayingpower,0,0,0.000151,0.003673
446,test,texture,0,0,0.0013,0.429594
447,test,colour,1,1,0.010667,0.887679
447,test,packing,0,0,0.000145,0.001246
447,test,price,0,0,0.000199,0.000351
447,test,shipping,0,0,0.000117,0.000387
447,test,smell,0,0,2.8e-05,0.001955
447,test,stayingpower,0,0,0.000135,0.000457
447,test,texture,0,0,0.000186,0.00017
448,test,colour,1,1,8.1e-05,0.999716
448,test,packing,0,0,0.000191,0.003417
448,test,price,1,1,0.001819,0.993802
448,test,shipping,0,0,0.000411,0.006436
448,test,smell,0,0,0.000625,0.008825
448,test,stayingpower,0,0,0.014484,0.09951
448,test,texture,1,1,0.001001,0.996398
449,test,colour,0,0,0.010241,0.008252
449,test,packing,0,0,0.004403,0.031081
449,test,price,0,0,0.000934,0.004386
449,test,shipping,0,0,0.0042,0.001698
449,test,smell,1,0,0.000972,0.003059
449,test,stayingpower,1,1,0.013068,0.983636
449,test,texture,0,1,0.0658,0.643924
450,test,colour,0,0,0.031482,0.056131
450,test,packing,0,0,0.005503,0.011874
450,test,price,0,0,0.008551,0.011461
450,test,shipping,0,0,0.00481,0.002006
450,test,smell,3,1,0.00251,0.996524
450,test,stayingpower,2,2,0.999445,0.000424
450,test,texture,1,1,0.001888,0.955061
451,test,colour,0,0,0.030756,0.052067
451,test,packing,0,0,0.07557,0.185854
451,test,price,0,0,0.008286,0.021227
451,test,shipping,2,2,0.999259,0.000341
451,test,smell,1,1,0.00244,0.993158
451,test,stayingpower,0,0,0.017574,0.011174
451,test,texture,1,1,0.000823,0.998394
452,test,colour,0,0,0.000401,0.013503
452,test,packing,1,1,0.000429,0.998461
452,test,price,0,0,0.000309,0.006789
452,test,shipping,0,0,0.0037,0.016573
452,test,smell,0,0,5.6e-05,0.000458
452,test,stayingpower,0,0,1.2e-05,0.000187
452,test,texture,0,0,9.7e-05,0.000368
453,test,colour,0,0,0.005496,0.016309
453,test,packing,0,0,0.006423,0.012019
453,test,price,1,0,0.031608,0.145304
453,test,shipping,2,2,0.994653,0.005329
453,test,smell,0,0,0.000347,0.001758
453,test,stayingpower,0,0,0.000311,0.000506
453,test,texture,0,0,0.00032,0.000145
454,test,colour,0,0,0.001341,0.001794
454,test,packing,0,0,0.000979,0.004145
454,test,price,0,0,0.000465,0.000434
454,test,shipping,0,0,0.000311,0.000369
454,test,smell,0,0,5.5e-05,0.001044
454,test,stayingpower,0,0,0.000338,0.000444
454,test,texture,0,0,0.000363,9e-05
455,test,colour,0,0,0.004245,0.088194
455,test,packing,0,0,0.013622,0.033594
455,test,price,0,0,0.003947,0.012457
455,test,shipping,2,2,0.997652,0.000345
455,test,smell,1,1,0.000619,0.99851
455,test,stayingpower,0,0,0.000444,0.000563
455,test,texture,0,0,0.000237,0.003229
456,test,colour,1,1,6.3e-05,0.999612
456,test,packing,0,0,0.001396,0.020656
456,test,price,0,0,0.001063,0.018278
456,test,shipping,0,0,0.001963,0.007433
456,test,smell,1,1,0.000732,0.998225
456,test,stayingpower,0,0,0.003807,0.018785
456,test,texture,1,1,0.001512,0.99662
457,test,colour,0,0,0.002025,0.001826
457,test,packing,0,0,0.000901,0.003977
457,test,price,0,0,0.000654,0.000856
457,test,shipping,0,0,0.000373,0.000594
457,test,smell,0,0,3.9e-05,0.000967
457,test,stayingpower,0,0,0.000117,0.000491
457,test,texture,0,0,0.000163,0.000116
458,test,colour,1,1,0.006462,0.991522
458,test,packing,0,0,0.0024,0.004299
458,test,price,0,0,0.017328,0.016307
458,test,shipping,0,0,0.004153,0.007614
458,test,smell,0,0,0.002492,0.011084
458,test,stayingpower,2,2,0.9999,9.4e-05
458,test,texture,0,0,0.010966,0.03835
459,test,colour,0,0,0.001868,0.002022
459,test,packing,0,0,0.001125,0.007286
459,test,price,0,0,0.000514,0.000871
459,test,shipping,0,0,0.000421,0.000965
459,test,smell,0,0,2.3e-05,0.000295
459,test,stayingpower,0,0,0.000136,0.000214
459,test,texture,0,0,0.000152,0.000146
460,test,colour,0,0,0.169772,0.069674
460,test,packing,0,2,0.496395,0.023536
460,test,price,0,0,0.021152,0.015482
460,test,shipping,2,2,0.987951,0.005043
460,test,smell,2,2,0.997439,0.001436
460,test,stayingpower,0,0,0.037526,0.047658
460,test,texture,1,1,0.003523,0.990425
461,test,colour,3,1,0.000346,0.999606
461,test,packing,0,0,5.9e-05,0.000431
461,test,price,0,0,0.000586,0.002039
461,test,shipping,0,0,7.4e-05,0.000151
461,test,smell,0,0,0.0002,0.001084
461,test,stayingpower,0,0,0.001569,0.012175
461,test,texture,0,0,0.003929,0.012567
462,test,colour,0,0,0.000348,0.002993
462,test,packing,1,1,0.000237,0.999517
462,test,price,0,0,0.000307,0.007099
462,test,shipping,1,1,0.0031,0.992284
462,test,smell,0,0,0.000132,0.000892
462,test,stayingpower,0,0,1.3e-05,0.000232
462,test,texture,0,0,0.000248,0.000967
463,test,colour,0,0,0.000868,0.009896
463,test,packing,0,0,0.000201,0.005224
463,test,price,0,0,0.00037,0.003798
463,test,shipping,0,0,0.000277,0.001569
463,test,smell,0,0,0.000135,0.002613
463,test,stayingpower,0,0,0.001346,0.007463
463,test,texture,1,1,0.000654,0.997318
464,test,colour,0,0,0.002162,0.020386
464,test,packing,0,0,0.000946,0.01654
464,test,price,0,0,0.000395,0.005847
464,test,shipping,0,0,0.001951,0.004941
464,test,smell,0,0,0.000321,0.000898
464,test,stayingpower,1,1,0.00083,0.990161
464,test,texture,2,1,0.149623,0.769781
465,test,colour,0,0,0.000665,0.020918
465,test,packing,0,0,0.003253,0.034884
465,test,price,1,1,0.001582,0.996434
465,test,shipping,1,1,0.003577,0.98534
465,test,smell,1,1,0.000399,0.998252
465,test,stayingpower,0,0,0.000168,0.000947
465,test,texture,0,0,0.000187,0.00278
466,test,colour,0,0,0.000517,0.00238
466,test,packing,1,1,0.003615,0.994949
466,test,price,0,0,0.000503,0.006295
466,test,shipping,0,0,0.004106,0.004682
466,test,smell,0,0,3.8e-05,0.000155
466,test,stayingpower,0,0,4.4e-05,0.000698
466,test,texture,0,0,0.000199,0.001276
467,test,colour,0,0,0.002034,0.003205
467,test,packing,0,0,0.001673,0.00712
467,test,price,0,0,0.000428,0.000564
467,test,shipping,0,0,0.000698,0.000259
467,test,smell,0,0,4.3e-05,0.000839
467,test,stayingpower,0,0,0.000314,0.00035
467,test,texture,0,0,0.000433,0.000161
468,test,colour,1,1,0.001094,0.993188
468,test,packing,1,1,0.082196,0.904023
468,test,price,1,1,0.006623,0.987906
468,test,shipping,0,0,0.175891,0.088724
468,test,smell,2,2,0.998346,0.001345
468,test,stayingpower,0,0,0.003453,0.01819
468,test,texture,0,0,0.020345,0.004819
469,test,colour,0,0,0.001378,0.010335
469,test,packing,0,0,0.000437,0.004094
469,test,price,0,0,0.000481,0.004044
469,test,shipping,1,1,0.000315,0.999268
469,test,smell,0,0,7.2e-05,0.000559
469,test,stayingpower,0,0,0.000239,0.000708
469,test,texture,0,0,0.000284,0.000564
470,test,colour,0,0,0.000755,0.00586
470,test,packing,0,0,0.000462,0.01251
470,test,price,0,0,0.000755,0.012633
470,test,shipping,1,1,0.001205,0.997177
470,test,smell,0,0,0.000238,0.002255
470,test,stayingpower,0,0,0.001613,0.016609
470,test,texture,1,1,0.000311,0.998693
471,test,colour,0,0,0.000949,0.012107
471,test,packing,1,1,0.000574,0.998011
471,test,price,0,0,0.000208,0.006339
471,test,shipping,1,1,0.000386,0.999373
471,test,smell,0,0,6.1e-05,0.000185
471,test,stayingpower,0,0,2.7e-05,0.000422
471,test,texture,0,0,0.000267,0.000755
472,test,colour,0,0,0.001768,0.012243
472,test,packing,0,0,0.004743,0.088344
472,test,price,1,1,0.008368,0.98634
472,test,shipping,2,2,0.999801,0.000132
472,test,smell,0,0,0.003601,0.004611
472,test,stayingpower,1,1,0.007158,0.791859
472,test,texture,3,1,0.078048,0.860085
473,test,colour,0,0,0.001033,0.001896
473,test,packing,0,0,0.001735,0.005026
473,test,price,0,0,0.000784,0.001356
473,test,shipping,0,0,0.000872,0.001199
473,test,smell,0,0,4.7e-05,0.000825
473,test,stayingpower,0,0,0.000627,0.000622
473,test,texture,0,0,0.000496,0.000686
474,test,colour,0,0,0.081536,0.00514
474,test,packing,0,0,0.005849,0.002049
474,test,price,0,0,0.003311,0.002592
474,test,shipping,0,0,0.000693,0.000376
474,test,smell,0,0,0.000127,0.000177
474,test,stayingpower,0,0,0.000606,0.000451
474,test,texture,0,0,0.002577,0.000242
475,test,colour,1,1,0.075648,0.921005
475,test,packing,0,0,0.001803,0.003196
475,test,price,1,1,0.002646,0.996888
475,test,shipping,0,0,0.005668,0.003212
475,test,smell,1,1,0.00419,0.978738
475,test,stayingpower,0,0,0.003751,0.012057
475,test,texture,1,1,0.000944,0.983038
476,test,colour,0,0,0.001422,0.00178
476,test,packing,0,0,0.000936,0.006361
476,test,price,0,0,0.000868,0.001432
476,test,shipping,0,0,0.000771,0.000528
476,test,smell,0,0,7.7e-05,0.001419
476,test,stayingpower,0,0,0.000134,0.00048
476,test,texture,0,0,0.000677,0.000565
477,test,colour,1,1,0.000796,0.999137
477,test,packing,0,0,0.000103,0.000573
477,test,price,0,0,0.00034,0.000824
477,test,shipping,0,0,0.000119,0.000248
477,test,smell,0,0,9.1e-05,0.000968
477,test,stayingpower,0,0,0.000459,0.001665
477,test,texture,0,0,0.000821,0.000944
478,test,colour,1,1,4.1e-05,0.999725
478,test,packing,0,0,0.000284,0.002004
478,test,price,1,1,0.00287,0.99408
478,test,shipping,0,0,0.000781,0.003271
478,test,smell,0,0,0.000122,0.000895
478,test,stayingpower,0,0,0.000853,0.003154
478,test,texture,0,0,0.000437,0.003548
479,test,colour,0,0,0.005503,0.006752
479,test,packing,0,0,0.019306,0.021067
479,test,price,1,1,0.00766,0.988741
479,test,shipping,1,1,0.013832,0.983611
479,test,smell,0,0,0.001849,0.002928
479,test,stayingpower,0,0,0.000472,0.000284
479,test,texture,0,0,0.007472,0.00128
480,test,colour,1,1,0.007968,0.991893
480,test,packing,0,0,6.9e-05,0.000436
480,test,price,0,0,0.000496,0.000819
480,test,shipping,0,0,0.000237,0.000173
480,test,smell,0,0,0.000138,0.000987
480,test,stayingpower,0,0,0.00068,0.000912
480,test,texture,0,0,0.00072,0.002028
481,test,colour,0,0,0.002034,0.003205
481,test,packing,0,0,0.001673,0.00712
481,test,price,0,0,0.000428,0.000564
481,test,shipping,0,0,0.000698,0.000259
481,test,smell,0,0,4.3e-05,0.000839
481,test,stayingpower,0,0,0.000314,0.00035
481,test,texture,0,0,0.000433,0.000161
482,test,colour,0,0,0.000292,0.008939
482,test,packing,0,0,0.000321,0.007452
482,test,price,0,0,0.000764,0.004592
482,test,shipping,0,0,0.000344,0.00145
482,test,smell,0,0,1.8e-05,0.00057
482,test,stayingpower,0,0,4.1e-05,0.000447
482,test,texture,0,0,0.000103,0.000326
483,test,colour,0,0,0.000399,0.002495
483,test,packing,0,0,0.000512,0.004265
483,test,price,0,0,0.000299,0.000678
483,test,shipping,0,0,0.000481,0.001214
483,test,smell,0,0,0.000109,0.002927
483,test,stayingpower,0,0,0.000106,0.000314
483,test,texture,0,0,0.000141,0.000109
484,test,colour,1,1,0.00051,0.999026
484,test,packing,0,0,0.000105,0.001648
484,test,price,0,0,0.000442,0.00498
484,test,shipping,0,0,0.001608,0.005286
484,test,smell,0,0,0.000598,0.002055
484,test,stayingpower,1,1,0.001369,0.996268
484,test,texture,1,1,0.001193,0.992626
485,test,colour,0,0,0.000447,0.018044
485,test,packing,0,0,0.000151,0.001638
485,test,price,0,0,0.000608,0.001599
485,test,shipping,0,0,8.6e-05,0.00063
485,test,smell,0,0,1e-05,0.000273
485,test,stayingpower,0,0,0.000117,0.000536
485,test,texture,0,0,0.00023,0.000468
486,test,colour,3,1,0.095778,0.894316
486,test,packing,0,0,0.001891,0.00426
486,test,price,0,0,0.001786,0.00391
486,test,shipping,1,1,0.128995,0.852232
486,test,smell,0,0,0.000839,0.001203
486,test,stayingpower,2,2,0.994979,0.004826
486,test,texture,0,0,0.001668,0.005741
487,test,colour,0,0,0.000702,0.017965
487,test,packing,0,0,0.001854,0.049521
487,test,price,0,0,0.00021,0.000804
487,test,shipping,0,0,0.000129,0.000318
487,test,smell,0,0,6e-06,0.0002
487,test,stayingpower,0,0,2.1e-05,0.000112
487,test,texture,0,0,0.000833,0.001507
488,test,colour,0,0,0.001308,0.005261
488,test,packing,0,0,0.000483,0.004677
488,test,price,0,0,0.00037,0.002367
488,test,shipping,1,1,0.003215,0.991566
488,test,smell,0,0,3.6e-05,0.000226
488,test,stayingpower,0,0,6.5e-05,0.000328
488,test,texture,0,0,0.000206,0.000263
489,test,colour,1,1,0.001823,0.997683
489,test,packing,0,0,0.000898,0.000871
489,test,price,0,0,0.002149,0.007946
489,test,shipping,0,0,0.005691,0.002115
489,test,smell,0,0,0.000924,0.000914
489,test,stayingpower,1,1,0.038884,0.956388
489,test,texture,3,2,0.935102,0.049552
490,test,colour,0,0,0.001231,0.062445
490,test,packing,0,0,0.000549,0.00982
490,test,price,0,0,0.000571,0.00519
490,test,shipping,1,1,0.000611,0.999068
490,test,smell,0,0,3.9e-05,0.000633
490,test,stayingpower,0,0,8.4e-05,0.000803
490,test,texture,0,0,0.000115,0.000452
491,test,colour,1,1,0.000133,0.996552
491,test,packing,0,0,0.003127,0.059014
491,test,price,0,0,0.001998,0.025788
491,test,shipping,3,2,0.996668,0.003094
491,test,smell,1,1,0.000504,0.998915
491,test,stayingpower,0,0,0.000474,0.003947
491,test,texture,0,0,0.00023,0.007554
492,test,colour,0,0,0.00024,0.00672
492,test,packing,0,0,0.000199,0.008734
492,test,price,0,0,0.000411,0.002217
492,test,shipping,0,0,0.000161,0.001028
492,test,smell,0,0,1.8e-05,0.000365
492,test,stayingpower,0,0,4.7e-05,0.000358
492,test,texture,0,0,0.0001,0.000325
493,test,colour,1,1,8.5e-05,0.999812
493,test,packing,0,0,0.001407,0.00187
493,test,price,0,0,0.001676,0.002577
493,test,shipping,0,0,0.002639,0.003389
493,test,smell,0,0,0.00388,0.013791
493,test,stayingpower,0,2,0.550281,0.025338
493,test,texture,0,0,0.17393,0.019488
494,test,colour,1,1,0.00425,0.99472
494,test,packing,0,0,0.001389,0.003881
494,test,price,0,0,0.003067,0.008746
494,test,shipping,0,0,0.000537,0.001152
494,test,smell,0,0,0.00142,0.004533
494,test,stayingpower,0,0,0.066698,0.022034
494,test,texture,1,1,0.357373,0.642097
495,test,colour,0,0,0.001404,0.000813
495,test,packing,0,0,0.002038,0.003583
495,test,price,0,0,0.000737,0.00072
495,test,shipping,0,0,0.000644,0.000573
495,test,smell,0,0,4.6e-05,0.00046
495,test,stayingpower,0,0,8.1e-05,0.000286
495,test,texture,0,0,0.000623,0.000799
496,test,colour,0,0,0.000852,0.025775
496,test,packing,0,0,0.000747,0.013241
496,test,price,1,1,0.008576,0.966318
496,test,shipping,0,0,0.000927,0.001131
496,test,smell,1,1,0.000141,0.997796
496,test,stayingpower,0,0,0.000104,0.000879
496,test,texture,0,0,0.000167,0.003061
497,test,colour,1,1,6.7e-05,0.997552
497,test,packing,0,0,7e-05,0.00232
497,test,price,1,1,0.008107,0.956236
497,test,shipping,0,0,0.000227,0.001064
497,test,smell,0,0,3.9e-05,0.00029
497,test,stayingpower,0,0,8e-05,0.001106
497,test,texture,0,0,0.00047,0.001626
498,test,colour,1,1,0.042513,0.957072
498,test,packing,0,0,0.016836,0.006465
498,test,price,1,1,0.034919,0.930913
498,test,shipping,0,0,0.00251,0.00078
498,test,smell,1,1,0.00935,0.979492
498,test,stayingpower,0,2,0.592376,0.022329
498,test,texture,1,1,0.27296,0.725444
499,test,colour,0,0,0.014923,0.045805
499,test,packing,0,0,0.00479,0.015929
499,test,price,1,1,0.022657,0.974666
499,test,shipping,0,0,0.013191,0.007724
499,test,smell,0,0,0.001122,0.011505
499,test,stayingpower,2,2,0.999203,0.000496
499,test,texture,1,1,0.003861,0.952899
500,test,colour,0,0,0.014052,0.012023
500,test,packing,0,0,0.003156,0.007502
500,test,price,0,0,0.001256,0.00446
500,test,shipping,0,0,0.002062,0.001379
500,test,smell,0,0,0.001317,0.00227
500,test,stayingpower,3,1,0.063121,0.931667
500,test,texture,3,1,0.284546,0.523963
501,test,colour,1,1,0.000365,0.999335
501,test,packing,0,0,0.001738,0.055537
501,test,price,0,0,0.000851,0.0203
501,test,shipping,1,1,0.002547,0.990088
501,test,smell,0,0,0.001937,0.003699
501,test,stayingpower,3,1,0.017117,0.982717
501,test,texture,1,1,0.008094,0.984217
502,test,colour,0,0,0.015287,0.002739
502,test,packing,0,0,0.001159,0.002634
502,test,price,0,0,0.002065,0.001326
502,test,shipping,0,0,0.001403,0.000683
502,test,smell,0,0,8.2e-05,0.00024
502,test,stayingpower,0,0,0.002951,0.001823
502,test,texture,0,0,0.001493,0.000325
503,test,colour,1,1,0.002361,0.996936
503,test,packing,0,0,0.002231,0.009503
503,test,price,0,0,0.002272,0.005277
503,test,shipping,2,2,0.807107,0.166894
503,test,smell,0,0,0.000788,0.001699
503,test,stayingpower,2,2,0.998072,0.001876
503,test,texture,0,0,0.008597,0.028251
504,test,colour,1,1,0.002069,0.987078
504,test,packing,0,0,0.000449,0.004018
504,test,price,1,1,0.003616,0.993048
504,test,shipping,0,0,0.001227,0.002267
504,test,smell,0,0,0.000974,0.009863
504,test,stayingpower,0,0,0.009506,0.03964
504,test,texture,1,1,0.000598,0.999262
505,test,colour,0,0,0.000523,0.008748
505,test,packing,1,1,0.001673,0.997234
505,test,price,1,1,0.000578,0.998832
505,test,shipping,1,1,0.004584,0.992594
505,test,smell,0,0,0.00021,0.001193
505,test,stayingpower,0,0,9.3e-05,0.000876
505,test,texture,0,0,0.000497,0.00094
506,test,colour,1,1,0.000473,0.996925
506,test,packing,0,0,0.007234,0.081263
506,test,price,1,1,0.003746,0.994649
506,test,shipping,2,2,0.999676,0.000232
506,test,smell,0,0,0.002727,0.010019
506,test,stayingpower,0,0,0.038867,0.068477
506,test,texture,0,1,0.002797,0.978122
507,test,colour,0,0,0.000463,0.006514
507,test,packing,0,0,0.00052,0.010996
507,test,price,0,0,0.000678,0.004426
507,test,shipping,0,0,0.000347,0.001389
507,test,smell,0,0,1.9e-05,0.000391
507,test,stayingpower,0,0,5.3e-05,0.000425
507,test,texture,0,0,0.00022,0.000319
508,test,colour,1,1,0.00016,0.999472
508,test,packing,0,0,0.006106,0.022543
508,test,price,0,0,0.004155,0.031647
508,test,shipping,0,0,0.004325,0.002157
508,test,smell,1,1,0.000744,0.999011
508,test,stayingpower,0,0,0.065999,0.033092
508,test,texture,2,2,0.889753,0.109898
509,test,colour,1,1,8.8e-05,0.999815
509,test,packing,0,0,0.000548,0.02909
509,test,price,0,0,0.000236,0.002638
509,test,shipping,1,1,0.007682,0.975892
509,test,smell,0,0,0.000316,0.000643
509,test,stayingpower,1,1,0.000664,0.993154
509,test,texture,0,0,0.003835,0.006352
510,test,colour,0,0,0.002454,0.001577
510,test,packing,0,0,0.001077,0.002693
510,test,price,0,0,0.000503,0.000555
510,test,shipping,0,0,0.000288,0.000363
510,test,smell,0,0,4.2e-05,0.000548
510,test,stayingpower,0,0,0.000285,0.000268
510,test,texture,0,0,0.000384,0.000149
511,test,colour,0,0,0.002907,0.010659
511,test,packing,0,0,0.015454,0.332298
511,test,price,0,0,0.002764,0.011451
511,test,shipping,2,2,0.999778,0.00011
511,test,smell,0,0,0.000351,0.001909
511,test,stayingpower,0,0,0.000884,0.003349
511,test,texture,3,1,0.004076,0.977095
512,test,colour,0,0,0.020592,0.102898
512,test,packing,0,0,0.001308,0.007333
512,test,price,0,0,0.007185,0.019887
512,test,shipping,0,0,0.006652,0.005811
512,test,smell,0,0,0.000349,0.00477
512,test,stayingpower,2,2,0.998983,0.000955
512,test,texture,1,1,0.002376,0.98873
513,test,colour,1,1,0.002616,0.997167
513,test,packing,0,0,0.000135,0.001401
513,test,price,0,0,0.000585,0.003311
513,test,shipping,0,0,0.000157,0.000648
513,test,smell,0,0,0.000488,0.012317
513,test,stayingpower,0,0,0.013298,0.061477
513,test,texture,1,1,0.000897,0.996801
514,test,colour,2,2,0.985975,0.005744
514,test,packing,0,0,0.006339,0.004885
514,test,price,0,0,0.015862,0.019625
514,test,shipping,0,0,0.001694,0.004794
514,test,smell,0,0,0.003154,0.001919
514,test,stayingpower,2,2,0.999545,0.000442
514,test,texture,3,2,0.73379,0.161566
515,test,colour,0,0,0.000367,0.00586
515,test,packing,0,0,0.000759,0.02248
515,test,price,0,0,0.000358,0.003765
515,test,shipping,3,1,0.016081,0.97135
515,test,smell,0,0,1.8e-05,0.000108
515,test,stayingpower,0,0,2.5e-05,0.000341
515,test,texture,0,0,0.000113,0.000308
516,test,colour,0,0,0.000952,0.006494
516,test,packing,0,0,0.001751,0.033444
516,test,price,0,0,0.001993,0.024094
516,test,shipping,2,2,0.998947,0.000387
516,test,smell,0,0,0.000178,0.000892
516,test,stayingpower,0,0,0.000954,0.005171
516,test,texture,1,1,0.000306,0.987835
517,test,colour,1,1,0.000152,0.999344
517,test,packing,0,0,0.0002,0.011418
517,test,price,0,0,0.000336,0.003517
517,test,shipping,1,1,0.000338,0.999279
517,test,smell,0,0,0.000104,0.00037
517,test,stayingpower,0,0,0.000243,0.002992
517,test,texture,0,0,0.000335,0.001851
518,test,colour,0,0,0.014647,0.025207
518,test,packing,0,0,0.011066,0.011763
518,test,price,0,0,0.009538,0.036771
518,test,shipping,0,0,0.024013,0.003696
518,test,smell,0,0,0.073751,0.037132
518,test,stayingpower,3,2,0.873244,0.126243
518,test,texture,1,2,0.988065,0.010065
519,test,colour,1,1,0.000331,0.999481
519,test,packing,0,0,8.7e-05,0.001818
519,test,price,0,0,0.000762,0.007753
519,test,shipping,0,0,0.000168,0.002818
519,test,smell,0,0,0.000156,0.001887
519,test,stayingpower,0,0,0.006758,0.152635
519,test,texture,1,1,0.000658,0.997262
520,test,colour,0,0,0.002207,0.00146
520,test,packing,0,0,0.020691,0.040538
520,test,price,0,0,0.001829,0.002282
520,test,shipping,0,0,0.000928,0.000252
520,test,smell,0,0,0.000119,0.000281
520,test,stayingpower,0,0,0.000246,0.000115
520,test,texture,0,0,0.069341,0.002964
521,test,colour,1,1,0.000959,0.992337
521,test,packing,0,0,0.002684,0.016601
521,test,price,1,1,0.001418,0.997877
521,test,shipping,0,0,0.0017,0.003838
521,test,smell,1,1,0.000335,0.997566
521,test,stayingpower,0,0,0.007141,0.024101
521,test,texture,1,1,0.000305,0.992217
522,test,colour,0,0,0.000394,0.008661
522,test,packing,0,0,0.000386,0.009961
522,test,price,1,1,0.005744,0.988137
522,test,shipping,0,0,0.000659,0.001576
522,test,smell,0,0,2.2e-05,0.000771
522,test,stayingpower,0,0,2.8e-05,0.000152
522,test,texture,0,0,0.000229,0.000329
523,test,colour,0,0,0.001245,0.001483
523,test,packing,0,0,0.000682,0.002626
523,test,price,0,0,0.000518,0.000712
523,test,shipping,0,0,0.000603,0.000472
523,test,smell,0,0,7e-05,0.001265
523,test,stayingpower,0,0,0.000172,0.000477
523,test,texture,0,0,0.00016,0.000193
524,test,colour,1,1,8.9e-05,0.999721
524,test,packing,1,1,0.002808,0.982547
524,test,price,1,1,0.001411,0.996997
524,test,shipping,0,0,0.001979,0.009591
524,test,smell,0,0,0.000451,0.006427
524,test,stayingpower,0,0,0.000213,0.001657
524,test,texture,0,0,0.001413,0.014497
525,test,colour,1,1,0.000229,0.998111
525,test,packing,0,0,0.001081,0.017717
525,test,price,1,1,0.008356,0.97576
525,test,shipping,2,2,0.999724,0.000173
525,test,smell,0,0,0.000471,0.001435
525,test,stayingpower,0,0,0.000207,0.00131
525,test,texture,0,0,0.00098,0.00153
526,test,colour,0,1,0.001443,0.995634
526,test,packing,0,0,0.000121,0.002276
526,test,price,0,0,0.000366,0.003834
526,test,shipping,0,0,0.000879,0.004552
526,test,smell,0,0,0.000388,0.007131
526,test,stayingpower,0,1,0.005302,0.993846
526,test,texture,0,1,0.001794,0.997588
527,test,colour,1,1,0.000988,0.996443
527,test,packing,0,0,0.000572,0.005654
527,test,price,1,1,0.000765,0.998786
527,test,shipping,0,0,0.004255,0.00438
527,test,smell,0,0,0.001524,0.002937
527,test,stayingpower,1,1,0.001159,0.99792
527,test,texture,1,1,0.002134,0.986952
528,test,colour,1,1,0.310785,0.419372
528,test,packing,0,0,0.000104,0.000483
528,test,price,0,0,0.000321,0.000645
528,test,shipping,0,0,0.00014,0.000312
528,test,smell,0,0,3.8e-05,0.000266
528,test,stayingpower,0,0,0.003521,0.00485
528,test,texture,1,1,0.000765,0.996621
529,test,colour,0,0,0.000358,0.019901
529,test,packing,0,0,0.000169,0.00303
529,test,price,0,0,0.000481,0.002195
529,test,shipping,0,0,0.000252,0.001953
529,test,smell,0,0,1e-05,0.000443
529,test,stayingpower,0,0,2.4e-05,0.000193
529,test,texture,0,0,8.3e-05,0.000392
530,test,colour,1,1,0.000318,0.998415
530,test,packing,0,0,0.000445,0.003946
530,test,price,1,1,0.001951,0.996264
530,test,shipping,0,0,0.001427,0.007266
530,test,smell,0,0,0.00067,0.014609
530,test,stayingpower,0,0,0.005391,0.029561
530,test,texture,1,1,0.000203,0.99934
531,test,colour,0,0,0.000441,0.007609
531,test,packing,0,0,0.000138,0.003106
531,test,price,0,0,0.000948,0.030362
531,test,shipping,0,0,0.000545,0.004314
531,test,smell,0,0,5.1e-05,0.001948
531,test,stayingpower,0,0,0.001495,0.007247
531,test,texture,1,1,0.000184,0.99701
532,test,colour,0,0,0.004843,0.030389
532,test,packing,0,0,0.002478,0.036665
532,test,price,0,0,0.004602,0.028307
532,test,shipping,2,2,0.998772,0.001092
532,test,smell,0,0,0.001633,0.010816
532,test,stayingpower,0,0,0.011763,0.062399
532,test,texture,1,1,0.000202,0.999509
533,test,colour,0,0,0.001698,0.019878
533,test,packing,0,0,0.000344,0.005373
533,test,price,0,0,0.000532,0.00881
533,test,shipping,1,1,0.000277,0.998988
533,test,smell,0,0,4.5e-05,0.000296
533,test,stayingpower,0,0,0.000163,0.000927
533,test,texture,0,0,0.000419,0.000884
534,test,colour,0,0,0.001206,0.006937
534,test,packing,0,0,0.003087,0.01157
534,test,price,1,1,0.017013,0.979487
534,test,shipping,2,2,0.999892,4.2e-05
534,test,smell,0,0,0.000243,0.001113
534,test,stayingpower,0,0,0.000396,0.000927
534,test,texture,0,0,0.001175,0.00099
535,test,colour,0,0,0.002533,0.002868
535,test,packing,0,0,0.00313,0.018375
535,test,price,0,0,0.004531,0.005852
535,test,shipping,2,2,0.999082,0.000265
535,test,smell,0,0,8.6e-05,0.00027
535,test,stayingpower,0,0,0.000104,0.000553
535,test,texture,0,0,0.000507,0.00041
536,test,colour,0,0,0.000248,0.002585
536,test,packing,0,0,0.001228,0.013775
536,test,price,0,0,0.000291,0.006757
536,test,shipping,1,1,0.000747,0.994871
536,test,smell,1,1,0.000501,0.98899
536,test,stayingpower,0,0,0.00014,0.000432
536,test,texture,0,0,3.9e-05,0.001074
537,test,colour,2,2,0.931897,0.067126
537,test,packing,0,0,0.000359,0.001539
537,test,price,0,0,0.000742,0.002746
537,test,shipping,0,0,0.001133,0.001938
537,test,smell,0,0,0.000953,0.002826
537,test,stayingpower,0,0,0.004154,0.033211
537,test,texture,1,1,0.007065,0.99059
538,test,colour,2,2,0.986036,0.005807
538,test,packing,1,1,0.071897,0.922917
538,test,price,0,0,0.005935,0.005295
538,test,shipping,0,0,0.001413,0.001047
538,test,smell,0,0,0.00157,0.000606
538,test,stayingpower,0,0,0.021113,0.007651
538,test,texture,0,2,0.676623,0.007754
539,test,colour,1,1,0.0004,0.999463
539,test,packing,1,1,0.000701,0.998087
539,test,price,0,0,0.00038,0.00937
539,test,shipping,1,1,0.006811,0.991542
539,test,smell,0,0,0.003612,0.007509
539,test,stayingpower,0,0,0.001446,0.009779
539,test,texture,0,1,0.002075,0.975031
540,test,colour,0,0,0.028165,0.052996
540,test,packing,0,0,0.009412,0.025177
540,test,price,0,0,0.013741,0.028458
540,test,shipping,0,0,0.011325,0.002135
540,test,smell,1,1,0.002938,0.994003
540,test,stayingpower,2,2,0.999699,0.000286
540,test,texture,1,1,0.004761,0.97339
541,test,colour,0,0,0.00098,0.016175
541,test,packing,1,1,0.000591,0.999245
541,test,price,0,0,0.000423,0.007956
541,test,shipping,1,1,0.00299,0.995813
541,test,smell,0,0,0.00013,0.000553
541,test,stayingpower,0,0,2.6e-05,0.000535
541,test,texture,0,0,0.000104,0.000278
542,test,colour,2,2,0.993897,0.003194
542,test,packing,0,0,0.006647,0.005484
542,test,price,0,0,0.017213,0.011395
542,test,shipping,0,0,0.00409,0.006142
542,test,smell,0,0,0.004119,0.002581
542,test,stayingpower,2,2,0.999062,0.000902
542,test,texture,0,0,0.085898,0.048402
543,test,colour,1,1,0.000202,0.998649
543,test,packing,0,0,0.000105,0.003
543,test,price,0,0,0.000427,0.005418
543,test,shipping,0,0,0.00055,0.004542
543,test,smell,0,0,0.000177,0.003842
543,test,stayingpower,0,0,0.003461,0.040325
543,test,texture,1,1,0.000782,0.998729
544,test,colour,0,0,0.001225,0.003305
544,test,packing,0,0,0.001634,0.012422
544,test,price,0,0,0.000638,0.001772
544,test,shipping,1,1,0.00485,0.983644
544,test,smell,0,0,4.5e-05,0.000188
544,test,stayingpower,0,0,4.4e-05,0.000216
544,test,texture,0,0,0.000329,0.000253
545,test,colour,0,0,0.000736,0.003875
545,test,packing,0,0,0.005823,0.102528
545,test,price,0,1,0.036456,0.577561
545,test,shipping,0,0,0.001958,0.000592
545,test,smell,0,0,5.6e-05,0.000747
545,test,stayingpower,0,0,0.000127,0.001485
545,test,texture,0,0,0.00037,0.000212
546,test,colour,1,1,3.3e-05,0.998749
546,test,packing,0,0,0.001909,0.040177
546,test,price,0,0,0.000649,0.002312
546,test,shipping,0,0,0.000769,0.000867
546,test,smell,1,1,0.000549,0.995609
546,test,stayingpower,0,0,0.000378,0.000657
546,test,texture,0,0,4.6e-05,0.000392
547,test,colour,1,1,0.002356,0.994273
547,test,packing,1,1,0.000795,0.996648
547,test,price,0,0,0.000248,0.00717
547,test,shipping,0,0,0.010897,0.039853
547,test,smell,0,0,0.000612,0.001931
547,test,stayingpower,0,0,0.001831,0.025559
547,test,texture,1,1,0.000281,0.998964
548,test,colour,1,1,2.6e-05,0.999727
548,test,packing,0,0,0.000182,0.001664
548,test,price,0,0,0.000409,0.002893
548,test,shipping,0,0,0.000436,0.001388
548,test,smell,0,0,0.000123,0.000772
548,test,stayingpower,0,0,0.000673,0.000997
548,test,texture,0,0,0.000165,0.000127
549,test,colour,0,0,0.00097,0.187146
549,test,packing,0,0,0.00015,0.001409
549,test,price,0,0,0.000385,0.003389
549,test,shipping,0,0,8.6e-05,0.000368
549,test,smell,0,0,1.3e-05,0.000455
549,test,stayingpower,0,0,0.000222,0.001499
549,test,texture,0,0,0.000729,0.001702
550,test,colour,0,1,0.014251,0.934075
550,test,packing,0,0,0.00211,0.009869
550,test,price,0,0,0.001403,0.009284
550,test,shipping,0,0,0.001636,0.002008
550,test,smell,0,0,0.002132,0.002472
550,test,stayingpower,1,1,0.002979,0.996919
550,test,texture,3,1,0.38483,0.523556
551,test,colour,3,2,0.753443,0.244504
551,test,packing,0,0,0.007624,0.009671
551,test,price,0,0,0.009657,0.029471
551,test,shipping,0,0,0.002912,0.001316
551,test,smell,1,1,0.002667,0.996423
551,test,stayingpower,0,0,0.102735,0.032074
551,test,texture,1,1,0.001335,0.998186
552,test,colour,1,1,0.00071,0.998728
552,test,packing,0,0,0.005058,0.006772
552,test,price,0,0,0.002865,0.009842
552,test,shipping,0,0,0.005017,0.003004
552,test,smell,1,1,0.001068,0.998557
552,test,stayingpower,0,0,0.139501,0.019205
552,test,texture,1,1,0.339352,0.659378
553,test,colour,0,0,0.000454,0.007674
553,test,packing,1,1,0.000626,0.997349
553,test,price,0,0,0.000486,0.009988
553,test,shipping,0,0,0.002901,0.009642
553,test,smell,0,0,3.6e-05,0.000266
553,test,stayingpower,0,0,2e-05,0.00053
553,test,texture,0,0,0.000157,0.000611
554,test,colour,1,1,0.000264,0.999233
554,test,packing,0,0,0.004306,0.036594
554,test,price,0,0,0.002536,0.035832
554,test,shipping,1,1,0.015764,0.980329
554,test,smell,0,0,0.007769,0.035316
554,test,stayingpower,3,1,0.266456,0.727706
554,test,texture,3,2,0.713288,0.286005
555,test,colour,0,0,0.002205,0.025176
555,test,packing,0,0,0.000424,0.005299
555,test,price,0,0,0.000757,0.012902
555,test,shipping,1,1,0.000432,0.9993
555,test,smell,0,0,0.0001,0.00096
555,test,stayingpower,0,0,0.000116,0.00055
555,test,texture,0,0,0.00018,0.000214
556,test,colour,0,0,0.000177,0.001632
556,test,packing,0,0,0.001419,0.043054
556,test,price,0,0,0.000205,0.000862
556,test,shipping,0,0,0.000283,0.002882
556,test,smell,0,0,1e-05,0.000138
556,test,stayingpower,0,0,2.1e-05,0.000362
556,test,texture,0,0,0.000249,0.000704
557,test,colour,0,0,0.000441,0.004024
557,test,packing,1,1,0.00038,0.999444
557,test,price,0,0,0.000313,0.010463
557,test,shipping,1,1,0.00166,0.997731
557,test,smell,0,0,0.000217,0.000518
557,test,stayingpower,0,0,2.5e-05,0.000998
557,test,texture,0,0,0.000266,0.001074
558,test,colour,0,0,0.001377,0.010915
558,test,packing,0,0,0.003692,0.058249
558,test,price,1,1,0.003535,0.99473
558,test,shipping,1,1,0.002913,0.995605
558,test,smell,0,0,0.000146,0.001327
558,test,stayingpower,0,0,0.000115,0.000903
558,test,texture,0,0,0.000526,0.000593
559,test,colour,1,1,0.001474,0.996742
559,test,packing,0,0,0.005417,0.012513
559,test,price,0,0,0.011366,0.013691
559,test,shipping,0,0,0.016312,0.023693
559,test,smell,1,1,0.000894,0.998685
559,test,stayingpower,2,2,0.999527,0.000267
559,test,texture,0,0,0.003114,0.020874
560,test,colour,1,1,0.00042,0.998748
560,test,packing,0,0,0.00134,0.030685
560,test,price,0,0,0.001851,0.020552
560,test,shipping,1,1,0.000851,0.99338
560,test,smell,1,1,0.000777,0.997934
560,test,stayingpower,0,0,0.001142,0.003232
560,test,texture,0,0,0.00013,0.001701
561,test,colour,0,0,0.002841,0.001574
561,test,packing,0,0,0.001977,0.003553
561,test,price,0,0,0.00568,0.013017
561,test,shipping,0,0,0.002139,0.000574
561,test,smell,0,0,7.7e-05,0.000271
561,test,stayingpower,0,0,0.000124,5.6e-05
561,test,texture,0,0,0.000871,0.000205
562,test,colour,1,1,0.000224,0.99828
562,test,packing,0,0,0.00031,0.002706
562,test,price,0,0,0.003483,0.055459
562,test,shipping,0,0,0.001165,0.000683
562,test,smell,0,0,5.9e-05,0.000755
562,test,stayingpower,0,0,0.000652,0.00124
562,test,texture,0,0,0.000145,0.000115
563,test,colour,0,0,0.002662,0.003321
563,test,packing,0,0,0.0008,0.003551
563,test,price,0,0,0.000538,0.000731
563,test,shipping,0,0,0.000424,0.000357
563,test,smell,0,0,7.7e-05,0.000779
563,test,stayingpower,0,0,0.000263,0.000696
563,test,texture,0,0,0.000204,0.000154
564,test,colour,0,0,0.001127,0.019222
564,test,packing,0,0,0.000601,0.007718
564,test,price,0,0,0.00152,0.006483
564,test,shipping,2,2,0.996918,0.001056
564,test,smell,0,0,4.2e-05,0.000434
564,test,stayingpower,0,0,3e-05,0.000326
564,test,texture,0,0,0.000105,0.000196
565,test,colour,0,0,0.000653,0.008865
565,test,packing,0,0,0.000169,0.007617
565,test,price,0,0,0.000569,0.006603
565,test,shipping,1,1,0.000235,0.997822
565,test,smell,0,0,6.2e-05,0.000762
565,test,stayingpower,0,0,4.8e-05,0.001364
565,test,texture,0,2,0.424468,0.228827
566,test,colour,1,1,0.000309,0.999168
566,test,packing,0,0,9e-05,0.002501
566,test,price,0,0,0.000632,0.007541
566,test,shipping,0,0,0.000399,0.005715
566,test,smell,0,0,0.000312,0.002598
566,test,stayingpower,0,0,0.002152,0.025356
566,test,texture,1,1,0.00048,0.997847
567,test,colour,0,0,0.001929,0.001608
567,test,packing,0,0,0.001187,0.004224
567,test,price,0,0,0.000755,0.000693
567,test,shipping,0,0,0.000367,0.000341
567,test,smell,0,0,5.1e-05,0.000822
567,test,stayingpower,0,0,0.000375,0.000748
567,test,texture,0,0,0.000246,0.000207
568,test,colour,1,1,3.3e-05,0.999844
568,test,packing,1,1,0.000474,0.997681
568,test,price,0,0,0.00065,0.019791
568,test,shipping,1,1,0.001517,0.997349
568,test,smell,0,0,0.001254,0.004059
568,test,stayingpower,0,0,0.000179,0.002102
568,test,texture,0,0,0.000997,0.003919
569,test,colour,0,0,0.001194,0.011147
569,test,packing,0,0,0.000648,0.00696
569,test,price,0,0,0.001114,0.006011
569,test,shipping,0,0,0.001143,0.003089
569,test,smell,0,0,5.1e-05,0.000945
569,test,stayingpower,0,0,9.7e-05,0.000413
569,test,texture,0,0,0.000231,0.000249
570,test,colour,0,0,0.000773,0.009861
570,test,packing,0,0,0.000519,0.015018
570,test,price,1,1,0.000885,0.998141
570,test,shipping,0,0,0.002185,0.009007
570,test,smell,0,0,0.000768,0.034493
570,test,stayingpower,0,0,0.000734,0.015338
570,test,texture,1,1,0.000405,0.998561
571,test,colour,0,0,0.00084,0.025649
571,test,packing,0,0,0.000206,0.001933
571,test,price,0,0,0.000302,0.001083
571,test,shipping,0,0,0.000153,0.000416
571,test,smell,0,0,1.1e-05,0.000565
571,test,stayingpower,0,0,8.1e-05,0.000304
571,test,texture,0,0,0.000195,0.00034
572,test,colour,0,0,0.000546,0.00997
572,test,packing,0,0,0.000208,0.002342
572,test,price,0,0,0.000444,0.001625
572,test,shipping,0,0,0.000167,0.000476
572,test,smell,0,0,2.3e-05,0.000777
572,test,stayingpower,0,0,7.8e-05,0.000384
572,test,texture,0,0,9.6e-05,0.000201
573,test,colour,0,0,0.00058,0.027118
573,test,packing,1,0,0.000862,0.014865
573,test,price,0,0,0.000779,0.004375
573,test,shipping,0,0,0.000641,0.003747
573,test,smell,0,0,8e-05,0.002632
573,test,stayingpower,0,0,0.000287,0.000346
573,test,texture,0,0,0.000224,0.000176
574,test,colour,0,0,0.000392,0.033252
574,test,packing,0,0,0.000281,0.005376
574,test,price,0,0,0.000441,0.002834
574,test,shipping,0,0,0.000161,0.000778
574,test,smell,0,0,2e-05,0.000916
574,test,stayingpower,0,0,5.2e-05,0.000571
574,test,texture,0,0,0.00016,0.000848
575,test,colour,0,0,0.016491,0.066134
575,test,packing,1,1,0.031524,0.958849
575,test,price,0,0,0.001611,0.003045
575,test,shipping,0,0,0.0372,0.019755
575,test,smell,2,2,0.998096,0.000726
575,test,stayingpower,0,0,0.001859,0.017755
575,test,texture,0,0,0.059485,0.02037
576,test,colour,1,1,2e-05,0.999336
576,test,packing,0,0,9.5e-05,0.002756
576,test,price,1,1,0.002923,0.990277
576,test,shipping,0,0,0.000615,0.003763
576,test,smell,0,0,5.2e-05,0.000628
576,test,stayingpower,0,0,0.000165,0.002908
576,test,texture,0,0,0.000515,0.003783
577,test,colour,1,1,0.000113,0.999839
577,test,packing,1,1,0.002824,0.994735
577,test,price,0,0,0.00042,0.003268
577,test,shipping,0,0,0.009277,0.026274
577,test,smell,0,0,0.000508,0.00058
577,test,stayingpower,0,0,0.002837,0.023233
577,test,texture,0,0,0.016389,0.02072
578,test,colour,1,1,7.4e-05,0.999612
578,test,packing,0,0,0.000789,0.018073
578,test,price,1,1,0.002158,0.995615
578,test,shipping,0,0,0.000597,0.005512
578,test,smell,0,0,0.002251,0.026807
578,test,stayingpower,0,0,0.004642,0.045235
578,test,texture,1,1,0.035408,0.959772
579,test,colour,1,1,1.7e-05,0.999971
579,test,packing,0,0,0.00067,0.020862
579,test,price,0,0,0.000879,0.003193
579,test,shipping,2,2,0.998676,0.000879
579,test,smell,0,0,0.00053,0.001543
579,test,stayingpower,0,0,0.001093,0.003466
579,test,texture,0,0,0.002138,0.006375
580,test,colour,1,1,5.5e-05,0.999837
580,test,packing,1,1,0.000342,0.998291
580,test,price,0,0,0.000329,0.009096
580,test,shipping,1,1,0.003305,0.990792
580,test,smell,0,0,0.001403,0.006203
580,test,stayingpower,0,0,0.000157,0.002183
580,test,texture,0,0,0.000921,0.007156
581,test,colour,1,1,0.000154,0.999536
581,test,packing,1,1,0.008556,0.986027
581,test,price,0,0,0.001077,0.004847
581,test,shipping,3,2,0.9952,0.004209
581,test,smell,0,0,0.000759,0.000985
581,test,stayingpower,0,0,0.000762,0.001737
581,test,texture,0,0,0.000825,0.001128
582,test,colour,0,0,0.04457,0.336605
582,test,packing,1,1,0.030864,0.963502
582,test,price,1,1,0.005852,0.988917
582,test,shipping,1,1,0.018421,0.977363
582,test,smell,2,2,0.90219,0.096967
582,test,stayingpower,0,0,0.002373,0.013259
582,test,texture,0,0,0.004838,0.026928
583,test,colour,0,0,0.000464,0.027029
583,test,packing,0,0,0.000317,0.01549
583,test,price,0,0,0.000737,0.016769
583,test,shipping,1,1,0.000191,0.99966
583,test,smell,0,0,4.1e-05,0.000676
583,test,stayingpower,0,0,4.9e-05,0.000777
583,test,texture,0,0,0.000146,0.000692
584,test,colour,0,0,0.007326,0.007606
584,test,packing,0,0,0.054781,0.029743
584,test,price,0,0,0.007669,0.006583
584,test,shipping,2,2,0.99968,8.2e-05
584,test,smell,1,1,0.003289,0.990554
584,test,stayingpower,0,0,0.003241,0.001068
584,test,texture,0,0,0.000529,0.000509
585,test,colour,0,0,0.047991,0.001843
585,test,packing,3,2,0.987807,0.010983
585,test,price,0,0,0.034629,0.009967
585,test,shipping,2,2,0.999413,0.000212
585,test,smell,0,0,0.00699,0.000862
585,test,stayingpower,0,0,0.004491,0.001023
585,test,texture,0,0,0.007844,0.002093
586,test,colour,0,0,0.000226,0.0042
586,test,packing,0,0,0.002161,0.00809
586,test,price,1,1,0.005757,0.979884
586,test,shipping,0,0,0.002967,0.001796
586,test,smell,1,1,9.5e-05,0.998861
586,test,stayingpower,0,0,0.000195,0.000809
586,test,texture,0,0,0.000216,0.001631
587,test,colour,0,0,0.000533,0.035178
587,test,packing,1,1,0.000377,0.998258
587,test,price,0,0,0.000479,0.025193
587,test,shipping,1,1,0.000585,0.999148
587,test,smell,0,0,8.6e-05,0.000425
587,test,stayingpower,0,0,1.5e-05,0.000327
587,test,texture,0,0,0.000134,0.000536
588,test,colour,2,2,0.922064,0.07379
588,test,packing,0,0,0.000282,0.001291
588,test,price,0,0,0.001242,0.003886
588,test,shipping,0,0,0.000503,0.000587
588,test,smell,0,0,0.000454,0.000998
588,test,stayingpower,0,0,0.009405,0.011494
588,test,texture,1,1,0.000643,0.998011
589,test,colour,1,1,5.7e-05,0.999518
589,test,packing,0,0,0.000224,0.011593
589,test,price,0,0,0.000713,0.003685
589,test,shipping,2,2,0.997061,0.000689
589,test,smell,0,0,0.000189,0.000571
589,test,stayingpower,0,0,0.00031,0.002047
589,test,texture,0,0,0.000569,0.000959
590,test,colour,0,0,0.000189,0.006566
590,test,packing,0,0,0.00138,0.012025
590,test,price,0,0,0.000406,0.001879
590,test,shipping,0,0,0.000477,0.000419
590,test,smell,1,1,0.000497,0.9878
590,test,stayingpower,0,0,0.000135,0.000391
590,test,texture,0,0,5.6e-05,0.000543
591,test,colour,0,0,0.000276,0.011795
591,test,packing,0,0,0.000277,0.006028
591,test,price,0,0,0.000686,0.003621
591,test,shipping,0,0,0.00031,0.001595
591,test,smell,0,0,1.4e-05,0.000564
591,test,stayingpower,0,0,4e-05,0.000364
591,test,texture,0,0,9.6e-05,0.000308
592,test,colour,1,1,3.4e-05,0.998715
592,test,packing,0,0,0.00011,0.009589
592,test,price,0,0,0.000362,0.002533
592,test,shipping,0,0,0.000192,0.004411
592,test,smell,0,0,2.2e-05,0.000284
592,test,stayingpower,0,0,6.4e-05,0.00117
592,test,texture,0,0,0.000236,0.00088
593,test,colour,0,0,0.001652,0.020657
593,test,packing,0,0,0.001662,0.021907
593,test,price,0,0,0.000467,0.004798
593,test,shipping,0,0,0.002128,0.003445
593,test,smell,0,0,0.000256,0.000878
593,test,stayingpower,1,1,0.001874,0.984491
593,test,texture,0,0,0.012583,0.023186
594,test,colour,1,1,0.195343,0.790294
594,test,packing,0,0,0.000337,0.007707
594,test,price,1,1,0.007612,0.982529
594,test,shipping,0,0,0.000594,0.00139
594,test,smell,0,0,0.000568,0.005236
594,test,stayingpower,0,0,0.000991,0.027298
594,test,texture,0,1,0.015578,0.980749
595,test,colour,1,1,4.9e-05,0.998919
595,test,packing,0,0,8.1e-05,0.004524
595,test,price,0,0,0.000241,0.001581
595,test,shipping,0,0,7.9e-05,0.000581
595,test,smell,0,0,1.6e-05,0.000502
595,test,stayingpower,0,0,0.000152,0.000932
595,test,texture,0,0,0.000997,0.010321
596,test,colour,0,0,0.003661,0.06081
596,test,packing,0,0,0.000212,0.006424
596,test,price,0,0,0.000521,0.00509
596,test,shipping,0,0,0.000124,0.002386
596,test,smell,0,0,7e-05,0.002947
596,test,stayingpower,0,0,0.005521,0.034056
596,test,texture,1,1,0.001304,0.998454
597,test,colour,3,2,0.992567,0.002515
597,test,packing,0,0,0.012165,0.002488
597,test,price,0,0,0.009811,0.003838
597,test,shipping,0,0,0.001639,0.000283
597,test,smell,0,0,0.000617,0.000142
597,test,stayingpower,0,0,0.003458,0.000649
597,test,texture,0,0,0.146839,0.002479
598,test,colour,0,0,0.00074,0.005466
598,test,packing,1,1,0.000252,0.999594
598,test,price,0,0,0.000488,0.016584
598,test,shipping,1,1,0.001177,0.998102
598,test,smell,0,0,0.00018,0.000401
598,test,stayingpower,0,0,2.9e-05,0.000844
598,test,texture,0,0,0.00034,0.00091
599,test,colour,0,0,0.018627,0.036137
599,test,packing,0,0,0.006529,0.009223
599,test,price,1,1,0.011922,0.978117
599,test,shipping,2,2,0.999596,9.2e-05
599,test,smell,0,0,0.004043,0.009709
599,test,stayingpower,1,1,0.014203,0.979623
599,test,texture,1,1,0.019563,0.961074
600,test,colour,1,1,0.000976,0.945124
600,test,packing,1,1,0.000229,0.998766
600,test,price,0,0,0.00039,0.008608
600,test,shipping,1,1,0.000894,0.998838
600,test,smell,0,0,0.000263,0.000483
600,test,stayingpower,0,0,2.9e-05,0.000809
600,test,texture,0,0,0.000255,0.000527
601,test,colour,0,0,0.001469,0.008506
601,test,packing,1,1,0.000928,0.997984
601,test,price,0,0,0.000278,0.003619
601,test,shipping,1,1,0.000966,0.998348
601,test,smell,0,0,0.000132,0.000834
601,test,stayingpower,0,0,1.5e-05,0.000188
601,test,texture,0,0,0.000209,0.000535
602,test,colour,1,1,0.000181,0.999558
602,test,packing,0,0,0.00013,0.00401
602,test,price,0,0,0.000324,0.00234
602,test,shipping,0,0,0.000268,0.003211
602,test,smell,0,0,0.000199,0.000953
602,test,stayingpower,0,0,0.003477,0.020988
602,test,texture,1,1,0.001943,0.984869
603,test,colour,0,0,0.004636,0.049159
603,test,packing,0,0,0.000574,0.001459
603,test,price,0,0,0.000805,0.001789
603,test,shipping,0,0,0.001203,0.000461
603,test,smell,0,0,3.1e-05,0.000455
603,test,stayingpower,0,0,0.000132,0.000629
603,test,texture,0,0,0.000261,0.000454
604,test,colour,0,0,0.019654,0.006379
604,test,packing,0,0,0.00066,0.001045
604,test,price,0,0,0.002016,0.003611
604,test,shipping,0,0,0.006271,0.006447
604,test,smell,0,0,0.001129,0.01283
604,test,stayingpower,3,2,0.989013,0.01049
604,test,texture,3,1,0.309743,0.65089
605,test,colour,0,0,0.000565,0.003841
605,test,packing,1,1,0.001318,0.997196
605,test,price,0,0,0.000183,0.002053
605,test,shipping,0,0,0.001224,0.002781
605,test,smell,0,0,7.6e-05,0.000403
605,test,stayingpower,0,0,3.6e-05,0.000381
605,test,texture,0,0,0.00019,0.00044
606,test,colour,0,0,0.0054,0.001667
606,test,packing,0,0,0.002804,0.006736
606,test,price,0,0,0.002232,0.001996
606,test,shipping,2,2,0.998113,0.000321
606,test,smell,0,0,0.000116,0.000466
606,test,stayingpower,0,0,0.000728,0.001585
606,test,texture,0,0,0.000695,0.000504
607,test,colour,0,0,0.007111,0.00299
607,test,packing,1,2,0.79396,0.20382
607,test,price,0,0,0.004205,0.012927
607,test,shipping,3,1,0.021681,0.977936
607,test,smell,0,0,0.003228,0.001078
607,test,stayingpower,0,0,0.001165,0.000307
607,test,texture,0,0,0.008895,0.001766
608,test,colour,0,0,0.008188,0.036583
608,test,packing,1,1,0.00107,0.996262
608,test,price,0,0,0.000646,0.022176
608,test,shipping,1,1,0.016927,0.966245
608,test,smell,0,0,0.001565,0.004609
608,test,stayingpower,1,1,0.001957,0.989236
608,test,texture,1,1,0.000464,0.99813
609,test,colour,3,1,0.251595,0.736886
609,test,packing,0,0,0.002085,0.002663
609,test,price,0,0,0.007251,0.007074
609,test,shipping,0,0,0.002949,0.010411
609,test,smell,0,0,0.002446,0.015305
609,test,stayingpower,2,2,0.999571,0.000415
609,test,texture,0,0,0.005519,0.019682
610,test,colour,0,0,0.000389,0.083698
610,test,packing,0,0,0.000134,0.003226
610,test,price,0,0,0.000375,0.003431
610,test,shipping,0,0,9.7e-05,0.000695
610,test,smell,0,0,1.2e-05,0.000445
610,test,stayingpower,0,0,4e-05,0.000225
610,test,texture,0,0,8.4e-05,0.000548
611,test,colour,1,1,0.012594,0.983097
611,test,packing,0,0,0.008682,0.003227
611,test,price,0,0,0.006796,0.004123
611,test,shipping,0,0,0.006122,0.00085
611,test,smell,0,0,0.003753,0.006438
611,test,stayingpower,0,2,0.641682,0.082226
611,test,texture,1,1,0.035691,0.961015
612,test,colour,0,0,0.000233,0.002013
612,test,packing,0,0,0.00025,0.008948
612,test,price,0,0,0.000435,0.002735
612,test,shipping,0,0,0.000357,0.001686
612,test,smell,0,0,1.6e-05,0.000398
612,test,stayingpower,0,0,3.1e-05,0.000428
612,test,texture,0,0,0.000261,0.00069
613,test,colour,1,1,0.001307,0.98766
613,test,packing,0,0,0.027748,0.072369
613,test,price,0,1,0.036399,0.559469
613,test,shipping,0,0,0.032318,0.051307
613,test,smell,1,1,0.005614,0.993048
613,test,stayingpower,2,2,0.996324,0.003201
613,test,texture,2,2,0.959172,0.03667
614,test,colour,0,0,0.002034,0.003205
614,test,packing,0,0,0.001673,0.00712
614,test,price,0,0,0.000428,0.000564
614,test,shipping,0,0,0.000698,0.000259
614,test,smell,0,0,4.3e-05,0.000839
614,test,stayingpower,0,0,0.000314,0.00035
614,test,texture,0,0,0.000433,0.000161
615,test,colour,0,0,0.001251,0.029392
615,test,packing,0,0,0.000323,0.002984
615,test,price,0,0,0.00036,0.001182
615,test,shipping,0,0,0.000424,0.001401
615,test,smell,0,0,1.9e-05,0.001033
615,test,stayingpower,0,0,0.000105,0.00041
615,test,texture,0,0,0.000192,0.000197
616,test,colour,3,1,0.069716,0.920151
616,test,packing,0,0,0.013558,0.013529
616,test,price,0,0,0.015539,0.020116
616,test,shipping,2,2,0.965532,0.033306
616,test,smell,0,0,0.014534,0.088234
616,test,stayingpower,2,2,0.9989,0.000965
616,test,texture,1,1,0.004746,0.992238
617,test,colour,0,0,0.016845,0.004963
617,test,packing,0,0,0.060418,0.036472
617,test,price,0,0,0.023904,0.01589
617,test,shipping,2,2,0.998169,0.00152
617,test,smell,0,0,0.006791,0.002148
617,test,stayingpower,0,0,0.004547,0.004859
617,test,texture,2,2,0.997138,0.001441
618,test,colour,2,2,0.995953,0.002218
618,test,packing,0,0,0.028962,0.032342
618,test,price,0,0,0.031704,0.009194
618,test,shipping,2,2,0.994633,0.000701
618,test,smell,1,1,0.001561,0.998145
618,test,stayingpower,0,0,0.010782,0.002347
618,test,texture,0,0,0.009325,0.027645
619,test,colour,1,1,0.012603,0.982713
619,test,packing,0,0,0.008744,0.01972
619,test,price,1,1,0.014727,0.967045
619,test,shipping,1,1,0.00416,0.992747
619,test,smell,0,0,0.009052,0.02456
619,test,stayingpower,2,2,0.997126,0.002278
619,test,texture,1,1,0.001439,0.992154
620,test,colour,0,0,5.1e-05,0.001836
620,test,packing,0,0,0.00078,0.049119
620,test,price,0,0,0.000723,0.013393
620,test,shipping,1,1,0.000316,0.999051
620,test,smell,0,0,3.9e-05,0.000417
620,test,stayingpower,0,0,5.9e-05,0.001907
620,test,texture,0,0,0.000498,0.007762
621,test,colour,0,0,0.000658,0.002117
621,test,packing,0,0,0.001064,0.005183
621,test,price,0,0,0.003946,0.016326
621,test,shipping,0,0,0.000918,0.001481
621,test,smell,0,0,6.4e-05,0.000575
621,test,stayingpower,0,0,0.000101,0.000456
621,test,texture,0,0,0.000641,0.000439
622,test,colour,0,0,0.001742,0.001635
622,test,packing,0,0,0.000889,0.004244
622,test,price,0,0,0.00052,0.000799
622,test,shipping,0,0,0.000551,0.00057
622,test,smell,0,0,4.2e-05,0.00058
622,test,stayingpower,0,0,0.000402,0.00073
622,test,texture,0,0,0.000262,0.00031
623,test,colour,2,2,0.996328,0.003365
623,test,packing,0,0,0.006818,0.003997
623,test,price,0,0,0.018527,0.006109
623,test,shipping,0,0,0.00398,0.00237
623,test,smell,0,0,0.010486,0.002023
623,test,stayingpower,0,0,0.088394,0.018041
623,test,texture,2,2,0.998244,0.001263
624,test,colour,0,0,0.000325,0.01657
624,test,packing,0,0,0.000278,0.013386
624,test,price,0,0,0.000308,0.005151
624,test,shipping,1,1,0.004144,0.968004
624,test,smell,0,0,2e-05,0.000177
624,test,stayingpower,0,0,1.9e-05,0.000458
624,test,texture,0,0,0.000218,0.000454
625,test,colour,0,0,0.000184,0.000365
625,test,packing,0,0,0.000183,0.002798
625,test,price,0,0,0.00062,0.002117
625,test,shipping,0,0,0.000173,0.000386
625,test,smell,0,0,2.9e-05,0.000692
625,test,stayingpower,0,0,0.000662,0.008942
625,test,texture,0,0,0.005323,0.12365
626,test,colour,0,0,0.039442,0.037548
626,test,packing,0,0,0.004825,0.006722
626,test,price,0,0,0.005153,0.014186
626,test,shipping,0,0,0.003573,0.001218
626,test,smell,0,0,0.000313,0.000187
626,test,stayingpower,1,1,0.07454,0.909378
626,test,texture,2,2,0.997593,0.00158
627,test,colour,0,0,0.000471,0.006598
627,test,packing,1,1,0.000251,0.999243
627,test,price,0,0,0.000293,0.01108
627,test,shipping,1,1,0.000772,0.99865
627,test,smell,0,0,0.000102,0.000335
627,test,stayingpower,0,0,1.9e-05,0.000515
627,test,texture,0,0,0.000165,0.000563
628,test,colour,0,0,0.002162,0.001789
628,test,packing,0,0,0.001108,0.004007
628,test,price,0,0,0.000996,0.001166
628,test,shipping,0,0,0.000336,0.000357
628,test,smell,0,0,5.4e-05,0.000986
628,test,stayingpower,0,0,0.000193,0.000544
628,test,texture,0,0,0.000149,9.5e-05
629,test,colour,1,1,4.6e-05,0.999714
629,test,packing,0,0,0.000445,0.003279
629,test,price,1,1,0.003543,0.992533
629,test,shipping,0,0,0.002197,0.005656
629,test,smell,0,0,0.000237,0.001469
629,test,stayingpower,0,0,0.000866,0.003206
629,test,texture,0,0,0.000288,0.001028
630,test,colour,2,2,0.942619,0.042353
630,test,packing,0,0,0.004158,0.002249
630,test,price,0,0,0.003088,0.007235
630,test,shipping,0,0,0.043503,0.002334
630,test,smell,0,0,0.001184,0.004216
630,test,stayingpower,0,0,0.044959,0.011596
630,test,texture,1,1,0.00015,0.995819
631,test,colour,0,0,0.007561,0.122059
631,test,packing,0,0,0.000777,0.024999
631,test,price,0,0,0.002654,0.024636
631,test,shipping,2,2,0.998726,0.000976
631,test,smell,0,0,0.000599,0.005474
631,test,stayingpower,0,0,0.006058,0.036091
631,test,texture,1,1,0.000221,0.999496
632,test,colour,0,0,0.02311,0.060614
632,test,packing,0,0,0.001702,0.007794
632,test,price,0,0,0.002869,0.007667
632,test,shipping,2,2,0.999844,9.4e-05
632,test,smell,0,0,0.000632,0.001185
632,test,stayingpower,1,1,0.025665,0.943451
632,test,texture,1,1,0.001697,0.981388
633,test,colour,2,2,0.992641,0.006232
633,test,packing,0,0,0.001434,0.004004
633,test,price,0,0,0.003149,0.009468
633,test,shipping,0,0,0.002119,0.001044
633,test,smell,0,0,0.000567,0.000845
633,test,stayingpower,0,0,0.008234,0.02945
633,test,texture,1,1,0.001075,0.998306
634,test,colour,1,1,1.4e-05,0.999835
634,test,packing,0,0,0.001354,0.019871
634,test,price,0,0,0.001053,0.0053
634,test,shipping,0,0,0.000505,0.002045
634,test,smell,1,1,9.8e-05,0.999644
634,test,stayingpower,0,0,0.012719,0.044096
634,test,texture,1,1,0.068942,0.674387
635,test,colour,1,1,0.00262,0.996588
635,test,packing,0,0,0.005733,0.039389
635,test,price,0,0,0.003424,0.006679
635,test,shipping,0,2,0.964859,0.005159
635,test,smell,0,0,0.001475,0.005523
635,test,stayingpower,2,2,0.996495,0.003302
635,test,texture,1,1,0.002159,0.994626
636,test,colour,0,0,0.000343,0.012192
636,test,packing,0,0,0.000667,0.024332
636,test,price,0,0,0.002698,0.016552
636,test,shipping,0,0,0.000204,0.000619
636,test,smell,0,0,6e-06,0.000343
636,test,stayingpower,0,0,3.1e-05,0.000114
636,test,texture,0,0,7.9e-05,0.000155
637,test,colour,1,1,9.6e-05,0.999577
637,test,packing,0,0,0.000317,0.011596
637,test,price,0,0,0.00049,0.008579
637,test,shipping,1,1,0.002017,0.995175
637,test,smell,0,0,0.000247,0.000629
637,test,stayingpower,1,1,0.000681,0.993747
637,test,texture,0,0,0.001478,0.008535
638,test,colour,1,1,0.00044,0.999228
638,test,packing,0,0,0.001016,0.007519
638,test,price,0,0,0.001977,0.012879
638,test,shipping,0,0,0.001161,0.00294
638,test,smell,3,1,0.001161,0.997895
638,test,stayingpower,0,0,0.018695,0.046209
638,test,texture,1,1,0.000837,0.99862
639,test,colour,0,0,0.001013,0.022647
639,test,packing,0,1,0.080215,0.843495
639,test,price,0,0,0.00228,0.009417
639,test,shipping,0,0,0.009407,0.005008
639,test,smell,1,1,0.154649,0.844876
639,test,stayingpower,0,0,0.000214,0.000926
639,test,texture,0,0,0.001364,0.002562
640,test,colour,1,1,3.3e-05,0.999949
640,test,packing,0,0,0.001202,0.005675
640,test,price,0,0,0.001318,0.004361
640,test,shipping,0,0,0.001736,0.003315
640,test,smell,0,0,0.00124,0.001464
640,test,stayingpower,1,0,0.012712,0.029181
640,test,texture,2,2,0.967339,0.013352
641,test,colour,0,0,0.00021,0.004291
641,test,packing,0,0,0.000199,0.00491
641,test,price,0,0,0.00081,0.007027
641,test,shipping,0,0,0.000235,0.000993
641,test,smell,0,0,1.5e-05,0.000382
641,test,stayingpower,0,0,4.7e-05,0.000263
641,test,texture,0,0,0.000296,0.001065
642,test,colour,0,0,0.016263,0.052078
642,test,packing,0,0,0.006011,0.025834
642,test,price,1,1,0.005427,0.984776
642,test,shipping,0,0,0.012015,0.00105
642,test,smell,0,0,0.005999,0.013509
642,test,stayingpower,1,1,0.011389,0.98833
642,test,texture,1,1,0.028825,0.959118
643,test,colour,0,0,0.001408,0.010338
643,test,packing,0,0,0.00268,0.02492
643,test,price,1,1,0.020392,0.965255
643,test,shipping,2,2,0.999692,0.000112
643,test,smell,0,0,7.9e-05,0.000568
643,test,stayingpower,0,0,0.000102,0.000606
643,test,texture,0,0,0.000222,0.000248
644,test,colour,0,0,0.002244,0.047794
644,test,packing,0,0,0.00186,0.00734
644,test,price,1,1,0.001073,0.998673
644,test,shipping,0,0,0.003367,0.001935
644,test,smell,1,1,0.00065,0.998915
644,test,stayingpower,0,0,0.003897,0.018663
644,test,texture,1,1,0.00152,0.951592
645,test,colour,0,0,0.002408,0.003921
645,test,packing,0,0,0.001539,0.003731
645,test,price,0,0,0.00112,0.001368
645,test,shipping,0,0,0.000652,0.000485
645,test,smell,0,0,6e-05,0.001156
645,test,stayingpower,0,0,0.00021,0.00036
645,test,texture,0,0,0.000263,0.0002
646,test,colour,1,1,0.001479,0.997879
646,test,packing,0,0,0.006544,0.012939
646,test,price,0,0,0.00184,0.008235
646,test,shipping,0,0,0.038638,0.003254
646,test,smell,1,1,0.000983,0.997833
646,test,stayingpower,1,1,0.007876,0.991418
646,test,texture,3,1,0.171738,0.704445
647,test,colour,0,0,0.000449,0.005134
647,test,packing,0,0,0.000506,0.007572
647,test,price,0,0,0.001383,0.003985
647,test,shipping,0,0,0.001352,0.001198
647,test,smell,0,0,2.7e-05,0.000409
647,test,stayingpower,0,0,7.2e-05,0.000484
647,test,texture,0,0,0.000275,0.000463
648,test,colour,0,0,0.000723,0.011367
648,test,packing,0,0,0.000211,0.002126
648,test,price,1,1,0.006857,0.990739
648,test,shipping,0,0,0.00287,0.002087
648,test,smell,0,0,8e-05,0.001071
648,test,stayingpower,0,0,4e-05,0.000312
648,test,texture,0,0,0.00037,0.000441
649,test,colour,0,0,0.000453,0.009962
649,test,packing,1,1,0.001057,0.996632
649,test,price,1,1,0.001099,0.998226
649,test,shipping,1,1,0.00467,0.993553
649,test,smell,0,0,0.000253,0.001352
649,test,stayingpower,0,0,4.6e-05,0.000538
649,test,texture,0,0,0.000676,0.001444
650,test,colour,1,1,7.4e-05,0.999873
650,test,packing,0,0,0.000219,0.011764
650,test,price,0,0,0.000404,0.006577
650,test,shipping,1,1,0.000401,0.997865
650,test,smell,0,0,0.001007,0.003322
650,test,stayingpower,0,0,0.003146,0.023968
650,test,texture,1,1,0.001562,0.985945
651,test,colour,1,1,0.000698,0.997661
651,test,packing,0,0,0.00061,0.008607
651,test,price,1,1,0.001771,0.997279
651,test,shipping,0,0,0.001355,0.003049
651,test,smell,0,0,0.001308,0.010209
651,test,stayingpower,0,0,0.01198,0.090654
651,test,texture,1,1,0.000612,0.999277
652,test,colour,1,1,0.000721,0.997537
652,test,packing,0,0,0.000266,0.005228
652,test,price,0,0,0.000266,0.003608
652,test,shipping,0,0,0.001135,0.003604
652,test,smell,0,0,0.000249,0.002004
652,test,stayingpower,1,1,0.001157,0.99328
652,test,texture,1,1,0.004252,0.993864
653,test,colour,0,0,0.000511,0.010924
653,test,packing,0,0,0.000527,0.04278
653,test,price,0,0,0.003533,0.01811
653,test,shipping,0,0,0.000148,0.000468
653,test,smell,0,0,5e-06,0.00024
653,test,stayingpower,0,0,6e-05,0.000963
653,test,texture,0,0,0.000593,0.02535
654,test,colour,1,1,0.000148,0.998594
654,test,packing,0,0,0.000736,0.005642
654,test,price,0,0,0.000935,0.011692
654,test,shipping,0,0,0.001076,0.002211
654,test,smell,1,1,0.000396,0.998266
654,test,stayingpower,0,0,0.002803,0.009298
654,test,texture,1,1,0.000207,0.998339
655,test,colour,0,0,0.008808,0.018479
655,test,packing,0,0,0.002362,0.007989
655,test,price,1,0,0.007037,0.026347
655,test,shipping,0,0,0.006185,0.002107
655,test,smell,0,0,0.000221,0.001986
655,test,stayingpower,0,0,0.000247,0.00016
655,test,texture,0,0,0.000317,0.00015
656,test,colour,0,0,0.002569,0.009714
656,test,packing,0,0,0.001315,0.007432
656,test,price,0,0,0.001687,0.007103
656,test,shipping,0,0,0.001047,0.001485
656,test,smell,0,0,2.7e-05,0.000254
656,test,stayingpower,0,0,0.000118,0.000282
656,test,texture,0,0,0.000196,0.000239
657,test,colour,0,0,0.000454,0.011626
657,test,packing,0,0,0.000155,0.002445
657,test,price,0,0,0.000494,0.001156
657,test,shipping,0,0,0.000202,0.000661
657,test,smell,0,0,1.9e-05,0.000647
657,test,stayingpower,0,0,5.1e-05,0.000298
657,test,texture,0,0,0.00011,0.000221
658,test,colour,0,0,0.002848,0.002488
658,test,packing,0,0,0.001187,0.005748
658,test,price,0,0,0.000826,0.001432
658,test,shipping,0,0,0.001044,0.000881
658,test,smell,0,0,1.5e-05,0.000215
658,test,stayingpower,0,0,6.9e-05,0.000153
658,test,texture,0,0,0.000887,0.000604
659,test,colour,0,0,0.002821,0.041847
659,test,packing,0,0,0.026802,0.262364
659,test,price,0,0,0.000745,0.012867
659,test,shipping,0,0,0.005922,0.001319
659,test,smell,1,1,0.001029,0.998904
659,test,stayingpower,1,1,0.006535,0.990981
659,test,texture,1,1,0.008488,0.905938
660,test,colour,1,1,0.001902,0.997176
660,test,packing,0,0,0.001447,0.004021
660,test,price,0,0,0.004623,0.005749
660,test,shipping,0,0,0.003562,0.01587
660,test,smell,0,0,0.000992,0.003809
660,test,stayingpower,2,2,0.999635,0.0003
660,test,texture,0,0,0.003734,0.004221
661,test,colour,0,0,0.003913,0.00633
661,test,packing,0,0,0.007493,0.009265
661,test,price,0,0,0.001589,0.001952
661,test,shipping,0,0,0.0025,0.000489
661,test,smell,3,2,0.626325,0.373213
661,test,stayingpower,0,0,0.002963,0.002487
661,test,texture,0,0,0.00088,0.000695
662,test,colour,0,0,0.004756,0.040138
662,test,packing,0,0,0.018405,0.032873
662,test,price,0,0,0.014403,0.025391
662,test,shipping,0,0,0.00919,0.002335
662,test,smell,1,1,0.000964,0.998927
662,test,stayingpower,0,0,0.48047,0.016581
662,test,texture,3,2,0.997109,0.002691
663,test,colour,0,0,0.012949,0.06101
663,test,packing,0,0,0.002675,0.021546
663,test,price,0,0,0.004026,0.006372
663,test,shipping,0,0,0.002325,0.004273
663,test,smell,0,0,0.000477,0.003428
663,test,stayingpower,2,2,0.998437,0.00142
663,test,texture,1,1,0.001328,0.996476
664,test,colour,0,0,0.000167,0.018937
664,test,packing,0,0,0.000121,0.00595
664,test,price,0,0,0.000355,0.002737
664,test,shipping,0,0,0.000166,0.001809
664,test,smell,0,0,1.1e-05,0.000374
664,test,stayingpower,0,0,1.7e-05,0.00029
664,test,texture,0,0,0.000274,0.001523
665,test,colour,0,0,0.001179,0.002255
665,test,packing,0,0,0.009742,0.194101
665,test,price,0,0,0.003523,0.006288
665,test,shipping,2,2,0.999661,0.00016
665,test,smell,0,0,4.8e-05,0.000127
665,test,stayingpower,0,0,8.7e-05,0.000789
665,test,texture,0,0,0.000388,0.001475
666,test,colour,1,1,0.00024,0.999513
666,test,packing,0,0,7.6e-05,0.00189
666,test,price,0,0,0.000577,0.006201
666,test,shipping,0,0,0.000337,0.003432
666,test,smell,0,0,0.000281,0.005253
666,test,stayingpower,0,0,0.011934,0.092913
666,test,texture,1,1,0.000639,0.998666
667,test,colour,3,2,0.772918,0.225936
667,test,packing,0,0,5.8e-05,0.000199
667,test,price,0,0,0.000585,0.000737
667,test,shipping,0,0,0.000167,0.000163
667,test,smell,0,0,0.000169,0.000259
667,test,stayingpower,0,0,0.00121,0.003683
667,test,texture,0,0,0.02436,0.023501
668,test,colour,1,1,2e-05,0.999814
668,test,packing,0,0,0.000188,0.003871
668,test,price,1,1,0.003718,0.991422
668,test,shipping,0,0,0.000606,0.002311
668,test,smell,0,0,0.000195,0.001642
668,test,stayingpower,0,0,0.000524,0.00374
668,test,texture,0,0,0.000629,0.006441
669,test,colour,1,1,0.000106,0.999157
669,test,packing,0,0,0.002741,0.035013
669,test,price,0,0,0.002081,0.009246
669,test,shipping,2,2,0.996156,0.00061
669,test,smell,1,1,0.00037,0.999433
669,test,stayingpower,0,0,0.001426,0.002964
669,test,texture,0,0,0.000668,0.007286
670,test,colour,0,0,0.001414,0.002164
670,test,packing,0,0,0.000939,0.00311
670,test,price,0,0,0.000324,0.00038
670,test,shipping,0,0,0.000469,0.000412
670,test,smell,0,0,5.6e-05,0.001056
670,test,stayingpower,0,0,0.000241,0.000522
670,test,texture,0,0,0.000252,0.000131
671,test,colour,1,1,1.5e-05,0.999683
671,test,packing,0,0,8.6e-05,0.004829
671,test,price,0,0,0.000307,0.001829
671,test,shipping,0,0,0.000143,0.002512
671,test,smell,0,0,2e-05,0.000305
671,test,stayingpower,0,0,7e-05,0.001556
671,test,texture,0,0,0.000338,0.002333
672,test,colour,0,0,3.6e-05,0.001956
672,test,packing,0,0,0.000958,0.019815
672,test,price,0,0,0.000402,0.004808
672,test,shipping,0,0,0.000545,0.00166
672,test,smell,1,1,0.00019,0.983075
672,test,stayingpower,0,0,4.9e-05,0.000253
672,test,texture,0,0,8.2e-05,0.0009
673,test,colour,0,0,0.000244,0.003638
673,test,packing,0,0,0.000269,0.008153
673,test,price,0,0,0.000495,0.003281
673,test,shipping,0,0,0.000201,0.002541
673,test,smell,0,0,1.5e-05,0.000311
673,test,stayingpower,0,0,3.7e-05,0.0003
673,test,texture,0,0,0.000208,0.000445
674,test,colour,1,1,0.002581,0.990951
674,test,packing,0,0,0.069116,0.048461
674,test,price,1,1,0.013112,0.981702
674,test,shipping,2,2,0.998923,0.000812
674,test,smell,2,2,0.996894,0.002926
674,test,stayingpower,0,0,0.012758,0.038291
674,test,texture,0,0,0.036917,0.019304
675,test,colour,0,0,0.000995,0.021327
675,test,packing,1,1,0.00206,0.995888
675,test,price,0,0,0.002322,0.015567
675,test,shipping,3,2,0.999091,0.000393
675,test,smell,0,0,0.000221,0.000562
675,test,stayingpower,0,0,9.4e-05,0.000629
675,test,texture,0,0,0.000131,0.001071
676,test,colour,0,0,0.019485,0.007468
676,test,packing,0,0,0.015668,0.013765
676,test,price,1,1,0.01173,0.987009
676,test,shipping,1,1,0.012225,0.983222
676,test,smell,0,0,0.00062,0.002227
676,test,stayingpower,0,0,0.000892,0.000308
676,test,texture,0,0,0.010711,0.000543
677,test,colour,0,0,0.000359,0.005464
677,test,packing,0,0,0.000154,0.002149
677,test,price,0,0,0.001113,0.002704
677,test,shipping,0,0,0.000205,0.000388
677,test,smell,0,0,2.1e-05,0.000486
677,test,stayingpower,0,0,4.2e-05,0.00031
677,test,texture,0,0,0.000199,0.000583
678,test,colour,0,0,0.000427,0.053676
678,test,packing,0,0,0.000173,0.002093
678,test,price,0,0,0.0003,0.002303
678,test,shipping,0,0,0.000164,0.000744
678,test,smell,0,0,9e-06,0.000262
678,test,stayingpower,0,0,3.2e-05,0.000184
678,test,texture,0,0,0.000221,0.000566
679,test,colour,0,0,0.00075,0.017828
679,test,packing,1,1,0.001296,0.985901
679,test,price,0,0,0.000387,0.007726
679,test,shipping,0,0,0.002943,0.009807
679,test,smell,0,0,0.000281,0.00651
679,test,stayingpower,0,0,0.000284,0.006601
679,test,texture,1,1,0.000446,0.998035
680,test,colour,1,1,1.7e-05,0.999492
680,test,packing,0,0,0.000431,0.003829
680,test,price,0,0,0.000803,0.004456
680,test,shipping,0,0,0.000411,0.00223
680,test,smell,1,1,0.000253,0.993461
680,test,stayingpower,0,0,0.002083,0.008323
680,test,texture,0,0,0.000996,0.027952
681,test,colour,0,0,0.002588,0.002247
681,test,packing,0,0,0.001898,0.006282
681,test,price,0,0,0.000679,0.000946
681,test,shipping,0,0,0.000271,0.000395
681,test,smell,0,0,4.4e-05,0.000442
681,test,stayingpower,0,0,0.000195,0.000203
681,test,texture,0,0,0.00035,0.000195
682,test,colour,1,1,5.5e-05,0.999602
682,test,packing,0,0,0.000115,0.005124
682,test,price,0,0,0.00038,0.005622
682,test,shipping,1,1,0.000172,0.996798
682,test,smell,0,0,7.2e-05,0.000388
682,test,stayingpower,0,0,0.000136,0.00197
682,test,texture,0,0,0.000374,0.001431
683,test,colour,0,0,0.000488,0.001805
683,test,packing,1,1,0.001129,0.99773
683,test,price,0,0,0.000421,0.004772
683,test,shipping,0,0,0.001434,0.004918
683,test,smell,0,0,5e-05,0.000126
683,test,stayingpower,0,0,5.8e-05,0.00108
683,test,texture,0,0,0.000871,0.004311
684,test,colour,1,1,0.000276,0.999634
684,test,packing,0,0,0.000358,0.003098
684,test,price,0,0,0.000867,0.003433
684,test,shipping,0,0,0.000674,0.002519
684,test,smell,0,0,0.000589,0.002522
684,test,stayingpower,0,0,0.242663,0.084498
684,test,texture,2,1,0.107102,0.892591
685,test,colour,1,1,0.000215,0.999458
685,test,packing,0,0,0.001751,0.021949
685,test,price,0,0,0.001242,0.00239
685,test,shipping,2,2,0.999361,0.000322
685,test,smell,0,0,0.000507,0.000916
685,test,stayingpower,0,0,0.000625,0.002241
685,test,texture,0,0,0.000533,0.000376
686,test,colour,1,1,8.4e-05,0.999596
686,test,packing,1,1,0.000483,0.997835
686,test,price,0,0,0.000284,0.003331
686,test,shipping,0,0,0.007781,0.03091
686,test,smell,0,0,0.000284,0.00057
686,test,stayingpower,0,0,0.000166,0.003
686,test,texture,0,0,0.000308,0.000966
687,test,colour,0,0,0.019431,0.049936
687,test,packing,0,0,0.032431,0.021088
687,test,price,1,1,0.083989,0.907238
687,test,shipping,2,2,0.99666,0.002815
687,test,smell,0,0,0.003857,0.012709
687,test,stayingpower,3,2,0.998825,0.000309
687,test,texture,0,0,0.02071,0.004187
688,test,colour,0,0,0.002072,0.008605
688,test,packing,1,1,0.001378,0.997827
688,test,price,0,0,0.001878,0.012615
688,test,shipping,2,2,0.998907,0.00078
688,test,smell,0,0,0.000581,0.000951
688,test,stayingpower,0,0,0.000123,0.00128
688,test,texture,0,0,0.000139,0.001397
689,test,colour,1,1,0.000438,0.998792
689,test,packing,0,0,0.00367,0.009133
689,test,price,1,1,0.005079,0.993433
689,test,shipping,0,0,0.003759,0.005698
689,test,smell,1,1,0.00351,0.995231
689,test,stayingpower,0,0,0.001288,0.013435
689,test,texture,0,0,0.000322,0.01619
690,test,colour,0,0,0.000868,0.008694
690,test,packing,0,0,0.000422,0.003965
690,test,price,0,0,0.000543,0.002094
690,test,shipping,0,0,0.000465,0.001893
690,test,smell,0,0,3.8e-05,0.001121
690,test,stayingpower,0,0,0.00011,0.000492
690,test,texture,0,0,0.000291,0.000342
691,test,colour,1,1,3.1e-05,0.999667
691,test,packing,0,0,8.6e-05,0.00275
691,test,price,0,0,0.000304,0.00138
691,test,shipping,0,0,0.00021,0.002217
691,test,smell,0,0,3.8e-05,0.000607
691,test,stayingpower,0,0,0.000279,0.001101
691,test,texture,0,0,0.000321,0.001906
692,test,colour,0,0,0.000459,0.002055
692,test,packing,0,0,0.001529,0.016809
692,test,price,0,0,0.000703,0.005617
692,test,shipping,0,0,0.053645,0.259805
692,test,smell,0,0,3.3e-05,0.000355
692,test,stayingpower,0,0,5e-05,0.000275
692,test,texture,0,0,0.000215,0.00063
693,test,colour,0,0,0.243688,0.026902
693,test,packing,0,0,0.064234,0.004084
693,test,price,2,1,0.136371,0.679762
693,test,shipping,0,0,0.029249,0.003005
693,test,smell,2,2,0.96818,0.02497
693,test,stayingpower,2,2,0.986363,0.013396
693,test,texture,0,0,0.039329,0.004732
694,test,colour,0,0,0.001529,0.01148
694,test,packing,0,0,0.000294,0.00241
694,test,price,0,0,0.000633,0.001414
694,test,shipping,0,0,0.000564,0.000756
694,test,smell,0,0,1.9e-05,0.000431
694,test,stayingpower,0,0,5.4e-05,0.000114
694,test,texture,0,0,9.9e-05,0.000169
695,test,colour,0,0,0.0015,0.001199
695,test,packing,0,0,0.000353,0.001957
695,test,price,0,0,0.000238,0.001119
695,test,shipping,0,0,0.000303,0.000223
695,test,smell,0,0,0.00036,0.005344
695,test,stayingpower,0,1,0.015428,0.901593
695,test,texture,1,1,0.012916,0.979658
696,test,colour,0,0,0.000723,0.032715
696,test,packing,1,1,0.000532,0.998202
696,test,price,0,0,0.000417,0.013665
696,test,shipping,1,1,0.000531,0.999182
696,test,smell,0,0,4e-05,0.000418
696,test,stayingpower,0,0,2.4e-05,0.000395
696,test,texture,0,0,0.000127,0.001131
697,test,colour,1,2,0.997748,0.001324
697,test,packing,0,0,0.022693,0.007027
697,test,price,0,0,0.025728,0.009805
697,test,shipping,3,1,0.351478,0.640499
697,test,smell,0,0,0.027974,0.000863
697,test,stayingpower,0,0,0.025709,0.002714
697,test,texture,2,2,0.985611,0.006224
698,test,colour,1,1,0.000167,0.999395
698,test,packing,0,0,0.003883,0.019698
698,test,price,1,1,0.009506,0.980537
698,test,shipping,2,2,0.999625,0.000251
698,test,smell,0,0,0.000818,0.006089
698,test,stayingpower,0,0,0.0003,0.001032
698,test,texture,0,0,0.000462,0.001382
699,test,colour,1,1,0.001264,0.996516
699,test,packing,0,1,0.016111,0.973784
699,test,price,1,1,0.003504,0.991031
699,test,shipping,2,2,0.999236,0.000504
699,test,smell,0,0,0.030121,0.008828
699,test,stayingpower,0,0,0.005931,0.046641
699,test,texture,2,2,0.986472,0.010355
700,test,colour,0,0,0.000181,0.007625
700,test,packing,0,0,0.000266,0.011281
700,test,price,0,0,0.000391,0.00284
700,test,shipping,0,0,0.00013,0.001119
700,test,smell,0,0,1.1e-05,0.000354
700,test,stayingpower,0,0,1.2e-05,0.000161
700,test,texture,0,0,0.00016,0.00063
701,test,colour,2,2,0.994007,0.00501
701,test,packing,0,0,0.011303,0.009533
701,test,price,0,0,0.014778,0.014612
701,test,shipping,0,0,0.005691,0.000752
701,test,smell,1,1,0.005671,0.989523
701,test,stayingpower,0,0,0.072077,0.021264
701,test,texture,1,1,0.000669,0.997984
702,test,colour,0,0,0.000422,0.004406
702,test,packing,0,0,0.000478,0.010575
702,test,price,0,0,0.000607,0.007588
702,test,shipping,1,1,0.000461,0.99879
702,test,smell,0,0,4.9e-05,0.000436
702,test,stayingpower,0,0,3.5e-05,0.0005
702,test,texture,0,0,0.000253,0.000841
703,test,colour,1,1,0.001326,0.998256
703,test,packing,0,0,7.5e-05,0.000352
703,test,price,0,0,0.000707,0.000941
703,test,shipping,0,0,0.00041,0.000242
703,test,smell,0,0,3.9e-05,0.000158
703,test,stayingpower,0,0,0.001207,0.00643
703,test,texture,0,0,0.001181,0.001769
704,test,colour,1,1,3.4e-05,0.999548
704,test,packing,0,0,0.000838,0.005918
704,test,price,1,1,0.002072,0.994933
704,test,shipping,0,0,0.000467,0.001722
704,test,smell,3,1,0.2275,0.737754
704,test,stayingpower,0,0,0.001455,0.030099
704,test,texture,0,0,0.00243,0.029543
705,test,colour,0,0,0.000259,0.008085
705,test,packing,0,0,0.000108,0.001921
705,test,price,0,0,0.000706,0.003655
705,test,shipping,0,0,0.000152,0.000792
705,test,smell,0,0,7e-06,0.000244
705,test,stayingpower,0,0,0.000113,0.001053
705,test,texture,0,0,0.000194,0.001153
706,test,colour,3,2,0.93873,0.045349
706,test,packing,0,0,0.004688,0.00611
706,test,price,0,0,0.010614,0.006126
706,test,shipping,0,0,0.000817,0.004316
706,test,smell,0,0,0.001026,0.001353
706,test,stayingpower,2,2,0.999482,0.000334
706,test,texture,2,2,0.929716,0.037896
707,test,colour,1,1,0.000152,0.999581
707,test,packing,0,0,0.000101,0.0011
707,test,price,1,1,0.01588,0.906103
707,test,shipping,0,0,0.000524,0.001924
707,test,smell,0,0,6.1e-05,0.000509
707,test,stayingpower,0,0,0.0008,0.003988
707,test,texture,0,0,0.000182,0.001091
708,test,colour,1,1,0.00062,0.997637
708,test,packing,0,0,0.002233,0.015322
708,test,price,0,0,0.000901,0.012599
708,test,shipping,0,0,0.00252,0.001442
708,test,smell,1,1,0.001643,0.99721
708,test,stayingpower,1,1,0.004664,0.994675
708,test,texture,1,1,0.00227,0.99089
709,test,colour,0,0,0.000863,0.027918
709,test,packing,0,0,0.002667,0.004165
709,test,price,0,0,0.003097,0.015772
709,test,shipping,0,0,0.001724,0.001473
709,test,smell,2,2,0.994792,0.002717
709,test,stayingpower,0,0,0.000308,0.00142
709,test,texture,0,0,0.000727,0.000567
710,test,colour,1,1,0.00011,0.989629
710,test,packing,0,0,8.7e-05,0.008469
710,test,price,0,0,0.000154,0.00178
710,test,shipping,1,1,0.003779,0.956546
710,test,smell,0,0,1.5e-05,0.000115
710,test,stayingpower,0,0,2.4e-05,0.000706
710,test,texture,0,0,9.8e-05,0.00041
711,test,colour,0,0,0.022543,0.063487
711,test,packing,1,1,0.006871,0.988116
711,test,price,0,0,0.001465,0.0395
711,test,shipping,1,1,0.02809,0.96708
711,test,smell,0,0,0.004809,0.004474
711,test,stayingpower,1,1,0.010182,0.987487
711,test,texture,3,1,0.194574,0.805249
712,test,colour,1,1,1.7e-05,0.99953
712,test,packing,0,0,4e-05,0.001937
712,test,price,0,0,0.000366,0.002379
712,test,shipping,0,0,0.000338,0.004349
712,test,smell,0,0,3.1e-05,0.000401
712,test,stayingpower,0,0,0.000133,0.001544
712,test,texture,0,0,0.000414,0.00336
713,test,colour,0,0,0.002084,0.001739
713,test,packing,0,0,0.001412,0.006007
713,test,price,0,0,0.000569,0.000678
713,test,shipping,0,0,0.000307,0.000489
713,test,smell,0,0,3.3e-05,0.000377
713,test,stayingpower,0,0,0.000123,0.000113
713,test,texture,0,0,0.000414,0.000252
714,test,colour,0,0,0.005925,0.031653
714,test,packing,0,0,0.000606,0.002662
714,test,price,0,0,0.000641,0.00104
714,test,shipping,0,0,0.002123,0.001042
714,test,smell,0,0,4.4e-05,0.00063
714,test,stayingpower,0,0,0.000249,0.000303
714,test,texture,0,0,0.000133,0.000138
715,test,colour,0,0,0.001592,0.00091
715,test,packing,0,0,0.003386,0.007192
715,test,price,0,0,0.000961,0.00364
715,test,shipping,1,1,0.001613,0.995536
715,test,smell,0,0,0.000122,0.00041
715,test,stayingpower,0,0,0.000248,0.000439
715,test,texture,0,0,0.000566,0.000333
716,test,colour,1,1,5.9e-05,0.999358
716,test,packing,1,1,0.001708,0.996709
716,test,price,0,0,0.001099,0.017676
716,test,shipping,1,1,0.057579,0.760828
716,test,smell,1,1,0.001272,0.997398
716,test,stayingpower,0,0,0.000302,0.00161
716,test,texture,0,0,0.000301,0.00771
717,test,colour,0,0,0.000371,0.009807
717,test,packing,0,0,0.000361,0.010679
717,test,price,0,0,0.00057,0.012736
717,test,shipping,1,1,0.000531,0.996779
717,test,smell,0,0,3.2e-05,0.000369
717,test,stayingpower,0,0,3.6e-05,0.00059
717,test,texture,0,0,0.000245,0.00067
718,test,colour,0,0,0.06754,0.007185
718,test,packing,0,0,0.006467,0.004511
718,test,price,0,0,0.000732,0.000857
718,test,shipping,0,0,0.001232,0.000247
718,test,smell,0,0,0.000111,0.000151
718,test,stayingpower,0,0,0.001413,0.000314
718,test,texture,0,0,0.006558,0.00183
719,test,colour,0,0,0.00051,0.007779
719,test,packing,0,0,0.001674,0.042413
719,test,price,1,1,0.0013,0.997761
719,test,shipping,1,1,0.00262,0.996226
719,test,smell,0,0,8.6e-05,0.000961
719,test,stayingpower,0,0,6.7e-05,0.000599
719,test,texture,0,0,0.000412,0.00069
720,test,colour,0,0,0.000879,0.01589
720,test,packing,1,1,0.001033,0.997603
720,test,price,3,1,0.008366,0.736253
720,test,shipping,2,2,0.998314,0.000473
720,test,smell,0,0,0.000184,0.000611
720,test,stayingpower,0,0,0.000107,0.000976
720,test,texture,0,0,0.000188,0.003485
721,test,colour,0,0,0.000112,0.010277
721,test,packing,0,0,0.000763,0.007311
721,test,price,0,0,0.000649,0.005158
721,test,shipping,0,0,0.00054,0.000608
721,test,smell,1,1,0.000229,0.984898
721,test,stayingpower,0,0,6.5e-05,0.000403
721,test,texture,0,0,4.4e-05,0.000631
722,test,colour,0,0,0.017814,0.01225
722,test,packing,0,0,0.001743,0.00415
722,test,price,0,0,0.000785,0.001011
722,test,shipping,0,0,0.000443,0.000103
722,test,smell,0,0,5.6e-05,0.00019
722,test,stayingpower,0,0,0.003879,0.002618
722,test,texture,0,0,0.012433,0.154425
723,test,colour,0,0,0.000507,0.037859
723,test,packing,0,0,0.000126,0.004356
723,test,price,0,0,0.000355,0.0077
723,test,shipping,1,1,0.000249,0.999071
723,test,smell,0,0,2.2e-05,0.00042
723,test,stayingpower,0,0,5.2e-05,0.000638
723,test,texture,0,0,0.000158,0.001071
724,test,colour,0,0,0.00057,0.019727
724,test,packing,0,0,0.000501,0.031869
724,test,price,0,0,0.000624,0.018201
724,test,shipping,1,1,0.000233,0.999562
724,test,smell,0,0,3.2e-05,0.000225
724,test,stayingpower,0,0,2.9e-05,0.000635
724,test,texture,0,0,0.000352,0.001502
725,test,colour,3,2,0.868141,0.130132
725,test,packing,1,1,0.008701,0.987256
725,test,price,0,0,0.00139,0.010257
725,test,shipping,1,1,0.001841,0.997499
725,test,smell,0,0,0.004472,0.001464
725,test,stayingpower,0,0,0.003047,0.011685
725,test,texture,2,2,0.966941,0.012628
726,test,colour,1,1,1.8e-05,0.999778
726,test,packing,0,0,0.00014,0.004791
726,test,price,0,0,0.00037,0.001672
726,test,shipping,0,0,0.000574,0.00392
726,test,smell,0,0,6.8e-05,0.000674
726,test,stayingpower,0,0,0.000258,0.002227
726,test,texture,0,0,0.000169,0.000612
727,test,colour,1,1,0.00283,0.996159
727,test,packing,0,0,0.006923,0.001099
727,test,price,0,0,0.004814,0.006331
727,test,shipping,0,0,0.001482,0.001217
727,test,smell,1,2,0.97501,0.024422
727,test,stayingpower,0,0,0.029186,0.013743
727,test,texture,0,0,0.300812,0.165399
728,test,colour,1,1,7e-05,0.999646
728,test,packing,0,0,0.001085,0.03608
728,test,price,0,0,0.000761,0.001845
728,test,shipping,2,2,0.996973,0.002919
728,test,smell,0,0,0.000242,0.000841
728,test,stayingpower,0,0,0.000223,0.001484
728,test,texture,0,0,0.000281,0.000636
729,test,colour,1,1,0.002241,0.954285
729,test,packing,1,1,0.002066,0.995143
729,test,price,1,1,0.001413,0.997462
729,test,shipping,1,1,0.001846,0.997923
729,test,smell,0,0,0.000803,0.003408
729,test,stayingpower,0,0,0.000219,0.001979
729,test,texture,0,0,0.001359,0.003271
730,test,colour,0,0,0.00043,0.004378
730,test,packing,0,0,0.000505,0.010903
730,test,price,0,0,0.000537,0.002746
730,test,shipping,0,0,0.000257,0.001243
730,test,smell,0,0,1.5e-05,0.000353
730,test,stayingpower,0,0,3.5e-05,0.000376
730,test,texture,0,0,0.000185,0.000257
731,test,colour,1,1,9.8e-05,0.99947
731,test,packing,1,1,0.002161,0.995318
731,test,price,0,0,0.001758,0.022801
731,test,shipping,1,1,0.010074,0.975408
731,test,smell,1,1,0.004453,0.989697
731,test,stayingpower,0,0,0.000287,0.001318
731,test,texture,0,0,0.000342,0.003352
732,test,colour,1,1,0.000358,0.999179
732,test,packing,0,0,0.002794,0.008187
732,test,price,1,1,0.041443,0.916504
732,test,shipping,0,0,0.011308,0.003981
732,test,smell,0,0,0.00289,0.010926
732,test,stayingpower,2,2,0.9995,0.000437
732,test,texture,0,0,0.008795,0.017335
733,test,colour,1,1,6.7e-05,0.999819
733,test,packing,2,0,0.128448,0.276099
733,test,price,0,0,0.001674,0.014282
733,test,shipping,1,1,0.00378,0.994593
733,test,smell,0,0,0.002041,0.003589
733,test,stayingpower,0,0,0.001074,0.003001
733,test,texture,0,0,0.003248,0.001814
734,test,colour,0,0,0.01783,0.021683
734,test,packing,0,0,0.015102,0.051432
734,test,price,0,0,0.005977,0.016944
734,test,shipping,0,0,0.013848,0.00638
734,test,smell,0,1,0.001427,0.9924
734,test,stayingpower,2,2,0.99982,0.000133
734,test,texture,0,0,0.006136,0.077848
735,test,colour,0,0,0.000108,0.000715
735,test,packing,0,0,0.000133,0.005556
735,test,price,0,0,0.000452,0.003896
735,test,shipping,0,0,0.000654,0.002673
735,test,smell,0,0,4.7e-05,0.000883
735,test,stayingpower,0,0,9.6e-05,0.002873
735,test,texture,0,0,0.001087,0.036171
736,test,colour,0,0,0.003704,0.003404
736,test,packing,0,0,0.001137,0.004142
736,test,price,0,0,0.000569,0.001158
736,test,shipping,0,0,0.001138,0.000516
736,test,smell,0,0,7.9e-05,0.001091
736,test,stayingpower,0,0,0.000659,0.000923
736,test,texture,0,0,0.000367,0.000284
737,test,colour,1,1,0.000312,0.999555
737,test,packing,0,0,0.002968,0.002282
737,test,price,0,0,0.001727,0.001966
737,test,shipping,0,0,0.00393,0.001672
737,test,smell,2,2,0.998413,0.000791
737,test,stayingpower,0,0,0.005082,0.008616
737,test,texture,0,0,0.008522,0.002885
738,test,colour,0,0,0.00082,0.001923
738,test,packing,0,0,0.000834,0.002675
738,test,price,0,0,0.00075,0.000704
738,test,shipping,0,0,0.000458,0.000658
738,test,smell,0,0,8.8e-05,0.002165
738,test,stayingpower,0,0,0.000103,0.000276
738,test,texture,0,0,0.000147,0.000141
739,test,colour,1,1,0.0092,0.989899
739,test,packing,0,0,0.008757,0.004926
739,test,price,0,0,0.0042,0.010781
739,test,shipping,0,0,0.01931,0.013208
739,test,smell,2,2,0.998025,0.001686
739,test,stayingpower,3,2,0.51736,0.430571
739,test,texture,1,1,0.002645,0.994462
740,test,colour,0,0,0.000424,0.020963
740,test,packing,0,0,0.001041,0.005386
740,test,price,0,0,0.002074,0.038169
740,test,shipping,0,0,0.000378,0.00216
740,test,smell,1,1,8e-05,0.999596
740,test,stayingpower,0,0,0.050578,0.015471
740,test,texture,1,1,0.003895,0.905751
741,test,colour,0,0,0.000244,0.003175
741,test,packing,0,0,0.000292,0.006492
741,test,price,0,0,0.000334,0.001376
741,test,shipping,0,0,0.00019,0.001184
741,test,smell,0,0,2.2e-05,0.000598
741,test,stayingpower,0,0,4.8e-05,0.000474
741,test,texture,0,0,0.000201,0.000336
742,test,colour,0,0,0.002689,0.072509
742,test,packing,0,0,0.00035,0.002894
742,test,price,0,0,0.000436,0.001827
742,test,shipping,0,0,0.000464,0.000652
742,test,smell,0,0,1.9e-05,0.000423
742,test,stayingpower,0,0,0.000186,0.000385
742,test,texture,0,0,9.3e-05,0.00015
743,test,colour,1,0,0.00165,0.262077
743,test,packing,0,0,0.002867,0.059558
743,test,price,0,0,0.000646,0.020091
743,test,shipping,1,1,0.009637,0.989189
743,test,smell,0,1,0.001085,0.995758
743,test,stayingpower,1,1,0.000774,0.983147
743,test,texture,0,0,0.000135,0.005012
744,test,colour,0,0,0.000228,0.027638
744,test,packing,0,0,0.000428,0.009188
744,test,price,0,0,0.000264,0.001367
744,test,shipping,0,0,0.000247,0.000382
744,test,smell,1,1,0.000362,0.957188
744,test,stayingpower,0,0,8.4e-05,0.000795
744,test,texture,3,0,0.366576,0.241091
745,test,colour,0,0,0.000246,0.044383
745,test,packing,0,1,0.014502,0.64904
745,test,price,0,0,0.000347,0.004418
745,test,shipping,0,0,0.000434,0.000654
745,test,smell,1,1,0.000182,0.974809
745,test,stayingpower,0,0,5.7e-05,0.000732
745,test,texture,0,0,0.000155,0.004914
746,test,colour,0,0,0.000692,0.0254
746,test,packing,0,0,0.000404,0.006137
746,test,price,0,0,0.000548,0.002246
746,test,shipping,0,0,0.000599,0.001945
746,test,smell,0,0,1.7e-05,0.00039
746,test,stayingpower,0,0,6.7e-05,0.000588
746,test,texture,0,0,0.000178,0.000457
747,test,colour,1,1,5.7e-05,0.998785
747,test,packing,0,0,0.000115,0.004849
747,test,price,0,0,0.000326,0.004008
747,test,shipping,1,1,0.000139,0.997601
747,test,smell,0,0,4.6e-05,0.000282
747,test,stayingpower,0,0,0.000149,0.001406
747,test,texture,0,0,0.000333,0.001474
748,test,colour,0,0,0.000334,0.012166
748,test,packing,0,0,0.00034,0.009724
748,test,price,0,0,0.000532,0.00363
748,test,shipping,0,0,0.000174,0.002017
748,test,smell,0,0,1.5e-05,0.000219
748,test,stayingpower,0,0,3.5e-05,0.000325
748,test,texture,0,0,8.9e-05,0.000219
749,test,colour,0,0,0.017715,0.006362
749,test,packing,0,0,0.017284,0.014218
749,test,price,0,0,0.007487,0.005937
749,test,shipping,0,0,0.001093,0.001096
749,test,smell,0,0,0.000872,0.000143
749,test,stayingpower,0,0,0.053576,0.005796
749,test,texture,2,2,0.996068,0.002298
750,test,colour,0,0,0.002089,0.01142
750,test,packing,0,0,0.000643,0.003488
750,test,price,0,0,0.001612,0.007683
750,test,shipping,0,0,0.003846,0.004085
750,test,smell,0,0,5.7e-05,0.00067
750,test,stayingpower,0,0,9.6e-05,0.000258
750,test,texture,0,0,0.000504,0.000587
751,test,colour,0,0,0.000985,0.010386
751,test,packing,0,0,0.002359,0.015518
751,test,price,0,0,0.000404,0.001391
751,test,shipping,0,0,0.000406,0.000138
751,test,smell,1,1,0.000119,0.998501
751,test,stayingpower,0,0,0.000738,0.00059
751,test,texture,0,0,0.000251,0.002148
752,test,colour,0,0,0.000633,0.025496
752,test,packing,0,0,0.000307,0.010525
752,test,price,0,0,0.000305,0.004904
752,test,shipping,1,1,0.000389,0.999263
752,test,smell,0,0,4.7e-05,0.000749
752,test,stayingpower,0,0,5.5e-05,0.000626
752,test,texture,0,0,0.000122,0.000563
753,test,colour,0,0,0.00015,0.001496
753,test,packing,0,0,0.000114,0.001747
753,test,price,1,1,0.00468,0.992037
753,test,shipping,0,0,0.001863,0.009737
753,test,smell,0,0,3.3e-05,0.000616
753,test,stayingpower,0,0,0.000162,0.000533
753,test,texture,0,0,0.000888,0.006732
754,test,colour,0,0,0.000259,0.020953
754,test,packing,0,0,0.00122,0.034311
754,test,price,0,0,0.00022,0.007771
754,test,shipping,1,1,0.00262,0.99491
754,test,smell,1,1,0.000351,0.997898
754,test,stayingpower,0,0,6e-05,0.000732
754,test,texture,0,0,2.5e-05,0.000733
755,test,colour,0,0,0.026916,0.086853
755,test,packing,0,1,0.069967,0.465806
755,test,price,0,0,0.003685,0.022951
755,test,shipping,1,1,0.024952,0.970107
755,test,smell,1,1,0.001742,0.995143
755,test,stayingpower,3,2,0.887653,0.035125
755,test,texture,0,1,0.001506,0.886764
756,test,colour,1,1,0.000281,0.984895
756,test,packing,1,1,0.001685,0.994868
756,test,price,0,0,0.001114,0.017384
756,test,shipping,1,1,0.02011,0.949924
756,test,smell,1,1,0.001365,0.998247
756,test,stayingpower,0,0,0.000307,0.001382
756,test,texture,0,0,0.000332,0.006736
757,test,colour,0,0,0.002201,0.001686
757,test,packing,0,0,0.001086,0.003876
757,test,price,0,0,0.000614,0.000861
757,test,shipping,0,0,0.000377,0.000426
757,test,smell,0,0,0.000104,0.001743
757,test,stayingpower,0,0,0.000255,0.000799
757,test,texture,0,0,0.000187,0.000121
758,test,colour,1,2,0.989867,0.009436
758,test,packing,3,2,0.788268,0.207949
758,test,price,0,0,0.006894,0.007146
758,test,shipping,0,0,0.020156,0.001444
758,test,smell,0,0,0.02733,0.001474
758,test,stayingpower,0,0,0.095627,0.009547
758,test,texture,0,0,0.191709,0.013581
759,test,colour,1,1,0.038032,0.960829
759,test,packing,0,0,0.00403,0.003212
759,test,price,0,0,0.003848,0.007059
759,test,shipping,0,0,0.002329,0.000797
759,test,smell,2,2,0.998722,0.001239
759,test,stayingpower,0,0,0.008566,0.010227
759,test,texture,0,0,0.027395,0.016155
760,test,colour,1,1,4.8e-05,0.999569
760,test,packing,0,0,0.000162,0.003852
760,test,price,0,0,0.000579,0.00271
760,test,shipping,0,0,0.000501,0.001812
760,test,smell,0,0,0.000128,0.000899
760,test,stayingpower,0,0,0.000602,0.001199
760,test,texture,0,0,0.000369,0.001317
761,test,colour,1,1,0.000547,0.995911
761,test,packing,0,0,0.000199,0.01008
761,test,price,0,0,0.000702,0.015731
761,test,shipping,1,1,0.000544,0.998047
761,test,smell,0,0,0.000783,0.005195
761,test,stayingpower,0,0,0.005148,0.138074
761,test,texture,1,1,0.001521,0.998222
762,test,colour,1,1,0.010106,0.989863
762,test,packing,0,0,0.000249,0.001525
762,test,price,0,0,0.001298,0.004932
762,test,shipping,0,0,0.000381,0.001041
762,test,smell,0,0,0.000521,0.000285
762,test,stayingpower,0,0,0.012846,0.04328
762,test,texture,1,1,0.003215,0.964026
763,test,colour,0,0,0.002347,0.039142
763,test,packing,0,0,0.020906,0.108369
763,test,price,1,1,0.005621,0.991371
763,test,shipping,2,2,0.999313,0.000469
763,test,smell,1,1,0.000616,0.998191
763,test,stayingpower,0,0,0.000605,0.002186
763,test,texture,0,0,0.00023,0.002035
764,test,colour,0,0,0.001677,0.005386
764,test,packing,0,0,0.005052,0.006108
764,test,price,0,0,0.001221,0.002992
764,test,shipping,0,0,0.002564,0.002275
764,test,smell,2,2,0.997655,0.001476
764,test,stayingpower,0,0,0.000768,0.002026
764,test,texture,0,0,0.033087,0.008795
765,test,colour,1,1,0.021211,0.941938
765,test,packing,0,0,0.056138,0.118696
765,test,price,0,0,0.010557,0.01769
765,test,shipping,2,2,0.999643,0.000232
765,test,smell,1,1,0.0014,0.997889
765,test,stayingpower,3,2,0.990543,0.005153
765,test,texture,1,1,0.1499,0.841813
766,test,colour,0,1,0.003499,0.992697
766,test,packing,0,0,0.012174,0.029966
766,test,price,1,1,0.001968,0.994871
766,test,shipping,0,0,0.005142,0.000976
766,test,smell,0,1,0.14763,0.841766
766,test,stayingpower,1,1,0.006764,0.989096
766,test,texture,1,1,0.003429,0.970134
767,test,colour,0,0,0.0019,0.010128
767,test,packing,0,0,0.000793,0.015923
767,test,price,0,0,0.000622,0.017602
767,test,shipping,1,1,0.002541,0.9972
767,test,smell,0,0,0.000866,0.004093
767,test,stayingpower,1,1,0.00558,0.980243
767,test,texture,1,1,0.000683,0.996975
768,test,colour,1,1,0.000924,0.992611
768,test,packing,0,0,0.001513,0.017461
768,test,price,0,0,0.00087,0.002272
768,test,shipping,3,2,0.998687,0.001295
768,test,smell,0,0,0.000246,0.000377
768,test,stayingpower,0,0,0.000169,0.001279
768,test,texture,0,0,0.000545,0.000345
769,test,colour,0,0,0.000208,0.032584
769,test,packing,0,0,0.000368,0.001546
769,test,price,0,0,0.006347,0.261269
769,test,shipping,0,0,0.000179,0.000116
769,test,smell,1,1,0.001216,0.998622
769,test,stayingpower,0,0,0.000584,0.001718
769,test,texture,0,0,0.000661,0.01828
770,test,colour,0,0,0.005114,0.001797
770,test,packing,0,0,0.002422,0.002098
770,test,price,0,0,0.003897,0.006813
770,test,shipping,0,0,0.001023,0.000408
770,test,smell,0,0,8.4e-05,0.000289
770,test,stayingpower,0,0,0.000187,0.000112
770,test,texture,0,0,0.00027,0.000126
771,test,colour,0,0,0.0003,0.013595
771,test,packing,0,0,0.000885,0.010415
771,test,price,1,1,0.00074,0.998953
771,test,shipping,0,0,0.001989,0.006746
771,test,smell,3,1,0.043678,0.949819
771,test,stayingpower,0,0,0.000471,0.011444
771,test,texture,0,0,0.001273,0.051988
772,test,colour,3,1,0.025763,0.934567
772,test,packing,0,0,0.006778,0.011761
772,test,price,1,1,0.00566,0.993353
772,test,shipping,0,0,0.015043,0.007769
772,test,smell,1,1,0.000877,0.998592
772,test,stayingpower,1,2,0.863942,0.135417
772,test,texture,1,1,0.001916,0.989154
773,test,colour,1,1,1.8e-05,0.999792
773,test,packing,0,0,0.000908,0.049812
773,test,price,0,0,0.000672,0.00389
773,test,shipping,0,0,0.000469,0.00296
773,test,smell,0,0,8.5e-05,0.000934
773,test,stayingpower,0,0,0.000138,0.002072
773,test,texture,0,0,0.000317,0.001094
774,test,colour,0,0,0.000257,0.001398
774,test,packing,0,0,0.000351,0.006082
774,test,price,0,0,0.000378,0.001268
774,test,shipping,0,0,0.000191,0.000765
774,test,smell,0,0,1.8e-05,0.000365
774,test,stayingpower,0,0,3.9e-05,0.000126
774,test,texture,0,0,0.000331,0.000294
775,test,colour,1,1,0.000378,0.996203
775,test,packing,0,1,0.003034,0.995608
775,test,price,1,1,0.001098,0.998057
775,test,shipping,0,0,0.034823,0.027496
775,test,smell,0,0,0.000487,0.002399
775,test,stayingpower,0,0,0.00052,0.00332
775,test,texture,0,0,0.000334,0.000585
776,test,colour,1,1,0.000819,0.998251
776,test,packing,1,1,0.00229,0.99337
776,test,price,1,1,0.000444,0.998162
776,test,shipping,0,0,0.0253,0.028072
776,test,smell,0,0,0.002128,0.007501
776,test,stayingpower,0,0,0.009081,0.069142
776,test,texture,1,1,0.001772,0.996177
777,test,colour,1,1,0.000242,0.999639
777,test,packing,0,0,0.000932,0.010184
777,test,price,0,0,0.001439,0.00515
777,test,shipping,0,0,0.002536,0.006314
777,test,smell,0,0,0.000672,0.001391
777,test,stayingpower,0,0,0.004318,0.010224
777,test,texture,2,2,0.993503,0.0055
778,test,colour,0,0,0.00084,0.007451
778,test,packing,0,0,0.007732,0.26986
778,test,price,0,0,0.000172,0.00106
778,test,shipping,1,1,0.000224,0.999051
778,test,smell,0,0,5.6e-05,0.000154
778,test,stayingpower,0,0,9.8e-05,0.002458
778,test,texture,0,0,0.00029,0.001054
779,test,colour,0,0,0.001427,0.002938
779,test,packing,0,0,0.000675,0.004952
779,test,price,0,0,0.000318,0.000556
779,test,shipping,0,0,0.000557,0.000717
779,test,smell,0,0,8.6e-05,0.002299
779,test,stayingpower,0,0,0.000161,0.000327
779,test,texture,0,0,0.000161,0.000196
780,test,colour,1,1,0.002886,0.991258
780,test,packing,0,0,0.00046,0.002565
780,test,price,0,0,0.005882,0.016438
780,test,shipping,0,0,0.009153,0.019915
780,test,smell,0,0,0.000701,0.005653
780,test,stayingpower,1,2,0.98137,0.018274
780,test,texture,1,1,0.000999,0.997195
781,test,colour,1,1,4.4e-05,0.996748
781,test,packing,0,0,0.000616,0.00646
781,test,price,0,0,0.000637,0.002558
781,test,shipping,0,0,0.000469,0.000703
781,test,smell,1,1,0.000306,0.999074
781,test,stayingpower,0,0,0.000625,0.001369
781,test,texture,0,0,8.4e-05,0.0005
782,test,colour,0,0,0.002956,0.013511
782,test,packing,1,1,0.000744,0.998533
782,test,price,0,0,0.000464,0.019297
782,test,shipping,1,1,0.012288,0.982318
782,test,smell,1,1,0.001105,0.997666
782,test,stayingpower,0,0,0.001033,0.009407
782,test,texture,1,1,0.0001,0.998518
783,test,colour,0,0,0.008849,0.005767
783,test,packing,0,0,0.000261,0.000624
783,test,price,1,1,0.018829,0.979852
783,test,shipping,0,0,0.000965,0.000355
783,test,smell,0,0,0.000171,0.000855
783,test,stayingpower,0,0,0.000686,0.000621
783,test,texture,0,0,0.038825,0.0337
784,test,colour,0,0,0.001557,0.002123
784,test,packing,0,0,0.001124,0.003329
784,test,price,0,0,0.000396,0.000418
784,test,shipping,0,0,0.000486,0.000434
784,test,smell,0,0,5e-05,0.000865
784,test,stayingpower,0,0,0.000122,0.000264
784,test,texture,0,0,0.00019,0.000242
785,test,colour,1,1,0.005101,0.97239
785,test,packing,0,0,0.005291,0.059254
785,test,price,1,1,0.004292,0.993085
785,test,shipping,3,1,0.030298,0.965221
785,test,smell,0,0,0.002576,0.005495
785,test,stayingpower,0,0,0.003851,0.024108
785,test,texture,2,2,0.990957,0.007804
786,test,colour,0,0,0.000615,0.004711
786,test,packing,0,0,0.000468,0.007816
786,test,price,0,0,0.000411,0.001046
786,test,shipping,0,0,0.000144,0.000742
786,test,smell,0,0,7e-06,0.000282
786,test,stayingpower,0,0,2.8e-05,0.00017
786,test,texture,0,0,0.000237,0.000508
787,test,colour,0,0,0.000477,0.028811
787,test,packing,0,0,0.00135,0.055047
787,test,price,0,0,0.000448,0.002657
787,test,shipping,0,0,0.000103,0.00057
787,test,smell,0,0,2e-05,0.001453
787,test,stayingpower,0,0,1.9e-05,0.000108
787,test,texture,0,0,7.9e-05,0.000118
788,test,colour,0,0,0.000967,0.004655
788,test,packing,0,0,0.002716,0.009256
788,test,price,0,0,0.001456,0.002203
788,test,shipping,2,2,0.977128,0.003194
788,test,smell,0,0,4.9e-05,0.000142
788,test,stayingpower,0,0,2.1e-05,0.000177
788,test,texture,0,0,0.001134,0.0003
789,test,colour,0,0,0.000547,0.019682
789,test,packing,1,1,0.001732,0.997581
789,test,price,0,0,0.000554,0.008333
789,test,shipping,0,0,0.007965,0.005796
789,test,smell,1,1,0.000817,0.997616
789,test,stayingpower,0,0,0.000264,0.00165
789,test,texture,0,0,0.000237,0.004668
790,test,colour,1,1,0.000406,0.999494
790,test,packing,1,1,0.000657,0.997444
790,test,price,0,0,0.000221,0.005654
790,test,shipping,1,1,0.003697,0.994613
790,test,smell,0,0,0.003214,0.007837
790,test,stayingpower,0,0,0.001144,0.006495
790,test,texture,1,1,0.002179,0.983608
791,test,colour,0,0,0.001159,0.036953
791,test,packing,0,0,0.000887,0.018939
791,test,price,0,0,0.000484,0.00634
791,test,shipping,1,1,0.000241,0.999626
791,test,smell,0,0,0.000174,0.001928
791,test,stayingpower,0,0,0.000227,0.001814
791,test,texture,0,0,0.000264,0.000881
792,test,colour,2,2,0.996627,0.000119
792,test,packing,0,0,0.008681,0.003099
792,test,price,0,0,0.016135,0.010031
792,test,shipping,0,0,0.008104,0.001629
792,test,smell,0,0,0.000861,0.000292
792,test,stayingpower,0,0,0.001487,0.001109
792,test,texture,0,0,0.026001,0.00664
793,test,colour,0,0,0.001471,0.003314
793,test,packing,0,0,0.001058,0.005183
793,test,price,0,0,0.000294,0.000458
793,test,shipping,0,0,0.002168,0.006137
793,test,smell,0,0,4.1e-05,0.000275
793,test,stayingpower,0,0,0.000234,0.001059
793,test,texture,0,0,0.000283,0.00023
794,test,colour,1,1,3.8e-05,0.999834
794,test,packing,0,0,0.000215,0.021082
794,test,price,0,0,0.000321,0.005435
794,test,shipping,1,1,0.000326,0.998364
794,test,smell,0,0,0.000132,0.000356
794,test,stayingpower,0,0,0.000273,0.004512
794,test,texture,0,0,0.000392,0.001864
795,test,colour,1,1,0.000138,0.999589
795,test,packing,0,0,0.000385,0.00183
795,test,price,0,0,0.000614,0.002238
795,test,shipping,0,0,0.000113,0.00037
795,test,smell,1,1,0.00015,0.999356
795,test,stayingpower,0,0,0.003393,0.00464
795,test,texture,0,0,0.001224,0.044959
796,test,colour,0,0,0.000885,0.02924
796,test,packing,0,0,0.00081,0.009023
796,test,price,1,1,0.002725,0.995866
796,test,shipping,1,1,0.006635,0.991215
796,test,smell,0,0,0.00012,0.00104
796,test,stayingpower,0,0,0.000146,0.000779
796,test,texture,0,0,0.000401,0.000367
797,test,colour,1,1,4.9e-05,0.999794
797,test,packing,0,0,4e-05,0.001015
797,test,price,0,0,0.00061,0.003331
797,test,shipping,0,0,6.6e-05,0.001061
797,test,smell,0,0,2.6e-05,0.000427
797,test,stayingpower,0,0,0.000362,0.002455
797,test,texture,0,0,0.000494,0.006717
798,test,colour,0,0,0.000585,0.00948
798,test,packing,0,0,0.000391,0.003813
798,test,price,0,0,0.00052,0.001842
798,test,shipping,0,0,0.000146,0.000489
798,test,smell,0,0,1.6e-05,0.000416
798,test,stayingpower,0,0,6.9e-05,0.000175
798,test,texture,0,0,0.00025,0.000482
799,test,colour,0,0,0.002044,0.001264
799,test,packing,1,1,0.015191,0.979474
799,test,price,0,0,0.000143,0.000579
799,test,shipping,0,0,0.00726,0.003053
799,test,smell,0,0,7.3e-05,0.000155
799,test,stayingpower,0,0,0.000168,0.000672
799,test,texture,3,1,0.015133,0.814675
800,test,colour,2,2,0.997456,0.000264
800,test,packing,0,0,0.018391,0.009281
800,test,price,0,0,0.016137,0.01519
800,test,shipping,0,0,0.057582,0.010744
800,test,smell,0,0,0.003359,0.000583
800,test,stayingpower,1,1,0.028948,0.950023
800,test,texture,0,0,0.046145,0.017906
801,test,colour,3,1,0.211687,0.777424
801,test,packing,0,0,0.000752,0.00526
801,test,price,0,0,0.004886,0.009111
801,test,shipping,0,0,0.002633,0.009323
801,test,smell,0,0,0.002082,0.007431
801,test,stayingpower,3,2,0.998063,0.001869
801,test,texture,1,1,0.001432,0.997494
802,test,colour,1,1,3.2e-05,0.99886
802,test,packing,0,0,0.000544,0.005132
802,test,price,0,0,0.000497,0.003791
802,test,shipping,0,0,0.000573,0.001462
802,test,smell,1,1,0.000416,0.995948
802,test,stayingpower,0,0,0.000612,0.002677
802,test,texture,0,0,0.000245,0.003189
803,test,colour,1,1,1.9e-05,0.99994
803,test,packing,1,1,0.000731,0.995621
803,test,price,0,0,0.000229,0.002479
803,test,shipping,0,0,0.009134,0.031014
803,test,smell,0,0,0.000413,0.000956
803,test,stayingpower,0,0,0.000406,0.00638
803,test,texture,0,0,0.000523,0.002431
804,test,colour,0,0,0.000623,0.002411
804,test,packing,0,0,0.000787,0.014815
804,test,price,0,0,0.001958,0.004907
804,test,shipping,2,2,0.995812,0.001246
804,test,smell,0,0,4.9e-05,0.000233
804,test,stayingpower,0,0,5.8e-05,0.000474
804,test,texture,0,0,0.000206,0.00029
805,test,colour,1,2,0.638353,0.361062
805,test,packing,1,1,0.093301,0.88426
805,test,price,0,0,0.008304,0.032183
805,test,shipping,0,0,0.218203,0.010295
805,test,smell,1,1,0.004077,0.995368
805,test,stayingpower,1,1,0.100887,0.885948
805,test,texture,3,1,0.053789,0.731774
806,test,colour,3,0,0.037212,0.057379
806,test,packing,0,0,0.007383,0.085535
806,test,price,0,0,0.002809,0.010444
806,test,shipping,2,2,0.999062,0.000216
806,test,smell,0,0,0.0063,0.015256
806,test,stayingpower,1,1,0.025813,0.96526
806,test,texture,1,1,0.001599,0.997404
807,test,colour,1,1,0.001931,0.997965
807,test,packing,0,0,0.000739,0.003745
807,test,price,0,0,0.003456,0.003456
807,test,shipping,0,0,0.000683,0.001813
807,test,smell,0,0,0.000962,0.001632
807,test,stayingpower,2,2,0.999088,0.000839
807,test,texture,0,0,0.027217,0.041492
808,test,colour,2,2,0.863431,0.126454
808,test,packing,0,0,0.002815,0.023581
808,test,price,0,0,0.000612,0.003828
808,test,shipping,1,1,0.000867,0.997926
808,test,smell,1,1,0.387943,0.606785
808,test,stayingpower,0,0,0.002743,0.023225
808,test,texture,0,0,0.000924,0.01795
809,test,colour,1,1,0.000161,0.998191
809,test,packing,0,0,0.000619,0.013379
809,test,price,1,1,0.002908,0.993051
809,test,shipping,1,1,0.001563,0.981218
809,test,smell,0,0,0.000146,0.002264
809,test,stayingpower,0,0,0.000261,0.00211
809,test,texture,0,0,0.000232,0.001327
810,test,colour,1,1,0.005826,0.981146
810,test,packing,0,0,0.007331,0.112081
810,test,price,0,0,0.000926,0.010842
810,test,shipping,0,0,0.003714,0.000799
810,test,smell,1,1,0.002313,0.996013
810,test,stayingpower,3,1,0.024018,0.973193
810,test,texture,1,1,0.001146,0.997679
811,test,colour,1,1,0.114993,0.873767
811,test,packing,0,0,0.002746,0.005237
811,test,price,0,0,0.006812,0.009025
811,test,shipping,0,0,0.003566,0.012854
811,test,smell,1,1,0.006899,0.987876
811,test,stayingpower,2,2,0.998328,0.00161
811,test,texture,1,1,0.000854,0.991327
812,test,colour,0,0,0.007782,0.000774
812,test,packing,0,0,0.025019,0.007034
812,test,price,0,0,0.009084,0.01104
812,test,shipping,0,0,0.00174,0.001012
812,test,smell,0,0,0.002526,0.000746
812,test,stayingpower,0,0,0.002961,0.00115
812,test,texture,2,2,0.998705,0.00044
813,test,colour,2,2,0.999605,0.000342
813,test,packing,0,0,0.026638,0.030297
813,test,price,0,0,0.032857,0.034176
813,test,shipping,0,0,0.014453,0.013022
813,test,smell,1,1,0.314123,0.681266
813,test,stayingpower,3,2,0.988662,0.009385
813,test,texture,3,0,0.330652,0.097963
814,test,colour,1,1,0.024029,0.970182
814,test,packing,0,0,0.023765,0.026458
814,test,price,0,0,0.008029,0.007188
814,test,shipping,1,2,0.997349,0.000733
814,test,smell,0,0,0.00284,0.017505
814,test,stayingpower,2,2,0.999223,0.000735
814,test,texture,0,0,0.020685,0.007297
815,test,colour,0,0,0.013247,0.092943
815,test,packing,0,0,0.000646,0.007686
815,test,price,1,1,0.001198,0.998325
815,test,shipping,0,0,0.006629,0.031668
815,test,smell,0,0,0.000234,0.003356
815,test,stayingpower,0,0,0.003362,0.020562
815,test,texture,1,1,0.000133,0.999574
816,test,colour,0,1,0.007595,0.977686
816,test,packing,0,0,0.000597,0.003662
816,test,price,0,0,0.002439,0.015009
816,test,shipping,0,0,0.00106,0.00173
816,test,smell,1,1,0.000827,0.993394
816,test,stayingpower,0,0,0.005548,0.019093
816,test,texture,1,1,0.00019,0.998064
817,test,colour,0,0,0.000371,0.028763
817,test,packing,0,0,0.007847,0.142722
817,test,price,1,1,0.003536,0.989384
817,test,shipping,0,0,0.001078,0.000957
817,test,smell,1,1,0.000126,0.998339
817,test,stayingpower,0,0,0.000134,0.001098
817,test,texture,0,0,0.00014,0.001107
818,test,colour,0,0,0.001203,0.005818
818,test,packing,0,0,0.000346,0.005378
818,test,price,0,0,0.00144,0.006433
818,test,shipping,0,0,0.000547,0.00135
818,test,smell,0,0,1.6e-05,0.000401
818,test,stayingpower,0,0,4.6e-05,0.000225
818,test,texture,0,0,0.000171,0.000194
819,test,colour,1,1,0.017752,0.762397
819,test,packing,0,0,0.000246,0.003253
819,test,price,1,1,0.000576,0.999311
819,test,shipping,0,0,0.000676,0.001862
819,test,smell,0,0,0.000173,0.002934
819,test,stayingpower,0,0,0.001215,0.012077
819,test,texture,1,1,0.002034,0.985044
820,test,colour,0,1,0.384769,0.604702
820,test,packing,0,0,0.000839,0.001487
820,test,price,0,0,0.002758,0.003601
820,test,shipping,0,0,0.026074,0.007752
820,test,smell,0,0,0.000223,0.000553
820,test,stayingpower,0,0,0.008032,0.001999
820,test,texture,0,0,0.000124,6.8e-05
821,test,colour,0,0,0.000593,0.002842
821,test,packing,0,0,0.002138,0.02595
821,test,price,1,1,0.009604,0.988915
821,test,shipping,2,2,0.999609,0.000252
821,test,smell,0,0,0.000119,0.000936
821,test,stayingpower,0,0,0.00016,0.000977
821,test,texture,0,0,0.000646,0.000987
822,test,colour,0,0,0.005764,0.005383
822,test,packing,0,0,0.003647,0.003833
822,test,price,0,0,0.0011,0.001072
822,test,shipping,0,0,0.001702,0.000606
822,test,smell,0,0,0.000131,0.001542
822,test,stayingpower,0,0,0.000445,0.000287
822,test,texture,0,0,0.00043,0.000128
823,test,colour,0,0,0.000745,0.002487
823,test,packing,0,0,0.000553,0.006707
823,test,price,0,0,0.000539,0.001304
823,test,shipping,0,0,0.00028,0.000795
823,test,smell,0,0,3.3e-05,0.00052
823,test,stayingpower,0,0,5.9e-05,0.000189
823,test,texture,0,0,0.000222,0.000192
824,test,colour,1,1,0.000145,0.99389
824,test,packing,0,0,0.000226,0.014367
824,test,price,0,0,0.001555,0.026499
824,test,shipping,1,1,0.000665,0.986178
824,test,smell,0,0,7e-05,0.002361
824,test,stayingpower,0,0,4e-05,0.000588
824,test,texture,0,0,6e-05,0.000472
825,test,colour,0,0,0.000557,0.030241
825,test,packing,0,0,0.000189,0.013587
825,test,price,0,0,0.000214,0.002682
825,test,shipping,1,1,0.003184,0.908926
825,test,smell,0,0,8e-06,5.9e-05
825,test,stayingpower,0,0,1.6e-05,0.000371
825,test,texture,0,0,0.000117,0.000282
826,test,colour,0,0,0.000604,0.043437
826,test,packing,0,0,0.014279,0.103774
826,test,price,0,0,0.000947,0.002981
826,test,shipping,0,0,0.000581,0.000366
826,test,smell,1,1,0.000153,0.996763
826,test,stayingpower,0,0,0.000261,0.000323
826,test,texture,0,0,5.3e-05,0.000137
827,test,colour,0,0,0.000882,0.024108
827,test,packing,1,1,0.001307,0.998014
827,test,price,0,0,0.00061,0.025283
827,test,shipping,1,1,0.048699,0.925913
827,test,smell,1,1,0.001663,0.997712
827,test,stayingpower,1,1,0.003029,0.84575
827,test,texture,0,0,0.000184,0.003175
828,test,colour,1,1,0.00028,0.999195
828,test,packing,0,0,0.000704,0.01572
828,test,price,0,0,0.002213,0.043736
828,test,shipping,1,1,0.001184,0.997775
828,test,smell,0,0,0.002438,0.01862
828,test,stayingpower,0,0,0.007025,0.062904
828,test,texture,1,1,0.00025,0.999328
829,test,colour,1,1,0.000189,0.999121
829,test,packing,1,0,0.006225,0.428327
829,test,price,0,0,0.00024,0.003586
829,test,shipping,0,0,0.001227,0.002305
829,test,smell,0,0,0.000175,0.000708
829,test,stayingpower,1,1,0.001027,0.991724
829,test,texture,0,0,0.004357,0.007138
830,test,colour,1,1,0.008295,0.991651
830,test,packing,0,0,0.000902,0.004897
830,test,price,0,0,0.00229,0.004163
830,test,shipping,0,0,0.00051,0.00156
830,test,smell,0,0,0.001144,0.001875
830,test,stayingpower,0,0,0.260851,0.231072
830,test,texture,1,1,0.051116,0.947912
831,test,colour,1,1,0.002268,0.996367
831,test,packing,1,1,0.016669,0.980559
831,test,price,1,1,0.004483,0.983433
831,test,shipping,1,1,0.030901,0.965091
831,test,smell,0,0,0.018043,0.042597
831,test,stayingpower,2,2,0.974857,0.024933
831,test,texture,0,2,0.469071,0.144662
832,test,colour,0,0,0.002157,0.007002
832,test,packing,0,0,0.001021,0.004825
832,test,price,0,0,0.001161,0.00323
832,test,shipping,0,0,0.007032,0.014609
832,test,smell,0,0,8.8e-05,0.000588
832,test,stayingpower,0,0,0.000175,0.000639
832,test,texture,0,0,0.000234,0.000479
833,test,colour,0,0,0.000247,0.003623
833,test,packing,0,0,0.000259,0.008157
833,test,price,1,1,0.007592,0.980867
833,test,shipping,0,0,0.000788,0.000964
833,test,smell,0,0,2.7e-05,0.000907
833,test,stayingpower,0,0,2.2e-05,0.00037
833,test,texture,0,0,0.000292,0.000663
834,test,colour,1,1,0.00123,0.996879
834,test,packing,0,0,0.015575,0.04085
834,test,price,0,0,0.002279,0.006964
834,test,shipping,0,0,0.010959,0.008181
834,test,smell,2,2,0.999406,0.000552
834,test,stayingpower,0,0,0.014084,0.056644
834,test,texture,1,1,0.076734,0.884244
835,test,colour,1,1,0.001816,0.996917
835,test,packing,0,0,0.038341,0.053529
835,test,price,0,0,0.008733,0.010645
835,test,shipping,2,2,0.995894,0.000907
835,test,smell,1,1,0.002037,0.997219
835,test,stayingpower,2,2,0.997506,0.001924
835,test,texture,0,0,0.001945,0.017033
836,test,colour,0,0,0.01215,0.096633
836,test,packing,0,0,0.000402,0.003555
836,test,price,0,0,0.000457,0.004111
836,test,shipping,0,0,0.000647,0.000707
836,test,smell,0,0,0.00035,0.002015
836,test,stayingpower,1,1,0.007996,0.989612
836,test,texture,3,1,0.144533,0.832903
837,test,colour,0,0,0.000404,0.002215
837,test,packing,1,1,0.000462,0.998862
837,test,price,0,0,0.000447,0.005618
837,test,shipping,0,0,0.004295,0.011055
837,test,smell,0,0,4.5e-05,0.000145
837,test,stayingpower,0,0,3.7e-05,0.000978
837,test,texture,0,0,0.000328,0.001338
838,test,colour,1,1,0.000239,0.9994
838,test,packing,0,0,0.000958,0.018214
838,test,price,0,0,0.000591,0.008213
838,test,shipping,0,0,0.000966,0.001932
838,test,smell,0,0,0.000229,0.001661
838,test,stayingpower,1,1,0.000632,0.997857
838,test,texture,0,0,0.010013,0.046896
839,test,colour,0,0,0.012353,0.010413
839,test,packing,0,0,0.004417,0.015144
839,test,price,0,0,0.004163,0.007434
839,test,shipping,0,0,0.00248,0.003895
839,test,smell,0,0,0.000325,0.00393
839,test,stayingpower,2,2,0.999579,0.000331
839,test,texture,1,1,0.007253,0.98074
840,test,colour,0,0,0.003716,0.008302
840,test,packing,0,0,0.011624,0.009595
840,test,price,1,1,0.048163,0.949008
840,test,shipping,2,2,0.999687,0.000242
840,test,smell,0,0,0.000194,0.001193
840,test,stayingpower,0,0,0.000849,0.000407
840,test,texture,0,0,0.000679,0.000317
841,test,colour,1,1,0.018533,0.961389
841,test,packing,0,0,0.001509,0.001337
841,test,price,1,1,0.013549,0.983669
841,test,shipping,0,0,0.00305,0.002162
841,test,smell,0,0,0.000662,0.000761
841,test,stayingpower,0,0,0.098188,0.013478
841,test,texture,2,2,0.999342,0.000438
842,test,colour,1,1,0.00011,0.998774
842,test,packing,0,0,0.000268,0.016382
842,test,price,0,0,0.000237,0.004445
842,test,shipping,1,1,0.000281,0.999323
842,test,smell,0,0,8.7e-05,0.000622
842,test,stayingpower,0,0,0.000122,0.001249
842,test,texture,0,0,0.000287,0.00199
843,test,colour,0,0,0.003252,0.003273
843,test,packing,0,0,0.001026,0.003776
843,test,price,0,0,0.000654,0.000921
843,test,shipping,0,0,0.000691,0.000782
843,test,smell,0,0,5.4e-05,0.000742
843,test,stayingpower,0,0,0.000201,0.00056
843,test,texture,0,0,0.000204,0.000174
844,test,colour,0,0,7.7e-05,0.004091
844,test,packing,0,0,0.000887,0.009376
844,test,price,0,0,0.000579,0.004056
844,test,shipping,0,0,0.000408,0.000337
844,test,smell,1,1,0.00015,0.998005
844,test,stayingpower,0,0,0.000148,0.000478
844,test,texture,0,0,0.000109,0.002546
845,test,colour,1,1,3.5e-05,0.99952
845,test,packing,0,0,2.8e-05,0.001097
845,test,price,0,0,0.000442,0.002402
845,test,shipping,0,0,0.000186,0.002206
845,test,smell,0,0,1.5e-05,0.000183
845,test,stayingpower,0,0,0.000171,0.003334
845,test,texture,0,0,0.001634,0.055384
846,test,colour,0,0,0.000135,0.01198
846,test,packing,0,0,0.001127,0.011751
846,test,price,0,0,0.00049,0.00338
846,test,shipping,0,0,0.000275,0.000421
846,test,smell,1,1,0.000207,0.993301
846,test,stayingpower,0,0,9.7e-05,0.000726
846,test,texture,0,0,6e-05,0.001776
847,test,colour,1,1,0.001275,0.996705
847,test,packing,0,0,0.000252,0.006016
847,test,price,0,0,0.000477,0.003804
847,test,shipping,0,0,0.000401,0.001616
847,test,smell,0,0,0.000144,0.00126
847,test,stayingpower,1,1,0.000629,0.998935
847,test,texture,0,0,0.052988,0.305197
848,test,colour,0,0,0.001997,0.000483
848,test,packing,0,0,0.006151,0.01511
848,test,price,0,0,0.000535,0.000508
848,test,shipping,0,0,0.008467,0.001718
848,test,smell,0,0,0.000188,0.000725
848,test,stayingpower,0,0,0.001506,0.012696
848,test,texture,0,0,0.000583,0.000805
849,test,colour,3,2,0.931546,0.063557
849,test,packing,0,0,0.005441,0.009709
849,test,price,0,0,0.011373,0.006409
849,test,shipping,0,0,0.001618,0.007417
849,test,smell,0,0,0.004978,0.008403
849,test,stayingpower,2,2,0.999767,0.000195
849,test,texture,0,0,0.00709,0.016072
850,test,colour,0,0,0.004239,0.012834
850,test,packing,0,1,0.000763,0.998231
850,test,price,0,0,0.000356,0.009742
850,test,shipping,0,0,0.014622,0.021739
850,test,smell,0,0,0.000213,0.000707
850,test,stayingpower,0,0,0.000689,0.008121
850,test,texture,1,1,0.000203,0.997014
851,test,colour,1,1,3.1e-05,0.999902
851,test,packing,0,0,0.000504,0.022356
851,test,price,0,0,0.001035,0.00421
851,test,shipping,2,2,0.998546,0.000866
851,test,smell,0,0,0.000184,0.000721
851,test,stayingpower,0,0,0.000533,0.005503
851,test,texture,0,0,0.001466,0.005307
852,test,colour,0,0,0.000301,0.001518
852,test,packing,0,0,0.00353,0.055209
852,test,price,1,1,0.005092,0.989226
852,test,shipping,1,1,0.0078,0.986999
852,test,smell,0,0,7.9e-05,0.000482
852,test,stayingpower,0,0,2.7e-05,0.000221
852,test,texture,0,0,0.000446,0.000256
853,test,colour,0,0,0.001088,0.002828
853,test,packing,1,1,0.001407,0.997911
853,test,price,0,0,0.00039,0.002709
853,test,shipping,0,0,0.006236,0.017145
853,test,smell,0,0,6.1e-05,0.000117
853,test,stayingpower,0,0,8.4e-05,0.000445
853,test,texture,0,0,0.000436,0.000386
854,test,colour,1,1,1.4e-05,0.999065
854,test,packing,0,0,0.000757,0.008113
854,test,price,0,0,0.000434,0.003312
854,test,shipping,0,0,0.000817,0.001841
854,test,smell,1,1,0.000363,0.993358
854,test,stayingpower,0,0,0.000151,0.001007
854,test,texture,0,0,7e-05,0.000889
855,test,colour,1,1,0.002243,0.993377
855,test,packing,0,0,0.00467,0.025311
855,test,price,0,0,0.003939,0.013351
855,test,shipping,2,2,0.998788,0.001101
855,test,smell,0,0,0.004313,0.001669
855,test,stayingpower,1,1,0.00985,0.827167
855,test,texture,2,2,0.990563,0.007668
856,test,colour,1,1,0.001605,0.993821
856,test,packing,0,0,0.000339,0.005887
856,test,price,0,0,0.000716,0.006841
856,test,shipping,0,0,0.001005,0.002545
856,test,smell,0,0,0.00116,0.008391
856,test,stayingpower,1,1,0.003369,0.99569
856,test,texture,1,1,0.005972,0.993496
857,test,colour,0,0,0.004783,0.006677
857,test,packing,0,0,0.00157,0.006454
857,test,price,0,0,0.002946,0.003096
857,test,shipping,2,2,0.998992,0.000283
857,test,smell,0,0,7.9e-05,0.000279
857,test,stayingpower,0,0,0.000194,0.000406
857,test,texture,0,0,0.000309,0.00015
858,test,colour,1,1,0.000152,0.998793
858,test,packing,0,0,6.2e-05,0.001719
858,test,price,0,0,0.00036,0.003604
858,test,shipping,0,0,0.000461,0.002846
858,test,smell,0,0,0.000191,0.002622
858,test,stayingpower,0,0,0.00124,0.016983
858,test,texture,1,1,0.000918,0.993591
859,test,colour,1,1,0.00436,0.992204
859,test,packing,0,0,0.011829,0.010996
859,test,price,0,0,0.010428,0.013587
859,test,shipping,0,0,0.003747,0.000973
859,test,smell,1,1,0.032305,0.963539
859,test,stayingpower,0,0,0.179622,0.042568
859,test,texture,2,2,0.969479,0.029502
860,test,colour,0,0,0.000418,0.014093
860,test,packing,0,0,0.000761,0.020881
860,test,price,1,1,0.003272,0.991196
860,test,shipping,3,1,0.004163,0.973741
860,test,smell,0,0,2.6e-05,0.000361
860,test,stayingpower,0,0,2.4e-05,0.000249
860,test,texture,0,0,0.000132,0.000176
861,test,colour,0,0,0.094479,0.25916
861,test,packing,1,1,0.0049,0.991929
861,test,price,0,0,0.000401,0.004776
861,test,shipping,0,0,0.071979,0.042127
861,test,smell,0,0,0.000229,0.000501
861,test,stayingpower,3,1,0.015526,0.983345
861,test,texture,3,1,0.102372,0.846827
862,test,colour,0,0,0.001382,0.01028
862,test,packing,0,0,0.003889,0.118927
862,test,price,0,0,0.000728,0.003176
862,test,shipping,3,2,0.981182,0.018034
862,test,smell,0,0,3.2e-05,3.5e-05
862,test,stayingpower,0,0,0.000146,0.002196
862,test,texture,0,0,0.000268,0.001293
863,test,colour,0,0,0.005568,0.145631
863,test,packing,0,0,0.04124,0.060575
863,test,price,0,0,0.007413,0.02695
863,test,shipping,2,2,0.998021,0.00069
863,test,smell,1,1,0.000283,0.999654
863,test,stayingpower,2,2,0.989302,0.0027
863,test,texture,0,0,0.000368,0.004474
864,test,colour,1,1,0.000934,0.998363
864,test,packing,0,0,0.000443,0.005393
864,test,price,0,0,0.000452,0.004091
864,test,shipping,0,0,0.00152,0.003069
864,test,smell,0,0,0.000628,0.002378
864,test,stayingpower,1,1,0.000554,0.999032
864,test,texture,1,1,0.009964,0.936434
865,test,colour,1,1,2.1e-05,0.999922
865,test,packing,0,0,0.000134,0.003637
865,test,price,0,0,0.000254,0.001148
865,test,shipping,0,0,0.000113,0.000681
865,test,smell,0,0,2.7e-05,0.00029
865,test,stayingpower,0,0,0.001005,0.009379
865,test,texture,0,0,0.002675,0.014862
866,test,colour,0,0,0.000685,0.038317
866,test,packing,0,0,0.000684,0.009498
866,test,price,0,0,0.000592,0.010809
866,test,shipping,0,0,0.000296,0.000491
866,test,smell,1,1,9.9e-05,0.9985
866,test,stayingpower,0,0,0.001355,0.007669
866,test,texture,0,1,0.000263,0.993454
867,test,colour,1,1,0.004793,0.985421
867,test,packing,1,1,0.001156,0.997789
867,test,price,1,1,0.000358,0.998708
867,test,shipping,1,1,0.01793,0.976509
867,test,smell,0,0,0.003435,0.005884
867,test,stayingpower,1,1,0.003037,0.974628
867,test,texture,1,1,0.003521,0.993369
868,test,colour,1,1,0.000741,0.999094
868,test,packing,0,0,0.000754,0.002863
868,test,price,0,0,0.004407,0.011247
868,test,shipping,0,0,0.003849,0.010695
868,test,smell,0,0,0.003458,0.015612
868,test,stayingpower,2,2,0.971162,0.028825
868,test,texture,3,1,0.028489,0.908175
869,test,colour,0,0,0.001033,0.000948
869,test,packing,0,0,0.000983,0.003715
869,test,price,0,0,0.000601,0.00104
869,test,shipping,0,0,0.000179,0.00036
869,test,smell,0,0,3.8e-05,0.000474
869,test,stayingpower,0,0,0.000242,0.000212
869,test,texture,0,0,0.001156,0.000474
870,test,colour,1,1,0.00168,0.997391
870,test,packing,0,0,0.003371,0.005271
870,test,price,1,1,0.032743,0.964472
870,test,shipping,0,0,0.02665,0.029367
870,test,smell,0,0,0.004965,0.019471
870,test,stayingpower,2,2,0.999768,0.000206
870,test,texture,0,0,0.017473,0.036239
871,test,colour,1,1,0.001348,0.997621
871,test,packing,0,0,0.019668,0.030269
871,test,price,0,0,0.004505,0.009964
871,test,shipping,2,2,0.997152,0.002014
871,test,smell,2,2,0.998438,0.001479
871,test,stayingpower,0,0,0.028153,0.060682
871,test,texture,0,0,0.018489,0.009988
872,test,colour,0,0,0.000402,0.004719
872,test,packing,0,0,0.001712,0.026511
872,test,price,1,1,0.002935,0.993108
872,test,shipping,1,1,0.004506,0.993958
872,test,smell,0,0,8e-05,0.001166
872,test,stayingpower,0,0,0.000169,0.000519
872,test,texture,0,0,0.000376,0.00101
873,test,colour,1,1,0.000187,0.999445
873,test,packing,0,0,0.001479,0.040384
873,test,price,0,0,0.000783,0.001988
873,test,shipping,2,2,0.998891,0.000838
873,test,smell,0,0,6.6e-05,0.000228
873,test,stayingpower,0,0,0.000188,0.000993
873,test,texture,0,0,0.000757,0.001225
874,test,colour,1,1,0.037005,0.961225
874,test,packing,0,0,0.011319,0.043511
874,test,price,1,1,0.023198,0.934597
874,test,shipping,1,1,0.037162,0.929184
874,test,smell,1,1,0.002961,0.995182
874,test,stayingpower,0,0,0.022489,0.02809
874,test,texture,1,1,0.002505,0.91936
875,test,colour,1,1,0.002842,0.997013
875,test,packing,0,0,0.00019,0.002154
875,test,price,0,0,0.000734,0.003365
875,test,shipping,0,0,0.00016,0.001382
875,test,smell,0,0,0.000574,0.001895
875,test,stayingpower,0,0,0.039572,0.121356
875,test,texture,1,1,0.001629,0.998066
876,test,colour,2,2,0.723155,0.27576
876,test,packing,0,0,0.048147,0.035454
876,test,price,0,0,0.071271,0.034496
876,test,shipping,0,0,0.006503,0.001085
876,test,smell,3,1,0.026373,0.973174
876,test,stayingpower,0,2,0.521037,0.040333
876,test,texture,2,2,0.99557,0.00399
877,test,colour,0,0,0.001642,0.002549
877,test,packing,0,0,0.000837,0.002427
877,test,price,0,0,0.000743,0.001064
877,test,shipping,0,0,0.000347,0.000463
877,test,smell,0,0,3.6e-05,0.000833
877,test,stayingpower,0,0,0.000198,0.000448
877,test,texture,0,0,0.000233,0.000101
878,test,colour,1,1,4.5e-05,0.999474
878,test,packing,0,0,0.000347,0.004752
878,test,price,0,0,0.000558,0.00847
878,test,shipping,0,0,0.00069,0.001459
878,test,smell,1,1,0.000307,0.998728
878,test,stayingpower,0,0,0.001225,0.010159
878,test,texture,1,1,0.000595,0.991551
879,test,colour,1,1,0.000217,0.999452
879,test,packing,0,0,5.8e-05,0.001925
879,test,price,0,0,0.000305,0.002609
879,test,shipping,0,0,0.000506,0.004417
879,test,smell,0,0,8.2e-05,0.001689
879,test,stayingpower,0,0,0.000941,0.007533
879,test,texture,1,1,0.001091,0.991929
880,test,colour,1,1,0.000364,0.998421
880,test,packing,1,1,0.003412,0.996044
880,test,price,0,0,0.009075,0.201534
880,test,shipping,0,0,0.023907,0.015713
880,test,smell,1,1,0.003203,0.991941
880,test,stayingpower,0,0,0.000648,0.002349
880,test,texture,0,0,0.000229,0.001557
881,test,colour,1,1,0.000851,0.998778
881,test,packing,0,0,0.002649,0.01293
881,test,price,0,0,0.001928,0.007782
881,test,shipping,0,0,0.00563,0.005633
881,test,smell,0,0,0.00384,0.020149
881,test,stayingpower,0,0,0.052724,0.069446
881,test,texture,1,1,0.00129,0.997024
882,test,colour,1,1,0.001223,0.997684
882,test,packing,1,1,0.003599,0.988972
882,test,price,1,1,0.003624,0.981533
882,test,shipping,0,0,0.225554,0.042758
882,test,smell,0,0,0.008199,0.006168
882,test,stayingpower,1,1,0.001255,0.997002
882,test,texture,0,0,0.014844,0.033234
883,test,colour,0,0,0.000548,0.058787
883,test,packing,0,0,0.000115,0.002302
883,test,price,0,0,0.00033,0.005946
883,test,shipping,1,1,0.000398,0.998584
883,test,smell,0,0,3.3e-05,0.000495
883,test,stayingpower,0,0,0.000129,0.000721
883,test,texture,0,0,0.000198,0.000753
884,test,colour,0,0,0.000938,0.009674
884,test,packing,0,0,0.000816,0.004645
884,test,price,0,0,0.001895,0.010129
884,test,shipping,0,0,0.000108,0.000182
884,test,smell,0,0,2.5e-05,0.00066
884,test,stayingpower,0,0,0.00012,0.000144
884,test,texture,0,0,0.000447,0.000736
885,test,colour,0,0,0.000155,0.001358
885,test,packing,0,0,0.000176,0.00516
885,test,price,1,1,0.002499,0.991412
885,test,shipping,0,0,0.000644,0.001711
885,test,smell,0,0,7.3e-05,0.00312
885,test,stayingpower,0,0,4.5e-05,0.001405
885,test,texture,0,1,0.005079,0.840742
886,test,colour,1,1,0.0006,0.977064
886,test,packing,1,1,0.000203,0.999161
886,test,price,0,0,0.000221,0.004798
886,test,shipping,3,1,0.004424,0.987479
886,test,smell,0,0,0.000167,0.00036
886,test,stayingpower,0,0,2.3e-05,0.000702
886,test,texture,0,0,0.000135,0.000576
887,test,colour,0,0,0.000769,0.032633
887,test,packing,1,1,0.000474,0.99863
887,test,price,0,0,0.000193,0.004414
887,test,shipping,1,1,0.011727,0.986372
887,test,smell,0,0,8.8e-05,0.000466
887,test,stayingpower,0,0,1.4e-05,0.000202
887,test,texture,0,0,8.7e-05,0.000533
888,test,colour,0,0,0.000634,0.002454
888,test,packing,1,1,0.013979,0.984101
888,test,price,1,1,0.007364,0.985982
888,test,shipping,0,0,0.01666,0.006274
888,test,smell,0,0,0.00017,0.002051
888,test,stayingpower,0,0,5.8e-05,0.000192
888,test,texture,0,0,0.000285,0.00057
889,test,colour,0,0,0.000837,0.019764
889,test,packing,0,0,0.000182,0.003438
889,test,price,0,0,0.000422,0.006267
889,test,shipping,1,1,0.000375,0.998012
889,test,smell,0,0,1.7e-05,0.000218
889,test,stayingpower,0,0,0.000103,0.000684
889,test,texture,0,0,0.000229,0.001296
890,test,colour,0,0,0.00283,0.008483
890,test,packing,0,0,0.001302,0.019854
890,test,price,1,1,0.002102,0.997095
890,test,shipping,0,0,0.006893,0.008881
890,test,smell,0,0,0.000532,0.009388
890,test,stayingpower,0,0,0.001753,0.009813
890,test,texture,1,1,0.000394,0.998793
891,test,colour,1,0,0.026932,0.042015
891,test,packing,0,0,0.029016,0.013849
891,test,price,1,1,0.019667,0.977398
891,test,shipping,0,0,0.022237,0.007349
891,test,smell,2,2,0.99361,0.006224
891,test,stayingpower,2,2,0.950149,0.008727
891,test,texture,1,1,0.014908,0.96673
892,test,colour,1,0,0.000945,0.064798
892,test,packing,0,0,0.00024,0.001121
892,test,price,1,1,0.004457,0.99239
892,test,shipping,0,0,0.000433,0.00104
892,test,smell,0,0,4.9e-05,0.001149
892,test,stayingpower,0,0,0.00015,0.000401
892,test,texture,0,0,0.00032,0.000382
893,test,colour,1,1,0.000291,0.999123
893,test,packing,0,0,0.000243,0.004687
893,test,price,0,0,0.000669,0.006416
893,test,shipping,0,0,0.000411,0.004978
893,test,smell,0,0,0.000206,0.001912
893,test,stayingpower,0,0,0.016081,0.076647
893,test,texture,1,1,0.003992,0.995832
894,test,colour,1,1,0.000144,0.999695
894,test,packing,0,0,0.000301,0.004175
894,test,price,0,0,0.000701,0.005411
894,test,shipping,0,0,0.002184,0.004913
894,test,smell,0,0,0.000348,0.001219
894,test,stayingpower,1,1,0.000776,0.996481
894,test,texture,0,0,0.004012,0.012801
895,test,colour,1,1,6.8e-05,0.999464
895,test,packing,0,0,5.6e-05,0.001584
895,test,price,0,0,0.000467,0.002568
895,test,shipping,0,0,0.000189,0.001764
895,test,smell,0,0,1.6e-05,0.000209
895,test,stayingpower,0,0,0.000142,0.000943
895,test,texture,0,0,0.000295,0.002288
896,test,colour,1,1,0.002429,0.997473
896,test,packing,0,0,0.00171,0.0072
896,test,price,0,0,0.002013,0.008128
896,test,shipping,0,0,6.9e-05,0.000151
896,test,smell,0,0,0.378858,0.043788
896,test,stayingpower,0,0,0.002634,0.008373
896,test,texture,0,0,0.281478,0.089407
897,test,colour,0,1,0.001462,0.963125
897,test,packing,0,0,8.6e-05,0.003923
897,test,price,0,0,0.000157,0.001554
897,test,shipping,1,1,0.000171,0.999511
897,test,smell,0,0,3e-05,0.000285
897,test,stayingpower,0,0,0.000277,0.005049
897,test,texture,0,0,0.000379,0.003663
898,test,colour,3,1,0.045164,0.941721
898,test,packing,0,0,9.8e-05,0.001329
898,test,price,0,0,0.00027,0.001453
898,test,shipping,1,1,0.00027,0.994115
898,test,smell,0,0,7.9e-05,0.000623
898,test,stayingpower,0,0,0.000154,0.001504
898,test,texture,0,0,0.00073,0.002595
899,test,colour,0,0,0.070016,0.083403
899,test,packing,0,1,0.015526,0.983322
899,test,price,0,0,0.003073,0.015298
899,test,shipping,0,0,0.076242,0.03673
899,test,smell,1,1,0.001613,0.994432
899,test,stayingpower,2,2,0.99821,0.000708
899,test,texture,1,1,0.001823,0.98797
900,test,colour,0,0,0.005532,0.040807
900,test,packing,0,0,0.000322,0.003902
900,test,price,0,0,0.000414,0.00396
900,test,shipping,0,0,0.001248,0.001755
900,test,smell,0,0,0.000638,0.003436
900,test,stayingpower,1,1,0.008595,0.986688
900,test,texture,1,1,0.022187,0.973823
901,test,colour,0,0,0.000701,0.002926
901,test,packing,0,0,0.005125,0.004258
901,test,price,0,0,0.006555,0.012546
901,test,shipping,0,0,0.007073,0.002948
901,test,smell,0,0,0.001664,0.003312
901,test,stayingpower,0,0,7.4e-05,0.000436
901,test,texture,0,0,0.023261,0.0005
902,test,colour,1,1,5.5e-05,0.9983
902,test,packing,0,0,0.000697,0.019011
902,test,price,1,1,0.001264,0.996475
902,test,shipping,1,1,0.00097,0.996923
902,test,smell,0,0,0.000376,0.003503
902,test,stayingpower,0,0,0.000329,0.003873
902,test,texture,0,0,0.000274,0.001575
903,test,colour,1,1,0.003727,0.980787
903,test,packing,0,0,0.018799,0.104339
903,test,price,0,0,0.001076,0.010695
903,test,shipping,0,0,0.003705,0.001548
903,test,smell,1,1,0.006748,0.990591
903,test,stayingpower,1,1,0.001725,0.998221
903,test,texture,1,1,0.024024,0.60099
904,test,colour,2,2,0.995358,0.000556
904,test,packing,0,0,0.021962,0.006042
904,test,price,1,1,0.338628,0.635006
904,test,shipping,0,0,0.008057,0.001971
904,test,smell,0,0,0.010792,0.002108
904,test,stayingpower,0,0,0.459782,0.007083
904,test,texture,2,2,0.995185,0.000634
905,test,colour,1,1,0.000122,0.999758
905,test,packing,0,0,0.00017,0.004637
905,test,price,0,0,0.000687,0.005813
905,test,shipping,0,0,0.000344,0.004446
905,test,smell,0,0,0.000349,0.004104
905,test,stayingpower,0,0,0.003401,0.017648
905,test,texture,1,1,0.003274,0.995651
906,test,colour,0,0,0.001183,0.017036
906,test,packing,0,0,0.008499,0.070474
906,test,price,0,0,0.000796,0.012969
906,test,shipping,0,0,0.004548,0.00125
906,test,smell,1,1,0.000656,0.998697
906,test,stayingpower,1,1,0.004494,0.987867
906,test,texture,1,1,0.00191,0.948006
907,test,colour,1,1,0.001723,0.997814
907,test,packing,0,0,0.002819,0.011254
907,test,price,0,0,0.011124,0.022001
907,test,shipping,0,0,0.005179,0.009349
907,test,smell,0,0,0.001657,0.006679
907,test,stayingpower,2,2,0.999361,0.000631
907,test,texture,1,1,0.023042,0.942356
908,test,colour,1,1,0.000181,0.99957
908,test,packing,0,0,0.000263,0.00962
908,test,price,0,0,0.000365,0.006052
908,test,shipping,1,1,0.000351,0.998683
908,test,smell,0,0,0.000905,0.002415
908,test,stayingpower,0,0,0.001303,0.014774
908,test,texture,1,1,0.000864,0.989249
909,test,colour,1,1,0.001732,0.994241
909,test,packing,0,0,0.000237,0.002321
909,test,price,0,0,0.000421,0.004207
909,test,shipping,0,0,0.001043,0.001413
909,test,smell,0,0,0.000283,0.001443
909,test,stayingpower,1,1,0.007162,0.992017
909,test,texture,3,1,0.089793,0.823588
910,test,colour,1,1,9.3e-05,0.999164
910,test,packing,0,0,9.7e-05,0.001962
910,test,price,1,1,0.003342,0.991871
910,test,shipping,0,0,0.000251,0.000969
910,test,smell,0,0,0.000102,0.000545
910,test,stayingpower,0,0,0.000292,0.002272
910,test,texture,0,0,0.000549,0.002165
911,test,colour,0,0,0.000121,0.008141
911,test,packing,0,0,0.001162,0.09749
911,test,price,0,0,0.000175,0.001343
911,test,shipping,0,0,0.0001,0.000955
911,test,smell,0,0,7e-06,0.000166
911,test,stayingpower,0,0,2e-05,0.000879
911,test,texture,0,0,0.000737,0.007098
912,test,colour,0,0,0.000342,0.016021
912,test,packing,0,0,0.000426,0.010814
912,test,price,0,0,0.000741,0.003544
912,test,shipping,0,0,0.000242,0.000983
912,test,smell,0,0,2.6e-05,0.000984
912,test,stayingpower,0,0,6e-05,0.000495
912,test,texture,0,0,0.000111,0.000361
913,test,colour,1,1,0.028687,0.965667
913,test,packing,0,0,0.003938,0.007378
913,test,price,0,0,0.013046,0.018668
913,test,shipping,0,0,0.008641,0.010632
913,test,smell,3,1,0.059717,0.91938
913,test,stayingpower,2,2,0.999758,0.00024
913,test,texture,1,1,0.007791,0.986691
914,test,colour,1,1,0.001075,0.998493
914,test,packing,0,0,0.001102,0.006297
914,test,price,0,0,0.003586,0.01178
914,test,shipping,0,0,0.00377,0.007345
914,test,smell,0,0,0.003018,0.003998
914,test,stayingpower,3,1,0.138084,0.857238
914,test,texture,2,2,0.997003,0.002865
915,test,colour,0,0,0.00099,0.009811
915,test,packing,0,0,0.001442,0.02212
915,test,price,0,0,0.001156,0.007404
915,test,shipping,2,2,0.986641,0.013306
915,test,smell,0,0,7.5e-05,0.000514
915,test,stayingpower,0,0,7.1e-05,0.000469
915,test,texture,0,0,0.000162,0.00047
916,test,colour,1,1,0.00049,0.998131
916,test,packing,0,0,0.000317,0.006834
916,test,price,0,0,0.001635,0.037951
916,test,shipping,1,1,0.001054,0.997064
916,test,smell,0,0,0.001976,0.017433
916,test,stayingpower,0,0,0.003232,0.021905
916,test,texture,1,1,0.000474,0.998163
917,test,colour,1,1,0.00195,0.995959
917,test,packing,0,0,0.006279,0.002166
917,test,price,1,1,0.014268,0.981523
917,test,shipping,0,0,0.003706,0.002256
917,test,smell,2,2,0.994884,0.004983
917,test,stayingpower,0,0,0.066859,0.009978
917,test,texture,0,0,0.016949,0.004144
918,test,colour,1,1,0.000988,0.998923
918,test,packing,1,1,0.010671,0.981995
918,test,price,0,0,0.00061,0.00299
918,test,shipping,0,0,0.015734,0.025967
918,test,smell,0,0,0.000544,0.000358
918,test,stayingpower,0,0,0.004969,0.019932
918,test,texture,0,2,0.960697,0.008419
919,test,colour,1,1,0.010341,0.977181
919,test,packing,0,0,0.126804,0.089541
919,test,price,0,0,0.009219,0.014109
919,test,shipping,0,0,0.018911,0.001623
919,test,smell,1,1,0.003267,0.995172
919,test,stayingpower,0,2,0.695489,0.299083
919,test,texture,2,2,0.993937,0.003128
920,test,colour,1,1,0.000451,0.990478
920,test,packing,0,0,0.003807,0.070945
920,test,price,0,0,0.001777,0.009227
920,test,shipping,2,2,0.999248,0.000443
920,test,smell,1,1,0.000352,0.999048
920,test,stayingpower,0,0,0.000709,0.001718
920,test,texture,0,0,0.000243,0.006996
921,test,colour,0,0,0.000634,0.01606
921,test,packing,0,0,0.000194,0.00511
921,test,price,0,0,0.001021,0.023925
921,test,shipping,1,1,0.0006,0.998736
921,test,smell,0,0,0.000165,0.004041
921,test,stayingpower,0,0,0.000792,0.009394
921,test,texture,1,1,0.000475,0.995533
922,test,colour,1,1,3.6e-05,0.999937
922,test,packing,0,0,0.000154,0.000474
922,test,price,0,0,0.000291,0.001195
922,test,shipping,0,0,0.001305,0.000912
922,test,smell,0,0,0.000866,0.000801
922,test,stayingpower,0,0,0.003,0.004597
922,test,texture,0,0,0.006365,0.00339
923,test,colour,1,1,3e-05,0.999857
923,test,packing,0,0,0.000721,0.013566
923,test,price,1,1,0.007353,0.959071
923,test,shipping,0,0,0.002426,0.009788
923,test,smell,0,0,0.000238,0.000931
923,test,stayingpower,0,0,0.000224,0.000707
923,test,texture,0,0,0.000499,0.002155
924,test,colour,1,1,0.00049,0.998084
924,test,packing,0,0,0.00279,0.012399
924,test,price,1,1,0.002684,0.995651
924,test,shipping,0,0,0.005379,0.006162
924,test,smell,1,1,0.00091,0.998007
924,test,stayingpower,0,0,0.005147,0.01648
924,test,texture,1,1,0.000641,0.985875
925,test,colour,1,1,0.00136,0.997307
925,test,packing,0,0,0.0005,0.005937
925,test,price,0,0,0.00071,0.008034
925,test,shipping,0,0,0.002004,0.003478
925,test,smell,0,0,0.001345,0.008196
925,test,stayingpower,1,1,0.001997,0.997924
925,test,texture,1,1,0.009229,0.977048
926,test,colour,2,2,0.995618,0.003536
926,test,packing,0,0,0.01646,0.01142
926,test,price,0,0,0.013101,0.005059
926,test,shipping,0,0,0.007564,0.000893
926,test,smell,1,1,0.00237,0.997448
926,test,stayingpower,0,0,0.004965,0.001321
926,test,texture,0,0,0.005103,0.018762
927,test,colour,1,1,2.1e-05,0.999927
927,test,packing,0,0,0.000297,0.006917
927,test,price,0,0,0.000383,0.002309
927,test,shipping,0,0,0.000356,0.00069
927,test,smell,0,0,0.000124,0.00073
927,test,stayingpower,0,0,0.003514,0.214662
927,test,texture,0,0,0.000892,0.002355
928,test,colour,1,1,0.002366,0.99459
928,test,packing,0,0,0.001428,0.038235
928,test,price,0,0,0.000513,0.00617
928,test,shipping,0,0,0.003553,0.003366
928,test,smell,0,0,0.000842,0.004897
928,test,stayingpower,1,1,0.001096,0.99881
928,test,texture,1,1,0.015954,0.975172
929,test,colour,0,0,0.000315,0.002809
929,test,packing,1,1,0.000594,0.998568
929,test,price,0,0,0.00034,0.003874
929,test,shipping,0,0,0.002925,0.008748
929,test,smell,0,0,4e-05,0.000248
929,test,stayingpower,0,0,3.2e-05,0.000414
929,test,texture,0,0,0.000315,0.000596
930,test,colour,1,1,7.5e-05,0.999675
930,test,packing,1,1,0.00027,0.999209
930,test,price,0,0,0.0003,0.008189
930,test,shipping,1,1,0.001857,0.9969
930,test,smell,0,0,0.001404,0.003459
930,test,stayingpower,0,0,0.000235,0.003593
930,test,texture,0,0,0.000957,0.003826
931,test,colour,0,0,0.000561,0.006166
931,test,packing,0,0,0.00021,0.003866
931,test,price,0,0,0.000347,0.001603
931,test,shipping,0,0,0.00023,0.001109
931,test,smell,0,0,2e-05,0.00062
931,test,stayingpower,0,0,3.9e-05,0.000347
931,test,texture,0,0,0.00039,0.000798
932,test,colour,0,0,0.008243,0.014664
932,test,packing,1,1,0.004405,0.992806
932,test,price,0,0,0.00076,0.009132
932,test,shipping,2,2,0.999069,0.000709
932,test,smell,0,0,0.003167,0.002494
932,test,stayingpower,1,1,0.008973,0.949617
932,test,texture,1,1,0.00431,0.98181
933,test,colour,1,1,0.000385,0.999571
933,test,packing,0,0,0.001251,0.004834
933,test,price,0,0,0.001198,0.002171
933,test,shipping,0,0,0.000361,0.000929
933,test,smell,0,0,6.1e-05,0.000229
933,test,stayingpower,0,0,0.002224,0.004815
933,test,texture,0,0,0.068435,0.131734
934,test,colour,0,0,0.000538,0.033457
934,test,packing,0,0,0.000186,0.003511
934,test,price,0,0,0.000401,0.002816
934,test,shipping,0,0,0.000557,0.001814
934,test,smell,0,0,2e-05,0.000605
934,test,stayingpower,0,0,9.7e-05,0.001017
934,test,texture,0,0,0.00017,0.000252
935,test,colour,0,0,0.005498,0.01174
935,test,packing,0,0,0.000509,0.002656
935,test,price,0,0,0.000616,0.003482
935,test,shipping,0,0,0.000651,0.000514
935,test,smell,0,0,0.000306,0.002482
935,test,stayingpower,1,1,0.014698,0.981054
935,test,texture,1,1,0.042123,0.936734
936,test,colour,1,1,0.000168,0.99982
936,test,packing,0,0,0.000174,0.006369
936,test,price,0,0,0.000403,0.00168
936,test,shipping,0,0,8.1e-05,0.000691
936,test,smell,0,0,6.4e-05,0.001217
936,test,stayingpower,0,0,0.002251,0.010528
936,test,texture,0,0,0.001217,0.010929
937,test,colour,1,1,1.7e-05,0.999781
937,test,packing,0,0,5.9e-05,0.001993
937,test,price,0,0,0.000523,0.002778
937,test,shipping,0,0,0.000183,0.001952
937,test,smell,0,0,2.8e-05,0.000562
937,test,stayingpower,0,0,0.000249,0.00185
937,test,texture,0,0,0.000349,0.002622
938,test,colour,0,0,0.000637,0.01249
938,test,packing,0,0,0.000547,0.065213
938,test,price,0,0,0.000464,0.015217
938,test,shipping,1,1,0.001061,0.998087
938,test,smell,0,0,0.000136,0.003938
938,test,stayingpower,0,0,0.000282,0.004037
938,test,texture,1,1,0.000376,0.996813
939,test,colour,0,0,0.054694,0.048605
939,test,packing,1,1,0.159804,0.825101
939,test,price,0,0,0.003393,0.01828
939,test,shipping,0,0,0.026115,0.001135
939,test,smell,1,1,0.008863,0.990153
939,test,stayingpower,3,2,0.796358,0.199979
939,test,texture,1,2,0.675967,0.274519
940,test,colour,0,0,0.002271,0.012411
940,test,packing,0,0,0.001244,0.010419
940,test,price,0,0,0.002113,0.005052
940,test,shipping,2,2,0.995485,0.001296
940,test,smell,0,0,5.8e-05,0.000204
940,test,stayingpower,0,0,8.5e-05,0.000476
940,test,texture,0,0,0.000209,0.000324
941,test,colour,0,0,0.005932,0.01256
941,test,packing,0,0,0.030412,0.049296
941,test,price,0,0,0.009147,0.015932
941,test,shipping,0,0,0.002715,0.001377
941,test,smell,1,1,0.000938,0.997997
941,test,stayingpower,2,2,0.993533,0.003256
941,test,texture,1,1,0.001141,0.932668
942,test,colour,1,1,2e-05,0.999681
942,test,packing,0,0,0.000389,0.00551
942,test,price,0,0,0.000622,0.003733
942,test,shipping,0,0,0.000647,0.001658
942,test,smell,1,1,0.000304,0.994936
942,test,stayingpower,0,0,0.0003,0.001149
942,test,texture,0,0,6.8e-05,0.001096
943,test,colour,0,0,0.004303,0.01848
943,test,packing,0,0,0.002369,0.017163
943,test,price,0,0,0.001924,0.128777
943,test,shipping,1,1,0.001739,0.996645
943,test,smell,1,0,0.000186,0.000808
943,test,stayingpower,3,2,0.570577,0.41934
943,test,texture,3,1,0.006365,0.971116
944,test,colour,0,0,0.001246,0.013315
944,test,packing,0,0,0.000197,0.006114
944,test,price,0,0,0.000591,0.009881
944,test,shipping,1,1,0.000738,0.998642
944,test,smell,0,0,0.000177,0.003286
944,test,stayingpower,0,0,0.001848,0.024542
944,test,texture,1,1,0.000293,0.998472
945,test,colour,1,1,5.8e-05,0.999854
945,test,packing,0,0,0.000542,0.019885
945,test,price,0,0,0.00044,0.006274
945,test,shipping,1,1,0.000844,0.994922
945,test,smell,0,0,0.00034,0.000795
945,test,stayingpower,1,1,0.001781,0.977616
945,test,texture,0,0,0.00114,0.004392
946,test,colour,0,0,0.002924,0.001252
946,test,packing,0,0,0.001246,0.001423
946,test,price,0,0,0.000845,0.000814
946,test,shipping,0,0,0.006679,0.002819
946,test,smell,0,0,4.9e-05,0.000418
946,test,stayingpower,0,0,0.000139,0.000412
946,test,texture,0,0,0.000489,0.0004
947,test,colour,0,0,0.001521,0.056691
947,test,packing,0,0,0.000326,0.001834
947,test,price,1,1,0.002385,0.997156
947,test,shipping,0,0,0.003611,0.00465
947,test,smell,0,0,3.6e-05,0.00118
947,test,stayingpower,0,0,7.9e-05,0.000738
947,test,texture,0,0,0.00023,0.000647
948,test,colour,0,0,0.000736,0.025086
948,test,packing,0,0,0.000984,0.014924
948,test,price,0,0,0.000672,0.015256
948,test,shipping,0,0,0.000662,0.001126
948,test,smell,1,1,0.000163,0.999385
948,test,stayingpower,0,0,0.002132,0.012988
948,test,texture,1,1,9.5e-05,0.998588
949,test,colour,1,1,0.007579,0.97688
949,test,packing,0,0,0.094567,0.061715
949,test,price,1,1,0.02098,0.964802
949,test,shipping,2,2,0.999095,0.000618
949,test,smell,2,2,0.97665,0.021468
949,test,stayingpower,0,0,0.035317,0.109106
949,test,texture,0,2,0.643735,0.323302
950,test,colour,0,0,0.000821,0.004385
950,test,packing,1,1,0.001032,0.998068
950,test,price,0,0,0.000292,0.003378
950,test,shipping,1,1,0.000965,0.997424
950,test,smell,0,0,0.000128,0.000638
950,test,stayingpower,0,0,3.1e-05,0.000248
950,test,texture,0,0,0.000276,0.000212
951,test,colour,1,1,5.6e-05,0.999904
951,test,packing,0,0,0.000249,0.001357
951,test,price,0,0,0.001016,0.005907
951,test,shipping,0,0,0.000185,0.000558
951,test,smell,1,1,0.000583,0.993146
951,test,stayingpower,0,0,0.001368,0.003433
951,test,texture,0,0,0.000189,0.005308
952,test,colour,3,1,0.028813,0.954319
952,test,packing,0,1,0.001647,0.997116
952,test,price,0,0,0.000176,0.00032
952,test,shipping,0,0,0.003321,0.002243
952,test,smell,0,0,0.000129,0.000273
952,test,stayingpower,0,0,0.000239,0.001692
952,test,texture,0,0,0.00076,0.000421
953,test,colour,0,0,0.022624,0.056398
953,test,packing,0,0,0.003181,0.008317
953,test,price,1,1,0.004386,0.995224
953,test,shipping,0,0,0.007356,0.004231
953,test,smell,0,0,0.001876,0.0072
953,test,stayingpower,0,0,0.030229,0.032411
953,test,texture,1,1,0.001593,0.998128
954,test,colour,0,0,0.00363,0.006902
954,test,packing,0,0,0.003162,0.017967
954,test,price,0,0,0.00215,0.00502
954,test,shipping,2,2,0.997979,0.000339
954,test,smell,0,0,0.000114,0.000358
954,test,stayingpower,0,0,0.000331,0.001234
954,test,texture,0,0,0.000646,0.000614
955,test,colour,0,0,0.000632,0.003818
955,test,packing,1,1,0.000998,0.998701
955,test,price,1,1,0.00263,0.995195
955,test,shipping,0,0,0.013852,0.006985
955,test,smell,0,0,0.000398,0.001939
955,test,stayingpower,0,0,0.00013,0.001504
955,test,texture,0,0,0.00082,0.001854
956,test,colour,0,0,0.000138,0.009493
956,test,packing,0,0,0.000134,0.007145
956,test,price,0,0,0.000322,0.003537
956,test,shipping,0,0,0.000164,0.001187
956,test,smell,0,0,8e-06,0.000212
956,test,stayingpower,0,0,1.3e-05,0.000274
956,test,texture,0,0,0.000138,0.000757
957,test,colour,1,1,1.6e-05,0.999853
957,test,packing,0,0,0.00098,0.016401
957,test,price,1,1,0.002453,0.992861
957,test,shipping,0,0,0.000546,0.003495
957,test,smell,0,0,0.000171,0.002174
957,test,stayingpower,0,0,0.000366,0.003058
957,test,texture,0,0,0.000689,0.009936
958,test,colour,1,1,0.043369,0.932485
958,test,packing,0,0,0.001484,0.003074
958,test,price,0,0,0.007017,0.008752
958,test,shipping,0,0,0.001857,0.002964
958,test,smell,0,0,0.001673,0.001081
958,test,stayingpower,0,0,0.079496,0.011807
958,test,texture,2,2,0.999719,0.000242
959,test,colour,1,1,0.000574,0.999206
959,test,packing,1,1,0.005808,0.990035
959,test,price,1,1,0.002983,0.989533
959,test,shipping,0,0,0.144454,0.064691
959,test,smell,0,0,0.001592,0.006754
959,test,stayingpower,3,1,0.093708,0.896957
959,test,texture,0,0,0.001427,0.005035
960,test,colour,1,1,5.5e-05,0.999012
960,test,packing,0,0,0.00011,0.005294
960,test,price,0,0,0.000255,0.002658
960,test,shipping,1,1,0.000349,0.995699
960,test,smell,0,0,4.1e-05,0.000269
960,test,stayingpower,0,0,0.000141,0.001735
960,test,texture,0,0,0.000123,0.000466
961,test,colour,0,0,0.014763,0.105774
961,test,packing,0,0,0.016192,0.018337
961,test,price,0,1,0.067866,0.923449
961,test,shipping,2,2,0.998763,0.000917
961,test,smell,0,0,0.001902,0.008184
961,test,stayingpower,2,2,0.997383,0.00123
961,test,texture,0,0,0.003914,0.00593
962,test,colour,0,0,0.000476,0.011362
962,test,packing,1,1,0.004137,0.99389
962,test,price,0,0,0.00031,0.002694
962,test,shipping,0,0,0.02062,0.010829
962,test,smell,1,1,0.001089,0.998104
962,test,stayingpower,0,0,0.000154,0.000823
962,test,texture,0,0,7.3e-05,0.001097
963,test,colour,0,0,0.001553,0.015747
963,test,packing,1,1,0.000682,0.999134
963,test,price,0,0,0.000399,0.008675
963,test,shipping,1,1,0.000631,0.998901
963,test,smell,0,0,0.000109,0.000281
963,test,stayingpower,0,0,0.000222,0.004206
963,test,texture,0,0,0.001863,0.006601
964,test,colour,0,0,0.004449,0.00322
964,test,packing,0,0,0.001994,0.007291
964,test,price,0,0,0.000566,0.000565
964,test,shipping,0,0,0.001257,0.000635
964,test,smell,0,0,0.00012,0.002169
964,test,stayingpower,0,0,0.000131,0.000287
964,test,texture,0,0,7.4e-05,6.2e-05
965,test,colour,2,2,0.922959,0.068896
965,test,packing,0,1,0.07433,0.77241
965,test,price,0,0,0.006685,0.007079
965,test,shipping,0,0,0.006811,0.033696
965,test,smell,0,0,0.00142,0.008352
965,test,stayingpower,2,2,0.99877,0.000888
965,test,texture,0,0,0.004585,0.004937
966,test,colour,0,0,0.000934,0.005391
966,test,packing,0,0,0.000413,0.006326
966,test,price,0,0,0.000321,0.003696
966,test,shipping,1,1,0.001108,0.989168
966,test,smell,0,0,4.2e-05,0.000516
966,test,stayingpower,0,0,0.000105,0.00089
966,test,texture,0,0,0.000382,0.000703
967,test,colour,1,1,9.1e-05,0.999843
967,test,packing,0,0,0.000356,0.010288
967,test,price,0,0,0.000603,0.005501
967,test,shipping,0,0,0.001313,0.003558
967,test,smell,0,0,0.000507,0.001297
967,test,stayingpower,1,1,0.000953,0.979603
967,test,texture,0,0,0.005042,0.018488
968,test,colour,0,0,0.001387,0.003378
968,test,packing,1,1,0.001293,0.998259
968,test,price,0,0,0.000593,0.007305
968,test,shipping,1,1,0.001483,0.998133
968,test,smell,0,0,0.000292,0.000535
968,test,stayingpower,0,0,3.6e-05,0.000245
968,test,texture,0,0,0.000196,0.000441
969,test,colour,0,0,0.001491,0.009902
969,test,packing,0,0,0.004902,0.035727
969,test,price,1,1,0.0126,0.985755
969,test,shipping,2,2,0.999448,0.000353
969,test,smell,0,0,0.000127,0.001386
969,test,stayingpower,0,0,0.000139,0.000674
969,test,texture,0,0,0.000306,0.000377
970,test,colour,1,1,9.2e-05,0.99953
970,test,packing,1,1,0.000408,0.998766
970,test,price,0,0,0.000481,0.014171
970,test,shipping,1,1,0.001265,0.997577
970,test,smell,0,0,0.00119,0.001876
970,test,stayingpower,0,0,0.000237,0.003824
970,test,texture,0,0,0.000762,0.002115
971,test,colour,0,0,0.000297,0.002715
971,test,packing,1,1,0.000221,0.999325
971,test,price,0,0,0.000431,0.013244
971,test,shipping,1,1,0.002735,0.993752
971,test,smell,0,0,9.1e-05,0.000578
971,test,stayingpower,0,0,9e-06,0.000295
971,test,texture,0,0,0.000193,0.000939
972,test,colour,1,1,0.000851,0.997483
972,test,packing,0,0,0.00054,0.002346
972,test,price,0,0,0.00124,0.009645
972,test,shipping,0,0,0.000675,0.003213
972,test,smell,0,0,0.00019,0.000436
972,test,stayingpower,1,1,0.012628,0.986816
972,test,texture,3,0,0.463474,0.059436
973,test,colour,1,1,0.000248,0.99764
973,test,packing,1,1,0.001783,0.99614
973,test,price,0,0,0.000961,0.016172
973,test,shipping,1,1,0.006223,0.98642
973,test,smell,1,1,0.000898,0.998855
973,test,stayingpower,0,0,0.000338,0.001052
973,test,texture,0,0,0.000354,0.004647
974,test,colour,1,1,0.000408,0.998754
974,test,packing,0,0,0.003918,0.00339
974,test,price,1,1,0.006498,0.990866
974,test,shipping,0,0,0.00704,0.004455
974,test,smell,2,2,0.998559,0.001049
974,test,stayingpower,0,0,0.005687,0.006698
974,test,texture,0,0,0.018022,0.015026
975,test,colour,0,0,0.000398,0.009046
975,test,packing,0,0,0.000232,0.00443
975,test,price,0,0,0.00058,0.007137
975,test,shipping,1,1,0.000557,0.995892
975,test,smell,0,0,4.7e-05,0.000663
975,test,stayingpower,0,0,5.3e-05,0.000494
975,test,texture,0,0,0.000181,0.000475
976,test,colour,1,1,0.016087,0.975059
976,test,packing,0,0,0.052864,0.062234
976,test,price,1,1,0.045305,0.866898
976,test,shipping,2,2,0.997505,0.000322
976,test,smell,1,1,0.005221,0.990198
976,test,stayingpower,2,2,0.999463,0.000422
976,test,texture,0,1,0.32932,0.364304
977,test,colour,2,2,0.996118,0.001171
977,test,packing,0,0,0.007227,0.002205
977,test,price,0,0,0.016089,0.00486
977,test,shipping,0,0,0.00303,0.000636
977,test,smell,0,0,0.001436,0.000413
977,test,stayingpower,0,0,0.236531,0.040211
977,test,texture,2,2,0.997087,0.00174
978,test,colour,0,0,0.005391,0.219398
978,test,packing,0,0,0.000145,0.002789
978,test,price,1,1,0.001202,0.998645
978,test,shipping,0,0,0.000343,0.001848
978,test,smell,0,0,3.2e-05,0.000978
978,test,stayingpower,0,0,0.002828,0.032824
978,test,texture,0,0,0.009906,0.178814
979,test,colour,1,1,0.005358,0.993949
979,test,packing,0,0,0.001856,0.002425
979,test,price,0,0,0.001185,0.01057
979,test,shipping,0,0,0.004445,0.001015
979,test,smell,2,2,0.944716,0.054503
979,test,stayingpower,0,1,0.072259,0.91846
979,test,texture,1,1,0.002343,0.993949
980,test,colour,0,0,0.002779,0.003792
980,test,packing,0,0,0.000725,0.002047
980,test,price,0,0,0.000836,0.001049
980,test,shipping,0,0,0.000624,0.000746
980,test,smell,0,0,4.6e-05,0.000956
980,test,stayingpower,0,0,0.000275,0.0007
980,test,texture,0,0,0.000274,0.000111
981,test,colour,0,0,0.001234,0.019527
981,test,packing,0,0,0.000207,0.001581
981,test,price,0,0,0.000603,0.001428
981,test,shipping,0,0,0.000101,0.000441
981,test,smell,0,0,1.8e-05,0.00045
981,test,stayingpower,0,0,5.5e-05,0.00014
981,test,texture,0,0,0.000111,0.000482
982,test,colour,0,0,0.000289,0.004417
982,test,packing,1,1,0.00021,0.99909
982,test,price,0,0,0.000442,0.017708
982,test,shipping,1,1,0.00127,0.997405
982,test,smell,0,0,6.5e-05,0.000206
982,test,stayingpower,0,0,1.4e-05,0.000496
982,test,texture,0,0,0.000245,0.001284
983,test,colour,1,1,0.148032,0.848903
983,test,packing,0,0,0.024352,0.010539
983,test,price,1,1,0.031236,0.945871
983,test,shipping,1,1,0.009218,0.982994
983,test,smell,1,1,0.015619,0.984206
983,test,stayingpower,0,0,0.013833,0.008895
983,test,texture,0,0,0.052018,0.07253
984,test,colour,0,0,0.00361,0.005739
984,test,packing,1,1,0.001889,0.997503
984,test,price,0,1,0.000925,0.991301
984,test,shipping,1,1,0.011792,0.985892
984,test,smell,0,0,0.000592,0.002614
984,test,stayingpower,0,0,0.000254,0.001821
984,test,texture,1,1,0.000754,0.94941
985,test,colour,0,0,0.000331,0.010058
985,test,packing,0,0,0.000334,0.010283
985,test,price,0,0,0.000387,0.005057
985,test,shipping,1,1,0.002556,0.971216
985,test,smell,0,0,2.3e-05,0.000299
985,test,stayingpower,0,0,5.4e-05,0.000745
985,test,texture,0,0,0.000111,0.0004
986,test,colour,0,0,0.001588,0.004913
986,test,packing,0,0,0.000465,0.001881
986,test,price,0,0,0.000427,0.000452
986,test,shipping,0,0,0.000388,0.000355
986,test,smell,0,0,8.6e-05,0.001742
986,test,stayingpower,0,0,0.000236,0.000389
986,test,texture,0,0,0.000166,0.00016
987,test,colour,0,1,0.003775,0.973943
987,test,packing,0,0,0.000189,0.006221
987,test,price,0,0,0.00038,0.003172
987,test,shipping,0,0,0.000127,0.000982
987,test,smell,0,0,4.6e-05,0.000904
987,test,stayingpower,0,0,0.003261,0.025366
987,test,texture,1,1,0.000464,0.997864
988,test,colour,1,1,0.040102,0.649726
988,test,packing,0,0,0.009584,0.023246
988,test,price,1,1,0.007198,0.991549
988,test,shipping,0,0,0.034659,0.01125
988,test,smell,0,0,0.006055,0.004605
988,test,stayingpower,1,1,0.04889,0.949301
988,test,texture,2,2,0.991534,0.008375
989,test,colour,0,0,0.021223,0.036749
989,test,packing,0,0,0.005408,0.017449
989,test,price,0,0,0.007274,0.011465
989,test,shipping,0,0,0.009757,0.007442
989,test,smell,0,0,0.000319,0.000829
989,test,stayingpower,2,2,0.999148,0.000738
989,test,texture,0,0,0.09,0.016131
990,test,colour,0,0,0.001329,0.023566
990,test,packing,0,0,0.000503,0.020474
990,test,price,0,0,0.000422,0.004709
990,test,shipping,0,0,0.000215,0.000583
990,test,smell,0,0,7.2e-05,0.001874
990,test,stayingpower,0,0,0.000358,0.002208
990,test,texture,1,1,0.000608,0.995613
991,test,colour,0,0,0.001907,0.001927
991,test,packing,0,0,0.000758,0.003416
991,test,price,0,0,0.000785,0.001086
991,test,shipping,0,0,0.000378,0.000422
991,test,smell,0,0,4.1e-05,0.000726
991,test,stayingpower,0,0,0.000329,0.000923
991,test,texture,0,0,0.000151,0.000125
992,test,colour,1,1,0.001622,0.99753
992,test,packing,0,0,0.000372,0.006094
992,test,price,0,0,0.000744,0.002664
992,test,shipping,0,0,0.000992,0.003028
992,test,smell,0,0,0.000312,0.00101
992,test,stayingpower,0,1,0.009744,0.988732
992,test,texture,3,1,0.297715,0.689186
993,test,colour,0,0,0.007663,0.018317
993,test,packing,0,0,0.001959,0.006569
993,test,price,0,0,0.000883,0.006071
993,test,shipping,0,0,0.002144,0.001079
993,test,smell,0,0,0.000404,0.002215
993,test,stayingpower,1,1,0.009572,0.989362
993,test,texture,3,1,0.059759,0.881938
994,test,colour,0,0,0.002475,0.001749
994,test,packing,0,0,0.002169,0.008971
994,test,price,0,0,0.000476,0.000447
994,test,shipping,0,0,0.00123,0.0009
994,test,smell,0,0,9.2e-05,0.001436
994,test,stayingpower,0,0,0.000122,0.000306
994,test,texture,0,0,0.000102,0.0001
995,test,colour,0,0,0.005833,0.079623
995,test,packing,0,0,0.003004,0.021357
995,test,price,0,0,0.000846,0.006836
995,test,shipping,0,0,0.001502,0.002208
995,test,smell,3,1,0.102401,0.895293
995,test,stayingpower,3,1,0.197253,0.799862
995,test,texture,1,1,0.000801,0.995761
996,test,colour,0,0,0.00031,0.002691
996,test,packing,1,1,0.001269,0.995143
996,test,price,0,0,0.000357,0.003399
996,test,shipping,0,0,0.00223,0.005844
996,test,smell,0,0,2.9e-05,0.000464
996,test,stayingpower,0,0,2e-05,0.000248
996,test,texture,0,0,0.000187,0.000426
997,test,colour,0,0,0.00063,0.014769
997,test,packing,0,0,0.00052,0.017512
997,test,price,0,0,0.000341,0.004814
997,test,shipping,1,1,0.000468,0.999366
997,test,smell,0,0,5.1e-05,0.000271
997,test,stayingpower,0,0,0.000118,0.000929
997,test,texture,0,0,0.000315,0.000939
998,test,colour,1,1,0.004723,0.994279
998,test,packing,0,0,0.001549,0.007809
998,test,price,0,0,0.008909,0.020203
998,test,shipping,0,0,0.004274,0.008119
998,test,smell,0,0,0.004835,0.031843
998,test,stayingpower,2,2,0.999056,0.000889
998,test,texture,1,1,0.001847,0.985141
999,test,colour,1,1,0.001036,0.995662
999,test,packing,0,0,0.002214,0.012697
999,test,price,1,1,0.001547,0.996802
999,test,shipping,1,1,0.008018,0.988544
999,test,smell,0,0,0.001202,0.004533
999,test,stayingpower,3,1,0.188935,0.809809
999,test,texture,3,1,0.065653,0.874721
1000,test,colour,0,0,0.030645,0.098952
1000,test,packing,1,1,0.177523,0.794808
1000,test,price,1,1,0.005377,0.993762
1000,test,shipping,1,1,0.112337,0.879374
1000,test,smell,0,0,0.003152,0.01489
1000,test,stayingpower,2,2,0.994806,0.002763
1000,test,texture,2,2,0.96304,0.008409
1001,test,colour,1,1,1.5e-05,0.999961
1001,test,packing,0,0,7.7e-05,0.002821
1001,test,price,0,0,0.000525,0.002903
1001,test,shipping,0,0,0.000329,0.004134
1001,test,smell,0,0,5e-05,0.000627
1001,test,stayingpower,0,0,0.000377,0.00432
1001,test,texture,0,0,0.001733,0.01893
1002,test,colour,0,0,0.000332,0.00231
1002,test,packing,1,1,0.000533,0.998811
1002,test,price,0,0,0.000334,0.003832
1002,test,shipping,0,0,0.004246,0.010198
1002,test,smell,0,0,4.8e-05,0.000224
1002,test,stayingpower,0,0,4.2e-05,0.000611
1002,test,texture,0,0,0.000334,0.000734
1003,test,colour,0,0,0.000576,0.019903
1003,test,packing,1,1,0.000505,0.998247
1003,test,price,0,0,0.000512,0.013831
1003,test,shipping,0,0,0.003902,0.009832
1003,test,smell,0,0,3.4e-05,0.00017
1003,test,stayingpower,0,0,2.1e-05,0.000457
1003,test,texture,0,0,0.000146,0.00114
1004,test,colour,1,1,2.9e-05,0.999133
1004,test,packing,0,0,0.000675,0.088794
1004,test,price,0,0,0.000251,0.004695
1004,test,shipping,1,1,0.000177,0.999225
1004,test,smell,0,0,7.6e-05,0.000543
1004,test,stayingpower,0,0,0.000113,0.001463
1004,test,texture,0,0,0.000485,0.003659
1005,test,colour,0,0,0.000591,0.039589
1005,test,packing,0,0,0.000451,0.014124
1005,test,price,0,0,0.000415,0.010787
1005,test,shipping,1,1,0.000266,0.998918
1005,test,smell,0,0,4.2e-05,0.000545
1005,test,stayingpower,0,0,3.3e-05,0.000272
1005,test,texture,0,0,7.9e-05,0.000508
1006,test,colour,0,0,0.004883,0.074733
1006,test,packing,0,0,0.005258,0.040541
1006,test,price,0,0,0.000891,0.019996
1006,test,shipping,0,0,0.002371,0.001101
1006,test,smell,1,1,0.00307,0.987725
1006,test,stayingpower,1,1,0.004533,0.994931
1006,test,texture,1,1,0.001798,0.992399
1007,test,colour,0,0,0.001361,0.01409
1007,test,packing,0,0,0.000287,0.011741
1007,test,price,0,0,0.000864,0.02983
1007,test,shipping,1,1,0.000888,0.998749
1007,test,smell,0,0,0.000257,0.003814
1007,test,stayingpower,0,0,0.000838,0.007258
1007,test,texture,1,1,0.000139,0.999045
1008,test,colour,3,1,0.001116,0.975137
1008,test,packing,1,1,0.000796,0.997752
1008,test,price,0,0,0.000663,0.0089
1008,test,shipping,1,1,0.003966,0.992516
1008,test,smell,0,0,0.000134,0.001041
1008,test,stayingpower,0,0,7e-05,0.000598
1008,test,texture,0,0,7.9e-05,0.00015
1009,test,colour,0,0,0.000827,0.011586
1009,test,packing,0,0,0.000722,0.015502
1009,test,price,0,0,0.000775,0.012679
1009,test,shipping,1,1,0.000532,0.999227
1009,test,smell,0,0,5.5e-05,0.000636
1009,test,stayingpower,0,0,7.7e-05,0.000612
1009,test,texture,0,0,0.000295,0.000779
1010,test,colour,1,1,0.000137,0.999289
1010,test,packing,0,0,0.000172,0.010563
1010,test,price,0,0,0.000332,0.006087
1010,test,shipping,0,0,0.000472,0.005392
1010,test,smell,0,0,0.000114,0.001358
1010,test,stayingpower,0,0,0.001118,0.016833
1010,test,texture,1,1,0.001179,0.988358
1011,test,colour,0,0,0.000401,0.043894
1011,test,packing,0,0,9.6e-05,0.004964
1011,test,price,0,0,0.000316,0.006438
1011,test,shipping,1,1,0.000278,0.998705
1011,test,smell,0,0,2.1e-05,0.000283
1011,test,stayingpower,0,0,3.7e-05,0.00063
1011,test,texture,0,0,0.000161,0.001028
1012,test,colour,0,0,0.000182,0.027231
1012,test,packing,0,0,0.001086,0.012538
1012,test,price,0,0,0.000439,0.004157
1012,test,shipping,0,0,0.000504,0.000696
1012,test,smell,1,1,0.000221,0.998374
1012,test,stayingpower,0,0,0.000204,0.001126
1012,test,texture,0,0,3.9e-05,0.000543
1013,test,colour,0,0,0.001706,0.007232
1013,test,packing,0,0,0.000247,0.004228
1013,test,price,0,0,0.000409,0.004174
1013,test,shipping,3,1,0.000892,0.998453
1013,test,smell,0,0,8.5e-05,0.000745
1013,test,stayingpower,0,0,0.000834,0.003149
1013,test,texture,1,1,0.000556,0.98596
1014,test,colour,1,1,0.000307,0.999457
1014,test,packing,1,1,0.001926,0.989916
1014,test,price,0,0,0.00023,0.00385
1014,test,shipping,0,0,0.010069,0.020493
1014,test,smell,0,0,0.000551,0.006047
1014,test,stayingpower,0,0,0.000495,0.005544
1014,test,texture,1,1,0.000999,0.986664
1015,test,colour,0,0,0.000343,0.007049
1015,test,packing,0,0,0.001423,0.016888
1015,test,price,0,0,0.000496,0.004354
1015,test,shipping,0,0,0.000742,0.000527
1015,test,smell,1,1,0.000123,0.998985
1015,test,stayingpower,0,0,0.001116,0.002526
1015,test,texture,1,1,0.000592,0.965777
1016,test,colour,1,1,8.4e-05,0.999384
1016,test,packing,0,0,0.000752,0.009367
1016,test,price,1,1,0.003416,0.986766
1016,test,shipping,1,1,0.000907,0.997006
1016,test,smell,0,0,0.000468,0.002264
1016,test,stayingpower,0,0,0.000823,0.004847
1016,test,texture,0,0,0.000405,0.001696
1017,test,colour,0,0,0.002327,0.00906
1017,test,packing,0,0,0.000358,0.007746
1017,test,price,1,1,0.001338,0.998372
1017,test,shipping,0,0,0.001256,0.002429
1017,test,smell,0,0,0.000148,0.002071
1017,test,stayingpower,0,0,0.000578,0.00298
1017,test,texture,1,1,0.000804,0.991455
1018,test,colour,1,1,2.2e-05,0.999902
1018,test,packing,1,1,0.001537,0.99338
1018,test,price,0,0,0.000833,0.01456
1018,test,shipping,0,0,0.006995,0.022146
1018,test,smell,1,1,0.002466,0.982439
1018,test,stayingpower,0,0,0.000267,0.003004
1018,test,texture,0,0,0.00022,0.004889
1019,test,colour,1,1,0.000163,0.999184
1019,test,packing,1,1,0.000701,0.997996
1019,test,price,0,0,0.000492,0.00407
1019,test,shipping,0,0,0.006696,0.020837
1019,test,smell,0,0,0.000361,0.001078
1019,test,stayingpower,0,0,0.000202,0.002742
1019,test,texture,0,0,0.000149,0.000241
1020,test,colour,3,1,0.030136,0.92117
1020,test,packing,0,0,0.001243,0.004992
1020,test,price,0,0,0.00235,0.007196
1020,test,shipping,0,0,0.00168,0.001044
1020,test,smell,1,1,0.000736,0.997992
1020,test,stayingpower,0,0,0.024119,0.030055
1020,test,texture,1,1,0.000315,0.999054
1021,test,colour,0,0,0.000223,0.055604
1021,test,packing,0,0,0.00072,0.007534
1021,test,price,0,0,0.000687,0.008757
1021,test,shipping,0,0,0.001029,0.001334
1021,test,smell,1,1,8.9e-05,0.99942
1021,test,stayingpower,0,0,0.000405,0.006833
1021,test,texture,1,1,0.001581,0.962517
1022,test,colour,1,1,0.000191,0.999501
1022,test,packing,0,0,0.000565,0.009711
1022,test,price,0,0,0.000985,0.002312
1022,test,shipping,2,2,0.999147,0.000569
1022,test,smell,0,0,0.000166,0.000487
1022,test,stayingpower,0,0,0.000488,0.003516
1022,test,texture,0,0,0.000582,0.000725
1023,test,colour,0,0,0.000144,0.003018
1023,test,packing,0,0,0.000834,0.061327
1023,test,price,1,1,0.001058,0.997154
1023,test,shipping,3,1,0.002654,0.991356
1023,test,smell,0,0,2.6e-05,0.000343
1023,test,stayingpower,0,0,2.6e-05,0.000733
1023,test,texture,0,0,0.000415,0.001009
1024,test,colour,1,1,0.000679,0.991037
1024,test,packing,0,0,0.009342,0.306924
1024,test,price,1,1,0.007222,0.984924
1024,test,shipping,2,2,0.999532,0.000133
1024,test,smell,1,1,0.002638,0.996922
1024,test,stayingpower,0,0,0.003722,0.012906
1024,test,texture,0,0,0.001363,0.008961
1025,test,colour,0,0,0.000459,0.002055
1025,test,packing,0,0,0.001529,0.016809
1025,test,price,0,0,0.000703,0.005617
1025,test,shipping,0,0,0.053645,0.259805
1025,test,smell,0,0,3.3e-05,0.000355
1025,test,stayingpower,0,0,5e-05,0.000275
1025,test,texture,0,0,0.000215,0.00063
1026,test,colour,1,1,0.000308,0.998981
1026,test,packing,0,0,0.000529,0.012022
1026,test,price,0,0,0.000615,0.009269
1026,test,shipping,1,1,0.010264,0.988153
1026,test,smell,0,0,0.000495,0.001036
1026,test,stayingpower,1,1,0.001245,0.997095
1026,test,texture,0,0,0.001043,0.003852
1027,test,colour,0,1,0.021087,0.855725
1027,test,packing,0,0,0.009376,0.019696
1027,test,price,0,0,0.01298,0.024357
1027,test,shipping,0,0,0.011368,0.026018
1027,test,smell,1,1,0.001908,0.99689
1027,test,stayingpower,2,2,0.99977,0.000217
1027,test,texture,3,1,0.00698,0.898257
1028,test,colour,0,0,0.001552,0.012323
1028,test,packing,0,0,0.001364,0.01202
1028,test,price,0,0,0.002646,0.003863
1028,test,shipping,2,2,0.999516,0.00035
1028,test,smell,0,0,5e-05,0.000311
1028,test,stayingpower,0,0,0.000138,0.000845
1028,test,texture,0,0,0.000254,0.000232
1029,test,colour,0,0,0.005141,0.052787
1029,test,packing,0,0,0.001304,0.010636
1029,test,price,0,0,0.000407,0.004523
1029,test,shipping,0,0,0.000864,0.001702
1029,test,smell,0,0,0.000701,0.003182
1029,test,stayingpower,1,1,0.004206,0.993556
1029,test,texture,1,1,0.008238,0.979379
1030,test,colour,0,0,0.000334,0.008073
1030,test,packing,0,0,0.000295,0.006593
1030,test,price,0,0,0.0003,0.001127
1030,test,shipping,0,0,0.00052,0.002187
1030,test,smell,0,0,2.4e-05,0.000391
1030,test,stayingpower,0,0,1.5e-05,0.000124
1030,test,texture,0,0,7e-05,0.000215
1031,test,colour,1,1,0.000512,0.998936
1031,test,packing,0,0,0.039289,0.038768
1031,test,price,1,1,0.028924,0.888381
1031,test,shipping,1,1,0.07369,0.895752
1031,test,smell,2,2,0.999263,0.000671
1031,test,stayingpower,0,0,0.017991,0.017931
1031,test,texture,0,0,0.033437,0.010009
1032,test,colour,1,1,0.000306,0.997633
1032,test,packing,0,0,0.002799,0.022873
1032,test,price,0,0,0.000749,0.008291
1032,test,shipping,0,0,0.002757,0.004126
1032,test,smell,1,1,0.294444,0.68665
1032,test,stayingpower,1,1,0.000526,0.998724
1032,test,texture,0,0,0.006972,0.063955
1033,test,colour,0,0,0.00126,0.004859
1033,test,packing,1,1,0.000542,0.998749
1033,test,price,0,0,0.000235,0.004671
1033,test,shipping,1,1,0.002461,0.995231
1033,test,smell,0,0,0.00017,0.000348
1033,test,stayingpower,0,0,0.000163,0.008689
1033,test,texture,1,1,0.00355,0.767972
1034,test,colour,2,2,0.993095,0.005887
1034,test,packing,1,1,0.016123,0.981888
1034,test,price,0,0,0.006614,0.020668
1034,test,shipping,0,0,0.017767,0.017808
1034,test,smell,0,0,0.000783,0.000251
1034,test,stayingpower,0,0,0.005397,0.011374
1034,test,texture,0,0,0.012987,0.032249
1035,test,colour,0,0,0.000367,0.001895
1035,test,packing,1,1,0.003528,0.996272
1035,test,price,0,0,0.000207,0.002561
1035,test,shipping,0,0,0.147147,0.06108
1035,test,smell,0,0,0.000154,0.000995
1035,test,stayingpower,0,0,4.7e-05,0.00046
1035,test,texture,0,0,0.000374,0.001384
1036,test,colour,0,0,0.036293,0.002159
1036,test,packing,0,0,0.042943,0.007716
1036,test,price,0,0,0.024029,0.003981
1036,test,shipping,2,2,0.9996,0.000184
1036,test,smell,0,0,0.001555,0.001063
1036,test,stayingpower,0,0,0.003087,0.001012
1036,test,texture,0,0,0.001717,0.000204
1037,test,colour,1,1,0.000185,0.998155
1037,test,packing,1,1,0.000592,0.998526
1037,test,price,1,1,0.000857,0.996233
1037,test,shipping,1,1,0.003209,0.994798
1037,test,smell,0,0,0.001601,0.006868
1037,test,stayingpower,0,0,0.000225,0.002806
1037,test,texture,0,0,0.000776,0.003145
1038,test,colour,1,1,0.009551,0.990283
1038,test,packing,0,0,0.001812,0.00644
1038,test,price,0,0,0.003747,0.011598
1038,test,shipping,0,0,0.00274,0.003322
1038,test,smell,0,0,0.000803,0.000746
1038,test,stayingpower,1,1,0.017425,0.979824
1038,test,texture,2,2,0.992603,0.005757
1039,test,colour,0,0,9.5e-05,0.000549
1039,test,packing,0,0,0.001843,0.009079
1039,test,price,0,0,0.001026,0.003418
1039,test,shipping,0,0,0.00069,0.000332
1039,test,smell,1,1,0.000513,0.991826
1039,test,stayingpower,0,0,0.000563,0.00055
1039,test,texture,0,0,0.000127,0.000387
1040,test,colour,0,0,0.00514,0.039172
1040,test,packing,0,0,0.007574,0.087427
1040,test,price,1,1,0.001543,0.996531
1040,test,shipping,1,1,0.004786,0.991049
1040,test,smell,1,1,0.000846,0.998544
1040,test,stayingpower,0,0,0.003026,0.011736
1040,test,texture,1,1,0.000527,0.966639
1041,test,colour,0,0,0.000917,0.014845
1041,test,packing,1,1,0.001248,0.996779
1041,test,price,0,0,0.000377,0.008639
1041,test,shipping,1,1,0.001072,0.998359
1041,test,smell,0,0,8.7e-05,0.000252
1041,test,stayingpower,0,0,1.5e-05,9.1e-05
1041,test,texture,0,0,0.000146,0.00096
1042,test,colour,3,2,0.97848,0.020391
1042,test,packing,1,1,0.044793,0.924615
1042,test,price,1,1,0.014295,0.977989
1042,test,shipping,1,2,0.988564,0.003517
1042,test,smell,1,1,0.033779,0.959268
1042,test,stayingpower,1,1,0.042516,0.911616
1042,test,texture,1,1,0.003439,0.981096
1043,test,colour,0,0,0.002228,0.003014
1043,test,packing,0,0,0.00072,0.002256
1043,test,price,0,0,0.000816,0.0011
1043,test,shipping,0,0,0.000379,0.000406
1043,test,smell,0,0,4.2e-05,0.000826
1043,test,stayingpower,0,0,0.000259,0.000841
1043,test,texture,0,0,0.000241,0.000161
1044,test,colour,1,2,0.568186,0.427961
1044,test,packing,1,1,0.001201,0.992956
1044,test,price,0,0,0.000442,0.004177
1044,test,shipping,1,1,0.000467,0.999168
1044,test,smell,0,0,0.001255,0.001253
1044,test,stayingpower,0,0,0.000134,0.001222
1044,test,texture,0,0,0.00368,0.007486
1045,test,colour,1,1,0.003012,0.996524
1045,test,packing,0,0,0.010709,0.008249
1045,test,price,1,1,0.027401,0.955794
1045,test,shipping,0,0,0.007403,0.001797
1045,test,smell,2,2,0.998637,0.000693
1045,test,stayingpower,0,0,0.089598,0.013023
1045,test,texture,2,2,0.983608,0.009136
1046,test,colour,0,0,0.001588,0.002111
1046,test,packing,0,0,0.000937,0.003265
1046,test,price,0,0,0.000725,0.000689
1046,test,shipping,0,0,0.000345,0.0003
1046,test,smell,0,0,6.6e-05,0.000894
1046,test,stayingpower,0,0,0.000257,0.000523
1046,test,texture,0,0,0.000131,0.00015
1047,test,colour,1,1,0.000219,0.998702
1047,test,packing,1,1,0.000462,0.992508
1047,test,price,0,0,0.000303,0.009078
1047,test,shipping,1,1,0.000844,0.999064
1047,test,smell,0,0,0.000258,0.000846
1047,test,stayingpower,0,0,7.4e-05,0.002346
1047,test,texture,0,0,0.001433,0.021739
1048,test,colour,1,1,6.2e-05,0.998451
1048,test,packing,0,0,0.000229,0.015318
1048,test,price,1,1,0.001627,0.991796
1048,test,shipping,1,1,0.004651,0.957495
1048,test,smell,0,0,7.4e-05,0.000476
1048,test,stayingpower,0,0,8e-05,0.001698
1048,test,texture,0,0,0.000266,0.001305
1049,test,colour,0,0,0.000401,0.001726
1049,test,packing,0,0,0.000537,0.003604
1049,test,price,0,0,0.000637,0.00154
1049,test,shipping,0,0,0.000457,0.000937
1049,test,smell,0,0,2.1e-05,0.000202
1049,test,stayingpower,0,0,7.6e-05,0.000225
1049,test,texture,0,0,0.00051,0.000684
1050,test,colour,1,1,0.000239,0.999038
1050,test,packing,0,0,0.010525,0.144037
1050,test,price,0,0,0.002102,0.004468
1050,test,shipping,0,0,0.000476,0.002454
1050,test,smell,0,1,0.000534,0.998582
1050,test,stayingpower,0,0,0.003285,0.002745
1050,test,texture,0,0,0.002317,0.004139
1051,test,colour,0,0,0.004827,0.115043
1051,test,packing,0,0,9.2e-05,0.002605
1051,test,price,0,0,0.000432,0.001502
1051,test,shipping,2,2,0.996908,0.000407
1051,test,smell,0,0,1.3e-05,7.9e-05
1051,test,stayingpower,0,0,0.000194,0.003468
1051,test,texture,0,0,0.005373,0.01923
1052,test,colour,0,0,0.000219,0.015366
1052,test,packing,0,0,0.00012,0.004355
1052,test,price,0,0,0.000454,0.003273
1052,test,shipping,0,0,0.00011,0.000785
1052,test,smell,0,0,1e-05,0.000343
1052,test,stayingpower,0,0,2.9e-05,0.000419
1052,test,texture,0,0,0.000125,0.0007
1053,test,colour,1,1,0.000102,0.999527
1053,test,packing,0,0,0.000189,0.002006
1053,test,price,1,1,0.002609,0.994582
1053,test,shipping,0,0,0.001176,0.004409
1053,test,smell,0,0,9.3e-05,0.000649
1053,test,stayingpower,0,0,0.000375,0.002068
1053,test,texture,0,0,0.000311,0.000971
1054,test,colour,1,1,0.000299,0.988105
1054,test,packing,0,0,0.000174,0.013643
1054,test,price,0,0,0.000429,0.006694
1054,test,shipping,2,1,0.354183,0.64556
1054,test,smell,0,0,5.5e-05,0.000135
1054,test,stayingpower,0,0,8.9e-05,0.004302
1054,test,texture,0,0,0.00029,0.001156
1055,test,colour,0,0,0.002683,0.006348
1055,test,packing,0,0,0.00475,0.028071
1055,test,price,1,1,0.003406,0.995271
1055,test,shipping,2,2,0.999736,0.000195
1055,test,smell,0,0,0.001074,0.006467
1055,test,stayingpower,0,0,0.001472,0.011541
1055,test,texture,1,1,0.000955,0.964732
1056,test,colour,1,1,0.000817,0.99901
1056,test,packing,0,0,0.002876,0.008907
1056,test,price,0,0,0.008642,0.016444
1056,test,shipping,0,0,0.003212,0.006428
1056,test,smell,0,0,0.002457,0.00177
1056,test,stayingpower,0,0,0.069166,0.01228
1056,test,texture,2,2,0.997975,0.001568
1057,test,colour,0,0,0.006047,0.086502
1057,test,packing,0,0,0.009981,0.274836
1057,test,price,0,0,0.00021,0.00267
1057,test,shipping,0,1,0.047474,0.545446
1057,test,smell,1,1,0.005875,0.994009
1057,test,stayingpower,0,0,0.005294,0.030671
1057,test,texture,1,1,0.000957,0.99067
1058,test,colour,0,0,0.008569,0.001018
1058,test,packing,2,2,0.99606,0.0016
1058,test,price,0,0,0.027592,0.023097
1058,test,shipping,1,1,0.057592,0.940636
1058,test,smell,0,0,0.015814,0.002085
1058,test,stayingpower,0,0,0.001795,0.000525
1058,test,texture,0,0,0.005494,0.000324
1059,test,colour,0,0,0.000163,0.00141
1059,test,packing,0,1,0.006741,0.94704
1059,test,price,0,0,0.000167,0.00086
1059,test,shipping,0,1,0.020197,0.839698
1059,test,smell,0,0,3.8e-05,0.000458
1059,test,stayingpower,0,0,9e-06,0.000132
1059,test,texture,0,0,7.6e-05,0.000173
1060,test,colour,1,1,2.7e-05,0.999749
1060,test,packing,0,0,0.000493,0.003744
1060,test,price,1,1,0.001303,0.997633
1060,test,shipping,0,0,0.00089,0.005861
1060,test,smell,0,0,0.000332,0.001903
1060,test,stayingpower,0,0,0.000937,0.004758
1060,test,texture,0,0,0.000749,0.003637
1061,test,colour,0,0,0.001165,0.006265
1061,test,packing,1,1,0.000782,0.99883
1061,test,price,0,0,0.000605,0.009159
1061,test,shipping,1,1,0.001715,0.998173
1061,test,smell,0,0,0.000242,0.000729
1061,test,stayingpower,0,0,5.9e-05,0.000297
1061,test,texture,0,0,0.000293,0.000575
1062,test,colour,1,1,0.0008,0.997218
1062,test,packing,0,0,0.000641,0.018902
1062,test,price,0,0,0.001689,0.04573
1062,test,shipping,1,1,0.001847,0.996874
1062,test,smell,0,0,0.002802,0.018004
1062,test,stayingpower,1,1,0.006845,0.989917
1062,test,texture,1,1,0.000633,0.999192
1063,test,colour,0,0,0.000882,0.006017
1063,test,packing,0,0,0.000903,0.009191
1063,test,price,0,0,0.001075,0.009157
1063,test,shipping,1,1,0.006674,0.947731
1063,test,smell,0,0,6.5e-05,0.000504
1063,test,stayingpower,0,0,0.000153,0.00122
1063,test,texture,0,0,0.000258,0.000581
1064,test,colour,3,2,0.827198,0.172723
1064,test,packing,0,0,0.000935,0.001068
1064,test,price,0,0,0.006003,0.006295
1064,test,shipping,0,0,0.007792,0.001963
1064,test,smell,0,0,0.00162,0.000419
1064,test,stayingpower,0,0,0.001443,0.002051
1064,test,texture,0,0,0.002242,0.001384
1065,test,colour,0,0,0.006355,0.006969
1065,test,packing,0,0,0.01402,0.038296
1065,test,price,0,0,0.008609,0.020263
1065,test,shipping,0,0,0.014087,0.00415
1065,test,smell,2,2,0.992992,0.005146
1065,test,stayingpower,0,0,0.02716,0.016493
1065,test,texture,2,2,0.996886,0.001803
1066,test,colour,0,0,0.000943,0.006922
1066,test,packing,0,0,0.000245,0.00524
1066,test,price,1,1,0.001452,0.997693
1066,test,shipping,0,0,0.000629,0.001629
1066,test,smell,0,0,6e-05,0.001547
1066,test,stayingpower,0,0,0.000275,0.00529
1066,test,texture,0,1,0.001406,0.923878
1067,test,colour,1,1,0.000126,0.999086
1067,test,packing,0,0,3.2e-05,0.000598
1067,test,price,0,0,0.00053,0.001209
1067,test,shipping,0,0,9.9e-05,0.001022
1067,test,smell,0,0,1.3e-05,0.000321
1067,test,stayingpower,0,0,0.001125,0.006566
1067,test,texture,0,0,0.001798,0.00941
1068,test,colour,1,1,0.000192,0.999468
1068,test,packing,0,0,9.9e-05,0.003563
1068,test,price,0,0,0.000375,0.004054
1068,test,shipping,0,0,0.000257,0.002566
1068,test,smell,0,0,0.000163,0.002058
1068,test,stayingpower,0,0,0.002558,0.013161
1068,test,texture,1,1,0.001156,0.996857
1069,test,colour,0,0,0.001094,0.05483
1069,test,packing,0,0,9.4e-05,0.005136
1069,test,price,0,0,0.000333,0.005751
1069,test,shipping,0,0,0.000276,0.003197
1069,test,smell,0,0,4.8e-05,0.001989
1069,test,stayingpower,0,0,0.000153,0.002611
1069,test,texture,1,1,0.000259,0.998003
1070,test,colour,1,1,0.000141,0.999253
1070,test,packing,0,0,0.000453,0.002586
1070,test,price,0,0,0.00089,0.004697
1070,test,shipping,0,0,0.000727,0.001847
1070,test,smell,1,1,0.000878,0.996626
1070,test,stayingpower,0,0,0.002609,0.011007
1070,test,texture,1,1,0.00082,0.975546
1071,test,colour,1,1,0.000281,0.997775
1071,test,packing,0,0,0.002459,0.063152
1071,test,price,0,0,0.001409,0.024668
1071,test,shipping,1,1,0.002073,0.997216
1071,test,smell,1,1,0.002745,0.991958
1071,test,stayingpower,0,0,0.005119,0.024918
1071,test,texture,1,1,0.000653,0.997781
1072,test,colour,0,0,0.001654,0.014803
1072,test,packing,0,0,0.000214,0.00365
1072,test,price,1,1,0.001662,0.997657
1072,test,shipping,0,0,0.000896,0.002862
1072,test,smell,0,0,8.7e-05,0.001683
1072,test,stayingpower,0,0,0.000275,0.001497
1072,test,texture,1,1,0.00089,0.869908
1073,test,colour,1,1,0.018861,0.977424
1073,test,packing,0,0,0.004915,0.022345
1073,test,price,1,1,0.033237,0.949702
1073,test,shipping,0,0,0.008407,0.002895
1073,test,smell,0,0,0.00512,0.014179
1073,test,stayingpower,0,0,0.072824,0.022928
1073,test,texture,2,2,0.997237,0.002662
1074,test,colour,1,1,2.6e-05,0.999566
1074,test,packing,0,0,0.000134,0.008187
1074,test,price,0,0,0.000368,0.005692
1074,test,shipping,1,1,0.000193,0.998767
1074,test,smell,0,0,0.000106,0.000472
1074,test,stayingpower,0,0,0.000549,0.003447
1074,test,texture,0,0,0.000329,0.00171
1075,test,colour,0,0,0.002217,0.004871
1075,test,packing,0,0,0.001393,0.002976
1075,test,price,0,0,0.001104,0.001473
1075,test,shipping,0,0,0.000986,0.001343
1075,test,smell,0,0,3.2e-05,0.000628
1075,test,stayingpower,0,0,0.000268,0.000456
1075,test,texture,0,0,0.000248,9.6e-05
1076,test,colour,1,2,0.87628,0.097557
1076,test,packing,0,0,0.001063,0.001304
1076,test,price,0,0,0.002734,0.012108
1076,test,shipping,0,0,0.001321,0.001462
1076,test,smell,0,0,0.001211,0.00025
1076,test,stayingpower,1,1,0.011442,0.986599
1076,test,texture,1,1,0.087969,0.894251
1077,test,colour,0,0,0.001662,0.005576
1077,test,packing,0,0,0.000963,0.006398
1077,test,price,0,0,0.000641,0.002936
1077,test,shipping,1,1,0.001499,0.995213
1077,test,smell,0,0,2.9e-05,0.000117
1077,test,stayingpower,0,0,7.7e-05,0.000339
1077,test,texture,0,0,0.00023,0.000293
1078,test,colour,0,0,0.000487,0.007726
1078,test,packing,0,0,0.000231,0.002841
1078,test,price,0,0,0.000808,0.002968
1078,test,shipping,0,0,0.000307,0.000954
1078,test,smell,0,0,1.4e-05,0.000522
1078,test,stayingpower,0,0,8.6e-05,0.00041
1078,test,texture,0,0,0.0001,0.000189
1079,test,colour,1,1,0.000524,0.998722
1079,test,packing,0,0,0.00921,0.010213
1079,test,price,1,1,0.023781,0.968584
1079,test,shipping,2,2,0.999827,0.000116
1079,test,smell,0,0,0.001037,0.002611
1079,test,stayingpower,0,0,0.001375,0.001722
1079,test,texture,0,0,0.003624,0.002167
1080,test,colour,1,1,6.6e-05,0.997279
1080,test,packing,0,0,0.000609,0.011782
1080,test,price,0,0,0.000758,0.012083
1080,test,shipping,1,1,0.001308,0.992696
1080,test,smell,1,1,0.000619,0.996735
1080,test,stayingpower,0,0,0.000657,0.001946
1080,test,texture,0,0,0.000292,0.00656
1081,test,colour,0,0,0.00022,0.002635
1081,test,packing,0,0,0.000218,0.005921
1081,test,price,0,0,0.000734,0.003953
1081,test,shipping,0,0,0.00025,0.000947
1081,test,smell,0,0,1.7e-05,0.000313
1081,test,stayingpower,0,0,6.2e-05,0.000666
1081,test,texture,0,0,0.000192,0.000703
1082,test,colour,1,1,0.000266,0.999617
1082,test,packing,1,1,0.002494,0.993686
1082,test,price,0,0,0.000853,0.014536
1082,test,shipping,0,0,0.011215,0.011822
1082,test,smell,0,0,0.00174,0.002718
1082,test,stayingpower,0,0,0.002894,0.033272
1082,test,texture,3,1,0.38926,0.607634
1083,test,colour,0,0,0.002743,0.003357
1083,test,packing,0,0,0.000971,0.005015
1083,test,price,0,0,0.000541,0.0005
1083,test,shipping,0,0,0.000507,0.000403
1083,test,smell,0,0,1.8e-05,0.000156
1083,test,stayingpower,0,0,0.000107,0.000329
1083,test,texture,0,0,0.000434,0.000197
1084,test,colour,3,1,0.313084,0.565594
1084,test,packing,0,0,0.003344,0.002522
1084,test,price,0,0,0.008328,0.006105
1084,test,shipping,0,0,0.002723,0.000662
1084,test,smell,3,1,0.434058,0.564409
1084,test,stayingpower,0,0,0.337664,0.0152
1084,test,texture,2,2,0.995323,0.004598
1085,test,colour,0,0,0.002682,0.001875
1085,test,packing,0,0,0.001447,0.003511
1085,test,price,0,0,0.001796,0.001868
1085,test,shipping,0,0,0.000623,0.000506
1085,test,smell,0,0,7.3e-05,0.000815
1085,test,stayingpower,0,0,0.000181,0.00031
1085,test,texture,0,0,0.000184,0.000122
1086,test,colour,1,1,9.6e-05,0.999566
1086,test,packing,0,0,0.000496,0.01608
1086,test,price,0,0,0.0033,0.104772
1086,test,shipping,0,0,0.001526,0.015946
1086,test,smell,0,0,0.000497,0.008397
1086,test,stayingpower,0,0,0.003093,0.015127
1086,test,texture,1,1,0.001266,0.997149
1087,test,colour,0,0,0.000943,0.006922
1087,test,packing,0,0,0.000245,0.00524
1087,test,price,1,1,0.001452,0.997693
1087,test,shipping,0,0,0.000629,0.001629
1087,test,smell,0,0,6e-05,0.001547
1087,test,stayingpower,0,0,0.000275,0.00529
1087,test,texture,0,1,0.001406,0.923878
1088,test,colour,0,0,0.000364,0.002788
1088,test,packing,1,1,0.000802,0.997894
1088,test,price,0,0,0.000379,0.005878
1088,test,shipping,0,0,0.002291,0.006536
1088,test,smell,0,0,3.3e-05,0.000199
1088,test,stayingpower,0,0,1.7e-05,0.000528
1088,test,texture,0,0,0.000297,0.00107
1089,test,colour,0,1,0.000861,0.938691
1089,test,packing,1,1,0.004689,0.992616
1089,test,price,1,1,0.003857,0.989201
1089,test,shipping,0,0,0.009447,0.00547
1089,test,smell,1,1,0.001518,0.990346
1089,test,stayingpower,0,0,0.000317,0.002238
1089,test,texture,0,0,0.000106,0.000629
1090,test,colour,0,0,0.000225,0.073009
1090,test,packing,0,0,4e-05,0.001396
1090,test,price,0,0,0.000961,0.021746
1090,test,shipping,0,0,0.000967,0.076607
1090,test,smell,0,0,1.4e-05,0.000606
1090,test,stayingpower,0,0,5.8e-05,0.000458
1090,test,texture,0,0,4.4e-05,0.000287
1091,test,colour,0,0,0.002401,0.002274
1091,test,packing,0,0,0.000818,0.004971
1091,test,price,0,0,0.000439,0.000557
1091,test,shipping,0,0,0.000523,0.000252
1091,test,smell,0,0,7.1e-05,0.001167
1091,test,stayingpower,0,0,0.000238,0.000929
1091,test,texture,0,0,0.000295,0.000476
1092,test,colour,1,1,0.001283,0.99622
1092,test,packing,0,0,0.006888,0.007116
1092,test,price,0,0,0.008116,0.048179
1092,test,shipping,0,0,0.016916,0.004099
1092,test,smell,0,0,0.263576,0.133401
1092,test,stayingpower,3,2,0.920381,0.07954
1092,test,texture,3,2,0.950866,0.022726
1093,test,colour,0,0,0.000257,0.012007
1093,test,packing,0,0,0.00018,0.002929
1093,test,price,0,0,0.000466,0.002518
1093,test,shipping,0,0,0.000301,0.001446
1093,test,smell,0,0,1.2e-05,0.000421
1093,test,stayingpower,0,0,4.2e-05,0.000601
1093,test,texture,0,0,0.000242,0.000462
1094,test,colour,0,0,0.046017,0.090403
1094,test,packing,0,1,0.01936,0.979397
1094,test,price,1,1,0.004737,0.992173
1094,test,shipping,2,2,0.999546,0.000148
1094,test,smell,0,0,0.047782,0.022966
1094,test,stayingpower,1,1,0.013445,0.983615
1094,test,texture,0,1,0.069514,0.770104
1095,test,colour,0,0,0.000462,0.002747
1095,test,packing,0,0,0.001093,0.012749
1095,test,price,0,0,0.000509,0.003098
1095,test,shipping,0,0,0.023134,0.218515
1095,test,smell,0,0,2.1e-05,0.000302
1095,test,stayingpower,0,0,4.5e-05,0.000322
1095,test,texture,0,0,0.000107,0.00044
1096,test,colour,0,1,0.000148,0.996711
1096,test,packing,0,0,7.1e-05,0.003527
1096,test,price,0,0,0.000731,0.014512
1096,test,shipping,1,1,0.000163,0.998911
1096,test,smell,0,0,1.6e-05,0.000255
1096,test,stayingpower,0,0,0.000196,0.005059
1096,test,texture,0,0,0.000416,0.006776
1097,test,colour,1,0,0.000483,0.00231
1097,test,packing,1,1,0.000202,0.999671
1097,test,price,0,0,0.000632,0.016961
1097,test,shipping,0,1,0.00164,0.997099
1097,test,smell,0,0,0.000279,0.000959
1097,test,stayingpower,0,0,2.1e-05,0.000591
1097,test,texture,0,0,0.000381,0.001853
1098,test,colour,0,0,0.000486,0.031355
1098,test,packing,0,0,0.007982,0.029834
1098,test,price,0,0,0.002227,0.009216
1098,test,shipping,2,2,0.999437,0.000141
1098,test,smell,1,1,0.000387,0.993104
1098,test,stayingpower,0,0,0.000346,0.001149
1098,test,texture,0,0,0.000138,0.002837
1099,test,colour,2,2,0.960068,0.039714
1099,test,packing,0,0,0.000638,0.000443
1099,test,price,0,0,0.000999,0.000366
1099,test,shipping,0,0,0.000311,0.000142
1099,test,smell,0,0,0.00052,0.000956
1099,test,stayingpower,0,0,0.003186,0.001742
1099,test,texture,0,0,0.00572,0.002719
1100,test,colour,1,1,3.8e-05,0.999618
1100,test,packing,0,0,0.000361,0.016639
1100,test,price,1,1,0.002129,0.989494
1100,test,shipping,1,1,0.000922,0.99569
1100,test,smell,0,0,0.000149,0.000802
1100,test,stayingpower,0,0,0.000211,0.002896
1100,test,texture,0,0,0.001147,0.012423
1101,test,colour,1,1,0.000974,0.998127
1101,test,packing,0,0,0.000827,0.003139
1101,test,price,0,0,0.002432,0.010896
1101,test,shipping,0,0,0.003987,0.003957
1101,test,smell,0,0,0.002404,0.001517
1101,test,stayingpower,1,1,0.00534,0.989826
1101,test,texture,2,2,0.990555,0.008583
1102,test,colour,0,0,0.000188,0.001263
1102,test,packing,0,0,0.000463,0.017084
1102,test,price,0,0,0.00028,0.002553
1102,test,shipping,0,0,0.000503,0.002175
1102,test,smell,0,0,2.7e-05,0.00092
1102,test,stayingpower,0,0,3.5e-05,0.000635
1102,test,texture,0,0,0.000558,0.002352
1103,test,colour,3,1,0.068898,0.927587
1103,test,packing,0,0,0.000815,0.003854
1103,test,price,0,0,0.00119,0.005269
1103,test,shipping,0,0,0.000398,0.000271
1103,test,smell,1,1,0.000359,0.998508
1103,test,stayingpower,0,0,0.008456,0.024597
1103,test,texture,1,1,0.000248,0.996745
1104,test,colour,0,0,0.0004,0.007402
1104,test,packing,0,0,0.000158,0.00589
1104,test,price,0,0,0.000195,0.002746
1104,test,shipping,0,0,0.000212,0.000852
1104,test,smell,0,0,2.8e-05,0.000921
1104,test,stayingpower,0,0,0.000107,0.001948
1104,test,texture,1,1,0.000465,0.981602
1105,test,colour,0,0,0.001571,0.001172
1105,test,packing,0,0,0.003708,0.022634
1105,test,price,0,0,0.002347,0.002884
1105,test,shipping,0,0,0.001539,0.001302
1105,test,smell,0,0,5.9e-05,0.000467
1105,test,stayingpower,0,0,6.6e-05,9.5e-05
1105,test,texture,0,0,0.000221,9.4e-05
1106,test,colour,1,1,0.000101,0.999608
1106,test,packing,1,1,0.001604,0.989504
1106,test,price,0,0,0.000392,0.002368
1106,test,shipping,0,0,0.001093,0.006102
1106,test,smell,0,0,0.000222,0.000853
1106,test,stayingpower,0,0,0.000138,0.00247
1106,test,texture,0,0,0.000397,0.001274
1107,test,colour,0,0,0.000499,0.001459
1107,test,packing,0,0,0.001237,0.00646
1107,test,price,0,0,0.001252,0.002288
1107,test,shipping,0,0,0.000498,0.001094
1107,test,smell,0,0,4.2e-05,0.000413
1107,test,stayingpower,0,0,5.2e-05,0.00016
1107,test,texture,0,0,0.000397,0.000218
1108,test,colour,1,1,0.000121,0.999331
1108,test,packing,1,1,0.000472,0.999009
1108,test,price,0,0,0.000755,0.014129
1108,test,shipping,1,1,0.003852,0.993334
1108,test,smell,0,0,0.000745,0.004121
1108,test,stayingpower,0,0,0.000226,0.003843
1108,test,texture,0,0,0.000374,0.00128
1109,test,colour,0,0,0.000922,0.000492
1109,test,packing,0,0,0.005353,0.007109
1109,test,price,0,0,0.001019,0.000798
1109,test,shipping,0,0,0.004949,0.003121
1109,test,smell,0,0,2.9e-05,0.000133
1109,test,stayingpower,0,0,8e-05,4.8e-05
1109,test,texture,0,0,0.000339,0.000122
1110,test,colour,1,1,0.004831,0.994464
1110,test,packing,0,0,0.023731,0.027147
1110,test,price,1,1,0.03048,0.95701
1110,test,shipping,0,0,0.205153,0.184175
1110,test,smell,1,1,0.007797,0.981626
1110,test,stayingpower,2,2,0.98674,0.011793
1110,test,texture,1,1,0.001657,0.975367
1111,test,colour,1,1,0.002733,0.996863
1111,test,packing,0,0,0.001657,0.01069
1111,test,price,0,0,0.006624,0.007359
1111,test,shipping,0,0,0.005433,0.012152
1111,test,smell,0,0,0.001639,0.006809
1111,test,stayingpower,2,2,0.999439,0.000443
1111,test,texture,1,1,0.001175,0.996549
1112,test,colour,0,0,0.000447,0.009473
1112,test,packing,0,0,0.001377,0.005726
1112,test,price,1,1,0.002084,0.996879
1112,test,shipping,0,0,0.002152,0.003046
1112,test,smell,1,1,0.000163,0.999696
1112,test,stayingpower,0,0,0.000799,0.005047
1112,test,texture,0,0,0.000598,0.027236
1113,test,colour,0,0,0.026401,0.015264
1113,test,packing,0,0,0.006152,0.013349
1113,test,price,0,0,0.002739,0.006635
1113,test,shipping,0,0,0.004045,0.001469
1113,test,smell,0,0,0.001898,0.002353
1113,test,stayingpower,0,1,0.044366,0.950787
1113,test,texture,0,0,0.19667,0.259262
1114,test,colour,1,1,8.3e-05,0.999065
1114,test,packing,0,0,0.004614,0.008366
1114,test,price,0,0,0.001283,0.01333
1114,test,shipping,0,0,0.003218,0.00271
1114,test,smell,1,1,0.001076,0.998464
1114,test,stayingpower,0,0,0.018354,0.015061
1114,test,texture,0,2,0.792852,0.071665
1115,test,colour,0,0,0.000379,0.004276
1115,test,packing,1,1,0.000263,0.999453
1115,test,price,0,0,0.000394,0.008244
1115,test,shipping,0,1,0.002013,0.996573
1115,test,smell,0,0,0.000135,0.000807
1115,test,stayingpower,0,0,1.7e-05,0.000288
1115,test,texture,0,0,0.000216,0.000926
1116,test,colour,0,0,0.003581,0.109885
1116,test,packing,0,0,0.001008,0.009139
1116,test,price,0,0,0.000669,0.001788
1116,test,shipping,2,2,0.995127,0.001233
1116,test,smell,0,0,8.9e-05,0.000803
1116,test,stayingpower,0,0,9.1e-05,0.001099
1116,test,texture,0,0,0.000253,0.000339
1117,test,colour,1,1,8.7e-05,0.999464
1117,test,packing,0,0,5.9e-05,0.0014
1117,test,price,0,0,0.000384,0.002632
1117,test,shipping,0,0,0.000228,0.001285
1117,test,smell,0,0,9.6e-05,0.001401
1117,test,stayingpower,0,0,0.001893,0.006134
1117,test,texture,1,1,0.00089,0.987031
1118,test,colour,0,0,0.001735,0.045634
1118,test,packing,0,0,0.014304,0.064619
1118,test,price,0,0,0.001422,0.020693
1118,test,shipping,0,0,0.005182,0.001594
1118,test,smell,1,1,0.00187,0.992202
1118,test,stayingpower,1,1,0.002081,0.996264
1118,test,texture,0,0,0.000542,0.005644
1119,test,colour,3,2,0.961255,0.033901
1119,test,packing,0,0,0.000323,0.000612
1119,test,price,0,0,0.000404,0.000195
1119,test,shipping,0,0,0.000573,0.000219
1119,test,smell,0,0,0.000389,0.001043
1119,test,stayingpower,0,0,0.000708,0.001236
1119,test,texture,0,0,0.002442,0.001288
1120,test,colour,1,1,0.00012,0.999856
1120,test,packing,0,0,0.001096,0.013255
1120,test,price,0,0,0.000654,0.002601
1120,test,shipping,2,2,0.997903,0.00104
1120,test,smell,0,0,0.000675,0.001869
1120,test,stayingpower,0,0,0.000587,0.003768
1120,test,texture,0,0,0.003485,0.008083
1121,test,colour,0,0,0.000365,0.009836
1121,test,packing,0,0,0.000562,0.017335
1121,test,price,0,0,0.001195,0.006567
1121,test,shipping,2,2,0.998396,0.000904
1121,test,smell,0,0,2.3e-05,8.3e-05
1121,test,stayingpower,0,0,4.7e-05,0.000432
1121,test,texture,0,0,0.000487,0.006049
1122,test,colour,1,1,3.6e-05,0.999759
1122,test,packing,0,0,0.000111,0.001919
1122,test,price,0,0,0.000491,0.002161
1122,test,shipping,0,0,0.000487,0.001973
1122,test,smell,0,0,7.7e-05,0.000814
1122,test,stayingpower,0,0,0.000523,0.001503
1122,test,texture,0,0,0.000256,0.000816
1123,test,colour,1,1,0.001914,0.997644
1123,test,packing,0,0,0.003409,0.008714
1123,test,price,1,1,0.046734,0.924266
1123,test,shipping,0,0,0.005441,0.003559
1123,test,smell,0,0,0.0031,0.018208
1123,test,stayingpower,2,2,0.999403,0.000564
1123,test,texture,0,0,0.011247,0.014048
1124,test,colour,0,0,0.00176,0.00334
1124,test,packing,0,0,0.000692,0.00395
1124,test,price,0,0,0.000582,0.000777
1124,test,shipping,0,0,0.000328,0.000464
1124,test,smell,0,0,4.1e-05,0.000807
1124,test,stayingpower,0,0,0.000135,0.000364
1124,test,texture,0,0,0.000198,0.000157
1125,test,colour,1,1,0.009655,0.987177
1125,test,packing,1,1,0.045175,0.900853
1125,test,price,0,0,0.000747,0.006185
1125,test,shipping,0,0,0.053759,0.011139
1125,test,smell,1,2,0.917893,0.081456
1125,test,stayingpower,1,1,0.00522,0.994405
1125,test,texture,3,1,0.155354,0.676408
1126,test,colour,1,1,0.000142,0.998104
1126,test,packing,0,0,5e-05,0.003049
1126,test,price,0,0,0.000314,0.002508
1126,test,shipping,0,0,0.000102,0.001337
1126,test,smell,0,0,8e-06,0.000175
1126,test,stayingpower,0,0,8.1e-05,0.001218
1126,test,texture,0,0,0.000156,0.000523
1127,test,colour,0,0,0.002014,0.000272
1127,test,packing,0,2,0.842115,0.018491
1127,test,price,0,0,0.015964,0.013348
1127,test,shipping,2,2,0.864036,0.007237
1127,test,smell,0,0,0.000839,0.00055
1127,test,stayingpower,0,0,0.000179,0.000258
1127,test,texture,0,0,0.012041,0.001074
1128,test,colour,1,1,6.4e-05,0.997483
1128,test,packing,0,0,0.000103,0.003764
1128,test,price,0,0,0.000459,0.010969
1128,test,shipping,1,1,0.000175,0.999152
1128,test,smell,0,0,7.6e-05,0.000778
1128,test,stayingpower,0,0,0.000127,0.001149
1128,test,texture,0,0,0.000244,0.002245
1129,test,colour,1,1,0.000148,0.999183
1129,test,packing,1,1,0.000137,0.999226
1129,test,price,0,0,0.000337,0.009931
1129,test,shipping,1,1,0.003595,0.991656
1129,test,smell,0,0,0.000477,0.001268
1129,test,stayingpower,0,0,7.2e-05,0.001763
1129,test,texture,0,0,0.000403,0.002028
1130,test,colour,0,0,0.001215,0.008046
1130,test,packing,0,0,0.000502,0.002011
1130,test,price,1,1,0.006068,0.992477
1130,test,shipping,0,0,0.001281,0.0013
1130,test,smell,0,0,0.000103,0.002199
1130,test,stayingpower,0,0,0.0001,0.000264
1130,test,texture,0,0,0.001583,0.000663
1131,test,colour,0,0,0.000985,0.07153
1131,test,packing,0,0,0.00319,0.062473
1131,test,price,0,0,0.001743,0.02903
1131,test,shipping,0,0,0.000603,0.001061
1131,test,smell,1,1,8.1e-05,0.999811
1131,test,stayingpower,0,0,0.002992,0.013213
1131,test,texture,1,1,0.000547,0.994116
1132,test,colour,0,0,0.002732,0.007705
1132,test,packing,1,1,0.001464,0.99799
1132,test,price,0,0,0.00179,0.008934
1132,test,shipping,2,2,0.999258,0.000508
1132,test,smell,0,0,0.000377,0.000589
1132,test,stayingpower,0,0,0.000159,0.001467
1132,test,texture,0,0,0.000225,0.001098
1133,test,colour,1,1,1.3e-05,0.999835
1133,test,packing,0,0,0.000115,0.003507
1133,test,price,0,0,0.000333,0.001289
1133,test,shipping,0,0,0.000366,0.002658
1133,test,smell,0,0,4.6e-05,0.000731
1133,test,stayingpower,0,0,0.00021,0.00182
1133,test,texture,0,0,0.00048,0.002516
1134,test,colour,0,0,0.000932,0.001071
1134,test,packing,0,0,0.000864,0.003754
1134,test,price,0,0,0.000428,0.000506
1134,test,shipping,0,0,0.000335,0.000429
1134,test,smell,0,0,4.5e-05,0.000762
1134,test,stayingpower,0,0,0.000149,0.000431
1134,test,texture,0,0,0.000658,0.000383
1135,test,colour,1,1,0.000132,0.999765
1135,test,packing,0,0,0.000864,0.005397
1135,test,price,0,0,0.002705,0.029769
1135,test,shipping,0,0,0.006481,0.016271
1135,test,smell,1,1,0.000507,0.998734
1135,test,stayingpower,3,2,0.778312,0.18735
1135,test,texture,1,1,0.000201,0.982597
1136,test,colour,0,0,0.001023,0.008221
1136,test,packing,0,0,0.000968,0.018933
1136,test,price,0,0,0.000424,0.003935
1136,test,shipping,1,1,0.000537,0.998806
1136,test,smell,0,0,4.7e-05,0.000387
1136,test,stayingpower,0,0,7.5e-05,0.000778
1136,test,texture,0,0,0.000148,0.000351
1137,test,colour,0,0,0.005597,0.001547
1137,test,packing,0,0,0.003819,0.006102
1137,test,price,0,0,0.002047,0.001361
1137,test,shipping,0,0,0.001189,0.000795
1137,test,smell,0,0,0.000209,0.000793
1137,test,stayingpower,0,0,0.048714,0.019523
1137,test,texture,0,0,0.005349,0.000944
1138,test,colour,0,0,0.002034,0.003205
1138,test,packing,0,0,0.001673,0.00712
1138,test,price,0,0,0.000428,0.000564
1138,test,shipping,0,0,0.000698,0.000259
1138,test,smell,0,0,4.3e-05,0.000839
1138,test,stayingpower,0,0,0.000314,0.00035
1138,test,texture,0,0,0.000433,0.000161
1139,test,colour,0,0,0.000588,0.002461
1139,test,packing,1,1,0.082996,0.744926
1139,test,price,0,0,0.000675,0.00147
1139,test,shipping,0,0,0.002067,0.00504
1139,test,smell,0,0,3.1e-05,0.000285
1139,test,stayingpower,0,0,2.8e-05,7.1e-05
1139,test,texture,0,0,0.000173,0.000496
1140,test,colour,2,2,0.998039,0.0016
1140,test,packing,0,1,0.065414,0.93201
1140,test,price,0,0,0.005124,0.0075
1140,test,shipping,0,0,0.197679,0.066529
1140,test,smell,0,0,0.006716,0.000951
1140,test,stayingpower,0,0,0.001778,0.002098
1140,test,texture,0,0,0.001996,0.001639
1141,test,colour,0,0,0.004588,0.048234
1141,test,packing,0,0,0.001027,0.008501
1141,test,price,0,0,0.001627,0.004368
1141,test,shipping,2,2,0.998832,0.00042
1141,test,smell,0,0,4.9e-05,0.00036
1141,test,stayingpower,0,0,0.00012,0.00026
1141,test,texture,0,0,0.000181,0.00038
1142,test,colour,0,0,0.000416,0.0068
1142,test,packing,0,0,0.000293,0.006859
1142,test,price,0,0,0.000339,0.005059
1142,test,shipping,1,1,0.000673,0.996384
1142,test,smell,0,0,3.5e-05,0.000386
1142,test,stayingpower,0,0,8e-05,0.001005
1142,test,texture,0,0,0.000384,0.001104
1143,test,colour,1,1,0.000111,0.999576
1143,test,packing,0,0,0.000131,0.004421
1143,test,price,0,0,0.000386,0.002656
1143,test,shipping,1,1,0.000409,0.996375
1143,test,smell,0,0,9.7e-05,0.000769
1143,test,stayingpower,0,0,0.000406,0.002938
1143,test,texture,0,0,0.000142,0.000993
1144,test,colour,0,0,0.00218,0.084514
1144,test,packing,1,1,0.006584,0.991197
1144,test,price,1,1,0.001925,0.997069
1144,test,shipping,0,0,0.029011,0.018862
1144,test,smell,1,1,0.000614,0.999103
1144,test,stayingpower,0,0,0.00056,0.002724
1144,test,texture,0,0,0.000377,0.002876
1145,test,colour,0,0,0.027864,0.000657
1145,test,packing,2,2,0.998326,0.00083
1145,test,price,0,0,0.035282,0.004468
1145,test,shipping,0,2,0.777862,0.017305
1145,test,smell,0,0,0.01249,0.000965
1145,test,stayingpower,0,0,0.013224,0.000745
1145,test,texture,0,0,0.011773,0.000731
1146,test,colour,0,0,0.001772,0.007198
1146,test,packing,1,1,0.003617,0.995614
1146,test,price,0,0,0.000841,0.003911
1146,test,shipping,0,0,0.002174,0.001248
1146,test,smell,0,0,0.000148,0.00052
1146,test,stayingpower,0,0,8.5e-05,0.000998
1146,test,texture,0,0,0.00073,0.002398
1147,test,colour,0,0,0.000152,0.001765
1147,test,packing,0,0,0.000251,0.008108
1147,test,price,0,1,0.018476,0.515932
1147,test,shipping,0,0,0.000471,0.000905
1147,test,smell,0,0,2.4e-05,0.00053
1147,test,stayingpower,0,0,1.8e-05,0.000296
1147,test,texture,0,0,0.000216,0.000444
1148,test,colour,0,0,0.001913,0.014999
1148,test,packing,0,0,0.000714,0.003656
1148,test,price,0,0,0.001165,0.002084
1148,test,shipping,0,0,0.000638,0.000665
1148,test,smell,0,0,6.8e-05,0.001356
1148,test,stayingpower,0,0,0.000156,0.000345
1148,test,texture,0,0,0.000357,0.000213
1149,test,colour,1,1,0.000444,0.999356
1149,test,packing,0,0,0.001052,0.003757
1149,test,price,0,0,0.001992,0.004665
1149,test,shipping,0,0,0.000684,0.001758
1149,test,smell,0,0,0.001419,0.002066
1149,test,stayingpower,0,0,0.088166,0.026934
1149,test,texture,2,2,0.939049,0.05986
1150,test,colour,0,0,0.000575,0.003288
1150,test,packing,0,0,0.000259,0.007999
1150,test,price,0,0,0.000121,0.000347
1150,test,shipping,0,0,4.7e-05,0.000337
1150,test,smell,0,0,2.7e-05,0.00112
1150,test,stayingpower,0,0,0.002666,0.029634
1150,test,texture,0,1,0.022091,0.603481
1151,test,colour,1,1,5e-05,0.998264
1151,test,packing,0,0,0.000904,0.02997
1151,test,price,0,0,0.00047,0.007488
1151,test,shipping,1,1,0.00086,0.996318
1151,test,smell,1,1,0.000494,0.998158
1151,test,stayingpower,0,0,0.000165,0.001161
1151,test,texture,0,0,0.0001,0.001939
1152,test,colour,0,0,0.001493,0.001651
1152,test,packing,0,0,0.001628,0.006705
1152,test,price,0,0,0.000876,0.00138
1152,test,shipping,0,0,0.000674,0.000705
1152,test,smell,0,0,7.6e-05,0.001129
1152,test,stayingpower,0,0,0.000182,0.000505
1152,test,texture,0,0,0.000249,0.000172
1153,test,colour,1,1,8.4e-05,0.999675
1153,test,packing,0,0,0.000195,0.006809
1153,test,price,0,0,0.00055,0.005725
1153,test,shipping,0,0,0.000404,0.004688
1153,test,smell,0,0,0.000187,0.001324
1153,test,stayingpower,0,0,0.004339,0.038162
1153,test,texture,1,1,0.006008,0.99288
1154,test,colour,0,0,0.000606,0.024698
1154,test,packing,0,0,0.000363,0.005937
1154,test,price,0,0,0.000376,0.002099
1154,test,shipping,0,0,0.000325,0.001405
1154,test,smell,0,0,2.9e-05,0.001249
1154,test,stayingpower,0,0,4.3e-05,0.000307
1154,test,texture,0,0,0.000123,0.000244
1155,test,colour,0,0,0.000162,0.012903
1155,test,packing,0,0,0.000189,0.006917
1155,test,price,0,0,0.000685,0.005692
1155,test,shipping,0,0,0.000313,0.002459
1155,test,smell,0,0,2.1e-05,0.000623
1155,test,stayingpower,0,0,1.8e-05,0.000225
1155,test,texture,0,0,5.5e-05,0.000168
1156,test,colour,0,0,0.036993,0.099687
1156,test,packing,0,0,0.001703,0.013417
1156,test,price,0,0,0.003618,0.010866
1156,test,shipping,0,0,0.002364,0.006023
1156,test,smell,0,0,0.000353,0.00378
1156,test,stayingpower,2,2,0.999193,0.000729
1156,test,texture,1,1,0.00076,0.996176
1157,test,colour,1,1,0.03408,0.954849
1157,test,packing,0,0,0.018946,0.01548
1157,test,price,1,1,0.008543,0.985772
1157,test,shipping,0,0,0.06982,0.033886
1157,test,smell,2,2,0.997186,0.00273
1157,test,stayingpower,1,1,0.034578,0.962757
1157,test,texture,1,1,0.009525,0.976403
1158,test,colour,3,2,0.69218,0.306834
1158,test,packing,0,0,0.000815,0.000585
1158,test,price,0,0,0.001606,0.000812
1158,test,shipping,0,0,0.000127,3.8e-05
1158,test,smell,0,0,9.9e-05,9.9e-05
1158,test,stayingpower,0,0,0.003258,0.001675
1158,test,texture,0,0,0.011713,0.001628
1159,test,colour,0,0,0.001797,0.001657
1159,test,packing,1,1,0.011047,0.987698
1159,test,price,0,0,0.000963,0.008847
1159,test,shipping,1,1,0.012644,0.986705
1159,test,smell,0,0,0.000254,0.000275
1159,test,stayingpower,0,0,4e-05,0.000134
1159,test,texture,0,0,0.000176,0.000148
1160,test,colour,0,0,0.000556,0.008022
1160,test,packing,1,1,0.000513,0.998505
1160,test,price,0,0,0.000384,0.006557
1160,test,shipping,1,1,0.000827,0.998974
1160,test,smell,0,0,0.000128,0.000729
1160,test,stayingpower,0,0,1.8e-05,0.000458
1160,test,texture,0,0,0.00027,0.001029
1161,test,colour,1,1,0.000173,0.999744
1161,test,packing,0,0,0.000432,0.020543
1161,test,price,0,0,0.000316,0.004668
1161,test,shipping,0,0,0.000746,0.003865
1161,test,smell,0,0,0.000577,0.001509
1161,test,stayingpower,1,1,0.00126,0.99276
1161,test,texture,1,1,0.003957,0.973158
1162,test,colour,0,0,0.008195,0.006915
1162,test,packing,0,0,0.002462,0.008987
1162,test,price,0,0,0.002608,0.001539
1162,test,shipping,2,2,0.999804,0.000113
1162,test,smell,0,0,7e-05,0.000191
1162,test,stayingpower,0,0,0.000349,0.00095
1162,test,texture,0,0,0.000433,0.000218
1163,test,colour,0,0,0.001359,0.001546
1163,test,packing,0,0,0.000743,0.003091
1163,test,price,0,0,0.000665,0.000591
1163,test,shipping,0,0,0.000285,0.000428
1163,test,smell,0,0,3.3e-05,0.000644
1163,test,stayingpower,0,0,0.000249,0.000628
1163,test,texture,0,0,0.000177,0.000121
1164,test,colour,0,0,0.000328,0.012967
1164,test,packing,0,0,0.000636,0.003813
1164,test,price,0,0,0.000443,0.00198
1164,test,shipping,0,0,0.000377,0.000771
1164,test,smell,0,0,3.3e-05,0.00095
1164,test,stayingpower,0,0,6.4e-05,0.00027
1164,test,texture,0,0,0.00036,0.001234
1165,test,colour,0,0,0.006771,0.090281
1165,test,packing,0,0,0.006306,0.030164
1165,test,price,1,1,0.001201,0.998477
1165,test,shipping,0,0,0.006353,0.006046
1165,test,smell,1,1,0.000253,0.99953
1165,test,stayingpower,0,0,0.020258,0.025544
1165,test,texture,1,1,0.001496,0.984961
1166,test,colour,1,1,5.5e-05,0.999718
1166,test,packing,0,0,0.00239,0.196052
1166,test,price,1,1,0.001389,0.996804
1166,test,shipping,2,2,0.99862,0.000983
1166,test,smell,0,0,0.000985,0.002103
1166,test,stayingpower,0,0,0.001396,0.029901
1166,test,texture,0,0,0.002328,0.01658
1167,test,colour,1,1,0.000878,0.998758
1167,test,packing,0,0,0.001763,0.012498
1167,test,price,0,0,0.003249,0.026031
1167,test,shipping,1,1,0.00073,0.997008
1167,test,smell,0,0,0.001769,0.002413
1167,test,stayingpower,0,0,0.078256,0.053423
1167,test,texture,3,2,0.753936,0.244866
1168,test,colour,1,1,3.1e-05,0.999948
1168,test,packing,0,0,0.000147,0.003646
1168,test,price,0,0,0.000586,0.003457
1168,test,shipping,0,0,0.000146,0.002124
1168,test,smell,0,0,4.2e-05,0.000424
1168,test,stayingpower,0,0,0.001053,0.011744
1168,test,texture,0,0,0.001403,0.017911
1169,test,colour,1,1,0.019481,0.973536
1169,test,packing,0,0,0.005637,0.003684
1169,test,price,1,1,0.01758,0.916632
1169,test,shipping,0,0,0.001454,0.000588
1169,test,smell,2,2,0.997312,0.001766
1169,test,stayingpower,0,2,0.435875,0.23124
1169,test,texture,1,1,0.009533,0.987391
1170,test,colour,1,1,0.000114,0.999523
1170,test,packing,0,0,9.8e-05,0.002563
1170,test,price,0,0,0.00055,0.004741
1170,test,shipping,0,0,0.00038,0.004427
1170,test,smell,0,0,0.000146,0.001156
1170,test,stayingpower,0,0,0.009605,0.034826
1170,test,texture,1,1,0.000324,0.997289
1171,test,colour,3,2,0.991576,0.005037
1171,test,packing,0,0,0.002434,0.003441
1171,test,price,1,1,0.02396,0.962292
1171,test,shipping,0,0,0.052388,0.001365
1171,test,smell,0,0,0.003975,0.000815
1171,test,stayingpower,1,1,0.021755,0.968869
1171,test,texture,0,0,0.024609,0.006226
1172,test,colour,1,1,0.000249,0.999544
1172,test,packing,0,0,0.012084,0.0222
1172,test,price,0,0,0.00444,0.006531
1172,test,shipping,0,0,0.015423,0.010748
1172,test,smell,2,2,0.999325,0.000508
1172,test,stayingpower,0,0,0.005794,0.008976
1172,test,texture,0,0,0.007918,0.004297
1173,test,colour,1,1,0.000524,0.962018
1173,test,packing,1,1,0.000698,0.992844
1173,test,price,0,0,0.000732,0.014441
1173,test,shipping,1,1,0.000798,0.998978
1173,test,smell,0,0,0.000246,0.000957
1173,test,stayingpower,0,0,2.2e-05,0.000915
1173,test,texture,0,0,0.000121,0.000813
1174,test,colour,0,0,0.057399,0.146145
1174,test,packing,0,1,0.010171,0.976777
1174,test,price,0,0,0.000981,0.01089
1174,test,shipping,0,0,0.03101,0.007619
1174,test,smell,0,0,0.001454,0.004221
1174,test,stayingpower,1,1,0.003481,0.996194
1174,test,texture,1,1,0.007229,0.989749
1175,test,colour,1,1,4.2e-05,0.999525
1175,test,packing,0,0,7.1e-05,0.002051
1175,test,price,0,0,0.000289,0.000983
1175,test,shipping,0,0,0.000143,0.001277
1175,test,smell,0,0,4.4e-05,0.00058
1175,test,stayingpower,0,0,0.000239,0.001253
1175,test,texture,0,0,0.000222,0.001037
1176,test,colour,0,0,0.002175,0.080248
1176,test,packing,0,0,8.3e-05,0.001801
1176,test,price,0,0,0.00063,0.005485
1176,test,shipping,0,0,0.000121,0.000334
1176,test,smell,0,0,7.8e-05,0.006085
1176,test,stayingpower,0,0,0.001329,0.004673
1176,test,texture,1,1,0.002088,0.983094
1177,test,colour,0,0,0.000702,0.015131
1177,test,packing,0,0,9.2e-05,0.000615
1177,test,price,0,0,0.000456,0.002549
1177,test,shipping,0,0,0.000323,0.001047
1177,test,smell,0,0,4e-05,0.002001
1177,test,stayingpower,0,0,0.000245,0.001087
1177,test,texture,1,1,0.001341,0.981654
1178,test,colour,1,1,0.000281,0.999332
1178,test,packing,0,0,0.001385,0.013758
1178,test,price,0,0,0.001098,0.001351
1178,test,shipping,2,2,0.999482,0.000358
1178,test,smell,0,0,0.000756,0.00144
1178,test,stayingpower,0,0,0.001095,0.001541
1178,test,texture,0,0,0.000882,0.000324
1179,test,colour,1,1,0.000541,0.998446
1179,test,packing,0,0,0.009533,0.016978
1179,test,price,1,1,0.00524,0.991974
1179,test,shipping,0,0,0.009303,0.006552
1179,test,smell,1,1,0.003647,0.995926
1179,test,stayingpower,0,0,0.034682,0.048214
1179,test,texture,1,1,0.129917,0.869779
1180,test,colour,1,1,0.003613,0.995714
1180,test,packing,0,0,0.002732,0.01115
1180,test,price,0,0,0.004112,0.016973
1180,test,shipping,1,1,0.004682,0.991294
1180,test,smell,0,0,0.002953,0.005032
1180,test,stayingpower,2,2,0.997282,0.002673
1180,test,texture,0,0,0.021531,0.463068
1181,test,colour,0,0,0.000223,0.025207
1181,test,packing,0,0,0.000181,0.00624
1181,test,price,0,0,0.000385,0.008045
1181,test,shipping,1,1,0.000609,0.99355
1181,test,smell,0,0,2.4e-05,0.000403
1181,test,stayingpower,0,0,2.4e-05,0.000344
1181,test,texture,0,0,8.7e-05,0.000486
1182,test,colour,1,1,0.001464,0.99579
1182,test,packing,0,0,0.001828,0.009577
1182,test,price,0,0,0.002361,0.010189
1182,test,shipping,0,0,0.005207,0.002395
1182,test,smell,1,1,0.000738,0.998843
1182,test,stayingpower,0,0,0.034632,0.032032
1182,test,texture,1,1,0.000496,0.997445
1183,test,colour,2,2,0.999152,0.000465
1183,test,packing,0,0,0.006868,0.003158
1183,test,price,0,0,0.005329,0.002937
1183,test,shipping,0,0,0.00943,0.000901
1183,test,smell,0,0,0.009138,0.001447
1183,test,stayingpower,0,0,0.004237,0.004382
1183,test,texture,0,0,0.041835,0.004727
1184,test,colour,0,0,0.000321,0.001679
1184,test,packing,1,1,0.000908,0.998077
1184,test,price,0,0,0.000469,0.004903
1184,test,shipping,0,0,0.003325,0.00548
1184,test,smell,0,0,5.7e-05,0.000296
1184,test,stayingpower,0,0,3e-05,0.000448
1184,test,texture,0,0,0.000323,0.000772
1185,test,colour,0,0,0.003448,0.002514
1185,test,packing,0,0,0.002094,0.00584
1185,test,price,0,0,0.001262,0.001665
1185,test,shipping,0,0,0.002009,0.001065
1185,test,smell,0,0,0.00019,0.001262
1185,test,stayingpower,0,0,0.000767,0.000464
1185,test,texture,0,0,0.000713,0.000272
1186,test,colour,0,0,0.000607,0.01244
1186,test,packing,1,1,0.000459,0.99634
1186,test,price,0,0,0.000263,0.006204
1186,test,shipping,1,1,0.001061,0.998687
1186,test,smell,0,0,4.9e-05,0.000231
1186,test,stayingpower,0,0,7e-06,0.000205
1186,test,texture,0,0,0.000214,0.000737
1187,test,colour,0,0,0.001829,0.002222
1187,test,packing,0,0,0.001093,0.003879
1187,test,price,0,0,0.000451,0.000557
1187,test,shipping,0,0,0.000498,0.00044
1187,test,smell,0,0,7.9e-05,0.00103
1187,test,stayingpower,0,0,0.00027,0.000544
1187,test,texture,0,0,0.000125,0.000137
1188,test,colour,1,1,0.006199,0.992135
1188,test,packing,0,0,0.01529,0.024201
1188,test,price,0,0,0.00694,0.008543
1188,test,shipping,0,0,0.002486,0.002879
1188,test,smell,1,1,0.005835,0.991811
1188,test,stayingpower,2,2,0.999553,0.000177
1188,test,texture,2,2,0.520025,0.439964
1189,test,colour,1,1,0.02322,0.931421
1189,test,packing,0,0,0.001201,0.001797
1189,test,price,1,1,0.006635,0.970374
1189,test,shipping,1,1,0.003804,0.99508
1189,test,smell,0,0,0.000797,0.003897
1189,test,stayingpower,0,0,0.000718,0.001158
1189,test,texture,0,0,0.00092,0.000306
1190,test,colour,0,0,0.06183,0.035969
1190,test,packing,0,0,0.044601,0.022501
1190,test,price,1,1,0.058216,0.940433
1190,test,shipping,0,0,0.049782,0.005401
1190,test,smell,0,0,0.025495,0.040193
1190,test,stayingpower,2,2,0.989896,0.001482
1190,test,texture,2,2,0.996488,0.002797
1191,test,colour,0,0,0.000208,0.00279
1191,test,packing,1,1,0.000367,0.99843
1191,test,price,0,0,0.00042,0.011421
1191,test,shipping,0,0,0.009678,0.05601
1191,test,smell,0,0,2.1e-05,0.000175
1191,test,stayingpower,0,0,2e-05,0.0004
1191,test,texture,0,0,0.00015,0.001226
1192,test,colour,0,0,0.000256,0.00378
1192,test,packing,0,0,0.00035,0.005443
1192,test,price,0,0,0.000416,0.002275
1192,test,shipping,0,0,0.0002,0.001336
1192,test,smell,0,0,1.5e-05,0.000523
1192,test,stayingpower,0,0,3.9e-05,0.000205
1192,test,texture,0,0,0.000116,0.000226
1193,test,colour,1,1,0.012542,0.983034
1193,test,packing,1,1,0.039087,0.947403
1193,test,price,0,0,0.004758,0.006846
1193,test,shipping,2,2,0.984286,0.005228
1193,test,smell,0,0,0.003954,0.007287
1193,test,stayingpower,2,2,0.997567,0.002174
1193,test,texture,0,0,0.002721,0.008256
1194,test,colour,1,1,1.1e-05,0.999771
1194,test,packing,0,0,0.000299,0.00215
1194,test,price,0,0,0.00063,0.003773
1194,test,shipping,0,0,0.000556,0.000895
1194,test,smell,1,1,0.000913,0.99458
1194,test,stayingpower,0,0,0.000668,0.001579
1194,test,texture,0,0,0.000184,0.001945
1195,test,colour,0,0,0.000597,0.019114
1195,test,packing,0,0,0.001981,0.4402
1195,test,price,0,0,0.000569,0.013425
1195,test,shipping,0,0,0.000209,0.000828
1195,test,smell,0,0,7.2e-05,0.002894
1195,test,stayingpower,0,0,0.000188,0.006383
1195,test,texture,1,1,0.000716,0.989915
1196,test,colour,0,0,0.001008,0.002381
1196,test,packing,0,0,0.000602,0.005381
1196,test,price,0,0,0.000419,0.001676
1196,test,shipping,0,0,0.000217,0.000461
1196,test,smell,0,0,7.9e-05,0.004536
1196,test,stayingpower,0,0,0.000166,0.000403
1196,test,texture,0,0,0.000504,0.000651
1197,test,colour,2,2,0.879052,0.120127
1197,test,packing,0,0,0.000563,0.001477
1197,test,price,0,0,0.001182,0.003199
1197,test,shipping,0,0,0.000695,0.001247
1197,test,smell,0,0,0.000852,0.000469
1197,test,stayingpower,0,0,0.008609,0.071672
1197,test,texture,1,1,0.002186,0.995811
1198,test,colour,0,0,0.000582,0.007199
1198,test,packing,1,1,0.00251,0.992906
1198,test,price,1,1,0.001131,0.997546
1198,test,shipping,1,1,0.003741,0.992742
1198,test,smell,0,0,0.000124,0.000886
1198,test,stayingpower,0,0,5.3e-05,0.000426
1198,test,texture,0,0,0.000322,0.000398
1199,test,colour,1,1,0.008844,0.989891
1199,test,packing,0,0,0.00238,0.002816
1199,test,price,0,0,0.002101,0.006974
1199,test,shipping,0,0,0.005609,0.000665
1199,test,smell,1,1,0.002012,0.996759
1199,test,stayingpower,1,1,0.371866,0.627283
1199,test,texture,1,1,0.017452,0.978351
1200,test,colour,1,1,0.000124,0.998875
1200,test,packing,0,0,0.000515,0.012955
1200,test,price,1,1,0.00199,0.988814
1200,test,shipping,1,1,0.000307,0.998441
1200,test,smell,0,0,0.000331,0.002491
1200,test,stayingpower,0,0,0.000441,0.003493
1200,test,texture,0,0,0.000478,0.002369
1201,test,colour,0,0,0.000402,0.002675
1201,test,packing,0,0,0.000414,0.007066
1201,test,price,0,0,0.000413,0.001063
1201,test,shipping,0,0,9e-05,0.000401
1201,test,smell,0,0,2.7e-05,0.000836
1201,test,stayingpower,0,0,6e-05,0.00031
1201,test,texture,0,0,0.00023,0.000273
1202,test,colour,1,1,2.9e-05,0.999552
1202,test,packing,0,0,7.4e-05,0.00202
1202,test,price,0,0,0.000372,0.001567
1202,test,shipping,0,0,0.000157,0.001389
1202,test,smell,0,0,4.1e-05,0.00053
1202,test,stayingpower,0,0,0.00024,0.001397
1202,test,texture,0,0,0.000175,0.000639
1203,test,colour,0,0,0.002844,0.001509
1203,test,packing,0,0,0.017922,0.044998
1203,test,price,0,0,0.001229,0.001339
1203,test,shipping,0,0,0.001027,0.000236
1203,test,smell,0,0,2.9e-05,0.000542
1203,test,stayingpower,0,0,8.1e-05,0.000112
1203,test,texture,0,0,0.000303,0.000146
1204,test,colour,1,1,0.000131,0.998741
1204,test,packing,1,1,0.011428,0.987038
1204,test,price,1,1,0.006807,0.970209
1204,test,shipping,0,0,0.019306,0.019662
1204,test,smell,1,0,0.001426,0.003404
1204,test,stayingpower,0,0,0.000798,0.005528
1204,test,texture,0,0,0.006893,0.005063
1205,test,colour,0,0,0.00032,0.011009
1205,test,packing,0,0,0.002026,0.041724
1205,test,price,1,1,0.007326,0.982983
1205,test,shipping,0,0,0.001102,0.002762
1205,test,smell,0,0,3.2e-05,0.002116
1205,test,stayingpower,0,0,2.6e-05,0.000211
1205,test,texture,0,0,0.000117,0.000432
1206,test,colour,0,0,0.004007,0.001853
1206,test,packing,0,0,0.001578,0.004642
1206,test,price,0,0,0.001065,0.001179
1206,test,shipping,0,0,0.001027,0.000931
1206,test,smell,0,0,6.5e-05,0.000475
1206,test,stayingpower,0,0,0.000271,0.000139
1206,test,texture,0,0,0.000254,0.000113
1207,test,colour,1,1,0.000906,0.998198
1207,test,packing,0,0,0.001656,0.004695
1207,test,price,0,0,0.00544,0.013126
1207,test,shipping,0,0,0.002263,0.005491
1207,test,smell,0,0,0.001571,0.001705
1207,test,stayingpower,0,0,0.046593,0.010225
1207,test,texture,2,2,0.998461,0.001067
1208,test,colour,1,1,0.000843,0.996399
1208,test,packing,0,0,0.001744,0.006739
1208,test,price,1,1,0.001968,0.99715
1208,test,shipping,0,0,0.00405,0.006311
1208,test,smell,1,1,0.001436,0.993003
1208,test,stayingpower,0,0,0.007951,0.033825
1208,test,texture,1,1,0.000344,0.997104
1209,test,colour,0,1,0.013555,0.946896
1209,test,packing,0,0,0.057141,0.077443
1209,test,price,0,0,0.001377,0.003304
1209,test,shipping,0,1,0.10956,0.798539
1209,test,smell,1,2,0.998984,0.000971
1209,test,stayingpower,0,0,0.009671,0.04078
1209,test,texture,1,1,0.010709,0.948785
1210,test,colour,0,0,0.001637,0.014523
1210,test,packing,0,0,0.001778,0.008335
1210,test,price,1,1,0.002035,0.997214
1210,test,shipping,0,0,0.002195,0.003285
1210,test,smell,1,1,0.00034,0.998133
1210,test,stayingpower,0,0,0.003304,0.010165
1210,test,texture,1,1,0.000248,0.997326
1211,test,colour,0,0,0.000849,0.009913
1211,test,packing,1,1,0.0008,0.997524
1211,test,price,0,0,0.001469,0.013462
1211,test,shipping,2,2,0.99778,0.000834
1211,test,smell,0,0,0.000245,0.000471
1211,test,stayingpower,0,0,7.5e-05,0.00082
1211,test,texture,0,0,0.000135,0.001573
1212,test,colour,0,0,0.000538,0.001484
1212,test,packing,0,0,0.00409,0.024484
1212,test,price,0,0,0.000562,0.002641
1212,test,shipping,1,1,0.004717,0.992755
1212,test,smell,0,0,0.000134,0.001095
1212,test,stayingpower,0,0,0.000151,0.000728
1212,test,texture,0,0,0.000392,0.001006
1213,test,colour,1,1,0.000535,0.999076
1213,test,packing,0,0,0.000525,0.005449
1213,test,price,1,1,0.002313,0.994795
1213,test,shipping,0,0,0.002613,0.006816
1213,test,smell,0,0,0.00091,0.003969
1213,test,stayingpower,0,0,0.006026,0.065529
1213,test,texture,1,1,0.000189,0.999421
1214,test,colour,1,1,4.1e-05,0.999167
1214,test,packing,0,0,0.000116,0.003683
1214,test,price,0,0,0.000619,0.005323
1214,test,shipping,0,0,0.000135,0.002417
1214,test,smell,0,0,1.2e-05,0.000182
1214,test,stayingpower,0,0,0.000273,0.004379
1214,test,texture,0,0,0.000333,0.001162
1215,test,colour,0,0,0.00161,0.002009
1215,test,packing,0,0,0.000715,0.002655
1215,test,price,0,0,0.000597,0.000695
1215,test,shipping,0,0,0.000365,0.000445
1215,test,smell,0,0,5.5e-05,0.000909
1215,test,stayingpower,0,0,0.00013,0.000402
1215,test,texture,0,0,0.000168,0.000134
1216,test,colour,0,0,0.005576,0.001884
1216,test,packing,0,2,0.861633,0.055227
1216,test,price,0,0,0.013257,0.018143
1216,test,shipping,0,0,0.062848,0.003207
1216,test,smell,1,1,0.00209,0.996344
1216,test,stayingpower,0,0,0.010052,0.00144
1216,test,texture,1,1,0.027248,0.880923
1217,test,colour,0,0,0.004524,0.028718
1217,test,packing,0,0,0.012542,0.004586
1217,test,price,1,1,0.011377,0.987747
1217,test,shipping,0,0,0.049073,0.005525
1217,test,smell,2,2,0.99655,0.002204
1217,test,stayingpower,0,0,0.002017,0.001847
1217,test,texture,0,0,0.008994,0.002442
1218,test,colour,0,0,0.000217,0.003517
1218,test,packing,0,0,0.000188,0.006552
1218,test,price,1,1,0.002875,0.995656
1218,test,shipping,0,0,0.003134,0.005581
1218,test,smell,0,0,2.2e-05,0.000316
1218,test,stayingpower,0,0,3.1e-05,0.000686
1218,test,texture,0,0,0.000427,0.001017
1219,test,colour,1,1,0.000327,0.999288
1219,test,packing,0,0,0.005143,0.034507
1219,test,price,0,0,0.003887,0.020257
1219,test,shipping,0,0,0.004256,0.00409
1219,test,smell,3,1,0.009974,0.989596
1219,test,stayingpower,0,2,0.680212,0.116224
1219,test,texture,1,1,0.436293,0.562589
1220,test,colour,1,1,0.00014,0.999682
1220,test,packing,0,0,0.000144,0.003444
1220,test,price,0,0,0.000596,0.004795
1220,test,shipping,0,0,0.000815,0.003142
1220,test,smell,0,0,0.000206,0.003292
1220,test,stayingpower,0,0,0.004271,0.0249
1220,test,texture,1,1,0.001498,0.986487
1221,test,colour,0,0,0.000434,0.011081
1221,test,packing,0,0,0.0004,0.010952
1221,test,price,0,0,0.00086,0.010122
1221,test,shipping,0,0,0.000413,0.002006
1221,test,smell,0,0,3.4e-05,0.00093
1221,test,stayingpower,0,0,6.8e-05,0.000733
1221,test,texture,0,0,0.000193,0.000495
1222,test,colour,1,1,0.000174,0.999343
1222,test,packing,1,1,0.000601,0.997216
1222,test,price,0,0,0.000426,0.004799
1222,test,shipping,2,2,0.996537,0.00177
1222,test,smell,0,0,0.000655,0.000814
1222,test,stayingpower,0,0,0.000318,0.003997
1222,test,texture,0,0,0.00048,0.002177
1223,test,colour,2,2,0.708352,0.28722
1223,test,packing,0,0,0.000271,0.001053
1223,test,price,0,0,0.000974,0.002187
1223,test,shipping,0,0,0.000327,0.000328
1223,test,smell,0,0,0.000122,0.000199
1223,test,stayingpower,0,0,0.000552,0.002296
1223,test,texture,0,0,0.001147,0.002038
1224,test,colour,1,1,0.000314,0.997475
1224,test,packing,1,1,0.000849,0.998502
1224,test,price,1,1,0.000883,0.996742
1224,test,shipping,1,1,0.00694,0.991965
1224,test,smell,0,0,0.002403,0.014605
1224,test,stayingpower,0,0,0.00055,0.003966
1224,test,texture,0,0,0.000509,0.002828
1225,test,colour,1,1,7.2e-05,0.999479
1225,test,packing,0,0,0.00011,0.002859
1225,test,price,0,0,0.000396,0.004237
1225,test,shipping,0,0,0.000538,0.003732
1225,test,smell,0,0,0.000123,0.002067
1225,test,stayingpower,0,0,0.001427,0.031531
1225,test,texture,0,1,0.000797,0.995546
1226,test,colour,1,1,0.00181,0.994644
1226,test,packing,0,0,0.001138,0.005942
1226,test,price,1,1,0.002368,0.996482
1226,test,shipping,0,0,0.001266,0.002509
1226,test,smell,1,1,0.000725,0.993735
1226,test,stayingpower,0,0,0.003613,0.011725
1226,test,texture,1,1,0.000342,0.98352
1227,test,colour,1,1,0.001757,0.997261
1227,test,packing,0,0,0.001064,0.003407
1227,test,price,0,0,0.005375,0.006891
1227,test,shipping,0,0,0.004803,0.009236
1227,test,smell,0,0,0.000988,0.00385
1227,test,stayingpower,2,2,0.999372,0.000563
1227,test,texture,0,0,0.002903,0.002969
1228,test,colour,0,0,0.004503,0.003946
1228,test,packing,0,0,0.118732,0.046554
1228,test,price,0,0,0.009474,0.024003
1228,test,shipping,0,0,0.092316,0.062997
1228,test,smell,2,2,0.997689,0.001778
1228,test,stayingpower,0,0,0.041026,0.022033
1228,test,texture,2,0,0.483897,0.009624
1229,test,colour,0,0,0.001242,0.0139
1229,test,packing,1,1,0.001318,0.997782
1229,test,price,1,1,0.001087,0.998384
1229,test,shipping,1,1,0.007038,0.992381
1229,test,smell,0,0,0.000413,0.001094
1229,test,stayingpower,0,0,0.000125,0.001578
1229,test,texture,0,0,0.001479,0.001262
1230,test,colour,0,0,0.009641,0.003859
1230,test,packing,0,0,0.010395,0.002859
1230,test,price,0,0,0.003149,0.002219
1230,test,shipping,0,0,0.031216,0.002158
1230,test,smell,0,0,0.000221,0.001133
1230,test,stayingpower,0,0,0.000713,0.00076
1230,test,texture,0,0,0.001332,0.000156
1231,test,colour,1,1,5.9e-05,0.999855
1231,test,packing,0,0,0.000191,0.018437
1231,test,price,0,0,0.000209,0.00179
1231,test,shipping,0,0,0.000381,0.012365
1231,test,smell,0,0,0.000215,0.003862
1231,test,stayingpower,0,0,0.004155,0.088708
1231,test,texture,0,1,0.044819,0.952606
1232,test,colour,1,1,0.000125,0.998449
1232,test,packing,1,1,0.000805,0.990371
1232,test,price,0,0,0.000362,0.005689
1232,test,shipping,1,2,0.996094,0.002955
1232,test,smell,0,0,0.000284,0.000455
1232,test,stayingpower,0,0,5.7e-05,0.001242
1232,test,texture,0,0,0.000426,0.003495
1233,test,colour,1,1,5.3e-05,0.999618
1233,test,packing,0,0,0.000196,0.009266
1233,test,price,0,0,0.000164,0.000831
1233,test,shipping,3,1,0.004716,0.894066
1233,test,smell,0,0,3.6e-05,0.000132
1233,test,stayingpower,0,0,8.6e-05,0.001242
1233,test,texture,0,0,0.000169,0.000369
1234,test,colour,1,1,0.001048,0.998765
1234,test,packing,0,0,0.000725,0.006902
1234,test,price,0,0,0.004576,0.0083
1234,test,shipping,0,0,0.001518,0.006113
1234,test,smell,0,0,0.001708,0.005931
1234,test,stayingpower,0,2,0.997802,0.001378
1234,test,texture,1,1,0.002499,0.994312
1235,test,colour,0,0,0.000683,0.006358
1235,test,packing,0,0,0.000428,0.007686
1235,test,price,0,0,0.001491,0.006794
1235,test,shipping,0,0,0.000386,0.001494
1235,test,smell,0,0,2.4e-05,0.000552
1235,test,stayingpower,0,0,5.6e-05,0.000169
1235,test,texture,0,0,0.000147,0.000253
1236,test,colour,1,1,7.7e-05,0.999557
1236,test,packing,0,0,0.001439,0.04434
1236,test,price,1,1,0.010183,0.941975
1236,test,shipping,2,2,0.998563,0.00065
1236,test,smell,0,0,0.000302,0.001741
1236,test,stayingpower,0,0,0.000348,0.001936
1236,test,texture,0,0,0.000498,0.001586
1237,test,colour,0,0,0.011341,0.01646
1237,test,packing,0,0,0.01643,0.06349
1237,test,price,0,0,0.011323,0.05832
1237,test,shipping,2,2,0.999138,0.000778
1237,test,smell,0,0,0.003195,0.004335
1237,test,stayingpower,0,0,0.006359,0.018056
1237,test,texture,3,1,0.27148,0.728116
1238,test,colour,0,0,0.008077,0.003255
1238,test,packing,0,0,0.036281,0.029392
1238,test,price,1,1,0.012314,0.985685
1238,test,shipping,3,2,0.992978,0.006614
1238,test,smell,0,0,0.000666,0.000943
1238,test,stayingpower,0,0,0.000684,0.001008
1238,test,texture,0,0,0.002883,0.001454
1239,test,colour,0,0,0.000797,0.020731
1239,test,packing,0,0,0.004847,0.023322
1239,test,price,0,0,0.003115,0.019588
1239,test,shipping,2,2,0.996549,0.000337
1239,test,smell,1,1,0.000109,0.999375
1239,test,stayingpower,0,0,0.000656,0.000998
1239,test,texture,0,0,9.6e-05,0.002484
1240,test,colour,0,0,0.005059,0.020182
1240,test,packing,0,0,0.015596,0.019732
1240,test,price,0,0,0.00605,0.01399
1240,test,shipping,0,0,0.0029,0.000761
1240,test,smell,1,1,0.000795,0.998616
1240,test,stayingpower,0,0,0.088464,0.006251
1240,test,texture,1,2,0.652686,0.345871
1241,test,colour,1,1,0.000165,0.999622
1241,test,packing,0,0,0.000789,0.009171
1241,test,price,0,0,0.000715,0.007036
1241,test,shipping,0,0,0.003241,0.008616
1241,test,smell,0,0,0.0005,0.003004
1241,test,stayingpower,3,1,0.004419,0.994279
1241,test,texture,0,0,0.003862,0.008641
1242,test,colour,0,0,0.003132,0.058931
1242,test,packing,0,0,0.004039,0.008924
1242,test,price,1,1,0.006712,0.991168
1242,test,shipping,0,0,0.005138,0.000957
1242,test,smell,1,1,0.000304,0.999374
1242,test,stayingpower,0,0,0.001358,0.000911
1242,test,texture,0,0,0.000897,0.001136
1243,test,colour,0,0,0.000537,0.001217
1243,test,packing,0,0,0.001801,0.00568
1243,test,price,1,1,0.046244,0.928961
1243,test,shipping,0,0,0.01271,0.004002
1243,test,smell,0,0,0.000133,0.002507
1243,test,stayingpower,0,0,6.8e-05,0.000102
1243,test,texture,0,0,0.000254,9.8e-05
1244,test,colour,1,1,0.000156,0.999231
1244,test,packing,0,0,0.0003,0.002822
1244,test,price,1,1,0.00199,0.99679
1244,test,shipping,0,0,0.000512,0.001924
1244,test,smell,0,0,0.001609,0.005656
1244,test,stayingpower,2,0,0.019376,0.088309
1244,test,texture,1,1,0.002439,0.994959
1245,test,colour,1,1,0.000125,0.997796
1245,test,packing,1,1,0.001002,0.997598
1245,test,price,0,0,0.000617,0.014154
1245,test,shipping,1,1,0.003846,0.99504
1245,test,smell,1,1,0.002125,0.996181
1245,test,stayingpower,0,0,0.000231,0.001746
1245,test,texture,0,0,0.000295,0.006359
1246,test,colour,0,0,0.000469,0.012684
1246,test,packing,1,1,0.000245,0.998894
1246,test,price,0,0,0.00049,0.016738
1246,test,shipping,1,1,0.000921,0.997905
1246,test,smell,0,0,7.4e-05,0.000297
1246,test,stayingpower,0,0,8e-06,0.000228
1246,test,texture,0,0,0.000171,0.000814
1247,test,colour,0,0,0.005068,0.004872
1247,test,packing,0,0,0.013258,0.010952
1247,test,price,0,0,0.000558,0.000569
1247,test,shipping,0,0,0.003018,0.003644
1247,test,smell,0,0,4.5e-05,9.3e-05
1247,test,stayingpower,0,0,0.000119,0.000723
1247,test,texture,0,0,0.057164,0.002665
1248,test,colour,0,0,0.003924,0.044839
1248,test,packing,0,0,0.000749,0.018015
1248,test,price,0,0,0.000572,0.007157
1248,test,shipping,0,0,0.001195,0.002063
1248,test,smell,0,0,0.000591,0.004206
1248,test,stayingpower,1,1,0.002356,0.993405
1248,test,texture,1,1,0.001922,0.995716
1249,test,colour,0,0,0.01861,0.012318
1249,test,packing,0,0,0.003554,0.014279
1249,test,price,0,0,0.004075,0.003808
1249,test,shipping,0,0,0.008332,0.005971
1249,test,smell,0,0,0.000406,0.003315
1249,test,stayingpower,2,2,0.999533,0.000286
1249,test,texture,1,1,0.004168,0.990799
1250,test,colour,1,1,9.1e-05,0.999804
1250,test,packing,0,0,0.002541,0.007249
1250,test,price,0,0,0.001436,0.010299
1250,test,shipping,0,0,0.003465,0.006128
1250,test,smell,2,2,0.992536,0.006524
1250,test,stayingpower,0,0,0.007118,0.046463
1250,test,texture,2,2,0.966344,0.022588
1251,test,colour,0,0,0.152614,0.125321
1251,test,packing,0,0,0.004788,0.004498
1251,test,price,0,0,0.019901,0.018023
1251,test,shipping,0,0,0.004347,0.004754
1251,test,smell,0,0,0.001693,0.002835
1251,test,stayingpower,2,2,0.993891,0.005954
1251,test,texture,0,0,0.116811,0.103386
1252,test,colour,3,2,0.893949,0.105476
1252,test,packing,0,0,0.02105,0.013515
1252,test,price,1,1,0.026603,0.962601
1252,test,shipping,1,1,0.014952,0.974476
1252,test,smell,1,1,0.006389,0.993194
1252,test,stayingpower,0,0,0.0259,0.007588
1252,test,texture,0,0,0.008411,0.051221
1253,test,colour,1,1,0.000278,0.998963
1253,test,packing,0,0,0.000276,0.002691
1253,test,price,1,1,0.002453,0.992894
1253,test,shipping,0,0,0.002352,0.006437
1253,test,smell,0,0,0.000539,0.003403
1253,test,stayingpower,0,0,0.018204,0.075582
1253,test,texture,1,1,0.000517,0.998368
1254,test,colour,0,0,0.000541,0.007292
1254,test,packing,0,0,0.000293,0.002612
1254,test,price,1,1,0.004128,0.9933
1254,test,shipping,0,0,0.001034,0.002324
1254,test,smell,0,0,3.5e-05,0.001276
1254,test,stayingpower,0,0,6e-05,0.000361
1254,test,texture,0,0,0.00021,0.000527
1255,test,colour,0,0,0.008183,0.005144
1255,test,packing,0,0,0.003184,0.00964
1255,test,price,0,0,0.003703,0.002256
1255,test,shipping,2,2,0.999764,9.7e-05
1255,test,smell,0,0,0.000153,0.000535
1255,test,stayingpower,0,0,0.00053,0.001985
1255,test,texture,0,0,0.000373,0.000233
1256,test,colour,0,0,0.028243,0.009014
1256,test,packing,1,1,0.091004,0.904309
1256,test,price,0,0,0.009085,0.050613
1256,test,shipping,1,1,0.009248,0.989311
1256,test,smell,0,0,0.014488,0.006552
1256,test,stayingpower,0,0,0.02193,0.008169
1256,test,texture,2,2,0.998169,0.001153
1257,test,colour,0,1,0.000647,0.998374
1257,test,packing,0,0,0.000694,0.007902
1257,test,price,0,0,0.00081,0.014028
1257,test,shipping,1,1,0.019195,0.979824
1257,test,smell,0,0,0.001491,0.00426
1257,test,stayingpower,1,1,0.001287,0.998561
1257,test,texture,3,1,0.032931,0.875844
1258,test,colour,1,1,0.002634,0.996495
1258,test,packing,0,0,0.003621,0.009992
1258,test,price,0,0,0.006311,0.012039
1258,test,shipping,1,1,0.007524,0.978251
1258,test,smell,0,0,0.002224,0.011629
1258,test,stayingpower,2,2,0.999154,0.000811
1258,test,texture,0,0,0.006409,0.020674
1259,test,colour,0,0,0.009528,0.024936
1259,test,packing,1,1,0.005561,0.987888
1259,test,price,1,1,0.003305,0.991488
1259,test,shipping,0,0,0.015,0.005237
1259,test,smell,0,0,0.000962,0.001188
1259,test,stayingpower,1,1,0.006476,0.989976
1259,test,texture,3,1,0.325635,0.610289
1260,test,colour,1,1,0.002914,0.996746
1260,test,packing,0,0,0.012029,0.02608
1260,test,price,0,0,0.006626,0.008935
1260,test,shipping,2,2,0.998283,0.00113
1260,test,smell,0,0,0.00289,0.004447
1260,test,stayingpower,2,2,0.996702,0.002873
1260,test,texture,1,1,0.024449,0.959166
1261,test,colour,0,0,0.001979,0.052784
1261,test,packing,0,0,0.001815,0.017935
1261,test,price,1,1,0.00404,0.995048
1261,test,shipping,1,1,0.011038,0.970939
1261,test,smell,0,0,0.000125,0.004103
1261,test,stayingpower,0,0,8.9e-05,0.000653
1261,test,texture,0,0,0.000163,0.000263
1262,test,colour,0,0,0.000984,0.229531
1262,test,packing,0,0,2.5e-05,0.000505
1262,test,price,0,0,0.000547,0.002674
1262,test,shipping,0,0,7.5e-05,0.000479
1262,test,smell,0,0,2.5e-05,0.000404
1262,test,stayingpower,0,0,6.1e-05,0.000892
1262,test,texture,0,0,0.005466,0.026685
1263,test,colour,0,0,0.002682,0.010895
1263,test,packing,0,0,0.00082,0.011555
1263,test,price,0,0,0.001618,0.002509
1263,test,shipping,2,2,0.998881,0.000543
1263,test,smell,0,0,3e-05,9.8e-05
1263,test,stayingpower,0,0,0.000106,0.000451
1263,test,texture,0,0,0.00026,0.000231
1264,test,colour,0,0,0.000867,0.004445
1264,test,packing,0,0,0.000791,0.012068
1264,test,price,0,0,0.000617,0.001243
1264,test,shipping,0,0,0.000528,0.000712
1264,test,smell,0,0,2.9e-05,0.000598
1264,test,stayingpower,0,0,7.1e-05,0.000152
1264,test,texture,0,0,0.000356,0.000171
1265,test,colour,0,0,0.005291,0.085916
1265,test,packing,0,0,0.000698,0.002501
1265,test,price,0,0,0.002672,0.009062
1265,test,shipping,0,0,0.001136,0.001822
1265,test,smell,0,0,0.000112,0.000327
1265,test,stayingpower,0,0,0.001291,0.001465
1265,test,texture,2,2,0.993282,0.005342
1266,test,colour,0,0,0.00055,0.003652
1266,test,packing,1,1,0.000229,0.999683
1266,test,price,0,0,0.000344,0.007178
1266,test,shipping,1,1,0.002628,0.995903
1266,test,smell,0,0,0.000284,0.000898
1266,test,stayingpower,0,0,3.7e-05,0.000602
1266,test,texture,0,0,0.000419,0.001487
1267,test,colour,0,0,0.000351,0.004641
1267,test,packing,0,0,0.000101,0.001105
1267,test,price,1,1,0.005614,0.98811
1267,test,shipping,0,0,0.000485,0.001955
1267,test,smell,0,0,1.7e-05,0.000278
1267,test,stayingpower,0,0,6.1e-05,0.000601
1267,test,texture,0,0,0.001254,0.015136
1268,test,colour,0,0,0.023712,0.441844
1268,test,packing,0,0,0.004412,0.00676
1268,test,price,1,1,0.004317,0.994175
1268,test,shipping,1,1,0.020541,0.970477
1268,test,smell,0,0,0.000667,0.003581
1268,test,stayingpower,0,0,0.115857,0.054558
1268,test,texture,1,1,0.338687,0.659264
1269,test,colour,0,0,0.000367,0.001895
1269,test,packing,1,1,0.003528,0.996272
1269,test,price,0,0,0.000207,0.002561
1269,test,shipping,0,0,0.147147,0.06108
1269,test,smell,0,0,0.000154,0.000995
1269,test,stayingpower,0,0,4.7e-05,0.00046
1269,test,texture,0,0,0.000374,0.001384
1270,test,colour,1,1,0.003174,0.993547
1270,test,packing,0,0,0.058903,0.037174
1270,test,price,1,1,0.009332,0.977479
1270,test,shipping,0,0,0.039516,0.008173
1270,test,smell,1,2,0.823804,0.17616
1270,test,stayingpower,1,1,0.011007,0.988086
1270,test,texture,0,1,0.092201,0.711825
1271,test,colour,1,1,0.00029,0.998721
1271,test,packing,1,1,0.000432,0.998061
1271,test,price,0,0,0.00047,0.005607
1271,test,shipping,2,2,0.997735,0.001673
1271,test,smell,0,0,0.000298,0.000443
1271,test,stayingpower,0,0,0.000171,0.003139
1271,test,texture,0,0,0.000564,0.005815
1272,test,colour,1,1,0.000248,0.998656
1272,test,packing,0,0,9.2e-05,0.001499
1272,test,price,0,0,0.000238,0.001826
1272,test,shipping,0,0,0.000233,0.004618
1272,test,smell,0,0,6.1e-05,0.000302
1272,test,stayingpower,0,1,0.00277,0.941565
1272,test,texture,0,0,0.008927,0.038436
1273,test,colour,1,1,0.000723,0.994649
1273,test,packing,0,0,9.8e-05,0.002216
1273,test,price,0,0,0.00045,0.0094
1273,test,shipping,0,0,0.001392,0.004943
1273,test,smell,0,0,0.000203,0.000916
1273,test,stayingpower,1,1,0.001251,0.997626
1273,test,texture,1,1,0.005854,0.983081
1274,test,colour,0,2,0.576407,0.157657
1274,test,packing,0,0,0.000242,0.000561
1274,test,price,0,0,0.000808,0.000556
1274,test,shipping,0,0,0.000163,0.000171
1274,test,smell,0,0,6.6e-05,0.000452
1274,test,stayingpower,0,0,0.000419,0.000185
1274,test,texture,0,0,0.02152,0.023961
1275,test,colour,1,1,0.001734,0.994429
1275,test,packing,0,0,0.000186,0.003946
1275,test,price,0,0,0.000302,0.003527
1275,test,shipping,0,0,0.001552,0.0043
1275,test,smell,0,0,0.000722,0.005075
1275,test,stayingpower,1,1,0.002644,0.995878
1275,test,texture,1,1,0.001491,0.997952
1276,test,colour,0,0,0.002034,0.003205
1276,test,packing,0,0,0.001673,0.00712
1276,test,price,0,0,0.000428,0.000564
1276,test,shipping,0,0,0.000698,0.000259
1276,test,smell,0,0,4.3e-05,0.000839
1276,test,stayingpower,0,0,0.000314,0.00035
1276,test,texture,0,0,0.000433,0.000161
1277,test,colour,0,0,0.000856,0.006882
1277,test,packing,0,0,0.001164,0.012867
1277,test,price,0,0,0.000363,0.000755
1277,test,shipping,0,0,0.002365,0.003924
1277,test,smell,0,0,1.7e-05,0.000322
1277,test,stayingpower,0,0,3.1e-05,0.000194
1277,test,texture,0,0,0.000185,0.000218
1278,test,colour,1,1,0.000135,0.9994
1278,test,packing,1,1,0.001308,0.996724
1278,test,price,0,0,0.001061,0.008804
1278,test,shipping,2,2,0.999159,0.000609
1278,test,smell,0,0,0.004638,0.006684
1278,test,stayingpower,0,0,0.000665,0.003901
1278,test,texture,0,0,0.000604,0.002697
1279,test,colour,1,2,0.905669,0.087768
1279,test,packing,0,0,0.00743,0.003244
1279,test,price,0,0,0.003,0.030084
1279,test,shipping,1,1,0.000392,0.99931
1279,test,smell,0,0,0.003545,0.00072
1279,test,stayingpower,0,0,0.022591,0.005033
1279,test,texture,3,2,0.816487,0.120517
1280,test,colour,0,0,0.024118,0.019188
1280,test,packing,0,0,0.003287,0.002575
1280,test,price,1,1,0.096181,0.887171
1280,test,shipping,0,0,0.005903,0.001463
1280,test,smell,0,0,0.000287,0.002587
1280,test,stayingpower,0,0,0.000394,0.000198
1280,test,texture,0,0,0.000294,0.000184
1281,test,colour,0,0,0.000267,0.007186
1281,test,packing,1,1,0.000244,0.999185
1281,test,price,0,0,0.000665,0.028419
1281,test,shipping,1,1,0.001163,0.998166
1281,test,smell,0,0,8.7e-05,0.000381
1281,test,stayingpower,0,0,1.5e-05,0.000493
1281,test,texture,0,0,0.000232,0.001829
1282,test,colour,0,0,0.00134,0.007141
1282,test,packing,0,0,0.000722,0.008703
1282,test,price,0,0,0.000264,0.001175
1282,test,shipping,3,1,0.027367,0.905868
1282,test,smell,0,0,4.6e-05,0.000177
1282,test,stayingpower,0,0,4.1e-05,0.000463
1282,test,texture,0,0,0.000269,0.000403
1283,test,colour,0,0,0.017514,0.001866
1283,test,packing,0,0,0.176202,0.018151
1283,test,price,2,0,0.082658,0.167053
1283,test,shipping,1,1,0.00967,0.988519
1283,test,smell,0,0,0.003078,0.001589
1283,test,stayingpower,0,0,0.000709,0.000278
1283,test,texture,0,0,0.018282,0.000316
1284,test,colour,3,2,0.700254,0.293988
1284,test,packing,0,0,0.006121,0.008327
1284,test,price,0,0,0.008852,0.010702
1284,test,shipping,1,1,0.025243,0.947659
1284,test,smell,1,1,0.039024,0.94638
1284,test,stayingpower,2,2,0.99644,0.00272
1284,test,texture,1,1,0.002049,0.986781
1285,test,colour,0,0,0.007361,0.079014
1285,test,packing,0,0,0.003358,0.006735
1285,test,price,0,0,0.003157,0.004139
1285,test,shipping,0,0,0.000782,0.0003
1285,test,smell,1,1,0.000217,0.9997
1285,test,stayingpower,0,0,0.110878,0.008855
1285,test,texture,0,1,0.282757,0.689793
1286,test,colour,0,0,0.001374,0.00512
1286,test,packing,1,1,0.000398,0.999489
1286,test,price,0,0,0.000478,0.008925
1286,test,shipping,1,1,0.005891,0.989441
1286,test,smell,0,0,0.000521,0.000935
1286,test,stayingpower,0,0,0.000277,0.017934
1286,test,texture,0,0,0.000274,0.000532
1287,test,colour,0,0,0.001811,0.001125
1287,test,packing,1,1,0.132785,0.826754
1287,test,price,0,0,0.007155,0.043665
1287,test,shipping,1,1,0.229398,0.770115
1287,test,smell,0,0,0.000158,0.000139
1287,test,stayingpower,0,0,4.8e-05,0.0001
1287,test,texture,0,0,0.001098,0.000633
1288,test,colour,0,0,0.000605,0.010894
1288,test,packing,1,1,0.000374,0.998755
1288,test,price,0,0,0.000364,0.012137
1288,test,shipping,1,1,0.000853,0.998936
1288,test,smell,0,0,0.000107,0.000443
1288,test,stayingpower,0,0,1.4e-05,0.000278
1288,test,texture,0,0,0.000188,0.000678
1289,test,colour,0,0,0.00057,0.004631
1289,test,packing,0,0,0.000395,0.004895
1289,test,price,0,0,0.00107,0.005375
1289,test,shipping,0,0,9.6e-05,0.000514
1289,test,smell,0,0,1.1e-05,0.000179
1289,test,stayingpower,0,0,6.2e-05,0.000205
1289,test,texture,0,0,0.000107,0.000416
1290,test,colour,0,0,0.00103,0.208115
1290,test,packing,0,0,0.000242,0.003551
1290,test,price,0,0,0.002129,0.021433
1290,test,shipping,0,0,0.0003,0.001687
1290,test,smell,0,0,0.000129,0.000995
1290,test,stayingpower,0,0,0.000163,0.001522
1290,test,texture,2,2,0.981385,0.013957
1291,test,colour,1,1,0.003768,0.99334
1291,test,packing,0,0,0.012343,0.025449
1291,test,price,1,1,0.014678,0.982077
1291,test,shipping,0,0,0.024075,0.006327
1291,test,smell,1,1,0.01028,0.9803
1291,test,stayingpower,2,2,0.99916,0.000608
1291,test,texture,1,1,0.003296,0.989992
1292,test,colour,0,0,0.035824,0.006083
1292,test,packing,0,0,0.017894,0.001508
1292,test,price,0,0,0.004869,0.002216
1292,test,shipping,0,0,0.019443,0.000596
1292,test,smell,0,0,0.000519,0.00298
1292,test,stayingpower,0,0,0.029613,0.003211
1292,test,texture,0,0,0.000782,6.3e-05
1293,test,colour,0,0,0.000812,0.01723
1293,test,packing,1,1,0.000384,0.99829
1293,test,price,0,0,0.000509,0.0082
1293,test,shipping,0,0,0.00381,0.02931
1293,test,smell,0,0,2.3e-05,0.000196
1293,test,stayingpower,0,0,1.1e-05,0.000323
1293,test,texture,0,0,0.000144,0.000643
1294,test,colour,0,0,0.000602,0.018772
1294,test,packing,0,0,0.000422,0.011022
1294,test,price,0,0,0.000344,0.004574
1294,test,shipping,1,1,0.001085,0.996371
1294,test,smell,0,0,3.4e-05,0.000324
1294,test,stayingpower,0,0,5.9e-05,0.000883
1294,test,texture,0,0,0.000196,0.000557
1295,test,colour,0,0,0.000311,0.031263
1295,test,packing,0,0,0.000128,0.003079
1295,test,price,0,0,0.000679,0.00232
1295,test,shipping,0,0,9e-05,0.000433
1295,test,smell,0,0,1.1e-05,0.00028
1295,test,stayingpower,0,0,0.000129,0.000878
1295,test,texture,0,0,0.00012,0.000616
1296,test,colour,0,0,0.012748,0.05686
1296,test,packing,1,1,0.057684,0.819501
1296,test,price,0,0,0.001302,0.013175
1296,test,shipping,0,0,0.015927,0.005952
1296,test,smell,0,0,0.000346,0.000445
1296,test,stayingpower,1,1,0.00496,0.992211
1296,test,texture,0,0,0.027243,0.053238
1297,test,colour,1,1,8e-05,0.999738
1297,test,packing,0,0,3.7e-05,0.001256
1297,test,price,0,0,0.000285,0.001072
1297,test,shipping,0,0,9.4e-05,0.001282
1297,test,smell,0,0,2.3e-05,0.000626
1297,test,stayingpower,0,0,0.000294,0.003077
1297,test,texture,0,0,0.00124,0.022165
1298,test,colour,1,1,0.0002,0.999322
1298,test,packing,0,0,0.001881,0.013131
1298,test,price,1,1,0.002304,0.991488
1298,test,shipping,0,0,0.006555,0.002407
1298,test,smell,0,0,0.001123,0.00574
1298,test,stayingpower,1,1,0.001563,0.997013
1298,test,texture,0,0,0.003127,0.006878
1299,test,colour,1,1,3.1e-05,0.999781
1299,test,packing,1,1,0.000571,0.998146
1299,test,price,0,0,0.000418,0.005611
1299,test,shipping,0,0,0.004968,0.019353
1299,test,smell,0,0,0.000416,0.001399
1299,test,stayingpower,0,0,0.000291,0.00612
1299,test,texture,0,0,0.000758,0.00287
1300,test,colour,0,0,0.000292,0.003316
1300,test,packing,0,0,0.000365,0.010158
1300,test,price,1,1,0.003821,0.994679
1300,test,shipping,0,0,0.001078,0.001465
1300,test,smell,0,0,4.2e-05,0.00068
1300,test,stayingpower,0,0,2.7e-05,0.000463
1300,test,texture,0,0,0.000398,0.000677
1301,test,colour,1,1,0.00041,0.999299
1301,test,packing,0,0,0.002365,0.010096
1301,test,price,0,1,0.003169,0.994827
1301,test,shipping,0,0,0.002973,0.002529
1301,test,smell,0,0,0.003059,0.008139
1301,test,stayingpower,0,0,0.150229,0.075814
1301,test,texture,1,1,0.347283,0.652224
1302,test,colour,0,0,0.102592,0.117569
1302,test,packing,0,0,0.004856,0.012573
1302,test,price,0,0,0.002083,0.00106
1302,test,shipping,0,0,0.001591,0.000505
1302,test,smell,0,0,0.000292,0.004132
1302,test,stayingpower,0,0,0.005437,0.009068
1302,test,texture,0,0,0.012514,0.000768
1303,test,colour,1,1,3.6e-05,0.999301
1303,test,packing,0,0,0.000445,0.011065
1303,test,price,0,0,0.000614,0.008425
1303,test,shipping,0,0,0.000549,0.003604
1303,test,smell,1,1,0.000394,0.994479
1303,test,stayingpower,0,0,0.000874,0.012336
1303,test,texture,1,1,0.001289,0.997162
1304,test,colour,0,0,0.00241,0.015213
1304,test,packing,0,0,0.00069,0.009931
1304,test,price,0,0,0.001193,0.017037
1304,test,shipping,1,1,0.00125,0.997819
1304,test,smell,0,0,0.000327,0.002934
1304,test,stayingpower,0,0,0.003044,0.013607
1304,test,texture,1,1,0.000174,0.999263
1305,test,colour,1,1,0.025728,0.96834
1305,test,packing,0,0,0.000638,0.012135
1305,test,price,1,1,0.012494,0.906989
1305,test,shipping,1,1,0.0014,0.994922
1305,test,smell,0,0,9.8e-05,0.000469
1305,test,stayingpower,0,0,9.5e-05,0.000821
1305,test,texture,0,0,0.000166,0.000347
1306,test,colour,1,1,0.0001,0.999566
1306,test,packing,0,0,0.000626,0.004286
1306,test,price,1,1,0.002071,0.993731
1306,test,shipping,0,0,0.01304,0.00883
1306,test,smell,0,0,0.00172,0.00546
1306,test,stayingpower,1,1,0.001613,0.997522
1306,test,texture,0,0,0.001446,0.004564
1307,test,colour,1,1,0.000116,0.999628
1307,test,packing,0,1,0.044657,0.767967
1307,test,price,0,0,0.001127,0.007017
1307,test,shipping,2,2,0.999011,0.000155
1307,test,smell,0,0,0.000692,0.001338
1307,test,stayingpower,0,0,0.000201,0.001446
1307,test,texture,0,0,0.000724,0.001064
1308,test,colour,0,0,0.002077,0.006002
1308,test,packing,0,0,0.001406,0.010702
1308,test,price,0,0,0.000697,0.00115
1308,test,shipping,0,0,0.001222,0.001941
1308,test,smell,0,0,5.6e-05,0.000494
1308,test,stayingpower,0,0,5.1e-05,0.000363
1308,test,texture,0,0,0.000982,0.000963
1309,test,colour,1,1,0.000292,0.998588
1309,test,packing,0,0,0.000292,0.007721
1309,test,price,0,0,0.000552,0.017739
1309,test,shipping,1,1,0.001558,0.997679
1309,test,smell,0,0,0.001338,0.004948
1309,test,stayingpower,1,1,0.004971,0.992697
1309,test,texture,1,1,0.00265,0.98761
1310,test,colour,1,1,0.000993,0.998988
1310,test,packing,0,0,8.5e-05,0.000658
1310,test,price,0,0,0.000486,0.001027
1310,test,shipping,0,0,9.4e-05,0.00041
1310,test,smell,0,0,0.000141,0.000626
1310,test,stayingpower,0,0,0.001578,0.004661
1310,test,texture,0,0,0.001507,0.005461
1311,test,colour,0,0,0.02937,0.232586
1311,test,packing,0,1,0.006914,0.986464
1311,test,price,0,0,0.001815,0.016613
1311,test,shipping,2,2,0.998306,0.000726
1311,test,smell,0,0,0.004581,0.003238
1311,test,stayingpower,1,1,0.002864,0.989269
1311,test,texture,0,0,0.005344,0.020398
1312,test,colour,1,1,8.1e-05,0.999824
1312,test,packing,1,1,0.000552,0.997564
1312,test,price,0,0,0.000232,0.002512
1312,test,shipping,2,2,0.99453,0.002158
1312,test,smell,0,0,0.000738,0.001365
1312,test,stayingpower,0,0,0.000486,0.00742
1312,test,texture,0,0,0.001651,0.031046
1313,test,colour,0,0,0.013285,0.023018
1313,test,packing,0,0,0.002762,0.002214
1313,test,price,0,0,0.025424,0.359549
1313,test,shipping,0,0,0.011731,0.000929
1313,test,smell,0,0,0.001084,0.008053
1313,test,stayingpower,0,0,0.000737,0.000795
1313,test,texture,0,0,0.001168,0.000179
1314,test,colour,1,1,0.000364,0.999605
1314,test,packing,0,0,8.3e-05,0.000879
1314,test,price,0,0,0.00068,0.003164
1314,test,shipping,0,0,0.000172,0.000801
1314,test,smell,0,0,1.1e-05,0.000142
1314,test,stayingpower,0,0,0.001011,0.007587
1314,test,texture,0,0,0.002234,0.010501
1315,test,colour,1,1,0.00043,0.998928
1315,test,packing,0,0,0.00068,0.004967
1315,test,price,0,0,0.00184,0.033721
1315,test,shipping,1,1,0.005775,0.987749
1315,test,smell,1,0,0.001774,0.007004
1315,test,stayingpower,3,1,0.166988,0.832674
1315,test,texture,3,1,0.07652,0.863246
1316,test,colour,0,0,0.003504,0.006711
1316,test,packing,0,0,0.002005,0.008156
1316,test,price,0,0,0.00107,0.005489
1316,test,shipping,0,0,0.001495,0.00134
1316,test,smell,0,0,0.000201,0.001757
1316,test,stayingpower,0,0,0.003021,0.004263
1316,test,texture,1,1,0.000434,0.997935
1317,test,colour,0,0,0.091242,0.080187
1317,test,packing,0,0,0.012051,0.032169
1317,test,price,0,0,0.018103,0.036693
1317,test,shipping,0,0,0.007278,0.0075
1317,test,smell,0,0,0.00124,0.007199
1317,test,stayingpower,2,2,0.99979,0.000202
1317,test,texture,3,2,0.889382,0.105496
1318,test,colour,1,1,0.053832,0.945295
1318,test,packing,0,0,0.004557,0.001091
1318,test,price,0,0,0.002404,0.002426
1318,test,shipping,0,0,0.003652,0.002324
1318,test,smell,2,2,0.999288,0.000613
1318,test,stayingpower,0,0,0.264091,0.161967
1318,test,texture,0,0,0.026399,0.006456
1319,test,colour,1,1,9e-06,0.999846
1319,test,packing,0,0,0.00038,0.004789
1319,test,price,0,0,0.000491,0.003133
1319,test,shipping,0,0,0.000473,0.001341
1319,test,smell,1,1,0.000395,0.99283
1319,test,stayingpower,0,0,0.000488,0.00175
1319,test,texture,0,0,0.000134,0.003107
1320,test,colour,2,2,0.995976,0.003161
1320,test,packing,0,0,0.001147,0.00407
1320,test,price,0,0,0.005225,0.017732
1320,test,shipping,0,0,0.004933,0.003591
1320,test,smell,0,0,0.001436,0.001705
1320,test,stayingpower,0,0,0.020177,0.075714
1320,test,texture,1,1,0.000592,0.999274
1321,test,colour,1,1,2.1e-05,0.999875
1321,test,packing,0,0,0.000694,0.012145
1321,test,price,0,0,0.000682,0.005485
1321,test,shipping,0,0,0.000811,0.002426
1321,test,smell,1,1,0.000273,0.998125
1321,test,stayingpower,0,0,0.000635,0.002295
1321,test,texture,0,0,0.000494,0.022121
1322,test,colour,0,0,0.000679,0.001168
1322,test,packing,0,0,0.001853,0.008958
1322,test,price,0,0,0.001266,0.002859
1322,test,shipping,0,0,0.000883,0.001051
1322,test,smell,0,0,4.6e-05,0.00031
1322,test,stayingpower,0,0,9.6e-05,0.000284
1322,test,texture,0,0,0.000721,0.000295
1323,test,colour,0,0,0.009581,0.031072
1323,test,packing,0,0,0.003799,0.036023
1323,test,price,0,0,0.000945,0.004065
1323,test,shipping,0,0,0.005029,0.002299
1323,test,smell,0,0,0.004455,0.004863
1323,test,stayingpower,1,1,0.001692,0.996056
1323,test,texture,0,0,0.049678,0.018074
1324,test,colour,1,1,0.00018,0.997898
1324,test,packing,1,1,0.000424,0.99762
1324,test,price,0,0,0.00065,0.019824
1324,test,shipping,1,1,0.001424,0.997016
1324,test,smell,0,0,0.000469,0.001772
1324,test,stayingpower,0,0,4.7e-05,0.000665
1324,test,texture,0,0,0.000115,0.000297
1325,test,colour,1,1,8.9e-05,0.999459
1325,test,packing,1,1,0.000341,0.999156
1325,test,price,0,0,0.000455,0.008169
1325,test,shipping,1,1,0.006945,0.983724
1325,test,smell,0,0,0.00073,0.001312
1325,test,stayingpower,0,0,0.000116,0.001982
1325,test,texture,0,0,0.000337,0.00068
1326,test,colour,0,0,0.056512,0.064136
1326,test,packing,0,0,0.000871,0.002317
1326,test,price,0,0,0.004806,0.005545
1326,test,shipping,0,0,0.004991,0.005795
1326,test,smell,0,0,0.001003,0.014182
1326,test,stayingpower,2,2,0.998795,0.001198
1326,test,texture,3,1,0.250534,0.700491
1327,test,colour,0,0,0.001295,0.013339
1327,test,packing,0,0,0.000836,0.009522
1327,test,price,0,0,0.000383,0.004516
1327,test,shipping,1,1,0.000764,0.997953
1327,test,smell,0,0,8.1e-05,0.000646
1327,test,stayingpower,0,0,0.00016,0.000851
1327,test,texture,0,0,0.000215,0.000674
1328,test,colour,0,0,0.003375,0.001788
1328,test,packing,0,0,0.002341,0.006934
1328,test,price,0,0,0.000439,0.000347
1328,test,shipping,0,0,0.001679,0.000777
1328,test,smell,0,0,9.8e-05,0.001275
1328,test,stayingpower,0,0,0.000169,0.000282
1328,test,texture,0,0,7.3e-05,8.4e-05
1329,test,colour,0,0,0.000456,0.018576
1329,test,packing,0,0,8.5e-05,0.00208
1329,test,price,1,0,0.010683,0.108545
1329,test,shipping,0,0,0.000752,0.000935
1329,test,smell,0,0,1.8e-05,0.000277
1329,test,stayingpower,0,0,9e-06,0.000272
1329,test,texture,0,0,0.000245,0.000936
1330,test,colour,0,0,0.000555,0.008714
1330,test,packing,0,0,0.000321,0.0059
1330,test,price,0,0,0.000638,0.007493
1330,test,shipping,1,1,0.000577,0.998101
1330,test,smell,0,0,3.8e-05,0.000492
1330,test,stayingpower,0,0,5.2e-05,0.000565
1330,test,texture,0,0,0.000192,0.000774
1331,test,colour,1,1,0.000841,0.99668
1331,test,packing,0,0,0.004083,0.042075
1331,test,price,0,0,0.000788,0.007825
1331,test,shipping,0,0,0.004902,0.002076
1331,test,smell,1,1,0.000914,0.999006
1331,test,stayingpower,1,1,0.005332,0.991839
1331,test,texture,1,1,0.001864,0.987593
1332,test,colour,3,1,0.003308,0.982047
1332,test,packing,1,1,0.000453,0.997379
1332,test,price,0,0,0.000227,0.005957
1332,test,shipping,1,1,0.000483,0.999309
1332,test,smell,0,0,0.000235,0.00065
1332,test,stayingpower,0,0,5.6e-05,0.001063
1332,test,texture,0,0,0.000152,0.000676
1333,test,colour,1,1,0.097036,0.902059
1333,test,packing,0,0,0.000157,0.000491
1333,test,price,0,0,0.000445,0.000639
1333,test,shipping,0,0,0.000171,0.000271
1333,test,smell,0,0,0.000163,0.00072
1333,test,stayingpower,0,0,0.000385,0.001381
1333,test,texture,0,0,0.000697,0.00104
1334,test,colour,1,1,0.000496,0.989714
1334,test,packing,0,0,0.038618,0.166029
1334,test,price,0,0,0.004474,0.019289
1334,test,shipping,0,0,0.000589,0.0007
1334,test,smell,1,1,0.000247,0.998432
1334,test,stayingpower,2,2,0.976489,0.003899
1334,test,texture,0,0,0.158692,0.186047
1335,test,colour,0,0,0.001606,0.002884
1335,test,packing,0,0,0.000907,0.003437
1335,test,price,0,0,0.000677,0.000979
1335,test,shipping,0,0,0.000337,0.000466
1335,test,smell,0,0,5.2e-05,0.001253
1335,test,stayingpower,0,0,0.00015,0.000317
1335,test,texture,0,0,0.000197,0.000162
1336,test,colour,1,1,0.000216,0.998951
1336,test,packing,0,0,0.000403,0.002973
1336,test,price,1,1,0.000832,0.998613
1336,test,shipping,0,0,0.001813,0.003134
1336,test,smell,0,0,0.000388,0.00326
1336,test,stayingpower,0,0,0.002535,0.020082
1336,test,texture,1,1,0.000456,0.99434
1337,test,colour,1,1,1.6e-05,0.999766
1337,test,packing,0,0,0.000246,0.015841
1337,test,price,1,1,0.002087,0.987645
1337,test,shipping,1,1,0.001693,0.97379
1337,test,smell,0,0,0.000209,0.001578
1337,test,stayingpower,0,0,0.000484,0.006959
1337,test,texture,0,0,0.000653,0.007199
1338,test,colour,1,2,0.543825,0.451418
1338,test,packing,0,0,0.007311,0.015131
1338,test,price,0,0,0.011832,0.009567
1338,test,shipping,2,2,0.996829,0.001688
1338,test,smell,0,0,0.001701,0.001686
1338,test,stayingpower,0,0,0.012032,0.011774
1338,test,texture,2,2,0.987096,0.006712
1339,test,colour,1,1,0.000126,0.994347
1339,test,packing,1,1,0.000199,0.997709
1339,test,price,0,0,0.000374,0.013664
1339,test,shipping,1,1,0.001031,0.99617
1339,test,smell,0,0,0.000171,0.000529
1339,test,stayingpower,0,0,4.2e-05,0.000955
1339,test,texture,0,0,0.000263,0.000822
1340,test,colour,0,0,0.052248,0.002055
1340,test,packing,0,0,0.090116,0.004199
1340,test,price,0,0,0.015723,0.003404
1340,test,shipping,2,2,0.494912,0.010761
1340,test,smell,0,0,0.000216,0.000315
1340,test,stayingpower,0,0,0.000382,0.000103
1340,test,texture,0,0,0.00088,0.000375
1341,test,colour,0,0,0.009924,0.025556
1341,test,packing,0,0,0.043628,0.08204
1341,test,price,1,1,0.013001,0.971803
1341,test,shipping,1,1,0.017811,0.978289
1341,test,smell,2,2,0.998155,0.00162
1341,test,stayingpower,0,0,0.022579,0.095855
1341,test,texture,1,1,0.007966,0.980792
1342,test,colour,0,0,0.001433,0.001285
1342,test,packing,0,0,0.00109,0.003502
1342,test,price,0,0,0.000658,0.000719
1342,test,shipping,0,0,0.000386,0.000539
1342,test,smell,0,0,7.2e-05,0.000896
1342,test,stayingpower,0,0,0.00014,0.000401
1342,test,texture,0,0,0.000203,0.000247
1343,test,colour,0,0,0.000597,0.004466
1343,test,packing,1,1,0.00057,0.998766
1343,test,price,0,0,0.000597,0.024994
1343,test,shipping,1,1,0.002456,0.997039
1343,test,smell,0,0,6.4e-05,0.000151
1343,test,stayingpower,0,0,3.2e-05,0.000756
1343,test,texture,0,0,0.000327,0.000953
1344,test,colour,1,1,0.001367,0.992013
1344,test,packing,0,0,0.016408,0.458927
1344,test,price,0,0,0.00186,0.017566
1344,test,shipping,1,1,0.002018,0.996226
1344,test,smell,0,0,0.000527,0.002679
1344,test,stayingpower,0,0,0.002018,0.011731
1344,test,texture,1,2,0.567809,0.328906
1345,test,colour,1,1,0.010144,0.988442
1345,test,packing,0,0,0.001339,0.006715
1345,test,price,0,0,0.003708,0.005082
1345,test,shipping,0,0,0.001237,0.006182
1345,test,smell,0,0,0.001244,0.006857
1345,test,stayingpower,3,2,0.997859,0.002117
1345,test,texture,1,1,0.009629,0.974061
1346,test,colour,0,0,0.000383,0.009798
1346,test,packing,0,0,0.000119,0.00237
1346,test,price,0,0,0.000536,0.002877
1346,test,shipping,0,0,0.000154,0.000876
1346,test,smell,0,0,1.1e-05,0.000394
1346,test,stayingpower,0,0,5.5e-05,0.000436
1346,test,texture,0,0,0.000204,0.000519
1347,test,colour,0,0,0.003546,0.006522
1347,test,packing,0,0,0.000988,0.005208
1347,test,price,0,0,0.000703,0.00115
1347,test,shipping,0,0,0.001086,0.001356
1347,test,smell,0,0,7.1e-05,0.000801
1347,test,stayingpower,0,0,0.000395,0.000606
1347,test,texture,0,0,0.00046,0.00038
1348,test,colour,0,0,0.000285,0.001525
1348,test,packing,1,1,0.000782,0.998175
1348,test,price,0,0,0.00039,0.00413
1348,test,shipping,0,0,0.003554,0.007032
1348,test,smell,0,0,4.7e-05,0.000248
1348,test,stayingpower,0,0,2.7e-05,0.000373
1348,test,texture,0,0,0.000307,0.00082
1349,test,colour,2,2,0.771383,0.226452
1349,test,packing,0,0,0.004896,0.008902
1349,test,price,0,0,0.007901,0.024151
1349,test,shipping,1,1,0.012465,0.979885
1349,test,smell,1,1,0.003195,0.99557
1349,test,stayingpower,0,0,0.024797,0.022054
1349,test,texture,0,1,0.00991,0.816576
1350,test,colour,0,0,0.003991,0.021962
1350,test,packing,1,1,0.00724,0.986985
1350,test,price,1,1,0.001763,0.993664
1350,test,shipping,0,0,0.206538,0.031512
1350,test,smell,0,0,0.000634,0.003542
1350,test,stayingpower,1,1,0.003531,0.973863
1350,test,texture,0,0,0.00099,0.00413
1351,test,colour,0,0,0.000297,0.004288
1351,test,packing,0,0,0.000298,0.007022
1351,test,price,0,0,0.000526,0.004117
1351,test,shipping,0,0,0.000264,0.001147
1351,test,smell,0,0,6.2e-05,0.001349
1351,test,stayingpower,0,0,0.001701,0.006935
1351,test,texture,1,1,0.00057,0.985415
1352,test,colour,0,0,0.000477,0.003693
1352,test,packing,1,1,0.000547,0.999106
1352,test,price,0,0,0.000306,0.003837
1352,test,shipping,0,0,0.005642,0.013579
1352,test,smell,0,0,7.8e-05,0.000246
1352,test,stayingpower,0,0,3.1e-05,0.000317
1352,test,texture,0,0,0.000136,0.000518
1353,test,colour,1,1,0.000651,0.99876
1353,test,packing,0,0,0.001134,0.003851
1353,test,price,0,0,0.00708,0.019602
1353,test,shipping,0,0,0.001562,0.003128
1353,test,smell,0,0,0.001049,0.000987
1353,test,stayingpower,0,0,0.213069,0.018623
1353,test,texture,2,2,0.997175,0.001903
1354,test,colour,0,0,0.000601,0.026318
1354,test,packing,0,0,0.000246,0.004326
1354,test,price,0,0,0.000993,0.00912
1354,test,shipping,0,0,6.6e-05,0.00045
1354,test,smell,0,0,8e-06,0.000252
1354,test,stayingpower,0,0,5.6e-05,0.000256
1354,test,texture,0,0,0.000142,0.00057
1355,test,colour,0,0,0.07876,0.001483
1355,test,packing,0,0,0.393358,0.011887
1355,test,price,0,0,0.034332,0.00934
1355,test,shipping,2,2,0.992785,0.001838
1355,test,smell,0,0,0.001051,0.000429
1355,test,stayingpower,0,0,0.000775,0.000244
1355,test,texture,0,0,0.038141,0.00037
1356,test,colour,0,0,0.000581,0.001884
1356,test,packing,0,0,0.010807,0.07038
1356,test,price,0,0,0.001805,0.004041
1356,test,shipping,0,0,0.000431,0.000313
1356,test,smell,0,0,1.9e-05,0.000571
1356,test,stayingpower,0,0,3.9e-05,0.000106
1356,test,texture,0,0,0.001138,0.002734
1357,test,colour,0,0,0.00037,0.004506
1357,test,packing,1,1,0.000853,0.99823
1357,test,price,0,0,0.000422,0.005669
1357,test,shipping,0,0,0.002967,0.009288
1357,test,smell,0,0,5.8e-05,0.000252
1357,test,stayingpower,0,0,1.9e-05,0.000233
1357,test,texture,0,0,0.000129,0.00029
1358,test,colour,1,1,0.025836,0.960569
1358,test,packing,0,0,0.003246,0.007375
1358,test,price,1,1,0.014103,0.97889
1358,test,shipping,0,0,0.005843,0.027625
1358,test,smell,0,0,0.003635,0.012071
1358,test,stayingpower,2,2,0.997376,0.002607
1358,test,texture,1,2,0.520602,0.477971
1359,test,colour,0,0,0.004845,0.022571
1359,test,packing,1,1,0.001179,0.998112
1359,test,price,0,0,0.000896,0.045335
1359,test,shipping,1,1,0.012998,0.984913
1359,test,smell,1,1,0.000875,0.998514
1359,test,stayingpower,0,0,0.002179,0.009198
1359,test,texture,1,1,8.6e-05,0.998745
1360,test,colour,0,0,0.000279,0.01093
1360,test,packing,0,0,0.000347,0.006915
1360,test,price,0,0,0.000329,0.002343
1360,test,shipping,0,0,0.002113,0.003408
1360,test,smell,0,0,1.9e-05,0.000426
1360,test,stayingpower,0,0,5.4e-05,0.002997
1360,test,texture,0,0,0.000122,0.000252
1361,test,colour,0,0,0.005558,0.091313
1361,test,packing,0,0,0.000303,0.003431
1361,test,price,0,0,0.000549,0.007465
1361,test,shipping,0,0,0.000974,0.001456
1361,test,smell,0,0,0.000244,0.001494
1361,test,stayingpower,1,1,0.001791,0.987703
1361,test,texture,1,1,0.002755,0.951502
1362,test,colour,0,0,0.000186,0.012232
1362,test,packing,0,0,0.000234,0.007899
1362,test,price,0,0,0.000474,0.003855
1362,test,shipping,0,0,8.6e-05,0.000477
1362,test,smell,0,0,1e-05,0.000772
1362,test,stayingpower,0,0,1.8e-05,0.000216
1362,test,texture,0,0,0.000123,0.002106
1363,test,colour,0,0,0.000416,0.001993
1363,test,packing,0,0,0.001351,0.015684
1363,test,price,0,0,0.000694,0.005678
1363,test,shipping,0,0,0.043515,0.242726
1363,test,smell,0,0,3.1e-05,0.000363
1363,test,stayingpower,0,0,4.6e-05,0.00027
1363,test,texture,0,0,0.000204,0.000607
1364,test,colour,0,0,0.000616,0.010594
1364,test,packing,0,0,0.000278,0.003296
1364,test,price,1,1,0.0027,0.996022
1364,test,shipping,0,0,0.001306,0.002287
1364,test,smell,0,0,9.6e-05,0.001935
1364,test,stayingpower,0,0,7.3e-05,0.000588
1364,test,texture,0,0,0.000213,0.000557
1365,test,colour,0,0,0.000337,0.009101
1365,test,packing,0,0,0.000339,0.007874
1365,test,price,0,0,0.000646,0.004815
1365,test,shipping,0,0,9.6e-05,0.000378
1365,test,smell,0,0,1.4e-05,0.000585
1365,test,stayingpower,0,0,8.6e-05,0.001584
1365,test,texture,0,0,0.000319,0.001323
1366,test,colour,1,1,0.000214,0.999424
1366,test,packing,0,0,0.001136,0.019156
1366,test,price,0,0,0.001,0.002267
1366,test,shipping,2,2,0.999545,0.000231
1366,test,smell,0,0,0.000334,0.000699
1366,test,stayingpower,0,0,0.000558,0.002846
1366,test,texture,0,0,0.000637,0.00044
1367,test,colour,0,0,0.080507,0.018863
1367,test,packing,0,0,0.01379,0.011684
1367,test,price,1,1,0.02925,0.970268
1367,test,shipping,0,0,0.015608,0.002826
1367,test,smell,0,0,0.004132,0.006454
1367,test,stayingpower,0,0,0.032667,0.004207
1367,test,texture,2,2,0.998861,0.00063
1368,test,colour,0,0,0.001949,0.039512
1368,test,packing,0,0,0.001295,0.008174
1368,test,price,0,0,0.00055,0.010237
1368,test,shipping,0,0,0.000878,0.000868
1368,test,smell,0,1,0.00437,0.829955
1368,test,stayingpower,1,1,0.003104,0.992646
1368,test,texture,1,1,0.001933,0.992819
1369,test,colour,1,1,0.057348,0.942575
1369,test,packing,1,1,0.003193,0.991836
1369,test,price,0,0,0.000568,0.002798
1369,test,shipping,0,0,0.006594,0.017176
1369,test,smell,0,0,0.00076,0.000492
1369,test,stayingpower,0,0,0.000914,0.006443
1369,test,texture,0,0,0.003123,0.003574
1370,test,colour,1,1,3.2e-05,0.999822
1370,test,packing,0,0,0.00022,0.004674
1370,test,price,0,0,0.000501,0.002034
1370,test,shipping,0,0,0.000785,0.003593
1370,test,smell,0,0,0.000115,0.001094
1370,test,stayingpower,0,0,0.000645,0.001726
1370,test,texture,0,0,0.000394,0.001485
1371,test,colour,0,0,0.000255,0.016646
1371,test,packing,0,0,0.000125,0.003004
1371,test,price,0,0,0.000363,0.002364
1371,test,shipping,0,0,0.000144,0.000694
1371,test,smell,0,0,1e-05,0.00036
1371,test,stayingpower,0,0,4.1e-05,0.000572
1371,test,texture,0,0,0.000145,0.000977
1372,test,colour,1,1,6.1e-05,0.998462
1372,test,packing,0,0,0.000108,0.002384
1372,test,price,1,1,0.002466,0.991894
1372,test,shipping,0,0,0.000786,0.004181
1372,test,smell,0,0,5.6e-05,0.00093
1372,test,stayingpower,0,0,0.000179,0.003588
1372,test,texture,0,0,0.000366,0.003527
1373,test,colour,1,1,1.9e-05,0.99985
1373,test,packing,0,0,0.000166,0.007284
1373,test,price,0,0,0.000531,0.008569
1373,test,shipping,1,1,0.000906,0.997909
1373,test,smell,0,0,0.000166,0.001113
1373,test,stayingpower,0,0,0.000147,0.001525
1373,test,texture,0,0,0.00063,0.002918
1374,test,colour,0,0,0.001384,0.001606
1374,test,packing,0,0,0.000702,0.003569
1374,test,price,0,0,0.000691,0.000787
1374,test,shipping,0,0,0.000415,0.000527
1374,test,smell,0,0,3.7e-05,0.000844
1374,test,stayingpower,0,0,0.000156,0.000377
1374,test,texture,0,0,0.000224,0.000155
1375,test,colour,1,1,0.000435,0.999445
1375,test,packing,1,1,0.001132,0.992932
1375,test,price,0,0,0.000826,0.015789
1375,test,shipping,1,1,0.008535,0.983911
1375,test,smell,0,0,0.003526,0.008456
1375,test,stayingpower,0,0,0.001105,0.008006
1375,test,texture,1,1,0.001249,0.980493
1376,test,colour,0,0,0.152017,0.006319
1376,test,packing,0,0,0.026937,0.005922
1376,test,price,1,1,0.17769,0.735812
1376,test,shipping,0,0,0.012668,0.004037
1376,test,smell,0,0,0.005132,0.003093
1376,test,stayingpower,2,2,0.994986,0.002951
1376,test,texture,2,2,0.99943,0.000414
1377,test,colour,1,1,0.001793,0.994927
1377,test,packing,0,0,0.000453,0.003231
1377,test,price,0,0,0.000661,0.003962
1377,test,shipping,0,0,0.001273,0.001446
1377,test,smell,0,0,0.000403,0.00126
1377,test,stayingpower,0,1,0.00404,0.992849
1377,test,texture,0,0,0.00707,0.006354
1378,test,colour,0,0,0.000264,0.00431
1378,test,packing,0,0,0.000295,0.021553
1378,test,price,0,0,0.000374,0.001872
1378,test,shipping,0,0,6.4e-05,0.000397
1378,test,smell,0,0,8e-06,0.000226
1378,test,stayingpower,0,0,4.1e-05,0.000652
1378,test,texture,0,0,0.00058,0.002198
1379,test,colour,0,0,0.000351,0.007564
1379,test,packing,0,0,0.000501,0.016024
1379,test,price,0,0,0.000517,0.004588
1379,test,shipping,0,0,0.000574,0.003278
1379,test,smell,0,0,2.1e-05,0.000571
1379,test,stayingpower,0,0,3.1e-05,0.000314
1379,test,texture,0,0,0.000207,0.000311
1380,test,colour,0,0,0.00125,0.025729
1380,test,packing,1,1,0.001971,0.992912
1380,test,price,0,0,0.001686,0.014541
1380,test,shipping,2,2,0.999405,0.000405
1380,test,smell,0,0,0.000282,0.000561
1380,test,stayingpower,0,0,4e-05,0.000405
1380,test,texture,0,0,8.4e-05,0.000776
1381,test,colour,1,1,0.000119,0.996514
1381,test,packing,0,0,0.001003,0.023632
1381,test,price,1,1,0.002916,0.994854
1381,test,shipping,1,1,0.062545,0.933441
1381,test,smell,0,0,0.000313,0.002321
1381,test,stayingpower,0,0,0.000625,0.009419
1381,test,texture,0,0,0.000321,0.000643
1382,test,colour,0,0,0.000465,0.025267
1382,test,packing,0,1,0.000303,0.997907
1382,test,price,0,0,0.000323,0.013732
1382,test,shipping,0,1,0.001135,0.997209
1382,test,smell,0,0,5.4e-05,0.000335
1382,test,stayingpower,0,0,9e-06,0.000201
1382,test,texture,0,0,0.000112,0.000384
1383,test,colour,1,1,4.3e-05,0.99987
1383,test,packing,0,0,0.000274,0.005681
1383,test,price,0,0,0.001143,0.015944
1383,test,shipping,1,1,0.000337,0.99628
1383,test,smell,0,0,0.00086,0.005387
1383,test,stayingpower,0,0,0.008485,0.027813
1383,test,texture,1,1,0.011732,0.679275
1384,test,colour,3,2,0.975857,0.018756
1384,test,packing,0,0,0.009579,0.00445
1384,test,price,0,0,0.007295,0.003673
1384,test,shipping,0,0,0.001572,0.000743
1384,test,smell,3,2,0.849384,0.140992
1384,test,stayingpower,0,2,0.732731,0.049542
1384,test,texture,3,2,0.990984,0.008415
1385,test,colour,1,1,6.6e-05,0.999826
1385,test,packing,0,0,0.000131,0.003806
1385,test,price,0,0,0.000542,0.002604
1385,test,shipping,0,0,0.000309,0.004764
1385,test,smell,0,0,0.000137,0.001006
1385,test,stayingpower,0,0,0.004195,0.02114
1385,test,texture,1,1,0.001256,0.987441
1386,test,colour,1,1,0.000454,0.998947
1386,test,packing,0,0,0.008227,0.004116
1386,test,price,0,0,0.004547,0.006356
1386,test,shipping,0,0,0.021928,0.005851
1386,test,smell,2,2,0.999665,0.000272
1386,test,stayingpower,0,0,0.013386,0.008689
1386,test,texture,0,0,0.04302,0.003332
1387,test,colour,1,1,0.00016,0.997436
1387,test,packing,1,1,0.006143,0.986395
1387,test,price,0,0,0.001031,0.005655
1387,test,shipping,0,0,0.004317,0.005809
1387,test,smell,1,1,0.005009,0.994893
1387,test,stayingpower,0,0,0.001103,0.005503
1387,test,texture,0,0,0.00103,0.005257
1388,test,colour,0,0,0.000545,0.004751
1388,test,packing,0,0,0.000616,0.005863
1388,test,price,0,0,0.001423,0.010033
1388,test,shipping,2,2,0.998816,0.000878
1388,test,smell,0,0,8.7e-05,0.000308
1388,test,stayingpower,0,0,0.010349,0.08658
1388,test,texture,0,0,0.00697,0.265455
1389,test,colour,0,0,0.008125,0.003657
1389,test,packing,0,0,0.016451,0.014156
1389,test,price,0,0,0.00709,0.012813
1389,test,shipping,0,2,0.985726,0.003819
1389,test,smell,0,0,0.000153,0.000407
1389,test,stayingpower,0,0,0.000304,0.000278
1389,test,texture,0,0,0.001125,0.000325
1390,test,colour,1,1,0.000264,0.996865
1390,test,packing,0,0,0.000797,0.005951
1390,test,price,0,0,0.000926,0.010875
1390,test,shipping,0,0,0.001159,0.002668
1390,test,smell,1,1,0.000192,0.999298
1390,test,stayingpower,0,0,0.001893,0.007099
1390,test,texture,1,1,0.00016,0.997626
1391,test,colour,1,1,0.000165,0.999622
1391,test,packing,0,0,0.000135,0.003527
1391,test,price,0,0,0.000453,0.003984
1391,test,shipping,0,0,0.000763,0.006243
1391,test,smell,0,0,0.000398,0.004593
1391,test,stayingpower,0,0,0.003046,0.018826
1391,test,texture,1,1,0.000459,0.997602
1392,test,colour,1,1,2.8e-05,0.999812
1392,test,packing,0,0,0.000265,0.003668
1392,test,price,1,1,0.001835,0.995417
1392,test,shipping,0,0,0.002374,0.017727
1392,test,smell,0,0,0.000134,0.001151
1392,test,stayingpower,0,0,0.000697,0.005509
1392,test,texture,0,0,0.000236,0.001447
1393,test,colour,1,1,0.000256,0.99918
1393,test,packing,0,0,0.00043,0.022446
1393,test,price,0,0,0.000295,0.006522
1393,test,shipping,1,1,0.001981,0.995401
1393,test,smell,0,0,0.00097,0.002938
1393,test,stayingpower,1,1,0.000748,0.994501
1393,test,texture,1,1,0.000653,0.99429
1394,test,colour,1,1,0.001599,0.994165
1394,test,packing,0,0,0.000535,0.003394
1394,test,price,0,0,0.004072,0.013593
1394,test,shipping,0,0,0.000858,0.002542
1394,test,smell,0,0,0.000992,0.001728
1394,test,stayingpower,0,0,0.03745,0.023653
1394,test,texture,2,2,0.99881,0.001042
1395,test,colour,0,0,0.000766,0.014865
1395,test,packing,0,0,0.000657,0.011029
1395,test,price,0,0,0.000956,0.011656
1395,test,shipping,1,1,0.000229,0.999672
1395,test,smell,0,0,6.8e-05,0.000931
1395,test,stayingpower,0,0,0.000105,0.000685
1395,test,texture,0,0,0.000208,0.000824
1396,test,colour,1,1,0.018819,0.981149
1396,test,packing,0,0,0.004842,0.02101
1396,test,price,0,0,0.012283,0.021648
1396,test,shipping,0,0,0.004467,0.009576
1396,test,smell,0,0,0.012092,0.008499
1396,test,stayingpower,2,2,0.990918,0.005908
1396,test,texture,2,2,0.988377,0.009217
1397,test,colour,0,0,0.008045,0.055346
1397,test,packing,1,1,0.001524,0.99708
1397,test,price,0,0,0.00066,0.016061
1397,test,shipping,3,2,0.998025,0.001778
1397,test,smell,0,0,0.001551,0.002049
1397,test,stayingpower,0,0,0.001803,0.00646
1397,test,texture,1,1,0.000157,0.996757
1398,test,colour,0,0,0.013663,0.102224
1398,test,packing,0,0,0.026325,0.131747
1398,test,price,0,0,0.009574,0.022479
1398,test,shipping,0,0,0.006008,0.004462
1398,test,smell,1,1,0.000693,0.998502
1398,test,stayingpower,2,2,0.998864,0.000631
1398,test,texture,1,1,0.006364,0.967356
1399,test,colour,1,1,0.002865,0.996962
1399,test,packing,0,0,0.003433,0.002096
1399,test,price,0,0,0.03552,0.312425
1399,test,shipping,0,0,0.002071,0.001274
1399,test,smell,2,2,0.99958,0.000355
1399,test,stayingpower,0,0,0.02379,0.021137
1399,test,texture,0,0,0.19932,0.110487
1400,test,colour,0,0,0.016911,0.003391
1400,test,packing,0,0,0.003953,0.001278
1400,test,price,0,0,0.13047,0.424828
1400,test,shipping,0,0,0.016243,0.000524
1400,test,smell,0,0,0.000326,0.002288
1400,test,stayingpower,0,0,0.000696,0.000211
1400,test,texture,0,0,0.000959,0.000101
1401,test,colour,3,1,0.31439,0.669221
1401,test,packing,0,0,0.015785,0.065426
1401,test,price,1,1,0.015977,0.964073
1401,test,shipping,0,0,0.013012,0.001758
1401,test,smell,1,1,0.012901,0.985925
1401,test,stayingpower,3,1,0.421538,0.573372
1401,test,texture,3,2,0.920484,0.079364
1402,test,colour,0,0,0.008482,0.056179
1402,test,packing,0,0,0.009549,0.022057
1402,test,price,0,0,0.002567,0.005327
1402,test,shipping,0,0,0.001547,0.000746
1402,test,smell,2,2,0.997538,0.002052
1402,test,stayingpower,0,0,0.002446,0.003134
1402,test,texture,0,0,0.001338,0.001357
1403,test,colour,1,0,0.000279,0.032007
1403,test,packing,0,0,0.000139,0.005379
1403,test,price,0,0,0.000396,0.002312
1403,test,shipping,0,0,0.000359,0.002039
1403,test,smell,0,0,1.3e-05,0.00026
1403,test,stayingpower,0,0,3.9e-05,0.00078
1403,test,texture,0,0,0.000103,0.000268
1404,test,colour,0,0,0.00021,0.002413
1404,test,packing,0,0,0.000208,0.004706
1404,test,price,0,0,0.00049,0.002116
1404,test,shipping,0,0,0.000378,0.001516
1404,test,smell,0,0,2.4e-05,0.000535
1404,test,stayingpower,0,0,5.8e-05,0.000731
1404,test,texture,0,0,0.000272,0.000633
1405,test,colour,1,1,1.4e-05,0.999843
1405,test,packing,0,0,0.000117,0.007481
1405,test,price,0,0,0.000233,0.00325
1405,test,shipping,1,1,0.000316,0.997496
1405,test,smell,0,0,0.000101,0.0007
1405,test,stayingpower,0,0,0.00022,0.003126
1405,test,texture,0,0,0.000379,0.002471
1406,test,colour,0,0,0.003462,0.00379
1406,test,packing,0,0,0.005946,0.012512
1406,test,price,0,0,0.002564,0.005078
1406,test,shipping,0,0,0.018797,0.003092
1406,test,smell,0,0,0.000207,0.001481
1406,test,stayingpower,0,0,0.000663,0.000824
1406,test,texture,0,0,0.001072,0.000429
1407,test,colour,0,0,0.000805,0.00206
1407,test,packing,0,0,0.000869,0.009631
1407,test,price,0,0,0.000714,0.002069
1407,test,shipping,0,0,0.000221,0.000822
1407,test,smell,0,0,1.7e-05,0.000492
1407,test,stayingpower,0,0,0.000162,0.000646
1407,test,texture,0,0,0.000195,0.000213
1408,test,colour,0,0,0.000799,0.007115
1408,test,packing,0,0,0.001022,0.006384
1408,test,price,1,1,0.021536,0.970363
1408,test,shipping,2,2,0.999007,0.000408
1408,test,smell,0,0,6.4e-05,0.000633
1408,test,stayingpower,0,0,9.3e-05,0.000341
1408,test,texture,0,0,0.000262,0.000294
1409,test,colour,1,1,4.5e-05,0.999581
1409,test,packing,0,0,0.00085,0.021389
1409,test,price,0,0,0.000813,0.012976
1409,test,shipping,1,1,0.00142,0.995171
1409,test,smell,1,1,0.000494,0.99877
1409,test,stayingpower,0,0,0.000494,0.002109
1409,test,texture,0,0,0.000278,0.005444
1410,test,colour,1,1,5.3e-05,0.999201
1410,test,packing,0,0,0.000773,0.002445
1410,test,price,1,1,0.00252,0.992253
1410,test,shipping,0,0,0.001043,0.001705
1410,test,smell,1,1,0.001214,0.996548
1410,test,stayingpower,0,0,0.001844,0.00317
1410,test,texture,0,0,0.000263,0.002232
1411,test,colour,0,0,0.000262,0.003599
1411,test,packing,0,0,0.000451,0.006142
1411,test,price,0,0,0.000287,0.000902
1411,test,shipping,0,0,0.000175,0.000955
1411,test,smell,0,0,1.8e-05,0.000482
1411,test,stayingpower,0,0,5.7e-05,0.000214
1411,test,texture,0,0,0.000302,0.000271
1412,test,colour,0,0,0.000173,0.003686
1412,test,packing,0,0,0.000186,0.00491
1412,test,price,1,1,0.004051,0.993524
1412,test,shipping,0,0,0.001816,0.004903
1412,test,smell,0,0,4.8e-05,0.000615
1412,test,stayingpower,0,0,3.7e-05,0.000671
1412,test,texture,0,0,0.000463,0.000773
1413,test,colour,1,1,3.8e-05,0.999723
1413,test,packing,0,0,0.000213,0.003583
1413,test,price,1,1,0.002955,0.995096
1413,test,shipping,0,0,0.000992,0.004415
1413,test,smell,0,0,0.00017,0.001077
1413,test,stayingpower,0,0,0.000448,0.005115
1413,test,texture,0,0,0.000501,0.004314
1414,test,colour,0,0,0.000211,0.001548
1414,test,packing,0,0,0.00028,0.006621
1414,test,price,0,0,0.000454,0.002178
1414,test,shipping,0,0,0.000345,0.002596
1414,test,smell,0,0,1.2e-05,0.000148
1414,test,stayingpower,0,0,7.2e-05,0.001215
1414,test,texture,0,0,0.000262,0.00051
1415,test,colour,0,0,0.00084,0.02225
1415,test,packing,1,1,0.00039,0.999049
1415,test,price,0,0,0.00074,0.016297
1415,test,shipping,0,0,0.007633,0.034489
1415,test,smell,0,0,3.7e-05,0.00012
1415,test,stayingpower,0,0,4.8e-05,0.000828
1415,test,texture,0,0,0.000336,0.002546
1416,test,colour,0,0,0.026445,0.0341
1416,test,packing,0,0,0.006869,0.005205
1416,test,price,0,0,0.008619,0.014755
1416,test,shipping,0,0,0.002368,0.001821
1416,test,smell,0,0,0.000911,0.001548
1416,test,stayingpower,3,2,0.988989,0.010895
1416,test,texture,3,2,0.954772,0.020434
1417,test,colour,0,0,0.206519,0.007015
1417,test,packing,0,0,0.015382,0.004067
1417,test,price,2,2,0.493151,0.440684
1417,test,shipping,0,0,0.009106,0.000805
1417,test,smell,0,0,0.012428,0.003372
1417,test,stayingpower,0,0,0.027721,0.003048
1417,test,texture,0,2,0.995806,0.000583
1418,test,colour,0,0,0.000555,0.00463
1418,test,packing,1,1,0.000252,0.999421
1418,test,price,0,0,0.000447,0.015781
1418,test,shipping,1,1,0.0012,0.998022
1418,test,smell,0,0,0.000122,0.000357
1418,test,stayingpower,0,0,1.5e-05,0.000623
1418,test,texture,0,0,0.000251,0.001176
1419,test,colour,0,0,0.011104,0.028922
1419,test,packing,0,0,0.005036,0.008534
1419,test,price,1,1,0.013007,0.976851
1419,test,shipping,0,0,0.007016,0.001893
1419,test,smell,0,0,0.282971,0.048576
1419,test,stayingpower,0,0,0.008555,0.013401
1419,test,texture,3,2,0.506643,0.492788
1420,test,colour,1,1,0.000177,0.99922
1420,test,packing,0,0,0.000346,0.002725
1420,test,price,1,1,0.00397,0.99397
1420,test,shipping,0,0,0.002222,0.004338
1420,test,smell,0,0,9.6e-05,0.001286
1420,test,stayingpower,0,0,0.000454,0.002488
1420,test,texture,0,0,9.7e-05,0.000423
1421,test,colour,0,0,0.001312,0.001412
1421,test,packing,0,0,0.001257,0.005866
1421,test,price,0,0,0.000704,0.001184
1421,test,shipping,0,0,0.000667,0.000511
1421,test,smell,0,0,5.5e-05,0.001134
1421,test,stayingpower,0,0,0.000103,0.000456
1421,test,texture,0,0,0.000284,0.000205
1422,test,colour,0,0,0.000477,0.024373
1422,test,packing,0,0,0.000176,0.003111
1422,test,price,0,0,0.000339,0.001748
1422,test,shipping,0,0,0.000176,0.002323
1422,test,smell,0,0,7e-06,0.000143
1422,test,stayingpower,0,0,1.9e-05,0.00019
1422,test,texture,0,0,0.000167,0.000455
1423,test,colour,0,0,0.004864,0.007792
1423,test,packing,0,0,0.017463,0.015652
1423,test,price,0,0,0.006732,0.006311
1423,test,shipping,2,2,0.999538,0.00034
1423,test,smell,0,0,0.00025,0.000375
1423,test,stayingpower,0,0,0.000622,0.000563
1423,test,texture,0,0,0.005359,0.00034
1424,test,colour,1,1,0.011203,0.985851
1424,test,packing,2,2,0.830807,0.139153
1424,test,price,0,0,0.007002,0.02327
1424,test,shipping,1,2,0.615117,0.306168
1424,test,smell,0,0,0.013817,0.008749
1424,test,stayingpower,0,0,0.032611,0.022979
1424,test,texture,1,1,0.003053,0.99345
1425,test,colour,0,0,0.001479,0.018645
1425,test,packing,0,0,0.000742,0.016787
1425,test,price,1,1,0.000632,0.998959
1425,test,shipping,1,1,0.001271,0.997015
1425,test,smell,0,0,0.000485,0.004753
1425,test,stayingpower,0,0,0.002648,0.037129
1425,test,texture,1,1,0.000552,0.997314
1426,test,colour,0,0,0.000748,0.024667
1426,test,packing,1,1,0.000218,0.999397
1426,test,price,0,0,0.000501,0.018859
1426,test,shipping,1,1,0.000702,0.998962
1426,test,smell,0,0,0.000126,0.000499
1426,test,stayingpower,0,0,1.8e-05,0.000402
1426,test,texture,0,0,0.000204,0.001192
1427,test,colour,1,1,0.000132,0.999773
1427,test,packing,0,0,0.000978,0.004519
1427,test,price,0,0,0.002588,0.007126
1427,test,shipping,0,0,0.001244,0.004047
1427,test,smell,0,0,0.001473,0.00101
1427,test,stayingpower,0,0,0.008622,0.015444
1427,test,texture,0,2,0.993092,0.002732
1428,test,colour,1,1,0.001939,0.995372
1428,test,packing,0,0,0.076581,0.454729
1428,test,price,1,1,0.030546,0.967096
1428,test,shipping,0,0,0.188817,0.176162
1428,test,smell,0,0,0.004092,0.018069
1428,test,stayingpower,2,2,0.999477,0.000275
1428,test,texture,0,0,0.065524,0.024531
1429,test,colour,1,1,2.9e-05,0.999548
1429,test,packing,0,0,0.000178,0.015155
1429,test,price,0,0,0.000347,0.006281
1429,test,shipping,3,1,0.002011,0.997186
1429,test,smell,0,0,0.000142,0.000618
1429,test,stayingpower,0,0,0.000155,0.003179
1429,test,texture,0,0,0.000199,0.001177
1430,test,colour,1,1,0.009057,0.987028
1430,test,packing,0,0,0.005413,0.011561
1430,test,price,1,1,0.03308,0.958787
1430,test,shipping,0,0,0.006628,0.012215
1430,test,smell,0,0,0.005239,0.039381
1430,test,stayingpower,3,2,0.996794,0.003176
1430,test,texture,1,1,0.100692,0.896026
1431,test,colour,1,1,0.000109,0.998528
1431,test,packing,1,0,0.000113,0.004212
1431,test,price,0,0,0.000392,0.003765
1431,test,shipping,0,0,0.000512,0.008846
1431,test,smell,0,0,8.3e-05,0.000705
1431,test,stayingpower,0,0,0.000451,0.005234
1431,test,texture,1,1,0.000956,0.97442
1432,test,colour,1,1,0.000217,0.999327
1432,test,packing,1,1,0.000581,0.998003
1432,test,price,0,0,0.000287,0.002098
1432,test,shipping,2,2,0.990287,0.003727
1432,test,smell,0,0,0.000953,0.001122
1432,test,stayingpower,0,0,0.000398,0.003801
1432,test,texture,0,0,0.000741,0.001461
1433,test,colour,1,1,4.6e-05,0.999661
1433,test,packing,0,0,8.3e-05,0.003533
1433,test,price,0,0,0.000252,0.001189
1433,test,shipping,0,0,0.000238,0.002284
1433,test,smell,0,0,1.5e-05,0.000186
1433,test,stayingpower,0,0,0.000187,0.001263
1433,test,texture,0,0,0.000339,0.001976
1434,test,colour,0,0,0.005036,0.007658
1434,test,packing,0,0,0.003391,0.019494
1434,test,price,1,1,0.005636,0.991472
1434,test,shipping,2,2,0.999229,0.000474
1434,test,smell,0,0,0.000811,0.004635
1434,test,stayingpower,0,0,0.004228,0.015353
1434,test,texture,1,1,0.000219,0.99919
1435,test,colour,0,0,0.000581,0.005523
1435,test,packing,1,1,0.001167,0.997425
1435,test,price,0,0,0.000789,0.012048
1435,test,shipping,1,1,0.002212,0.997127
1435,test,smell,0,0,0.000139,0.001219
1435,test,stayingpower,0,0,9e-06,7.5e-05
1435,test,texture,0,0,6.3e-05,0.000232
1436,test,colour,1,1,0.031865,0.894269
1436,test,packing,0,0,0.000197,0.001893
1436,test,price,0,0,0.000247,0.001372
1436,test,shipping,0,0,0.000382,0.000307
1436,test,smell,0,0,0.000129,0.001501
1436,test,stayingpower,1,1,0.002623,0.994402
1436,test,texture,1,1,0.00203,0.990296
1437,test,colour,0,0,0.001895,0.002026
1437,test,packing,0,0,0.000971,0.003298
1437,test,price,0,0,0.000698,0.001219
1437,test,shipping,0,0,0.000472,0.000467
1437,test,smell,0,0,6.2e-05,0.001111
1437,test,stayingpower,0,0,0.000228,0.000574
1437,test,texture,0,0,0.000207,0.000112
1438,test,colour,0,0,0.000758,0.001714
1438,test,packing,0,0,0.00144,0.01377
1438,test,price,0,0,0.000438,0.00076
1438,test,shipping,0,0,0.000161,0.000493
1438,test,smell,0,0,5.6e-05,0.000293
1438,test,stayingpower,0,0,0.001373,0.016284
1438,test,texture,0,0,0.000447,0.00079
1439,test,colour,0,0,0.000538,0.003507
1439,test,packing,1,1,0.000355,0.99936
1439,test,price,0,0,0.000515,0.018877
1439,test,shipping,1,1,0.002008,0.995881
1439,test,smell,0,0,0.000117,0.000384
1439,test,stayingpower,0,0,2.2e-05,0.000423
1439,test,texture,0,0,0.000216,0.001025
1440,test,colour,1,1,0.000458,0.996671
1440,test,packing,0,0,0.009293,0.024651
1440,test,price,0,0,0.003252,0.041133
1440,test,shipping,1,1,0.006682,0.989115
1440,test,smell,1,1,0.002307,0.997133
1440,test,stayingpower,0,0,0.025879,0.011575
1440,test,texture,2,2,0.959446,0.011562
1441,test,colour,0,0,0.001385,0.001719
1441,test,packing,0,0,0.00102,0.005757
1441,test,price,0,0,0.000685,0.000965
1441,test,shipping,0,0,0.00032,0.000709
1441,test,smell,0,0,9e-05,0.001668
1441,test,stayingpower,0,0,0.000106,0.000487
1441,test,texture,0,0,0.000111,0.000139
1442,test,colour,1,2,0.956604,0.03736
1442,test,packing,0,0,0.000665,0.004737
1442,test,price,1,1,0.004693,0.993615
1442,test,shipping,0,0,0.001468,0.00153
1442,test,smell,0,0,0.001119,0.003392
1442,test,stayingpower,0,0,0.007529,0.035686
1442,test,texture,1,1,0.000683,0.998585
1443,test,colour,1,1,0.00086,0.998631
1443,test,packing,1,1,0.000821,0.997268
1443,test,price,0,0,0.000523,0.015875
1443,test,shipping,1,1,0.004114,0.994222
1443,test,smell,0,0,0.003579,0.009955
1443,test,stayingpower,0,0,0.000945,0.013122
1443,test,texture,1,1,0.001146,0.992103
1444,test,colour,1,1,5.1e-05,0.999378
1444,test,packing,0,0,0.000147,0.002212
1444,test,price,1,1,0.003079,0.989821
1444,test,shipping,0,0,0.000762,0.002144
1444,test,smell,0,0,0.000117,0.000901
1444,test,stayingpower,0,0,0.000603,0.001857
1444,test,texture,0,0,0.000205,0.000808
1445,test,colour,0,0,0.002034,0.003205
1445,test,packing,0,0,0.001673,0.00712
1445,test,price,0,0,0.000428,0.000564
1445,test,shipping,0,0,0.000698,0.000259
1445,test,smell,0,0,4.3e-05,0.000839
1445,test,stayingpower,0,0,0.000314,0.00035
1445,test,texture,0,0,0.000433,0.000161
1446,test,colour,0,1,0.000333,0.981835
1446,test,packing,0,0,0.000935,0.039692
1446,test,price,0,0,0.000724,0.01057
1446,test,shipping,1,1,0.000572,0.996825
1446,test,smell,1,1,0.000528,0.997134
1446,test,stayingpower,0,0,0.000114,0.00245
1446,test,texture,0,0,7.9e-05,0.002174
1447,test,colour,0,0,0.000205,0.001371
1447,test,packing,0,0,0.000339,0.005696
1447,test,price,0,0,0.000657,0.002249
1447,test,shipping,0,0,0.000409,0.001485
1447,test,smell,0,0,3.4e-05,0.001141
1447,test,stayingpower,0,0,7.1e-05,0.000874
1447,test,texture,0,0,0.000182,0.000346
1448,test,colour,1,1,0.000385,0.993405
1448,test,packing,0,0,0.000133,0.000475
1448,test,price,1,1,0.01226,0.980268
1448,test,shipping,0,0,0.000526,0.000682
1448,test,smell,0,0,0.000139,0.002153
1448,test,stayingpower,0,0,0.000407,0.000823
1448,test,texture,0,0,0.000346,0.000486
1449,test,colour,1,1,5.2e-05,0.999844
1449,test,packing,0,0,6.7e-05,0.002357
1449,test,price,0,0,0.000546,0.008107
1449,test,shipping,1,1,0.000421,0.99472
1449,test,smell,0,0,5.4e-05,0.000456
1449,test,stayingpower,0,0,0.00034,0.002969
1449,test,texture,0,0,0.000832,0.006734
1450,test,colour,0,0,0.000197,0.00215
1450,test,packing,1,1,0.00072,0.996372
1450,test,price,0,0,0.000495,0.006743
1450,test,shipping,0,0,0.004653,0.020136
1450,test,smell,0,0,2.2e-05,0.000303
1450,test,stayingpower,0,0,1.6e-05,0.000278
1450,test,texture,0,0,0.000168,0.00062
1451,test,colour,0,0,0.008886,0.196662
1451,test,packing,0,0,0.000475,0.005156
1451,test,price,0,0,0.000315,0.003517
1451,test,shipping,0,0,0.000918,0.001063
1451,test,smell,0,0,0.000338,0.003975
1451,test,stayingpower,1,1,0.00299,0.995884
1451,test,texture,1,1,0.008173,0.983307
1452,test,colour,1,2,0.45301,0.450406
1452,test,packing,0,0,0.000122,0.000355
1452,test,price,0,0,0.00019,0.000185
1452,test,shipping,0,0,8e-05,0.00015
1452,test,smell,0,0,1.8e-05,0.000204
1452,test,stayingpower,0,0,0.00042,0.000759
1452,test,texture,0,0,0.003227,0.001847
1453,test,colour,0,0,0.000618,0.001286
1453,test,packing,0,0,0.000558,0.004503
1453,test,price,0,0,0.00026,0.000416
1453,test,shipping,0,0,0.000248,0.000227
1453,test,smell,0,0,6.9e-05,0.007464
1453,test,stayingpower,0,0,0.000508,0.001081
1453,test,texture,0,0,0.000159,0.000343
1454,test,colour,1,1,0.00019,0.998026
1454,test,packing,0,0,0.00394,0.053789
1454,test,price,0,0,0.001396,0.004704
1454,test,shipping,2,2,0.998355,0.000527
1454,test,smell,1,1,0.000809,0.996849
1454,test,stayingpower,0,0,0.000403,0.00114
1454,test,texture,0,0,0.0001,0.000606
1455,test,colour,0,0,0.013416,0.050335
1455,test,packing,0,0,0.010077,0.027183
1455,test,price,0,0,0.005692,0.008877
1455,test,shipping,0,0,0.009943,0.0044
1455,test,smell,1,1,0.001701,0.996969
1455,test,stayingpower,2,2,0.999742,0.00021
1455,test,texture,0,0,0.003223,0.026377
1456,test,colour,3,2,0.639671,0.306329
1456,test,packing,0,0,0.013099,0.01413
1456,test,price,0,0,0.00514,0.007652
1456,test,shipping,0,0,0.003358,0.000404
1456,test,smell,1,1,0.001679,0.997832
1456,test,stayingpower,0,2,0.682998,0.081449
1456,test,texture,1,1,0.009757,0.989432
1457,test,colour,0,0,0.000186,0.003867
1457,test,packing,0,0,0.00034,0.0077
1457,test,price,1,1,0.002711,0.989653
1457,test,shipping,0,0,0.000531,0.00225
1457,test,smell,0,0,5.3e-05,0.004794
1457,test,stayingpower,0,0,3.1e-05,0.000358
1457,test,texture,0,0,0.000318,0.002538
1458,test,colour,0,0,0.003462,0.00379
1458,test,packing,0,0,0.005946,0.012512
1458,test,price,0,0,0.002564,0.005078
1458,test,shipping,0,0,0.018797,0.003092
1458,test,smell,0,0,0.000207,0.001481
1458,test,stayingpower,0,0,0.000663,0.000824
1458,test,texture,0,0,0.001072,0.000429
1459,test,colour,0,0,6.9e-05,0.006288
1459,test,packing,0,0,0.000608,0.003649
1459,test,price,0,0,0.000794,0.010028
1459,test,shipping,0,0,0.000515,0.000977
1459,test,smell,1,1,0.000182,0.994507
1459,test,stayingpower,0,0,0.000149,0.000606
1459,test,texture,0,0,8.5e-05,0.002017
1460,test,colour,3,1,0.060318,0.939643
1460,test,packing,0,0,0.000378,0.001065
1460,test,price,0,0,0.001048,0.003798
1460,test,shipping,0,0,0.000885,0.00091
1460,test,smell,0,0,0.005418,0.003312
1460,test,stayingpower,0,0,0.013306,0.062002
1460,test,texture,1,1,0.024167,0.972888
1461,test,colour,0,0,0.001173,0.015461
1461,test,packing,0,0,0.002241,0.02371
1461,test,price,0,0,0.001997,0.009273
1461,test,shipping,2,2,0.997168,0.000928
1461,test,smell,0,0,7.7e-05,0.000703
1461,test,stayingpower,0,0,0.000102,0.000757
1461,test,texture,0,0,0.000145,0.000247
1462,test,colour,0,0,0.000282,0.007225
1462,test,packing,0,0,0.000169,0.005341
1462,test,price,0,0,0.000304,0.001428
1462,test,shipping,0,0,0.000312,0.001445
1462,test,smell,0,0,1.9e-05,0.000568
1462,test,stayingpower,0,0,2.2e-05,0.000166
1462,test,texture,0,0,0.000237,0.000624
1463,test,colour,1,1,0.000177,0.999421
1463,test,packing,0,0,0.001384,0.003659
1463,test,price,1,1,0.026223,0.888996
1463,test,shipping,0,0,0.000778,0.000462
1463,test,smell,1,1,0.000847,0.997272
1463,test,stayingpower,0,0,0.001862,0.00118
1463,test,texture,0,0,0.000164,0.001141
1464,test,colour,1,1,6.5e-05,0.999399
1464,test,packing,1,1,0.000233,0.998756
1464,test,price,0,0,0.000348,0.009719
1464,test,shipping,1,1,0.001706,0.996217
1464,test,smell,0,0,0.00073,0.001659
1464,test,stayingpower,0,0,0.00011,0.002885
1464,test,texture,0,0,0.000494,0.001474
1465,test,colour,1,1,0.003564,0.994834
1465,test,packing,1,1,0.001905,0.997549
1465,test,price,1,1,0.000495,0.998736
1465,test,shipping,0,0,0.043227,0.056243
1465,test,smell,0,0,0.002573,0.010616
1465,test,stayingpower,0,0,0.01483,0.128332
1465,test,texture,1,1,0.001058,0.996791
1466,test,colour,1,1,1.8e-05,0.998972
1466,test,packing,0,0,0.000774,0.006455
1466,test,price,0,0,0.000643,0.003868
1466,test,shipping,0,0,0.00118,0.001673
1466,test,smell,1,1,0.000317,0.998334
1466,test,stayingpower,0,0,0.0004,0.000893
1466,test,texture,0,0,0.000178,0.001335
1467,test,colour,0,0,0.002666,0.133537
1467,test,packing,0,0,0.000784,0.010951
1467,test,price,1,1,0.005882,0.991851
1467,test,shipping,2,2,0.999634,0.000194
1467,test,smell,0,0,0.00013,0.001719
1467,test,stayingpower,0,0,0.000101,0.001131
1467,test,texture,0,0,0.000583,0.000833
1468,test,colour,0,0,0.010964,0.021129
1468,test,packing,1,1,0.000384,0.999321
1468,test,price,0,0,0.000449,0.021588
1468,test,shipping,1,1,0.002649,0.996501
1468,test,smell,0,0,0.000482,0.002573
1468,test,stayingpower,0,0,0.000979,0.005971
1468,test,texture,1,1,0.000304,0.998208
1469,test,colour,0,0,0.000694,0.011176
1469,test,packing,0,0,8.9e-05,0.004668
1469,test,price,0,0,0.000282,0.003055
1469,test,shipping,0,0,0.000159,0.001241
1469,test,smell,0,0,9e-05,0.00196
1469,test,stayingpower,0,0,0.000306,0.005337
1469,test,texture,1,1,0.000322,0.995952
1470,test,colour,0,0,0.000525,0.002143
1470,test,packing,1,1,0.001776,0.997634
1470,test,price,1,1,0.001306,0.997773
1470,test,shipping,0,0,0.03766,0.029951
1470,test,smell,0,0,0.000157,0.001058
1470,test,stayingpower,0,0,0.000105,0.000998
1470,test,texture,0,0,0.000457,0.000735
1471,test,colour,0,0,0.002977,0.00218
1471,test,packing,0,0,0.002599,0.002856
1471,test,price,1,1,0.102644,0.812516
1471,test,shipping,0,0,0.001738,0.000589
1471,test,smell,0,0,0.000337,0.002338
1471,test,stayingpower,0,0,0.000698,0.000383
1471,test,texture,0,0,0.000236,3.3e-05
1472,test,colour,0,0,0.001914,0.000712
1472,test,packing,0,0,0.001756,0.004878
1472,test,price,0,0,0.001236,0.000975
1472,test,shipping,0,0,0.000623,0.000645
1472,test,smell,0,0,3.4e-05,0.00028
1472,test,stayingpower,0,0,0.000257,0.000151
1472,test,texture,0,0,0.000769,0.000268
1473,test,colour,1,1,0.000332,0.999569
1473,test,packing,0,0,0.000199,0.00139
1473,test,price,1,1,0.005566,0.989571
1473,test,shipping,0,0,0.000515,0.00068
1473,test,smell,0,0,0.000284,0.001004
1473,test,stayingpower,0,0,0.000645,0.002874
1473,test,texture,0,0,0.001445,0.001339
1474,test,colour,0,0,0.001562,0.003604
1474,test,packing,0,0,0.000642,0.002881
1474,test,price,0,0,0.000611,0.001167
1474,test,shipping,0,0,0.000354,0.000677
1474,test,smell,0,0,8.5e-05,0.001975
1474,test,stayingpower,0,0,0.000201,0.000806
1474,test,texture,0,0,0.000179,0.000184
1475,test,colour,1,1,0.000117,0.999775
1475,test,packing,0,0,6.6e-05,0.000917
1475,test,price,0,0,0.000303,0.000594
1475,test,shipping,0,0,9.4e-05,0.000217
1475,test,smell,0,0,3.4e-05,0.000269
1475,test,stayingpower,0,0,0.001054,0.003079
1475,test,texture,0,0,0.001272,0.006479
1476,test,colour,1,1,0.000217,0.99955
1476,test,packing,0,0,0.000706,0.004479
1476,test,price,0,0,0.002106,0.010623
1476,test,shipping,0,0,0.001872,0.006453
1476,test,smell,0,0,0.001246,0.00127
1476,test,stayingpower,0,0,0.003137,0.012527
1476,test,texture,2,2,0.997696,0.001638
1477,test,colour,1,1,0.000318,0.997721
1477,test,packing,0,0,0.000193,0.002091
1477,test,price,0,0,0.000586,0.008315
1477,test,shipping,0,0,0.001033,0.002926
1477,test,smell,0,0,0.002308,0.0335
1477,test,stayingpower,1,1,0.004317,0.993898
1477,test,texture,1,1,0.002876,0.993626
1478,test,colour,1,1,0.002242,0.997169
1478,test,packing,0,0,0.058331,0.086101
1478,test,price,0,0,0.010611,0.019438
1478,test,shipping,2,2,0.997686,0.001615
1478,test,smell,1,1,0.003103,0.995641
1478,test,stayingpower,2,2,0.99194,0.007905
1478,test,texture,3,1,0.065559,0.853822
1479,test,colour,1,1,0.000277,0.999473
1479,test,packing,0,0,0.000244,0.005806
1479,test,price,0,0,0.000605,0.013717
1479,test,shipping,0,0,0.005071,0.017327
1479,test,smell,0,0,0.001593,0.004221
1479,test,stayingpower,1,1,0.000554,0.99697
1479,test,texture,1,1,0.017247,0.97885
1480,test,colour,1,1,0.000518,0.998023
1480,test,packing,0,0,0.000994,0.058102
1480,test,price,0,0,0.00061,0.012245
1480,test,shipping,1,1,0.019714,0.841479
1480,test,smell,0,0,0.000789,0.004318
1480,test,stayingpower,1,1,0.001406,0.997465
1480,test,texture,1,1,0.002391,0.991563
1481,test,colour,1,1,0.223166,0.743869
1481,test,packing,0,0,0.002202,0.004827
1481,test,price,1,1,0.007536,0.985361
1481,test,shipping,0,0,0.022146,0.000295
1481,test,smell,0,0,0.002088,0.001712
1481,test,stayingpower,1,1,0.137141,0.861667
1481,test,texture,1,1,0.089885,0.907341
1482,test,colour,1,1,1.8e-05,0.999958
1482,test,packing,0,0,8.2e-05,0.001243
1482,test,price,0,0,0.000571,0.001918
1482,test,shipping,0,0,0.000178,0.001756
1482,test,smell,0,0,7.4e-05,0.000653
1482,test,stayingpower,0,0,0.001356,0.003629
1482,test,texture,0,0,0.000818,0.004126
1483,test,colour,1,1,0.000503,0.997392
1483,test,packing,0,0,0.004834,0.116473
1483,test,price,0,0,0.001276,0.018082
1483,test,shipping,1,1,0.010913,0.987017
1483,test,smell,1,1,0.004563,0.995278
1483,test,stayingpower,1,1,0.002305,0.993617
1483,test,texture,1,1,0.024762,0.886932
1484,test,colour,1,1,0.000565,0.995451
1484,test,packing,0,0,0.000751,0.00889
1484,test,price,1,1,0.00159,0.994469
1484,test,shipping,0,0,0.007775,0.010815
1484,test,smell,0,0,0.004568,0.067657
1484,test,stayingpower,3,1,0.001835,0.997439
1484,test,texture,1,1,0.011336,0.988323
1485,test,colour,0,0,0.000465,0.007956
1485,test,packing,1,1,0.000824,0.998681
1485,test,price,0,0,0.000265,0.005292
1485,test,shipping,0,0,0.002007,0.007965
1485,test,smell,0,0,7.7e-05,0.000294
1485,test,stayingpower,0,0,6.7e-05,0.001148
1485,test,texture,0,0,0.00013,0.000629
1486,test,colour,1,1,0.000146,0.999439
1486,test,packing,0,0,0.000753,0.013801
1486,test,price,1,1,0.001471,0.99713
1486,test,shipping,1,1,0.000585,0.99555
1486,test,smell,0,0,0.000471,0.004191
1486,test,stayingpower,0,0,0.001098,0.003001
1486,test,texture,0,0,0.002033,0.010249
1487,test,colour,0,0,0.000137,0.003993
1487,test,packing,0,0,0.001244,0.005642
1487,test,price,0,0,0.000554,0.003416
1487,test,shipping,0,0,0.000267,0.000242
1487,test,smell,1,1,0.000235,0.986655
1487,test,stayingpower,0,0,0.000138,0.000401
1487,test,texture,0,0,8.2e-05,0.001307
1488,test,colour,1,1,0.001126,0.998406
1488,test,packing,0,0,0.001783,0.030126
1488,test,price,0,0,0.002108,0.00861
1488,test,shipping,2,2,0.999229,0.000359
1488,test,smell,0,0,0.001063,0.004273
1488,test,stayingpower,0,0,0.006263,0.02783
1488,test,texture,1,1,0.001926,0.991943
1489,test,colour,0,0,0.003712,0.001767
1489,test,packing,0,0,0.00292,0.009477
1489,test,price,0,0,0.003867,0.0067
1489,test,shipping,0,0,0.002205,0.002362
1489,test,smell,0,0,0.00014,0.000697
1489,test,stayingpower,0,0,0.000279,0.000746
1489,test,texture,0,0,0.000477,0.000181
1490,test,colour,1,1,0.000625,0.99887
1490,test,packing,0,0,0.002925,0.008742
1490,test,price,1,1,0.017016,0.981113
1490,test,shipping,0,0,0.001855,0.005239
1490,test,smell,0,0,0.000873,0.005643
1490,test,stayingpower,2,2,0.998363,0.001373
1490,test,texture,0,0,0.010597,0.059889
1491,test,colour,0,0,0.000461,0.027467
1491,test,packing,0,0,0.000109,0.001628
1491,test,price,0,0,0.00068,0.003561
1491,test,shipping,0,0,0.000189,0.000817
1491,test,smell,0,0,9e-06,0.000317
1491,test,stayingpower,0,0,5.5e-05,0.00042
1491,test,texture,0,0,0.000186,0.000478
1492,test,colour,0,0,0.002085,0.029811
1492,test,packing,1,1,0.00372,0.995191
1492,test,price,0,0,0.002411,0.015976
1492,test,shipping,2,2,0.997596,0.000525
1492,test,smell,1,1,0.001864,0.997477
1492,test,stayingpower,0,0,0.000696,0.001525
1492,test,texture,0,0,0.000162,0.005904
1493,test,colour,1,1,0.001681,0.991632
1493,test,packing,1,1,0.020681,0.977445
1493,test,price,0,0,0.001553,0.012476
1493,test,shipping,2,2,0.951306,0.044087
1493,test,smell,3,1,0.00477,0.992232
1493,test,stayingpower,0,0,0.000485,0.001798
1493,test,texture,0,0,0.000216,0.00163
1494,test,colour,0,0,0.002541,0.058577
1494,test,packing,0,0,0.000895,0.009384
1494,test,price,0,0,0.000721,0.005535
1494,test,shipping,0,0,0.00122,0.001919
1494,test,smell,0,0,0.000114,0.000879
1494,test,stayingpower,1,1,0.001695,0.991948
1494,test,texture,0,0,0.002824,0.00806
1495,test,colour,1,1,1.7e-05,0.999951
1495,test,packing,0,0,0.000208,0.004708
1495,test,price,1,1,0.003639,0.98871
1495,test,shipping,0,0,0.000483,0.004035
1495,test,smell,0,0,0.00026,0.002314
1495,test,stayingpower,0,0,0.001285,0.010289
1495,test,texture,0,0,0.001728,0.022019
1496,test,colour,0,0,0.004223,0.089323
1496,test,packing,0,0,0.001497,0.015847
1496,test,price,1,1,0.001715,0.996363
1496,test,shipping,0,0,0.003015,0.009302
1496,test,smell,1,1,0.000207,0.994666
1496,test,stayingpower,0,0,0.000451,0.004337
1496,test,texture,1,1,0.000247,0.982355
1497,test,colour,0,0,0.000488,0.006594
1497,test,packing,1,1,0.000473,0.999144
1497,test,price,0,0,0.002194,0.153869
1497,test,shipping,1,1,0.001896,0.996414
1497,test,smell,0,0,6.5e-05,0.000357
1497,test,stayingpower,0,0,1.8e-05,0.00038
1497,test,texture,0,0,0.000134,0.000574
1498,test,colour,2,2,0.974728,0.008354
1498,test,packing,0,0,0.038178,0.017396
1498,test,price,1,1,0.080356,0.913026
1498,test,shipping,0,0,0.010193,0.004235
1498,test,smell,2,2,0.972726,0.019547
1498,test,stayingpower,0,0,0.109478,0.014055
1498,test,texture,2,2,0.999278,0.000523
1499,test,colour,0,0,0.000346,0.002269
1499,test,packing,0,0,0.000737,0.012109
1499,test,price,0,0,0.000601,0.00226
1499,test,shipping,0,0,0.000328,0.001722
1499,test,smell,0,0,2.3e-05,0.000696
1499,test,stayingpower,0,0,5.3e-05,0.000417
1499,test,texture,0,0,0.000169,0.000365
1500,test,colour,1,1,0.003363,0.996537
1500,test,packing,0,0,0.001316,0.00542
1500,test,price,0,0,0.001439,0.008033
1500,test,shipping,0,0,0.001129,0.001433
1500,test,smell,1,1,0.000558,0.999074
1500,test,stayingpower,0,0,0.015221,0.026529
1500,test,texture,1,1,0.00038,0.997784
1501,test,colour,1,1,2.6e-05,0.999944
1501,test,packing,1,1,0.001178,0.996338
1501,test,price,0,0,0.00039,0.00309
1501,test,shipping,0,0,0.008421,0.024976
1501,test,smell,0,0,0.001235,0.002729
1501,test,stayingpower,0,0,0.000911,0.008916
1501,test,texture,0,0,0.000833,0.003349
1502,test,colour,0,0,0.010875,0.046126
1502,test,packing,0,0,0.009235,0.071296
1502,test,price,0,0,0.00187,0.007954
1502,test,shipping,2,2,0.999738,0.000107
1502,test,smell,0,0,0.00139,0.004155
1502,test,stayingpower,1,1,0.013275,0.982693
1502,test,texture,3,1,0.006423,0.983504
1503,test,colour,1,1,0.005127,0.994417
1503,test,packing,0,0,5.3e-05,0.000554
1503,test,price,0,0,0.001562,0.010146
1503,test,shipping,0,0,0.000265,0.000566
1503,test,smell,0,0,0.0006,0.001895
1503,test,stayingpower,0,0,0.030213,0.147355
1503,test,texture,1,1,0.002639,0.995933
1504,test,colour,0,0,0.000593,0.027951
1504,test,packing,1,1,0.000226,0.998505
1504,test,price,0,0,0.000332,0.015916
1504,test,shipping,1,1,0.001126,0.997945
1504,test,smell,0,0,6.4e-05,0.00024
1504,test,stayingpower,0,0,1.1e-05,0.000285
1504,test,texture,0,0,0.000138,0.001373
1505,test,colour,1,1,0.000608,0.99555
1505,test,packing,1,1,0.062005,0.923356
1505,test,price,1,1,0.004212,0.946545
1505,test,shipping,1,1,0.026884,0.966283
1505,test,smell,1,1,0.006181,0.980546
1505,test,stayingpower,0,0,0.174119,0.047667
1505,test,texture,2,2,0.984145,0.005822
1506,test,colour,0,0,0.010934,0.044388
1506,test,packing,0,0,0.020649,0.088875
1506,test,price,1,1,0.022865,0.962633
1506,test,shipping,0,0,0.005881,0.003493
1506,test,smell,1,1,0.000889,0.997885
1506,test,stayingpower,2,2,0.999479,0.000345
1506,test,texture,1,1,0.006681,0.698391
1507,test,colour,1,1,0.001766,0.997672
1507,test,packing,0,0,0.002806,0.00226
1507,test,price,0,0,0.002398,0.004055
1507,test,shipping,0,0,0.004144,0.003569
1507,test,smell,2,2,0.998919,0.00093
1507,test,stayingpower,0,0,0.003555,0.006572
1507,test,texture,0,0,0.003673,0.002692
1508,test,colour,0,0,0.000208,0.00279
1508,test,packing,1,1,0.000367,0.99843
1508,test,price,0,0,0.00042,0.011421
1508,test,shipping,0,0,0.009678,0.05601
1508,test,smell,0,0,2.1e-05,0.000175
1508,test,stayingpower,0,0,2e-05,0.0004
1508,test,texture,0,0,0.00015,0.001226
1509,test,colour,0,0,0.000533,0.008423
1509,test,packing,0,0,0.000337,0.006048
1509,test,price,0,0,0.000315,0.00148
1509,test,shipping,0,0,0.000331,0.001815
1509,test,smell,0,0,1.6e-05,0.000624
1509,test,stayingpower,0,0,8.2e-05,0.000614
1509,test,texture,0,0,0.000122,0.000255
1510,test,colour,1,1,0.000276,0.999059
1510,test,packing,0,0,0.000803,0.044572
1510,test,price,0,0,0.000467,0.007671
1510,test,shipping,1,1,0.002599,0.994963
1510,test,smell,0,0,0.000508,0.001477
1510,test,stayingpower,1,1,0.00048,0.996124
1510,test,texture,0,0,0.001826,0.010326
1511,test,colour,0,0,0.00057,0.003438
1511,test,packing,1,1,0.000226,0.999512
1511,test,price,0,0,0.000314,0.006631
1511,test,shipping,0,0,0.011945,0.034857
1511,test,smell,0,0,5.7e-05,0.000123
1511,test,stayingpower,0,0,3.5e-05,0.000832
1511,test,texture,0,0,0.000246,0.002808
1512,test,colour,0,0,0.001412,0.010551
1512,test,packing,0,0,0.001044,0.00971
1512,test,price,0,0,0.005413,0.082515
1512,test,shipping,0,0,0.036796,0.377248
1512,test,smell,0,0,0.000156,0.002636
1512,test,stayingpower,0,0,0.000593,0.001332
1512,test,texture,0,0,0.000552,0.000775
1513,test,colour,0,0,0.025352,0.010065
1513,test,packing,0,0,0.005373,0.004445
1513,test,price,0,0,0.001783,0.001634
1513,test,shipping,0,0,0.004933,0.000804
1513,test,smell,0,0,0.000139,0.000597
1513,test,stayingpower,0,0,0.000646,0.000538
1513,test,texture,0,0,0.000591,0.000236
1514,test,colour,1,1,0.000488,0.998512
1514,test,packing,0,0,0.001885,0.014212
1514,test,price,0,0,0.001621,0.027359
1514,test,shipping,1,1,0.013912,0.968805
1514,test,smell,1,1,0.002633,0.9959
1514,test,stayingpower,1,1,0.008913,0.989923
1514,test,texture,3,1,0.065209,0.917054
1515,test,colour,0,0,0.00038,0.009762
1515,test,packing,0,0,0.000202,0.00185
1515,test,price,1,1,0.003135,0.996319
1515,test,shipping,0,0,0.001011,0.001872
1515,test,smell,0,0,6.9e-05,0.001766
1515,test,stayingpower,0,0,9.8e-05,0.000614
1515,test,texture,0,0,0.000882,0.002449
1516,test,colour,0,0,0.000996,0.064838
1516,test,packing,0,0,0.000907,0.018344
1516,test,price,0,0,0.00153,0.055395
1516,test,shipping,1,1,0.00098,0.998375
1516,test,smell,1,1,0.000159,0.999331
1516,test,stayingpower,0,0,0.000799,0.002759
1516,test,texture,0,0,0.000481,0.023428
1517,test,colour,0,0,0.000159,0.01212
1517,test,packing,0,0,0.000272,0.010432
1517,test,price,0,0,0.00044,0.006129
1517,test,shipping,0,0,7.8e-05,0.000718
1517,test,smell,0,0,6e-06,0.000238
1517,test,stayingpower,0,0,4.5e-05,0.000469
1517,test,texture,0,0,0.000524,0.00311
1518,test,colour,0,0,0.000477,0.002923
1518,test,packing,0,0,0.000618,0.00584
1518,test,price,0,0,0.000366,0.000883
1518,test,shipping,0,0,0.000143,0.000645
1518,test,smell,0,0,2.1e-05,0.000618
1518,test,stayingpower,0,0,5.5e-05,0.000422
1518,test,texture,0,0,0.000158,0.000216
1519,test,colour,1,1,0.001614,0.993034
1519,test,packing,2,2,0.960074,0.022569
1519,test,price,0,0,0.016701,0.019649
1519,test,shipping,1,1,0.017621,0.981772
1519,test,smell,0,0,0.012609,0.003617
1519,test,stayingpower,0,0,0.016033,0.002159
1519,test,texture,0,0,0.003989,0.000286
1520,test,colour,0,0,0.000551,0.033127
1520,test,packing,0,0,0.00032,0.008575
1520,test,price,0,0,0.00066,0.003899
1520,test,shipping,0,0,0.000101,0.001146
1520,test,smell,0,0,3.8e-05,0.000805
1520,test,stayingpower,0,0,4.4e-05,0.000504
1520,test,texture,0,0,0.00023,0.000228
1521,test,colour,0,0,0.000214,0.010197
1521,test,packing,0,0,0.000162,0.004457
1521,test,price,1,1,0.003548,0.991117
1521,test,shipping,0,0,0.001213,0.002676
1521,test,smell,0,0,2.8e-05,0.000769
1521,test,stayingpower,0,0,2.4e-05,0.000339
1521,test,texture,0,0,0.000199,0.000696
1522,test,colour,1,1,8.8e-05,0.999505
1522,test,packing,0,0,0.00046,0.016695
1522,test,price,0,0,0.001201,0.004244
1522,test,shipping,2,2,0.998987,0.000589
1522,test,smell,0,0,0.000214,0.000441
1522,test,stayingpower,0,0,0.000396,0.004455
1522,test,texture,0,0,0.002519,0.006364
1523,test,colour,0,0,0.0022,0.014833
1523,test,packing,0,0,0.000326,0.001697
1523,test,price,0,0,0.001194,0.001516
1523,test,shipping,0,0,0.000531,0.000432
1523,test,smell,0,0,4.2e-05,0.000831
1523,test,stayingpower,0,0,9.3e-05,0.000181
1523,test,texture,0,0,0.000169,0.000168
1524,test,colour,0,0,0.011403,0.087546
1524,test,packing,1,1,0.025115,0.971713
1524,test,price,1,1,0.002359,0.996032
1524,test,shipping,2,2,0.996398,0.00358
1524,test,smell,0,0,0.003292,0.048871
1524,test,stayingpower,2,2,0.92584,0.041367
1524,test,texture,1,1,0.013143,0.892577
1525,test,colour,0,0,0.000404,0.011942
1525,test,packing,1,1,0.000806,0.996723
1525,test,price,0,0,0.000248,0.010281
1525,test,shipping,1,1,0.001686,0.997513
1525,test,smell,0,0,4.5e-05,0.000232
1525,test,stayingpower,0,0,2e-05,0.000321
1525,test,texture,0,0,0.000124,0.000604
1526,test,colour,0,0,0.000277,0.005764
1526,test,packing,0,0,0.000205,0.003774
1526,test,price,0,0,0.000281,0.000932
1526,test,shipping,0,0,0.000187,0.000735
1526,test,smell,0,0,1.3e-05,0.000543
1526,test,stayingpower,0,0,3.8e-05,0.000256
1526,test,texture,0,0,0.00018,0.000489
1527,test,colour,0,0,0.033187,0.008563
1527,test,packing,0,0,0.004344,0.002369
1527,test,price,0,0,0.013276,0.010429
1527,test,shipping,0,0,0.001564,0.00064
1527,test,smell,0,0,0.001475,0.000483
1527,test,stayingpower,0,0,0.035769,0.007138
1527,test,texture,2,2,0.997167,0.002526
1528,test,colour,0,0,0.00108,0.010246
1528,test,packing,0,0,0.002544,0.01974
1528,test,price,1,1,0.005883,0.989828
1528,test,shipping,2,2,0.997572,0.00223
1528,test,smell,0,0,0.000121,0.00155
1528,test,stayingpower,0,0,4.5e-05,0.00028
1528,test,texture,0,0,0.000207,0.000441
1529,test,colour,0,0,0.000805,0.022883
1529,test,packing,0,0,0.001391,0.014194
1529,test,price,0,0,0.001163,0.01414
1529,test,shipping,0,0,0.000702,0.000645
1529,test,smell,1,1,0.000138,0.999299
1529,test,stayingpower,0,0,0.002293,0.012049
1529,test,texture,1,1,0.000236,0.996978
1530,test,colour,0,0,0.000586,0.011743
1530,test,packing,1,1,0.000486,0.998948
1530,test,price,0,0,0.000435,0.009794
1530,test,shipping,1,1,0.002006,0.997261
1530,test,smell,0,0,0.000128,0.000994
1530,test,stayingpower,0,0,1.6e-05,0.000302
1530,test,texture,0,0,6.5e-05,0.000291
1531,test,colour,1,1,0.000106,0.99956
1531,test,packing,0,0,0.004565,0.01598
1531,test,price,0,0,0.002382,0.005375
1531,test,shipping,0,0,0.002606,0.006156
1531,test,smell,1,2,0.95376,0.045907
1531,test,stayingpower,0,0,0.070671,0.127179
1531,test,texture,0,0,0.004077,0.012675
1532,test,colour,2,2,0.998631,0.001167
1532,test,packing,0,0,0.001574,0.001781
1532,test,price,0,0,0.005145,0.004283
1532,test,shipping,0,0,0.001798,0.000496
1532,test,smell,0,0,0.001423,0.000245
1532,test,stayingpower,0,0,0.001358,0.002176
1532,test,texture,0,0,0.004107,0.003199
1533,test,colour,0,0,0.004675,0.012096
1533,test,packing,0,0,0.003085,0.003936
1533,test,price,0,0,0.001214,0.001947
1533,test,shipping,1,1,0.277524,0.65501
1533,test,smell,0,0,0.000271,0.001273
1533,test,stayingpower,0,0,0.000373,0.000659
1533,test,texture,0,0,0.000489,0.000262
1534,test,colour,0,0,0.000361,0.002703
1534,test,packing,1,1,0.001071,0.995955
1534,test,price,0,0,0.000337,0.003524
1534,test,shipping,0,0,0.008092,0.01892
1534,test,smell,0,0,3.1e-05,0.000108
1534,test,stayingpower,0,0,8e-06,0.000186
1534,test,texture,0,0,0.000137,0.000264
1535,test,colour,0,0,0.001838,0.002417
1535,test,packing,0,0,0.002387,0.013841
1535,test,price,0,0,0.000475,0.000658
1535,test,shipping,0,0,0.000213,0.000411
1535,test,smell,0,0,2.6e-05,0.000372
1535,test,stayingpower,0,0,0.000168,0.000349
1535,test,texture,0,0,0.00024,0.000233
1536,test,colour,0,0,0.014514,0.026238
1536,test,packing,0,0,0.000685,0.00109
1536,test,price,0,0,0.003354,0.01654
1536,test,shipping,0,0,0.011423,0.009287
1536,test,smell,0,0,0.000312,0.003588
1536,test,stayingpower,3,2,0.985358,0.014037
1536,test,texture,1,1,0.000568,0.996464
1537,test,colour,0,0,0.010579,0.001796
1537,test,packing,0,0,0.011335,0.000727
1537,test,price,0,0,0.004711,0.002439
1537,test,shipping,0,0,0.007519,0.003125
1537,test,smell,0,0,0.000487,0.000382
1537,test,stayingpower,0,0,0.001121,0.000607
1537,test,texture,0,0,0.042444,0.000312
1538,test,colour,0,0,0.000574,0.005071
1538,test,packing,1,1,0.00043,0.999272
1538,test,price,0,0,0.00103,0.033363
1538,test,shipping,1,1,0.002274,0.996185
1538,test,smell,0,0,0.000119,0.000716
1538,test,stayingpower,0,0,1.5e-05,0.000385
1538,test,texture,0,0,0.000254,0.001226
1539,test,colour,1,1,0.00031,0.999349
1539,test,packing,0,0,0.00127,0.006126
1539,test,price,1,1,0.019085,0.947123
1539,test,shipping,0,0,0.005467,0.009595
1539,test,smell,0,0,0.000569,0.003497
1539,test,stayingpower,3,2,0.985508,0.01386
1539,test,texture,0,0,0.00041,0.002565
1540,test,colour,0,1,0.002299,0.969344
1540,test,packing,1,1,0.000396,0.999329
1540,test,price,0,0,0.000402,0.00466
1540,test,shipping,1,1,0.001573,0.998162
1540,test,smell,0,0,0.00083,0.000968
1540,test,stayingpower,0,0,8.5e-05,0.001576
1540,test,texture,0,0,0.000344,0.000477
1541,test,colour,1,1,0.000483,0.998288
1541,test,packing,1,1,0.00055,0.997861
1541,test,price,0,0,0.000447,0.010971
1541,test,shipping,1,1,0.020516,0.975812
1541,test,smell,0,0,0.001058,0.001207
1541,test,stayingpower,1,1,0.000573,0.985332
1541,test,texture,0,0,0.00275,0.011016
1542,test,colour,0,0,0.000699,0.041153
1542,test,packing,0,0,0.000163,0.004822
1542,test,price,0,0,0.000394,0.005796
1542,test,shipping,1,1,0.000362,0.99885
1542,test,smell,0,0,2.9e-05,0.000277
1542,test,stayingpower,0,0,5.2e-05,0.000599
1542,test,texture,0,0,0.000183,0.000522
1543,test,colour,1,1,0.003617,0.991258
1543,test,packing,0,0,0.002756,0.016008
1543,test,price,0,0,0.002309,0.008006
1543,test,shipping,2,2,0.999621,0.000223
1543,test,smell,0,0,0.004339,0.010451
1543,test,stayingpower,1,1,0.015936,0.980849
1543,test,texture,1,1,0.00554,0.991473
1544,test,colour,1,1,0.001482,0.997413
1544,test,packing,0,0,0.004277,0.104555
1544,test,price,1,1,0.010416,0.981742
1544,test,shipping,2,2,0.998665,0.00075
1544,test,smell,0,0,0.006679,0.015045
1544,test,stayingpower,0,0,0.013634,0.04699
1544,test,texture,1,1,0.00617,0.980308
1545,test,colour,3,1,0.054354,0.774228
1545,test,packing,0,0,0.004965,0.00967
1545,test,price,0,0,0.00052,0.00097
1545,test,shipping,0,0,0.000269,0.000134
1545,test,smell,1,1,0.000227,0.999524
1545,test,stayingpower,0,0,0.004557,0.019625
1545,test,texture,0,0,0.000742,0.011524
1546,test,colour,0,0,0.000516,0.050809
1546,test,packing,0,0,0.000235,0.007026
1546,test,price,0,0,0.000779,0.004104
1546,test,shipping,2,2,0.993449,0.005864
1546,test,smell,0,0,1.8e-05,0.000133
1546,test,stayingpower,0,0,3.5e-05,0.000672
1546,test,texture,0,0,0.000241,0.002529
1547,test,colour,0,0,0.000263,0.021129
1547,test,packing,0,0,7.5e-05,0.001439
1547,test,price,0,0,0.000408,0.002368
1547,test,shipping,0,0,0.000181,0.000656
1547,test,smell,0,0,1e-05,0.00031
1547,test,stayingpower,0,0,2.9e-05,0.000333
1547,test,texture,0,0,0.000115,0.000912
1548,test,colour,1,1,0.000982,0.997259
1548,test,packing,0,0,0.002436,0.008628
1548,test,price,1,1,0.003667,0.993356
1548,test,shipping,0,0,0.006441,0.006213
1548,test,smell,0,0,0.003732,0.00739
1548,test,stayingpower,0,0,0.108149,0.044531
1548,test,texture,2,1,0.347003,0.652705
1549,test,colour,0,0,0.000435,0.004777
1549,test,packing,1,1,0.000303,0.999473
1549,test,price,0,0,0.000208,0.003777
1549,test,shipping,0,0,0.029751,0.074649
1549,test,smell,0,0,8.6e-05,0.000189
1549,test,stayingpower,0,0,1.2e-05,0.0002
1549,test,texture,0,0,0.000148,0.000549
1550,test,colour,0,0,0.000124,0.005884
1550,test,packing,0,0,0.013669,0.451048
1550,test,price,0,0,0.000478,0.003748
1550,test,shipping,0,0,0.000437,0.001531
1550,test,smell,0,0,1.5e-05,0.000417
1550,test,stayingpower,0,0,1.2e-05,0.000192
1550,test,texture,0,0,0.001654,0.000859
1551,test,colour,0,2,0.88091,0.101374
1551,test,packing,0,0,0.00018,0.00033
1551,test,price,0,0,0.000838,0.001064
1551,test,shipping,0,0,0.000259,0.000285
1551,test,smell,0,0,8.2e-05,0.000236
1551,test,stayingpower,0,0,0.000679,0.00118
1551,test,texture,0,0,0.003253,0.002196
1552,test,colour,0,0,0.001993,0.030668
1552,test,packing,0,0,0.001637,0.012956
1552,test,price,1,1,0.005485,0.993991
1552,test,shipping,2,2,0.999583,0.00026
1552,test,smell,0,0,0.000102,0.000741
1552,test,stayingpower,0,0,0.000413,0.002689
1552,test,texture,0,0,0.001867,0.014076
1553,test,colour,0,0,0.002871,0.006491
1553,test,packing,0,0,0.001268,0.005834
1553,test,price,1,1,0.045506,0.94135
1553,test,shipping,0,0,0.011296,0.002159
1553,test,smell,0,0,8e-05,0.001229
1553,test,stayingpower,0,0,4.4e-05,0.000159
1553,test,texture,0,0,0.000268,0.000205
1554,test,colour,0,0,0.00407,0.078545
1554,test,packing,0,0,0.000858,0.008075
1554,test,price,0,0,0.001549,0.02504
1554,test,shipping,0,2,0.776099,0.013773
1554,test,smell,0,0,0.000429,0.001597
1554,test,stayingpower,1,1,0.004714,0.994036
1554,test,texture,1,1,0.004729,0.952142
1555,test,colour,0,0,0.000888,0.015815
1555,test,packing,1,1,0.000981,0.998197
1555,test,price,1,1,0.000771,0.998645
1555,test,shipping,1,1,0.002805,0.996057
1555,test,smell,0,0,0.000323,0.001655
1555,test,stayingpower,0,0,5.9e-05,0.000853
1555,test,texture,0,0,0.000506,0.001206
1556,test,colour,0,0,0.001693,0.005274
1556,test,packing,0,0,0.000819,0.000796
1556,test,price,0,0,0.00102,0.000551
1556,test,shipping,0,0,0.000256,0.000243
1556,test,smell,0,0,0.000191,0.000298
1556,test,stayingpower,0,0,0.002028,0.000658
1556,test,texture,3,2,0.472962,0.419102
1557,test,colour,1,1,0.003805,0.994279
1557,test,packing,1,1,0.025055,0.967405
1557,test,price,1,1,0.003405,0.99167
1557,test,shipping,1,1,0.025925,0.968043
1557,test,smell,0,0,0.006617,0.003864
1557,test,stayingpower,0,0,0.117295,0.041184
1557,test,texture,3,2,0.997064,0.00275
1558,test,colour,1,1,0.002238,0.995872
1558,test,packing,1,1,0.005815,0.990483
1558,test,price,1,1,0.002205,0.986572
1558,test,shipping,1,1,0.014206,0.981322
1558,test,smell,1,1,0.054472,0.944072
1558,test,stayingpower,0,0,0.006662,0.033841
1558,test,texture,1,1,0.000309,0.998343
1559,test,colour,0,1,0.000135,0.999664
1559,test,packing,0,0,0.000227,0.001299
1559,test,price,0,1,0.006876,0.987733
1559,test,shipping,0,0,0.000498,0.000506
1559,test,smell,0,0,0.000156,0.00125
1559,test,stayingpower,0,0,0.011697,0.019238
1559,test,texture,0,0,0.155181,0.274137
1560,test,colour,1,1,0.00023,0.99769
1560,test,packing,0,0,0.00153,0.023032
1560,test,price,1,1,0.005183,0.990934
1560,test,shipping,2,2,0.999763,0.000184
1560,test,smell,0,0,0.000309,0.001275
1560,test,stayingpower,0,0,0.000534,0.003465
1560,test,texture,0,0,0.001299,0.002695
1561,test,colour,0,0,0.001378,0.001867
1561,test,packing,0,0,0.000984,0.004423
1561,test,price,0,0,0.000539,0.000589
1561,test,shipping,0,0,0.00043,0.000833
1561,test,smell,0,0,0.000121,0.002537
1561,test,stayingpower,0,0,0.000189,0.0006
1561,test,texture,0,0,0.000115,0.000125
1562,test,colour,3,2,0.497395,0.492294
1562,test,packing,0,0,0.004478,0.003493
1562,test,price,0,0,0.004818,0.001934
1562,test,shipping,0,0,0.005711,0.004807
1562,test,smell,3,2,0.524264,0.434327
1562,test,stayingpower,2,2,0.999474,0.00051
1562,test,texture,0,0,0.040554,0.038952
1563,test,colour,0,0,0.000392,0.002658
1563,test,packing,1,1,0.000901,0.998281
1563,test,price,1,1,0.002447,0.995673
1563,test,shipping,0,0,0.008101,0.007945
1563,test,smell,0,0,0.000189,0.001603
1563,test,stayingpower,0,0,8.9e-05,0.001372
1563,test,texture,0,0,0.000736,0.001496
1564,test,colour,2,2,0.990211,0.007604
1564,test,packing,1,1,0.011184,0.964387
1564,test,price,0,0,0.003326,0.022096
1564,test,shipping,1,1,0.001159,0.998431
1564,test,smell,0,0,0.001091,0.000208
1564,test,stayingpower,0,0,0.000569,0.001906
1564,test,texture,0,0,0.008755,0.009716
1565,test,colour,1,1,0.001983,0.994793
1565,test,packing,0,0,0.013704,0.128533
1565,test,price,0,0,0.005042,0.020925
1565,test,shipping,2,2,0.985315,0.010725
1565,test,smell,1,1,0.003296,0.992563
1565,test,stayingpower,0,0,0.021893,0.054216
1565,test,texture,1,1,0.000982,0.996766
1566,test,colour,0,0,4.1e-05,0.002235
1566,test,packing,0,0,0.001559,0.02964
1566,test,price,0,0,0.000128,0.001041
1566,test,shipping,0,0,0.000265,0.000397
1566,test,smell,1,1,0.000421,0.977302
1566,test,stayingpower,0,0,0.000201,0.00682
1566,test,texture,0,0,0.000487,0.040893
1567,test,colour,3,2,0.689113,0.270413
1567,test,packing,0,0,0.002542,0.003658
1567,test,price,0,0,0.023019,0.01857
1567,test,shipping,0,0,0.001943,0.005105
1567,test,smell,0,0,0.000901,0.001527
1567,test,stayingpower,2,2,0.999888,7.6e-05
1567,test,texture,1,1,0.020636,0.973835
1568,test,colour,1,1,2.3e-05,0.999866
1568,test,packing,0,0,0.000334,0.003508
1568,test,price,1,1,0.002907,0.993536
1568,test,shipping,0,0,0.001252,0.006277
1568,test,smell,0,0,0.000218,0.002032
1568,test,stayingpower,0,0,0.000528,0.003919
1568,test,texture,0,0,0.000327,0.001731
1569,test,colour,0,0,0.005974,0.002998
1569,test,packing,0,0,0.039121,0.018923
1569,test,price,0,0,0.008675,0.100892
1569,test,shipping,1,1,0.003727,0.995627
1569,test,smell,0,0,0.468319,0.01764
1569,test,stayingpower,0,0,0.005093,0.000981
1569,test,texture,0,0,0.013386,0.001218
1570,test,colour,0,0,0.000332,0.00323
1570,test,packing,1,1,0.000565,0.999024
1570,test,price,0,0,0.000321,0.005263
1570,test,shipping,0,0,0.002938,0.00705
1570,test,smell,0,0,5.8e-05,0.00023
1570,test,stayingpower,0,0,6.8e-05,0.001988
1570,test,texture,0,0,0.000762,0.003134
1571,test,colour,0,0,0.000292,0.0027
1571,test,packing,0,0,0.000327,0.008297
1571,test,price,1,1,0.001633,0.998028
1571,test,shipping,0,0,0.002007,0.007483
1571,test,smell,0,0,3.7e-05,0.000937
1571,test,stayingpower,0,0,5.1e-05,0.00071
1571,test,texture,0,0,0.000555,0.001968
1572,test,colour,0,0,0.021023,0.008695
1572,test,packing,0,0,0.001614,0.00061
1572,test,price,0,0,0.002804,0.002828
1572,test,shipping,0,0,0.002018,0.000256
1572,test,smell,0,0,0.013358,0.185158
1572,test,stayingpower,0,0,0.001118,0.000405
1572,test,texture,0,0,0.003048,0.000769
1573,test,colour,0,0,0.006615,0.003047
1573,test,packing,2,2,0.975562,0.020814
1573,test,price,0,0,0.021434,0.021954
1573,test,shipping,2,2,0.998922,0.000435
1573,test,smell,0,0,0.003167,0.000998
1573,test,stayingpower,0,0,0.002257,0.001102
1573,test,texture,0,0,0.000848,0.001379
1574,test,colour,1,1,0.000107,0.999388
1574,test,packing,0,0,0.008029,0.024352
1574,test,price,0,0,0.002067,0.015495
1574,test,shipping,0,2,0.671366,0.004078
1574,test,smell,1,1,0.002295,0.993356
1574,test,stayingpower,0,0,0.151823,0.197152
1574,test,texture,1,2,0.698728,0.299874
1575,test,colour,0,0,0.000448,0.00865
1575,test,packing,0,0,0.000327,0.015741
1575,test,price,0,0,0.000455,0.00509
1575,test,shipping,1,1,0.005136,0.984671
1575,test,smell,0,0,2.6e-05,0.000186
1575,test,stayingpower,0,0,1.8e-05,0.000396
1575,test,texture,0,0,0.000258,0.000842
1576,test,colour,1,1,4.3e-05,0.999766
1576,test,packing,0,0,9.4e-05,0.003551
1576,test,price,0,0,0.000161,0.001667
1576,test,shipping,3,1,0.003129,0.982744
1576,test,smell,0,0,9.1e-05,0.000439
1576,test,stayingpower,0,0,0.000105,0.002148
1576,test,texture,0,0,0.000414,0.003895
1577,test,colour,0,0,0.060901,0.012772
1577,test,packing,0,0,0.012398,0.010952
1577,test,price,1,1,0.136846,0.809174
1577,test,shipping,0,0,0.012306,0.002476
1577,test,smell,0,0,0.015486,0.003963
1577,test,stayingpower,0,0,0.079426,0.011892
1577,test,texture,2,2,0.99934,0.000642
1578,test,colour,0,0,0.000605,0.002888
1578,test,packing,0,0,0.000234,0.005884
1578,test,price,1,1,0.003924,0.993718
1578,test,shipping,0,0,0.003408,0.00348
1578,test,smell,0,0,7.9e-05,0.003315
1578,test,stayingpower,0,0,6e-05,0.000698
1578,test,texture,0,0,0.000462,0.002373
1579,test,colour,2,2,0.996717,0.001579
1579,test,packing,0,0,0.007293,0.006202
1579,test,price,0,0,0.010527,0.027257
1579,test,shipping,0,0,0.031027,0.003321
1579,test,smell,0,0,0.005369,0.00154
1579,test,stayingpower,1,1,0.078966,0.917742
1579,test,texture,3,1,0.394025,0.564003
1580,test,colour,2,2,0.986415,0.012007
1580,test,packing,0,0,0.00052,0.001707
1580,test,price,0,0,0.002622,0.007455
1580,test,shipping,0,0,0.005598,0.002229
1580,test,smell,0,0,0.001738,0.000706
1580,test,stayingpower,1,1,0.005109,0.98733
1580,test,texture,1,1,0.006849,0.987107
1581,test,colour,1,1,0.000122,0.999666
1581,test,packing,0,1,0.000835,0.997844
1581,test,price,0,0,0.000849,0.012392
1581,test,shipping,2,2,0.996983,0.002111
1581,test,smell,0,0,0.003135,0.003326
1581,test,stayingpower,0,0,0.00034,0.003474
1581,test,texture,0,0,0.000987,0.00957
1582,test,colour,0,0,0.00143,0.006845
1582,test,packing,0,0,0.000304,0.01978
1582,test,price,0,0,0.00061,0.009613
1582,test,shipping,1,1,0.00124,0.995326
1582,test,smell,0,0,0.000242,0.004016
1582,test,stayingpower,0,0,0.002899,0.014493
1582,test,texture,1,1,0.000264,0.998962
1583,test,colour,1,1,8e-05,0.999499
1583,test,packing,1,1,0.000321,0.998729
1583,test,price,0,0,0.000532,0.01018
1583,test,shipping,0,0,0.011559,0.055234
1583,test,smell,0,0,0.000284,0.00064
1583,test,stayingpower,0,0,0.000145,0.003986
1583,test,texture,0,0,0.000357,0.001542
1584,test,colour,0,0,0.004808,0.017595
1584,test,packing,0,0,0.371712,0.131184
1584,test,price,1,1,0.010472,0.98849
1584,test,shipping,1,1,0.01701,0.981583
1584,test,smell,0,0,0.001507,0.012887
1584,test,stayingpower,0,0,0.001649,0.000929
1584,test,texture,0,0,0.000521,0.001282
1585,test,colour,1,1,0.000152,0.999683
1585,test,packing,0,0,5.2e-05,0.000968
1585,test,price,0,0,0.000444,0.001732
1585,test,shipping,0,0,6.1e-05,0.000286
1585,test,smell,0,0,2.3e-05,0.000732
1585,test,stayingpower,0,0,0.00054,0.002087
1585,test,texture,0,0,0.000505,0.002381
1586,test,colour,1,1,3e-05,0.999865
1586,test,packing,0,0,0.000184,0.00427
1586,test,price,1,1,0.001853,0.995127
1586,test,shipping,0,0,0.00151,0.00787
1586,test,smell,0,0,0.000159,0.000861
1586,test,stayingpower,0,0,0.000347,0.001996
1586,test,texture,0,0,0.000592,0.00626
1587,test,colour,0,0,0.000215,0.002916
1587,test,packing,0,0,0.000468,0.006533
1587,test,price,0,0,0.000355,0.002693
1587,test,shipping,1,1,0.051537,0.942553
1587,test,smell,0,0,4.7e-05,0.000346
1587,test,stayingpower,0,0,5.9e-05,0.001552
1587,test,texture,0,0,0.000196,0.000469
1588,test,colour,0,0,0.003626,0.041794
1588,test,packing,1,1,0.002615,0.995683
1588,test,price,0,0,0.000901,0.02735
1588,test,shipping,0,0,0.00815,0.006324
1588,test,smell,1,1,0.000329,0.998899
1588,test,stayingpower,0,0,0.001357,0.008971
1588,test,texture,1,1,0.000144,0.997648
1589,test,colour,1,1,0.000685,0.998967
1589,test,packing,1,1,0.001023,0.986327
1589,test,price,0,0,0.000597,0.016268
1589,test,shipping,1,1,0.002,0.995086
1589,test,smell,0,0,0.00196,0.009648
1589,test,stayingpower,0,0,0.001712,0.015783
1589,test,texture,1,1,0.000682,0.998216
1590,test,colour,0,0,0.002548,0.003472
1590,test,packing,1,1,0.0066,0.99128
1590,test,price,0,0,0.000628,0.003023
1590,test,shipping,0,0,0.002926,0.002846
1590,test,smell,0,0,5.7e-05,7.7e-05
1590,test,stayingpower,0,0,0.000333,0.00096
1590,test,texture,0,0,0.000856,0.000516
1591,test,colour,0,0,0.00116,0.03096
1591,test,packing,0,0,0.000194,0.002081
1591,test,price,0,0,0.000249,0.000883
1591,test,shipping,0,0,0.000303,0.001235
1591,test,smell,0,0,1.6e-05,0.000427
1591,test,stayingpower,0,0,6.7e-05,0.000295
1591,test,texture,0,0,0.000145,0.000349
1592,test,colour,0,0,0.00036,0.027346
1592,test,packing,0,0,0.000888,0.015627
1592,test,price,0,0,0.000519,0.023834
1592,test,shipping,1,1,0.000522,0.998127
1592,test,smell,1,1,0.000162,0.998825
1592,test,stayingpower,0,0,0.000112,0.000638
1592,test,texture,0,0,7e-05,0.002954
1593,test,colour,1,1,0.001286,0.996548
1593,test,packing,1,1,0.005677,0.991271
1593,test,price,0,0,0.001218,0.0243
1593,test,shipping,0,0,0.036943,0.011382
1593,test,smell,1,1,0.001372,0.998347
1593,test,stayingpower,0,1,0.010576,0.977041
1593,test,texture,0,1,0.009998,0.787263
1594,test,colour,0,0,0.00245,0.006885
1594,test,packing,0,0,0.01868,0.071969
1594,test,price,0,0,0.003925,0.007979
1594,test,shipping,2,2,0.999181,0.000123
1594,test,smell,1,1,0.000492,0.998899
1594,test,stayingpower,0,0,0.001088,0.001407
1594,test,texture,0,0,0.000127,0.001654
1595,test,colour,0,0,0.000456,0.00911
1595,test,packing,0,0,0.000423,0.005997
1595,test,price,0,1,0.007774,0.978298
1595,test,shipping,0,0,0.004416,0.002658
1595,test,smell,0,0,1.9e-05,0.000648
1595,test,stayingpower,0,0,1.5e-05,0.000231
1595,test,texture,0,0,0.000145,0.00025
1596,test,colour,1,1,1.9e-05,0.999671
1596,test,packing,0,0,0.000295,0.00759
1596,test,price,0,0,0.000444,0.001948
1596,test,shipping,0,0,0.00039,0.004058
1596,test,smell,0,0,8.6e-05,0.002464
1596,test,stayingpower,0,0,0.001386,0.004477
1596,test,texture,0,0,0.0003,0.000938
1597,test,colour,1,1,0.00155,0.996857
1597,test,packing,1,1,0.020977,0.967126
1597,test,price,0,0,0.005979,0.036428
1597,test,shipping,1,1,0.006132,0.993139
1597,test,smell,2,2,0.993195,0.006486
1597,test,stayingpower,0,0,0.007101,0.025797
1597,test,texture,0,0,0.010391,0.008453
1598,test,colour,0,0,0.000999,0.021449
1598,test,packing,1,1,0.000401,0.998688
1598,test,price,0,0,0.000364,0.004659
1598,test,shipping,0,0,0.003524,0.01529
1598,test,smell,0,0,2.5e-05,0.000182
1598,test,stayingpower,0,0,1.7e-05,0.000318
1598,test,texture,0,0,0.000131,0.000386
1599,test,colour,0,0,0.000976,0.004271
1599,test,packing,0,1,0.000896,0.998879
1599,test,price,0,0,0.000472,0.005043
1599,test,shipping,0,0,0.011088,0.029585
1599,test,smell,0,0,9.7e-05,0.000178
1599,test,stayingpower,0,0,6.1e-05,0.000388
1599,test,texture,0,0,0.000288,0.000847
1600,test,colour,1,1,0.000948,0.998754
1600,test,packing,0,0,0.000919,0.00299
1600,test,price,0,0,0.004165,0.015455
1600,test,shipping,0,0,0.000709,0.003031
1600,test,smell,0,0,0.000878,0.002837
1600,test,stayingpower,0,0,0.061785,0.026239
1600,test,texture,2,2,0.987452,0.012229
1601,test,colour,1,1,0.000198,0.99968
1601,test,packing,1,1,0.005691,0.991311
1601,test,price,1,1,0.00283,0.993903
1601,test,shipping,0,0,0.021264,0.008743
1601,test,smell,0,0,0.002142,0.001568
1601,test,stayingpower,0,0,0.000874,0.002154
1601,test,texture,0,0,0.010107,0.004849
1602,test,colour,1,1,0.000286,0.999517
1602,test,packing,0,0,0.001379,0.008804
1602,test,price,0,0,0.003049,0.010787
1602,test,shipping,0,0,0.004091,0.015175
1602,test,smell,0,0,0.003349,0.001687
1602,test,stayingpower,0,0,0.013021,0.037892
1602,test,texture,2,2,0.997407,0.002409
1603,test,colour,0,0,0.003529,0.003895
1603,test,packing,0,0,0.002221,0.002568
1603,test,price,0,0,0.003152,0.009629
1603,test,shipping,1,1,0.236358,0.760067
1603,test,smell,0,0,4.1e-05,0.00022
1603,test,stayingpower,0,0,8.3e-05,0.000173
1603,test,texture,0,0,0.000105,0.000164
1604,test,colour,3,0,0.151303,0.075313
1604,test,packing,0,0,0.003717,0.007893
1604,test,price,0,0,0.007085,0.014417
1604,test,shipping,0,0,0.002708,0.002555
1604,test,smell,0,0,0.003285,0.00438
1604,test,stayingpower,1,2,0.811426,0.187849
1604,test,texture,3,2,0.832173,0.110961
1605,test,colour,0,0,0.000576,0.008238
1605,test,packing,1,1,0.000755,0.997984
1605,test,price,0,0,0.000301,0.005229
1605,test,shipping,0,0,0.003239,0.008481
1605,test,smell,0,0,3.7e-05,0.000177
1605,test,stayingpower,0,0,2.7e-05,0.000252
1605,test,texture,0,0,0.000143,0.000357
1606,test,colour,1,1,9e-05,0.999702
1606,test,packing,0,0,0.002874,0.019811
1606,test,price,1,1,0.004939,0.994048
1606,test,shipping,0,0,0.006437,0.005882
1606,test,smell,0,0,0.014898,0.015318
1606,test,stayingpower,0,0,0.008631,0.034672
1606,test,texture,2,2,0.978453,0.019387
1607,test,colour,0,0,0.03326,0.005586
1607,test,packing,0,0,0.006759,0.003131
1607,test,price,0,0,0.002909,0.00243
1607,test,shipping,0,0,0.002397,0.000483
1607,test,smell,0,0,0.000228,0.000613
1607,test,stayingpower,0,0,0.000801,0.000392
1607,test,texture,0,0,0.001686,0.000201
1608,test,colour,0,0,0.002097,0.004345
1608,test,packing,0,0,0.000289,0.002137
1608,test,price,0,0,0.000812,0.006364
1608,test,shipping,0,0,0.000154,0.000228
1608,test,smell,0,0,8.4e-05,0.002612
1608,test,stayingpower,0,0,0.001134,0.002949
1608,test,texture,1,1,0.000445,0.978083
1609,test,colour,1,1,0.000681,0.999251
1609,test,packing,0,0,6.1e-05,0.000957
1609,test,price,0,0,0.00032,0.000427
1609,test,shipping,0,0,0.000118,0.001032
1609,test,smell,0,0,0.00015,0.001701
1609,test,stayingpower,0,0,0.000428,0.001422
1609,test,texture,0,0,0.002253,0.0075
1610,test,colour,1,1,0.000107,0.999841
1610,test,packing,0,0,0.000565,0.019737
1610,test,price,0,0,0.000416,0.002638
1610,test,shipping,3,2,0.994246,0.004708
1610,test,smell,0,0,0.000649,0.002381
1610,test,stayingpower,0,0,0.002812,0.038378
1610,test,texture,1,1,0.003683,0.966371
1611,test,colour,1,1,0.000129,0.999284
1611,test,packing,0,0,0.007493,0.102
1611,test,price,0,0,0.001593,0.00647
1611,test,shipping,2,2,0.999167,0.000227
1611,test,smell,1,1,0.001287,0.992271
1611,test,stayingpower,0,0,0.000566,0.001924
1611,test,texture,0,0,0.000118,0.001074
1612,test,colour,0,0,0.014145,0.000931
1612,test,packing,2,2,0.996978,0.001958
1612,test,price,1,1,0.130674,0.864661
1612,test,shipping,0,2,0.535216,0.016748
1612,test,smell,0,0,0.023852,0.00512
1612,test,stayingpower,0,0,0.008622,0.000611
1612,test,texture,0,0,0.036865,0.000802
1613,test,colour,0,0,0.001333,0.0114
1613,test,packing,0,0,0.001853,0.028048
1613,test,price,0,0,0.00037,0.008435
1613,test,shipping,0,0,0.001563,0.002011
1613,test,smell,0,0,0.000458,0.002224
1613,test,stayingpower,3,1,0.002506,0.994176
1613,test,texture,3,1,0.010291,0.961809
1614,test,colour,0,0,0.001656,0.00105
1614,test,packing,0,0,0.000674,0.003431
1614,test,price,0,0,0.000546,0.000745
1614,test,shipping,0,0,0.000306,0.000293
1614,test,smell,0,0,4.2e-05,0.000839
1614,test,stayingpower,0,0,0.000151,0.000431
1614,test,texture,0,0,0.00025,0.000153
1615,test,colour,1,1,1.7e-05,0.999894
1615,test,packing,1,1,0.000754,0.993401
1615,test,price,0,0,0.000361,0.003455
1615,test,shipping,0,0,0.005736,0.013367
1615,test,smell,0,0,0.000418,0.00136
1615,test,stayingpower,0,0,0.000245,0.004795
1615,test,texture,0,0,0.000562,0.001506
1616,test,colour,0,0,0.00095,0.003733
1616,test,packing,0,0,0.00169,0.010364
1616,test,price,0,0,0.002221,0.006498
1616,test,shipping,0,0,0.001456,0.003087
1616,test,smell,0,0,1.9e-05,0.00023
1616,test,stayingpower,0,0,7.2e-05,0.00018
1616,test,texture,0,0,0.00048,0.000508
1617,test,colour,0,0,0.000459,0.041466
1617,test,packing,0,0,0.000185,0.011027
1617,test,price,0,0,0.000568,0.003383
1617,test,shipping,2,2,0.988764,0.010629
1617,test,smell,0,0,3e-05,0.000287
1617,test,stayingpower,0,0,3.4e-05,0.000797
1617,test,texture,0,0,0.000117,0.00069
1618,test,colour,1,1,2.5e-05,0.999819
1618,test,packing,0,0,7.1e-05,0.001401
1618,test,price,0,0,0.000385,0.00194
1618,test,shipping,0,0,0.000466,0.002303
1618,test,smell,0,0,4.7e-05,0.000799
1618,test,stayingpower,0,0,0.000418,0.00171
1618,test,texture,0,0,0.000101,0.000513
1619,test,colour,3,1,0.164548,0.835369
1619,test,packing,0,0,0.003249,0.005773
1619,test,price,1,1,0.013886,0.978867
1619,test,shipping,0,0,0.003262,0.001808
1619,test,smell,1,1,0.010833,0.983722
1619,test,stayingpower,0,0,0.002042,0.005778
1619,test,texture,0,0,0.00169,0.005604
1620,test,colour,0,0,0.033212,0.049344
1620,test,packing,1,1,0.005976,0.992668
1620,test,price,0,0,0.004405,0.015821
1620,test,shipping,1,1,0.0064,0.992681
1620,test,smell,2,2,0.988853,0.008136
1620,test,stayingpower,0,0,0.00054,0.006077
1620,test,texture,0,0,0.003773,0.002572
1621,test,colour,0,0,0.007739,0.027454
1621,test,packing,0,0,0.000985,0.003823
1621,test,price,0,0,0.002673,0.014293
1621,test,shipping,0,0,0.000786,0.001286
1621,test,smell,0,0,0.001224,0.002074
1621,test,stayingpower,0,0,0.009872,0.006489
1621,test,texture,1,1,0.021837,0.97789
1622,test,colour,1,1,2e-05,0.999213
1622,test,packing,1,0,0.000137,0.004414
1622,test,price,0,0,0.000387,0.001589
1622,test,shipping,0,0,0.000299,0.003326
1622,test,smell,0,0,3.4e-05,0.000413
1622,test,stayingpower,0,0,9e-05,0.001427
1622,test,texture,0,0,0.000239,0.001003
