chỉ số,split,khía cạnh,nhãn đúng,nhãn đoán,p(mã âm),p(mã dương)
0,val,colour,1,1,0.004256,0.993571
0,val,packing,0,0,0.003846,0.009771
0,val,price,1,1,0.01837,0.974684
0,val,shipping,0,0,0.016486,0.006823
0,val,smell,0,0,0.008254,0.024149
0,val,stayingpower,2,2,0.995402,0.004298
0,val,texture,0,0,0.056552,0.016494
1,val,colour,0,0,0.005727,0.04889
1,val,packing,0,0,0.005181,0.024506
1,val,price,1,1,0.003651,0.994263
1,val,shipping,0,0,0.037533,0.009007
1,val,smell,0,0,0.035822,0.054541
1,val,stayingpower,0,0,0.006035,0.026965
1,val,texture,3,2,0.927146,0.072476
2,val,colour,1,1,0.002261,0.995351
2,val,packing,0,0,0.000356,0.006076
2,val,price,0,0,0.000552,0.003627
2,val,shipping,1,1,0.000514,0.99849
2,val,smell,0,0,0.001114,0.002559
2,val,stayingpower,0,0,0.008308,0.017209
2,val,texture,0,0,0.002111,0.011486
3,val,colour,1,1,0.001115,0.998235
3,val,packing,0,0,0.003398,0.021241
3,val,price,0,0,0.002803,0.008552
3,val,shipping,0,0,0.014957,0.010413
3,val,smell,0,0,0.001978,0.01072
3,val,stayingpower,1,1,0.004659,0.994741
3,val,texture,1,1,0.016673,0.957126
4,val,colour,1,1,0.001036,0.998677
4,val,packing,1,1,0.000526,0.998215
4,val,price,0,0,0.001128,0.010886
4,val,shipping,1,1,0.000524,0.998837
4,val,smell,0,0,0.004363,0.014574
4,val,stayingpower,0,0,0.019841,0.057747
4,val,texture,0,0,0.021387,0.09034
5,val,colour,1,1,0.002279,0.993962
5,val,packing,1,1,0.002257,0.993004
5,val,price,0,0,0.001648,0.009394
5,val,shipping,1,1,0.002079,0.996465
5,val,smell,1,1,0.005655,0.99408
5,val,stayingpower,0,0,0.015512,0.025418
5,val,texture,0,0,0.006207,0.01779
6,val,colour,0,0,0.003195,0.000717
6,val,packing,0,0,0.001681,0.005493
6,val,price,0,0,0.001445,0.002676
6,val,shipping,0,0,0.004849,0.001179
6,val,smell,0,0,0.000787,0.003434
6,val,stayingpower,0,0,0.001804,0.004849
6,val,texture,0,0,0.001758,0.001873
7,val,colour,0,0,0.081625,0.126827
7,val,packing,0,0,0.014722,0.02656
7,val,price,1,1,0.022555,0.962522
7,val,shipping,2,2,0.999493,0.00043
7,val,smell,0,0,0.004132,0.004476
7,val,stayingpower,1,1,0.017988,0.937032
7,val,texture,1,1,0.025056,0.849622
8,val,colour,0,0,0.001408,0.000812
8,val,packing,1,1,0.001489,0.996581
8,val,price,0,0,0.001862,0.018526
8,val,shipping,0,0,0.031937,0.031203
8,val,smell,0,0,0.000902,0.003015
8,val,stayingpower,0,0,0.000806,0.006508
8,val,texture,0,0,0.002059,0.00413
9,val,colour,0,0,0.001685,0.002471
9,val,packing,0,0,0.000651,0.007062
9,val,price,0,0,0.001712,0.006025
9,val,shipping,0,0,0.001921,0.002542
9,val,smell,0,0,0.000279,0.002644
9,val,stayingpower,0,0,0.000612,0.001536
9,val,texture,0,0,0.000664,0.001221
10,val,colour,1,1,0.003303,0.972936
10,val,packing,0,0,0.001971,0.043896
10,val,price,0,0,0.001048,0.004594
10,val,shipping,0,0,0.001991,0.003421
10,val,smell,1,1,0.000661,0.998975
10,val,stayingpower,0,0,0.001382,0.003244
10,val,texture,0,0,0.000823,0.00299
11,val,colour,1,1,0.00048,0.998961
11,val,packing,0,0,0.002374,0.016215
11,val,price,0,0,0.004687,0.024589
11,val,shipping,0,0,0.005703,0.012407
11,val,smell,1,1,0.000558,0.999261
11,val,stayingpower,0,0,0.006348,0.027623
11,val,texture,1,1,0.002648,0.984685
12,val,colour,1,1,0.00118,0.997478
12,val,packing,0,0,0.005196,0.045097
12,val,price,1,1,0.003301,0.978795
12,val,shipping,2,1,0.002175,0.997697
12,val,smell,1,1,0.033275,0.939187
12,val,stayingpower,0,0,0.018113,0.058222
12,val,texture,0,0,0.004565,0.021002
13,val,colour,1,1,0.003303,0.991255
13,val,packing,0,0,0.027198,0.049337
13,val,price,0,0,0.008309,0.020755
13,val,shipping,0,2,0.761454,0.037054
13,val,smell,3,2,0.994776,0.005183
13,val,stayingpower,0,0,0.0227,0.119015
13,val,texture,0,0,0.228775,0.04948
14,val,colour,1,1,0.000718,0.999157
14,val,packing,0,0,0.002396,0.047344
14,val,price,0,0,0.001042,0.001853
14,val,shipping,0,0,0.003082,0.002578
14,val,smell,0,0,0.00061,0.002318
14,val,stayingpower,0,0,0.095479,0.098134
14,val,texture,2,2,0.924671,0.057605
15,val,colour,1,1,0.000415,0.9994
15,val,packing,0,0,0.000249,0.002509
15,val,price,0,0,0.001306,0.004825
15,val,shipping,0,0,0.003119,0.006865
15,val,smell,0,0,0.000429,0.001624
15,val,stayingpower,0,0,0.002841,0.016286
15,val,texture,0,0,0.001795,0.004344
16,val,colour,0,0,0.00908,0.014344
16,val,packing,0,0,0.007373,0.040063
16,val,price,0,0,0.006969,0.008029
16,val,shipping,2,2,0.999429,0.000429
16,val,smell,0,0,0.005007,0.016517
16,val,stayingpower,0,0,0.003869,0.043281
16,val,texture,1,1,0.037513,0.948961
17,val,colour,1,1,0.000762,0.998878
17,val,packing,0,0,0.000384,0.001409
17,val,price,1,1,0.00164,0.995134
17,val,shipping,0,0,0.003135,0.003014
17,val,smell,0,0,0.000796,0.004127
17,val,stayingpower,0,0,0.00733,0.014172
17,val,texture,0,0,0.007365,0.003759
18,val,colour,0,0,0.004849,0.022559
18,val,packing,0,0,0.000311,0.004648
18,val,price,0,0,0.001144,0.008039
18,val,shipping,1,1,0.000764,0.998441
18,val,smell,0,0,0.000491,0.004346
18,val,stayingpower,0,0,0.002095,0.00707
18,val,texture,0,0,0.000352,0.003942
19,val,colour,0,0,0.200722,0.038613
19,val,packing,0,0,0.070437,0.054266
19,val,price,1,1,0.027102,0.953606
19,val,shipping,2,2,0.99943,0.000245
19,val,smell,0,0,0.02086,0.028116
19,val,stayingpower,0,0,0.039246,0.021904
19,val,texture,2,2,0.622391,0.374142
20,val,colour,0,0,0.016637,0.204768
20,val,packing,0,0,0.00895,0.03066
20,val,price,1,1,0.017908,0.967312
20,val,shipping,2,2,0.999757,0.000134
20,val,smell,0,0,0.004617,0.010577
20,val,stayingpower,1,1,0.009239,0.962819
20,val,texture,0,0,0.009282,0.026956
21,val,colour,0,0,0.025798,0.027179
21,val,packing,0,0,0.001844,0.007559
21,val,price,0,0,0.001699,0.002293
21,val,shipping,0,0,0.004963,0.001633
21,val,smell,0,0,0.001155,0.004308
21,val,stayingpower,0,1,0.021891,0.973601
21,val,texture,0,1,0.090455,0.725868
22,val,colour,0,0,0.012447,0.00963
22,val,packing,0,0,0.007074,0.01118
22,val,price,0,0,0.004856,0.005322
22,val,shipping,2,2,0.999572,0.000309
22,val,smell,0,0,0.001593,0.003055
22,val,stayingpower,0,0,0.002439,0.010251
22,val,texture,0,0,0.003021,0.002596
23,val,colour,1,1,0.000531,0.999221
23,val,packing,0,0,0.000186,0.002176
23,val,price,0,0,0.001269,0.005319
23,val,shipping,0,0,0.002013,0.00505
23,val,smell,0,0,0.00028,0.001453
23,val,stayingpower,0,0,0.002691,0.013477
23,val,texture,0,0,0.001924,0.006827
24,val,colour,1,1,0.004951,0.978627
24,val,packing,0,0,0.015417,0.046572
24,val,price,1,1,0.005966,0.989073
24,val,shipping,0,0,0.021301,0.00956
24,val,smell,1,1,0.068265,0.910615
24,val,stayingpower,0,0,0.028327,0.027704
24,val,texture,2,2,0.998574,0.001226
25,val,colour,0,1,0.022339,0.871043
25,val,packing,0,0,0.000246,0.005093
25,val,price,0,0,0.000362,0.00147
25,val,shipping,0,0,0.000458,0.000666
25,val,smell,0,0,0.000153,0.002715
25,val,stayingpower,0,0,0.009113,0.209041
25,val,texture,0,1,0.010074,0.814199
26,val,colour,0,1,0.031931,0.67532
26,val,packing,0,0,0.002757,0.031585
26,val,price,0,0,0.00084,0.003129
26,val,shipping,0,0,0.004476,0.00287
26,val,smell,0,0,0.000462,0.003703
26,val,stayingpower,1,1,0.006929,0.990638
26,val,texture,1,1,0.014231,0.978931
27,val,colour,1,1,0.001715,0.992953
27,val,packing,1,1,0.000526,0.998922
27,val,price,0,0,0.000742,0.0065
27,val,shipping,1,1,0.000985,0.998503
27,val,smell,0,0,0.005299,0.009569
27,val,stayingpower,0,0,0.018167,0.078003
27,val,texture,0,0,0.014068,0.01121
28,val,colour,0,0,0.041973,0.033268
28,val,packing,0,0,0.041775,0.045201
28,val,price,0,1,0.021202,0.914568
28,val,shipping,0,0,0.047166,0.006126
28,val,smell,1,1,0.13823,0.854705
28,val,stayingpower,0,0,0.282014,0.063199
28,val,texture,3,2,0.995868,0.003921
29,val,colour,0,0,0.001949,0.015684
29,val,packing,0,0,0.000545,0.005266
29,val,price,1,1,0.004405,0.949818
29,val,shipping,1,1,0.004681,0.99487
29,val,smell,0,0,0.000423,0.006043
29,val,stayingpower,0,0,0.004056,0.009379
29,val,texture,0,0,0.000329,0.002379
30,val,colour,1,1,0.000628,0.998931
30,val,packing,1,1,0.000587,0.997662
30,val,price,0,0,0.001011,0.010071
30,val,shipping,1,1,0.000978,0.998282
30,val,smell,0,0,0.008264,0.013478
30,val,stayingpower,0,0,0.010769,0.037564
30,val,texture,0,0,0.00464,0.004427
31,val,colour,0,0,0.006193,0.030123
31,val,packing,0,0,0.000344,0.004645
31,val,price,0,0,0.001264,0.007825
31,val,shipping,1,1,0.000668,0.999126
31,val,smell,0,0,0.000926,0.008828
31,val,stayingpower,0,0,0.00713,0.012957
31,val,texture,0,0,0.000837,0.007889
32,val,colour,1,1,0.000426,0.99863
32,val,packing,0,0,0.001205,0.012919
32,val,price,0,0,0.003758,0.026896
32,val,shipping,0,0,0.004434,0.014904
32,val,smell,1,1,0.001194,0.997841
32,val,stayingpower,0,0,0.010043,0.047601
32,val,texture,1,1,0.001911,0.997266
33,val,colour,0,0,0.001107,0.000929
33,val,packing,0,0,0.00076,0.005825
33,val,price,0,0,0.002367,0.007587
33,val,shipping,0,0,0.003123,0.002969
33,val,smell,0,0,0.000214,0.001785
33,val,stayingpower,0,0,0.000703,0.002704
33,val,texture,0,0,0.00075,0.001484
34,val,colour,0,0,0.0038,0.004474
34,val,packing,1,1,0.001133,0.997991
34,val,price,0,0,0.00178,0.012281
34,val,shipping,1,1,0.005265,0.994103
34,val,smell,0,0,0.003963,0.006814
34,val,stayingpower,0,0,0.003141,0.016796
34,val,texture,0,0,0.001575,0.003771
35,val,colour,0,1,0.001392,0.992415
35,val,packing,0,0,0.003879,0.040437
35,val,price,1,1,0.002666,0.994394
35,val,shipping,2,2,0.998097,0.001871
35,val,smell,0,0,0.00181,0.006758
35,val,stayingpower,0,0,0.004884,0.03636
35,val,texture,0,0,0.010336,0.015357
36,val,colour,3,2,0.997613,0.001297
36,val,packing,0,0,0.100232,0.094626
36,val,price,0,0,0.012652,0.010753
36,val,shipping,0,0,0.016483,0.006237
36,val,smell,0,0,0.040555,0.005373
36,val,stayingpower,0,0,0.023606,0.007278
36,val,texture,2,2,0.967896,0.003204
37,val,colour,0,1,0.021907,0.960735
37,val,packing,1,1,0.066976,0.927782
37,val,price,1,1,0.004449,0.98991
37,val,shipping,2,2,0.999392,0.000559
37,val,smell,0,0,0.00992,0.00976
37,val,stayingpower,0,0,0.06224,0.039236
37,val,texture,0,0,0.226504,0.029352
38,val,colour,0,0,0.001158,0.002754
38,val,packing,0,0,0.002192,0.016999
38,val,price,0,0,0.003148,0.01851
38,val,shipping,0,0,0.002917,0.002384
38,val,smell,1,1,0.001387,0.997346
38,val,stayingpower,0,0,0.001942,0.005509
38,val,texture,0,0,0.001209,0.00482
39,val,colour,0,0,0.000959,0.002351
39,val,packing,0,0,0.000698,0.019391
39,val,price,0,0,0.002072,0.02301
39,val,shipping,0,0,0.002098,0.003243
39,val,smell,0,0,0.000246,0.002926
39,val,stayingpower,0,0,0.000534,0.002783
39,val,texture,0,0,0.000461,0.001265
40,val,colour,3,2,0.490633,0.294129
40,val,packing,0,0,0.006801,0.029776
40,val,price,0,0,0.001539,0.006009
40,val,shipping,1,1,0.001959,0.997098
40,val,smell,1,1,0.002097,0.997275
40,val,stayingpower,0,0,0.023591,0.01198
40,val,texture,0,0,0.000956,0.007943
41,val,colour,0,0,0.002773,0.004609
41,val,packing,0,0,0.001327,0.009539
41,val,price,1,1,0.002951,0.993927
41,val,shipping,0,0,0.007061,0.005532
41,val,smell,1,1,0.001329,0.996027
41,val,stayingpower,0,0,0.002891,0.014707
41,val,texture,1,1,0.002177,0.993858
42,val,colour,1,1,0.000322,0.999438
42,val,packing,0,0,0.00054,0.011085
42,val,price,0,0,0.002843,0.016157
42,val,shipping,0,0,0.006701,0.024219
42,val,smell,0,0,0.000478,0.005907
42,val,stayingpower,0,0,0.003188,0.039442
42,val,texture,1,1,0.002038,0.993196
43,val,colour,1,1,0.000712,0.999256
43,val,packing,0,0,0.000603,0.004197
43,val,price,0,0,0.000834,0.001859
43,val,shipping,0,0,0.003965,0.002357
43,val,smell,0,0,0.000615,0.002135
43,val,stayingpower,0,0,0.027086,0.043923
43,val,texture,0,0,0.156915,0.035052
44,val,colour,1,1,0.001028,0.998339
44,val,packing,0,0,0.000888,0.016174
44,val,price,0,0,0.001685,0.008621
44,val,shipping,0,0,0.00257,0.003252
44,val,smell,0,0,0.000717,0.002674
44,val,stayingpower,0,0,0.005966,0.010861
44,val,texture,0,2,0.913902,0.038837
45,val,colour,2,2,0.456592,0.447693
45,val,packing,0,0,0.004789,0.032229
45,val,price,0,0,0.016784,0.010625
45,val,shipping,0,0,0.010496,0.014929
45,val,smell,0,0,0.003166,0.013585
45,val,stayingpower,2,2,0.998548,0.001337
45,val,texture,1,1,0.027658,0.964921
46,val,colour,1,1,0.001012,0.997268
46,val,packing,0,0,0.000954,0.005739
46,val,price,0,0,0.00169,0.006768
46,val,shipping,0,0,0.002243,0.003513
46,val,smell,1,1,0.00098,0.998697
46,val,stayingpower,0,0,0.002547,0.006629
46,val,texture,0,0,0.001748,0.009352
47,val,colour,0,0,0.001948,0.003542
47,val,packing,1,1,0.002756,0.992651
47,val,price,1,1,0.000539,0.999249
47,val,shipping,0,0,0.142649,0.100924
47,val,smell,0,0,0.000895,0.009258
47,val,stayingpower,0,0,0.002245,0.003895
47,val,texture,0,0,0.003989,0.002196
48,val,colour,0,0,0.001063,0.009967
48,val,packing,0,0,0.001905,0.022763
48,val,price,1,1,0.000403,0.999372
48,val,shipping,3,1,0.00913,0.98408
48,val,smell,0,0,0.000551,0.008861
48,val,stayingpower,0,0,0.002453,0.011996
48,val,texture,0,0,0.000737,0.003955
49,val,colour,1,1,0.001412,0.996299
49,val,packing,1,1,0.000366,0.998103
49,val,price,0,0,0.000916,0.014559
49,val,shipping,1,1,0.00083,0.99869
49,val,smell,0,0,0.003898,0.009687
49,val,stayingpower,0,0,0.005066,0.027499
49,val,texture,0,0,0.002236,0.003768
50,val,colour,0,0,0.00325,0.006422
50,val,packing,1,1,0.000689,0.998556
50,val,price,0,0,0.001623,0.016741
50,val,shipping,1,1,0.002981,0.996362
50,val,smell,0,0,0.003219,0.006742
50,val,stayingpower,0,0,0.002732,0.012643
50,val,texture,0,0,0.00104,0.00391
51,val,colour,1,1,0.000966,0.997741
51,val,packing,0,0,0.000828,0.006691
51,val,price,1,1,0.000666,0.99851
51,val,shipping,0,0,0.004861,0.014449
51,val,smell,0,0,0.00053,0.004296
51,val,stayingpower,0,0,0.005315,0.02154
51,val,texture,0,0,0.002161,0.002645
52,val,colour,0,0,0.00241,0.001664
52,val,packing,0,0,0.001044,0.003454
52,val,price,0,0,0.005916,0.029486
52,val,shipping,0,0,0.004004,0.00128
52,val,smell,0,0,0.000293,0.001383
52,val,stayingpower,0,0,0.000825,0.001054
52,val,texture,0,0,0.001283,0.000558
53,val,colour,0,0,0.003544,0.005549
53,val,packing,1,1,0.001039,0.997237
53,val,price,0,0,0.002156,0.019109
53,val,shipping,1,1,0.002388,0.997089
53,val,smell,0,0,0.002777,0.006727
53,val,stayingpower,0,0,0.002409,0.012399
53,val,texture,0,0,0.001298,0.004241
54,val,colour,0,0,0.010845,0.03315
54,val,packing,1,1,0.001948,0.993942
54,val,price,0,0,0.001102,0.00813
54,val,shipping,0,0,0.01951,0.018646
54,val,smell,1,1,0.00294,0.986028
54,val,stayingpower,0,0,0.005431,0.024597
54,val,texture,1,1,0.002867,0.984369
55,val,colour,0,0,0.001918,0.009101
55,val,packing,1,1,0.002036,0.990043
55,val,price,1,1,0.000383,0.999196
55,val,shipping,1,1,0.008919,0.98915
55,val,smell,0,0,0.001162,0.007879
55,val,stayingpower,0,0,0.001947,0.008064
55,val,texture,0,0,0.001349,0.002456
56,val,colour,1,1,0.100351,0.897593
56,val,packing,0,0,0.025632,0.124474
56,val,price,1,1,0.002396,0.996019
56,val,shipping,0,0,0.009374,0.004952
56,val,smell,1,1,0.030783,0.960575
56,val,stayingpower,0,2,0.785646,0.16375
56,val,texture,1,2,0.920027,0.079443
57,val,colour,0,0,0.005022,0.011003
57,val,packing,0,0,0.000587,0.005929
57,val,price,0,0,0.001009,0.005462
57,val,shipping,1,1,0.001348,0.997831
57,val,smell,0,0,0.000357,0.00222
57,val,stayingpower,0,0,0.003146,0.005519
57,val,texture,0,0,0.000383,0.002797
58,val,colour,1,1,0.378167,0.621737
58,val,packing,0,0,0.002605,0.00366
58,val,price,0,0,0.005335,0.018192
58,val,shipping,0,0,0.001686,0.003336
58,val,smell,0,0,0.006783,0.002436
58,val,stayingpower,0,0,0.009404,0.045753
58,val,texture,0,0,0.028744,0.010322
59,val,colour,1,1,0.002415,0.994457
59,val,packing,0,0,0.017422,0.087974
59,val,price,0,0,0.011126,0.027859
59,val,shipping,0,1,0.034629,0.958273
59,val,smell,1,1,0.007377,0.990412
59,val,stayingpower,1,1,0.029249,0.965136
59,val,texture,0,0,0.008946,0.112511
60,val,colour,0,0,0.006062,0.096004
60,val,packing,0,0,0.000227,0.002623
60,val,price,0,0,0.000896,0.005416
60,val,shipping,0,0,0.000894,0.001324
60,val,smell,0,0,0.000129,0.00178
60,val,stayingpower,0,0,0.000799,0.003758
60,val,texture,0,0,0.00249,0.018519
61,val,colour,0,0,0.001125,0.001958
61,val,packing,0,0,0.000736,0.002968
61,val,price,1,1,0.003198,0.993265
61,val,shipping,0,0,0.005539,0.002222
61,val,smell,0,0,0.000654,0.009843
61,val,stayingpower,0,0,0.001226,0.003252
61,val,texture,0,0,0.001376,0.000965
62,val,colour,0,0,0.001061,0.004295
62,val,packing,0,0,0.00069,0.007194
62,val,price,0,0,0.001227,0.007369
62,val,shipping,0,0,0.006435,0.007193
62,val,smell,0,0,0.002185,0.093094
62,val,stayingpower,0,0,0.00103,0.014989
62,val,texture,1,1,0.007552,0.963313
63,val,colour,0,0,0.002123,0.000639
63,val,packing,0,0,0.002393,0.013204
63,val,price,0,0,0.002095,0.004002
63,val,shipping,0,0,0.003781,0.001223
63,val,smell,0,0,0.000515,0.002284
63,val,stayingpower,0,0,0.000695,0.00128
63,val,texture,0,0,0.001103,0.000726
64,val,colour,0,0,0.105616,0.113773
64,val,packing,0,0,0.002658,0.008799
64,val,price,1,1,0.001333,0.997882
64,val,shipping,0,0,0.009988,0.002739
64,val,smell,1,1,0.002752,0.989968
64,val,stayingpower,0,0,0.010103,0.030189
64,val,texture,1,1,0.023759,0.974765
65,val,colour,0,0,0.001746,0.005538
65,val,packing,0,0,0.000864,0.005652
65,val,price,1,1,0.000928,0.998412
65,val,shipping,0,0,0.007638,0.007036
65,val,smell,0,0,0.000462,0.010474
65,val,stayingpower,0,0,0.001054,0.003861
65,val,texture,0,0,0.001596,0.002231
66,val,colour,0,0,0.000953,0.002933
66,val,packing,1,1,0.001425,0.995811
66,val,price,1,1,0.000659,0.998423
66,val,shipping,1,1,0.041624,0.952168
66,val,smell,0,0,0.001479,0.008013
66,val,stayingpower,0,0,0.001755,0.010905
66,val,texture,0,0,0.001976,0.002776
67,val,colour,1,1,0.004774,0.988267
67,val,packing,0,0,0.017263,0.031741
67,val,price,0,0,0.002208,0.004142
67,val,shipping,0,0,0.010066,0.003215
67,val,smell,1,1,0.006163,0.993195
67,val,stayingpower,1,1,0.016382,0.98124
67,val,texture,0,0,0.014205,0.053407
68,val,colour,0,0,0.002185,0.011343
68,val,packing,0,0,0.001522,0.020176
68,val,price,1,1,0.000495,0.999242
68,val,shipping,1,1,0.003794,0.993919
68,val,smell,0,0,0.000626,0.0072
68,val,stayingpower,0,0,0.002177,0.009928
68,val,texture,0,0,0.000761,0.003478
69,val,colour,1,1,0.000377,0.998782
69,val,packing,0,0,0.001026,0.005282
69,val,price,0,0,0.002193,0.010586
69,val,shipping,0,0,0.002653,0.003671
69,val,smell,1,1,0.001334,0.998259
69,val,stayingpower,0,0,0.003715,0.015248
69,val,texture,0,0,0.001762,0.007287
70,val,colour,0,0,0.007015,0.014434
70,val,packing,1,1,0.004193,0.99094
70,val,price,0,0,0.003221,0.021031
70,val,shipping,3,2,0.999041,0.00085
70,val,smell,0,0,0.003625,0.005663
70,val,stayingpower,0,0,0.001984,0.015569
70,val,texture,0,0,0.001996,0.004638
71,val,colour,0,0,0.009994,0.048474
71,val,packing,0,0,0.001715,0.014076
71,val,price,0,0,0.00184,0.007405
71,val,shipping,0,0,0.008603,0.00263
71,val,smell,0,0,0.000429,0.001892
71,val,stayingpower,1,1,0.010022,0.986092
71,val,texture,3,1,0.055028,0.835674
72,val,colour,0,0,0.060468,0.010466
72,val,packing,0,0,0.007745,0.013488
72,val,price,0,0,0.004464,0.008901
72,val,shipping,0,0,0.013625,0.002195
72,val,smell,0,0,0.000369,0.001253
72,val,stayingpower,0,0,0.00314,0.015875
72,val,texture,1,1,0.061429,0.927321
73,val,colour,1,1,0.002968,0.996751
73,val,packing,1,1,0.009744,0.946823
73,val,price,0,0,0.002444,0.00709
73,val,shipping,0,0,0.042389,0.030022
73,val,smell,0,0,0.008483,0.01038
73,val,stayingpower,1,1,0.012051,0.983093
73,val,texture,0,0,0.013521,0.014227
74,val,colour,1,1,0.000619,0.998746
74,val,packing,0,0,0.001251,0.011183
74,val,price,0,0,0.001234,0.004105
74,val,shipping,0,0,0.00445,0.006465
74,val,smell,1,1,0.001281,0.998112
74,val,stayingpower,0,0,0.002464,0.005426
74,val,texture,0,0,0.001119,0.006896
75,val,colour,0,0,0.017971,0.272969
75,val,packing,0,0,0.028296,0.123263
75,val,price,0,0,0.009919,0.029203
75,val,shipping,2,2,0.999473,0.000356
75,val,smell,1,1,0.004586,0.99199
75,val,stayingpower,1,1,0.018734,0.955081
75,val,texture,1,1,0.003053,0.974382
76,val,colour,1,1,0.012089,0.982992
76,val,packing,0,0,0.021372,0.033036
76,val,price,0,0,0.019616,0.024873
76,val,shipping,0,0,0.061196,0.045592
76,val,smell,2,2,0.996984,0.002597
76,val,stayingpower,1,1,0.012408,0.980583
76,val,texture,0,0,0.215829,0.080017
77,val,colour,1,1,0.001549,0.997345
77,val,packing,1,1,0.000509,0.998418
77,val,price,0,0,0.004021,0.021884
77,val,shipping,0,0,0.040675,0.170056
77,val,smell,0,0,0.005955,0.035578
77,val,stayingpower,0,0,0.008369,0.042412
77,val,texture,1,1,0.005561,0.991163
78,val,colour,0,0,0.001896,0.007726
78,val,packing,0,0,0.002009,0.064648
78,val,price,0,0,0.000903,0.005212
78,val,shipping,0,0,0.015693,0.018039
78,val,smell,0,0,0.000582,0.022939
78,val,stayingpower,0,0,0.000572,0.005218
78,val,texture,1,1,0.001102,0.992253
79,val,colour,1,1,0.007147,0.986003
79,val,packing,0,0,0.099627,0.134262
79,val,price,0,0,0.021271,0.072496
79,val,shipping,2,2,0.955104,0.039444
79,val,smell,3,2,0.865105,0.134796
79,val,stayingpower,0,0,0.038675,0.175772
79,val,texture,0,2,0.929938,0.0161
80,val,colour,1,1,0.001902,0.997865
80,val,packing,0,0,0.00491,0.018728
80,val,price,0,0,0.005317,0.016816
80,val,shipping,0,0,0.02228,0.01546
80,val,smell,0,0,0.024106,0.028219
80,val,stayingpower,0,0,0.07414,0.024233
80,val,texture,2,2,0.997964,0.001274
81,val,colour,1,1,0.000635,0.998985
81,val,packing,0,0,0.00074,0.013593
81,val,price,0,0,0.004317,0.013538
81,val,shipping,0,0,0.004244,0.018714
81,val,smell,0,0,0.001694,0.022542
81,val,stayingpower,0,0,0.008419,0.056323
81,val,texture,1,1,0.001091,0.998337
82,val,colour,0,0,0.005876,0.00557
82,val,packing,0,0,0.00093,0.009748
82,val,price,0,0,0.001716,0.003472
82,val,shipping,0,0,0.005549,0.005747
82,val,smell,0,0,0.00042,0.007502
82,val,stayingpower,0,0,0.001861,0.004338
82,val,texture,1,1,0.004276,0.988005
83,val,colour,1,1,0.000441,0.998933
83,val,packing,0,0,0.000779,0.01883
83,val,price,0,0,0.003153,0.015321
83,val,shipping,0,0,0.004785,0.016951
83,val,smell,0,0,0.001158,0.018554
83,val,stayingpower,0,0,0.005856,0.029876
83,val,texture,1,1,0.001436,0.997717
84,val,colour,0,0,0.026331,0.000608
84,val,packing,0,0,0.06105,0.01338
84,val,price,0,0,0.005398,0.007362
84,val,shipping,0,2,0.710805,0.002579
84,val,smell,0,0,0.001786,0.002362
84,val,stayingpower,0,0,0.000839,0.000572
84,val,texture,0,0,0.015596,0.00342
85,val,colour,0,0,0.000963,0.004076
85,val,packing,0,0,0.000473,0.003371
85,val,price,1,1,0.001543,0.995979
85,val,shipping,0,0,0.00294,0.004476
85,val,smell,0,0,0.00039,0.007986
85,val,stayingpower,0,0,0.001067,0.007423
85,val,texture,0,0,0.001232,0.004941
86,val,colour,0,0,0.043557,0.025133
86,val,packing,0,0,0.004517,0.079706
86,val,price,0,0,0.001162,0.003233
86,val,shipping,0,0,0.001812,0.000992
86,val,smell,0,0,0.000831,0.003835
86,val,stayingpower,0,0,0.006736,0.018134
86,val,texture,1,2,0.693358,0.299121
87,val,colour,1,1,0.002334,0.996624
87,val,packing,0,0,0.002636,0.009022
87,val,price,0,0,0.003012,0.007569
87,val,shipping,2,2,0.999647,0.000225
87,val,smell,0,0,0.001631,0.003208
87,val,stayingpower,0,0,0.003691,0.034789
87,val,texture,0,0,0.010701,0.013375
88,val,colour,3,2,0.95382,0.021532
88,val,packing,0,0,0.003559,0.014235
88,val,price,0,0,0.002359,0.004929
88,val,shipping,0,0,0.01116,0.002692
88,val,smell,0,0,0.00167,0.011609
88,val,stayingpower,0,0,0.008082,0.013921
88,val,texture,1,1,0.001256,0.997953
89,val,colour,1,1,0.027873,0.97024
89,val,packing,0,0,0.00152,0.011771
89,val,price,1,1,0.001564,0.99556
89,val,shipping,1,1,0.004291,0.992044
89,val,smell,0,0,0.003709,0.011029
89,val,stayingpower,0,0,0.01475,0.062825
89,val,texture,1,1,0.005273,0.969119
90,val,colour,0,0,0.050167,0.077787
90,val,packing,1,1,0.01132,0.986788
90,val,price,0,0,0.012733,0.08201
90,val,shipping,1,1,0.016152,0.980716
90,val,smell,0,0,0.034341,0.058955
90,val,stayingpower,2,2,0.959949,0.021996
90,val,texture,2,2,0.972413,0.008434
91,val,colour,1,1,0.000505,0.998366
91,val,packing,0,0,0.000912,0.005705
91,val,price,0,0,0.003097,0.016366
91,val,shipping,0,0,0.003732,0.008224
91,val,smell,1,1,0.000898,0.998401
91,val,stayingpower,0,0,0.004366,0.015416
91,val,texture,1,1,0.001116,0.992771
92,val,colour,1,1,0.003714,0.990761
92,val,packing,0,0,0.00082,0.002444
92,val,price,1,1,0.001278,0.997189
92,val,shipping,0,0,0.001677,0.003501
92,val,smell,1,1,0.001578,0.996191
92,val,stayingpower,0,0,0.005687,0.013936
92,val,texture,0,0,0.00323,0.021658
93,val,colour,1,1,0.00909,0.977418
93,val,packing,1,1,0.017428,0.957999
93,val,price,0,0,0.007198,0.014895
93,val,shipping,0,0,0.013272,0.01908
93,val,smell,1,1,0.005216,0.988374
93,val,stayingpower,2,2,0.995197,0.003252
93,val,texture,0,0,0.024094,0.02954
94,val,colour,1,1,0.000693,0.998572
94,val,packing,0,0,0.000374,0.012982
94,val,price,0,0,0.001763,0.020935
94,val,shipping,1,1,0.000369,0.999046
94,val,smell,0,0,0.001453,0.007865
94,val,stayingpower,0,0,0.010208,0.014333
94,val,texture,0,0,0.000936,0.003463
95,val,colour,0,1,0.02739,0.637656
95,val,packing,0,0,0.002209,0.020215
95,val,price,0,0,0.001195,0.00782
95,val,shipping,1,1,0.001246,0.998165
95,val,smell,1,1,0.000851,0.999022
95,val,stayingpower,0,0,0.010927,0.016484
95,val,texture,0,0,0.001146,0.020493
96,val,colour,0,0,0.002312,0.019495
96,val,packing,0,0,0.000266,0.00237
96,val,price,0,0,0.001065,0.006074
96,val,shipping,0,0,0.001269,0.001818
96,val,smell,0,0,0.000366,0.003834
96,val,stayingpower,0,0,0.001097,0.003563
96,val,texture,0,0,0.000785,0.002127
97,val,colour,0,0,0.008256,0.022044
97,val,packing,0,0,0.001156,0.00581
97,val,price,0,0,0.003061,0.005939
97,val,shipping,0,0,0.003253,0.001889
97,val,smell,0,0,0.000616,0.006731
97,val,stayingpower,3,1,0.03943,0.950904
97,val,texture,3,1,0.01093,0.98254
98,val,colour,1,1,0.000703,0.997258
98,val,packing,0,0,0.001058,0.010599
98,val,price,1,1,0.001731,0.996424
98,val,shipping,0,0,0.009579,0.02603
98,val,smell,0,0,0.002293,0.026832
98,val,stayingpower,0,0,0.009687,0.0917
98,val,texture,1,1,0.001074,0.99816
99,val,colour,1,1,0.040482,0.958926
99,val,packing,0,0,0.002135,0.01434
99,val,price,0,0,0.005353,0.024511
99,val,shipping,0,0,0.003654,0.003668
99,val,smell,0,0,0.003731,0.004542
99,val,stayingpower,0,0,0.01153,0.030148
99,val,texture,1,2,0.608207,0.390885
100,val,colour,0,0,0.006559,0.004693
100,val,packing,0,0,0.001355,0.003597
100,val,price,0,0,0.002457,0.009911
100,val,shipping,0,0,0.004931,0.002375
100,val,smell,0,0,0.000409,0.002597
100,val,stayingpower,0,0,0.000582,0.00098
100,val,texture,0,0,0.003829,0.002165
101,val,colour,0,0,0.002048,0.014671
101,val,packing,0,0,0.000315,0.00328
101,val,price,0,0,0.001254,0.010092
101,val,shipping,0,0,0.001184,0.00216
101,val,smell,0,0,0.00028,0.00305
101,val,stayingpower,0,0,0.000897,0.003079
101,val,texture,0,0,0.000627,0.002285
102,val,colour,3,2,0.542686,0.382927
102,val,packing,0,0,0.063993,0.037194
102,val,price,1,1,0.025338,0.969542
102,val,shipping,2,2,0.998693,0.00124
102,val,smell,0,0,0.021895,0.021278
102,val,stayingpower,0,0,0.171014,0.116807
102,val,texture,2,2,0.877284,0.120107
103,val,colour,1,1,0.000465,0.999467
103,val,packing,0,0,0.000244,0.002647
103,val,price,0,0,0.001054,0.004039
103,val,shipping,0,0,0.001724,0.003549
103,val,smell,1,0,0.000906,0.004591
103,val,stayingpower,0,0,0.004052,0.017213
103,val,texture,0,0,0.00642,0.028025
104,val,colour,1,1,0.001266,0.997865
104,val,packing,0,0,0.000667,0.002893
104,val,price,0,0,0.003635,0.035421
104,val,shipping,0,0,0.000565,0.001643
104,val,smell,1,1,0.000966,0.998518
104,val,stayingpower,0,0,0.014428,0.019132
104,val,texture,0,0,0.011718,0.114059
105,val,colour,0,0,0.00261,0.012755
105,val,packing,0,0,0.000659,0.006005
105,val,price,0,0,0.003615,0.024774
105,val,shipping,0,0,0.001701,0.003703
105,val,smell,0,0,0.000457,0.006526
105,val,stayingpower,0,0,0.005395,0.043918
105,val,texture,0,1,0.021026,0.97591
106,val,colour,0,0,0.002367,0.007308
106,val,packing,0,0,0.000359,0.002257
106,val,price,0,0,0.001347,0.005093
106,val,shipping,0,0,0.001182,0.001184
106,val,smell,0,0,0.000248,0.002373
106,val,stayingpower,0,0,0.001271,0.005062
106,val,texture,0,0,0.000756,0.001742
107,val,colour,2,2,0.999635,0.000282
107,val,packing,0,0,0.035545,0.025461
107,val,price,0,0,0.0423,0.022506
107,val,shipping,0,0,0.023888,0.016044
107,val,smell,0,0,0.055452,0.009166
107,val,stayingpower,2,2,0.902177,0.093519
107,val,texture,0,0,0.227777,0.04832
108,val,colour,1,1,0.000594,0.998978
108,val,packing,0,0,0.000407,0.007358
108,val,price,0,0,0.000834,0.0041
108,val,shipping,1,1,0.000763,0.99839
108,val,smell,0,0,0.00143,0.004359
108,val,stayingpower,0,0,0.013469,0.033984
108,val,texture,0,0,0.001168,0.005145
109,val,colour,0,0,0.002541,0.0015
109,val,packing,0,0,0.001053,0.004482
109,val,price,0,0,0.001417,0.003986
109,val,shipping,0,0,0.003176,0.001277
109,val,smell,0,0,0.000718,0.003768
109,val,stayingpower,0,0,0.001504,0.004
109,val,texture,0,0,0.001069,0.001179
110,val,colour,0,0,0.001518,0.001184
110,val,packing,1,1,0.000703,0.997515
110,val,price,0,0,0.002775,0.031062
110,val,shipping,0,0,0.020057,0.032745
110,val,smell,0,0,0.00108,0.003548
110,val,stayingpower,0,0,0.000913,0.00883
110,val,texture,0,0,0.001965,0.004358
111,val,colour,1,1,0.001367,0.997547
111,val,packing,0,0,0.001947,0.010682
111,val,price,0,0,0.003065,0.008679
111,val,shipping,0,0,0.031016,0.01768
111,val,smell,0,0,0.00175,0.005344
111,val,stayingpower,1,1,0.006386,0.99226
111,val,texture,1,1,0.019117,0.964726
112,val,colour,3,1,0.095565,0.85748
112,val,packing,0,0,0.009727,0.007729
112,val,price,1,1,0.023806,0.967482
112,val,shipping,0,0,0.009604,0.01576
112,val,smell,2,2,0.991635,0.007524
112,val,stayingpower,2,2,0.974656,0.018225
112,val,texture,0,2,0.654987,0.028919
113,val,colour,0,0,0.006846,0.002199
113,val,packing,0,0,0.025968,0.012209
113,val,price,1,1,0.004339,0.994965
113,val,shipping,0,2,0.587516,0.024245
113,val,smell,0,0,0.000565,0.004078
113,val,stayingpower,0,0,0.001715,0.001306
113,val,texture,0,0,0.004159,0.001289
114,val,colour,1,1,0.000592,0.99897
114,val,packing,0,0,0.000318,0.006974
114,val,price,0,0,0.000927,0.004087
114,val,shipping,1,1,0.000639,0.998476
114,val,smell,0,0,0.00152,0.005034
114,val,stayingpower,0,0,0.008603,0.02064
114,val,texture,0,0,0.001371,0.005603
115,val,colour,1,1,0.003516,0.990533
115,val,packing,0,0,0.014226,0.037249
115,val,price,1,1,0.003643,0.993333
115,val,shipping,0,0,0.05097,0.009482
115,val,smell,1,1,0.022064,0.949509
115,val,stayingpower,1,1,0.005062,0.994512
115,val,texture,1,1,0.007906,0.982635
116,val,colour,1,1,0.004039,0.99393
116,val,packing,0,0,0.003571,0.009691
116,val,price,1,1,0.032733,0.938908
116,val,shipping,0,0,0.025485,0.015417
116,val,smell,0,0,0.003798,0.018658
116,val,stayingpower,2,2,0.996242,0.003375
116,val,texture,0,0,0.011742,0.006316
117,val,colour,1,1,0.008379,0.979119
117,val,packing,1,1,0.045828,0.862524
117,val,price,1,1,0.00912,0.988287
117,val,shipping,0,0,0.034076,0.013269
117,val,smell,0,0,0.11246,0.205723
117,val,stayingpower,2,2,0.966056,0.020506
117,val,texture,2,2,0.998651,0.00092
118,val,colour,0,0,0.003796,0.003906
118,val,packing,1,1,0.000878,0.998336
118,val,price,0,0,0.002265,0.016088
118,val,shipping,1,1,0.003563,0.995679
118,val,smell,0,0,0.004063,0.007192
118,val,stayingpower,0,0,0.003598,0.022731
118,val,texture,0,0,0.002006,0.007253
119,val,colour,0,0,0.038364,0.097464
119,val,packing,0,1,0.023192,0.960997
119,val,price,0,0,0.012216,0.041207
119,val,shipping,2,2,0.998909,0.001037
119,val,smell,0,0,0.033248,0.047536
119,val,stayingpower,1,1,0.04515,0.894067
119,val,texture,1,1,0.020653,0.938645
120,val,colour,1,1,0.004712,0.994394
120,val,packing,0,0,0.003553,0.030825
120,val,price,0,0,0.00641,0.013288
120,val,shipping,0,0,0.051649,0.016933
120,val,smell,0,0,0.007055,0.022964
120,val,stayingpower,0,0,0.024628,0.045668
120,val,texture,1,2,0.689378,0.310017
121,val,colour,0,0,0.001099,0.002943
121,val,packing,0,0,0.000595,0.004118
121,val,price,0,0,0.001891,0.016265
121,val,shipping,0,0,0.002387,0.001241
121,val,smell,0,0,0.000366,0.003594
121,val,stayingpower,0,0,0.002804,0.018989
121,val,texture,0,0,0.00086,0.001889
122,val,colour,3,2,0.986983,0.01088
122,val,packing,0,0,0.021037,0.049687
122,val,price,0,0,0.008787,0.014686
122,val,shipping,0,0,0.007791,0.015136
122,val,smell,0,0,0.004081,0.003206
122,val,stayingpower,2,2,0.977763,0.017388
122,val,texture,2,2,0.974894,0.019059
123,val,colour,0,0,0.012989,0.105488
123,val,packing,0,0,0.003312,0.058266
123,val,price,0,0,0.00205,0.00621
123,val,shipping,1,1,0.009082,0.98884
123,val,smell,0,0,0.003435,0.028099
123,val,stayingpower,1,1,0.010553,0.986987
123,val,texture,1,1,0.001894,0.987236
124,val,colour,1,1,0.003705,0.995266
124,val,packing,0,0,0.045724,0.028935
124,val,price,0,0,0.011332,0.104856
124,val,shipping,3,2,0.98256,0.017061
124,val,smell,0,0,0.061156,0.05682
124,val,stayingpower,2,2,0.60298,0.100939
124,val,texture,2,2,0.99483,0.003343
125,val,colour,1,1,0.00045,0.998849
125,val,packing,0,0,0.000187,0.005498
125,val,price,0,0,0.000837,0.005166
125,val,shipping,0,0,0.004027,0.028443
125,val,smell,0,0,0.000305,0.002319
125,val,stayingpower,0,0,0.001579,0.00605
125,val,texture,0,0,0.000568,0.001774
126,val,colour,1,1,0.001393,0.989058
126,val,packing,0,0,0.000397,0.003568
126,val,price,1,1,0.001136,0.997405
126,val,shipping,0,0,0.002496,0.007927
126,val,smell,0,0,0.001373,0.028222
126,val,stayingpower,0,0,0.004616,0.028364
126,val,texture,1,1,0.003006,0.990773
127,val,colour,1,2,0.974072,0.022141
127,val,packing,0,1,0.047084,0.905967
127,val,price,0,0,0.003813,0.01015
127,val,shipping,2,2,0.994754,0.004745
127,val,smell,0,0,0.009854,0.00295
127,val,stayingpower,0,0,0.002002,0.011008
127,val,texture,0,0,0.010467,0.01162
128,val,colour,1,1,0.000575,0.999347
128,val,packing,0,0,0.000227,0.002497
128,val,price,0,0,0.001519,0.009055
128,val,shipping,0,0,0.001605,0.004979
128,val,smell,0,0,0.000731,0.004843
128,val,stayingpower,0,0,0.004892,0.015059
128,val,texture,0,0,0.002806,0.009975
129,val,colour,1,1,0.000379,0.99931
129,val,packing,0,0,0.000369,0.007922
129,val,price,0,0,0.001769,0.016344
129,val,shipping,1,1,0.000436,0.999133
129,val,smell,0,0,0.001464,0.00608
129,val,stayingpower,0,0,0.017292,0.033207
129,val,texture,0,0,0.002763,0.012905
130,val,colour,0,0,0.002439,0.051002
130,val,packing,0,0,0.000545,0.017145
130,val,price,0,0,0.002247,0.011919
130,val,shipping,0,0,0.005442,0.0086
130,val,smell,0,0,0.000288,0.00469
130,val,stayingpower,0,0,0.001876,0.033227
130,val,texture,1,1,0.002971,0.995399
131,val,colour,2,2,0.995254,0.002835
131,val,packing,0,0,0.0715,0.026452
131,val,price,0,0,0.012394,0.009112
131,val,shipping,2,2,0.998328,0.000941
131,val,smell,0,0,0.011102,0.002334
131,val,stayingpower,0,0,0.00643,0.012755
131,val,texture,0,0,0.03968,0.005736
132,val,colour,1,1,0.003935,0.991677
132,val,packing,0,0,0.014952,0.060291
132,val,price,0,0,0.003741,0.011142
132,val,shipping,3,2,0.958986,0.040586
132,val,smell,1,1,0.00307,0.996768
132,val,stayingpower,0,0,0.014284,0.035978
132,val,texture,0,0,0.009334,0.067026
133,val,colour,0,0,0.003221,0.020481
133,val,packing,0,0,0.000509,0.009878
133,val,price,0,0,0.001535,0.013401
133,val,shipping,1,1,0.000894,0.998906
133,val,smell,0,0,0.00047,0.003311
133,val,stayingpower,0,0,0.002733,0.009366
133,val,texture,0,0,0.000378,0.005308
134,val,colour,1,1,0.00119,0.997575
134,val,packing,0,0,0.000178,0.001604
134,val,price,0,0,0.001158,0.004841
134,val,shipping,0,0,0.001496,0.002626
134,val,smell,0,0,0.000312,0.002032
134,val,stayingpower,0,0,0.00341,0.008191
134,val,texture,0,0,0.001267,0.001392
135,val,colour,1,1,0.001021,0.991824
135,val,packing,0,0,0.00087,0.028964
135,val,price,0,0,0.001241,0.005727
135,val,shipping,1,1,0.005641,0.992652
135,val,smell,0,0,0.003876,0.027648
135,val,stayingpower,0,0,0.004778,0.049627
135,val,texture,1,1,0.000658,0.997262
136,val,colour,0,0,0.00123,0.009357
136,val,packing,0,0,0.002079,0.044763
136,val,price,1,1,0.000867,0.997645
136,val,shipping,1,1,0.003385,0.995767
136,val,smell,0,0,0.000458,0.006314
136,val,stayingpower,0,0,0.001655,0.007366
136,val,texture,0,0,0.000349,0.002168
137,val,colour,0,0,0.001821,0.027006
137,val,packing,0,0,0.000337,0.007936
137,val,price,0,0,0.002439,0.012035
137,val,shipping,0,0,0.005352,0.02491
137,val,smell,0,0,0.000197,0.00297
137,val,stayingpower,0,0,0.001135,0.009326
137,val,texture,1,1,0.001275,0.983111
138,val,colour,0,0,0.006349,0.033138
138,val,packing,0,0,0.028174,0.228106
138,val,price,0,0,0.005978,0.048072
138,val,shipping,3,2,0.964326,0.031565
138,val,smell,0,0,0.003099,0.014521
138,val,stayingpower,1,1,0.005805,0.986539
138,val,texture,1,1,0.002597,0.988988
139,val,colour,3,2,0.938908,0.059071
139,val,packing,0,0,0.086387,0.071435
139,val,price,1,1,0.014938,0.979001
139,val,shipping,2,2,0.998138,0.001088
139,val,smell,0,0,0.031467,0.010758
139,val,stayingpower,1,1,0.086717,0.881019
139,val,texture,2,2,0.804518,0.125226
140,val,colour,0,1,0.005579,0.987297
140,val,packing,0,0,0.002845,0.015894
140,val,price,0,0,0.007694,0.006637
140,val,shipping,0,0,0.007025,0.007434
140,val,smell,0,0,0.002679,0.00867
140,val,stayingpower,3,2,0.934519,0.064329
140,val,texture,1,1,0.002661,0.99578
141,val,colour,1,1,0.000568,0.999184
141,val,packing,0,0,0.002794,0.026574
141,val,price,0,0,0.00357,0.006835
141,val,shipping,1,1,0.005265,0.993283
141,val,smell,0,0,0.004097,0.010289
141,val,stayingpower,1,1,0.011074,0.985835
141,val,texture,0,0,0.012313,0.050624
142,val,colour,1,1,0.000382,0.999254
142,val,packing,0,0,0.000832,0.006614
142,val,price,1,1,0.00108,0.996899
142,val,shipping,1,1,0.002039,0.992256
142,val,smell,0,0,0.001274,0.007034
142,val,stayingpower,0,0,0.0133,0.024029
142,val,texture,0,0,0.004675,0.012484
143,val,colour,1,1,0.002916,0.994743
143,val,packing,1,1,0.000715,0.997318
143,val,price,0,0,0.001762,0.015103
143,val,shipping,1,1,0.002844,0.996336
143,val,smell,0,0,0.012599,0.062471
143,val,stayingpower,0,0,0.020156,0.088066
143,val,texture,1,1,0.003092,0.993497
144,val,colour,3,1,0.029332,0.931575
144,val,packing,0,0,0.020523,0.034572
144,val,price,1,1,0.012038,0.955475
144,val,shipping,2,2,0.995583,0.00123
144,val,smell,0,0,0.092005,0.025931
144,val,stayingpower,1,1,0.053139,0.902631
144,val,texture,2,2,0.998019,0.0015
145,val,colour,1,1,0.031019,0.938835
145,val,packing,0,0,0.161197,0.094027
145,val,price,1,1,0.017119,0.970869
145,val,shipping,2,2,0.998426,0.000991
145,val,smell,2,2,0.986515,0.011075
145,val,stayingpower,0,0,0.164213,0.223591
145,val,texture,2,2,0.936805,0.054297
146,val,colour,1,1,0.00465,0.991697
146,val,packing,0,0,0.01604,0.034735
146,val,price,0,0,0.011018,0.024372
146,val,shipping,0,0,0.009479,0.004338
146,val,smell,1,1,0.00878,0.989559
146,val,stayingpower,2,2,0.996587,0.002167
146,val,texture,0,0,0.138047,0.119818
147,val,colour,0,0,0.005309,0.028704
147,val,packing,0,0,0.001526,0.002829
147,val,price,1,1,0.005452,0.991363
147,val,shipping,2,2,0.996884,0.000438
147,val,smell,0,0,0.001459,0.004457
147,val,stayingpower,0,0,0.002121,0.009139
147,val,texture,0,0,0.006328,0.002418
148,val,colour,1,1,0.000558,0.998861
148,val,packing,0,0,0.000423,0.002075
148,val,price,1,1,0.000848,0.998293
148,val,shipping,0,0,0.003269,0.004658
148,val,smell,0,0,0.001099,0.005448
148,val,stayingpower,0,0,0.004884,0.024985
148,val,texture,0,0,0.007034,0.007777
149,val,colour,0,0,0.040268,0.004848
149,val,packing,2,2,0.975086,0.021376
149,val,price,0,0,0.015354,0.010231
149,val,shipping,1,1,0.053817,0.942001
149,val,smell,0,0,0.029067,0.009886
149,val,stayingpower,0,0,0.03578,0.007039
149,val,texture,0,0,0.020863,0.005299
150,val,colour,1,1,0.001198,0.998141
150,val,packing,0,0,0.000291,0.00435
150,val,price,0,0,0.000961,0.004522
150,val,shipping,1,1,0.000548,0.99837
150,val,smell,0,0,0.001254,0.004227
150,val,stayingpower,0,0,0.016328,0.02364
150,val,texture,0,0,0.001538,0.003759
151,val,colour,0,0,0.004832,0.025413
151,val,packing,0,0,0.000317,0.004535
151,val,price,0,0,0.002046,0.017672
151,val,shipping,1,1,0.000534,0.999243
151,val,smell,0,0,0.000805,0.006864
151,val,stayingpower,0,0,0.004032,0.011005
151,val,texture,0,0,0.000411,0.004716
152,val,colour,0,0,0.003876,0.020093
152,val,packing,0,0,0.001666,0.016088
152,val,price,0,0,0.007713,0.021936
152,val,shipping,2,2,0.999653,0.000276
152,val,smell,0,0,0.001091,0.002679
152,val,stayingpower,0,0,0.000927,0.011335
152,val,texture,0,0,0.001301,0.006898
153,val,colour,0,0,0.001481,0.003276
153,val,packing,0,0,0.000508,0.004816
153,val,price,0,0,0.00202,0.007984
153,val,shipping,0,0,0.002143,0.001963
153,val,smell,0,0,0.000296,0.002383
153,val,stayingpower,0,0,0.000665,0.003733
153,val,texture,0,0,0.000481,0.001134
154,val,colour,2,2,0.982364,0.012319
154,val,packing,0,0,0.005241,0.013176
154,val,price,1,1,0.000887,0.998978
154,val,shipping,0,0,0.010653,0.00692
154,val,smell,0,0,0.010116,0.005376
154,val,stayingpower,0,0,0.006882,0.013457
154,val,texture,0,0,0.0199,0.003418
155,val,colour,0,0,0.005332,0.0011
155,val,packing,0,0,0.002237,0.004698
155,val,price,0,0,0.001433,0.001858
155,val,shipping,0,0,0.030754,0.002649
155,val,smell,0,0,0.000446,0.001384
155,val,stayingpower,0,0,0.004307,0.011263
155,val,texture,0,0,0.00331,0.001217
156,val,colour,0,0,0.059422,0.069379
156,val,packing,0,0,0.004995,0.022068
156,val,price,1,1,0.005437,0.992233
156,val,shipping,0,0,0.018018,0.007084
156,val,smell,2,2,0.991476,0.002354
156,val,stayingpower,0,0,0.015435,0.091847
156,val,texture,1,1,0.053227,0.90411
157,val,colour,1,1,0.000725,0.998172
157,val,packing,0,0,0.000543,0.003319
157,val,price,0,0,0.002751,0.017606
157,val,shipping,0,0,0.001463,0.002992
157,val,smell,1,1,0.00124,0.997851
157,val,stayingpower,0,0,0.002267,0.004352
157,val,texture,0,0,0.001048,0.008742
158,val,colour,0,0,0.003322,0.018785
158,val,packing,0,0,0.001714,0.025749
158,val,price,0,0,0.001808,0.007842
158,val,shipping,0,0,0.004473,0.003937
158,val,smell,0,0,0.000555,0.009769
158,val,stayingpower,0,0,0.007895,0.022979
158,val,texture,1,1,0.013697,0.98557
159,val,colour,0,0,0.011142,0.028882
159,val,packing,1,1,0.001663,0.996035
159,val,price,0,0,0.002723,0.020011
159,val,shipping,0,0,0.079238,0.029824
159,val,smell,0,0,0.001406,0.003692
159,val,stayingpower,1,1,0.004819,0.975039
159,val,texture,1,0,0.023847,0.292487
160,val,colour,1,1,0.006304,0.990306
160,val,packing,0,0,0.014833,0.047081
160,val,price,0,0,0.01864,0.027373
160,val,shipping,0,0,0.020729,0.065764
160,val,smell,2,2,0.900969,0.096428
160,val,stayingpower,2,2,0.988902,0.010065
160,val,texture,0,2,0.84648,0.03858
161,val,colour,0,0,0.001621,0.012839
161,val,packing,0,0,0.00088,0.054511
161,val,price,0,0,0.000681,0.006197
161,val,shipping,1,1,0.006639,0.989874
161,val,smell,0,0,0.000232,0.001216
161,val,stayingpower,0,0,0.000497,0.004801
161,val,texture,0,0,0.000163,0.002842
162,val,colour,3,2,0.961448,0.023586
162,val,packing,0,0,0.003083,0.001716
162,val,price,0,0,0.001413,0.003514
162,val,shipping,0,0,0.001731,0.00041
162,val,smell,0,0,0.002411,0.002059
162,val,stayingpower,0,0,0.001352,0.003479
162,val,texture,0,0,0.039378,0.00351
163,val,colour,1,1,0.000404,0.998869
163,val,packing,0,0,0.000435,0.007676
163,val,price,0,0,0.00311,0.012455
163,val,shipping,0,0,0.006487,0.013127
163,val,smell,0,0,0.00188,0.03602
163,val,stayingpower,0,0,0.002629,0.030276
163,val,texture,0,1,0.003473,0.99432
164,val,colour,0,0,0.001238,0.01264
164,val,packing,0,0,0.000659,0.004026
164,val,price,1,1,0.000642,0.999022
164,val,shipping,0,0,0.004468,0.01004
164,val,smell,0,0,0.000437,0.010807
164,val,stayingpower,0,0,0.002149,0.010227
164,val,texture,0,0,0.001914,0.005443
165,val,colour,2,2,0.998205,0.001295
165,val,packing,0,0,0.00708,0.006097
165,val,price,0,0,0.006775,0.028972
165,val,shipping,0,0,0.003416,0.001943
165,val,smell,0,0,0.003179,0.000779
165,val,stayingpower,0,0,0.004091,0.006732
165,val,texture,0,0,0.010614,0.002197
166,val,colour,0,0,0.000956,0.002146
166,val,packing,0,0,0.000334,0.004376
166,val,price,0,0,0.00123,0.005358
166,val,shipping,0,0,0.00188,0.001821
166,val,smell,0,0,0.000212,0.003397
166,val,stayingpower,0,0,0.000466,0.002448
166,val,texture,0,0,0.000781,0.003838
167,val,colour,0,0,0.003685,0.001769
167,val,packing,0,0,0.000913,0.008913
167,val,price,0,0,0.001085,0.006267
167,val,shipping,0,0,0.005395,0.002226
167,val,smell,0,0,0.000287,0.001618
167,val,stayingpower,0,0,0.000731,0.001977
167,val,texture,0,0,0.000547,0.000937
168,val,colour,1,1,0.000615,0.999118
168,val,packing,0,0,0.000355,0.005497
168,val,price,0,0,0.001129,0.005171
168,val,shipping,1,1,0.000661,0.998682
168,val,smell,0,0,0.001818,0.004779
168,val,stayingpower,0,0,0.015505,0.02956
168,val,texture,0,0,0.002205,0.009439
169,val,colour,1,1,0.000864,0.998917
169,val,packing,0,0,0.002126,0.009903
169,val,price,0,0,0.005692,0.010094
169,val,shipping,0,0,0.012825,0.012157
169,val,smell,0,0,0.002341,0.011751
169,val,stayingpower,1,1,0.006013,0.991814
169,val,texture,1,1,0.008781,0.956443
170,val,colour,0,0,0.003903,0.005236
170,val,packing,1,1,0.000817,0.998308
170,val,price,0,0,0.001971,0.01425
170,val,shipping,1,1,0.003104,0.996238
170,val,smell,0,0,0.002649,0.00564
170,val,stayingpower,0,0,0.002978,0.013805
170,val,texture,0,0,0.001452,0.005516
171,val,colour,1,1,0.000791,0.999011
171,val,packing,0,0,0.000234,0.002277
171,val,price,0,0,0.000793,0.002646
171,val,shipping,0,0,0.002339,0.004303
171,val,smell,0,0,0.000734,0.004049
171,val,stayingpower,0,0,0.002672,0.009067
171,val,texture,0,0,0.00142,0.003957
172,val,colour,1,1,0.002088,0.997109
172,val,packing,0,0,0.005951,0.016064
172,val,price,0,0,0.003948,0.004196
172,val,shipping,2,2,0.995398,0.002602
172,val,smell,0,0,0.003062,0.006174
172,val,stayingpower,2,2,0.946207,0.048934
172,val,texture,0,0,0.017249,0.013042
173,val,colour,0,0,0.016429,0.067634
173,val,packing,0,0,0.026722,0.054162
173,val,price,0,0,0.005224,0.015444
173,val,shipping,0,0,0.026177,0.004342
173,val,smell,1,1,0.007539,0.989596
173,val,stayingpower,0,1,0.017666,0.979924
173,val,texture,0,0,0.00463,0.018791
174,val,colour,0,0,0.001716,0.001741
174,val,packing,1,1,0.000744,0.997947
174,val,price,0,0,0.001742,0.018855
174,val,shipping,0,0,0.030848,0.054499
174,val,smell,0,0,0.00125,0.003926
174,val,stayingpower,0,0,0.001017,0.010852
174,val,texture,0,0,0.002587,0.006189
175,val,colour,0,0,0.003969,0.005789
175,val,packing,0,0,0.00112,0.003886
175,val,price,1,1,0.00113,0.998659
175,val,shipping,0,0,0.012666,0.005959
175,val,smell,0,0,0.001957,0.026273
175,val,stayingpower,0,0,0.001896,0.00674
175,val,texture,0,0,0.004616,0.004817
176,val,colour,1,1,0.009957,0.975606
176,val,packing,1,1,0.012167,0.977057
176,val,price,1,1,0.004244,0.959475
176,val,shipping,1,1,0.07051,0.906887
176,val,smell,1,1,0.019401,0.971735
176,val,stayingpower,1,1,0.03092,0.967848
176,val,texture,0,0,0.021568,0.136284
177,val,colour,1,1,0.003831,0.993859
177,val,packing,0,0,0.001308,0.007578
177,val,price,0,0,0.002356,0.004657
177,val,shipping,0,0,0.008214,0.006255
177,val,smell,0,0,0.001665,0.008759
177,val,stayingpower,0,1,0.013615,0.983016
177,val,texture,1,1,0.00501,0.992688
178,val,colour,0,0,0.006873,0.02721
178,val,packing,1,1,0.001627,0.994679
178,val,price,1,1,0.000994,0.998226
178,val,shipping,1,1,0.017984,0.980373
178,val,smell,0,0,0.00484,0.043322
178,val,stayingpower,0,0,0.01356,0.094552
178,val,texture,1,1,0.007479,0.982953
179,val,colour,3,1,0.291756,0.51221
179,val,packing,1,1,0.001823,0.995392
179,val,price,0,0,0.00053,0.003799
179,val,shipping,0,0,0.004008,0.00814
179,val,smell,0,0,0.001299,0.002416
179,val,stayingpower,0,0,0.001797,0.004281
179,val,texture,0,0,0.003211,0.001309
180,val,colour,1,1,0.000255,0.999614
180,val,packing,0,0,0.00062,0.003993
180,val,price,1,1,0.000917,0.997751
180,val,shipping,0,0,0.004578,0.009995
180,val,smell,0,0,0.001485,0.008066
180,val,stayingpower,0,0,0.008589,0.028482
180,val,texture,0,0,0.004277,0.005836
181,val,colour,0,0,0.002276,0.004613
181,val,packing,0,0,0.000472,0.002529
181,val,price,0,0,0.001162,0.002949
181,val,shipping,0,0,0.001586,0.001687
181,val,smell,0,0,0.000315,0.002491
181,val,stayingpower,0,0,0.001405,0.005111
181,val,texture,0,0,0.001066,0.002838
182,val,colour,1,1,0.000569,0.999258
182,val,packing,0,0,0.000321,0.005038
182,val,price,0,0,0.001233,0.004383
182,val,shipping,1,1,0.00093,0.998336
182,val,smell,0,0,0.003187,0.012348
182,val,stayingpower,0,0,0.020121,0.020344
182,val,texture,0,0,0.003537,0.009423
183,val,colour,0,0,0.003204,0.048518
183,val,packing,0,0,0.002035,0.022191
183,val,price,0,0,0.002695,0.019547
183,val,shipping,0,0,0.003878,0.004784
183,val,smell,1,1,0.000331,0.999313
183,val,stayingpower,0,0,0.003735,0.024721
183,val,texture,1,1,0.001321,0.996464
184,val,colour,0,0,0.001153,0.002225
184,val,packing,0,0,0.000538,0.007441
184,val,price,0,0,0.001332,0.006279
184,val,shipping,0,0,0.001532,0.002727
184,val,smell,0,0,0.000357,0.003735
184,val,stayingpower,0,0,0.00102,0.003972
184,val,texture,0,0,0.000695,0.002025
185,val,colour,0,0,0.016989,0.136096
185,val,packing,0,1,0.005515,0.992659
185,val,price,0,0,0.003869,0.01719
185,val,shipping,1,1,0.045638,0.947292
185,val,smell,1,1,0.00916,0.988577
185,val,stayingpower,1,1,0.038603,0.951491
185,val,texture,0,0,0.007178,0.057859
186,val,colour,1,1,0.010948,0.980678
186,val,packing,0,0,0.084092,0.049712
186,val,price,0,0,0.01075,0.055377
186,val,shipping,2,2,0.998007,0.001162
186,val,smell,1,1,0.034807,0.963471
186,val,stayingpower,0,0,0.01538,0.044857
186,val,texture,2,2,0.969971,0.010543
187,val,colour,0,0,0.001489,0.001335
187,val,packing,0,0,0.001096,0.006225
187,val,price,0,0,0.00093,0.003273
187,val,shipping,0,0,0.003619,0.001477
187,val,smell,0,0,0.000438,0.002874
187,val,stayingpower,0,0,0.001174,0.004302
187,val,texture,0,0,0.000754,0.000929
188,val,colour,1,1,0.008829,0.985543
188,val,packing,1,1,0.00444,0.992412
188,val,price,0,0,0.003074,0.008521
188,val,shipping,0,0,0.178619,0.045636
188,val,smell,0,0,0.016191,0.027711
188,val,stayingpower,1,1,0.005028,0.992932
188,val,texture,0,1,0.091632,0.606269
189,val,colour,1,1,0.009649,0.986988
189,val,packing,0,0,0.016675,0.024301
189,val,price,0,0,0.017286,0.031347
189,val,shipping,0,0,0.134637,0.068701
189,val,smell,2,2,0.998175,0.000823
189,val,stayingpower,1,1,0.01692,0.966403
189,val,texture,0,0,0.339067,0.109999
190,val,colour,1,1,0.000756,0.999221
190,val,packing,0,0,0.000491,0.005567
190,val,price,0,0,0.001301,0.003592
190,val,shipping,0,0,0.000978,0.003665
190,val,smell,0,0,0.000447,0.001572
190,val,stayingpower,0,0,0.036552,0.119953
190,val,texture,0,0,0.018693,0.070427
191,val,colour,2,2,0.979838,0.01145
191,val,packing,0,0,0.053446,0.2399
191,val,price,0,0,0.007347,0.017719
191,val,shipping,1,1,0.01089,0.983398
191,val,smell,1,1,0.008013,0.9911
191,val,stayingpower,0,0,0.088849,0.044578
191,val,texture,1,1,0.001508,0.995116
192,val,colour,1,1,0.001133,0.997608
192,val,packing,0,0,0.000735,0.034127
192,val,price,0,0,0.000325,0.001312
192,val,shipping,1,1,0.003937,0.987618
192,val,smell,0,0,0.000632,0.001605
192,val,stayingpower,0,0,0.002302,0.00581
192,val,texture,0,0,0.000495,0.000605
193,val,colour,1,1,0.000565,0.999347
193,val,packing,0,0,0.000273,0.002342
193,val,price,0,0,0.001352,0.004919
193,val,shipping,0,0,0.002624,0.005285
193,val,smell,0,0,0.000794,0.003913
193,val,stayingpower,0,0,0.003767,0.013199
193,val,texture,0,0,0.001877,0.005963
194,val,colour,1,1,0.011035,0.988942
194,val,packing,0,0,0.00046,0.001592
194,val,price,0,0,0.002937,0.010355
194,val,shipping,0,0,0.001543,0.002695
194,val,smell,0,0,0.00547,0.010382
194,val,stayingpower,0,0,0.008333,0.025955
194,val,texture,0,0,0.007051,0.008407
195,val,colour,0,0,0.00752,0.019917
195,val,packing,0,0,0.001984,0.009278
195,val,price,0,0,0.00396,0.007681
195,val,shipping,2,2,0.999619,0.000237
195,val,smell,0,0,0.001083,0.002415
195,val,stayingpower,0,0,0.000836,0.006739
195,val,texture,0,0,0.001329,0.002943
196,val,colour,1,1,0.002988,0.993886
196,val,packing,0,0,0.000115,0.000996
196,val,price,0,0,0.000593,0.002179
196,val,shipping,0,0,0.001397,0.002132
196,val,smell,0,0,0.000398,0.002938
196,val,stayingpower,0,0,0.00149,0.00827
196,val,texture,0,0,0.000773,0.001434
197,val,colour,0,0,0.036888,0.022296
197,val,packing,0,0,0.001307,0.001644
197,val,price,0,0,0.006296,0.04202
197,val,shipping,0,0,0.001293,0.000818
197,val,smell,0,0,0.001296,0.003267
197,val,stayingpower,0,0,0.007298,0.00387
197,val,texture,0,2,0.739404,0.007353
198,val,colour,1,1,0.006892,0.991943
198,val,packing,0,0,0.009992,0.046754
198,val,price,0,0,0.006142,0.006847
198,val,shipping,0,0,0.012356,0.002749
198,val,smell,0,0,0.009617,0.017214
198,val,stayingpower,3,2,0.829702,0.166983
198,val,texture,1,2,0.873494,0.10549
199,val,colour,0,0,0.002592,0.00429
199,val,packing,1,1,0.000819,0.996658
199,val,price,0,0,0.001712,0.016988
199,val,shipping,1,1,0.004806,0.993011
199,val,smell,0,0,0.001702,0.00424
199,val,stayingpower,0,0,0.001267,0.009203
199,val,texture,0,0,0.000832,0.003225
200,val,colour,0,0,0.001708,0.006437
200,val,packing,0,0,0.001199,0.015689
200,val,price,1,1,0.000703,0.998731
200,val,shipping,1,1,0.003615,0.995002
200,val,smell,0,0,0.000492,0.004837
200,val,stayingpower,0,0,0.003984,0.024133
200,val,texture,0,0,0.000855,0.005889
201,val,colour,1,1,0.0174,0.860828
201,val,packing,1,1,0.00037,0.998588
201,val,price,0,0,0.000766,0.00444
201,val,shipping,1,1,0.000957,0.998795
201,val,smell,0,0,0.003264,0.005186
201,val,stayingpower,0,0,0.002046,0.010577
201,val,texture,0,0,0.000881,0.001572
202,val,colour,0,0,0.001493,0.002105
202,val,packing,1,1,0.001185,0.996512
202,val,price,1,1,0.001296,0.996894
202,val,shipping,0,0,0.070334,0.039143
202,val,smell,0,0,0.001547,0.008022
202,val,stayingpower,0,0,0.001597,0.012699
202,val,texture,0,0,0.004337,0.004111
203,val,colour,2,2,0.991647,0.007545
203,val,packing,0,0,0.007535,0.017447
203,val,price,0,0,0.004193,0.016507
203,val,shipping,0,0,0.009898,0.006147
203,val,smell,0,0,0.002108,0.002434
203,val,stayingpower,0,0,0.012041,0.050561
203,val,texture,1,1,0.005089,0.987822
204,val,colour,0,0,0.001861,0.01822
204,val,packing,0,0,0.001995,0.006175
204,val,price,1,1,0.001629,0.997937
204,val,shipping,1,2,0.872966,0.125593
204,val,smell,0,0,0.000715,0.008121
204,val,stayingpower,0,0,0.007448,0.011608
204,val,texture,0,0,0.001542,0.002506
205,val,colour,1,1,0.002412,0.994353
205,val,packing,1,1,0.000576,0.99687
205,val,price,0,0,0.000654,0.005775
205,val,shipping,0,0,0.020972,0.06277
205,val,smell,0,0,0.002017,0.003653
205,val,stayingpower,0,0,0.002325,0.01038
205,val,texture,0,0,0.00173,0.000652
206,val,colour,1,0,0.049526,0.027382
206,val,packing,0,0,0.007523,0.029735
206,val,price,0,0,0.000624,0.001339
206,val,shipping,0,0,0.020204,0.00234
206,val,smell,0,0,0.000305,0.000473
206,val,stayingpower,0,0,0.001363,0.019075
206,val,texture,0,0,0.216885,0.051076
207,val,colour,0,0,0.001849,0.002493
207,val,packing,1,1,0.000589,0.998627
207,val,price,0,0,0.001061,0.007998
207,val,shipping,1,1,0.031071,0.957264
207,val,smell,0,0,0.001645,0.003096
207,val,stayingpower,0,0,0.000992,0.010537
207,val,texture,0,0,0.000993,0.003571
208,val,colour,1,1,0.013252,0.895914
208,val,packing,0,0,0.000214,0.001019
208,val,price,0,0,0.000588,0.001629
208,val,shipping,0,0,0.001552,0.001119
208,val,smell,0,0,0.000184,0.000816
208,val,stayingpower,0,0,0.005081,0.029162
208,val,texture,0,0,0.001367,0.001038
209,val,colour,1,1,0.000992,0.997075
209,val,packing,0,0,0.001169,0.00834
209,val,price,0,0,0.001086,0.003592
209,val,shipping,0,0,0.002382,0.005135
209,val,smell,1,1,0.000932,0.998833
209,val,stayingpower,0,0,0.001765,0.004867
209,val,texture,0,0,0.002732,0.013479
210,val,colour,1,1,0.001652,0.990604
210,val,packing,0,0,0.009076,0.061406
210,val,price,1,1,0.007445,0.986375
210,val,shipping,2,2,0.998641,0.001063
210,val,smell,0,0,0.009182,0.051169
210,val,stayingpower,0,0,0.037817,0.350469
210,val,texture,1,1,0.007083,0.991567
211,val,colour,0,0,0.003446,0.003091
211,val,packing,0,0,0.001213,0.006206
211,val,price,0,0,0.001439,0.003555
211,val,shipping,0,0,0.00545,0.002371
211,val,smell,0,0,0.000422,0.002415
211,val,stayingpower,0,0,0.000991,0.001652
211,val,texture,0,0,0.002192,0.001553
212,val,colour,1,1,0.003309,0.993115
212,val,packing,1,1,0.000594,0.99791
212,val,price,0,0,0.001033,0.007093
212,val,shipping,1,1,0.001713,0.997892
212,val,smell,0,0,0.010538,0.049091
212,val,stayingpower,0,0,0.018952,0.057318
212,val,texture,0,1,0.006968,0.958816
213,val,colour,1,1,0.005473,0.993154
213,val,packing,1,1,0.022881,0.951716
213,val,price,0,0,0.008452,0.02972
213,val,shipping,0,0,0.128109,0.041903
213,val,smell,0,0,0.129839,0.041998
213,val,stayingpower,1,1,0.063811,0.874652
213,val,texture,2,2,0.998045,0.001421
214,val,colour,1,1,0.001517,0.996422
214,val,packing,0,0,0.001734,0.008427
214,val,price,1,1,0.001696,0.995845
214,val,shipping,0,0,0.016651,0.005527
214,val,smell,0,0,0.001577,0.010932
214,val,stayingpower,3,1,0.004916,0.991965
214,val,texture,1,1,0.017137,0.963612
215,val,colour,1,1,0.000851,0.99794
215,val,packing,0,0,0.000271,0.00224
215,val,price,0,0,0.001993,0.009103
215,val,shipping,0,0,0.00233,0.006785
215,val,smell,0,0,0.000935,0.015675
215,val,stayingpower,0,0,0.004536,0.016522
215,val,texture,1,1,0.002443,0.994362
216,val,colour,0,0,0.001969,0.000534
216,val,packing,0,0,0.004596,0.013951
216,val,price,0,0,0.002732,0.00772
216,val,shipping,0,0,0.044616,0.002228
216,val,smell,0,0,0.000704,0.001919
216,val,stayingpower,0,0,0.000914,0.001268
216,val,texture,0,0,0.025251,0.003258
217,val,colour,0,0,0.001349,0.003125
217,val,packing,0,0,0.000532,0.005392
217,val,price,0,0,0.003497,0.005757
217,val,shipping,0,0,0.005937,0.003117
217,val,smell,0,0,0.000403,0.010092
217,val,stayingpower,0,0,0.001092,0.011912
217,val,texture,1,1,0.004153,0.989493
218,val,colour,0,0,0.001933,0.001296
218,val,packing,0,0,0.001062,0.003598
218,val,price,0,0,0.001199,0.002928
218,val,shipping,0,0,0.004028,0.001766
218,val,smell,0,0,0.000579,0.003057
218,val,stayingpower,0,0,0.002002,0.002979
218,val,texture,0,0,0.000889,0.000916
219,val,colour,1,1,0.000662,0.999209
219,val,packing,0,0,0.000396,0.00353
219,val,price,0,0,0.000898,0.002307
219,val,shipping,0,0,0.002823,0.005816
219,val,smell,0,0,0.000657,0.002273
219,val,stayingpower,0,0,0.004645,0.009459
219,val,texture,0,0,0.001805,0.002199
220,val,colour,0,0,0.001368,0.004434
220,val,packing,0,0,0.000454,0.005142
220,val,price,0,0,0.001258,0.010842
220,val,shipping,0,0,0.001895,0.002233
220,val,smell,0,0,0.000173,0.001867
220,val,stayingpower,0,0,0.000695,0.002107
220,val,texture,0,0,0.000919,0.003066
221,val,colour,0,0,0.002652,0.000435
221,val,packing,0,0,0.007483,0.017798
221,val,price,0,0,0.008285,0.038099
221,val,shipping,2,0,0.039587,0.00736
221,val,smell,0,0,0.00038,0.000518
221,val,stayingpower,0,0,0.002497,0.003709
221,val,texture,0,0,0.004248,0.001391
222,val,colour,2,1,0.257735,0.742141
222,val,packing,0,0,0.003561,0.001931
222,val,price,0,0,0.004896,0.008452
222,val,shipping,0,0,0.00083,0.001018
222,val,smell,0,0,0.080514,0.015068
222,val,stayingpower,0,0,0.006006,0.020745
222,val,texture,0,0,0.071407,0.004216
223,val,colour,1,1,0.001386,0.996512
223,val,packing,0,0,0.000513,0.017696
223,val,price,0,0,0.000735,0.002253
223,val,shipping,0,0,0.00342,0.002633
223,val,smell,0,0,0.000176,0.0008
223,val,stayingpower,0,0,0.002476,0.093293
223,val,texture,0,0,0.003348,0.013239
224,val,colour,1,1,0.001426,0.998118
224,val,packing,0,0,0.00461,0.040017
224,val,price,0,0,0.009354,0.008833
224,val,shipping,1,1,0.007578,0.988796
224,val,smell,0,0,0.009993,0.053875
224,val,stayingpower,2,2,0.990237,0.008281
224,val,texture,1,1,0.004227,0.990297
225,val,colour,1,1,0.004573,0.992646
225,val,packing,0,0,0.014163,0.018714
225,val,price,1,1,0.02091,0.963916
225,val,shipping,0,0,0.037785,0.042226
225,val,smell,2,2,0.999073,0.000434
225,val,stayingpower,0,0,0.065221,0.078365
225,val,texture,0,0,0.397166,0.051762
226,val,colour,1,1,0.001436,0.99787
226,val,packing,0,0,0.004082,0.011901
226,val,price,1,1,0.030194,0.929047
226,val,shipping,0,0,0.008821,0.008785
226,val,smell,0,0,0.005306,0.028772
226,val,stayingpower,2,2,0.987631,0.011899
226,val,texture,3,1,0.021533,0.950644
227,val,colour,1,1,0.037867,0.940739
227,val,packing,0,0,0.000184,0.001682
227,val,price,0,0,0.000462,0.000942
227,val,shipping,1,1,0.00041,0.998863
227,val,smell,0,0,0.000889,0.007322
227,val,stayingpower,0,0,0.007693,0.021142
227,val,texture,0,0,0.00146,0.019351
228,val,colour,1,1,0.000576,0.999358
228,val,packing,0,0,0.000196,0.00169
228,val,price,0,0,0.001657,0.006875
228,val,shipping,0,0,0.002472,0.007049
228,val,smell,0,0,0.000774,0.002642
228,val,stayingpower,0,0,0.00458,0.017491
228,val,texture,0,0,0.004077,0.010194
229,val,colour,1,1,0.010809,0.859723
229,val,packing,0,0,0.000225,0.002294
229,val,price,0,0,0.00055,0.001647
229,val,shipping,0,0,0.001092,0.001544
229,val,smell,0,0,0.000164,0.001522
229,val,stayingpower,0,0,0.000716,0.004423
229,val,texture,0,0,0.000502,0.000916
230,val,colour,0,0,0.012414,0.061962
230,val,packing,0,0,0.001221,0.003082
230,val,price,0,0,0.003429,0.002916
230,val,shipping,2,2,0.999558,0.000337
230,val,smell,0,0,0.001176,0.007568
230,val,stayingpower,0,0,0.003974,0.017543
230,val,texture,0,0,0.002718,0.013206
231,val,colour,1,1,0.00351,0.996448
231,val,packing,0,0,0.000358,0.001795
231,val,price,0,0,0.001481,0.004715
231,val,shipping,0,0,0.001485,0.002801
231,val,smell,0,0,0.001505,0.004093
231,val,stayingpower,0,0,0.004262,0.012974
231,val,texture,0,0,0.005086,0.006486
232,val,colour,2,2,0.997624,0.002298
232,val,packing,0,0,0.007185,0.005189
232,val,price,0,0,0.005749,0.018436
232,val,shipping,0,0,0.002898,0.002258
232,val,smell,0,0,0.005083,0.001441
232,val,stayingpower,0,0,0.010328,0.014716
232,val,texture,0,0,0.046992,0.012836
233,val,colour,1,1,0.00087,0.997206
233,val,packing,0,0,0.001336,0.011031
233,val,price,1,1,0.000953,0.998665
233,val,shipping,0,0,0.013132,0.02255
233,val,smell,0,0,0.003605,0.035026
233,val,stayingpower,0,0,0.013473,0.111527
233,val,texture,1,1,0.002472,0.995906
234,val,colour,1,1,0.000261,0.999651
234,val,packing,0,0,0.000345,0.003957
234,val,price,0,0,0.002926,0.012074
234,val,shipping,0,0,0.002667,0.012316
234,val,smell,0,0,0.001189,0.011532
234,val,stayingpower,0,0,0.008234,0.040416
234,val,texture,1,1,0.003675,0.979231
235,val,colour,0,0,0.042977,0.019946
235,val,packing,1,1,0.072647,0.902727
235,val,price,1,1,0.01577,0.97915
235,val,shipping,1,1,0.012205,0.98186
235,val,smell,2,2,0.995221,0.003518
235,val,stayingpower,0,0,0.100272,0.078892
235,val,texture,0,0,0.267844,0.020194
236,val,colour,1,1,0.001061,0.997122
236,val,packing,0,0,0.000947,0.008011
236,val,price,1,1,0.000848,0.998238
236,val,shipping,0,0,0.008205,0.015579
236,val,smell,0,0,0.00038,0.003545
236,val,stayingpower,0,0,0.004141,0.019007
236,val,texture,0,0,0.001723,0.002194
237,val,colour,2,2,0.999638,0.00024
237,val,packing,0,0,0.03836,0.012773
237,val,price,0,0,0.019618,0.013058
237,val,shipping,0,0,0.051826,0.016341
237,val,smell,0,0,0.0441,0.005577
237,val,stayingpower,2,1,0.436522,0.530145
237,val,texture,0,0,0.058295,0.023676
238,val,colour,1,1,0.001828,0.993088
238,val,packing,0,0,0.000702,0.012121
238,val,price,1,1,0.000502,0.99827
238,val,shipping,1,1,0.001933,0.992724
238,val,smell,0,0,0.000616,0.006343
238,val,stayingpower,0,0,0.004175,0.011061
238,val,texture,0,0,0.001136,0.003057
239,val,colour,0,0,0.008451,0.020413
239,val,packing,0,0,0.010867,0.057706
239,val,price,0,0,0.008753,0.038153
239,val,shipping,3,2,0.998769,0.000734
239,val,smell,1,1,0.00394,0.99528
239,val,stayingpower,0,0,0.010283,0.034507
239,val,texture,0,0,0.002985,0.018144
240,val,colour,0,0,0.01165,0.002107
240,val,packing,0,0,0.02083,0.005086
240,val,price,0,0,0.008315,0.01089
240,val,shipping,2,2,0.998056,0.000884
240,val,smell,0,0,0.002332,0.002942
240,val,stayingpower,0,0,0.001905,0.003989
240,val,texture,0,0,0.004672,0.002936
241,val,colour,0,0,0.003136,0.00588
241,val,packing,0,0,0.000984,0.007367
241,val,price,0,0,0.000606,0.001653
241,val,shipping,0,0,0.003307,0.002864
241,val,smell,0,0,0.000421,0.00419
241,val,stayingpower,0,0,0.00141,0.003572
241,val,texture,0,0,0.001116,0.001415
242,val,colour,0,0,0.001653,0.009214
242,val,packing,0,0,0.000549,0.016054
242,val,price,0,0,0.001408,0.010855
242,val,shipping,0,0,0.001536,0.001991
242,val,smell,0,0,0.00016,0.001811
242,val,stayingpower,0,0,0.000369,0.003099
242,val,texture,0,0,0.000369,0.001538
243,val,colour,0,0,0.002546,0.009946
243,val,packing,0,0,0.000362,0.002863
243,val,price,0,0,0.001098,0.007426
243,val,shipping,0,0,0.001046,0.001592
243,val,smell,0,0,0.000411,0.003279
243,val,stayingpower,0,0,0.001089,0.002612
243,val,texture,0,0,0.000944,0.002032
244,val,colour,0,0,0.004232,0.017265
244,val,packing,0,0,0.001147,0.026892
244,val,price,0,0,0.001094,0.004798
244,val,shipping,0,0,0.001545,0.001766
244,val,smell,0,0,0.000233,0.001931
244,val,stayingpower,0,0,0.000745,0.003794
244,val,texture,0,0,0.001108,0.003684
245,val,colour,1,1,0.000828,0.997736
245,val,packing,0,0,0.000837,0.006681
245,val,price,0,0,0.002158,0.010905
245,val,shipping,0,0,0.001652,0.003553
245,val,smell,1,1,0.000763,0.998914
245,val,stayingpower,0,0,0.002656,0.005781
245,val,texture,0,0,0.002285,0.013906
246,val,colour,0,0,0.00802,0.10863
246,val,packing,0,0,0.003778,0.016632
246,val,price,1,1,0.004487,0.994881
246,val,shipping,2,2,0.999442,0.000441
246,val,smell,0,0,0.007798,0.036939
246,val,stayingpower,0,0,0.014922,0.109504
246,val,texture,1,1,0.007679,0.964442
247,val,colour,0,0,0.008866,0.047862
247,val,packing,0,0,0.002096,0.006419
247,val,price,0,0,0.00513,0.008561
247,val,shipping,2,2,0.999797,9.3e-05
247,val,smell,0,0,0.001541,0.006293
247,val,stayingpower,0,0,0.001885,0.009707
247,val,texture,0,0,0.001784,0.001692
248,val,colour,0,0,0.003196,0.012786
248,val,packing,0,0,0.00215,0.015852
248,val,price,1,1,0.000629,0.999155
248,val,shipping,0,0,0.011212,0.010431
248,val,smell,1,1,0.000529,0.99794
248,val,stayingpower,0,0,0.003407,0.01579
248,val,texture,1,1,0.005278,0.959451
249,val,colour,0,0,0.011736,0.041239
249,val,packing,0,0,0.003901,0.008127
249,val,price,1,1,0.010689,0.98357
249,val,shipping,2,2,0.999834,0.000108
249,val,smell,0,0,0.001273,0.007529
249,val,stayingpower,0,0,0.003049,0.014726
249,val,texture,0,0,0.005438,0.009547
250,val,colour,1,1,0.000988,0.998491
250,val,packing,0,0,0.000463,0.006864
250,val,price,0,0,0.001014,0.004531
250,val,shipping,1,1,0.000472,0.999
250,val,smell,0,0,0.00231,0.007494
250,val,stayingpower,0,0,0.01498,0.019429
250,val,texture,0,0,0.001425,0.00462
251,val,colour,1,1,0.00332,0.99662
251,val,packing,0,0,0.000312,0.001198
251,val,price,0,0,0.001672,0.004559
251,val,shipping,0,0,0.001574,0.001649
251,val,smell,0,0,0.000607,0.001863
251,val,stayingpower,0,0,0.018164,0.027907
251,val,texture,0,0,0.010595,0.010959
252,val,colour,1,1,0.006286,0.985627
252,val,packing,1,0,0.041939,0.213838
252,val,price,0,0,0.005541,0.010311
252,val,shipping,0,0,0.011314,0.050231
252,val,smell,1,2,0.963117,0.036868
252,val,stayingpower,0,0,0.011294,0.025511
252,val,texture,0,0,0.23106,0.116403
253,val,colour,0,0,0.001687,0.002224
253,val,packing,0,0,0.000982,0.011506
253,val,price,0,0,0.001513,0.007872
253,val,shipping,0,0,0.002491,0.003482
253,val,smell,0,0,0.000338,0.002738
253,val,stayingpower,0,0,0.000694,0.002617
253,val,texture,0,0,0.000629,0.001359
254,val,colour,2,2,0.998333,0.001472
254,val,packing,0,0,0.004435,0.004247
254,val,price,0,0,0.004529,0.010906
254,val,shipping,0,0,0.004205,0.002519
254,val,smell,0,0,0.002855,0.000783
254,val,stayingpower,0,0,0.007357,0.010217
254,val,texture,0,0,0.028681,0.008884
255,val,colour,0,0,0.001664,0.003392
255,val,packing,0,0,0.001266,0.008709
255,val,price,0,0,0.001975,0.010206
255,val,shipping,0,0,0.003669,0.001937
255,val,smell,1,1,0.00179,0.99495
255,val,stayingpower,0,0,0.001509,0.003464
255,val,texture,0,0,0.000969,0.003064
256,val,colour,0,0,0.000781,0.001907
256,val,packing,1,1,0.003858,0.940013
256,val,price,1,1,0.000564,0.998745
256,val,shipping,0,0,0.026031,0.017834
256,val,smell,0,0,0.000802,0.010694
256,val,stayingpower,0,0,0.001408,0.011638
256,val,texture,0,0,0.002551,0.002898
257,val,colour,3,0,0.211515,0.109708
257,val,packing,0,0,0.000308,0.001456
257,val,price,0,0,0.000483,0.001017
257,val,shipping,0,0,0.001363,0.000992
257,val,smell,0,0,0.000138,0.000842
257,val,stayingpower,0,0,0.000881,0.002393
257,val,texture,0,0,0.001823,0.00339
258,val,colour,1,1,0.000444,0.998288
258,val,packing,0,0,0.000307,0.005936
258,val,price,0,0,0.006157,0.035611
258,val,shipping,0,0,0.003973,0.012145
258,val,smell,0,0,0.000588,0.007768
258,val,stayingpower,0,0,0.00449,0.045614
258,val,texture,1,1,0.001148,0.996986
259,val,colour,0,0,0.007011,0.056053
259,val,packing,0,0,0.004741,0.055291
259,val,price,0,0,0.002394,0.017395
259,val,shipping,1,1,0.009888,0.989558
259,val,smell,1,1,0.00096,0.997925
259,val,stayingpower,3,1,0.186782,0.718951
259,val,texture,1,1,0.001995,0.933671
260,val,colour,1,1,0.000303,0.999596
260,val,packing,0,0,0.0042,0.045793
260,val,price,0,0,0.007844,0.052467
260,val,shipping,0,0,0.011559,0.019642
260,val,smell,0,0,0.035541,0.039037
260,val,stayingpower,0,0,0.007505,0.027266
260,val,texture,2,2,0.990958,0.007551
261,val,colour,0,0,0.053353,0.153715
261,val,packing,0,0,0.067222,0.163756
261,val,price,1,1,0.006037,0.991256
261,val,shipping,2,2,0.998625,0.000937
261,val,smell,1,1,0.006201,0.992469
261,val,stayingpower,2,2,0.77498,0.206504
261,val,texture,0,0,0.030269,0.110715
262,val,colour,3,1,0.184383,0.560248
262,val,packing,0,1,0.02985,0.709185
262,val,price,0,0,0.00092,0.001617
262,val,shipping,1,1,0.000757,0.999175
262,val,smell,0,0,0.002986,0.005927
262,val,stayingpower,0,0,0.025638,0.028207
262,val,texture,3,1,0.052108,0.920304
263,val,colour,0,0,0.014241,0.059509
263,val,packing,0,0,0.061647,0.102776
263,val,price,0,0,0.006265,0.050815
263,val,shipping,2,2,0.995374,0.001634
263,val,smell,1,1,0.014885,0.982634
263,val,stayingpower,0,0,0.013575,0.040847
263,val,texture,2,2,0.986983,0.007241
264,val,colour,1,1,0.000707,0.996537
264,val,packing,0,0,0.001526,0.012213
264,val,price,1,1,0.00077,0.998848
264,val,shipping,0,0,0.013494,0.022801
264,val,smell,0,0,0.001961,0.025945
264,val,stayingpower,0,0,0.009295,0.129594
264,val,texture,1,1,0.001596,0.996655
265,val,colour,1,1,0.000367,0.99946
265,val,packing,0,0,0.000358,0.004205
265,val,price,0,0,0.002266,0.010793
265,val,shipping,0,0,0.002719,0.009366
265,val,smell,0,0,0.00114,0.013874
265,val,stayingpower,0,0,0.003353,0.019088
265,val,texture,1,1,0.00341,0.985891
266,val,colour,0,0,0.007489,0.01619
266,val,packing,0,0,0.001246,0.018145
266,val,price,0,0,0.001792,0.008766
266,val,shipping,0,0,0.001867,0.000758
266,val,smell,0,0,9.2e-05,0.000789
266,val,stayingpower,0,0,0.002027,0.005141
266,val,texture,0,0,0.000368,0.000611
267,val,colour,0,0,0.00146,0.008285
267,val,packing,0,0,0.001026,0.008579
267,val,price,1,1,0.00051,0.999301
267,val,shipping,0,0,0.010072,0.005315
267,val,smell,0,0,0.000418,0.007954
267,val,stayingpower,0,0,0.001364,0.012053
267,val,texture,0,0,0.002688,0.007697
268,val,colour,0,0,0.002571,0.008498
268,val,packing,0,0,0.000477,0.008256
268,val,price,0,0,0.001551,0.009622
268,val,shipping,1,1,0.001222,0.998401
268,val,smell,0,0,0.000568,0.003887
268,val,stayingpower,0,0,0.00331,0.01316
268,val,texture,0,0,0.000479,0.007118
269,val,colour,3,1,0.006429,0.949667
269,val,packing,0,0,0.007278,0.031708
269,val,price,0,1,0.002853,0.99388
269,val,shipping,0,0,0.02675,0.010784
269,val,smell,1,1,0.021264,0.96612
269,val,stayingpower,0,0,0.02533,0.030447
269,val,texture,2,2,0.829211,0.170406
270,val,colour,0,0,0.001576,0.004592
270,val,packing,0,0,0.001233,0.030288
270,val,price,0,0,0.000564,0.003701
270,val,shipping,0,0,0.012334,0.008129
270,val,smell,0,0,0.00017,0.001144
270,val,stayingpower,0,0,0.000532,0.001514
270,val,texture,0,0,0.0007,0.002667
271,val,colour,0,0,0.005241,0.001379
271,val,packing,1,1,0.006874,0.990256
271,val,price,0,0,0.002102,0.025293
271,val,shipping,0,0,0.036755,0.022524
271,val,smell,0,0,0.00309,0.004609
271,val,stayingpower,0,0,0.002289,0.006872
271,val,texture,0,0,0.005916,0.004511
272,val,colour,0,0,0.002153,0.025675
272,val,packing,0,0,0.001071,0.022235
272,val,price,0,0,0.004037,0.013876
272,val,shipping,0,0,0.008681,0.01081
272,val,smell,0,0,0.001076,0.024776
272,val,stayingpower,0,0,0.003108,0.062581
272,val,texture,1,1,0.003639,0.996102
273,val,colour,2,2,0.995586,0.003705
273,val,packing,0,0,0.00827,0.005378
273,val,price,0,0,0.003228,0.006116
273,val,shipping,3,1,0.010434,0.951343
273,val,smell,0,0,0.005004,0.000798
273,val,stayingpower,0,0,0.038997,0.022661
273,val,texture,0,0,0.01011,0.002932
274,val,colour,1,1,0.002664,0.996548
274,val,packing,0,0,0.00016,0.000911
274,val,price,0,0,0.000826,0.002326
274,val,shipping,0,0,0.001166,0.002266
274,val,smell,0,0,0.000407,0.001384
274,val,stayingpower,0,0,0.005192,0.018999
274,val,texture,0,0,0.002694,0.006464
275,val,colour,1,1,0.000109,0.999779
275,val,packing,0,0,0.000283,0.005052
275,val,price,0,0,0.00109,0.013277
275,val,shipping,0,0,0.004286,0.122123
275,val,smell,0,0,0.000531,0.006624
275,val,stayingpower,0,0,0.00858,0.049605
275,val,texture,0,1,0.028178,0.76767
276,val,colour,1,1,0.002505,0.996358
276,val,packing,0,0,0.019986,0.033622
276,val,price,0,0,0.009102,0.022258
276,val,shipping,0,0,0.019187,0.007197
276,val,smell,1,1,0.012446,0.985457
276,val,stayingpower,1,1,0.005898,0.993378
276,val,texture,0,0,0.016674,0.077892
277,val,colour,1,1,0.000169,0.999671
277,val,packing,0,0,0.000233,0.006953
277,val,price,0,0,0.001041,0.006037
277,val,shipping,0,0,0.001591,0.007787
277,val,smell,0,0,0.000753,0.0092
277,val,stayingpower,0,0,0.001974,0.019021
277,val,texture,1,1,0.090888,0.837436
278,val,colour,0,0,0.003314,0.005699
278,val,packing,1,1,0.003424,0.987869
278,val,price,0,0,0.003046,0.062258
278,val,shipping,1,1,0.012914,0.986971
278,val,smell,0,0,0.00401,0.014303
278,val,stayingpower,0,0,0.008116,0.029734
278,val,texture,0,0,0.002034,0.010087
279,val,colour,1,1,0.002345,0.996965
279,val,packing,0,0,0.002106,0.011556
279,val,price,0,0,0.002403,0.004314
279,val,shipping,0,0,0.009729,0.006395
279,val,smell,0,0,0.002473,0.005859
279,val,stayingpower,3,1,0.004586,0.9948
279,val,texture,3,1,0.044175,0.906838
280,val,colour,0,0,0.001189,0.001311
280,val,packing,0,0,0.00089,0.003239
280,val,price,1,1,0.004907,0.98754
280,val,shipping,0,0,0.00638,0.00235
280,val,smell,0,0,0.000589,0.010665
280,val,stayingpower,0,0,0.001234,0.002803
280,val,texture,0,0,0.001252,0.000769
281,val,colour,0,0,0.001464,0.002957
281,val,packing,0,0,0.001085,0.018727
281,val,price,0,0,0.001108,0.007057
281,val,shipping,0,0,0.001317,0.001736
281,val,smell,0,0,0.000456,0.005087
281,val,stayingpower,0,0,0.000516,0.001783
281,val,texture,0,0,0.000411,0.000818
282,val,colour,1,1,0.009704,0.982818
282,val,packing,0,0,0.085175,0.021858
282,val,price,1,1,0.027775,0.956498
282,val,shipping,2,2,0.992333,0.007273
282,val,smell,2,2,0.977242,0.021158
282,val,stayingpower,3,2,0.637541,0.332201
282,val,texture,0,0,0.474568,0.026573
283,val,colour,1,1,0.004574,0.994942
283,val,packing,0,0,0.002835,0.016965
283,val,price,0,0,0.00162,0.001733
283,val,shipping,0,1,0.024191,0.95481
283,val,smell,0,0,0.003973,0.00616
283,val,stayingpower,3,1,0.006991,0.989822
283,val,texture,0,0,0.003358,0.013655
284,val,colour,1,1,0.00022,0.999174
284,val,packing,0,0,0.005387,0.376429
284,val,price,0,0,0.002908,0.028392
284,val,shipping,0,0,0.028733,0.010101
284,val,smell,0,0,0.003661,0.044635
284,val,stayingpower,0,0,0.009006,0.390086
284,val,texture,1,1,0.004388,0.993685
285,val,colour,1,1,0.002527,0.996568
285,val,packing,0,0,0.005299,0.026813
285,val,price,0,0,0.012031,0.018032
285,val,shipping,0,0,0.019382,0.024364
285,val,smell,0,0,0.003821,0.008406
285,val,stayingpower,2,2,0.997092,0.002591
285,val,texture,0,0,0.012025,0.016135
286,val,colour,0,0,0.000665,0.001528
286,val,packing,0,0,0.000443,0.006545
286,val,price,0,0,0.001926,0.009646
286,val,shipping,0,0,0.00174,0.002253
286,val,smell,0,0,0.000123,0.001556
286,val,stayingpower,0,0,0.000629,0.006696
286,val,texture,0,0,0.001305,0.009527
287,val,colour,1,1,0.001034,0.997916
287,val,packing,0,0,0.00056,0.005346
287,val,price,1,1,0.001576,0.996768
287,val,shipping,0,0,0.006306,0.016208
287,val,smell,0,0,0.001218,0.017678
287,val,stayingpower,0,0,0.024835,0.105795
287,val,texture,1,1,0.020084,0.971459
288,val,colour,1,1,0.002965,0.989215
288,val,packing,0,0,0.00214,0.006088
288,val,price,1,1,0.001294,0.99816
288,val,shipping,0,0,0.006911,0.008674
288,val,smell,1,1,0.011201,0.988632
288,val,stayingpower,0,0,0.009454,0.04418
288,val,texture,0,0,0.052746,0.178069
289,val,colour,0,0,0.020533,0.233672
289,val,packing,0,0,0.011844,0.09929
289,val,price,0,0,0.00083,0.002638
289,val,shipping,0,0,0.02657,0.003377
289,val,smell,1,1,0.006786,0.974401
289,val,stayingpower,1,1,0.002966,0.994965
289,val,texture,3,1,0.022558,0.972243
290,val,colour,1,1,0.003881,0.992686
290,val,packing,0,0,0.013007,0.035215
290,val,price,1,1,0.006217,0.990189
290,val,shipping,2,2,0.999295,0.000537
290,val,smell,1,1,0.004564,0.99438
290,val,stayingpower,0,0,0.043805,0.054826
290,val,texture,0,0,0.028481,0.051944
291,val,colour,0,0,0.004936,0.03521
291,val,packing,0,0,0.000265,0.003716
291,val,price,0,0,0.001152,0.010051
291,val,shipping,1,1,0.000681,0.998892
291,val,smell,0,0,0.000515,0.004487
291,val,stayingpower,0,0,0.002913,0.008991
291,val,texture,0,0,0.000347,0.004883
292,val,colour,0,0,0.002805,0.027874
292,val,packing,0,0,0.000216,0.00222
292,val,price,0,0,0.001078,0.00861
292,val,shipping,0,0,0.001516,0.002549
292,val,smell,0,0,0.00019,0.002362
292,val,stayingpower,0,0,0.000756,0.00326
292,val,texture,0,0,0.000687,0.002547
293,val,colour,3,2,0.898527,0.037814
293,val,packing,0,0,0.063447,0.105699
293,val,price,1,1,0.007292,0.990923
293,val,shipping,0,0,0.025108,0.008339
293,val,smell,3,1,0.33633,0.634145
293,val,stayingpower,0,0,0.071852,0.012788
293,val,texture,2,2,0.998417,0.001314
294,val,colour,0,0,0.003499,0.022115
294,val,packing,0,0,0.00035,0.006581
294,val,price,0,0,0.000842,0.007263
294,val,shipping,1,1,0.003578,0.995472
294,val,smell,0,0,0.000255,0.001671
294,val,stayingpower,0,0,0.001668,0.005631
294,val,texture,0,0,0.000329,0.002776
295,val,colour,0,0,0.006277,0.14222
295,val,packing,0,0,0.003217,0.010605
295,val,price,0,0,0.003561,0.018269
295,val,shipping,0,0,0.010887,0.002925
295,val,smell,1,1,0.004381,0.983862
295,val,stayingpower,1,1,0.00871,0.980484
295,val,texture,1,1,0.007605,0.991699
296,val,colour,0,0,0.034039,0.150052
296,val,packing,0,0,0.004587,0.014654
296,val,price,0,0,0.012395,0.016761
296,val,shipping,0,0,0.012484,0.011218
296,val,smell,0,0,0.002183,0.003981
296,val,stayingpower,2,2,0.996999,0.002697
296,val,texture,0,0,0.023249,0.027701
297,val,colour,0,0,0.001055,0.001382
297,val,packing,1,1,0.001482,0.996358
297,val,price,1,1,0.001111,0.997463
297,val,shipping,0,0,0.061389,0.036771
297,val,smell,0,0,0.001552,0.008937
297,val,stayingpower,0,0,0.002085,0.01473
297,val,texture,0,0,0.006931,0.00543
298,val,colour,1,1,0.002796,0.996873
298,val,packing,0,0,0.001352,0.005861
298,val,price,0,0,0.001751,0.003229
298,val,shipping,0,0,0.004391,0.002252
298,val,smell,0,0,0.002418,0.012935
298,val,stayingpower,3,1,0.006984,0.990884
298,val,texture,0,1,0.13831,0.706013
299,val,colour,1,1,0.000665,0.999166
299,val,packing,0,0,0.00019,0.001808
299,val,price,0,0,0.00149,0.007001
299,val,shipping,0,0,0.002249,0.004376
299,val,smell,0,0,0.000787,0.004462
299,val,stayingpower,0,0,0.002534,0.007291
299,val,texture,0,0,0.002091,0.002762
300,val,colour,1,1,0.005127,0.977363
300,val,packing,0,0,0.001577,0.012949
300,val,price,0,0,0.002449,0.013457
300,val,shipping,2,2,0.999634,0.000255
300,val,smell,0,0,0.001214,0.003351
300,val,stayingpower,0,0,0.001709,0.015799
300,val,texture,0,0,0.002137,0.002875
301,val,colour,1,1,0.005798,0.98756
301,val,packing,0,0,0.00656,0.011212
301,val,price,1,1,0.005555,0.981634
301,val,shipping,0,0,0.127715,0.006036
301,val,smell,0,0,0.007969,0.010225
301,val,stayingpower,0,0,0.065037,0.262444
301,val,texture,2,2,0.999343,0.000396
302,val,colour,0,0,0.004989,0.014527
302,val,packing,0,0,0.002521,0.017671
302,val,price,0,0,0.008246,0.016898
302,val,shipping,2,2,0.999635,0.000276
302,val,smell,0,0,0.001148,0.00294
302,val,stayingpower,0,0,0.000679,0.007901
302,val,texture,0,0,0.00097,0.003546
303,val,colour,0,0,0.040727,0.018044
303,val,packing,0,0,0.036169,0.076646
303,val,price,0,0,0.023785,0.056252
303,val,shipping,0,0,0.034942,0.013163
303,val,smell,0,0,0.037346,0.020791
303,val,stayingpower,0,0,0.007899,0.011471
303,val,texture,2,2,0.999197,0.000572
304,val,colour,3,1,0.020748,0.966369
304,val,packing,0,0,0.002111,0.011476
304,val,price,1,1,0.001298,0.998216
304,val,shipping,0,0,0.010048,0.012519
304,val,smell,1,1,0.00279,0.996058
304,val,stayingpower,0,0,0.014197,0.049518
304,val,texture,1,1,0.003655,0.990348
305,val,colour,1,1,0.002623,0.996816
305,val,packing,0,0,0.00148,0.006812
305,val,price,0,0,0.003602,0.005672
305,val,shipping,0,0,0.011218,0.009792
305,val,smell,0,0,0.002628,0.006685
305,val,stayingpower,1,1,0.005506,0.992814
305,val,texture,0,0,0.006746,0.015263
306,val,colour,0,0,0.00295,0.021911
306,val,packing,0,0,0.002126,0.014494
306,val,price,1,1,0.00182,0.996762
306,val,shipping,0,0,0.036191,0.022369
306,val,smell,0,0,0.000894,0.013243
306,val,stayingpower,1,1,0.003625,0.973516
306,val,texture,1,1,0.002442,0.984604
307,val,colour,1,1,0.199165,0.800337
307,val,packing,1,1,0.004685,0.99444
307,val,price,0,0,0.003001,0.007663
307,val,shipping,1,1,0.004891,0.988366
307,val,smell,0,0,0.025543,0.013726
307,val,stayingpower,0,0,0.088125,0.024818
307,val,texture,0,0,0.108803,0.009647
308,val,colour,1,1,0.000559,0.997648
308,val,packing,0,0,0.002212,0.015137
308,val,price,1,1,0.004011,0.99037
308,val,shipping,3,2,0.998477,0.001387
308,val,smell,0,0,0.001927,0.008297
308,val,stayingpower,0,0,0.013208,0.061376
308,val,texture,0,0,0.011441,0.009951
309,val,colour,0,0,0.00186,0.019024
309,val,packing,0,0,0.000717,0.012774
309,val,price,0,0,0.002033,0.010496
309,val,shipping,0,0,0.006157,0.012367
309,val,smell,0,0,0.00043,0.005537
309,val,stayingpower,0,0,0.001018,0.01218
309,val,texture,1,1,0.001523,0.987276
310,val,colour,1,1,0.00106,0.998121
310,val,packing,0,0,0.008559,0.042432
310,val,price,0,0,0.010875,0.092137
310,val,shipping,1,1,0.012565,0.971191
310,val,smell,0,0,0.064454,0.07846
310,val,stayingpower,0,0,0.02561,0.041361
310,val,texture,2,2,0.997232,0.001979
311,val,colour,0,0,0.00112,0.002786
311,val,packing,0,0,0.000619,0.003914
311,val,price,1,1,0.001089,0.997909
311,val,shipping,0,0,0.008492,0.005414
311,val,smell,0,0,0.000551,0.00917
311,val,stayingpower,0,0,0.00069,0.003741
311,val,texture,0,0,0.001417,0.001382
312,val,colour,1,1,0.005745,0.989869
312,val,packing,0,0,0.004776,0.020116
312,val,price,0,0,0.009683,0.006621
312,val,shipping,0,0,0.011755,0.009111
312,val,smell,0,0,0.001861,0.004468
312,val,stayingpower,2,2,0.997044,0.002756
312,val,texture,0,0,0.031042,0.009833
313,val,colour,0,0,0.010068,0.018688
313,val,packing,0,0,0.005484,0.011922
313,val,price,0,0,0.004556,0.005533
313,val,shipping,2,2,0.998666,0.001309
313,val,smell,0,0,0.001708,0.003666
313,val,stayingpower,0,0,0.002698,0.009199
313,val,texture,0,0,0.002554,0.00326
314,val,colour,1,1,0.00238,0.99537
314,val,packing,0,0,0.021625,0.108284
314,val,price,0,0,0.020356,0.058239
314,val,shipping,0,0,0.008828,0.006406
314,val,smell,1,1,0.003808,0.995555
314,val,stayingpower,2,2,0.984589,0.009682
314,val,texture,3,2,0.542983,0.453311
315,val,colour,0,0,0.00069,0.000818
315,val,packing,0,0,0.000654,0.009499
315,val,price,0,0,0.001535,0.006103
315,val,shipping,0,0,0.004084,0.00402
315,val,smell,0,0,0.00024,0.002373
315,val,stayingpower,0,0,0.000884,0.005384
315,val,texture,0,0,0.00071,0.003714
316,val,colour,0,0,0.002616,0.016938
316,val,packing,0,0,0.001057,0.0173
316,val,price,0,0,0.004087,0.019781
316,val,shipping,0,0,0.006357,0.010585
316,val,smell,0,0,0.001802,0.061634
316,val,stayingpower,0,0,0.002593,0.027844
316,val,texture,1,1,0.000921,0.99882
317,val,colour,0,0,0.012918,0.060871
317,val,packing,0,0,0.008569,0.05716
317,val,price,1,1,0.05263,0.827786
317,val,shipping,0,0,0.0136,0.008354
317,val,smell,0,0,0.005785,0.044635
317,val,stayingpower,2,2,0.995887,0.002424
317,val,texture,1,1,0.01787,0.976601
318,val,colour,1,1,0.000665,0.99874
318,val,packing,0,0,0.000627,0.003738
318,val,price,1,1,0.000511,0.99918
318,val,shipping,0,0,0.00292,0.004925
318,val,smell,0,0,0.001146,0.011982
318,val,stayingpower,0,0,0.011949,0.035097
318,val,texture,0,0,0.009387,0.01221
319,val,colour,0,0,0.000996,0.002789
319,val,packing,0,0,0.002136,0.016829
319,val,price,1,1,0.001268,0.996129
319,val,shipping,0,0,0.010813,0.003733
319,val,smell,1,1,0.000764,0.993604
319,val,stayingpower,0,0,0.001194,0.008643
319,val,texture,1,1,0.00758,0.767973
320,val,colour,0,0,0.006416,0.014194
320,val,packing,0,1,0.003174,0.99451
320,val,price,0,0,0.003205,0.022844
320,val,shipping,2,2,0.998872,0.000895
320,val,smell,0,0,0.004091,0.007045
320,val,stayingpower,0,0,0.002402,0.017281
320,val,texture,0,0,0.001983,0.005774
321,val,colour,1,1,0.000515,0.99909
321,val,packing,0,0,0.000569,0.012359
321,val,price,0,0,0.001297,0.009657
321,val,shipping,1,1,0.000542,0.999185
321,val,smell,0,0,0.00267,0.009016
321,val,stayingpower,0,0,0.016767,0.029112
321,val,texture,0,0,0.001869,0.005902
322,val,colour,1,2,0.856889,0.142718
322,val,packing,0,0,0.001128,0.001873
322,val,price,0,0,0.001973,0.008367
322,val,shipping,0,0,0.000714,0.001059
322,val,smell,0,0,0.002609,0.002083
322,val,stayingpower,0,0,0.011221,0.01312
322,val,texture,0,0,0.046904,0.015071
323,val,colour,1,1,0.002998,0.996767
323,val,packing,0,0,0.000143,0.000924
323,val,price,0,0,0.00094,0.004213
323,val,shipping,0,0,0.000872,0.001888
323,val,smell,0,0,0.000643,0.004696
323,val,stayingpower,0,0,0.002032,0.007169
323,val,texture,0,0,0.001967,0.005945
324,val,colour,0,0,0.005167,0.010573
324,val,packing,1,1,0.001491,0.996878
324,val,price,0,0,0.00187,0.024121
324,val,shipping,0,0,0.009341,0.009824
324,val,smell,1,1,0.00239,0.996867
324,val,stayingpower,0,0,0.009923,0.038765
324,val,texture,0,0,0.014913,0.083348
325,val,colour,0,0,0.057571,0.032366
325,val,packing,0,0,0.01933,0.028241
325,val,price,0,0,0.010145,0.009483
325,val,shipping,0,0,0.101727,0.008883
325,val,smell,0,0,0.005365,0.003771
325,val,stayingpower,1,1,0.180016,0.775747
325,val,texture,2,2,0.995163,0.001464
326,val,colour,1,1,0.003438,0.991661
326,val,packing,0,0,0.011127,0.063313
326,val,price,0,0,0.017131,0.055987
326,val,shipping,2,2,0.99926,0.000647
326,val,smell,1,1,0.006711,0.988961
326,val,stayingpower,0,0,0.016083,0.102291
326,val,texture,1,1,0.003199,0.988642
327,val,colour,0,0,0.00167,0.001249
327,val,packing,1,1,0.000988,0.99749
327,val,price,0,0,0.002001,0.017201
327,val,shipping,0,0,0.028249,0.042564
327,val,smell,0,0,0.001225,0.003595
327,val,stayingpower,0,0,0.001166,0.010149
327,val,texture,0,0,0.002145,0.00362
328,val,colour,1,1,0.003059,0.987608
328,val,packing,1,1,0.000355,0.997607
328,val,price,0,0,0.000644,0.007209
328,val,shipping,1,1,0.000794,0.99849
328,val,smell,0,0,0.002917,0.007034
328,val,stayingpower,0,0,0.004055,0.014884
328,val,texture,0,0,0.001399,0.001618
329,val,colour,1,1,0.001178,0.997964
329,val,packing,0,0,0.001325,0.021643
329,val,price,0,0,0.002225,0.006561
329,val,shipping,1,1,0.001426,0.997976
329,val,smell,0,0,0.007756,0.045146
329,val,stayingpower,0,0,0.025587,0.073861
329,val,texture,1,1,0.00131,0.996406
330,val,colour,0,0,0.003079,0.079947
330,val,packing,0,0,0.008981,0.04871
330,val,price,0,0,0.019241,0.046941
330,val,shipping,0,0,0.00868,0.012024
330,val,smell,1,1,0.00144,0.997644
330,val,stayingpower,0,2,0.532994,0.086639
330,val,texture,1,1,0.154749,0.843984
331,val,colour,1,1,0.00078,0.997432
331,val,packing,0,0,0.000472,0.002422
331,val,price,1,1,0.000968,0.997428
331,val,shipping,0,0,0.00632,0.010469
331,val,smell,0,0,0.000411,0.002941
331,val,stayingpower,0,0,0.004885,0.013866
331,val,texture,0,0,0.002557,0.002402
332,val,colour,0,0,0.001882,0.002159
332,val,packing,0,0,0.000944,0.005788
332,val,price,0,0,0.001388,0.004921
332,val,shipping,0,0,0.003978,0.003117
332,val,smell,0,0,0.000637,0.003563
332,val,stayingpower,0,0,0.00116,0.002041
332,val,texture,0,0,0.000647,0.000748
333,val,colour,1,1,0.00335,0.992147
333,val,packing,0,0,0.000165,0.002643
333,val,price,0,0,0.000932,0.003277
333,val,shipping,0,0,0.001288,0.003443
333,val,smell,0,0,0.000443,0.005609
333,val,stayingpower,0,0,0.001869,0.009837
333,val,texture,1,1,0.00226,0.986474
334,val,colour,0,0,0.013429,0.034606
334,val,packing,1,1,0.006098,0.98473
334,val,price,0,0,0.001496,0.005143
334,val,shipping,1,1,0.051504,0.94055
334,val,smell,0,0,0.001333,0.004112
334,val,stayingpower,1,1,0.014231,0.931074
334,val,texture,0,0,0.002011,0.011705
335,val,colour,1,1,0.003926,0.995888
335,val,packing,0,0,0.001827,0.001061
335,val,price,0,0,0.003418,0.015778
335,val,shipping,0,0,0.034263,0.00318
335,val,smell,0,0,0.004775,0.003363
335,val,stayingpower,0,0,0.005297,0.004956
335,val,texture,0,0,0.152481,0.003448
336,val,colour,1,1,0.001683,0.990943
336,val,packing,1,1,0.00177,0.993091
336,val,price,1,1,0.000885,0.994195
336,val,shipping,1,1,0.003298,0.994937
336,val,smell,1,1,0.005826,0.992361
336,val,stayingpower,0,0,0.010692,0.018619
336,val,texture,0,0,0.005156,0.015719
337,val,colour,0,0,0.002174,0.009609
337,val,packing,0,0,0.002058,0.007205
337,val,price,1,1,0.000463,0.99942
337,val,shipping,0,0,0.017099,0.021087
337,val,smell,1,1,0.001218,0.994185
337,val,stayingpower,0,0,0.005856,0.015336
337,val,texture,0,0,0.004509,0.026758
338,val,colour,0,0,0.008864,0.011773
338,val,packing,0,0,0.001585,0.022878
338,val,price,0,0,0.000326,0.001502
338,val,shipping,0,0,0.001939,0.001276
338,val,smell,0,0,0.000201,0.002269
338,val,stayingpower,0,0,0.000875,0.003578
338,val,texture,0,0,0.001489,0.002533
339,val,colour,1,1,0.000675,0.998051
339,val,packing,0,0,0.000605,0.002289
339,val,price,1,1,0.000711,0.99834
339,val,shipping,0,0,0.002224,0.00569
339,val,smell,0,0,0.001217,0.006847
339,val,stayingpower,0,0,0.005982,0.020489
339,val,texture,0,0,0.003702,0.003923
340,val,colour,0,0,0.003268,0.00475
340,val,packing,1,1,0.001129,0.997178
340,val,price,0,0,0.001788,0.013975
340,val,shipping,1,1,0.002577,0.996862
340,val,smell,0,0,0.001911,0.003926
340,val,stayingpower,0,0,0.00177,0.008997
340,val,texture,0,0,0.00066,0.002383
341,val,colour,1,1,0.011136,0.988385
341,val,packing,1,1,0.003273,0.995052
341,val,price,0,0,0.002551,0.021665
341,val,shipping,1,1,0.00184,0.995136
341,val,smell,0,0,0.013531,0.011414
341,val,stayingpower,0,0,0.022906,0.02537
341,val,texture,0,2,0.611758,0.013907
342,val,colour,1,1,0.011877,0.984622
342,val,packing,1,1,0.011253,0.954965
342,val,price,0,0,0.001368,0.004551
342,val,shipping,1,1,0.005774,0.993508
342,val,smell,0,0,0.009595,0.042716
342,val,stayingpower,1,1,0.029681,0.954729
342,val,texture,1,1,0.00923,0.989939
343,val,colour,1,1,0.011855,0.974805
343,val,packing,0,0,0.027935,0.053359
343,val,price,0,0,0.01502,0.016421
343,val,shipping,0,0,0.012035,0.009114
343,val,smell,1,1,0.006616,0.991349
343,val,stayingpower,2,2,0.998081,0.001572
343,val,texture,0,0,0.017803,0.020552
344,val,colour,1,1,0.000955,0.997889
344,val,packing,0,0,0.00087,0.004525
344,val,price,0,0,0.002788,0.017182
344,val,shipping,0,0,0.002462,0.003574
344,val,smell,1,1,0.001209,0.998176
344,val,stayingpower,0,0,0.003885,0.007241
344,val,texture,0,0,0.00078,0.003416
345,val,colour,0,0,0.00356,0.006364
345,val,packing,1,1,0.000934,0.99741
345,val,price,0,0,0.001714,0.01565
345,val,shipping,1,1,0.002526,0.997148
345,val,smell,0,0,0.00334,0.008127
345,val,stayingpower,0,0,0.001699,0.008427
345,val,texture,0,0,0.000998,0.004522
346,val,colour,0,0,0.001449,0.002985
346,val,packing,0,0,0.000704,0.00595
346,val,price,0,0,0.001468,0.007054
346,val,shipping,0,0,0.001659,0.001996
346,val,smell,0,0,0.000424,0.004372
346,val,stayingpower,0,0,0.001094,0.003072
346,val,texture,0,0,0.000597,0.000975
347,val,colour,1,1,0.000836,0.998141
347,val,packing,1,1,0.000326,0.998445
347,val,price,0,0,0.001498,0.017688
347,val,shipping,0,0,0.013003,0.058483
347,val,smell,0,0,0.001815,0.005027
347,val,stayingpower,0,0,0.001954,0.018369
347,val,texture,0,0,0.002767,0.00241
348,val,colour,0,0,0.011201,0.063975
348,val,packing,0,0,0.019299,0.048217
348,val,price,1,1,0.003714,0.99249
348,val,shipping,0,0,0.047319,0.008494
348,val,smell,1,1,0.005164,0.991101
348,val,stayingpower,1,1,0.007459,0.990129
348,val,texture,0,0,0.007208,0.068686
349,val,colour,1,1,0.000628,0.998872
349,val,packing,0,0,0.002063,0.012596
349,val,price,0,0,0.004643,0.02037
349,val,shipping,0,0,0.003461,0.009435
349,val,smell,1,1,0.001267,0.998373
349,val,stayingpower,0,0,0.006131,0.020479
349,val,texture,1,1,0.001385,0.992357
350,val,colour,0,0,0.001066,0.001778
350,val,packing,0,0,0.000471,0.00286
350,val,price,0,0,0.001896,0.005644
350,val,shipping,0,0,0.002792,0.001446
350,val,smell,0,0,0.001468,0.013602
350,val,stayingpower,0,0,0.000702,0.001395
350,val,texture,0,0,0.00075,0.00076
351,val,colour,0,0,0.001144,0.000988
351,val,packing,0,0,0.000938,0.011567
351,val,price,0,0,0.001654,0.004567
351,val,shipping,0,0,0.002973,0.003693
351,val,smell,0,0,0.000233,0.002015
351,val,stayingpower,0,0,0.000834,0.00476
351,val,texture,0,0,0.000502,0.00167
352,val,colour,0,0,0.050174,0.055674
352,val,packing,1,1,0.017121,0.97853
352,val,price,1,1,0.005487,0.992555
352,val,shipping,0,0,0.086903,0.030866
352,val,smell,1,1,0.07247,0.915284
352,val,stayingpower,0,0,0.097811,0.020825
352,val,texture,2,2,0.993892,0.004703
353,val,colour,2,2,0.900814,0.098584
353,val,packing,0,0,0.010098,0.026112
353,val,price,0,0,0.005304,0.006029
353,val,shipping,0,0,0.011795,0.004454
353,val,smell,0,0,0.004321,0.002533
353,val,stayingpower,1,1,0.011941,0.98348
353,val,texture,0,1,0.032938,0.8988
354,val,colour,1,1,0.000259,0.999212
354,val,packing,0,0,0.001364,0.0169
354,val,price,1,1,0.001652,0.993929
354,val,shipping,1,1,0.002663,0.996247
354,val,smell,0,0,0.003605,0.024399
354,val,stayingpower,0,0,0.037201,0.111389
354,val,texture,1,1,0.005545,0.964939
355,val,colour,1,1,0.057437,0.908251
355,val,packing,1,1,0.015846,0.973492
355,val,price,0,0,0.003995,0.01802
355,val,shipping,0,0,0.020341,0.029214
355,val,smell,3,2,0.956402,0.042884
355,val,stayingpower,1,1,0.167823,0.795025
355,val,texture,1,2,0.75009,0.241067
356,val,colour,1,1,0.027474,0.967678
356,val,packing,1,1,0.05667,0.909069
356,val,price,0,0,0.012829,0.008925
356,val,shipping,1,1,0.017327,0.955585
356,val,smell,2,2,0.99831,0.001329
356,val,stayingpower,0,0,0.087717,0.081944
356,val,texture,0,0,0.359796,0.010533
357,val,colour,1,1,0.00079,0.994742
357,val,packing,0,0,0.002312,0.050766
357,val,price,0,0,0.000933,0.005686
357,val,shipping,0,0,0.00164,0.002514
357,val,smell,1,1,0.000674,0.998918
357,val,stayingpower,0,0,0.001352,0.005588
357,val,texture,0,0,0.001831,0.015267
358,val,colour,1,1,0.004519,0.989837
358,val,packing,0,0,0.014028,0.04781
358,val,price,1,1,0.0214,0.952172
358,val,shipping,3,2,0.999714,0.000178
358,val,smell,0,0,0.009165,0.018465
358,val,stayingpower,1,1,0.005931,0.98938
358,val,texture,0,0,0.042737,0.057361
359,val,colour,0,0,0.022662,0.053035
359,val,packing,0,0,0.004408,0.019347
359,val,price,0,0,0.001746,0.003086
359,val,shipping,0,0,0.016766,0.004192
359,val,smell,0,0,0.001037,0.003761
359,val,stayingpower,0,1,0.007299,0.987432
359,val,texture,0,0,0.007709,0.024478
360,val,colour,0,0,0.005248,0.041574
360,val,packing,0,0,0.001464,0.035029
360,val,price,0,0,0.001251,0.019445
360,val,shipping,1,1,0.001037,0.998745
360,val,smell,1,1,0.0015,0.995764
360,val,stayingpower,0,0,0.004558,0.011882
360,val,texture,0,0,0.000369,0.009549
361,val,colour,3,2,0.93073,0.046471
361,val,packing,0,0,0.025186,0.139177
361,val,price,0,0,0.024072,0.05979
361,val,shipping,0,0,0.005617,0.017037
361,val,smell,1,1,0.006591,0.992593
361,val,stayingpower,2,2,0.993692,0.005224
361,val,texture,3,1,0.015965,0.92265
362,val,colour,0,0,0.003,0.004063
362,val,packing,1,1,0.000693,0.998475
362,val,price,0,0,0.00159,0.013459
362,val,shipping,1,1,0.003789,0.995419
362,val,smell,0,0,0.003739,0.009001
362,val,stayingpower,0,0,0.002306,0.015666
362,val,texture,0,0,0.001919,0.010363
363,val,colour,1,2,0.825182,0.020939
363,val,packing,2,2,0.990371,0.007668
363,val,price,0,0,0.09764,0.078348
363,val,shipping,0,0,0.468207,0.023254
363,val,smell,0,0,0.180266,0.010178
363,val,stayingpower,0,0,0.053899,0.008433
363,val,texture,0,2,0.536642,0.007364
364,val,colour,1,1,0.000482,0.998926
364,val,packing,1,1,0.000732,0.996653
364,val,price,0,0,0.001011,0.012088
364,val,shipping,0,0,0.013458,0.043781
364,val,smell,0,0,0.002072,0.005911
364,val,stayingpower,0,0,0.003388,0.022087
364,val,texture,0,0,0.004892,0.003971
365,val,colour,2,2,0.997485,0.001015
365,val,packing,1,1,0.028033,0.969464
365,val,price,0,0,0.01114,0.05121
365,val,shipping,0,0,0.022414,0.023975
365,val,smell,0,0,0.021258,0.005036
365,val,stayingpower,0,0,0.021894,0.014483
365,val,texture,0,0,0.054191,0.006162
366,val,colour,1,1,0.000296,0.999561
366,val,packing,0,0,0.000277,0.003649
366,val,price,0,0,0.001275,0.004196
366,val,shipping,0,0,0.002334,0.006389
366,val,smell,0,0,0.000775,0.004137
366,val,stayingpower,0,0,0.002516,0.00897
366,val,texture,0,0,0.00265,0.004396
367,val,colour,1,1,0.000753,0.998945
367,val,packing,0,0,0.000197,0.001865
367,val,price,0,0,0.00104,0.003717
367,val,shipping,0,0,0.002406,0.005878
367,val,smell,0,0,0.000499,0.001751
367,val,stayingpower,0,0,0.003228,0.009955
367,val,texture,0,0,0.001549,0.002256
368,val,colour,0,0,0.004013,0.064036
368,val,packing,0,0,0.001396,0.010932
368,val,price,0,0,0.001931,0.01662
368,val,shipping,0,0,0.003299,0.003918
368,val,smell,1,1,0.000423,0.999286
368,val,stayingpower,0,0,0.00157,0.005771
368,val,texture,0,0,0.001878,0.036928
369,val,colour,1,1,0.002803,0.993173
369,val,packing,1,1,0.00031,0.998708
369,val,price,0,0,0.000784,0.007967
369,val,shipping,1,1,0.000673,0.998831
369,val,smell,0,0,0.005674,0.011857
369,val,stayingpower,0,0,0.004741,0.017597
369,val,texture,0,0,0.002832,0.003318
370,val,colour,0,0,0.001329,0.002167
370,val,packing,1,1,0.001186,0.995977
370,val,price,0,0,0.001353,0.014383
370,val,shipping,2,2,0.623941,0.047415
370,val,smell,0,0,0.001653,0.002744
370,val,stayingpower,0,0,0.000978,0.019363
370,val,texture,0,0,0.001578,0.003225
371,val,colour,1,1,0.001185,0.997021
371,val,packing,0,0,0.008517,0.029488
371,val,price,1,1,0.007465,0.978774
371,val,shipping,1,1,0.024907,0.966397
371,val,smell,0,0,0.047678,0.051346
371,val,stayingpower,0,0,0.073279,0.044912
371,val,texture,2,2,0.996909,0.002301
372,val,colour,0,0,0.002062,0.003167
372,val,packing,1,1,0.000785,0.997413
372,val,price,0,0,0.001627,0.0187
372,val,shipping,0,0,0.021632,0.029129
372,val,smell,0,0,0.001012,0.00434
372,val,stayingpower,0,0,0.000896,0.006365
372,val,texture,0,0,0.001426,0.002976
373,val,colour,0,0,0.033323,0.008175
373,val,packing,0,0,0.016214,0.01897
373,val,price,1,1,0.009772,0.987131
373,val,shipping,0,0,0.0401,0.013229
373,val,smell,2,2,0.99762,0.001368
373,val,stayingpower,0,0,0.039563,0.061027
373,val,texture,0,0,0.272243,0.022634
374,val,colour,0,0,0.000912,0.003645
374,val,packing,0,0,0.001047,0.009343
374,val,price,1,1,0.000868,0.998045
374,val,shipping,0,0,0.005166,0.007663
374,val,smell,0,0,0.000377,0.009446
374,val,stayingpower,0,0,0.000506,0.004234
374,val,texture,0,0,0.001559,0.003388
375,val,colour,0,0,0.001825,0.005072
375,val,packing,0,0,0.000631,0.006648
375,val,price,0,0,0.001203,0.006015
375,val,shipping,0,0,0.002403,0.002936
375,val,smell,0,0,0.000286,0.00218
375,val,stayingpower,0,0,0.000984,0.004117
375,val,texture,0,0,0.00044,0.000724
376,val,colour,3,2,0.945414,0.052893
376,val,packing,0,0,0.001039,0.000744
376,val,price,0,0,0.001973,0.00215
376,val,shipping,0,0,0.003454,0.000551
376,val,smell,0,0,0.001266,0.001913
376,val,stayingpower,0,0,0.003349,0.003784
376,val,texture,0,0,0.017511,0.00843
377,val,colour,1,1,0.00015,0.999458
377,val,packing,0,0,0.000229,0.001741
377,val,price,1,1,0.001056,0.996392
377,val,shipping,0,1,0.006791,0.64854
377,val,smell,0,0,0.000935,0.009865
377,val,stayingpower,0,0,0.017585,0.028957
377,val,texture,0,0,0.003781,0.009457
378,val,colour,0,0,0.010213,0.019018
378,val,packing,1,1,0.031565,0.960479
378,val,price,1,1,0.00263,0.99679
378,val,shipping,2,2,0.999341,0.000459
378,val,smell,0,0,0.013379,0.021086
378,val,stayingpower,0,0,0.008845,0.013735
378,val,texture,0,0,0.116275,0.024489
379,val,colour,1,1,0.001095,0.996758
379,val,packing,0,0,0.002584,0.019466
379,val,price,1,1,0.001688,0.995426
379,val,shipping,0,0,0.025243,0.006667
379,val,smell,0,0,0.003091,0.011623
379,val,stayingpower,1,1,0.004923,0.991851
379,val,texture,1,1,0.010278,0.984329
380,val,colour,0,0,0.002464,0.001324
380,val,packing,0,0,0.002038,0.007759
380,val,price,0,0,0.001547,0.003194
380,val,shipping,0,0,0.005848,0.001957
380,val,smell,0,0,0.000734,0.003572
380,val,stayingpower,0,0,0.001048,0.001794
380,val,texture,0,0,0.000807,0.000605
381,val,colour,1,1,0.000751,0.998996
381,val,packing,0,0,0.000567,0.010702
381,val,price,0,0,0.005007,0.022188
381,val,shipping,0,0,0.002977,0.0067
381,val,smell,0,0,0.002161,0.01857
381,val,stayingpower,0,0,0.009522,0.088611
381,val,texture,1,1,0.006311,0.99237
382,val,colour,1,1,0.001011,0.998522
382,val,packing,0,0,0.005301,0.008789
382,val,price,1,1,0.02945,0.953865
382,val,shipping,0,0,0.026198,0.018008
382,val,smell,0,0,0.016511,0.046355
382,val,stayingpower,2,2,0.998596,0.001239
382,val,texture,0,0,0.07896,0.041373
383,val,colour,1,1,0.000241,0.999647
383,val,packing,0,0,0.000894,0.008334
383,val,price,1,1,0.000547,0.998932
383,val,shipping,0,0,0.01084,0.018616
383,val,smell,0,0,0.001075,0.011645
383,val,stayingpower,0,0,0.009091,0.064633
383,val,texture,3,1,0.334375,0.430204
384,val,colour,1,1,0.002492,0.991331
384,val,packing,0,0,0.001362,0.004352
384,val,price,1,1,0.000988,0.99833
384,val,shipping,0,0,0.005394,0.005509
384,val,smell,1,1,0.002768,0.995466
384,val,stayingpower,0,0,0.004417,0.01439
384,val,texture,0,0,0.005478,0.019842
385,val,colour,1,1,0.000446,0.998982
385,val,packing,0,0,0.001269,0.011885
385,val,price,0,0,0.001793,0.007123
385,val,shipping,0,0,0.005238,0.016493
385,val,smell,1,1,0.001246,0.998399
385,val,stayingpower,0,0,0.002593,0.007292
385,val,texture,0,0,0.001235,0.007575
386,val,colour,1,1,0.002555,0.995427
386,val,packing,0,0,0.000212,0.002116
386,val,price,0,0,0.000433,0.00182
386,val,shipping,0,0,0.001749,0.002873
386,val,smell,0,0,0.000294,0.001253
386,val,stayingpower,0,0,0.00323,0.006131
386,val,texture,0,0,0.001416,0.000828
387,val,colour,1,1,0.001121,0.997777
387,val,packing,1,1,0.001422,0.995275
387,val,price,0,0,0.001372,0.007118
387,val,shipping,3,1,0.009613,0.978583
387,val,smell,1,1,0.008435,0.990408
387,val,stayingpower,0,0,0.006636,0.013304
387,val,texture,0,0,0.002111,0.006198
388,val,colour,1,1,0.002002,0.997014
388,val,packing,1,1,0.001825,0.991974
388,val,price,0,0,0.00219,0.01104
388,val,shipping,1,1,0.001281,0.998272
388,val,smell,0,0,0.016196,0.078334
388,val,stayingpower,0,0,0.04198,0.143627
388,val,texture,1,1,0.002968,0.994422
389,val,colour,0,0,0.003371,0.002732
389,val,packing,1,1,0.002031,0.994652
389,val,price,0,0,0.00173,0.01662
389,val,shipping,1,1,0.013257,0.986381
389,val,smell,0,0,0.001354,0.003424
389,val,stayingpower,0,0,0.002377,0.007724
389,val,texture,0,0,0.000581,0.001751
390,val,colour,1,1,0.009236,0.986602
390,val,packing,0,0,0.01202,0.036829
390,val,price,0,0,0.003169,0.006013
390,val,shipping,0,0,0.005538,0.01756
390,val,smell,3,2,0.996205,0.003677
390,val,stayingpower,0,0,0.006866,0.020476
390,val,texture,0,0,0.10055,0.011616
391,val,colour,0,0,0.002955,0.013465
391,val,packing,0,0,0.000446,0.008744
391,val,price,0,0,0.001887,0.015841
391,val,shipping,1,1,0.000612,0.999174
391,val,smell,0,0,0.000521,0.00411
391,val,stayingpower,0,0,0.003779,0.012063
391,val,texture,0,0,0.000583,0.008666
392,val,colour,0,0,0.002822,0.007768
392,val,packing,0,0,0.001879,0.013326
392,val,price,0,0,0.005331,0.01177
392,val,shipping,0,0,0.005913,0.005115
392,val,smell,0,0,0.001839,0.017333
392,val,stayingpower,0,0,0.005196,0.019713
392,val,texture,1,1,0.021501,0.977886
393,val,colour,1,1,0.010707,0.985828
393,val,packing,0,1,0.303965,0.589801
393,val,price,0,0,0.008939,0.078535
393,val,shipping,2,1,0.024892,0.972049
393,val,smell,1,1,0.047493,0.948871
393,val,stayingpower,0,0,0.189107,0.075909
393,val,texture,2,2,0.994486,0.004347
394,val,colour,1,1,0.000616,0.998314
394,val,packing,0,0,0.001749,0.026891
394,val,price,1,1,0.000786,0.997863
394,val,shipping,1,1,0.001294,0.997909
394,val,smell,0,0,0.001535,0.010071
394,val,stayingpower,0,0,0.015039,0.022805
394,val,texture,0,0,0.003105,0.00564
395,val,colour,0,0,0.011772,0.001684
395,val,packing,0,0,0.001726,0.003702
395,val,price,0,0,0.002454,0.006066
395,val,shipping,0,0,0.008533,0.001138
395,val,smell,0,0,0.00039,0.001192
395,val,stayingpower,0,0,0.003259,0.005479
395,val,texture,0,0,0.008025,0.002512
396,val,colour,0,0,0.001109,0.002167
396,val,packing,0,0,0.000683,0.011125
396,val,price,0,0,0.000991,0.005189
396,val,shipping,0,0,0.00203,0.003047
396,val,smell,0,0,0.000267,0.002631
396,val,stayingpower,0,0,0.00079,0.003285
396,val,texture,0,0,0.000425,0.001052
397,val,colour,0,0,0.004516,0.013416
397,val,packing,0,0,0.000587,0.003815
397,val,price,0,0,0.001007,0.004235
397,val,shipping,0,0,0.002349,0.002258
397,val,smell,0,0,0.000347,0.003714
397,val,stayingpower,0,0,0.000882,0.003433
397,val,texture,0,0,0.000917,0.001893
398,val,colour,0,0,0.006125,0.042277
398,val,packing,0,0,0.008568,0.019408
398,val,price,0,0,0.004051,0.010799
398,val,shipping,3,2,0.995477,0.004451
398,val,smell,0,0,0.000978,0.00238
398,val,stayingpower,0,0,0.003822,0.008372
398,val,texture,0,0,0.001992,0.004299
399,val,colour,1,1,0.001709,0.995072
399,val,packing,1,1,0.00144,0.996317
399,val,price,0,0,0.001507,0.010543
399,val,shipping,1,1,0.002059,0.996801
399,val,smell,1,1,0.006824,0.992382
399,val,stayingpower,0,0,0.013566,0.026222
399,val,texture,0,0,0.004297,0.012985
400,val,colour,0,0,0.000748,0.001455
400,val,packing,1,1,0.002804,0.986382
400,val,price,1,1,0.000636,0.998721
400,val,shipping,0,0,0.055026,0.031677
400,val,smell,0,0,0.001013,0.013755
400,val,stayingpower,0,0,0.001492,0.013422
400,val,texture,0,0,0.0037,0.003429
401,val,colour,0,0,0.016495,0.080797
401,val,packing,0,0,0.001535,0.011881
401,val,price,0,0,0.002302,0.00871
401,val,shipping,0,0,0.008714,0.002386
401,val,smell,0,0,0.001101,0.007934
401,val,stayingpower,1,1,0.004322,0.992865
401,val,texture,3,1,0.014322,0.974826
402,val,colour,1,1,0.001024,0.99824
402,val,packing,1,1,0.000669,0.995136
402,val,price,0,0,0.000714,0.007114
402,val,shipping,1,1,0.000812,0.998248
402,val,smell,0,0,0.005973,0.011156
402,val,stayingpower,0,0,0.006981,0.02738
402,val,texture,0,0,0.003335,0.00357
403,val,colour,1,1,0.014584,0.984443
403,val,packing,0,0,0.004314,0.025814
403,val,price,0,0,0.017508,0.053148
403,val,shipping,0,0,0.007589,0.009273
403,val,smell,0,0,0.151079,0.067182
403,val,stayingpower,0,0,0.032927,0.014957
403,val,texture,2,2,0.994807,0.004941
404,val,colour,1,1,0.0004,0.998975
404,val,packing,0,0,0.001359,0.009259
404,val,price,0,0,0.001834,0.010474
404,val,shipping,0,0,0.002213,0.00586
404,val,smell,1,1,0.00089,0.9988
404,val,stayingpower,0,0,0.004501,0.009305
404,val,texture,0,0,0.002713,0.017142
405,val,colour,0,0,0.002633,0.000976
405,val,packing,0,0,0.001348,0.004761
405,val,price,0,0,0.001534,0.002913
405,val,shipping,0,0,0.005991,0.00168
405,val,smell,0,0,0.000587,0.002341
405,val,stayingpower,0,0,0.001002,0.002283
405,val,texture,0,0,0.001443,0.000945
406,val,colour,0,0,0.003071,0.01133
406,val,packing,0,0,0.000465,0.004068
406,val,price,0,0,0.000792,0.004497
406,val,shipping,0,0,0.001347,0.001748
406,val,smell,0,0,0.00046,0.003894
406,val,stayingpower,0,0,0.001069,0.002536
406,val,texture,0,0,0.000836,0.001509
407,val,colour,1,1,0.192947,0.789971
407,val,packing,1,2,0.948467,0.046875
407,val,price,1,1,0.043591,0.939593
407,val,shipping,0,0,0.406578,0.033061
407,val,smell,1,1,0.132104,0.860214
407,val,stayingpower,0,0,0.186357,0.015221
407,val,texture,0,2,0.706253,0.018852
408,val,colour,0,0,0.001171,0.004993
408,val,packing,0,0,0.000605,0.009679
408,val,price,0,0,0.000957,0.004529
408,val,shipping,0,0,0.003756,0.005056
408,val,smell,0,0,0.000221,0.002022
408,val,stayingpower,0,0,0.00055,0.003002
408,val,texture,0,0,0.000464,0.001406
409,val,colour,1,1,0.001251,0.996869
409,val,packing,1,1,0.000471,0.997941
409,val,price,0,0,0.000957,0.015761
409,val,shipping,1,1,0.000687,0.999038
409,val,smell,0,0,0.008851,0.020531
409,val,stayingpower,0,0,0.007605,0.031223
409,val,texture,0,0,0.003886,0.006085
410,val,colour,0,0,0.043254,0.16852
410,val,packing,0,0,0.0291,0.043698
410,val,price,1,1,0.033449,0.949057
410,val,shipping,2,2,0.999881,6.1e-05
410,val,smell,0,0,0.015281,0.018292
410,val,stayingpower,1,1,0.033687,0.952785
410,val,texture,0,0,0.093165,0.046392
411,val,colour,0,0,0.04831,0.018944
411,val,packing,0,0,0.243756,0.115424
411,val,price,0,0,0.037968,0.054754
411,val,shipping,2,2,0.998854,0.000939
411,val,smell,3,2,0.98452,0.014782
411,val,stayingpower,0,0,0.039445,0.161311
411,val,texture,0,0,0.246039,0.034248
412,val,colour,1,1,0.002092,0.997274
412,val,packing,0,0,0.00819,0.047474
412,val,price,0,0,0.008164,0.044359
412,val,shipping,0,0,0.018508,0.016129
412,val,smell,0,0,0.046034,0.037802
412,val,stayingpower,0,0,0.011507,0.02572
412,val,texture,2,2,0.998746,0.000764
413,val,colour,1,1,0.001887,0.997111
413,val,packing,1,1,0.000347,0.99853
413,val,price,0,0,0.001208,0.010705
413,val,shipping,1,1,0.000748,0.998331
413,val,smell,0,0,0.006291,0.009856
413,val,stayingpower,0,0,0.005525,0.020107
413,val,texture,0,0,0.00328,0.002919
414,val,colour,0,0,0.00297,0.008665
414,val,packing,0,0,0.000489,0.003236
414,val,price,0,0,0.001001,0.003839
414,val,shipping,0,0,0.001674,0.001576
414,val,smell,0,0,0.00029,0.002687
414,val,stayingpower,0,0,0.000876,0.002918
414,val,texture,0,0,0.000911,0.001736
415,val,colour,0,0,0.006925,0.020774
415,val,packing,0,0,0.001701,0.00738
415,val,price,1,1,0.002548,0.996897
415,val,shipping,0,0,0.035518,0.008935
415,val,smell,0,0,0.000749,0.014608
415,val,stayingpower,3,1,0.365291,0.547025
415,val,texture,1,1,0.005401,0.949567
416,val,colour,1,1,0.125462,0.874061
416,val,packing,0,0,0.002703,0.004531
416,val,price,1,0,0.008539,0.014424
416,val,shipping,0,0,0.008224,0.003829
416,val,smell,0,0,0.00517,0.002216
416,val,stayingpower,0,1,0.004493,0.991878
416,val,texture,1,0,0.04283,0.094792
417,val,colour,1,1,0.000467,0.999422
417,val,packing,0,0,0.000371,0.006648
417,val,price,0,0,0.000941,0.004261
417,val,shipping,0,0,0.001379,0.002701
417,val,smell,0,0,0.000388,0.002588
417,val,stayingpower,0,0,0.007273,0.035202
417,val,texture,0,0,0.002153,0.00589
418,val,colour,0,0,0.002545,0.008053
418,val,packing,0,0,0.000341,0.002433
418,val,price,0,0,0.001262,0.010113
418,val,shipping,0,0,0.001496,0.001552
418,val,smell,0,0,0.000477,0.006062
418,val,stayingpower,0,0,0.001576,0.002528
418,val,texture,0,0,0.001257,0.004557
419,val,colour,1,1,0.000563,0.999291
419,val,packing,0,0,0.000182,0.001812
419,val,price,0,0,0.001519,0.007277
419,val,shipping,0,0,0.001108,0.002864
419,val,smell,0,0,0.00097,0.005571
419,val,stayingpower,0,0,0.003387,0.009644
419,val,texture,0,0,0.002055,0.004856
420,val,colour,1,1,0.011508,0.986965
420,val,packing,0,0,0.001216,0.003379
420,val,price,0,0,0.002014,0.00337
420,val,shipping,0,0,0.009795,0.004089
420,val,smell,0,0,0.002054,0.004386
420,val,stayingpower,2,1,0.011283,0.986839
420,val,texture,0,0,0.010893,0.024303
421,val,colour,1,1,0.010502,0.987134
421,val,packing,0,0,0.036444,0.085174
421,val,price,1,1,0.027455,0.926198
421,val,shipping,0,0,0.153899,0.071518
421,val,smell,2,2,0.997808,0.001028
421,val,stayingpower,0,0,0.215441,0.091993
421,val,texture,2,2,0.995788,0.002586
422,val,colour,1,1,0.000248,0.999586
422,val,packing,0,0,0.002448,0.013197
422,val,price,0,0,0.006937,0.031228
422,val,shipping,0,0,0.003502,0.010087
422,val,smell,1,1,0.000773,0.998825
422,val,stayingpower,0,0,0.025057,0.051923
422,val,texture,0,1,0.003503,0.960268
423,val,colour,1,1,0.004423,0.924402
423,val,packing,1,1,0.001021,0.985672
423,val,price,1,1,0.000526,0.996057
423,val,shipping,0,0,0.014922,0.019966
423,val,smell,0,0,0.000774,0.009283
423,val,stayingpower,0,0,0.001619,0.009866
423,val,texture,0,0,0.001422,0.000869
424,val,colour,0,0,0.005694,0.022506
424,val,packing,0,0,0.001226,0.004043
424,val,price,0,0,0.006011,0.008702
424,val,shipping,2,2,0.99966,0.000193
424,val,smell,0,0,0.001178,0.004665
424,val,stayingpower,0,0,0.001838,0.01176
424,val,texture,0,0,0.002091,0.005741
425,val,colour,0,0,0.000798,0.002662
425,val,packing,0,0,0.001444,0.039851
425,val,price,1,1,0.000938,0.996945
425,val,shipping,0,0,0.005057,0.006811
425,val,smell,0,0,0.000223,0.005727
425,val,stayingpower,0,0,0.000481,0.004557
425,val,texture,0,0,0.000614,0.001573
426,val,colour,1,1,0.000494,0.99826
426,val,packing,0,0,0.002238,0.022292
426,val,price,0,0,0.003848,0.015037
426,val,shipping,0,0,0.00662,0.011151
426,val,smell,1,1,0.000541,0.999323
426,val,stayingpower,0,0,0.00391,0.020822
426,val,texture,1,1,0.002657,0.982385
427,val,colour,0,0,0.046907,0.152881
427,val,packing,0,0,0.002508,0.005983
427,val,price,0,0,0.005314,0.004159
427,val,shipping,0,0,0.022715,0.006832
427,val,smell,0,0,0.001389,0.008351
427,val,stayingpower,2,2,0.986926,0.012863
427,val,texture,0,0,0.13507,0.19318
428,val,colour,0,0,0.009744,0.016178
428,val,packing,0,0,0.001364,0.004021
428,val,price,0,1,0.026169,0.622806
428,val,shipping,0,0,0.002707,0.001229
428,val,smell,0,0,0.000279,0.003242
428,val,stayingpower,1,1,0.471971,0.486691
428,val,texture,0,0,0.03846,0.054003
429,val,colour,1,1,0.000886,0.998273
429,val,packing,0,0,0.001767,0.017452
429,val,price,0,0,0.001474,0.006103
429,val,shipping,1,1,0.000949,0.998542
429,val,smell,1,1,0.002875,0.995977
429,val,stayingpower,0,0,0.013243,0.021142
429,val,texture,0,0,0.001672,0.039229
430,val,colour,0,0,0.001258,0.00205
430,val,packing,1,1,0.00172,0.992568
430,val,price,1,1,0.001314,0.994226
430,val,shipping,1,1,0.011347,0.985534
430,val,smell,0,0,0.001276,0.00706
430,val,stayingpower,0,0,0.002683,0.015514
430,val,texture,0,0,0.002352,0.008049
431,val,colour,0,0,0.004352,0.017898
431,val,packing,0,0,0.001307,0.028687
431,val,price,0,0,0.001079,0.007832
431,val,shipping,1,1,0.000904,0.999018
431,val,smell,0,0,0.000787,0.003804
431,val,stayingpower,0,0,0.00321,0.007132
431,val,texture,0,0,0.000471,0.003927
432,val,colour,0,0,0.002858,0.001687
432,val,packing,0,0,0.001505,0.005209
432,val,price,0,0,0.00085,0.002343
432,val,shipping,0,0,0.003996,0.001001
432,val,smell,0,0,0.001208,0.007392
432,val,stayingpower,0,0,0.002299,0.005831
432,val,texture,0,0,0.001823,0.001324
433,val,colour,1,1,0.006649,0.942856
433,val,packing,1,1,0.000229,0.999472
433,val,price,0,0,0.00094,0.005983
433,val,shipping,3,1,0.006774,0.990892
433,val,smell,0,0,0.002372,0.003392
433,val,stayingpower,0,0,0.00157,0.011549
433,val,texture,0,0,0.001337,0.001536
434,val,colour,1,1,0.003296,0.994725
434,val,packing,0,0,0.014226,0.043188
434,val,price,0,0,0.009405,0.021758
434,val,shipping,2,2,0.999133,0.000562
434,val,smell,1,1,0.004188,0.995397
434,val,stayingpower,0,0,0.021179,0.045088
434,val,texture,0,0,0.008,0.018613
435,val,colour,1,1,0.00026,0.999496
435,val,packing,0,0,0.000325,0.008127
435,val,price,0,0,0.000686,0.003518
435,val,shipping,1,1,0.001874,0.997297
435,val,smell,0,0,0.001447,0.005182
435,val,stayingpower,0,0,0.020489,0.096168
435,val,texture,0,0,0.001976,0.006833
436,val,colour,0,0,0.000918,0.002455
436,val,packing,0,0,0.00054,0.008463
436,val,price,0,0,0.000957,0.005518
436,val,shipping,0,0,0.001701,0.002726
436,val,smell,0,0,0.00021,0.002235
436,val,stayingpower,0,0,0.000566,0.003072
436,val,texture,0,0,0.000652,0.003524
437,val,colour,2,2,0.970617,0.027504
437,val,packing,0,0,0.007478,0.025543
437,val,price,0,0,0.011121,0.019743
437,val,shipping,0,0,0.003213,0.003515
437,val,smell,0,0,0.007512,0.004258
437,val,stayingpower,0,2,0.974491,0.018574
437,val,texture,2,2,0.919124,0.07524
438,val,colour,0,0,0.001614,0.003979
438,val,packing,0,0,0.000469,0.007454
438,val,price,0,0,0.001241,0.006691
438,val,shipping,0,0,0.002472,0.004486
438,val,smell,0,0,0.000433,0.008417
438,val,stayingpower,0,0,0.001074,0.004242
438,val,texture,0,1,0.004949,0.952204
439,val,colour,2,2,0.998477,0.000944
439,val,packing,0,0,0.032402,0.023408
439,val,price,1,1,0.004403,0.993186
439,val,shipping,1,1,0.018435,0.957847
439,val,smell,0,0,0.015434,0.007629
439,val,stayingpower,0,0,0.107117,0.025787
439,val,texture,0,0,0.064604,0.015225
440,val,colour,0,0,0.02096,0.042987
440,val,packing,0,0,0.00495,0.027713
440,val,price,0,0,0.003381,0.005463
440,val,shipping,0,0,0.012493,0.00573
440,val,smell,0,0,0.001975,0.013473
440,val,stayingpower,1,1,0.005969,0.992791
440,val,texture,1,1,0.012473,0.977928
441,val,colour,1,1,0.002585,0.997235
441,val,packing,0,0,0.000173,0.000824
441,val,price,0,0,0.001391,0.00591
441,val,shipping,0,0,0.001067,0.002236
441,val,smell,0,0,0.000724,0.002947
441,val,stayingpower,0,0,0.003814,0.011351
441,val,texture,0,0,0.002209,0.003835
442,val,colour,0,0,0.003276,0.01648
442,val,packing,0,0,0.000292,0.004272
442,val,price,0,0,0.000795,0.005067
442,val,shipping,1,1,0.00142,0.997275
442,val,smell,0,0,0.000424,0.004564
442,val,stayingpower,0,0,0.002173,0.006479
442,val,texture,0,0,0.000244,0.002501
443,val,colour,0,0,0.01879,0.157792
443,val,packing,0,0,0.004253,0.024158
443,val,price,0,0,0.009532,0.015436
443,val,shipping,0,0,0.021296,0.024841
443,val,smell,0,0,0.004334,0.045667
443,val,stayingpower,2,2,0.998334,0.001468
443,val,texture,1,1,0.019095,0.950077
444,val,colour,0,0,0.009749,0.014567
444,val,packing,0,0,0.004529,0.018032
444,val,price,0,0,0.005695,0.009108
444,val,shipping,2,2,0.999808,0.000118
444,val,smell,0,0,0.001964,0.004633
444,val,stayingpower,0,0,0.001252,0.008999
444,val,texture,0,0,0.002124,0.002593
445,val,colour,2,2,0.715326,0.279842
445,val,packing,0,0,0.011006,0.042428
445,val,price,1,1,0.005675,0.992023
445,val,shipping,0,0,0.040144,0.003834
445,val,smell,0,0,0.00984,0.005992
445,val,stayingpower,0,1,0.006345,0.986832
445,val,texture,2,0,0.343237,0.159105
446,val,colour,1,1,0.001736,0.99788
446,val,packing,0,0,0.005425,0.018104
446,val,price,0,0,0.009111,0.013186
446,val,shipping,2,2,0.999638,0.000254
446,val,smell,0,0,0.003032,0.008268
446,val,stayingpower,0,0,0.006226,0.03192
446,val,texture,0,0,0.010299,0.004006
447,val,colour,0,0,0.016032,0.073
447,val,packing,0,0,0.012958,0.093488
447,val,price,1,1,0.00904,0.981577
447,val,shipping,0,0,0.165845,0.015449
447,val,smell,0,0,0.010369,0.02629
447,val,stayingpower,0,0,0.022043,0.030458
447,val,texture,1,2,0.91407,0.085585
448,val,colour,1,1,0.001392,0.99851
448,val,packing,0,0,0.000738,0.007223
448,val,price,0,0,0.001263,0.004802
448,val,shipping,0,0,0.006356,0.004188
448,val,smell,0,0,0.000624,0.002096
448,val,stayingpower,0,0,0.00151,0.00469
448,val,texture,0,0,0.002883,0.001746
449,val,colour,1,1,0.000601,0.998267
449,val,packing,0,0,0.001272,0.007527
449,val,price,0,0,0.000982,0.003888
449,val,shipping,0,0,0.001861,0.001944
449,val,smell,1,1,0.002393,0.996788
449,val,stayingpower,0,0,0.004102,0.008469
449,val,texture,1,0,0.003716,0.015519
450,val,colour,0,0,0.012734,0.011633
450,val,packing,0,0,0.010852,0.009618
450,val,price,0,1,0.014008,0.970325
450,val,shipping,2,2,0.999214,0.0002
450,val,smell,0,0,0.005985,0.008534
450,val,stayingpower,0,0,0.002577,0.012193
450,val,texture,0,0,0.006801,0.00286
451,val,colour,1,1,0.001186,0.997764
451,val,packing,0,0,0.00309,0.032811
451,val,price,0,0,0.017541,0.06406
451,val,shipping,0,0,0.011102,0.016833
451,val,smell,0,0,0.029373,0.04077
451,val,stayingpower,0,0,0.010235,0.024622
451,val,texture,3,2,0.881728,0.117572
452,val,colour,0,0,0.05778,0.018323
452,val,packing,1,1,0.033237,0.914177
452,val,price,0,0,0.010215,0.014875
452,val,shipping,1,1,0.004039,0.994761
452,val,smell,2,2,0.997492,0.00194
452,val,stayingpower,0,0,0.04156,0.158075
452,val,texture,1,0,0.136204,0.382001
453,val,colour,0,0,0.001739,0.005311
453,val,packing,0,0,0.000652,0.011108
453,val,price,0,0,0.000786,0.003461
453,val,shipping,3,1,0.023214,0.961842
453,val,smell,0,0,0.000467,0.002415
453,val,stayingpower,0,0,0.000727,0.001817
453,val,texture,0,0,0.000197,0.000667
454,val,colour,1,1,0.00073,0.998179
454,val,packing,1,1,0.00054,0.997985
454,val,price,1,1,0.000397,0.998793
454,val,shipping,0,1,0.023167,0.931172
454,val,smell,0,0,0.004116,0.009824
454,val,stayingpower,0,0,0.006579,0.027935
454,val,texture,0,0,0.011428,0.006938
455,val,colour,0,0,0.002408,0.008595
455,val,packing,0,0,0.000426,0.003056
455,val,price,0,0,0.00168,0.00794
455,val,shipping,0,0,0.001481,0.00151
455,val,smell,0,0,0.000283,0.002499
455,val,stayingpower,0,0,0.001136,0.004486
455,val,texture,0,0,0.000816,0.001825
456,val,colour,0,0,0.00351,0.0094
456,val,packing,0,0,0.000442,0.007535
456,val,price,0,0,0.001119,0.006397
456,val,shipping,1,1,0.000958,0.998525
456,val,smell,0,0,0.000461,0.003221
456,val,stayingpower,0,0,0.003247,0.009614
456,val,texture,0,0,0.000455,0.005101
457,val,colour,1,1,0.000979,0.997972
457,val,packing,0,0,0.001842,0.038863
457,val,price,0,0,0.003814,0.018618
457,val,shipping,3,1,0.016328,0.9815
457,val,smell,0,0,0.00513,0.025554
457,val,stayingpower,0,0,0.019417,0.060026
457,val,texture,1,1,0.002052,0.996811
458,val,colour,1,1,0.001991,0.993783
458,val,packing,0,0,0.002584,0.005026
458,val,price,1,1,0.003499,0.992121
458,val,shipping,0,0,0.017122,0.011337
458,val,smell,0,0,0.001786,0.005981
458,val,stayingpower,1,1,0.004696,0.993485
458,val,texture,0,0,0.014296,0.041867
459,val,colour,0,0,0.008641,0.020175
459,val,packing,0,0,0.002697,0.014499
459,val,price,0,0,0.006902,0.009146
459,val,shipping,3,2,0.998744,0.000768
459,val,smell,0,0,0.001952,0.012774
459,val,stayingpower,0,0,0.002849,0.024389
459,val,texture,1,1,0.004227,0.97671
460,val,colour,0,0,0.002528,0.014307
460,val,packing,0,0,0.000295,0.002862
460,val,price,0,0,0.000751,0.004492
460,val,shipping,0,0,0.001229,0.001618
460,val,smell,0,0,0.000236,0.002391
460,val,stayingpower,0,0,0.001164,0.00309
460,val,texture,0,0,0.000823,0.001724
461,val,colour,1,1,0.004887,0.988674
461,val,packing,0,1,0.003311,0.99527
461,val,price,0,0,0.001799,0.016151
461,val,shipping,1,1,0.01541,0.982208
461,val,smell,1,1,0.006939,0.990607
461,val,stayingpower,1,1,0.030237,0.96518
461,val,texture,3,1,0.019628,0.807845
462,val,colour,1,1,0.000676,0.998721
462,val,packing,0,0,0.001742,0.01164
462,val,price,0,0,0.004688,0.01208
462,val,shipping,2,2,0.99883,0.001101
462,val,smell,0,0,0.001951,0.004534
462,val,stayingpower,0,0,0.006095,0.038806
462,val,texture,0,0,0.008066,0.009257
463,val,colour,3,1,0.195752,0.804014
463,val,packing,0,0,0.000956,0.001599
463,val,price,0,0,0.00296,0.014327
463,val,shipping,0,0,0.000557,0.000564
463,val,smell,0,0,0.00092,0.001667
463,val,stayingpower,0,0,0.007834,0.018793
463,val,texture,0,0,0.101404,0.028071
464,val,colour,0,0,0.01512,0.215981
464,val,packing,0,0,0.001904,0.009865
464,val,price,0,0,0.007326,0.01091
464,val,shipping,0,0,0.003761,0.00289
464,val,smell,0,0,0.002468,0.012429
464,val,stayingpower,2,2,0.991641,0.004309
464,val,texture,3,2,0.839937,0.125252
465,val,colour,1,1,0.292962,0.595932
465,val,packing,1,1,0.001873,0.983422
465,val,price,0,0,0.000634,0.004837
465,val,shipping,0,0,0.001992,0.004721
465,val,smell,0,0,0.003418,0.009026
465,val,stayingpower,0,0,0.001182,0.005106
465,val,texture,0,0,0.002106,0.001238
466,val,colour,0,0,0.011122,0.039059
466,val,packing,1,1,0.003187,0.989387
466,val,price,1,1,0.000474,0.999336
466,val,shipping,0,0,0.056935,0.036708
466,val,smell,1,1,0.003434,0.991322
466,val,stayingpower,0,0,0.009093,0.054938
466,val,texture,1,1,0.008907,0.966319
467,val,colour,3,1,0.044329,0.942556
467,val,packing,1,1,0.029865,0.913357
467,val,price,0,0,0.007128,0.012211
467,val,shipping,0,0,0.021868,0.119795
467,val,smell,2,2,0.999307,0.000441
467,val,stayingpower,0,0,0.022558,0.052411
467,val,texture,0,0,0.403819,0.024126
468,val,colour,1,1,0.002191,0.996567
468,val,packing,0,0,0.000108,0.000621
468,val,price,0,0,0.001207,0.006139
468,val,shipping,0,0,0.00067,0.001198
468,val,smell,0,0,0.000518,0.00528
468,val,stayingpower,0,0,0.00136,0.005893
468,val,texture,0,0,0.001664,0.007346
469,val,colour,1,1,0.000177,0.999593
469,val,packing,0,0,0.002671,0.038076
469,val,price,0,0,0.000964,0.004582
469,val,shipping,0,0,0.002149,0.004377
469,val,smell,1,1,0.001102,0.998158
469,val,stayingpower,0,0,0.004277,0.021911
469,val,texture,0,0,0.008083,0.072121
470,val,colour,0,0,0.002779,0.00541
470,val,packing,0,0,0.000928,0.005067
470,val,price,0,0,0.001418,0.005903
470,val,shipping,0,0,0.002619,0.002254
470,val,smell,0,0,0.000371,0.003341
470,val,stayingpower,0,0,0.000976,0.002344
470,val,texture,0,0,0.000634,0.000984
471,val,colour,0,0,0.084959,0.008771
471,val,packing,0,0,0.017188,0.006656
471,val,price,1,1,0.088965,0.80107
471,val,shipping,2,2,0.999821,7.7e-05
471,val,smell,0,0,0.005422,0.00334
471,val,stayingpower,0,0,0.002414,0.006425
471,val,texture,0,0,0.026291,0.003285
472,val,colour,0,0,0.001119,0.001923
472,val,packing,0,0,0.00076,0.011652
472,val,price,0,0,0.000771,0.005403
472,val,shipping,0,0,0.026505,0.052446
472,val,smell,0,0,0.000257,0.002503
472,val,stayingpower,0,0,0.000715,0.00221
472,val,texture,0,0,0.000268,0.001493
473,val,colour,1,1,0.002855,0.996325
473,val,packing,1,1,0.00577,0.98096
473,val,price,0,0,0.002181,0.004787
473,val,shipping,0,0,0.09037,0.035674
473,val,smell,0,0,0.00474,0.006376
473,val,stayingpower,1,1,0.00893,0.981684
473,val,texture,0,0,0.012028,0.012109
474,val,colour,1,1,0.008407,0.989405
474,val,packing,0,0,0.028734,0.036753
474,val,price,3,1,0.038499,0.808073
474,val,shipping,0,0,0.034332,0.042191
474,val,smell,2,2,0.999545,0.000244
474,val,stayingpower,0,0,0.038309,0.06154
474,val,texture,0,2,0.552532,0.020279
475,val,colour,0,0,0.022894,0.053747
475,val,packing,1,1,0.001663,0.997326
475,val,price,0,0,0.002813,0.010735
475,val,shipping,1,1,0.027618,0.965983
475,val,smell,0,0,0.004944,0.028474
475,val,stayingpower,1,1,0.017388,0.966121
475,val,texture,1,1,0.005116,0.974187
476,val,colour,1,1,0.001756,0.994903
476,val,packing,0,0,0.073232,0.123479
476,val,price,0,0,0.00714,0.052884
476,val,shipping,2,2,0.99372,0.003063
476,val,smell,1,1,0.019278,0.979239
476,val,stayingpower,0,0,0.050138,0.051766
476,val,texture,2,2,0.981371,0.008076
477,val,colour,1,1,0.000783,0.998109
477,val,packing,0,0,0.001399,0.037962
477,val,price,0,0,0.002527,0.011269
477,val,shipping,1,1,0.001643,0.997984
477,val,smell,0,0,0.007134,0.039546
477,val,stayingpower,0,0,0.017054,0.090389
477,val,texture,1,1,0.003028,0.994973
478,val,colour,0,0,0.000995,0.004327
478,val,packing,0,0,0.00053,0.017167
478,val,price,0,0,0.00082,0.004388
478,val,shipping,0,0,0.001919,0.004409
478,val,smell,0,0,0.000267,0.003591
478,val,stayingpower,0,0,0.00046,0.00397
478,val,texture,0,0,0.000348,0.001681
479,val,colour,1,1,0.000596,0.999178
479,val,packing,0,0,0.003384,0.022729
479,val,price,0,0,0.008845,0.018551
479,val,shipping,0,0,0.010725,0.033942
479,val,smell,0,0,0.004144,0.0258
479,val,stayingpower,2,2,0.991135,0.008494
479,val,texture,1,1,0.018056,0.97113
480,val,colour,0,0,0.00068,0.002762
480,val,packing,0,0,0.000338,0.003442
480,val,price,1,1,0.002157,0.990092
480,val,shipping,0,0,0.005092,0.004529
480,val,smell,0,0,0.000303,0.004946
480,val,stayingpower,0,0,0.000656,0.00507
480,val,texture,0,0,0.000575,0.001443
481,val,colour,0,0,0.004512,0.01485
481,val,packing,0,0,0.000516,0.008503
481,val,price,0,0,0.001157,0.00627
481,val,shipping,1,1,0.000635,0.999131
481,val,smell,0,0,0.000865,0.006637
481,val,stayingpower,0,0,0.003931,0.008413
481,val,texture,0,0,0.0004,0.004004
482,val,colour,1,1,0.400972,0.598173
482,val,packing,2,2,0.639887,0.354234
482,val,price,0,0,0.072808,0.127749
482,val,shipping,0,2,0.48725,0.059827
482,val,smell,0,0,0.252089,0.13591
482,val,stayingpower,2,2,0.990897,0.00782
482,val,texture,1,2,0.704771,0.278202
483,val,colour,1,1,0.000517,0.999045
483,val,packing,0,0,0.000931,0.006686
483,val,price,0,0,0.001827,0.007338
483,val,shipping,0,0,0.003235,0.006663
483,val,smell,1,1,0.001417,0.998209
483,val,stayingpower,0,0,0.003514,0.007544
483,val,texture,0,0,0.002191,0.012888
484,val,colour,0,0,0.003585,0.005278
484,val,packing,1,1,0.001251,0.996766
484,val,price,0,0,0.001665,0.013291
484,val,shipping,1,1,0.001873,0.997879
484,val,smell,0,0,0.003169,0.007775
484,val,stayingpower,0,0,0.002652,0.010931
484,val,texture,0,0,0.001105,0.003552
485,val,colour,0,0,0.029148,0.017757
485,val,packing,0,0,0.003056,0.011156
485,val,price,0,0,0.014283,0.01872
485,val,shipping,0,0,0.01464,0.003439
485,val,smell,0,0,0.004088,0.02184
485,val,stayingpower,2,2,0.992789,0.006454
485,val,texture,3,1,0.144561,0.82866
486,val,colour,0,0,0.003129,0.014242
486,val,packing,0,0,0.000383,0.00637
486,val,price,0,0,0.001178,0.00803
486,val,shipping,1,1,0.000796,0.99878
486,val,smell,0,0,0.000773,0.006204
486,val,stayingpower,0,0,0.002143,0.007594
486,val,texture,0,0,0.000268,0.003239
487,val,colour,0,2,0.940411,0.021425
487,val,packing,0,0,0.005245,0.020006
487,val,price,0,0,0.003799,0.019614
487,val,shipping,0,0,0.001522,0.000606
487,val,smell,1,1,0.003014,0.996752
487,val,stayingpower,0,0,0.015865,0.011868
487,val,texture,0,0,0.036839,0.215266
488,val,colour,1,1,0.000664,0.999042
488,val,packing,0,0,0.000588,0.009778
488,val,price,0,0,0.000787,0.00446
488,val,shipping,1,1,0.000522,0.998821
488,val,smell,0,0,0.004935,0.022493
488,val,stayingpower,0,0,0.021898,0.081533
488,val,texture,1,1,0.015638,0.91601
489,val,colour,1,1,0.001982,0.994937
489,val,packing,0,0,0.012132,0.075248
489,val,price,1,1,0.007295,0.988409
489,val,shipping,2,2,0.999073,0.000769
489,val,smell,0,0,0.01627,0.053011
489,val,stayingpower,0,0,0.026941,0.179817
489,val,texture,3,1,0.064831,0.918457
490,val,colour,1,1,0.001505,0.997807
490,val,packing,0,0,0.001299,0.005119
490,val,price,0,0,0.004514,0.008415
490,val,shipping,0,0,0.014958,0.00865
490,val,smell,0,0,0.000728,0.004759
490,val,stayingpower,1,1,0.005901,0.992537
490,val,texture,1,1,0.013123,0.954262
491,val,colour,1,1,0.003249,0.995862
491,val,packing,0,0,0.012491,0.075756
491,val,price,0,0,0.009283,0.027063
491,val,shipping,2,2,0.99831,0.001218
491,val,smell,3,1,0.012998,0.986271
491,val,stayingpower,0,0,0.008841,0.046921
491,val,texture,0,0,0.009405,0.027729
492,val,colour,1,1,0.001912,0.996137
492,val,packing,0,0,0.001334,0.010551
492,val,price,0,0,0.000769,0.003361
492,val,shipping,0,1,0.077354,0.60473
492,val,smell,0,0,0.014723,0.024577
492,val,stayingpower,1,1,0.025318,0.937938
492,val,texture,2,2,0.934203,0.063257
493,val,colour,1,1,0.001032,0.998206
493,val,packing,0,0,0.003596,0.026911
493,val,price,0,0,0.006035,0.010709
493,val,shipping,0,0,0.01581,0.010007
493,val,smell,0,0,0.00414,0.021601
493,val,stayingpower,1,1,0.007284,0.990944
493,val,texture,1,1,0.008267,0.988455
494,val,colour,1,1,0.000474,0.998864
494,val,packing,0,0,0.001956,0.012969
494,val,price,0,0,0.003536,0.016116
494,val,shipping,0,0,0.006539,0.011333
494,val,smell,1,1,0.000775,0.999079
494,val,stayingpower,0,0,0.010264,0.03694
494,val,texture,1,1,0.003632,0.987716
495,val,colour,0,0,0.002204,0.010902
495,val,packing,0,0,0.000697,0.01978
495,val,price,0,0,0.000425,0.003886
495,val,shipping,3,1,0.001742,0.997285
495,val,smell,0,0,0.003321,0.047037
495,val,stayingpower,0,0,0.001992,0.007976
495,val,texture,0,0,0.00056,0.005834
496,val,colour,0,0,0.021808,0.060571
496,val,packing,0,0,0.011867,0.038728
496,val,price,0,0,0.002823,0.006885
496,val,shipping,0,0,0.006596,0.001699
496,val,smell,1,1,0.003429,0.995481
496,val,stayingpower,1,1,0.029251,0.96767
496,val,texture,3,1,0.016293,0.92947
497,val,colour,1,1,0.00142,0.998305
497,val,packing,0,0,0.001692,0.007543
497,val,price,0,0,0.003393,0.008722
497,val,shipping,0,0,0.01714,0.014851
497,val,smell,0,0,0.001042,0.00264
497,val,stayingpower,1,1,0.003411,0.993764
497,val,texture,0,0,0.011298,0.052417
498,val,colour,0,1,0.219455,0.501162
498,val,packing,0,0,0.105744,0.045535
498,val,price,0,0,0.024339,0.079435
498,val,shipping,0,0,0.062872,0.007355
498,val,smell,2,1,0.025101,0.974816
498,val,stayingpower,3,2,0.840019,0.156465
498,val,texture,3,1,0.414738,0.573611
499,val,colour,1,1,0.000627,0.99891
499,val,packing,0,0,0.002611,0.023235
499,val,price,0,0,0.004416,0.018915
499,val,shipping,2,2,0.999326,0.000324
499,val,smell,0,0,0.001517,0.003985
499,val,stayingpower,0,0,0.00389,0.030582
499,val,texture,0,0,0.005902,0.004923
500,val,colour,1,1,0.000354,0.998268
500,val,packing,0,0,0.00099,0.018457
500,val,price,1,1,0.000613,0.997932
500,val,shipping,0,1,0.009515,0.952631
500,val,smell,0,0,0.000516,0.003433
500,val,stayingpower,0,0,0.00341,0.01136
500,val,texture,0,0,0.000921,0.002443
501,val,colour,0,0,0.005368,0.013235
501,val,packing,0,0,0.001065,0.017572
501,val,price,0,0,0.001166,0.007023
501,val,shipping,1,1,0.000625,0.999233
501,val,smell,0,0,0.000602,0.004199
501,val,stayingpower,0,0,0.002888,0.006716
501,val,texture,0,0,0.000408,0.004934
502,val,colour,0,0,0.001679,0.003166
502,val,packing,0,0,0.000786,0.006186
502,val,price,0,0,0.001875,0.01107
502,val,shipping,0,0,0.002692,0.00301
502,val,smell,0,0,0.000333,0.002796
502,val,stayingpower,0,0,0.000802,0.003296
502,val,texture,0,0,0.000637,0.001132
503,val,colour,0,0,0.049316,0.001676
503,val,packing,0,0,0.145316,0.022222
503,val,price,0,0,0.003246,0.002034
503,val,shipping,0,2,0.952618,0.005626
503,val,smell,0,0,0.000847,0.001011
503,val,stayingpower,0,0,0.000831,0.001061
503,val,texture,0,0,0.001815,0.001097
504,val,colour,1,1,0.000827,0.996965
504,val,packing,0,0,0.003351,0.020569
504,val,price,1,1,0.001351,0.997935
504,val,shipping,2,2,0.999119,0.000561
504,val,smell,0,0,0.003296,0.016083
504,val,stayingpower,0,0,0.011143,0.043308
504,val,texture,0,0,0.022096,0.01376
505,val,colour,0,1,0.031047,0.579616
505,val,packing,0,0,0.031312,0.104835
505,val,price,0,0,0.010424,0.013868
505,val,shipping,2,2,0.997875,0.001676
505,val,smell,1,1,0.005371,0.993331
505,val,stayingpower,1,1,0.398282,0.592362
505,val,texture,0,0,0.028708,0.430999
506,val,colour,0,0,0.003672,0.006202
506,val,packing,0,0,0.000803,0.007406
506,val,price,0,0,0.001297,0.005156
506,val,shipping,0,0,0.002277,0.001511
506,val,smell,0,0,0.000331,0.002728
506,val,stayingpower,0,0,0.000411,0.001935
506,val,texture,0,0,0.000413,0.000588
507,val,colour,0,0,0.001941,0.001148
507,val,packing,1,1,0.002128,0.994397
507,val,price,0,0,0.001484,0.010474
507,val,shipping,0,0,0.035084,0.023534
507,val,smell,0,0,0.001427,0.003272
507,val,stayingpower,0,0,0.000753,0.004096
507,val,texture,0,0,0.001325,0.001481
508,val,colour,0,0,0.001832,0.001359
508,val,packing,1,1,0.001869,0.994242
508,val,price,0,0,0.001387,0.009239
508,val,shipping,0,0,0.012533,0.017735
508,val,smell,0,0,0.001078,0.002553
508,val,stayingpower,0,0,0.001192,0.005419
508,val,texture,0,0,0.001963,0.002186
509,val,colour,1,1,0.245937,0.654292
509,val,packing,0,0,0.000499,0.00157
509,val,price,0,0,0.000845,0.002401
509,val,shipping,0,0,0.000307,0.000255
509,val,smell,0,0,0.00014,0.000505
509,val,stayingpower,0,0,0.001902,0.004111
509,val,texture,0,0,0.066176,0.022931
510,val,colour,1,1,0.000615,0.999183
510,val,packing,0,0,0.005,0.023317
510,val,price,0,0,0.007411,0.048949
510,val,shipping,0,0,0.019769,0.025225
510,val,smell,0,0,0.033121,0.026512
510,val,stayingpower,0,0,0.023016,0.033001
510,val,texture,2,2,0.998304,0.000822
511,val,colour,0,0,0.014987,0.012028
511,val,packing,1,1,0.009006,0.98722
511,val,price,0,0,0.002095,0.00437
511,val,shipping,2,2,0.997991,0.001488
511,val,smell,0,0,0.004637,0.00304
511,val,stayingpower,0,0,0.006941,0.047511
511,val,texture,0,0,0.014886,0.025181
512,val,colour,0,0,0.000504,0.002982
512,val,packing,0,0,0.001562,0.203916
512,val,price,0,0,0.000733,0.005625
512,val,shipping,0,0,0.001686,0.006281
512,val,smell,0,0,0.00014,0.001299
512,val,stayingpower,0,0,0.001157,0.020253
512,val,texture,0,0,0.000943,0.00845
513,val,colour,1,1,0.004205,0.993378
513,val,packing,0,0,0.017712,0.020063
513,val,price,0,0,0.00909,0.039486
513,val,shipping,0,0,0.169177,0.06269
513,val,smell,2,2,0.993018,0.002684
513,val,stayingpower,1,1,0.008104,0.989382
513,val,texture,0,2,0.727064,0.055398
514,val,colour,0,0,0.001143,0.005652
514,val,packing,0,0,0.002367,0.076144
514,val,price,1,1,0.001074,0.996915
514,val,shipping,1,1,0.005689,0.993324
514,val,smell,0,0,0.000746,0.011852
514,val,stayingpower,0,0,0.003163,0.045714
514,val,texture,0,1,0.002618,0.970014
515,val,colour,0,0,0.010489,0.009712
515,val,packing,1,1,0.001695,0.995251
515,val,price,0,0,0.001751,0.015442
515,val,shipping,1,1,0.004745,0.993997
515,val,smell,0,0,0.007571,0.039743
515,val,stayingpower,0,0,0.007028,0.043514
515,val,texture,1,1,0.007906,0.822293
516,val,colour,0,0,0.001254,0.001269
516,val,packing,1,1,0.000909,0.996406
516,val,price,0,0,0.001429,0.013127
516,val,shipping,0,0,0.022949,0.04257
516,val,smell,0,0,0.000948,0.00314
516,val,stayingpower,0,0,0.000982,0.011609
516,val,texture,0,0,0.002095,0.00512
517,val,colour,1,1,0.001381,0.998343
517,val,packing,0,0,0.000191,0.001461
517,val,price,0,0,0.000977,0.003226
517,val,shipping,0,0,0.001452,0.00383
517,val,smell,0,0,0.00096,0.003307
517,val,stayingpower,0,0,0.005347,0.009279
517,val,texture,0,0,0.001803,0.003455
518,val,colour,1,1,0.004547,0.991028
518,val,packing,0,0,0.0013,0.005254
518,val,price,0,0,0.00541,0.011669
518,val,shipping,0,0,0.002821,0.003075
518,val,smell,0,0,0.001411,0.002873
518,val,stayingpower,2,2,0.992836,0.006233
518,val,texture,0,0,0.037191,0.024638
519,val,colour,0,0,0.024465,0.056708
519,val,packing,0,0,0.007853,0.023624
519,val,price,0,0,0.002274,0.007809
519,val,shipping,1,1,0.018871,0.970863
519,val,smell,1,1,0.003717,0.99429
519,val,stayingpower,3,2,0.778116,0.213813
519,val,texture,0,0,0.003899,0.027964
520,val,colour,0,0,0.004066,0.015511
520,val,packing,0,0,0.000424,0.005612
520,val,price,0,0,0.000872,0.005088
520,val,shipping,1,1,0.001126,0.998431
520,val,smell,0,0,0.000675,0.005391
520,val,stayingpower,0,0,0.002695,0.004744
520,val,texture,0,0,0.000348,0.003221
521,val,colour,1,1,0.027396,0.965034
521,val,packing,0,0,0.048131,0.184634
521,val,price,0,0,0.015437,0.011353
521,val,shipping,1,1,0.008194,0.988592
521,val,smell,2,2,0.997389,0.001964
521,val,stayingpower,0,0,0.108637,0.29452
521,val,texture,1,1,0.042387,0.930905
522,val,colour,1,1,0.008277,0.989053
522,val,packing,0,0,0.02763,0.04797
522,val,price,0,0,0.016112,0.013159
522,val,shipping,2,2,0.999838,0.000145
522,val,smell,0,0,0.01216,0.028839
522,val,stayingpower,0,0,0.01809,0.086173
522,val,texture,1,1,0.02432,0.941821
523,val,colour,1,1,0.000386,0.998681
523,val,packing,0,0,0.000524,0.012452
523,val,price,0,0,0.003787,0.016993
523,val,shipping,0,0,0.007487,0.019828
523,val,smell,0,0,0.000941,0.011705
523,val,stayingpower,0,0,0.003558,0.055071
523,val,texture,1,1,0.002403,0.996411
524,val,colour,1,1,0.001809,0.992608
524,val,packing,0,0,0.000278,0.005014
524,val,price,0,0,0.000441,0.003186
524,val,shipping,1,1,0.001446,0.997483
524,val,smell,0,0,0.000924,0.007067
524,val,stayingpower,0,0,0.00355,0.007469
524,val,texture,0,0,0.000983,0.003102
525,val,colour,0,0,0.017019,0.298216
525,val,packing,0,0,0.00477,0.045207
525,val,price,0,0,0.002926,0.021331
525,val,shipping,1,1,0.010549,0.9879
525,val,smell,1,1,0.002589,0.996053
525,val,stayingpower,1,1,0.033863,0.9588
525,val,texture,1,1,0.002267,0.961854
526,val,colour,1,1,0.000759,0.998308
526,val,packing,0,0,0.000529,0.00238
526,val,price,1,1,0.000989,0.997785
526,val,shipping,0,0,0.002788,0.007955
526,val,smell,0,0,0.001135,0.006957
526,val,stayingpower,0,0,0.008921,0.020687
526,val,texture,0,0,0.004185,0.002838
527,val,colour,0,0,0.00115,0.002113
527,val,packing,0,0,0.000859,0.00428
527,val,price,1,1,0.004599,0.984773
527,val,shipping,0,0,0.004198,0.002019
527,val,smell,0,0,0.000368,0.005457
527,val,stayingpower,0,0,0.000717,0.002379
527,val,texture,0,0,0.001529,0.001948
528,val,colour,1,1,0.002692,0.996108
528,val,packing,1,1,0.001017,0.997381
528,val,price,0,0,0.002217,0.006792
528,val,shipping,1,1,0.009518,0.987979
528,val,smell,0,0,0.007654,0.021757
528,val,stayingpower,1,1,0.014652,0.975295
528,val,texture,0,1,0.020399,0.912591
529,val,colour,0,0,0.010859,0.009351
529,val,packing,0,0,0.000976,0.003398
529,val,price,0,0,0.000589,0.002063
529,val,shipping,1,1,0.071336,0.630051
529,val,smell,0,0,0.000764,0.004384
529,val,stayingpower,0,0,0.002213,0.001298
529,val,texture,0,0,0.000448,0.000785
530,val,colour,1,1,0.002047,0.99502
530,val,packing,1,1,0.002634,0.993312
530,val,price,0,0,0.002052,0.013315
530,val,shipping,2,2,0.998227,0.001528
530,val,smell,0,0,0.005856,0.010836
530,val,stayingpower,0,0,0.005213,0.027434
530,val,texture,0,0,0.005718,0.004047
531,val,colour,0,0,0.000391,0.003715
531,val,packing,0,0,0.000707,0.019152
531,val,price,1,1,0.000744,0.996776
531,val,shipping,0,0,0.029033,0.085183
531,val,smell,0,0,0.000164,0.003288
531,val,stayingpower,0,0,0.000466,0.003712
531,val,texture,0,0,0.000297,0.001681
532,val,colour,0,0,0.002351,0.001885
532,val,packing,1,1,0.001726,0.997022
532,val,price,0,0,0.001516,0.009433
532,val,shipping,0,0,0.020719,0.018506
532,val,smell,0,0,0.001211,0.00237
532,val,stayingpower,0,0,0.001677,0.007223
532,val,texture,0,0,0.002284,0.002097
533,val,colour,1,1,0.00675,0.695365
533,val,packing,0,0,0.005288,0.042487
533,val,price,0,0,0.001715,0.008261
533,val,shipping,0,0,0.001381,0.002471
533,val,smell,1,1,0.000113,0.999814
533,val,stayingpower,2,0,0.202456,0.127892
533,val,texture,0,1,0.066899,0.912944
534,val,colour,0,0,0.003188,0.003842
534,val,packing,0,0,0.000728,0.003337
534,val,price,0,0,0.002201,0.005277
534,val,shipping,0,0,0.001769,0.000677
534,val,smell,0,0,0.000743,0.006159
534,val,stayingpower,0,0,0.000763,0.00201
534,val,texture,0,0,0.000948,0.001131
535,val,colour,1,1,0.000483,0.9989
535,val,packing,0,0,0.001758,0.01365
535,val,price,0,0,0.001916,0.00692
535,val,shipping,0,0,0.005463,0.006739
535,val,smell,1,1,0.001494,0.998004
535,val,stayingpower,0,0,0.010343,0.035066
535,val,texture,1,1,0.007941,0.984107
536,val,colour,0,0,0.016713,0.002098
536,val,packing,0,0,0.039576,0.022951
536,val,price,0,0,0.004326,0.004132
536,val,shipping,0,2,0.984815,0.005989
536,val,smell,0,0,0.000493,0.000914
536,val,stayingpower,0,0,0.000765,0.001811
536,val,texture,0,0,0.000837,0.00091
537,val,colour,1,1,0.000879,0.996072
537,val,packing,0,0,0.001056,0.017771
537,val,price,1,1,0.001347,0.996911
537,val,shipping,0,0,0.00935,0.020456
537,val,smell,0,0,0.001166,0.015402
537,val,stayingpower,0,0,0.004047,0.055292
537,val,texture,1,1,0.001344,0.996935
538,val,colour,0,0,0.000887,0.001294
538,val,packing,0,0,0.002939,0.011545
538,val,price,0,0,0.00331,0.017169
538,val,shipping,0,0,0.002847,0.001352
538,val,smell,1,1,0.000923,0.997876
538,val,stayingpower,0,0,0.001932,0.004516
538,val,texture,3,1,0.112661,0.543348
539,val,colour,0,0,0.01022,0.165038
539,val,packing,0,0,0.002699,0.014152
539,val,price,0,0,0.001895,0.00816
539,val,shipping,0,0,0.020675,0.01861
539,val,smell,0,0,0.001039,0.014829
539,val,stayingpower,1,1,0.00478,0.993603
539,val,texture,1,1,0.070466,0.897164
540,val,colour,1,1,0.007477,0.991847
540,val,packing,0,0,0.004785,0.014325
540,val,price,0,0,0.002315,0.002254
540,val,shipping,0,0,0.01513,0.004142
540,val,smell,0,0,0.010401,0.014278
540,val,stayingpower,1,1,0.007314,0.989586
540,val,texture,0,0,0.177533,0.063729
541,val,colour,0,0,0.00259,0.008766
541,val,packing,1,1,0.000432,0.998798
541,val,price,0,0,0.001614,0.019202
541,val,shipping,1,1,0.003458,0.994937
541,val,smell,0,0,0.00261,0.007952
541,val,stayingpower,0,0,0.002148,0.013862
541,val,texture,0,0,0.001095,0.005094
542,val,colour,0,0,0.005297,0.001631
542,val,packing,0,0,0.001342,0.002381
542,val,price,0,0,0.002182,0.0048
542,val,shipping,1,1,0.024136,0.974579
542,val,smell,0,0,0.000692,0.002917
542,val,stayingpower,0,0,0.007346,0.003389
542,val,texture,0,0,0.000687,0.001417
543,val,colour,1,1,0.001921,0.99697
543,val,packing,1,1,0.000508,0.997811
543,val,price,0,0,0.000648,0.00491
543,val,shipping,0,0,0.007188,0.028551
543,val,smell,0,0,0.001564,0.006695
543,val,stayingpower,0,0,0.00593,0.033235
543,val,texture,0,0,0.002868,0.004792
544,val,colour,0,0,0.001462,0.009101
544,val,packing,0,0,0.00078,0.009544
544,val,price,0,0,0.004108,0.030387
544,val,shipping,0,0,0.005181,0.01299
544,val,smell,0,0,0.001513,0.050993
544,val,stayingpower,0,0,0.002834,0.029029
544,val,texture,1,1,0.002401,0.99708
545,val,colour,1,1,0.001938,0.99398
545,val,packing,0,0,0.002456,0.020528
545,val,price,1,1,0.00151,0.997417
545,val,shipping,0,0,0.007805,0.014179
545,val,smell,0,0,0.001594,0.014306
545,val,stayingpower,1,1,0.065289,0.841219
545,val,texture,1,1,0.000839,0.998295
546,val,colour,1,1,0.000669,0.99783
546,val,packing,1,1,0.001274,0.986268
546,val,price,1,1,0.000655,0.997589
546,val,shipping,0,0,0.013634,0.044923
546,val,smell,0,0,0.001222,0.014866
546,val,stayingpower,0,0,0.005945,0.047707
546,val,texture,0,1,0.025523,0.708724
547,val,colour,1,1,0.001949,0.99699
547,val,packing,1,1,0.000744,0.991398
547,val,price,0,0,0.000574,0.005853
547,val,shipping,1,1,0.000552,0.998356
547,val,smell,0,0,0.004262,0.008116
547,val,stayingpower,0,0,0.006544,0.019569
547,val,texture,0,0,0.001137,0.001669
548,val,colour,1,1,0.000387,0.999371
548,val,packing,0,0,0.001167,0.052303
548,val,price,0,0,0.001073,0.00471
548,val,shipping,3,1,0.003424,0.993187
548,val,smell,0,0,0.003111,0.017417
548,val,stayingpower,0,0,0.006314,0.041804
548,val,texture,1,1,0.0025,0.987137
549,val,colour,0,0,0.03803,0.003768
549,val,packing,0,0,0.004104,0.007495
549,val,price,0,0,0.002024,0.007034
549,val,shipping,0,0,0.007619,0.002124
549,val,smell,0,0,0.000375,0.000601
549,val,stayingpower,0,0,0.000452,0.001603
549,val,texture,0,0,0.033752,0.002701
550,val,colour,1,1,0.004125,0.992833
550,val,packing,0,0,0.023153,0.039236
550,val,price,0,0,0.024117,0.031478
550,val,shipping,0,0,0.012083,0.017275
550,val,smell,1,1,0.010321,0.9878
550,val,stayingpower,2,2,0.998705,0.000944
550,val,texture,0,0,0.031464,0.08472
551,val,colour,0,1,0.003883,0.994734
551,val,packing,0,0,0.000679,0.005624
551,val,price,0,0,0.002138,0.004273
551,val,shipping,0,0,0.00507,0.00381
551,val,smell,0,0,0.000884,0.005366
551,val,stayingpower,1,1,0.008092,0.982605
551,val,texture,1,1,0.005149,0.990726
552,val,colour,0,0,0.001424,0.002409
552,val,packing,0,0,0.000697,0.005538
552,val,price,0,0,0.001803,0.010068
552,val,shipping,0,0,0.002411,0.002452
552,val,smell,0,0,0.000427,0.003869
552,val,stayingpower,0,0,0.001135,0.003309
552,val,texture,0,0,0.001257,0.00278
553,val,colour,2,2,0.999362,0.000552
553,val,packing,0,0,0.019307,0.009699
553,val,price,0,0,0.015726,0.035745
553,val,shipping,0,0,0.003497,0.003388
553,val,smell,0,0,0.025282,0.001878
553,val,stayingpower,0,0,0.027096,0.023024
553,val,texture,0,0,0.372236,0.011025
554,val,colour,0,0,0.005813,0.009032
554,val,packing,1,1,0.002382,0.992693
554,val,price,0,0,0.001388,0.014947
554,val,shipping,1,1,0.006981,0.990202
554,val,smell,1,1,0.002731,0.996865
554,val,stayingpower,0,0,0.006483,0.014308
554,val,texture,0,0,0.001926,0.014292
555,val,colour,0,0,0.010696,0.207026
555,val,packing,0,0,0.022954,0.122748
555,val,price,0,0,0.004376,0.010442
555,val,shipping,0,0,0.030193,0.006281
555,val,smell,1,1,0.001106,0.998395
555,val,stayingpower,1,1,0.008533,0.989195
555,val,texture,1,1,0.003106,0.979874
556,val,colour,3,1,0.066261,0.931814
556,val,packing,0,0,0.025891,0.011644
556,val,price,0,0,0.010463,0.016257
556,val,shipping,2,2,0.998153,0.000637
556,val,smell,0,0,0.016904,0.015142
556,val,stayingpower,0,0,0.400451,0.047137
556,val,texture,0,2,0.944325,0.003331
557,val,colour,0,0,0.002456,0.000969
557,val,packing,1,1,0.002058,0.99574
557,val,price,0,0,0.002661,0.021097
557,val,shipping,0,0,0.03109,0.030236
557,val,smell,0,0,0.000934,0.001889
557,val,stayingpower,0,0,0.001179,0.005324
557,val,texture,0,0,0.002146,0.002181
558,val,colour,0,0,0.012853,0.052005
558,val,packing,0,0,0.00235,0.005866
558,val,price,0,0,0.005314,0.00609
558,val,shipping,2,2,0.999761,0.000126
558,val,smell,0,0,0.001541,0.005093
558,val,stayingpower,0,0,0.00168,0.009688
558,val,texture,0,0,0.001703,0.002259
559,val,colour,0,2,0.670494,0.002528
559,val,packing,0,0,0.052628,0.014796
559,val,price,0,0,0.004432,0.005774
559,val,shipping,0,0,0.010653,0.001051
559,val,smell,0,0,0.001719,0.000871
559,val,stayingpower,0,0,0.001142,0.002065
559,val,texture,0,0,0.094361,0.003103
560,val,colour,0,0,0.001481,0.002158
560,val,packing,0,0,0.000726,0.007578
560,val,price,0,0,0.00146,0.00803
560,val,shipping,0,0,0.002331,0.002549
560,val,smell,0,0,0.000419,0.00281
560,val,stayingpower,0,0,0.00067,0.00245
560,val,texture,0,0,0.00047,0.000854
561,val,colour,0,0,0.025656,0.024663
561,val,packing,0,0,0.010572,0.017824
561,val,price,0,0,0.003604,0.002667
561,val,shipping,2,2,0.999307,0.000538
561,val,smell,0,0,0.002045,0.001562
561,val,stayingpower,0,0,0.004674,0.015913
561,val,texture,0,0,0.029221,0.014617
562,val,colour,1,1,0.001169,0.998547
562,val,packing,0,0,0.00024,0.002076
562,val,price,0,0,0.000893,0.002124
562,val,shipping,0,0,0.001417,0.003014
562,val,smell,0,0,0.000345,0.002301
562,val,stayingpower,0,0,0.008064,0.02014
562,val,texture,0,0,0.001448,0.00337
563,val,colour,0,0,0.002079,0.000868
563,val,packing,0,0,0.001271,0.006116
563,val,price,0,0,0.001575,0.003467
563,val,shipping,0,0,0.002892,0.001198
563,val,smell,0,0,0.000907,0.005783
563,val,stayingpower,0,0,0.002699,0.007215
563,val,texture,0,0,0.001583,0.002525
564,val,colour,1,1,0.001197,0.998625
564,val,packing,0,0,0.000202,0.001706
564,val,price,0,0,0.001518,0.005737
564,val,shipping,0,0,0.001071,0.003141
564,val,smell,0,0,0.000435,0.002521
564,val,stayingpower,0,0,0.002311,0.011812
564,val,texture,0,0,0.002082,0.008989
565,val,colour,0,0,0.001697,0.001511
565,val,packing,0,0,0.001102,0.010874
565,val,price,0,0,0.001249,0.005912
565,val,shipping,0,0,0.003004,0.002164
565,val,smell,0,0,0.000334,0.003041
565,val,stayingpower,0,0,0.001501,0.004204
565,val,texture,0,0,0.000824,0.002406
566,val,colour,0,0,0.002005,0.005621
566,val,packing,0,0,0.000685,0.007516
566,val,price,0,0,0.000928,0.004074
566,val,shipping,0,0,0.001283,0.001941
566,val,smell,0,0,0.000373,0.003794
566,val,stayingpower,0,0,0.000823,0.002405
566,val,texture,0,0,0.000702,0.002176
567,val,colour,0,0,0.001753,0.009975
567,val,packing,0,0,0.001491,0.014265
567,val,price,1,1,0.000582,0.99896
567,val,shipping,1,1,0.003675,0.994535
567,val,smell,0,0,0.000554,0.01005
567,val,stayingpower,0,0,0.003176,0.010733
567,val,texture,0,0,0.0007,0.004565
568,val,colour,1,1,0.003781,0.988817
568,val,packing,0,0,0.024487,0.140905
568,val,price,0,0,0.010045,0.013618
568,val,shipping,2,2,0.999572,0.000374
568,val,smell,0,0,0.012386,0.022712
568,val,stayingpower,1,1,0.008323,0.989385
568,val,texture,3,1,0.031452,0.909683
569,val,colour,0,0,0.001232,0.002024
569,val,packing,0,0,0.001094,0.022015
569,val,price,0,0,0.001018,0.004842
569,val,shipping,0,0,0.003659,0.004727
569,val,smell,0,0,0.000183,0.001378
569,val,stayingpower,0,0,0.000446,0.003096
569,val,texture,0,0,0.000415,0.001199
570,val,colour,0,0,0.004013,0.02348
570,val,packing,0,0,0.000589,0.010392
570,val,price,0,0,0.00152,0.012439
570,val,shipping,1,1,0.000547,0.999289
570,val,smell,0,0,0.000674,0.005891
570,val,stayingpower,0,0,0.002717,0.007012
570,val,texture,0,0,0.00028,0.003069
571,val,colour,1,1,0.000881,0.997852
571,val,packing,0,0,0.00836,0.099696
571,val,price,0,0,0.005139,0.027471
571,val,shipping,3,2,0.99857,0.000944
571,val,smell,0,0,0.007772,0.036267
571,val,stayingpower,0,0,0.00722,0.076895
571,val,texture,1,1,0.407922,0.568529
572,val,colour,0,0,0.004097,0.003088
572,val,packing,1,1,0.001377,0.997021
572,val,price,0,0,0.001902,0.014548
572,val,shipping,1,1,0.00401,0.994797
572,val,smell,0,0,0.002429,0.005771
572,val,stayingpower,0,0,0.003081,0.012985
572,val,texture,0,0,0.0016,0.004999
573,val,colour,1,1,0.005425,0.994074
573,val,packing,0,0,0.006738,0.00781
573,val,price,0,0,0.021638,0.080381
573,val,shipping,0,0,0.072235,0.066959
573,val,smell,0,0,0.015814,0.038468
573,val,stayingpower,0,0,0.017755,0.027003
573,val,texture,1,1,0.054545,0.940956
574,val,colour,1,1,0.004603,0.98479
574,val,packing,1,1,0.000252,0.998679
574,val,price,0,0,0.000781,0.007127
574,val,shipping,0,0,0.019384,0.062794
574,val,smell,0,0,0.000953,0.001996
574,val,stayingpower,0,0,0.001335,0.008411
574,val,texture,0,0,0.002219,0.001779
575,val,colour,1,1,0.00055,0.998751
575,val,packing,0,0,0.001616,0.021364
575,val,price,0,0,0.003601,0.01361
575,val,shipping,0,0,0.007583,0.024779
575,val,smell,0,0,0.003441,0.048707
575,val,stayingpower,0,0,0.031593,0.127091
575,val,texture,1,1,0.003383,0.996505
576,val,colour,1,1,0.003175,0.995789
576,val,packing,0,0,0.000113,0.000835
576,val,price,0,0,0.000867,0.002338
576,val,shipping,0,0,0.001306,0.001507
576,val,smell,0,0,0.000539,0.002501
576,val,stayingpower,0,0,0.002293,0.00772
576,val,texture,0,0,0.001898,0.003405
577,val,colour,1,1,0.000614,0.998739
577,val,packing,0,0,0.000282,0.008331
577,val,price,0,0,0.000725,0.005238
577,val,shipping,1,1,0.000486,0.998525
577,val,smell,0,0,0.001406,0.008644
577,val,stayingpower,0,0,0.006259,0.015858
577,val,texture,0,0,0.000883,0.004116
578,val,colour,0,0,0.001855,0.001911
578,val,packing,0,0,0.000921,0.008244
578,val,price,0,0,0.001175,0.00279
578,val,shipping,0,0,0.001495,0.001178
578,val,smell,0,0,0.000393,0.002557
578,val,stayingpower,0,0,0.001532,0.006044
578,val,texture,0,0,0.000642,0.001766
579,val,colour,0,0,0.010709,0.03794
579,val,packing,0,0,0.001835,0.005303
579,val,price,0,0,0.004598,0.012125
579,val,shipping,2,2,0.999783,0.000135
579,val,smell,0,0,0.001817,0.006138
579,val,stayingpower,0,0,0.001749,0.009719
579,val,texture,0,0,0.001551,0.00309
580,val,colour,0,0,0.001471,0.001076
580,val,packing,1,1,0.002409,0.992984
580,val,price,0,0,0.001873,0.010309
580,val,shipping,0,0,0.015004,0.01181
580,val,smell,0,0,0.000916,0.003575
580,val,stayingpower,0,0,0.00063,0.003196
580,val,texture,0,0,0.00196,0.001414
581,val,colour,0,0,0.004938,0.019403
581,val,packing,0,0,0.001392,0.005673
581,val,price,0,0,0.010229,0.031145
581,val,shipping,2,2,0.989418,0.010542
581,val,smell,0,0,0.00148,0.006485
581,val,stayingpower,0,0,0.001935,0.008549
581,val,texture,0,0,0.001438,0.009594
582,val,colour,0,1,0.00117,0.997858
582,val,packing,0,0,0.000387,0.005747
582,val,price,0,0,0.000876,0.003745
582,val,shipping,1,1,0.000535,0.998955
582,val,smell,0,0,0.002224,0.007248
582,val,stayingpower,0,0,0.015652,0.024481
582,val,texture,0,0,0.001351,0.00351
583,val,colour,1,1,0.002975,0.987721
583,val,packing,0,0,0.025892,0.304052
583,val,price,1,1,0.002628,0.995608
583,val,shipping,1,1,0.020419,0.976625
583,val,smell,0,0,0.063272,0.11571
583,val,stayingpower,0,0,0.056945,0.087549
583,val,texture,1,2,0.86586,0.133213
584,val,colour,0,0,0.003872,0.008651
584,val,packing,0,0,0.000584,0.01005
584,val,price,0,0,0.001096,0.005814
584,val,shipping,1,1,0.001078,0.998409
584,val,smell,0,0,0.000458,0.003008
584,val,stayingpower,0,0,0.002622,0.007862
584,val,texture,0,0,0.000382,0.00415
585,val,colour,0,0,0.001635,0.007628
585,val,packing,0,0,0.000495,0.00342
585,val,price,1,1,0.000981,0.998239
585,val,shipping,0,0,0.004234,0.00406
585,val,smell,0,0,0.000492,0.009429
585,val,stayingpower,0,0,0.001365,0.006836
585,val,texture,0,0,0.001236,0.001875
586,val,colour,0,0,0.001429,0.005583
586,val,packing,0,0,0.000353,0.004119
586,val,price,0,0,0.000956,0.005424
586,val,shipping,0,0,0.001205,0.002042
586,val,smell,0,0,0.000289,0.005164
586,val,stayingpower,0,0,0.000918,0.005527
586,val,texture,0,0,0.000919,0.002827
587,val,colour,0,0,0.003081,0.003864
587,val,packing,1,1,0.001518,0.994079
587,val,price,0,0,0.001785,0.018874
587,val,shipping,1,1,0.003837,0.994966
587,val,smell,0,0,0.002417,0.007146
587,val,stayingpower,0,0,0.002603,0.020622
587,val,texture,0,0,0.001202,0.006296
588,val,colour,0,0,0.002861,0.011011
588,val,packing,0,0,0.000408,0.006616
588,val,price,0,0,0.000844,0.005037
588,val,shipping,1,1,0.001237,0.998098
588,val,smell,0,0,0.000722,0.005658
588,val,stayingpower,0,0,0.003311,0.010948
588,val,texture,0,0,0.00036,0.004305
589,val,colour,0,0,0.014568,0.011819
589,val,packing,1,1,0.030105,0.964106
589,val,price,1,1,0.003729,0.994369
589,val,shipping,2,2,0.999673,0.000212
589,val,smell,0,0,0.007001,0.014798
589,val,stayingpower,0,0,0.006365,0.011486
589,val,texture,0,0,0.013958,0.008364
590,val,colour,1,1,0.005654,0.986537
590,val,packing,0,0,0.007255,0.008346
590,val,price,1,1,0.003266,0.993965
590,val,shipping,0,0,0.129689,0.005779
590,val,smell,0,0,0.009728,0.00692
590,val,stayingpower,1,1,0.065207,0.842271
590,val,texture,3,2,0.987656,0.011879
591,val,colour,1,1,0.001589,0.996249
591,val,packing,0,0,0.003126,0.013599
591,val,price,0,0,0.005598,0.006492
591,val,shipping,0,0,0.02079,0.034163
591,val,smell,0,0,0.001543,0.005313
591,val,stayingpower,2,2,0.994069,0.005371
591,val,texture,0,0,0.011623,0.011629
592,val,colour,0,0,0.002354,0.014932
592,val,packing,0,0,0.001567,0.017595
592,val,price,0,0,0.004602,0.013834
592,val,shipping,2,2,0.996953,0.002998
592,val,smell,0,0,0.001354,0.003605
592,val,stayingpower,0,0,0.005171,0.059801
592,val,texture,0,0,0.00287,0.018472
593,val,colour,3,1,0.08913,0.807697
593,val,packing,1,1,0.000294,0.999236
593,val,price,0,0,0.000704,0.001866
593,val,shipping,0,0,0.006648,0.00958
593,val,smell,0,0,0.000533,0.001659
593,val,stayingpower,0,0,0.003108,0.014131
593,val,texture,3,0,0.092879,0.377923
594,val,colour,1,1,0.045668,0.907622
594,val,packing,0,0,0.028697,0.097923
594,val,price,0,0,0.013446,0.02392
594,val,shipping,0,0,0.004066,0.004114
594,val,smell,1,1,0.004601,0.99511
594,val,stayingpower,2,2,0.991681,0.005473
594,val,texture,3,2,0.619092,0.353902
595,val,colour,0,0,0.009254,0.020062
595,val,packing,0,0,0.004654,0.01234
595,val,price,0,0,0.006806,0.008352
595,val,shipping,2,2,0.999839,0.000122
595,val,smell,0,0,0.002171,0.004548
595,val,stayingpower,0,0,0.001782,0.011901
595,val,texture,0,0,0.002127,0.003803
596,val,colour,0,0,0.000867,0.001222
596,val,packing,0,0,0.000465,0.003864
596,val,price,0,0,0.001529,0.006528
596,val,shipping,0,0,0.002837,0.00168
596,val,smell,0,0,0.000387,0.005347
596,val,stayingpower,0,0,0.000498,0.002354
596,val,texture,0,0,0.000738,0.001971
597,val,colour,1,1,0.001459,0.997993
597,val,packing,0,0,0.000177,0.001568
597,val,price,0,0,0.00106,0.003611
597,val,shipping,0,0,0.000897,0.002316
597,val,smell,0,0,0.000328,0.001431
597,val,stayingpower,0,0,0.005181,0.016198
597,val,texture,0,0,0.001947,0.0051
598,val,colour,0,0,0.014452,0.035663
598,val,packing,0,0,0.01184,0.075841
598,val,price,0,0,0.013596,0.087453
598,val,shipping,0,0,0.015772,0.013496
598,val,smell,0,0,0.010932,0.011847
598,val,stayingpower,0,0,0.001517,0.007161
598,val,texture,0,2,0.997551,0.001758
599,val,colour,1,1,0.000483,0.999137
599,val,packing,0,0,0.001617,0.004821
599,val,price,0,0,0.001695,0.005369
599,val,shipping,0,0,0.001668,0.002063
599,val,smell,1,1,0.001907,0.997206
599,val,stayingpower,0,0,0.029116,0.161603
599,val,texture,0,0,0.009205,0.120492
600,val,colour,0,0,0.001194,0.001531
600,val,packing,0,0,0.000627,0.007433
600,val,price,0,0,0.001824,0.011763
600,val,shipping,0,0,0.003228,0.003058
600,val,smell,0,0,0.000504,0.00605
600,val,stayingpower,0,0,0.000633,0.002401
600,val,texture,0,0,0.000907,0.001327
601,val,colour,1,1,0.008892,0.983771
601,val,packing,0,0,0.012492,0.023234
601,val,price,1,1,0.029566,0.943701
601,val,shipping,0,0,0.043858,0.032098
601,val,smell,2,2,0.998149,0.000537
601,val,stayingpower,0,0,0.0409,0.190535
601,val,texture,1,1,0.124464,0.839359
602,val,colour,1,1,0.002415,0.996603
602,val,packing,0,0,0.000241,0.001597
602,val,price,0,0,0.000732,0.002119
602,val,shipping,0,0,0.001292,0.001972
602,val,smell,0,0,0.000546,0.001891
602,val,stayingpower,0,0,0.004995,0.008116
602,val,texture,0,0,0.002417,0.002436
603,val,colour,0,0,0.000943,0.002426
603,val,packing,0,0,0.000515,0.006435
603,val,price,0,0,0.001384,0.00784
603,val,shipping,0,0,0.001963,0.002526
603,val,smell,0,0,0.000339,0.003252
603,val,stayingpower,0,0,0.000616,0.00378
603,val,texture,0,0,0.000587,0.00185
604,val,colour,1,1,0.000714,0.998874
604,val,packing,0,0,0.000421,0.00411
604,val,price,0,0,0.002734,0.010051
604,val,shipping,0,0,0.003194,0.010065
604,val,smell,0,0,0.001534,0.01454
604,val,stayingpower,0,0,0.008377,0.063166
604,val,texture,1,1,0.002016,0.995819
605,val,colour,0,0,0.009845,0.048056
605,val,packing,0,0,0.004866,0.036707
605,val,price,0,0,0.015769,0.012616
605,val,shipping,0,0,0.018121,0.028006
605,val,smell,0,0,0.001881,0.012461
605,val,stayingpower,2,2,0.991645,0.008075
605,val,texture,1,1,0.013107,0.912362
606,val,colour,0,0,0.019985,0.100849
606,val,packing,0,0,0.003291,0.046174
606,val,price,0,0,0.022178,0.025074
606,val,shipping,0,0,0.017755,0.020672
606,val,smell,0,0,0.002919,0.04361
606,val,stayingpower,2,2,0.996909,0.002629
606,val,texture,1,1,0.015996,0.976037
607,val,colour,0,0,0.001985,0.001847
607,val,packing,1,1,0.000665,0.998716
607,val,price,0,0,0.002713,0.033998
607,val,shipping,0,0,0.053755,0.068621
607,val,smell,0,0,0.00142,0.003076
607,val,stayingpower,0,0,0.001087,0.009301
607,val,texture,0,0,0.002329,0.00317
608,val,colour,0,0,0.016094,0.153559
608,val,packing,0,0,0.023532,0.102295
608,val,price,0,0,0.010171,0.036418
608,val,shipping,0,2,0.999498,0.000385
608,val,smell,0,1,0.001464,0.998279
608,val,stayingpower,0,0,0.042636,0.190218
608,val,texture,0,0,0.025159,0.390596
609,val,colour,0,0,0.003594,0.011404
609,val,packing,0,0,0.000613,0.019176
609,val,price,0,0,0.002392,0.01559
609,val,shipping,1,1,0.003633,0.994769
609,val,smell,0,0,0.001374,0.019416
609,val,stayingpower,0,0,0.003628,0.046271
609,val,texture,1,1,0.00173,0.979472
610,val,colour,1,1,0.475703,0.523809
610,val,packing,0,0,0.019405,0.091043
610,val,price,0,0,0.004369,0.010286
610,val,shipping,1,1,0.001982,0.996261
610,val,smell,1,1,0.012805,0.985123
610,val,stayingpower,0,0,0.03354,0.03368
610,val,texture,0,0,0.006497,0.075846
611,val,colour,1,1,0.001662,0.997123
611,val,packing,1,1,0.005799,0.989431
611,val,price,0,0,0.003892,0.016764
611,val,shipping,2,2,0.999269,0.000653
611,val,smell,0,0,0.008827,0.012674
611,val,stayingpower,0,0,0.014422,0.048644
611,val,texture,0,0,0.013283,0.012083
612,val,colour,2,2,0.99624,0.001591
612,val,packing,0,0,0.022803,0.008826
612,val,price,0,0,0.00617,0.014369
612,val,shipping,1,1,0.007451,0.989401
612,val,smell,0,0,0.006399,0.001724
612,val,stayingpower,0,0,0.040807,0.032341
612,val,texture,0,0,0.026013,0.006925
613,val,colour,1,1,0.001665,0.997259
613,val,packing,0,0,0.035389,0.065558
613,val,price,0,0,0.011515,0.047158
613,val,shipping,0,0,0.020992,0.01869
613,val,smell,1,1,0.039647,0.958426
613,val,stayingpower,0,0,0.018707,0.024569
613,val,texture,0,2,0.983786,0.009708
614,val,colour,0,0,0.00367,0.003363
614,val,packing,0,0,0.00094,0.006334
614,val,price,0,0,0.001159,0.004607
614,val,shipping,0,0,0.002919,0.00173
614,val,smell,0,0,0.000435,0.003024
614,val,stayingpower,0,0,0.001611,0.004331
614,val,texture,0,0,0.001006,0.001851
615,val,colour,1,1,0.008034,0.987524
615,val,packing,0,0,0.026761,0.069043
615,val,price,0,0,0.016821,0.018298
615,val,shipping,1,1,0.003237,0.994122
615,val,smell,2,2,0.997477,0.001882
615,val,stayingpower,0,0,0.056418,0.137413
615,val,texture,0,0,0.067405,0.083956
616,val,colour,0,0,0.001158,0.008557
616,val,packing,0,0,0.001108,0.007602
616,val,price,1,1,0.002049,0.994964
616,val,shipping,1,1,0.106611,0.892929
616,val,smell,0,0,0.000992,0.008435
616,val,stayingpower,0,0,0.008201,0.026927
616,val,texture,0,0,0.00114,0.003805
617,val,colour,0,0,0.036499,0.001391
617,val,packing,0,0,0.008474,0.003021
617,val,price,0,0,0.0059,0.017072
617,val,shipping,0,0,0.013736,0.001092
617,val,smell,0,0,0.001686,0.00356
617,val,stayingpower,0,0,0.001531,0.000955
617,val,texture,0,0,0.005899,0.00058
618,val,colour,1,1,0.000618,0.998721
618,val,packing,0,0,0.001165,0.008155
618,val,price,1,1,0.000716,0.998889
618,val,shipping,0,0,0.007976,0.015094
618,val,smell,0,0,0.001833,0.024002
618,val,stayingpower,0,0,0.007963,0.047676
618,val,texture,1,1,0.006176,0.976013
619,val,colour,1,1,0.010142,0.986769
619,val,packing,0,0,0.010554,0.076988
619,val,price,0,0,0.009493,0.013526
619,val,shipping,0,0,0.038272,0.054008
619,val,smell,2,2,0.997958,0.001177
619,val,stayingpower,0,0,0.026429,0.171217
619,val,texture,1,1,0.029105,0.966148
620,val,colour,1,1,0.00117,0.997905
620,val,packing,0,0,0.000374,0.005392
620,val,price,0,0,0.000766,0.003693
620,val,shipping,1,1,0.000675,0.998658
620,val,smell,0,0,0.002158,0.00572
620,val,stayingpower,0,0,0.015984,0.01984
620,val,texture,0,0,0.001499,0.004168
621,val,colour,1,2,0.615723,0.374147
621,val,packing,0,0,0.001297,0.002766
621,val,price,0,0,0.002244,0.000726
621,val,shipping,0,0,0.008723,0.001632
621,val,smell,0,0,0.001428,0.001362
621,val,stayingpower,3,1,0.180102,0.812743
621,val,texture,3,1,0.152753,0.684422
622,val,colour,0,0,0.000783,0.005533
622,val,packing,0,0,0.000733,0.006597
622,val,price,1,1,0.001303,0.996888
622,val,shipping,0,0,0.030109,0.005889
622,val,smell,0,0,0.000288,0.006486
622,val,stayingpower,0,0,0.001025,0.00583
622,val,texture,0,0,0.000924,0.001671
623,val,colour,1,0,0.028172,0.231695
623,val,packing,0,0,0.004926,0.023563
623,val,price,0,0,0.004914,0.013354
623,val,shipping,2,2,0.998825,0.000974
623,val,smell,0,0,0.003679,0.020769
623,val,stayingpower,3,1,0.080287,0.895469
623,val,texture,0,1,0.021986,0.959486
624,val,colour,1,1,0.000574,0.999167
624,val,packing,0,0,0.00019,0.001447
624,val,price,0,0,0.000939,0.003164
624,val,shipping,0,0,0.001327,0.002289
624,val,smell,0,0,0.000718,0.003115
624,val,stayingpower,0,0,0.003422,0.012482
624,val,texture,0,0,0.002296,0.003415
625,val,colour,1,1,0.001242,0.99829
625,val,packing,0,0,0.000141,0.001077
625,val,price,0,0,0.001164,0.004666
625,val,shipping,0,0,0.001249,0.002514
625,val,smell,0,0,0.000701,0.003452
625,val,stayingpower,0,0,0.003905,0.007428
625,val,texture,0,0,0.001365,0.001291
626,val,colour,2,2,0.996671,0.002671
626,val,packing,0,0,0.008552,0.011397
626,val,price,0,0,0.009528,0.010297
626,val,shipping,0,0,0.028577,0.003126
626,val,smell,0,0,0.002346,0.003
626,val,stayingpower,0,1,0.052072,0.691224
626,val,texture,1,1,0.003968,0.991705
627,val,colour,1,1,0.002586,0.996672
627,val,packing,0,0,0.015562,0.073346
627,val,price,0,0,0.012361,0.046779
627,val,shipping,2,2,0.99864,0.000838
627,val,smell,1,1,0.005161,0.994568
627,val,stayingpower,0,0,0.015218,0.050971
627,val,texture,0,0,0.010654,0.029062
628,val,colour,0,0,0.000672,0.000964
628,val,packing,0,0,0.001228,0.018618
628,val,price,0,0,0.001269,0.006053
628,val,shipping,0,0,0.016874,0.034673
628,val,smell,0,0,0.000421,0.003004
628,val,stayingpower,0,0,0.000745,0.002549
628,val,texture,0,0,0.000509,0.002547
629,val,colour,1,1,0.000632,0.999305
629,val,packing,0,0,0.000268,0.001419
629,val,price,0,0,0.001717,0.00589
629,val,shipping,0,0,0.001234,0.00308
629,val,smell,0,0,0.000878,0.003371
629,val,stayingpower,0,0,0.006064,0.02044
629,val,texture,0,0,0.00428,0.010355
630,val,colour,0,0,0.002611,0.02369
630,val,packing,0,0,0.00105,0.009866
630,val,price,1,1,0.000739,0.99824
630,val,shipping,0,1,0.002211,0.996371
630,val,smell,0,0,0.000486,0.007397
630,val,stayingpower,0,0,0.00529,0.014107
630,val,texture,0,0,0.000442,0.002259
631,val,colour,0,0,0.004242,0.295757
631,val,packing,0,0,0.000242,0.005755
631,val,price,0,0,0.000583,0.002226
631,val,shipping,0,0,0.000773,0.001179
631,val,smell,0,0,5.3e-05,0.001265
631,val,stayingpower,0,0,0.001971,0.015751
631,val,texture,0,0,0.014165,0.302535
632,val,colour,0,0,0.006388,0.006799
632,val,packing,0,1,0.001255,0.997983
632,val,price,0,0,0.002006,0.016391
632,val,shipping,1,1,0.001932,0.997758
632,val,smell,0,0,0.003592,0.007551
632,val,stayingpower,0,0,0.003851,0.014109
632,val,texture,0,0,0.001976,0.005526
633,val,colour,0,0,0.081277,0.018806
633,val,packing,0,0,0.010413,0.006835
633,val,price,1,1,0.001222,0.998523
633,val,shipping,0,0,0.041724,0.002489
633,val,smell,1,1,0.011092,0.985037
633,val,stayingpower,0,0,0.023211,0.008954
633,val,texture,0,2,0.74242,0.024809
634,val,colour,0,0,0.00276,0.001527
634,val,packing,1,1,0.001453,0.997391
634,val,price,0,0,0.003694,0.038576
634,val,shipping,0,0,0.032727,0.028105
634,val,smell,0,0,0.001106,0.002883
634,val,stayingpower,0,0,0.001162,0.005846
634,val,texture,0,0,0.0025,0.002556
635,val,colour,2,2,0.981459,0.014191
635,val,packing,0,0,0.001421,0.001897
635,val,price,0,0,0.00138,0.002262
635,val,shipping,0,0,0.001163,0.000815
635,val,smell,0,0,0.002167,0.001598
635,val,stayingpower,0,0,0.002858,0.007431
635,val,texture,0,0,0.01068,0.00468
636,val,colour,1,1,0.001324,0.997787
636,val,packing,1,1,0.000442,0.998811
636,val,price,0,0,0.001193,0.009652
636,val,shipping,0,0,0.012963,0.06596
636,val,smell,0,0,0.005034,0.010855
636,val,stayingpower,0,0,0.009003,0.029691
636,val,texture,0,0,0.010962,0.004429
637,val,colour,3,1,0.005652,0.994064
637,val,packing,0,0,0.000315,0.002196
637,val,price,0,0,0.000527,0.001893
637,val,shipping,0,0,0.000749,0.000628
637,val,smell,0,0,0.00052,0.003645
637,val,stayingpower,0,0,0.01549,0.025322
637,val,texture,2,0,0.259566,0.057492
638,val,colour,0,0,0.002716,0.010687
638,val,packing,0,0,0.004066,0.012302
638,val,price,0,0,0.006211,0.022334
638,val,shipping,2,2,0.990184,0.009753
638,val,smell,0,0,0.001401,0.002852
638,val,stayingpower,0,0,0.007999,0.015975
638,val,texture,0,0,0.003426,0.007517
639,val,colour,1,1,0.046106,0.935309
639,val,packing,0,0,0.01094,0.019642
639,val,price,0,0,0.008217,0.018631
639,val,shipping,2,2,0.999376,0.000353
639,val,smell,0,0,0.013198,0.0571
639,val,stayingpower,2,2,0.576192,0.397985
639,val,texture,1,1,0.0063,0.991194
640,val,colour,0,0,0.00128,0.001862
640,val,packing,1,1,0.000899,0.998238
640,val,price,1,1,0.001549,0.994386
640,val,shipping,0,0,0.118565,0.115658
640,val,smell,0,0,0.001229,0.005321
640,val,stayingpower,0,0,0.001637,0.008332
640,val,texture,0,0,0.005078,0.006664
641,val,colour,0,0,0.01623,0.018715
641,val,packing,1,1,0.001681,0.995314
641,val,price,0,0,0.001611,0.011309
641,val,shipping,1,1,0.005268,0.99402
641,val,smell,0,0,0.005389,0.043776
641,val,stayingpower,0,0,0.010574,0.089984
641,val,texture,0,1,0.002152,0.989345
642,val,colour,0,0,0.036073,0.181308
642,val,packing,0,0,0.025602,0.089936
642,val,price,0,0,0.019662,0.043697
642,val,shipping,0,0,0.023089,0.014236
642,val,smell,1,1,0.003296,0.993489
642,val,stayingpower,2,2,0.998552,0.001305
642,val,texture,1,1,0.029037,0.791751
643,val,colour,0,0,0.460134,0.024148
643,val,packing,0,0,0.091216,0.154023
643,val,price,0,0,0.036087,0.047499
643,val,shipping,0,0,0.027594,0.021173
643,val,smell,2,2,0.99843,0.001231
643,val,stayingpower,0,0,0.036057,0.034002
643,val,texture,2,2,0.988427,0.007417
644,val,colour,0,0,0.001236,0.002177
644,val,packing,1,1,0.001146,0.995072
644,val,price,1,1,0.000676,0.998874
644,val,shipping,0,0,0.041379,0.031487
644,val,smell,0,0,0.001227,0.007349
644,val,stayingpower,0,0,0.002038,0.019644
644,val,texture,0,0,0.004771,0.00524
645,val,colour,1,1,0.006091,0.787257
645,val,packing,1,1,0.000425,0.993568
645,val,price,0,0,0.000306,0.003118
645,val,shipping,3,1,0.005597,0.979253
645,val,smell,0,0,0.000418,0.000962
645,val,stayingpower,0,0,0.000618,0.008301
645,val,texture,0,0,0.000291,0.000645
646,val,colour,0,0,0.006699,0.022574
646,val,packing,0,0,0.002417,0.02134
646,val,price,0,0,0.005139,0.038589
646,val,shipping,0,0,0.016375,0.008688
646,val,smell,1,1,0.000404,0.998894
646,val,stayingpower,0,0,0.001838,0.007135
646,val,texture,1,1,0.000928,0.996522
647,val,colour,1,1,0.000186,0.999637
647,val,packing,0,0,0.000715,0.01165
647,val,price,0,0,0.003082,0.012745
647,val,shipping,0,0,0.005396,0.068279
647,val,smell,0,0,0.003093,0.05837
647,val,stayingpower,0,0,0.093363,0.443596
647,val,texture,1,1,0.014208,0.984863
648,val,colour,0,0,0.005967,0.017589
648,val,packing,0,0,0.002137,0.010676
648,val,price,0,0,0.002998,0.006775
648,val,shipping,2,2,0.99959,0.000209
648,val,smell,0,0,0.001172,0.004598
648,val,stayingpower,0,0,0.000927,0.00769
648,val,texture,0,0,0.001094,0.002002
649,val,colour,1,1,0.001206,0.998485
649,val,packing,0,0,0.000382,0.006277
649,val,price,0,0,0.000784,0.003739
649,val,shipping,0,0,0.003636,0.003545
649,val,smell,0,0,0.000478,0.002062
649,val,stayingpower,0,0,0.002134,0.005812
649,val,texture,0,0,0.00125,0.000857
650,val,colour,0,0,0.02037,0.0571
650,val,packing,0,0,0.038692,0.106785
650,val,price,0,0,0.012303,0.089711
650,val,shipping,1,1,0.016661,0.977903
650,val,smell,0,0,0.018724,0.013656
650,val,stayingpower,0,0,0.033928,0.036461
650,val,texture,2,2,0.995609,0.002678
651,val,colour,1,1,0.004116,0.994752
651,val,packing,1,1,0.022195,0.962772
651,val,price,0,0,0.005918,0.018393
651,val,shipping,2,2,0.998512,0.001238
651,val,smell,0,0,0.017207,0.014878
651,val,stayingpower,1,1,0.015505,0.973526
651,val,texture,3,1,0.122548,0.468258
652,val,colour,0,0,0.002569,0.002835
652,val,packing,1,1,0.001095,0.996907
652,val,price,0,0,0.001519,0.009852
652,val,shipping,1,1,0.004079,0.99479
652,val,smell,0,0,0.002771,0.005348
652,val,stayingpower,0,0,0.001696,0.011111
652,val,texture,0,0,0.001212,0.004826
653,val,colour,1,1,0.000342,0.999616
653,val,packing,0,0,0.000341,0.002207
653,val,price,0,0,0.001262,0.004946
653,val,shipping,0,0,0.004268,0.003457
653,val,smell,0,0,0.000821,0.003046
653,val,stayingpower,1,0,0.013183,0.344044
653,val,texture,0,0,0.005105,0.009179
654,val,colour,0,0,0.002398,0.001692
654,val,packing,0,0,0.00142,0.003218
654,val,price,0,0,0.002051,0.004717
654,val,shipping,0,0,0.004127,0.001329
654,val,smell,0,0,0.000927,0.003447
654,val,stayingpower,0,0,0.000936,0.001347
654,val,texture,0,0,0.001556,0.00079
655,val,colour,1,1,0.000571,0.999286
655,val,packing,0,0,0.000259,0.001689
655,val,price,0,0,0.001735,0.004587
655,val,shipping,0,0,0.001896,0.003765
655,val,smell,0,0,0.00047,0.00133
655,val,stayingpower,0,0,0.003513,0.016305
655,val,texture,0,0,0.003517,0.007309
656,val,colour,0,0,0.002242,0.002938
656,val,packing,1,1,0.000592,0.998785
656,val,price,0,0,0.001678,0.020421
656,val,shipping,0,0,0.010312,0.016397
656,val,smell,0,0,0.001767,0.009088
656,val,stayingpower,0,0,0.001065,0.007421
656,val,texture,0,0,0.004979,0.008713
657,val,colour,0,0,0.00169,0.011961
657,val,packing,0,0,0.000415,0.00918
657,val,price,0,0,0.000827,0.005106
657,val,shipping,1,1,0.019887,0.966657
657,val,smell,0,0,0.000486,0.002529
657,val,stayingpower,0,0,0.001188,0.005582
657,val,texture,0,0,0.000147,0.00138
658,val,colour,0,0,0.019725,0.101003
658,val,packing,0,0,0.008253,0.092558
658,val,price,0,0,0.004941,0.007322
658,val,shipping,1,1,0.005795,0.992666
658,val,smell,0,0,0.005874,0.050884
658,val,stayingpower,2,2,0.984475,0.013064
658,val,texture,1,1,0.00633,0.984093
659,val,colour,0,0,0.005233,0.022034
659,val,packing,0,0,0.002026,0.013259
659,val,price,0,0,0.003594,0.008471
659,val,shipping,2,2,0.999478,0.000388
659,val,smell,0,0,0.001321,0.002348
659,val,stayingpower,0,0,0.001106,0.009952
659,val,texture,0,0,0.001215,0.003101
660,val,colour,1,0,0.026365,0.013285
660,val,packing,0,0,0.005638,0.004231
660,val,price,0,0,0.008271,0.010768
660,val,shipping,2,2,0.999827,0.000104
660,val,smell,0,0,0.003573,0.005159
660,val,stayingpower,0,0,0.002808,0.011353
660,val,texture,0,0,0.004704,0.003458
661,val,colour,0,0,0.02579,0.132373
661,val,packing,0,0,0.011562,0.055066
661,val,price,0,0,0.019922,0.050829
661,val,shipping,2,2,0.999707,0.00024
661,val,smell,1,1,0.006356,0.990695
661,val,stayingpower,0,0,0.017548,0.130626
661,val,texture,1,1,0.001905,0.988539
662,val,colour,0,0,0.012201,0.006084
662,val,packing,1,1,0.025826,0.914921
662,val,price,0,0,0.003626,0.007545
662,val,shipping,0,0,0.066729,0.01064
662,val,smell,0,0,0.001501,0.002663
662,val,stayingpower,3,1,0.098717,0.824227
662,val,texture,0,0,0.005389,0.006331
663,val,colour,1,1,0.000342,0.997598
663,val,packing,0,1,0.002869,0.5983
663,val,price,1,1,0.000343,0.99849
663,val,shipping,0,0,0.00519,0.020011
663,val,smell,0,0,0.000402,0.004542
663,val,stayingpower,0,0,0.002312,0.043011
663,val,texture,0,0,0.003175,0.0074
664,val,colour,0,0,0.048245,0.022723
664,val,packing,0,0,0.024905,0.078563
664,val,price,1,1,0.024596,0.910033
664,val,shipping,0,0,0.023502,0.010179
664,val,smell,2,2,0.99885,0.001051
664,val,stayingpower,0,0,0.17814,0.300578
664,val,texture,1,1,0.350693,0.632146
665,val,colour,1,1,0.135878,0.864014
665,val,packing,0,0,0.001719,0.002959
665,val,price,0,0,0.002632,0.011744
665,val,shipping,0,0,0.001364,0.001792
665,val,smell,0,0,0.004116,0.002522
665,val,stayingpower,0,0,0.008973,0.036289
665,val,texture,0,0,0.013711,0.006517
666,val,colour,1,1,0.021189,0.978486
666,val,packing,0,0,0.004554,0.011337
666,val,price,0,0,0.006187,0.009783
666,val,shipping,1,1,0.00686,0.948553
666,val,smell,0,0,0.02906,0.019382
666,val,stayingpower,2,2,0.990089,0.003722
666,val,texture,3,2,0.976852,0.009861
667,val,colour,1,1,0.002667,0.995969
667,val,packing,0,0,0.008917,0.019739
667,val,price,0,0,0.005662,0.004899
667,val,shipping,2,2,0.999518,0.000325
667,val,smell,0,0,0.006906,0.011531
667,val,stayingpower,1,1,0.016945,0.964586
667,val,texture,0,0,0.029763,0.023332
668,val,colour,2,2,0.997514,0.002187
668,val,packing,0,0,0.00918,0.005792
668,val,price,1,1,0.00579,0.993116
668,val,shipping,0,0,0.012086,0.01336
668,val,smell,0,0,0.031889,0.011348
668,val,stayingpower,0,0,0.356967,0.058421
668,val,texture,0,0,0.233588,0.011435
669,val,colour,0,0,0.000558,0.000657
669,val,packing,0,0,0.000516,0.004383
669,val,price,1,1,0.002318,0.993827
669,val,shipping,0,0,0.005307,0.010764
669,val,smell,0,0,0.000374,0.00631
669,val,stayingpower,0,0,0.001044,0.00615
669,val,texture,0,0,0.001363,0.003875
670,val,colour,1,1,0.000301,0.99934
670,val,packing,0,0,0.003774,0.049556
670,val,price,0,0,0.005217,0.026509
670,val,shipping,0,0,0.016109,0.016855
670,val,smell,0,0,0.013384,0.029502
670,val,stayingpower,0,0,0.027394,0.051938
670,val,texture,1,2,0.786937,0.212534
671,val,colour,0,0,0.002555,0.00123
671,val,packing,0,0,0.001463,0.005819
671,val,price,0,0,0.001055,0.003886
671,val,shipping,0,0,0.001154,0.000649
671,val,smell,0,0,0.000496,0.002498
671,val,stayingpower,0,0,0.004803,0.020788
671,val,texture,3,1,0.219074,0.569438
672,val,colour,0,0,0.001045,0.001382
672,val,packing,0,0,0.002063,0.011078
672,val,price,0,0,0.002337,0.047751
672,val,shipping,0,0,0.020185,0.004879
672,val,smell,0,0,0.000357,0.001979
672,val,stayingpower,0,0,0.000535,0.002156
672,val,texture,0,0,0.001324,0.001203
673,val,colour,0,0,0.004747,0.016564
673,val,packing,0,0,0.003045,0.013949
673,val,price,1,1,0.000581,0.999203
673,val,shipping,0,0,0.018807,0.013741
673,val,smell,1,1,0.001083,0.997238
673,val,stayingpower,0,0,0.004224,0.02806
673,val,texture,1,1,0.003341,0.951959
674,val,colour,1,1,0.028653,0.968578
674,val,packing,0,0,0.00423,0.018744
674,val,price,0,0,0.002349,0.00186
674,val,shipping,0,0,0.017443,0.008661
674,val,smell,0,0,0.006394,0.01182
674,val,stayingpower,1,1,0.004001,0.995544
674,val,texture,0,0,0.042185,0.124647
675,val,colour,0,0,0.080856,0.120495
675,val,packing,0,0,0.014655,0.072781
675,val,price,3,1,0.008256,0.986847
675,val,shipping,0,0,0.056248,0.020862
675,val,smell,2,2,0.998551,0.000897
675,val,stayingpower,0,0,0.076643,0.150431
675,val,texture,3,2,0.596482,0.358092
676,val,colour,0,0,0.005547,0.017054
676,val,packing,0,0,0.001988,0.008414
676,val,price,0,0,0.003275,0.007648
676,val,shipping,3,2,0.999452,0.00025
676,val,smell,0,0,0.000962,0.003394
676,val,stayingpower,0,0,0.001757,0.012188
676,val,texture,0,0,0.001318,0.001923
677,val,colour,0,0,0.000852,0.001042
677,val,packing,1,1,0.001165,0.99549
677,val,price,1,1,0.001512,0.995859
677,val,shipping,0,0,0.038689,0.032555
677,val,smell,0,0,0.001117,0.007671
677,val,stayingpower,0,0,0.00162,0.013472
677,val,texture,0,0,0.003643,0.003736
678,val,colour,0,0,0.002838,0.004069
678,val,packing,1,1,0.000723,0.998332
678,val,price,0,0,0.002247,0.017776
678,val,shipping,1,1,0.003365,0.995687
678,val,smell,0,0,0.002161,0.005603
678,val,stayingpower,0,0,0.002039,0.011111
678,val,texture,0,0,0.001315,0.005555
679,val,colour,0,0,0.005771,0.008362
679,val,packing,0,1,0.000583,0.998088
679,val,price,0,0,0.001774,0.021413
679,val,shipping,0,0,0.032995,0.053082
679,val,smell,0,0,0.001862,0.023035
679,val,stayingpower,0,0,0.002346,0.0156
679,val,texture,1,1,0.004407,0.978118
680,val,colour,1,1,0.000956,0.998866
680,val,packing,0,0,0.000347,0.002825
680,val,price,0,0,0.000727,0.002246
680,val,shipping,0,0,0.002313,0.003276
680,val,smell,0,0,0.000606,0.00177
680,val,stayingpower,0,0,0.004691,0.010453
680,val,texture,0,0,0.003203,0.002283
681,val,colour,0,0,0.001018,0.001335
681,val,packing,1,1,0.001124,0.996702
681,val,price,1,1,0.001309,0.997138
681,val,shipping,0,0,0.06597,0.054499
681,val,smell,0,0,0.001345,0.007088
681,val,stayingpower,0,0,0.002553,0.018829
681,val,texture,0,0,0.004779,0.005101
682,val,colour,0,0,0.00341,0.013274
682,val,packing,0,0,0.001539,0.026994
682,val,price,0,0,0.001514,0.023517
682,val,shipping,1,1,0.001884,0.996896
682,val,smell,1,1,0.000812,0.998451
682,val,stayingpower,0,0,0.004594,0.010889
682,val,texture,0,0,0.000525,0.012163
683,val,colour,0,0,0.065541,0.058186
683,val,packing,1,1,0.055143,0.935889
683,val,price,0,0,0.013893,0.077643
683,val,shipping,1,1,0.022178,0.960536
683,val,smell,1,1,0.048159,0.948866
683,val,stayingpower,0,0,0.118372,0.022159
683,val,texture,2,2,0.993436,0.00431
684,val,colour,0,0,0.010353,0.006151
684,val,packing,1,1,0.004502,0.993837
684,val,price,0,0,0.007416,0.024241
684,val,shipping,2,2,0.999046,0.000652
684,val,smell,0,0,0.010496,0.010651
684,val,stayingpower,0,0,0.004187,0.026032
684,val,texture,0,0,0.004357,0.00874
685,val,colour,1,1,0.054293,0.945494
685,val,packing,0,0,0.000734,0.007788
685,val,price,0,0,0.001461,0.010637
685,val,shipping,0,0,0.000824,0.00242
685,val,smell,0,0,0.000418,0.000642
685,val,stayingpower,0,0,0.006515,0.034686
685,val,texture,0,0,0.005897,0.012254
686,val,colour,0,0,0.000928,0.001292
686,val,packing,0,0,0.000516,0.00527
686,val,price,1,1,0.001655,0.996537
686,val,shipping,0,0,0.00651,0.004209
686,val,smell,0,0,0.000311,0.003837
686,val,stayingpower,0,0,0.00093,0.008177
686,val,texture,0,0,0.001735,0.003103
687,val,colour,1,1,0.001545,0.996046
687,val,packing,0,0,0.000609,0.014412
687,val,price,0,0,0.002406,0.007773
687,val,shipping,1,1,0.001567,0.99792
687,val,smell,0,0,0.001809,0.007684
687,val,stayingpower,0,0,0.014882,0.088689
687,val,texture,1,1,0.002651,0.989992
688,val,colour,1,1,0.002503,0.995073
688,val,packing,0,0,0.000138,0.001087
688,val,price,0,0,0.000774,0.002747
688,val,shipping,0,0,0.001208,0.002436
688,val,smell,0,0,0.000266,0.001188
688,val,stayingpower,0,0,0.002639,0.011006
688,val,texture,0,0,0.001298,0.002436
689,val,colour,0,0,0.001834,0.020553
689,val,packing,0,0,0.000235,0.007843
689,val,price,0,0,0.000769,0.007577
689,val,shipping,0,0,0.00034,0.00133
689,val,smell,0,0,0.000163,0.003991
689,val,stayingpower,0,0,0.000486,0.002824
689,val,texture,0,0,0.002149,0.017634
690,val,colour,0,0,0.002318,0.006204
690,val,packing,0,0,0.000639,0.006284
690,val,price,0,0,0.000923,0.00546
690,val,shipping,0,0,0.002074,0.002541
690,val,smell,0,0,0.000273,0.002081
690,val,stayingpower,0,0,0.000972,0.003387
690,val,texture,0,0,0.000628,0.001877
691,val,colour,1,1,0.003167,0.99532
691,val,packing,0,0,0.003073,0.007342
691,val,price,0,0,0.002126,0.004719
691,val,shipping,1,1,0.003617,0.995133
691,val,smell,1,1,0.003543,0.995872
691,val,stayingpower,3,1,0.438441,0.448456
691,val,texture,0,0,0.00313,0.035136
692,val,colour,0,1,0.002769,0.996481
692,val,packing,0,0,0.000622,0.004941
692,val,price,0,0,0.001238,0.004356
692,val,shipping,0,0,0.005659,0.002785
692,val,smell,0,0,0.000405,0.0016
692,val,stayingpower,0,1,0.001966,0.989973
692,val,texture,0,1,0.043021,0.527491
693,val,colour,0,0,0.00087,0.001455
693,val,packing,0,0,0.001004,0.010798
693,val,price,0,0,0.001343,0.006483
693,val,shipping,0,0,0.003019,0.003028
693,val,smell,0,0,0.000271,0.002202
693,val,stayingpower,0,0,0.00067,0.003352
693,val,texture,0,0,0.000771,0.002102
694,val,colour,3,1,0.00525,0.986465
694,val,packing,0,1,0.004504,0.969128
694,val,price,0,0,0.007951,0.046464
694,val,shipping,0,0,0.006645,0.019404
694,val,smell,0,0,0.009649,0.042799
694,val,stayingpower,0,0,0.057368,0.052343
694,val,texture,3,2,0.789313,0.209693
695,val,colour,0,0,0.005381,0.011406
695,val,packing,0,0,0.004496,0.017117
695,val,price,1,1,0.004963,0.992893
695,val,shipping,2,2,0.999774,9.6e-05
695,val,smell,0,0,0.001887,0.006696
695,val,stayingpower,0,0,0.001651,0.014686
695,val,texture,0,0,0.003837,0.003678
696,val,colour,0,0,0.002568,0.007972
696,val,packing,0,0,0.000608,0.00527
696,val,price,0,0,0.001371,0.00694
696,val,shipping,0,0,0.001563,0.001699
696,val,smell,0,0,0.000282,0.00339
696,val,stayingpower,0,0,0.000763,0.002354
696,val,texture,0,0,0.000673,0.00158
697,val,colour,0,0,0.003202,0.002813
697,val,packing,0,0,0.001145,0.002728
697,val,price,0,0,0.002214,0.005224
697,val,shipping,0,0,0.006314,0.002182
697,val,smell,0,0,0.000632,0.001084
697,val,stayingpower,0,0,0.000528,0.002646
697,val,texture,0,0,0.019121,0.009477
698,val,colour,3,2,0.997049,0.001835
698,val,packing,0,0,0.007784,0.012076
698,val,price,0,0,0.01315,0.01732
698,val,shipping,0,0,0.01537,0.006395
698,val,smell,0,0,0.0038,0.002895
698,val,stayingpower,3,1,0.356298,0.626458
698,val,texture,1,1,0.012367,0.980666
699,val,colour,0,0,0.017263,0.409975
699,val,packing,1,1,0.002991,0.987736
699,val,price,0,0,0.001724,0.007783
699,val,shipping,2,2,0.999634,0.000274
699,val,smell,0,0,0.001695,0.005805
699,val,stayingpower,0,0,0.002837,0.032702
699,val,texture,0,0,0.008131,0.046899
700,val,colour,1,1,0.010776,0.988406
700,val,packing,0,0,0.001075,0.024214
700,val,price,0,0,0.001241,0.006609
700,val,shipping,0,1,0.00464,0.902396
700,val,smell,1,1,0.001493,0.996534
700,val,stayingpower,0,0,0.003175,0.005641
700,val,texture,0,0,0.0011,0.020995
701,val,colour,0,0,0.006603,0.035948
701,val,packing,0,0,0.002978,0.009956
701,val,price,1,1,0.004268,0.994631
701,val,shipping,2,2,0.999725,0.000104
701,val,smell,0,0,0.002053,0.009401
701,val,stayingpower,0,0,0.002371,0.013721
701,val,texture,0,0,0.003977,0.004919
702,val,colour,0,0,0.00677,0.006131
702,val,packing,1,1,0.004953,0.992749
702,val,price,0,0,0.004644,0.02342
702,val,shipping,2,2,0.999158,0.0006
702,val,smell,0,0,0.008863,0.009567
702,val,stayingpower,0,0,0.0038,0.022457
702,val,texture,0,0,0.004492,0.00934
703,val,colour,1,0,0.012674,0.289197
703,val,packing,0,0,0.000206,0.002068
703,val,price,0,0,0.00086,0.004013
703,val,shipping,0,0,0.000888,0.001195
703,val,smell,0,0,0.000133,0.002213
703,val,stayingpower,0,0,0.000993,0.00448
703,val,texture,0,0,0.000369,0.001591
704,val,colour,2,2,0.996821,0.002155
704,val,packing,0,1,0.049972,0.761561
704,val,price,0,0,0.003638,0.01875
704,val,shipping,0,0,0.00103,0.003456
704,val,smell,0,0,0.006043,0.002286
704,val,stayingpower,0,0,0.01762,0.017574
704,val,texture,0,0,0.213602,0.019197
705,val,colour,1,1,0.001465,0.996896
705,val,packing,0,0,0.000456,0.022398
705,val,price,0,0,0.000511,0.002557
705,val,shipping,0,0,0.002051,0.006505
705,val,smell,0,0,0.000194,0.001262
705,val,stayingpower,0,0,0.000907,0.008054
705,val,texture,0,0,0.001065,0.003872
706,val,colour,0,0,0.022537,0.004095
706,val,packing,1,1,0.012154,0.983297
706,val,price,1,1,0.002649,0.996253
706,val,shipping,0,0,0.043442,0.017237
706,val,smell,2,1,0.374243,0.620334
706,val,stayingpower,0,0,0.007698,0.012634
706,val,texture,0,0,0.037538,0.006961
707,val,colour,0,0,0.003807,0.062815
707,val,packing,0,0,0.000342,0.005046
707,val,price,0,0,0.001905,0.011469
707,val,shipping,0,0,0.002369,0.007795
707,val,smell,0,0,0.000297,0.006836
707,val,stayingpower,0,0,0.001432,0.006877
707,val,texture,1,1,0.002131,0.99243
708,val,colour,0,1,0.005992,0.991781
708,val,packing,0,0,0.002292,0.007587
708,val,price,0,0,0.003794,0.006757
708,val,shipping,0,0,0.012065,0.006034
708,val,smell,0,0,0.003909,0.007939
708,val,stayingpower,1,1,0.005175,0.993988
708,val,texture,1,0,0.012714,0.029056
709,val,colour,0,0,0.00395,0.024226
709,val,packing,0,0,0.00149,0.021796
709,val,price,0,0,0.0018,0.028202
709,val,shipping,1,1,0.001387,0.998133
709,val,smell,1,1,0.000997,0.997495
709,val,stayingpower,0,0,0.006006,0.01384
709,val,texture,0,0,0.000412,0.012504
710,val,colour,1,1,0.016535,0.979104
710,val,packing,1,0,0.048713,0.463913
710,val,price,0,0,0.003197,0.002168
710,val,shipping,1,1,0.009458,0.954397
710,val,smell,2,2,0.998536,0.000745
710,val,stayingpower,0,0,0.022534,0.122685
710,val,texture,0,0,0.23239,0.167377
711,val,colour,1,1,0.000985,0.997834
711,val,packing,1,1,0.004596,0.991659
711,val,price,0,0,0.002807,0.015762
711,val,shipping,2,2,0.995574,0.004283
711,val,smell,0,0,0.013255,0.013799
711,val,stayingpower,0,0,0.017345,0.045006
711,val,texture,0,0,0.016299,0.008864
712,val,colour,0,1,0.007146,0.826889
712,val,packing,0,0,0.001475,0.031455
712,val,price,0,0,0.001447,0.010215
712,val,shipping,0,0,0.003803,0.007459
712,val,smell,1,1,0.000417,0.998996
712,val,stayingpower,0,0,0.002107,0.014897
712,val,texture,1,1,0.000401,0.997515
713,val,colour,3,1,0.001806,0.98916
713,val,packing,1,1,0.000375,0.998284
713,val,price,0,0,0.004041,0.407876
713,val,shipping,0,0,0.12718,0.234357
713,val,smell,0,0,0.000409,0.0013
713,val,stayingpower,0,0,0.000825,0.004087
713,val,texture,0,0,0.001181,0.000584
714,val,colour,1,1,0.001097,0.996554
714,val,packing,0,0,0.000968,0.027124
714,val,price,0,0,0.001882,0.011471
714,val,shipping,1,1,0.000762,0.999012
714,val,smell,0,0,0.002777,0.01768
714,val,stayingpower,0,0,0.02508,0.110588
714,val,texture,3,1,0.116363,0.854175
715,val,colour,0,0,0.12688,0.012378
715,val,packing,0,0,0.003644,0.002317
715,val,price,0,0,0.003548,0.010062
715,val,shipping,0,0,0.0024,0.001074
715,val,smell,0,0,0.000575,0.000982
715,val,stayingpower,0,0,0.002659,0.004474
715,val,texture,0,0,0.039033,0.001488
716,val,colour,0,0,0.011736,0.008956
716,val,packing,0,0,0.005733,0.00909
716,val,price,0,0,0.004091,0.004146
716,val,shipping,2,2,0.999654,0.000146
716,val,smell,0,0,0.001347,0.004001
716,val,stayingpower,0,0,0.001638,0.007746
716,val,texture,0,0,0.00259,0.001819
717,val,colour,0,0,0.000887,0.007505
717,val,packing,0,0,0.003948,0.196978
717,val,price,0,0,0.000829,0.008879
717,val,shipping,0,0,0.0013,0.002753
717,val,smell,1,1,0.000374,0.998756
717,val,stayingpower,0,0,0.001141,0.00856
717,val,texture,0,0,0.005179,0.203895
718,val,colour,0,0,0.000969,0.00043
718,val,packing,0,0,0.002188,0.015235
718,val,price,0,0,0.001253,0.003644
718,val,shipping,1,0,0.05627,0.026638
718,val,smell,0,0,0.000412,0.002171
718,val,stayingpower,0,0,0.000774,0.001854
718,val,texture,0,0,0.000429,0.000991
719,val,colour,3,2,0.853096,0.14677
719,val,packing,0,0,0.011738,0.01871
719,val,price,0,0,0.00936,0.016609
719,val,shipping,0,0,0.008008,0.00345
719,val,smell,0,0,0.009138,0.0028
719,val,stayingpower,1,1,0.244989,0.751735
719,val,texture,3,1,0.1921,0.678765
720,val,colour,1,1,0.00066,0.998459
720,val,packing,1,1,0.000942,0.992466
720,val,price,0,0,0.00113,0.010987
720,val,shipping,0,0,0.006365,0.022184
720,val,smell,0,0,0.001058,0.003608
720,val,stayingpower,0,0,0.003736,0.036521
720,val,texture,0,0,0.005648,0.006491
721,val,colour,0,0,0.001912,0.006381
721,val,packing,0,0,0.000584,0.010812
721,val,price,0,0,0.00058,0.004004
721,val,shipping,0,0,0.001547,0.002424
721,val,smell,0,0,0.000486,0.004373
721,val,stayingpower,0,0,0.001164,0.002582
721,val,texture,0,0,0.000955,0.001095
722,val,colour,1,1,0.000397,0.999085
722,val,packing,0,0,0.008009,0.027898
722,val,price,0,0,0.007014,0.022573
722,val,shipping,0,0,0.004893,0.005581
722,val,smell,1,1,0.002639,0.996475
722,val,stayingpower,2,2,0.973068,0.017286
722,val,texture,3,1,0.201299,0.781314
723,val,colour,2,2,0.99607,0.00147
723,val,packing,0,0,0.035641,0.055688
723,val,price,1,1,0.004514,0.994393
723,val,shipping,0,0,0.013103,0.007909
723,val,smell,1,1,0.026838,0.971571
723,val,stayingpower,0,0,0.023604,0.009642
723,val,texture,0,0,0.019654,0.02186
724,val,colour,0,0,0.013756,0.038583
724,val,packing,0,0,0.001053,0.006879
724,val,price,0,0,0.001552,0.00368
724,val,shipping,0,0,0.010672,0.004501
724,val,smell,0,0,0.000696,0.002603
724,val,stayingpower,1,1,0.006911,0.984541
724,val,texture,0,0,0.003094,0.011476
725,val,colour,1,1,0.000296,0.999599
725,val,packing,0,0,0.003081,0.022487
725,val,price,0,0,0.005022,0.024807
725,val,shipping,0,0,0.010282,0.013547
725,val,smell,0,0,0.012304,0.047038
725,val,stayingpower,0,2,0.507685,0.086513
725,val,texture,3,2,0.996015,0.003202
726,val,colour,0,0,0.030913,0.033213
726,val,packing,0,0,0.038877,0.044624
726,val,price,0,0,0.001124,0.002325
726,val,shipping,0,0,0.002158,0.000506
726,val,smell,0,0,0.001056,0.000904
726,val,stayingpower,0,0,0.003381,0.002889
726,val,texture,0,2,0.582586,0.021195
727,val,colour,0,0,0.015378,0.003689
727,val,packing,1,1,0.023376,0.974339
727,val,price,0,0,0.002313,0.010441
727,val,shipping,0,0,0.069733,0.026311
727,val,smell,0,0,0.002234,0.001455
727,val,stayingpower,0,0,0.009147,0.011441
727,val,texture,0,0,0.047327,0.00738
728,val,colour,0,0,0.001051,0.001296
728,val,packing,0,0,0.001093,0.009778
728,val,price,0,0,0.002078,0.013035
728,val,shipping,0,0,0.003913,0.001769
728,val,smell,0,0,0.000294,0.003362
728,val,stayingpower,0,0,0.001317,0.007562
728,val,texture,0,0,0.000748,0.001819
729,val,colour,1,1,0.005075,0.987298
729,val,packing,1,1,0.016659,0.980226
729,val,price,0,0,0.035759,0.369454
729,val,shipping,2,2,0.993883,0.005814
729,val,smell,0,0,0.020785,0.070369
729,val,stayingpower,0,0,0.024406,0.038892
729,val,texture,1,1,0.017649,0.973143
730,val,colour,0,0,0.051913,0.236938
730,val,packing,0,0,0.009148,0.020008
730,val,price,0,0,0.002308,0.012603
730,val,shipping,0,0,0.011072,0.002875
730,val,smell,0,0,0.001572,0.009169
730,val,stayingpower,0,0,0.066287,0.007121
730,val,texture,2,2,0.995599,0.002266
731,val,colour,1,1,0.00105,0.998355
731,val,packing,1,1,0.000552,0.998935
731,val,price,0,0,0.001388,0.010065
731,val,shipping,0,0,0.022773,0.06618
731,val,smell,0,0,0.011712,0.017718
731,val,stayingpower,0,0,0.011597,0.03864
731,val,texture,0,0,0.013792,0.003756
732,val,colour,0,0,0.014083,0.458722
732,val,packing,0,0,0.005212,0.031379
732,val,price,1,1,0.001721,0.997741
732,val,shipping,0,0,0.044301,0.009818
732,val,smell,0,0,0.002514,0.016318
732,val,stayingpower,1,1,0.004523,0.993714
732,val,texture,1,1,0.011976,0.978724
733,val,colour,0,0,0.004486,0.00111
733,val,packing,0,0,0.002912,0.009005
733,val,price,0,0,0.001346,0.004308
733,val,shipping,0,0,0.027234,0.002586
733,val,smell,0,0,0.000595,0.001569
733,val,stayingpower,0,0,0.000973,0.001106
733,val,texture,0,0,0.001468,0.000581
734,val,colour,1,1,0.007645,0.984211
734,val,packing,0,0,0.033017,0.057014
734,val,price,1,1,0.029873,0.938815
734,val,shipping,1,1,0.150917,0.768558
734,val,smell,2,2,0.998004,0.001088
734,val,stayingpower,1,1,0.046741,0.923398
734,val,texture,0,0,0.231186,0.171846
735,val,colour,0,0,0.005256,0.030134
735,val,packing,0,0,0.001245,0.004663
735,val,price,1,1,0.000483,0.998999
735,val,shipping,1,1,0.004283,0.994518
735,val,smell,0,0,0.000682,0.013778
735,val,stayingpower,0,0,0.0049,0.011151
735,val,texture,0,0,0.003233,0.014542
736,val,colour,0,0,0.000767,0.002968
736,val,packing,0,0,0.000821,0.006959
736,val,price,1,1,0.000832,0.998041
736,val,shipping,0,0,0.004498,0.010239
736,val,smell,0,0,0.000301,0.006706
736,val,stayingpower,0,0,0.000863,0.005981
736,val,texture,0,0,0.001232,0.004655
737,val,colour,0,0,0.009264,0.028219
737,val,packing,0,0,0.002158,0.006779
737,val,price,0,0,0.004216,0.006454
737,val,shipping,2,2,0.999559,0.000212
737,val,smell,0,0,0.000945,0.003223
737,val,stayingpower,0,0,0.001156,0.009107
737,val,texture,0,0,0.001214,0.001843
738,val,colour,1,1,0.000375,0.999405
738,val,packing,0,0,0.000231,0.003225
738,val,price,0,0,0.001011,0.002652
738,val,shipping,0,0,0.003346,0.006108
738,val,smell,0,0,0.000321,0.00121
738,val,stayingpower,0,0,0.002497,0.015499
738,val,texture,0,0,0.00178,0.004598
739,val,colour,0,0,0.002412,0.003169
739,val,packing,1,1,0.00081,0.997699
739,val,price,0,0,0.001795,0.014527
739,val,shipping,1,1,0.004003,0.994884
739,val,smell,0,0,0.003056,0.006299
739,val,stayingpower,0,0,0.001897,0.013444
739,val,texture,0,0,0.001299,0.00624
740,val,colour,1,1,0.000913,0.998901
740,val,packing,1,1,0.000853,0.995766
740,val,price,0,0,0.001088,0.010255
740,val,shipping,0,0,0.017259,0.075526
740,val,smell,0,0,0.002795,0.005164
740,val,stayingpower,0,0,0.004319,0.019923
740,val,texture,0,0,0.004698,0.003127
741,val,colour,1,1,0.025724,0.968549
741,val,packing,0,0,0.032685,0.062933
741,val,price,0,0,0.019291,0.020937
741,val,shipping,0,0,0.098421,0.071795
741,val,smell,2,2,0.99758,0.001226
741,val,stayingpower,1,1,0.033249,0.957561
741,val,texture,1,1,0.054196,0.926723
742,val,colour,1,1,0.000603,0.998881
742,val,packing,0,0,0.001187,0.011478
742,val,price,1,1,0.000986,0.998374
742,val,shipping,0,0,0.007063,0.022349
742,val,smell,0,0,0.004802,0.051532
742,val,stayingpower,0,0,0.020285,0.176358
742,val,texture,1,1,0.00274,0.995996
743,val,colour,0,0,0.001245,0.004022
743,val,packing,1,1,0.000828,0.997999
743,val,price,1,1,0.001071,0.996098
743,val,shipping,1,1,0.016837,0.979208
743,val,smell,0,0,0.002197,0.009677
743,val,stayingpower,0,0,0.001942,0.008516
743,val,texture,0,0,0.002409,0.004394
744,val,colour,1,1,0.099057,0.811307
744,val,packing,1,1,0.026055,0.973143
744,val,price,0,0,0.004029,0.008783
744,val,shipping,2,2,0.886843,0.036925
744,val,smell,1,1,0.039145,0.959522
744,val,stayingpower,0,0,0.008961,0.008329
744,val,texture,0,0,0.038084,0.035144
745,val,colour,1,1,0.00722,0.991315
745,val,packing,0,0,0.00189,0.001491
745,val,price,1,1,0.001223,0.99839
745,val,shipping,0,0,0.036383,0.004253
745,val,smell,0,0,0.005982,0.010667
745,val,stayingpower,0,0,0.003712,0.006645
745,val,texture,0,0,0.159581,0.011212
746,val,colour,0,0,0.004231,0.015024
746,val,packing,0,0,0.000566,0.009368
746,val,price,0,0,0.001447,0.010432
746,val,shipping,1,1,0.000518,0.999259
746,val,smell,0,0,0.001249,0.00905
746,val,stayingpower,0,0,0.002639,0.007926
746,val,texture,0,0,0.000525,0.006374
747,val,colour,1,1,0.00059,0.99927
747,val,packing,0,0,0.001744,0.014818
747,val,price,0,0,0.002077,0.00457
747,val,shipping,0,0,0.004034,0.004734
747,val,smell,0,0,0.001116,0.001704
747,val,stayingpower,0,0,0.139252,0.105976
747,val,texture,0,2,0.899224,0.00872
748,val,colour,0,0,0.003142,0.001904
748,val,packing,1,1,0.001687,0.995773
748,val,price,0,0,0.001883,0.014919
748,val,shipping,0,0,0.015008,0.017669
748,val,smell,0,0,0.001109,0.003192
748,val,stayingpower,0,0,0.001704,0.007638
748,val,texture,0,0,0.002083,0.00226
749,val,colour,1,1,0.060893,0.938598
749,val,packing,0,0,0.000257,0.000878
749,val,price,0,0,0.001618,0.006201
749,val,shipping,0,0,0.000886,0.001381
749,val,smell,0,0,0.000876,0.002587
749,val,stayingpower,0,0,0.003363,0.010934
749,val,texture,0,0,0.003135,0.002941
750,val,colour,0,0,0.057825,0.064852
750,val,packing,0,0,0.010047,0.029314
750,val,price,0,0,0.013848,0.016375
750,val,shipping,1,1,0.027737,0.956021
750,val,smell,0,0,0.007027,0.017552
750,val,stayingpower,2,2,0.998397,0.001384
750,val,texture,0,0,0.035108,0.02015
751,val,colour,1,1,0.004847,0.994513
751,val,packing,0,0,0.005111,0.026038
751,val,price,0,0,0.010881,0.009599
751,val,shipping,0,0,0.004541,0.01095
751,val,smell,0,0,0.011176,0.028209
751,val,stayingpower,2,2,0.994592,0.005327
751,val,texture,1,1,0.087678,0.878399
752,val,colour,0,2,0.610346,0.336895
752,val,packing,0,0,0.000473,0.004437
752,val,price,0,0,0.002264,0.011113
752,val,shipping,0,0,0.002439,0.004276
752,val,smell,0,0,0.000446,0.003647
752,val,stayingpower,0,0,0.004261,0.016512
752,val,texture,1,1,0.000861,0.997683
753,val,colour,1,1,0.001125,0.998386
753,val,packing,0,0,0.000494,0.003551
753,val,price,0,0,0.001162,0.006233
753,val,shipping,0,0,0.001613,0.002768
753,val,smell,1,1,0.001497,0.99701
753,val,stayingpower,0,0,0.003373,0.007548
753,val,texture,0,0,0.001566,0.01122
754,val,colour,0,0,0.00238,0.004201
754,val,packing,0,0,0.00051,0.003394
754,val,price,1,0,0.001044,0.005304
754,val,shipping,0,0,0.001895,0.001693
754,val,smell,0,0,0.000611,0.014398
754,val,stayingpower,0,0,0.001206,0.003534
754,val,texture,0,0,0.000727,0.001707
755,val,colour,3,1,0.130306,0.841805
755,val,packing,0,0,0.000241,0.000846
755,val,price,0,0,0.000901,0.002228
755,val,shipping,0,0,0.000734,0.000498
755,val,smell,0,0,0.000491,0.002354
755,val,stayingpower,0,0,0.000945,0.002228
755,val,texture,0,0,0.001222,0.001038
756,val,colour,1,1,0.000987,0.994842
756,val,packing,0,0,0.002827,0.455443
756,val,price,1,1,0.000264,0.999297
756,val,shipping,0,0,0.003105,0.011913
756,val,smell,0,0,0.001198,0.022283
756,val,stayingpower,0,0,0.001437,0.012561
756,val,texture,0,1,0.015773,0.734381
757,val,colour,0,0,0.001318,0.003339
757,val,packing,0,0,0.000278,0.002467
757,val,price,0,0,0.001751,0.006753
757,val,shipping,0,0,0.001814,0.001458
757,val,smell,0,0,0.000389,0.004079
757,val,stayingpower,0,0,0.00062,0.003362
757,val,texture,0,0,0.000838,0.002059
758,val,colour,1,1,0.001062,0.998797
758,val,packing,0,0,0.000199,0.001443
758,val,price,0,0,0.001025,0.004145
758,val,shipping,0,0,0.002112,0.003986
758,val,smell,0,0,0.00094,0.003435
758,val,stayingpower,0,0,0.004584,0.007794
758,val,texture,0,0,0.002221,0.003456
759,val,colour,1,1,0.001014,0.99773
759,val,packing,0,0,0.000474,0.014632
759,val,price,0,0,0.0009,0.004572
759,val,shipping,1,1,0.000449,0.999242
759,val,smell,0,0,0.001409,0.004098
759,val,stayingpower,0,0,0.008314,0.02252
759,val,texture,0,0,0.001296,0.005377
760,val,colour,0,0,0.015093,0.063374
760,val,packing,0,0,0.002328,0.005645
760,val,price,0,0,0.008122,0.008056
760,val,shipping,2,2,0.999742,0.000158
760,val,smell,0,0,0.00143,0.004662
760,val,stayingpower,0,0,0.00283,0.014224
760,val,texture,0,0,0.002533,0.003912
761,val,colour,0,0,0.018343,0.023565
761,val,packing,0,0,0.022911,0.084031
761,val,price,0,0,0.017279,0.174659
761,val,shipping,1,1,0.015604,0.98106
761,val,smell,0,0,0.02296,0.014921
761,val,stayingpower,0,0,0.01507,0.028207
761,val,texture,2,2,0.992338,0.005747
762,val,colour,1,1,0.005636,0.99121
762,val,packing,0,0,0.001737,0.00934
762,val,price,0,0,0.001976,0.004015
762,val,shipping,0,0,0.009852,0.005339
762,val,smell,0,0,0.001954,0.009915
762,val,stayingpower,1,1,0.006306,0.992829
762,val,texture,1,1,0.023915,0.970375
763,val,colour,0,0,0.085539,0.003671
763,val,packing,2,2,0.985946,0.011912
763,val,price,0,0,0.069062,0.046214
763,val,shipping,0,0,0.317835,0.014095
763,val,smell,0,0,0.035782,0.004624
763,val,stayingpower,0,0,0.04782,0.005742
763,val,texture,0,0,0.149889,0.00985
764,val,colour,0,0,0.013975,0.079362
764,val,packing,0,0,0.003031,0.040078
764,val,price,0,0,0.001088,0.00353
764,val,shipping,1,1,0.008319,0.988947
764,val,smell,0,0,0.00092,0.004002
764,val,stayingpower,1,1,0.014519,0.979555
764,val,texture,0,0,0.002542,0.041394
765,val,colour,0,0,0.000841,0.001753
765,val,packing,0,0,0.000684,0.005233
765,val,price,1,1,0.000691,0.998994
765,val,shipping,0,0,0.006108,0.010396
765,val,smell,0,0,0.000585,0.009823
765,val,stayingpower,0,0,0.001293,0.009862
765,val,texture,0,0,0.002492,0.005331
766,val,colour,0,0,0.001623,0.001258
766,val,packing,1,1,0.000749,0.997766
766,val,price,0,0,0.002811,0.029795
766,val,shipping,0,0,0.018483,0.036743
766,val,smell,0,0,0.001127,0.003259
766,val,stayingpower,0,0,0.00154,0.013635
766,val,texture,0,0,0.002669,0.006447
767,val,colour,1,1,0.019639,0.946509
767,val,packing,0,0,0.001401,0.004833
767,val,price,0,0,0.001523,0.002324
767,val,shipping,0,0,0.007308,0.007501
767,val,smell,0,0,0.001372,0.008413
767,val,stayingpower,1,1,0.005303,0.994433
767,val,texture,0,1,0.051882,0.576373
768,val,colour,0,0,0.006694,0.076023
768,val,packing,0,0,0.002254,0.030208
768,val,price,1,1,0.001047,0.996306
768,val,shipping,1,1,0.01084,0.987571
768,val,smell,0,0,0.001529,0.014568
768,val,stayingpower,1,1,0.010949,0.975718
768,val,texture,3,1,0.005354,0.949922
769,val,colour,0,0,0.001794,0.002166
769,val,packing,0,0,0.000732,0.00576
769,val,price,0,0,0.001282,0.004196
769,val,shipping,0,0,0.001964,0.001865
769,val,smell,0,0,0.000469,0.003901
769,val,stayingpower,0,0,0.001184,0.003101
769,val,texture,0,0,0.00067,0.001463
770,val,colour,0,0,0.006425,0.006958
770,val,packing,0,1,0.006871,0.987141
770,val,price,0,0,0.008049,0.021372
770,val,shipping,2,2,0.999315,0.000587
770,val,smell,0,0,0.005923,0.006726
770,val,stayingpower,0,0,0.002494,0.019392
770,val,texture,0,0,0.003429,0.009809
771,val,colour,0,0,0.001979,0.00216
771,val,packing,1,1,0.001088,0.997467
771,val,price,0,0,0.001772,0.016821
771,val,shipping,0,0,0.022985,0.026867
771,val,smell,0,0,0.001038,0.002755
771,val,stayingpower,0,0,0.001203,0.007206
771,val,texture,0,0,0.001651,0.001856
772,val,colour,2,2,0.998773,0.000963
772,val,packing,0,0,0.03882,0.036652
772,val,price,0,0,0.013529,0.010872
772,val,shipping,0,0,0.015817,0.006777
772,val,smell,0,0,0.010862,0.002104
772,val,stayingpower,1,1,0.426037,0.556633
772,val,texture,1,2,0.703191,0.284553
773,val,colour,0,0,0.001752,0.001402
773,val,packing,1,1,0.000819,0.997897
773,val,price,0,0,0.001526,0.012818
773,val,shipping,0,0,0.033105,0.056567
773,val,smell,0,0,0.001099,0.003271
773,val,stayingpower,0,0,0.001257,0.011575
773,val,texture,0,0,0.002241,0.004854
774,val,colour,0,0,0.012841,0.001799
774,val,packing,0,0,0.006223,0.00381
774,val,price,0,0,0.006836,0.012796
774,val,shipping,0,0,0.012741,0.002391
774,val,smell,0,0,0.002805,0.001815
774,val,stayingpower,0,0,0.005107,0.006233
774,val,texture,0,2,0.638219,0.006984
775,val,colour,0,0,0.003851,0.024384
775,val,packing,0,0,0.001161,0.033455
775,val,price,0,0,0.002816,0.018617
775,val,shipping,1,1,0.002983,0.99658
775,val,smell,0,0,0.001582,0.018766
775,val,stayingpower,0,0,0.004813,0.072817
775,val,texture,1,1,0.001154,0.993256
776,val,colour,0,0,0.001198,0.003175
776,val,packing,0,0,0.006849,0.098594
776,val,price,0,0,0.006026,0.058612
776,val,shipping,0,0,0.055801,0.018333
776,val,smell,1,1,0.000885,0.998978
776,val,stayingpower,0,0,0.005179,0.065682
776,val,texture,0,0,0.001256,0.013286
777,val,colour,0,0,0.004346,0.007349
777,val,packing,1,1,0.001394,0.996133
777,val,price,0,0,0.001808,0.026006
777,val,shipping,1,1,0.004957,0.9937
777,val,smell,1,1,0.003049,0.9958
777,val,stayingpower,0,0,0.006625,0.018371
777,val,texture,0,0,0.001516,0.016876
778,val,colour,1,1,0.000934,0.998841
778,val,packing,1,1,0.000546,0.998105
778,val,price,0,0,0.001152,0.010677
778,val,shipping,0,0,0.007984,0.03193
778,val,smell,0,0,0.002628,0.008346
778,val,stayingpower,0,0,0.0095,0.030741
778,val,texture,0,0,0.00791,0.007293
779,val,colour,0,0,0.002297,0.004157
779,val,packing,1,1,0.000763,0.997875
779,val,price,0,0,0.001054,0.00885
779,val,shipping,1,1,0.006632,0.991285
779,val,smell,0,0,0.002261,0.006167
779,val,stayingpower,0,0,0.001498,0.007785
779,val,texture,0,0,0.000826,0.003409
780,val,colour,1,1,0.001128,0.99803
780,val,packing,1,1,0.000483,0.998921
780,val,price,0,0,0.001845,0.017572
780,val,shipping,1,1,0.001765,0.997711
780,val,smell,0,0,0.027332,0.067899
780,val,stayingpower,0,0,0.020153,0.121229
780,val,texture,1,1,0.249803,0.6808
781,val,colour,0,0,0.00332,0.004666
781,val,packing,1,1,0.001136,0.997047
781,val,price,0,0,0.00141,0.010674
781,val,shipping,1,1,0.003149,0.996526
781,val,smell,0,0,0.003675,0.008457
781,val,stayingpower,0,0,0.002518,0.01333
781,val,texture,0,0,0.001291,0.004929
782,val,colour,0,0,0.000563,0.001476
782,val,packing,0,1,0.003299,0.542109
782,val,price,0,0,0.00071,0.004662
782,val,shipping,0,0,0.002417,0.006736
782,val,smell,0,0,0.000263,0.001685
782,val,stayingpower,0,0,0.000679,0.019301
782,val,texture,0,0,0.007053,0.043528
783,val,colour,0,0,0.006255,0.002515
783,val,packing,0,0,0.001475,0.01032
783,val,price,1,1,0.001828,0.994081
783,val,shipping,0,0,0.008391,0.001323
783,val,smell,0,0,0.000422,0.004854
783,val,stayingpower,0,0,0.00067,0.002682
783,val,texture,0,0,0.003643,0.003271
784,val,colour,0,0,0.002009,0.003757
784,val,packing,0,0,0.000418,0.00358
784,val,price,0,0,0.00125,0.005861
784,val,shipping,0,0,0.001831,0.001649
784,val,smell,0,0,0.000578,0.006147
784,val,stayingpower,0,0,0.000797,0.003217
784,val,texture,0,0,0.000501,0.001145
785,val,colour,0,0,0.003576,0.003024
785,val,packing,0,0,0.000668,0.004034
785,val,price,0,0,0.001521,0.004165
785,val,shipping,0,0,0.002877,0.00183
785,val,smell,0,0,0.000348,0.003097
785,val,stayingpower,0,0,0.000912,0.002281
785,val,texture,0,0,0.00087,0.000845
786,val,colour,2,2,0.982117,0.017674
786,val,packing,0,0,0.004898,0.022531
786,val,price,0,0,0.007545,0.022382
786,val,shipping,0,0,0.006931,0.007519
786,val,smell,0,0,0.004833,0.005128
786,val,stayingpower,0,0,0.024534,0.056636
786,val,texture,1,1,0.005918,0.991103
787,val,colour,1,1,0.001343,0.997604
787,val,packing,0,0,0.000605,0.005813
787,val,price,1,1,0.000488,0.999051
787,val,shipping,0,0,0.004616,0.004945
787,val,smell,0,0,0.00091,0.00521
787,val,stayingpower,0,0,0.00365,0.023178
787,val,texture,0,0,0.016771,0.021535
788,val,colour,1,1,0.001193,0.997866
788,val,packing,0,0,0.002976,0.026069
788,val,price,0,0,0.007365,0.015544
788,val,shipping,2,2,0.998721,0.000887
788,val,smell,0,0,0.004947,0.028379
788,val,stayingpower,0,0,0.012292,0.13146
788,val,texture,1,1,0.007857,0.974158
789,val,colour,0,0,0.00109,0.001625
789,val,packing,0,0,0.000576,0.00615
789,val,price,0,0,0.001176,0.005301
789,val,shipping,0,0,0.001908,0.001514
789,val,smell,0,0,0.000336,0.003439
789,val,stayingpower,0,0,0.000978,0.00399
789,val,texture,0,0,0.000834,0.002218
790,val,colour,2,2,0.994822,0.002251
790,val,packing,0,0,0.069937,0.223492
790,val,price,0,0,0.028682,0.072122
790,val,shipping,0,0,0.015688,0.006347
790,val,smell,1,1,0.008539,0.990271
790,val,stayingpower,0,0,0.026877,0.018581
790,val,texture,1,1,0.009294,0.976292
791,val,colour,0,0,0.005077,0.007777
791,val,packing,0,0,0.007232,0.023696
791,val,price,0,0,0.0058,0.011075
791,val,shipping,2,2,0.999469,0.000427
791,val,smell,0,0,0.001048,0.003425
791,val,stayingpower,0,0,0.001266,0.007461
791,val,texture,0,0,0.001908,0.003158
792,val,colour,1,1,0.001052,0.998162
792,val,packing,0,0,0.000546,0.002953
792,val,price,1,1,0.002251,0.99455
792,val,shipping,0,0,0.004709,0.002661
792,val,smell,0,0,0.001347,0.00881
792,val,stayingpower,0,0,0.004467,0.007326
792,val,texture,0,0,0.004837,0.001484
793,val,colour,0,0,0.017667,0.001258
793,val,packing,1,1,0.472144,0.525837
793,val,price,1,1,0.00999,0.983617
793,val,shipping,0,0,0.228345,0.012786
793,val,smell,0,0,0.023635,0.015338
793,val,stayingpower,0,0,0.012516,0.004857
793,val,texture,0,0,0.0806,0.007809
794,val,colour,0,0,0.00069,0.001549
794,val,packing,0,0,0.001912,0.021878
794,val,price,0,0,0.001109,0.003815
794,val,shipping,0,0,0.01384,0.009089
794,val,smell,0,0,0.000346,0.001372
794,val,stayingpower,0,0,0.000667,0.00535
794,val,texture,0,0,0.000983,0.002737
795,val,colour,0,1,0.00577,0.964025
795,val,packing,1,1,0.000183,0.999556
795,val,price,0,0,0.000859,0.008562
795,val,shipping,1,1,0.001493,0.997854
795,val,smell,0,0,0.004839,0.007757
795,val,stayingpower,0,0,0.003116,0.012138
795,val,texture,0,0,0.002775,0.003205
796,val,colour,3,1,0.00171,0.995183
796,val,packing,1,1,0.001339,0.997055
796,val,price,0,0,0.002081,0.019296
796,val,shipping,2,2,0.936917,0.062967
796,val,smell,0,0,0.007013,0.009986
796,val,stayingpower,0,0,0.004283,0.02728
796,val,texture,0,0,0.003742,0.005727
797,val,colour,0,0,0.002615,0.0004
797,val,packing,0,0,0.001782,0.00456
797,val,price,0,1,0.002314,0.988865
797,val,shipping,0,0,0.007762,0.001785
797,val,smell,0,0,0.002402,0.038061
797,val,stayingpower,0,0,0.00116,0.001383
797,val,texture,0,0,0.010691,0.002646
798,val,colour,0,0,0.006868,0.04219
798,val,packing,0,0,0.003703,0.016116
798,val,price,1,1,0.005002,0.993075
798,val,shipping,2,2,0.999809,0.00013
798,val,smell,0,0,0.002561,0.014131
798,val,stayingpower,0,0,0.002567,0.016193
798,val,texture,0,0,0.00423,0.008356
799,val,colour,0,0,0.006524,0.053282
799,val,packing,0,0,0.005936,0.031967
799,val,price,1,1,0.004883,0.985679
799,val,shipping,1,1,0.033887,0.961502
799,val,smell,0,0,0.003372,0.0163
799,val,stayingpower,1,1,0.027449,0.970152
799,val,texture,0,0,0.125003,0.311567
800,val,colour,1,1,0.002187,0.996075
800,val,packing,0,0,0.000323,0.002156
800,val,price,0,0,0.000656,0.001615
800,val,shipping,0,0,0.000912,0.001142
800,val,smell,0,0,0.000739,0.003793
800,val,stayingpower,0,0,0.003346,0.006915
800,val,texture,0,0,0.0015,0.000932
801,val,colour,1,1,0.000864,0.997896
801,val,packing,0,0,0.002367,0.026186
801,val,price,0,0,0.001858,0.007684
801,val,shipping,1,1,0.000931,0.998582
801,val,smell,1,1,0.003265,0.99599
801,val,stayingpower,0,0,0.015468,0.024104
801,val,texture,0,0,0.001727,0.012869
802,val,colour,0,0,0.03366,0.136792
802,val,packing,1,1,0.006642,0.98407
802,val,price,0,0,0.004805,0.020109
802,val,shipping,2,2,0.998874,0.000908
802,val,smell,0,0,0.007171,0.029419
802,val,stayingpower,0,0,0.008963,0.061566
802,val,texture,1,1,0.00411,0.979562
803,val,colour,0,0,0.00151,0.00306
803,val,packing,0,0,0.002047,0.018718
803,val,price,0,0,0.003283,0.025064
803,val,shipping,0,0,0.003033,0.003818
803,val,smell,1,1,0.001231,0.996815
803,val,stayingpower,0,0,0.001071,0.003948
803,val,texture,0,0,0.000739,0.004836
804,val,colour,0,0,0.002609,0.009788
804,val,packing,0,0,0.000334,0.005703
804,val,price,0,0,0.000972,0.007055
804,val,shipping,1,1,0.001565,0.997708
804,val,smell,0,0,0.000417,0.003364
804,val,stayingpower,0,0,0.002345,0.012393
804,val,texture,0,0,0.000371,0.005073
805,val,colour,0,1,0.010046,0.568229
805,val,packing,0,0,0.022388,0.197276
805,val,price,1,1,0.00129,0.99847
805,val,shipping,0,2,0.433213,0.35359
805,val,smell,1,1,0.010201,0.976599
805,val,stayingpower,1,1,0.004674,0.993548
805,val,texture,1,1,0.003489,0.959364
806,val,colour,0,0,0.004041,0.004511
806,val,packing,0,1,0.012516,0.641972
806,val,price,0,0,0.003895,0.015493
806,val,shipping,2,2,0.998903,0.000672
806,val,smell,0,0,0.002217,0.005545
806,val,stayingpower,0,0,0.001112,0.014426
806,val,texture,0,0,0.002168,0.016904
807,val,colour,1,1,0.006939,0.992828
807,val,packing,0,0,0.001376,0.010694
807,val,price,0,0,0.007439,0.015354
807,val,shipping,1,1,0.003536,0.994806
807,val,smell,0,0,0.011572,0.044145
807,val,stayingpower,0,0,0.03348,0.147729
807,val,texture,1,1,0.001198,0.9977
808,val,colour,1,1,0.346603,0.653298
808,val,packing,0,0,0.002804,0.002767
808,val,price,0,0,0.003573,0.009596
808,val,shipping,0,0,0.002191,0.001074
808,val,smell,0,0,0.002019,0.001962
808,val,stayingpower,0,0,0.030462,0.033712
808,val,texture,0,0,0.077037,0.010926
809,val,colour,2,2,0.995891,0.003268
809,val,packing,0,0,0.007601,0.013254
809,val,price,0,0,0.017913,0.031239
809,val,shipping,0,0,0.004666,0.004312
809,val,smell,0,0,0.005443,0.002613
809,val,stayingpower,2,2,0.986765,0.010546
809,val,texture,2,2,0.505606,0.474248
810,val,colour,1,1,0.021033,0.972906
810,val,packing,1,1,0.023692,0.966518
810,val,price,1,1,0.010122,0.982373
810,val,shipping,0,0,0.093299,0.075408
810,val,smell,2,2,0.993562,0.004534
810,val,stayingpower,0,0,0.216678,0.144821
810,val,texture,1,1,0.447762,0.516633
811,val,colour,0,0,0.004147,0.012159
811,val,packing,0,0,0.00186,0.027691
811,val,price,0,0,0.001486,0.013295
811,val,shipping,1,1,0.001675,0.997863
811,val,smell,1,1,0.001702,0.996962
811,val,stayingpower,0,0,0.006972,0.011543
811,val,texture,0,0,0.000489,0.008089
812,val,colour,0,0,0.003326,0.011161
812,val,packing,0,0,0.000957,0.011292
812,val,price,1,1,0.000981,0.998633
812,val,shipping,0,0,0.022478,0.018973
812,val,smell,0,0,0.001199,0.028615
812,val,stayingpower,0,0,0.002064,0.034808
812,val,texture,1,1,0.002667,0.993104
813,val,colour,0,0,0.004275,0.030347
813,val,packing,0,0,0.000212,0.002946
813,val,price,0,0,0.001481,0.008076
813,val,shipping,1,1,0.00053,0.998891
813,val,smell,0,0,0.000591,0.006922
813,val,stayingpower,0,0,0.003436,0.007279
813,val,texture,0,0,0.000502,0.005404
814,val,colour,3,1,0.047591,0.950985
814,val,packing,0,0,0.002481,0.008344
814,val,price,0,0,0.004835,0.01572
814,val,shipping,0,0,0.002127,0.00215
814,val,smell,1,1,0.000994,0.998755
814,val,stayingpower,0,0,0.03508,0.035977
814,val,texture,1,1,0.002549,0.993802
815,val,colour,2,2,0.989,0.008854
815,val,packing,0,0,0.007837,0.061229
815,val,price,0,0,0.013785,0.052086
815,val,shipping,0,0,0.011639,0.009536
815,val,smell,0,0,0.008524,0.006885
815,val,stayingpower,0,0,0.010965,0.052542
815,val,texture,1,1,0.005011,0.994318
816,val,colour,0,0,0.001416,0.00256
816,val,packing,0,0,0.000684,0.003057
816,val,price,1,1,0.001597,0.996947
816,val,shipping,0,0,0.003344,0.002995
816,val,smell,0,0,0.0006,0.011601
816,val,stayingpower,0,0,0.001099,0.004969
816,val,texture,0,0,0.003467,0.00398
817,val,colour,0,0,0.034717,0.468019
817,val,packing,0,0,0.006399,0.015045
817,val,price,0,0,0.008295,0.015009
817,val,shipping,0,0,0.011577,0.003757
817,val,smell,0,0,0.02126,0.035165
817,val,stayingpower,2,2,0.777421,0.211883
817,val,texture,2,2,0.998509,0.00127
818,val,colour,1,1,0.001105,0.996859
818,val,packing,1,1,0.001313,0.989783
818,val,price,1,1,0.000389,0.99904
818,val,shipping,0,0,0.016385,0.031783
818,val,smell,0,0,0.002253,0.012107
818,val,stayingpower,0,0,0.005482,0.030423
818,val,texture,0,0,0.005526,0.003429
819,val,colour,1,1,0.002666,0.997189
819,val,packing,0,0,0.004471,0.013522
819,val,price,0,0,0.002102,0.003303
819,val,shipping,0,0,0.003815,0.002019
819,val,smell,0,0,0.002376,0.001905
819,val,stayingpower,0,0,0.043866,0.031657
819,val,texture,0,0,0.277552,0.002501
820,val,colour,3,1,0.062729,0.91429
820,val,packing,0,0,0.008786,0.01114
820,val,price,0,0,0.003807,0.00609
820,val,shipping,2,2,0.99971,0.000215
820,val,smell,0,0,0.002473,0.004188
820,val,stayingpower,0,0,0.002008,0.005335
820,val,texture,0,0,0.004753,0.001492
821,val,colour,0,0,0.002331,0.000861
821,val,packing,0,0,0.001237,0.003539
821,val,price,0,0,0.00196,0.004124
821,val,shipping,0,0,0.003547,0.001271
821,val,smell,0,0,0.000563,0.002308
821,val,stayingpower,0,0,0.001552,0.001711
821,val,texture,0,0,0.00159,0.001012
822,val,colour,0,0,0.01684,0.002152
822,val,packing,0,0,0.010924,0.008174
822,val,price,0,0,0.004163,0.011055
822,val,shipping,0,2,0.911307,0.001266
822,val,smell,0,0,0.001913,0.001991
822,val,stayingpower,0,0,0.009008,0.006595
822,val,texture,0,0,0.005498,0.000742
823,val,colour,1,2,0.795444,0.204389
823,val,packing,0,0,0.024223,0.006767
823,val,price,0,0,0.010355,0.008219
823,val,shipping,2,2,0.986,0.002381
823,val,smell,0,0,0.03036,0.009081
823,val,stayingpower,0,0,0.004539,0.015401
823,val,texture,0,0,0.109871,0.007282
824,val,colour,1,1,0.003486,0.996234
824,val,packing,1,1,0.013564,0.978211
824,val,price,0,0,0.006846,0.009597
824,val,shipping,2,2,0.991492,0.00512
824,val,smell,0,0,0.011206,0.022093
824,val,stayingpower,2,2,0.963006,0.030734
824,val,texture,0,0,0.108419,0.067191
825,val,colour,0,0,0.00984,0.018928
825,val,packing,1,1,0.001503,0.997413
825,val,price,0,0,0.002014,0.019052
825,val,shipping,0,0,0.03526,0.034797
825,val,smell,1,1,0.002422,0.996806
825,val,stayingpower,0,0,0.009259,0.034151
825,val,texture,1,1,0.012051,0.940696
826,val,colour,0,0,0.002741,0.006106
826,val,packing,0,0,0.000598,0.004309
826,val,price,0,0,0.000663,0.003267
826,val,shipping,0,0,0.00167,0.001291
826,val,smell,0,0,0.000289,0.002379
826,val,stayingpower,0,0,0.001154,0.002609
826,val,texture,0,0,0.000857,0.001324
827,val,colour,0,0,0.001947,0.002458
827,val,packing,1,1,0.001439,0.995679
827,val,price,0,0,0.0022,0.021211
827,val,shipping,0,0,0.018642,0.026971
827,val,smell,0,0,0.001448,0.004797
827,val,stayingpower,0,0,0.000692,0.003099
827,val,texture,0,0,0.001862,0.001965
828,val,colour,0,0,0.002399,0.003093
828,val,packing,1,1,0.001151,0.997037
828,val,price,0,0,0.000769,0.006828
828,val,shipping,0,0,0.031312,0.035084
828,val,smell,0,0,0.000702,0.001918
828,val,stayingpower,0,0,0.001388,0.011028
828,val,texture,0,0,0.004663,0.007774
829,val,colour,0,0,0.005961,0.016771
829,val,packing,0,0,0.004412,0.02848
829,val,price,0,0,0.003302,0.00775
829,val,shipping,2,2,0.999482,0.000429
829,val,smell,0,0,0.000761,0.001997
829,val,stayingpower,0,0,0.000845,0.006552
829,val,texture,0,0,0.001546,0.003118
830,val,colour,0,0,0.002177,0.002204
830,val,packing,1,1,0.000715,0.997937
830,val,price,0,0,0.002379,0.031863
830,val,shipping,0,0,0.011976,0.023789
830,val,smell,0,0,0.001099,0.003837
830,val,stayingpower,0,0,0.000786,0.008384
830,val,texture,0,0,0.00214,0.003076
831,val,colour,0,0,0.001472,0.002065
831,val,packing,0,0,0.000623,0.006292
831,val,price,0,0,0.001509,0.007301
831,val,shipping,0,0,0.001492,0.002228
831,val,smell,0,0,0.000455,0.005518
831,val,stayingpower,0,0,0.000756,0.002723
831,val,texture,0,0,0.000426,0.001068
832,val,colour,0,0,0.045961,0.033098
832,val,packing,1,1,0.056107,0.914321
832,val,price,0,0,0.015544,0.038423
832,val,shipping,3,2,0.992496,0.006851
832,val,smell,2,2,0.983208,0.014451
832,val,stayingpower,0,0,0.067945,0.209737
832,val,texture,1,1,0.224354,0.768668
833,val,colour,0,0,0.001638,0.011094
833,val,packing,0,0,0.000826,0.010775
833,val,price,0,0,0.001581,0.030838
833,val,shipping,0,0,0.001377,0.002191
833,val,smell,0,1,0.001548,0.9892
833,val,stayingpower,0,0,0.000596,0.002593
833,val,texture,0,0,0.005664,0.062561
834,val,colour,2,2,0.995021,0.00384
834,val,packing,0,0,0.02219,0.08404
834,val,price,1,1,0.004237,0.995218
834,val,shipping,0,0,0.047225,0.017397
834,val,smell,0,0,0.008539,0.006542
834,val,stayingpower,0,0,0.046374,0.097995
834,val,texture,1,1,0.047945,0.928939
835,val,colour,0,0,0.001655,0.007469
835,val,packing,0,0,0.000861,0.009144
835,val,price,1,1,0.001276,0.996708
835,val,shipping,1,1,0.003329,0.995808
835,val,smell,0,0,0.000526,0.005025
835,val,stayingpower,0,0,0.004396,0.024323
835,val,texture,0,0,0.000488,0.00347
836,val,colour,0,0,0.025445,0.029053
836,val,packing,1,1,0.016673,0.975482
836,val,price,0,0,0.003688,0.006146
836,val,shipping,2,2,0.999325,0.000541
836,val,smell,0,0,0.00538,0.00437
836,val,stayingpower,3,1,0.102553,0.526063
836,val,texture,0,0,0.006323,0.007849
837,val,colour,1,1,0.013861,0.985581
837,val,packing,0,0,0.000308,0.002723
837,val,price,0,0,0.000712,0.004252
837,val,shipping,0,0,0.000737,0.001448
837,val,smell,0,0,0.000873,0.003792
837,val,stayingpower,0,0,0.002588,0.006051
837,val,texture,0,0,0.002335,0.001474
838,val,colour,1,1,0.002933,0.987779
838,val,packing,0,0,0.034196,0.137711
838,val,price,1,1,0.012277,0.96444
838,val,shipping,2,2,0.999786,0.000182
838,val,smell,1,1,0.025943,0.953098
838,val,stayingpower,3,1,0.02429,0.952721
838,val,texture,1,1,0.021304,0.9334
839,val,colour,0,0,0.004948,0.024718
839,val,packing,0,0,0.001031,0.010535
839,val,price,1,1,0.001054,0.998645
839,val,shipping,0,0,0.025125,0.01863
839,val,smell,0,0,0.001319,0.021178
839,val,stayingpower,0,0,0.003135,0.078056
839,val,texture,1,1,0.00304,0.995457
840,val,colour,0,0,0.013898,0.029853
840,val,packing,1,1,0.011321,0.984566
840,val,price,1,1,0.000958,0.998201
840,val,shipping,1,1,0.086098,0.875241
840,val,smell,1,1,0.028035,0.960893
840,val,stayingpower,0,0,0.099488,0.039714
840,val,texture,3,2,0.958716,0.036658
841,val,colour,2,2,0.995378,0.003727
841,val,packing,0,0,0.009763,0.009179
841,val,price,1,1,0.002061,0.997505
841,val,shipping,0,0,0.010329,0.006313
841,val,smell,0,0,0.021218,0.005283
841,val,stayingpower,0,0,0.018814,0.016096
841,val,texture,0,0,0.062751,0.004483
842,val,colour,0,0,0.00187,0.006794
842,val,packing,0,0,0.000375,0.002397
842,val,price,0,0,0.001134,0.004736
842,val,shipping,0,0,0.001719,0.001559
842,val,smell,0,0,0.000301,0.003454
842,val,stayingpower,0,0,0.001056,0.002986
842,val,texture,0,0,0.000825,0.001747
843,val,colour,3,1,0.002725,0.993338
843,val,packing,0,0,0.00048,0.018625
843,val,price,0,0,0.001453,0.012541
843,val,shipping,0,0,0.000679,0.001281
843,val,smell,0,0,0.00033,0.001669
843,val,stayingpower,0,0,0.001329,0.003299
843,val,texture,0,0,0.000825,0.000782
844,val,colour,1,1,0.036894,0.962249
844,val,packing,0,0,0.00017,0.000824
844,val,price,0,0,0.001061,0.003051
844,val,shipping,0,0,0.000358,0.000563
844,val,smell,0,0,0.000594,0.002178
844,val,stayingpower,0,0,0.00362,0.005548
844,val,texture,0,0,0.004441,0.004837
845,val,colour,1,1,0.001079,0.995625
845,val,packing,0,0,0.002273,0.016192
845,val,price,1,1,0.002073,0.983941
845,val,shipping,1,1,0.001462,0.997954
845,val,smell,1,1,0.003067,0.992613
845,val,stayingpower,0,0,0.014659,0.018372
845,val,texture,0,0,0.002541,0.020125
846,val,colour,1,1,0.000583,0.999088
846,val,packing,0,0,0.000199,0.002506
846,val,price,0,0,0.000874,0.00348
846,val,shipping,0,0,0.002274,0.00697
846,val,smell,0,0,0.000666,0.003134
846,val,stayingpower,0,0,0.002507,0.009174
846,val,texture,0,0,0.001189,0.002475
847,val,colour,0,0,0.006589,0.01552
847,val,packing,1,1,0.000529,0.997526
847,val,price,0,0,0.000637,0.005784
847,val,shipping,1,1,0.010726,0.969871
847,val,smell,0,0,0.0009,0.003299
847,val,stayingpower,0,0,0.001844,0.022435
847,val,texture,0,0,0.002339,0.020154
848,val,colour,1,1,0.018059,0.976995
848,val,packing,0,0,0.015352,0.104599
848,val,price,0,0,0.013818,0.020341
848,val,shipping,0,0,0.057019,0.124292
848,val,smell,2,2,0.997167,0.002414
848,val,stayingpower,0,0,0.044855,0.209349
848,val,texture,1,1,0.010422,0.987882
849,val,colour,1,1,0.000685,0.997649
849,val,packing,0,0,0.001315,0.020834
849,val,price,0,0,0.003397,0.022174
849,val,shipping,0,0,0.002769,0.006021
849,val,smell,1,1,0.000478,0.99901
849,val,stayingpower,0,0,0.00277,0.022727
849,val,texture,1,1,0.001846,0.98558
850,val,colour,0,0,0.07905,0.239789
850,val,packing,0,0,0.007228,0.405108
850,val,price,0,0,0.001006,0.011434
850,val,shipping,0,0,0.002203,0.002323
850,val,smell,1,1,0.000409,0.997863
850,val,stayingpower,0,0,0.002514,0.00594
850,val,texture,1,1,0.001308,0.994632
851,val,colour,1,1,0.028188,0.969033
851,val,packing,0,0,0.000282,0.000793
851,val,price,1,1,0.000861,0.997127
851,val,shipping,0,0,0.001635,0.002596
851,val,smell,0,0,0.001143,0.007484
851,val,stayingpower,0,0,0.003217,0.007425
851,val,texture,0,0,0.005586,0.003867
852,val,colour,1,1,0.019007,0.960574
852,val,packing,0,0,0.089102,0.126372
852,val,price,1,1,0.036325,0.937243
852,val,shipping,2,2,0.98639,0.00644
852,val,smell,2,2,0.997679,0.001351
852,val,stayingpower,1,1,0.021866,0.968953
852,val,texture,0,2,0.421701,0.157751
853,val,colour,0,0,0.00165,0.006827
853,val,packing,1,1,0.001136,0.995856
853,val,price,1,1,0.000528,0.998897
853,val,shipping,1,1,0.0068,0.991774
853,val,smell,0,0,0.001821,0.008973
853,val,stayingpower,0,0,0.002476,0.014929
853,val,texture,0,0,0.002721,0.00526
854,val,colour,0,0,0.002199,0.007863
854,val,packing,0,0,0.000299,0.003041
854,val,price,0,0,0.001584,0.010787
854,val,shipping,0,0,0.001549,0.001111
854,val,smell,0,0,0.000317,0.003872
854,val,stayingpower,0,0,0.000516,0.002527
854,val,texture,0,0,0.000762,0.001538
855,val,colour,1,1,0.001074,0.998565
855,val,packing,0,0,0.003302,0.022029
855,val,price,0,0,0.004716,0.014353
855,val,shipping,2,2,0.999688,0.000221
855,val,smell,0,0,0.00204,0.005985
855,val,stayingpower,0,0,0.005587,0.037663
855,val,texture,0,0,0.008361,0.010551
856,val,colour,0,0,0.023067,0.012614
856,val,packing,0,0,0.002714,0.026896
856,val,price,0,0,0.001162,0.002069
856,val,shipping,1,1,0.003585,0.995611
856,val,smell,0,0,0.000617,0.001834
856,val,stayingpower,0,0,0.023905,0.032759
856,val,texture,0,1,0.017841,0.936074
857,val,colour,3,1,0.06886,0.788213
857,val,packing,0,1,0.00055,0.999019
857,val,price,0,0,0.001343,0.009145
857,val,shipping,0,0,0.00894,0.013336
857,val,smell,0,0,0.001378,0.00221
857,val,stayingpower,0,0,0.002261,0.011095
857,val,texture,0,0,0.002513,0.001414
858,val,colour,0,0,0.003028,0.010252
858,val,packing,0,0,0.001234,0.03496
858,val,price,0,0,0.000959,0.009723
858,val,shipping,1,1,0.000785,0.998855
858,val,smell,0,0,0.000687,0.008087
858,val,stayingpower,0,0,0.001549,0.005393
858,val,texture,0,0,0.000218,0.002649
859,val,colour,0,0,0.010814,0.04249
859,val,packing,1,1,0.000743,0.998147
859,val,price,0,0,0.001721,0.024802
859,val,shipping,0,0,0.032722,0.045741
859,val,smell,0,0,0.001301,0.011126
859,val,stayingpower,0,0,0.006536,0.033575
859,val,texture,1,1,0.004498,0.986307
860,val,colour,1,1,0.001581,0.997482
860,val,packing,0,0,0.014613,0.041069
860,val,price,0,0,0.008661,0.039256
860,val,shipping,0,0,0.023088,0.059993
860,val,smell,2,2,0.99766,0.001004
860,val,stayingpower,0,0,0.033676,0.044247
860,val,texture,0,2,0.495408,0.029529
861,val,colour,2,2,0.995524,0.003514
861,val,packing,0,0,0.047815,0.010129
861,val,price,0,0,0.013467,0.011209
861,val,shipping,2,2,0.997912,0.000903
861,val,smell,0,0,0.01069,0.00197
861,val,stayingpower,0,0,0.004895,0.013545
861,val,texture,0,0,0.0164,0.006704
862,val,colour,1,1,0.000705,0.996835
862,val,packing,0,0,0.002588,0.024328
862,val,price,1,1,0.00114,0.996525
862,val,shipping,1,1,0.002273,0.995682
862,val,smell,1,1,0.002658,0.99361
862,val,stayingpower,0,0,0.0143,0.020439
862,val,texture,0,0,0.001803,0.023079
863,val,colour,3,0,0.001741,0.009321
863,val,packing,1,1,0.002732,0.985064
863,val,price,1,1,0.000414,0.999308
863,val,shipping,1,1,0.004445,0.994985
863,val,smell,0,0,0.001567,0.013233
863,val,stayingpower,0,0,0.004605,0.012695
863,val,texture,0,0,0.002558,0.003665
864,val,colour,1,1,0.006585,0.993183
864,val,packing,0,0,0.005691,0.009575
864,val,price,0,0,0.015035,0.021969
864,val,shipping,0,0,0.023684,0.010967
864,val,smell,0,0,0.01084,0.023919
864,val,stayingpower,3,2,0.994218,0.005674
864,val,texture,0,0,0.037597,0.024405
865,val,colour,0,0,0.001404,0.001564
865,val,packing,1,1,0.00073,0.99856
865,val,price,1,1,0.003034,0.978379
865,val,shipping,0,0,0.034232,0.025643
865,val,smell,0,0,0.001197,0.005845
865,val,stayingpower,0,0,0.000943,0.007365
865,val,texture,0,0,0.003168,0.002733
866,val,colour,1,1,0.003419,0.996486
866,val,packing,0,0,0.011118,0.069605
866,val,price,0,0,0.003437,0.010876
866,val,shipping,0,0,0.002146,0.001783
866,val,smell,1,1,0.002146,0.997573
866,val,stayingpower,0,0,0.045849,0.050199
866,val,texture,2,2,0.659504,0.207195
867,val,colour,3,1,0.200897,0.775516
867,val,packing,0,0,0.034156,0.076429
867,val,price,0,0,0.004457,0.006669
867,val,shipping,0,0,0.066734,0.016645
867,val,smell,2,2,0.996805,0.002993
867,val,stayingpower,0,1,0.039385,0.944458
867,val,texture,1,2,0.667591,0.317892
868,val,colour,0,0,0.003584,0.014582
868,val,packing,0,0,0.00177,0.036367
868,val,price,0,0,0.003246,0.017241
868,val,shipping,2,2,0.999468,0.000373
868,val,smell,0,0,0.000696,0.002618
868,val,stayingpower,0,0,0.001062,0.018146
868,val,texture,0,0,0.001287,0.006904
869,val,colour,0,0,0.00229,0.007133
869,val,packing,0,0,0.000572,0.007129
869,val,price,0,0,0.001054,0.005527
869,val,shipping,1,1,0.002759,0.996692
869,val,smell,0,0,0.00073,0.006049
869,val,stayingpower,0,0,0.004122,0.011006
869,val,texture,0,0,0.000381,0.004904
870,val,colour,1,1,0.005699,0.991087
870,val,packing,0,0,0.003938,0.055006
870,val,price,0,0,0.004254,0.015138
870,val,shipping,2,2,0.999824,0.00012
870,val,smell,0,0,0.002209,0.004611
870,val,stayingpower,0,0,0.001998,0.016164
870,val,texture,0,0,0.002969,0.002932
871,val,colour,1,1,0.000696,0.997976
871,val,packing,0,0,0.043978,0.470969
871,val,price,0,0,0.006911,0.034998
871,val,shipping,0,0,0.007645,0.018673
871,val,smell,1,1,0.031617,0.963771
871,val,stayingpower,0,0,0.033166,0.018555
871,val,texture,3,2,0.974905,0.019781
872,val,colour,0,0,0.003472,0.056192
872,val,packing,0,0,0.002152,0.016305
872,val,price,0,0,0.002776,0.019751
872,val,shipping,0,0,0.005451,0.005275
872,val,smell,1,1,0.000495,0.999033
872,val,stayingpower,0,0,0.014894,0.081877
872,val,texture,1,1,0.002712,0.996837
873,val,colour,0,0,0.045402,0.027021
873,val,packing,0,0,0.01908,0.020817
873,val,price,0,0,0.006109,0.007284
873,val,shipping,0,0,0.197773,0.005298
873,val,smell,0,0,0.006327,0.007576
873,val,stayingpower,0,0,0.125056,0.359637
873,val,texture,2,2,0.998981,0.000771
874,val,colour,0,0,0.000979,0.003089
874,val,packing,1,1,0.001539,0.995038
874,val,price,1,1,0.000529,0.998972
874,val,shipping,1,1,0.009386,0.988978
874,val,smell,0,0,0.001965,0.011529
874,val,stayingpower,0,0,0.003119,0.013971
874,val,texture,0,0,0.003316,0.006751
875,val,colour,0,0,0.001144,0.009191
875,val,packing,0,0,0.001407,0.01606
875,val,price,1,1,0.000624,0.998826
875,val,shipping,1,1,0.003529,0.993691
875,val,smell,0,0,0.000497,0.009636
875,val,stayingpower,0,0,0.002905,0.011249
875,val,texture,0,0,0.000478,0.002684
876,val,colour,0,0,0.031664,0.039678
876,val,packing,0,0,0.005193,0.014796
876,val,price,0,0,0.02428,0.015079
876,val,shipping,0,0,0.032288,0.026768
876,val,smell,0,0,0.00219,0.005295
876,val,stayingpower,2,2,0.997846,0.001938
876,val,texture,0,0,0.008596,0.00796
877,val,colour,0,0,0.002269,0.012293
877,val,packing,0,0,0.000464,0.00234
877,val,price,1,1,0.001101,0.998224
877,val,shipping,0,0,0.005673,0.00486
877,val,smell,0,0,0.000522,0.006398
877,val,stayingpower,0,0,0.001228,0.007099
877,val,texture,0,0,0.001784,0.00277
878,val,colour,0,0,0.006185,0.024972
878,val,packing,0,0,0.006791,0.046965
878,val,price,0,0,0.00757,0.036143
878,val,shipping,2,2,0.999095,0.00051
878,val,smell,1,1,0.00314,0.995936
878,val,stayingpower,0,0,0.005994,0.026766
878,val,texture,0,0,0.002487,0.013078
879,val,colour,0,0,0.006233,0.008511
879,val,packing,0,1,0.001857,0.996642
879,val,price,0,0,0.001808,0.023013
879,val,shipping,1,1,0.0069,0.990407
879,val,smell,1,1,0.005456,0.993831
879,val,stayingpower,0,0,0.011403,0.030494
879,val,texture,0,0,0.003914,0.079085
880,val,colour,0,1,0.03634,0.651771
880,val,packing,0,0,0.002478,0.005142
880,val,price,0,0,0.001392,0.001636
880,val,shipping,0,0,0.01449,0.002693
880,val,smell,0,0,0.000664,0.001786
880,val,stayingpower,1,1,0.010634,0.984833
880,val,texture,0,0,0.007723,0.020148
881,val,colour,0,0,0.010266,0.117666
881,val,packing,0,0,0.025214,0.055335
881,val,price,0,0,0.010377,0.062902
881,val,shipping,0,0,0.010112,0.004561
881,val,smell,1,1,0.005069,0.993706
881,val,stayingpower,0,0,0.012979,0.017447
881,val,texture,2,2,0.990499,0.008172
882,val,colour,0,0,0.002729,0.00499
882,val,packing,1,1,0.001492,0.995284
882,val,price,0,0,0.001496,0.0126
882,val,shipping,1,1,0.002915,0.996445
882,val,smell,0,0,0.00259,0.006342
882,val,stayingpower,0,0,0.001977,0.010366
882,val,texture,0,0,0.000806,0.002926
883,val,colour,0,0,0.006466,0.008559
883,val,packing,0,0,0.004381,0.015429
883,val,price,0,0,0.006669,0.007923
883,val,shipping,2,2,0.999775,0.000133
883,val,smell,0,0,0.00167,0.003427
883,val,stayingpower,0,0,0.00161,0.012351
883,val,texture,0,0,0.001828,0.003346
884,val,colour,0,0,0.01208,0.010659
884,val,packing,0,0,0.00133,0.010264
884,val,price,0,0,0.001253,0.007212
884,val,shipping,1,1,0.004523,0.995236
884,val,smell,0,0,0.000778,0.004014
884,val,stayingpower,0,0,0.002716,0.002925
884,val,texture,0,0,0.000424,0.001368
885,val,colour,1,1,0.006947,0.990494
885,val,packing,0,0,0.001237,0.007576
885,val,price,0,0,0.003739,0.009817
885,val,shipping,0,0,0.002859,0.002905
885,val,smell,1,1,0.002807,0.996995
885,val,stayingpower,0,0,0.005813,0.020854
885,val,texture,1,1,0.005174,0.976503
886,val,colour,0,0,0.003933,0.002008
886,val,packing,0,0,0.001283,0.00681
886,val,price,0,0,0.001451,0.002874
886,val,shipping,0,0,0.003967,0.001911
886,val,smell,0,0,0.000346,0.001572
886,val,stayingpower,0,0,0.000982,0.00243
886,val,texture,0,0,0.000995,0.001276
887,val,colour,0,0,0.002646,0.025602
887,val,packing,0,0,0.001296,0.009731
887,val,price,1,1,0.0005,0.999221
887,val,shipping,0,0,0.021289,0.026859
887,val,smell,0,0,0.001206,0.05057
887,val,stayingpower,0,0,0.002538,0.035821
887,val,texture,1,1,0.002893,0.994057
888,val,colour,0,0,0.002124,0.001231
888,val,packing,0,0,0.012918,0.427618
888,val,price,0,0,0.000733,0.005208
888,val,shipping,0,0,0.015117,0.003224
888,val,smell,0,0,0.00287,0.017168
888,val,stayingpower,0,0,0.000666,0.005592
888,val,texture,0,0,0.001332,0.002269
889,val,colour,1,1,0.000504,0.999163
889,val,packing,0,0,0.000282,0.003453
889,val,price,0,0,0.001826,0.007196
889,val,shipping,0,0,0.003198,0.009609
889,val,smell,0,0,0.000852,0.008541
889,val,stayingpower,0,0,0.002759,0.016776
889,val,texture,1,1,0.002579,0.985913
890,val,colour,0,0,0.001314,0.004894
890,val,packing,0,0,0.000677,0.005717
890,val,price,0,0,0.000944,0.003616
890,val,shipping,0,0,0.001829,0.00328
890,val,smell,0,0,0.000351,0.003471
890,val,stayingpower,0,0,0.000867,0.003479
890,val,texture,0,0,0.00082,0.001777
891,val,colour,0,0,0.003386,0.024335
891,val,packing,0,0,0.003643,0.012429
891,val,price,1,1,0.002883,0.996387
891,val,shipping,2,2,0.999539,0.00024
891,val,smell,0,0,0.001877,0.011809
891,val,stayingpower,0,0,0.003265,0.012952
891,val,texture,0,0,0.003806,0.008021
892,val,colour,1,1,0.003711,0.995027
892,val,packing,0,0,0.015978,0.054934
892,val,price,0,0,0.011493,0.026656
892,val,shipping,2,2,0.998594,0.000818
892,val,smell,1,1,0.009436,0.988755
892,val,stayingpower,0,0,0.010296,0.044187
892,val,texture,0,0,0.019499,0.029927
893,val,colour,1,1,0.005451,0.989353
893,val,packing,0,1,0.002411,0.902783
893,val,price,0,0,0.000737,0.006521
893,val,shipping,1,1,0.000543,0.999248
893,val,smell,0,0,0.007002,0.091862
893,val,stayingpower,0,0,0.008626,0.076673
893,val,texture,1,1,0.001284,0.996853
894,val,colour,0,0,0.002648,0.004828
894,val,packing,0,0,0.002422,0.010383
894,val,price,0,0,0.002818,0.006113
894,val,shipping,2,2,0.998946,0.000618
894,val,smell,0,0,0.000858,0.002108
894,val,stayingpower,0,0,0.000939,0.008714
894,val,texture,0,0,0.001316,0.003318
895,val,colour,0,0,0.000706,0.001282
895,val,packing,0,0,0.000752,0.021041
895,val,price,0,0,0.001335,0.00807
895,val,shipping,0,0,0.003518,0.005636
895,val,smell,0,0,0.000192,0.002259
895,val,stayingpower,0,0,0.000479,0.003659
895,val,texture,0,0,0.00044,0.002744
896,val,colour,0,0,0.003369,0.003997
896,val,packing,1,1,0.001062,0.997115
896,val,price,0,0,0.001428,0.009671
896,val,shipping,1,1,0.002465,0.997138
896,val,smell,0,0,0.003587,0.007951
896,val,stayingpower,0,0,0.002116,0.011198
896,val,texture,0,0,0.001074,0.003749
897,val,colour,0,0,0.001281,0.002108
897,val,packing,1,1,0.000487,0.998414
897,val,price,0,0,0.001925,0.029214
897,val,shipping,0,0,0.022678,0.048564
897,val,smell,0,0,0.001128,0.005321
897,val,stayingpower,0,0,0.000821,0.00794
897,val,texture,0,0,0.002021,0.006674
898,val,colour,1,1,0.043501,0.954382
898,val,packing,1,1,0.001326,0.997299
898,val,price,0,0,0.001707,0.008033
898,val,shipping,1,1,0.002993,0.99455
898,val,smell,0,0,0.009108,0.05821
898,val,stayingpower,0,0,0.289184,0.305036
898,val,texture,1,1,0.00838,0.988775
899,val,colour,1,1,0.001675,0.99699
899,val,packing,0,0,0.009286,0.046669
899,val,price,0,0,0.004044,0.013534
899,val,shipping,1,1,0.065191,0.90208
899,val,smell,0,0,0.070885,0.036375
899,val,stayingpower,1,1,0.14154,0.818655
899,val,texture,1,2,0.993751,0.006088
900,val,colour,1,1,0.005549,0.991082
900,val,packing,0,0,0.006843,0.021418
900,val,price,1,1,0.064457,0.877024
900,val,shipping,3,1,0.085381,0.854903
900,val,smell,0,0,0.014782,0.040306
900,val,stayingpower,2,2,0.997212,0.002723
900,val,texture,0,0,0.048406,0.10058
901,val,colour,0,0,0.002037,0.001672
901,val,packing,1,1,0.001882,0.993768
901,val,price,0,0,0.001532,0.012794
901,val,shipping,0,0,0.013461,0.017401
901,val,smell,0,0,0.000656,0.002151
901,val,stayingpower,0,0,0.000501,0.002767
901,val,texture,0,0,0.001662,0.002033
902,val,colour,0,0,0.001408,0.002936
902,val,packing,0,0,0.000618,0.005225
902,val,price,0,0,0.000922,0.003625
902,val,shipping,0,0,0.003319,0.001883
902,val,smell,0,0,0.00034,0.002182
902,val,stayingpower,0,0,0.00074,0.003016
902,val,texture,0,0,0.000655,0.001174
903,val,colour,0,0,0.001509,0.001387
903,val,packing,0,0,0.001374,0.012761
903,val,price,0,0,0.000937,0.002651
903,val,shipping,0,0,0.032593,0.030943
903,val,smell,0,0,0.000621,0.002661
903,val,stayingpower,0,0,0.000965,0.003075
903,val,texture,0,0,0.000526,0.000758
904,val,colour,0,0,0.191898,0.020576
904,val,packing,0,0,0.037601,0.04432
904,val,price,0,0,0.039174,0.034371
904,val,shipping,0,0,0.026268,0.033542
904,val,smell,2,2,0.999481,0.000473
904,val,stayingpower,0,0,0.020421,0.05146
904,val,texture,0,0,0.200059,0.035992
905,val,colour,1,1,0.001736,0.995226
905,val,packing,0,0,0.004568,0.039174
905,val,price,0,0,0.010193,0.028852
905,val,shipping,2,2,0.997418,0.0023
905,val,smell,0,0,0.007662,0.052235
905,val,stayingpower,0,0,0.015209,0.107841
905,val,texture,1,1,0.004057,0.994338
906,val,colour,1,1,0.061017,0.937549
906,val,packing,0,0,0.009294,0.047725
906,val,price,0,0,0.004066,0.017237
906,val,shipping,0,0,0.004531,0.006001
906,val,smell,0,0,0.010368,0.008103
906,val,stayingpower,0,0,0.005496,0.008583
906,val,texture,2,2,0.997072,0.001862
907,val,colour,0,0,0.00413,0.010805
907,val,packing,0,0,0.011147,0.018887
907,val,price,1,1,0.003945,0.994163
907,val,shipping,3,2,0.998192,0.001774
907,val,smell,0,0,0.002444,0.01169
907,val,stayingpower,0,0,0.008881,0.015691
907,val,texture,0,0,0.007102,0.017953
908,val,colour,0,0,0.004461,0.026095
908,val,packing,0,0,0.003064,0.03296
908,val,price,1,1,0.000622,0.998729
908,val,shipping,1,1,0.010916,0.984393
908,val,smell,1,1,0.000775,0.998048
908,val,stayingpower,0,0,0.008909,0.016587
908,val,texture,0,0,0.000839,0.008855
909,val,colour,0,0,0.005803,0.028907
909,val,packing,0,0,0.004747,0.022682
909,val,price,1,1,0.001939,0.9972
909,val,shipping,0,0,0.080949,0.018827
909,val,smell,0,0,0.00157,0.007009
909,val,stayingpower,1,1,0.00454,0.989801
909,val,texture,0,0,0.005475,0.023228
910,val,colour,1,1,0.002338,0.997116
910,val,packing,0,0,0.004924,0.014448
910,val,price,1,1,0.011217,0.982133
910,val,shipping,0,0,0.00409,0.003241
910,val,smell,0,0,0.01798,0.049341
910,val,stayingpower,2,2,0.996635,0.002858
910,val,texture,1,2,0.479022,0.334994
911,val,colour,1,1,0.001994,0.995223
911,val,packing,1,1,0.004219,0.990325
911,val,price,0,0,0.005441,0.032507
911,val,shipping,2,2,0.998704,0.001198
911,val,smell,0,0,0.017144,0.040398
911,val,stayingpower,0,0,0.017096,0.133689
911,val,texture,1,1,0.011398,0.949114
912,val,colour,1,1,0.039494,0.960426
912,val,packing,0,0,0.000521,0.000881
912,val,price,0,0,0.002544,0.007767
912,val,shipping,0,0,0.000857,0.001286
912,val,smell,0,0,0.000705,0.001487
912,val,stayingpower,0,0,0.015409,0.021741
912,val,texture,0,0,0.031318,0.021639
913,val,colour,0,0,0.024485,0.130733
913,val,packing,0,0,0.000339,0.00177
913,val,price,0,0,0.000793,0.001135
913,val,shipping,0,0,0.000757,0.000369
913,val,smell,0,0,0.00017,0.003088
913,val,stayingpower,0,0,0.004669,0.021071
913,val,texture,0,1,0.174363,0.770763
914,val,colour,1,1,0.00026,0.999626
914,val,packing,0,0,0.000282,0.003034
914,val,price,0,0,0.001401,0.006106
914,val,shipping,0,0,0.002045,0.005838
914,val,smell,0,0,0.000332,0.002134
914,val,stayingpower,0,0,0.006073,0.034863
914,val,texture,0,0,0.003244,0.01943
915,val,colour,0,0,0.001404,0.005864
915,val,packing,1,1,0.00099,0.997607
915,val,price,1,1,0.000728,0.998022
915,val,shipping,1,1,0.004512,0.994549
915,val,smell,0,0,0.002909,0.020071
915,val,stayingpower,0,0,0.003242,0.017573
915,val,texture,0,0,0.003159,0.007288
916,val,colour,1,1,0.000283,0.999494
916,val,packing,0,0,0.000375,0.004759
916,val,price,0,0,0.004647,0.023411
916,val,shipping,0,0,0.004236,0.017058
916,val,smell,0,0,0.001613,0.015525
916,val,stayingpower,0,0,0.005551,0.026657
916,val,texture,1,1,0.001696,0.995844
917,val,colour,0,0,0.00221,0.006023
917,val,packing,0,0,0.001717,0.008788
917,val,price,1,1,0.000822,0.998043
917,val,shipping,0,0,0.005998,0.005044
917,val,smell,1,1,0.0005,0.999005
917,val,stayingpower,0,0,0.006488,0.02306
917,val,texture,0,0,0.010886,0.173066
918,val,colour,0,0,0.009364,0.121937
918,val,packing,0,0,0.004329,0.016974
918,val,price,1,1,0.001393,0.998393
918,val,shipping,0,0,0.039245,0.008711
918,val,smell,0,0,0.02003,0.0642
918,val,stayingpower,0,0,0.025907,0.048572
918,val,texture,3,2,0.782418,0.216461
919,val,colour,1,1,0.031015,0.965044
919,val,packing,0,0,0.008586,0.019476
919,val,price,0,1,0.014268,0.972593
919,val,shipping,0,0,0.024592,0.020554
919,val,smell,2,2,0.823138,0.172267
919,val,stayingpower,2,2,0.986914,0.008228
919,val,texture,0,2,0.986589,0.002533
920,val,colour,0,1,0.040622,0.802528
920,val,packing,0,0,0.00063,0.006095
920,val,price,0,0,0.000116,0.000586
920,val,shipping,3,1,0.058788,0.936451
920,val,smell,0,1,0.002013,0.986469
920,val,stayingpower,0,0,0.003734,0.024814
920,val,texture,0,0,0.002136,0.139568
921,val,colour,0,0,0.00297,0.002979
921,val,packing,1,1,0.002295,0.992657
921,val,price,0,0,0.001226,0.011683
921,val,shipping,1,1,0.002299,0.997008
921,val,smell,0,0,0.001868,0.005013
921,val,stayingpower,0,0,0.004276,0.022454
921,val,texture,0,0,0.002799,0.019477
922,val,colour,0,0,0.007738,0.008065
922,val,packing,1,1,0.005109,0.991338
922,val,price,0,0,0.005188,0.013276
922,val,shipping,2,2,0.999281,0.000618
922,val,smell,0,0,0.00614,0.006488
922,val,stayingpower,0,0,0.002426,0.018928
922,val,texture,0,0,0.00337,0.0084
923,val,colour,0,0,0.06997,0.068694
923,val,packing,0,0,0.033924,0.163614
923,val,price,0,0,0.022175,0.033451
923,val,shipping,0,0,0.077047,0.027226
923,val,smell,2,2,0.991856,0.007438
923,val,stayingpower,1,1,0.012672,0.980024
923,val,texture,1,1,0.05281,0.930958
924,val,colour,2,2,0.999527,0.000371
924,val,packing,0,0,0.012776,0.007655
924,val,price,0,0,0.011382,0.018988
924,val,shipping,0,0,0.006678,0.003328
924,val,smell,0,0,0.008873,0.00144
924,val,stayingpower,0,0,0.017176,0.018978
924,val,texture,0,0,0.046038,0.012268
925,val,colour,0,0,0.005969,0.082742
925,val,packing,1,1,0.001028,0.983466
925,val,price,0,0,0.000349,0.003539
925,val,shipping,0,0,0.002413,0.002993
925,val,smell,0,0,0.000298,0.002554
925,val,stayingpower,0,0,0.000815,0.008789
925,val,texture,0,0,0.008558,0.035314
926,val,colour,1,1,0.000963,0.997292
926,val,packing,0,0,0.001718,0.018122
926,val,price,0,0,0.001761,0.007933
926,val,shipping,1,1,0.000958,0.998331
926,val,smell,1,1,0.002905,0.996376
926,val,stayingpower,0,0,0.007241,0.018879
926,val,texture,0,0,0.003332,0.094402
927,val,colour,1,1,0.001871,0.997828
927,val,packing,1,1,0.002907,0.982991
927,val,price,0,0,0.002453,0.006706
927,val,shipping,0,0,0.06114,0.054637
927,val,smell,0,0,0.003274,0.008236
927,val,stayingpower,1,1,0.007016,0.985507
927,val,texture,1,1,0.010347,0.949085
928,val,colour,0,0,0.005358,0.006492
928,val,packing,0,0,0.004769,0.018037
928,val,price,0,0,0.00695,0.011578
928,val,shipping,2,2,0.999714,0.00018
928,val,smell,0,0,0.001066,0.002342
928,val,stayingpower,0,0,0.001072,0.010184
928,val,texture,0,0,0.001985,0.004637
929,val,colour,1,1,0.00184,0.997243
929,val,packing,1,1,0.010486,0.985245
929,val,price,0,0,0.017569,0.064544
929,val,shipping,1,1,0.008393,0.982946
929,val,smell,0,0,0.057459,0.130693
929,val,stayingpower,2,2,0.973459,0.018206
929,val,texture,2,2,0.982807,0.006117
930,val,colour,1,1,0.011392,0.985587
930,val,packing,0,0,0.000709,0.003621
930,val,price,0,0,0.00054,0.001106
930,val,shipping,0,0,0.004068,0.001732
930,val,smell,0,0,0.000631,0.00206
930,val,stayingpower,0,0,0.00198,0.002758
930,val,texture,0,0,0.0028,0.000419
931,val,colour,0,0,0.081833,0.000826
931,val,packing,0,0,0.34484,0.027965
931,val,price,0,0,0.012697,0.010976
931,val,shipping,0,2,0.961278,0.003299
931,val,smell,0,0,0.00112,0.000775
931,val,stayingpower,0,0,0.001243,0.000947
931,val,texture,0,0,0.008009,0.002104
932,val,colour,0,0,0.007448,0.003787
932,val,packing,0,0,0.001448,0.007845
932,val,price,0,0,0.002105,0.008936
932,val,shipping,0,0,0.004127,0.00221
932,val,smell,0,0,0.000148,0.001107
932,val,stayingpower,0,0,0.000848,0.002173
932,val,texture,0,0,0.000801,0.000816
933,val,colour,0,0,0.001482,0.002882
933,val,packing,0,0,0.000702,0.004754
933,val,price,0,0,0.001466,0.00643
933,val,shipping,0,0,0.003417,0.002407
933,val,smell,0,0,0.000239,0.001883
933,val,stayingpower,0,0,0.001102,0.003289
933,val,texture,0,0,0.000527,0.00101
934,val,colour,1,1,0.001904,0.994367
934,val,packing,1,1,0.003397,0.97707
934,val,price,0,0,0.000681,0.00433
934,val,shipping,0,0,0.014477,0.025601
934,val,smell,1,1,0.001416,0.99728
934,val,stayingpower,0,0,0.004923,0.022573
934,val,texture,1,1,0.002927,0.993017
935,val,colour,1,0,0.005178,0.282879
935,val,packing,0,0,0.000265,0.002099
935,val,price,0,0,0.000813,0.004195
935,val,shipping,0,0,0.000819,0.000849
935,val,smell,0,0,0.000106,0.001845
935,val,stayingpower,0,0,0.002399,0.012906
935,val,texture,0,0,0.004165,0.041919
936,val,colour,0,0,0.000888,0.007483
936,val,packing,0,0,0.000353,0.006559
936,val,price,0,0,0.000639,0.003075
936,val,shipping,0,0,0.004603,0.008015
936,val,smell,0,0,0.000447,0.007951
936,val,stayingpower,0,0,0.000645,0.003375
936,val,texture,0,0,0.000252,0.000867
937,val,colour,3,2,0.982885,0.011456
937,val,packing,0,0,0.005619,0.021774
937,val,price,0,0,0.001987,0.009913
937,val,shipping,1,1,0.000999,0.997728
937,val,smell,0,0,0.001942,0.001487
937,val,stayingpower,0,0,0.00567,0.009746
937,val,texture,0,0,0.000967,0.003645
938,val,colour,0,0,0.012134,0.031205
938,val,packing,0,0,0.001126,0.009603
938,val,price,0,0,0.001575,0.006505
938,val,shipping,1,1,0.000373,0.999573
938,val,smell,0,0,0.001494,0.010371
938,val,stayingpower,0,0,0.005535,0.006052
938,val,texture,0,0,0.000689,0.004766
939,val,colour,0,0,0.000981,0.007844
939,val,packing,0,0,0.000185,0.002786
939,val,price,0,0,0.000819,0.00685
939,val,shipping,1,0,0.013799,0.439244
939,val,smell,0,0,8.9e-05,0.001778
939,val,stayingpower,0,0,0.002183,0.00568
939,val,texture,0,0,0.000612,0.005017
940,val,colour,1,1,0.001962,0.990207
940,val,packing,0,0,0.00018,0.004582
940,val,price,0,0,0.000637,0.003862
940,val,shipping,1,1,0.000557,0.998995
940,val,smell,0,0,0.000533,0.002568
940,val,stayingpower,0,0,0.006036,0.038154
940,val,texture,0,0,0.004379,0.171848
941,val,colour,0,1,0.001386,0.996574
941,val,packing,0,0,0.000782,0.003855
941,val,price,0,0,0.001154,0.003083
941,val,shipping,0,0,0.00188,0.002055
941,val,smell,0,1,0.002557,0.995468
941,val,stayingpower,0,0,0.004654,0.010124
941,val,texture,0,0,0.001437,0.003986
942,val,colour,2,2,0.978204,0.017722
942,val,packing,0,0,0.018959,0.021591
942,val,price,1,1,0.01352,0.985909
942,val,shipping,0,0,0.01492,0.020426
942,val,smell,0,0,0.100068,0.03993
942,val,stayingpower,2,2,0.989463,0.009037
942,val,texture,0,0,0.164554,0.037419
943,val,colour,0,0,0.001188,0.015683
943,val,packing,0,0,0.000434,0.008154
943,val,price,0,0,0.003183,0.023878
943,val,shipping,0,0,0.003823,0.008661
943,val,smell,0,0,0.000406,0.01596
943,val,stayingpower,0,0,0.00112,0.017059
943,val,texture,1,1,0.001276,0.996295
944,val,colour,1,1,0.001338,0.997469
944,val,packing,1,1,0.000469,0.997392
944,val,price,0,0,0.000758,0.009196
944,val,shipping,1,1,0.0006,0.998919
944,val,smell,0,0,0.006767,0.016507
944,val,stayingpower,0,0,0.006008,0.026421
944,val,texture,0,0,0.003452,0.005243
945,val,colour,1,1,0.002215,0.995375
945,val,packing,1,1,0.003312,0.990354
945,val,price,0,0,0.002934,0.014545
945,val,shipping,2,2,0.999233,0.00069
945,val,smell,0,0,0.008091,0.012089
945,val,stayingpower,0,0,0.003596,0.030654
945,val,texture,0,0,0.007236,0.00902
946,val,colour,1,1,0.000845,0.998032
946,val,packing,0,0,0.001431,0.008641
946,val,price,0,0,0.002586,0.010098
946,val,shipping,0,0,0.002877,0.00413
946,val,smell,1,1,0.00164,0.998213
946,val,stayingpower,0,0,0.004269,0.010216
946,val,texture,0,0,0.002065,0.00987
947,val,colour,0,0,0.001922,0.000878
947,val,packing,1,1,0.00168,0.997116
947,val,price,0,0,0.001803,0.011138
947,val,shipping,0,0,0.025715,0.022641
947,val,smell,0,0,0.001627,0.003475
947,val,stayingpower,0,0,0.001267,0.0067
947,val,texture,0,0,0.003023,0.003692
948,val,colour,0,0,0.001699,0.000467
948,val,packing,0,0,0.002039,0.007273
948,val,price,0,0,0.002403,0.003888
948,val,shipping,0,0,0.007049,0.002122
948,val,smell,0,0,0.001055,0.003435
948,val,stayingpower,0,0,0.000687,0.001143
948,val,texture,0,0,0.001608,0.000849
949,val,colour,0,0,0.002033,0.006388
949,val,packing,0,0,0.000527,0.003597
949,val,price,0,0,0.001122,0.004766
949,val,shipping,0,0,0.001476,0.001558
949,val,smell,0,0,0.000308,0.003123
949,val,stayingpower,0,0,0.001017,0.002886
949,val,texture,0,0,0.00083,0.002013
950,val,colour,0,0,0.002283,0.003564
950,val,packing,0,0,0.001977,0.011124
950,val,price,1,1,0.001078,0.99762
950,val,shipping,0,0,0.010009,0.006399
950,val,smell,1,1,0.00081,0.998049
950,val,stayingpower,0,0,0.002316,0.009861
950,val,texture,0,0,0.006167,0.0309
951,val,colour,3,1,0.0059,0.974441
951,val,packing,0,0,0.000262,0.003855
951,val,price,0,0,0.001227,0.007069
951,val,shipping,0,0,0.001634,0.003882
951,val,smell,0,0,0.000366,0.008234
951,val,stayingpower,0,0,0.004325,0.026769
951,val,texture,1,1,0.001033,0.997791
952,val,colour,1,1,0.002685,0.995888
952,val,packing,0,0,0.002772,0.021123
952,val,price,0,0,0.002045,0.0025
952,val,shipping,0,0,0.065891,0.012539
952,val,smell,0,0,0.001087,0.010597
952,val,stayingpower,1,1,0.411472,0.5861
952,val,texture,1,1,0.012841,0.976248
953,val,colour,0,0,0.000953,0.003293
953,val,packing,0,0,0.000407,0.009863
953,val,price,0,0,0.000498,0.0019
953,val,shipping,1,0,0.19603,0.125639
953,val,smell,0,0,0.00013,0.000783
953,val,stayingpower,0,0,0.000582,0.001777
953,val,texture,0,0,0.000311,0.002015
954,val,colour,3,1,0.135262,0.864567
954,val,packing,0,0,0.002743,0.002598
954,val,price,0,0,0.006937,0.013547
954,val,shipping,0,0,0.002831,0.001508
954,val,smell,0,0,0.008156,0.002519
954,val,stayingpower,0,0,0.015482,0.016418
954,val,texture,0,2,0.923024,0.003719
955,val,colour,1,1,0.000325,0.999005
955,val,packing,0,0,0.000657,0.007077
955,val,price,0,0,0.002245,0.012969
955,val,shipping,0,0,0.002182,0.008999
955,val,smell,1,1,0.000649,0.998846
955,val,stayingpower,0,0,0.003041,0.008534
955,val,texture,0,0,0.0034,0.089806
956,val,colour,0,0,0.004038,0.02395
956,val,packing,0,0,0.004215,0.058335
956,val,price,1,1,0.000851,0.998759
956,val,shipping,1,1,0.004489,0.994942
956,val,smell,0,0,0.001273,0.014737
956,val,stayingpower,0,0,0.007818,0.039818
956,val,texture,1,1,0.003135,0.945646
957,val,colour,1,1,0.00346,0.99167
957,val,packing,0,0,0.012935,0.0169
957,val,price,1,1,0.003587,0.993525
957,val,shipping,0,0,0.057943,0.013804
957,val,smell,1,1,0.006608,0.990722
957,val,stayingpower,1,1,0.01279,0.985438
957,val,texture,0,0,0.024831,0.142509
958,val,colour,0,0,0.001419,0.005502
958,val,packing,0,0,0.002674,0.080308
958,val,price,1,1,0.000799,0.997885
958,val,shipping,1,1,0.002614,0.996513
958,val,smell,0,0,0.000409,0.004166
958,val,stayingpower,0,0,0.00235,0.01105
958,val,texture,0,0,0.000487,0.003723
959,val,colour,1,1,0.000933,0.998818
959,val,packing,0,0,0.001239,0.006742
959,val,price,0,0,0.004613,0.014742
959,val,shipping,0,0,0.014852,0.013853
959,val,smell,0,0,0.002022,0.008083
959,val,stayingpower,1,1,0.006644,0.991255
959,val,texture,1,1,0.006469,0.975527
960,val,colour,1,1,0.001051,0.997885
960,val,packing,0,0,0.002899,0.02746
960,val,price,0,0,0.000815,0.003481
960,val,shipping,3,1,0.003887,0.994585
960,val,smell,1,1,0.002293,0.997325
960,val,stayingpower,0,0,0.013832,0.023514
960,val,texture,0,0,0.001441,0.013317
961,val,colour,1,1,0.000978,0.99729
961,val,packing,0,0,0.001692,0.023195
961,val,price,0,0,0.010125,0.036174
961,val,shipping,1,2,0.844115,0.155284
961,val,smell,0,0,0.006957,0.038387
961,val,stayingpower,0,0,0.019599,0.167581
961,val,texture,1,1,0.005444,0.993218
962,val,colour,1,1,0.003488,0.994973
962,val,packing,1,1,0.022512,0.924347
962,val,price,0,0,0.014061,0.016419
962,val,shipping,0,0,0.018658,0.030805
962,val,smell,0,0,0.01105,0.01623
962,val,stayingpower,2,2,0.996374,0.003289
962,val,texture,0,0,0.068091,0.03114
963,val,colour,0,0,0.03579,0.147545
963,val,packing,0,0,0.002023,0.007159
963,val,price,0,0,0.002792,0.011904
963,val,shipping,0,0,0.014302,0.00428
963,val,smell,0,0,0.001696,0.014095
963,val,stayingpower,1,1,0.009406,0.989106
963,val,texture,3,1,0.04194,0.817004
964,val,colour,0,0,0.020686,0.029862
964,val,packing,0,1,0.005455,0.989201
964,val,price,0,0,0.004489,0.018019
964,val,shipping,0,0,0.036852,0.01244
964,val,smell,0,0,0.003318,0.015385
964,val,stayingpower,3,1,0.078889,0.911241
964,val,texture,1,1,0.016888,0.92355
965,val,colour,1,1,0.001864,0.998012
965,val,packing,0,0,0.000459,0.004329
965,val,price,0,0,0.000826,0.002644
965,val,shipping,1,1,0.000386,0.999102
965,val,smell,0,0,0.004613,0.009643
965,val,stayingpower,0,0,0.022605,0.032826
965,val,texture,0,0,0.021676,0.080375
966,val,colour,0,0,0.217124,0.000699
966,val,packing,0,0,0.323354,0.108223
966,val,price,0,0,0.006592,0.009936
966,val,shipping,0,0,0.027145,0.002568
966,val,smell,0,0,0.006718,0.001728
966,val,stayingpower,0,0,0.005329,0.005526
966,val,texture,0,2,0.739286,0.010199
967,val,colour,1,1,0.002545,0.991319
967,val,packing,0,0,0.006277,0.053463
967,val,price,1,0,0.014948,0.042114
967,val,shipping,2,2,0.999025,0.000899
967,val,smell,0,0,0.017898,0.095913
967,val,stayingpower,0,0,0.013286,0.206372
967,val,texture,1,1,0.010881,0.98596
968,val,colour,0,0,0.002316,0.000529
968,val,packing,0,0,0.002154,0.004781
968,val,price,0,0,0.002251,0.002577
968,val,shipping,0,0,0.007162,0.001228
968,val,smell,0,0,0.001593,0.0062
968,val,stayingpower,0,0,0.001409,0.002859
968,val,texture,0,0,0.002355,0.001521
969,val,colour,1,1,0.002164,0.995538
969,val,packing,1,1,0.001545,0.996686
969,val,price,0,0,0.001623,0.017172
969,val,shipping,2,2,0.996542,0.003208
969,val,smell,0,0,0.00821,0.01196
969,val,stayingpower,0,0,0.00268,0.021836
969,val,texture,0,0,0.004673,0.006323
970,val,colour,0,0,0.010419,0.016955
970,val,packing,1,1,0.000799,0.99873
970,val,price,0,0,0.001818,0.013724
970,val,shipping,0,0,0.048112,0.096661
970,val,smell,0,0,0.001927,0.013591
970,val,stayingpower,0,0,0.003953,0.02393
970,val,texture,1,1,0.006751,0.980214
971,val,colour,1,1,0.001441,0.997898
971,val,packing,0,0,0.009292,0.023108
971,val,price,0,0,0.005506,0.007947
971,val,shipping,2,2,0.999635,0.000285
971,val,smell,0,0,0.006731,0.013177
971,val,stayingpower,1,1,0.012746,0.971289
971,val,texture,0,0,0.025604,0.04987
972,val,colour,0,0,0.001911,0.001281
972,val,packing,1,1,0.000782,0.998291
972,val,price,0,0,0.002056,0.016253
972,val,shipping,0,0,0.033087,0.046459
972,val,smell,0,0,0.001436,0.003618
972,val,stayingpower,0,0,0.00141,0.013131
972,val,texture,0,0,0.002536,0.004432
973,val,colour,3,1,0.010576,0.988313
973,val,packing,0,0,0.001308,0.009066
973,val,price,0,0,0.002954,0.004788
973,val,shipping,0,0,0.007191,0.004688
973,val,smell,0,0,0.002268,0.01022
973,val,stayingpower,3,1,0.010987,0.985115
973,val,texture,1,1,0.004015,0.993578
974,val,colour,0,0,0.002024,0.021052
974,val,packing,0,0,0.000216,0.002981
974,val,price,0,0,0.001142,0.007478
974,val,shipping,0,0,0.000815,0.001565
974,val,smell,0,0,0.000127,0.002074
974,val,stayingpower,0,0,0.000689,0.003095
974,val,texture,0,0,0.000891,0.007225
975,val,colour,1,1,0.001754,0.998
975,val,packing,0,0,0.001241,0.005111
975,val,price,0,0,0.002116,0.003225
975,val,shipping,0,0,0.013652,0.005296
975,val,smell,0,0,0.001274,0.003837
975,val,stayingpower,1,1,0.006821,0.975854
975,val,texture,0,0,0.006765,0.028851
976,val,colour,1,2,0.507989,0.457453
976,val,packing,0,0,0.057467,0.118501
976,val,price,0,0,0.028264,0.020836
976,val,shipping,0,0,0.061325,0.108803
976,val,smell,2,2,0.999621,0.000334
976,val,stayingpower,0,0,0.027441,0.033062
976,val,texture,0,0,0.219015,0.019006
977,val,colour,0,0,0.004572,0.019832
977,val,packing,0,0,0.000748,0.021553
977,val,price,0,0,0.002822,0.018151
977,val,shipping,1,1,0.001565,0.998122
977,val,smell,0,0,0.001778,0.040047
977,val,stayingpower,0,0,0.004293,0.037374
977,val,texture,1,1,0.001106,0.990071
978,val,colour,1,1,0.000938,0.998904
978,val,packing,0,0,0.00023,0.001242
978,val,price,0,0,0.00112,0.003383
978,val,shipping,0,0,0.001808,0.002866
978,val,smell,0,0,0.000983,0.004279
978,val,stayingpower,0,0,0.003324,0.008591
978,val,texture,0,0,0.002056,0.003178
979,val,colour,1,1,0.31317,0.684326
979,val,packing,0,0,0.005841,0.005648
979,val,price,0,0,0.006259,0.013838
979,val,shipping,2,2,0.999133,0.00034
979,val,smell,0,0,0.001516,0.001045
979,val,stayingpower,0,0,0.00219,0.008243
979,val,texture,0,0,0.007618,0.002177
980,val,colour,0,0,0.001447,0.001287
980,val,packing,0,0,0.00103,0.00939
980,val,price,0,0,0.001498,0.004242
980,val,shipping,0,0,0.006127,0.004396
980,val,smell,0,0,0.000497,0.00247
980,val,stayingpower,0,0,0.001072,0.003023
980,val,texture,0,0,0.000831,0.00113
981,val,colour,1,1,0.000357,0.99909
981,val,packing,0,0,0.00085,0.015474
981,val,price,0,0,0.002172,0.014078
981,val,shipping,0,0,0.006784,0.026155
981,val,smell,0,0,0.001919,0.035654
981,val,stayingpower,0,0,0.013964,0.059347
981,val,texture,1,1,0.012737,0.986848
982,val,colour,0,0,0.001263,0.002009
982,val,packing,1,1,0.001222,0.99004
982,val,price,0,0,0.001162,0.01658
982,val,shipping,0,0,0.011563,0.020874
982,val,smell,0,0,0.000533,0.002682
982,val,stayingpower,0,0,0.000359,0.002399
982,val,texture,0,0,0.000581,0.001438
983,val,colour,1,1,0.002178,0.99135
983,val,packing,1,1,0.000317,0.998356
983,val,price,0,0,0.000694,0.008752
983,val,shipping,1,1,0.000889,0.998382
983,val,smell,0,0,0.002416,0.00656
983,val,stayingpower,0,0,0.003503,0.019734
983,val,texture,0,0,0.002389,0.004156
984,val,colour,0,0,0.00738,0.025732
984,val,packing,0,0,0.005632,0.019041
984,val,price,1,1,0.004644,0.994036
984,val,shipping,2,2,0.999822,0.000118
984,val,smell,0,0,0.002401,0.013079
984,val,stayingpower,0,0,0.002664,0.014164
984,val,texture,0,0,0.004449,0.00532
985,val,colour,0,0,0.001975,0.021345
985,val,packing,0,0,0.000769,0.010543
985,val,price,1,1,0.000679,0.998558
985,val,shipping,0,0,0.004536,0.00423
985,val,smell,0,0,0.000233,0.004295
985,val,stayingpower,0,0,0.000989,0.006125
985,val,texture,0,0,0.001057,0.001876
986,val,colour,0,0,0.003117,0.041331
986,val,packing,0,0,0.000982,0.017253
986,val,price,1,0,0.004481,0.045285
986,val,shipping,0,0,0.008852,0.006181
986,val,smell,0,0,0.001919,0.014353
986,val,stayingpower,0,0,0.001744,0.023636
986,val,texture,3,1,0.119025,0.879526
987,val,colour,1,1,0.002976,0.99473
987,val,packing,0,0,0.011342,0.020672
987,val,price,1,1,0.010934,0.979205
987,val,shipping,2,2,0.99844,0.000382
987,val,smell,0,0,0.007311,0.013628
987,val,stayingpower,1,1,0.015839,0.978113
987,val,texture,0,0,0.049626,0.019862
988,val,colour,1,1,0.003115,0.99601
988,val,packing,0,0,0.002045,0.009721
988,val,price,0,0,0.004085,0.007822
988,val,shipping,0,0,0.005615,0.005855
988,val,smell,0,0,0.001343,0.002823
988,val,stayingpower,1,1,0.007064,0.991557
988,val,texture,1,0,0.016255,0.103717
989,val,colour,0,0,0.000864,0.002039
989,val,packing,0,0,0.000717,0.008447
989,val,price,0,0,0.00141,0.006611
989,val,shipping,0,0,0.002343,0.003196
989,val,smell,0,0,0.0003,0.002911
989,val,stayingpower,0,0,0.000477,0.003947
989,val,texture,0,0,0.000663,0.002536
990,val,colour,1,1,0.003722,0.991521
990,val,packing,0,0,0.01508,0.049726
990,val,price,0,0,0.005532,0.011113
990,val,shipping,1,1,0.012708,0.98154
990,val,smell,1,1,0.010852,0.978962
990,val,stayingpower,2,2,0.996736,0.002378
990,val,texture,0,0,0.010877,0.048911
991,val,colour,0,0,0.001818,0.005801
991,val,packing,1,1,0.00236,0.993323
991,val,price,1,1,0.000415,0.99947
991,val,shipping,0,0,0.083806,0.052698
991,val,smell,0,0,0.001553,0.014393
991,val,stayingpower,0,0,0.001937,0.009183
991,val,texture,0,0,0.004116,0.0019
992,val,colour,1,1,0.048737,0.944845
992,val,packing,1,2,0.790941,0.205575
992,val,price,0,0,0.027194,0.043206
992,val,shipping,0,2,0.964714,0.016914
992,val,smell,0,0,0.085175,0.090179
992,val,stayingpower,0,0,0.092667,0.038704
992,val,texture,1,1,0.059558,0.936896
993,val,colour,0,0,0.005621,0.005282
993,val,packing,1,1,0.014157,0.984961
993,val,price,0,0,0.003746,0.015584
993,val,shipping,1,1,0.008633,0.991058
993,val,smell,0,0,0.007861,0.007478
993,val,stayingpower,0,0,0.022331,0.032102
993,val,texture,0,0,0.006791,0.008792
994,val,colour,1,1,0.000527,0.999133
994,val,packing,0,0,0.000232,0.00317
994,val,price,0,0,0.001198,0.006377
994,val,shipping,0,0,0.002586,0.007623
994,val,smell,0,0,0.000338,0.001674
994,val,stayingpower,0,0,0.002604,0.010888
994,val,texture,0,0,0.001071,0.002519
995,val,colour,0,1,0.00219,0.989062
995,val,packing,0,0,0.004004,0.046384
995,val,price,0,0,0.001454,0.005908
995,val,shipping,0,1,0.011583,0.982597
995,val,smell,1,1,0.001458,0.997988
995,val,stayingpower,0,0,0.005581,0.030321
995,val,texture,1,1,0.000547,0.996541
996,val,colour,1,1,0.041903,0.951916
996,val,packing,0,0,0.028591,0.073004
996,val,price,0,0,0.026634,0.018242
996,val,shipping,0,0,0.100873,0.054348
996,val,smell,2,2,0.998547,0.000517
996,val,stayingpower,1,1,0.027925,0.940758
996,val,texture,1,1,0.126695,0.859458
997,val,colour,0,0,0.001768,0.006265
997,val,packing,1,1,0.001883,0.993704
997,val,price,1,1,0.000722,0.998567
997,val,shipping,1,1,0.00385,0.995517
997,val,smell,0,0,0.001501,0.010318
997,val,stayingpower,0,0,0.003531,0.011965
997,val,texture,0,0,0.00158,0.003277
998,val,colour,0,0,0.000613,0.000598
998,val,packing,0,0,0.000539,0.021998
998,val,price,0,0,0.000662,0.001669
998,val,shipping,0,0,0.008411,0.013279
998,val,smell,0,0,0.000172,0.002383
998,val,stayingpower,0,0,0.000318,0.002016
998,val,texture,0,0,0.002067,0.038268
999,val,colour,0,0,0.00324,0.004016
999,val,packing,1,1,0.000828,0.998108
999,val,price,0,0,0.00191,0.015229
999,val,shipping,1,1,0.004975,0.993552
999,val,smell,0,0,0.002338,0.005044
999,val,stayingpower,0,0,0.002911,0.01715
999,val,texture,0,0,0.001797,0.007457
1000,val,colour,0,0,0.002412,0.006193
1000,val,packing,0,0,0.000629,0.004796
1000,val,price,0,0,0.001262,0.004114
1000,val,shipping,0,0,0.001165,0.001539
1000,val,smell,0,0,0.000333,0.002574
1000,val,stayingpower,0,0,0.001094,0.004551
1000,val,texture,0,0,0.000953,0.002253
1001,val,colour,0,0,0.005302,0.010709
1001,val,packing,1,1,0.00083,0.997456
1001,val,price,0,0,0.001384,0.017948
1001,val,shipping,1,1,0.002532,0.996775
1001,val,smell,0,0,0.00284,0.009802
1001,val,stayingpower,0,0,0.002165,0.01328
1001,val,texture,0,0,0.001154,0.005348
1002,val,colour,1,2,0.868391,0.130474
1002,val,packing,0,1,0.017282,0.906076
1002,val,price,1,1,0.000583,0.998302
1002,val,shipping,1,1,0.001622,0.996651
1002,val,smell,0,0,0.011325,0.017955
1002,val,stayingpower,0,0,0.027925,0.023293
1002,val,texture,0,0,0.026247,0.013159
1003,val,colour,0,0,0.000739,0.000542
1003,val,packing,0,0,0.000994,0.013503
1003,val,price,0,0,0.00255,0.011494
1003,val,shipping,0,0,0.004129,0.002322
1003,val,smell,0,0,0.000148,0.002407
1003,val,stayingpower,0,0,0.001086,0.00854
1003,val,texture,0,0,0.007116,0.237799
1004,val,colour,0,0,0.003983,0.012024
1004,val,packing,1,1,0.001717,0.997047
1004,val,price,0,0,0.002489,0.033076
1004,val,shipping,0,0,0.014173,0.025112
1004,val,smell,1,1,0.003486,0.995492
1004,val,stayingpower,0,0,0.005707,0.011725
1004,val,texture,0,0,0.005656,0.022071
1005,val,colour,1,1,0.004344,0.993911
1005,val,packing,1,1,0.010775,0.975903
1005,val,price,0,0,0.011118,0.017122
1005,val,shipping,0,0,0.014131,0.025882
1005,val,smell,0,0,0.008464,0.01345
1005,val,stayingpower,2,2,0.993444,0.005806
1005,val,texture,0,0,0.092815,0.025986
1006,val,colour,1,1,0.00074,0.998981
1006,val,packing,0,0,0.000437,0.004468
1006,val,price,0,0,0.000885,0.002753
1006,val,shipping,0,0,0.001369,0.003127
1006,val,smell,0,0,0.000719,0.002667
1006,val,stayingpower,0,0,0.003289,0.009088
1006,val,texture,0,0,0.002627,0.002848
1007,val,colour,0,0,0.007511,0.024514
1007,val,packing,0,0,0.00273,0.010999
1007,val,price,0,0,0.003903,0.011292
1007,val,shipping,2,2,0.999704,0.000154
1007,val,smell,0,0,0.001432,0.00521
1007,val,stayingpower,0,0,0.001166,0.007042
1007,val,texture,0,0,0.000968,0.002181
1008,val,colour,1,1,0.006891,0.983717
1008,val,packing,0,0,0.001939,0.007787
1008,val,price,1,1,0.002393,0.993061
1008,val,shipping,0,0,0.003096,0.004644
1008,val,smell,1,1,0.000777,0.999046
1008,val,stayingpower,0,0,0.0072,0.012296
1008,val,texture,0,0,0.005123,0.023985
1009,val,colour,2,2,0.995797,0.003173
1009,val,packing,0,0,0.138324,0.090361
1009,val,price,0,0,0.025778,0.032473
1009,val,shipping,0,0,0.019027,0.00805
1009,val,smell,0,0,0.052373,0.007972
1009,val,stayingpower,0,0,0.18509,0.017721
1009,val,texture,2,2,0.996813,0.002159
1010,val,colour,2,2,0.99508,0.00448
1010,val,packing,0,0,0.010858,0.013913
1010,val,price,0,0,0.00444,0.008688
1010,val,shipping,1,1,0.001194,0.996808
1010,val,smell,0,0,0.007818,0.003031
1010,val,stayingpower,0,0,0.027859,0.026412
1010,val,texture,0,0,0.016966,0.016418
1011,val,colour,0,0,0.003669,0.000933
1011,val,packing,0,0,0.002902,0.027016
1011,val,price,0,0,0.001457,0.021125
1011,val,shipping,0,0,0.009442,0.002016
1011,val,smell,0,0,0.020978,0.126379
1011,val,stayingpower,0,0,0.001514,0.018717
1011,val,texture,0,0,0.021241,0.008585
1012,val,colour,0,0,0.016123,0.101116
1012,val,packing,0,0,0.003635,0.017314
1012,val,price,0,0,0.008385,0.008103
1012,val,shipping,2,2,0.999291,0.000554
1012,val,smell,0,0,0.003707,0.017465
1012,val,stayingpower,0,1,0.012984,0.930894
1012,val,texture,1,1,0.004541,0.972281
1013,val,colour,1,1,0.000436,0.999135
1013,val,packing,0,0,0.000248,0.005859
1013,val,price,0,0,0.001051,0.009092
1013,val,shipping,1,1,0.001364,0.997117
1013,val,smell,0,0,0.001129,0.004188
1013,val,stayingpower,0,0,0.005892,0.022525
1013,val,texture,0,0,0.001525,0.007384
1014,val,colour,3,1,0.015026,0.983386
1014,val,packing,0,0,0.000875,0.005098
1014,val,price,0,0,0.001347,0.00511
1014,val,shipping,0,0,0.007977,0.00438
1014,val,smell,0,0,0.000471,0.001736
1014,val,stayingpower,1,1,0.010609,0.986443
1014,val,texture,3,1,0.029654,0.911854
1015,val,colour,0,0,0.124875,0.01032
1015,val,packing,0,0,0.046628,0.104066
1015,val,price,0,0,0.012772,0.053793
1015,val,shipping,0,0,0.029669,0.007742
1015,val,smell,2,2,0.995432,0.003034
1015,val,stayingpower,0,0,0.07569,0.056319
1015,val,texture,2,2,0.975903,0.009591
1016,val,colour,1,1,0.001036,0.998019
1016,val,packing,0,0,0.001176,0.009111
1016,val,price,1,1,0.00278,0.98594
1016,val,shipping,1,1,0.00115,0.998277
1016,val,smell,0,0,0.001831,0.006374
1016,val,stayingpower,0,0,0.022754,0.031462
1016,val,texture,0,0,0.003097,0.004238
1017,val,colour,0,0,0.003493,0.008047
1017,val,packing,1,1,0.000246,0.999104
1017,val,price,0,0,0.000403,0.004583
1017,val,shipping,3,1,0.015208,0.962726
1017,val,smell,0,0,0.000766,0.003416
1017,val,stayingpower,0,0,0.001412,0.011223
1017,val,texture,0,0,0.007597,0.090175
1018,val,colour,0,0,0.010721,0.019661
1018,val,packing,0,0,0.004071,0.007109
1018,val,price,0,0,0.003432,0.005462
1018,val,shipping,1,2,0.999429,0.000514
1018,val,smell,0,0,0.001537,0.003455
1018,val,stayingpower,0,0,0.002411,0.009351
1018,val,texture,0,0,0.002532,0.003734
1019,val,colour,1,1,0.025592,0.966882
1019,val,packing,0,0,0.077311,0.058503
1019,val,price,0,0,0.024608,0.047948
1019,val,shipping,2,2,0.99263,0.005595
1019,val,smell,2,2,0.997608,0.002204
1019,val,stayingpower,0,0,0.036629,0.195322
1019,val,texture,0,0,0.332439,0.030866
1020,val,colour,1,1,0.000262,0.99962
1020,val,packing,0,0,0.000241,0.006729
1020,val,price,0,0,0.0012,0.005642
1020,val,shipping,0,0,0.001524,0.008747
1020,val,smell,0,0,0.000338,0.002442
1020,val,stayingpower,0,0,0.00194,0.015612
1020,val,texture,0,0,0.0043,0.033134
1021,val,colour,0,0,0.001751,0.017033
1021,val,packing,0,0,0.001558,0.016453
1021,val,price,1,1,0.000538,0.999263
1021,val,shipping,1,1,0.003898,0.993229
1021,val,smell,0,0,0.000746,0.014739
1021,val,stayingpower,0,0,0.004126,0.017271
1021,val,texture,0,0,0.001114,0.007024
1022,val,colour,0,0,0.02551,0.022801
1022,val,packing,0,0,0.001744,0.007583
1022,val,price,0,0,0.002292,0.00362
1022,val,shipping,0,0,0.003795,0.001791
1022,val,smell,0,0,0.001241,0.005254
1022,val,stayingpower,0,1,0.03683,0.959178
1022,val,texture,0,1,0.062178,0.883241
1023,val,colour,3,1,0.006877,0.979286
1023,val,packing,0,0,0.015548,0.07383
1023,val,price,0,0,0.021429,0.08196
1023,val,shipping,2,2,0.999153,0.000739
1023,val,smell,1,1,0.005782,0.990899
1023,val,stayingpower,0,0,0.018432,0.121814
1023,val,texture,1,1,0.001725,0.995186
1024,val,colour,0,0,0.002642,0.018127
1024,val,packing,0,0,0.001138,0.008873
1024,val,price,1,1,0.000944,0.998375
1024,val,shipping,1,1,0.00326,0.995624
1024,val,smell,0,0,0.000529,0.005995
1024,val,stayingpower,0,0,0.004135,0.016218
1024,val,texture,0,0,0.000703,0.002757
1025,val,colour,0,0,0.011574,0.206535
1025,val,packing,0,0,0.004487,0.062161
1025,val,price,0,0,0.002506,0.016595
1025,val,shipping,1,1,0.002357,0.997451
1025,val,smell,1,1,0.00082,0.996916
1025,val,stayingpower,0,0,0.048917,0.344316
1025,val,texture,0,1,0.002747,0.795816
1026,val,colour,1,1,0.001705,0.997166
1026,val,packing,0,0,0.014941,0.093216
1026,val,price,0,0,0.01434,0.025807
1026,val,shipping,2,2,0.999574,0.000328
1026,val,smell,1,1,0.010833,0.98272
1026,val,stayingpower,0,0,0.010588,0.046187
1026,val,texture,0,0,0.004548,0.017012
1027,val,colour,1,1,0.025744,0.967114
1027,val,packing,1,1,0.007996,0.988035
1027,val,price,1,1,0.00258,0.995896
1027,val,shipping,1,1,0.028707,0.953904
1027,val,smell,0,0,0.017072,0.114499
1027,val,stayingpower,2,2,0.990502,0.008562
1027,val,texture,1,2,0.56279,0.218267
1028,val,colour,1,1,0.001072,0.994008
1028,val,packing,0,0,0.002193,0.032257
1028,val,price,1,1,0.000848,0.997478
1028,val,shipping,1,1,0.008773,0.989386
1028,val,smell,0,0,0.000744,0.002956
1028,val,stayingpower,0,1,0.009288,0.964519
1028,val,texture,0,0,0.009413,0.091032
1029,val,colour,0,0,0.003607,0.003759
1029,val,packing,1,1,0.001245,0.997274
1029,val,price,0,0,0.002478,0.026867
1029,val,shipping,0,0,0.015006,0.0218
1029,val,smell,0,0,0.001165,0.004295
1029,val,stayingpower,0,0,0.001398,0.007515
1029,val,texture,0,0,0.002496,0.003057
1030,val,colour,0,0,0.002969,0.011002
1030,val,packing,0,0,0.000447,0.01145
1030,val,price,0,0,0.001226,0.007214
1030,val,shipping,1,1,0.000703,0.998994
1030,val,smell,0,0,0.000606,0.004994
1030,val,stayingpower,0,0,0.002634,0.009737
1030,val,texture,0,0,0.000471,0.007329
1031,val,colour,0,0,0.005908,0.028391
1031,val,packing,1,1,0.004691,0.990254
1031,val,price,1,1,0.004058,0.986378
1031,val,shipping,2,2,0.999548,0.000392
1031,val,smell,0,0,0.003962,0.009953
1031,val,stayingpower,0,0,0.003685,0.014922
1031,val,texture,0,0,0.003602,0.006653
1032,val,colour,0,0,0.01011,0.042484
1032,val,packing,0,0,0.005536,0.036079
1032,val,price,1,1,0.018666,0.97808
1032,val,shipping,0,0,0.050008,0.028741
1032,val,smell,0,0,0.005473,0.046809
1032,val,stayingpower,2,2,0.989741,0.009413
1032,val,texture,1,1,0.005033,0.987372
1033,val,colour,0,0,0.00144,0.003227
1033,val,packing,0,1,0.003781,0.745468
1033,val,price,0,0,0.000966,0.007022
1033,val,shipping,0,0,0.003084,0.004765
1033,val,smell,0,0,0.000297,0.002429
1033,val,stayingpower,0,0,0.000468,0.00431
1033,val,texture,0,0,0.001116,0.003337
1034,val,colour,0,0,0.031801,0.104288
1034,val,packing,0,0,0.002234,0.012426
1034,val,price,0,0,0.002548,0.005191
1034,val,shipping,1,1,0.003018,0.996757
1034,val,smell,0,0,0.003329,0.011034
1034,val,stayingpower,2,1,0.04194,0.945866
1034,val,texture,0,0,0.004117,0.04481
1035,val,colour,1,1,0.000864,0.998597
1035,val,packing,0,0,0.000343,0.006077
1035,val,price,0,0,0.000827,0.0038
1035,val,shipping,1,1,0.000486,0.998736
1035,val,smell,0,0,0.001456,0.003911
1035,val,stayingpower,0,0,0.009161,0.021578
1035,val,texture,0,0,0.001432,0.004722
1036,val,colour,0,0,0.002368,0.016721
1036,val,packing,0,0,0.001012,0.02845
1036,val,price,0,0,0.004691,0.024044
1036,val,shipping,0,0,0.007047,0.008182
1036,val,smell,0,0,0.00155,0.053128
1036,val,stayingpower,0,0,0.001491,0.034345
1036,val,texture,1,1,0.006675,0.993088
1037,val,colour,0,0,0.036128,0.181721
1037,val,packing,0,0,0.003965,0.009959
1037,val,price,0,0,0.017574,0.019664
1037,val,shipping,0,0,0.010389,0.010916
1037,val,smell,0,0,0.003482,0.009837
1037,val,stayingpower,0,2,0.998321,0.001531
1037,val,texture,0,0,0.010389,0.028124
1038,val,colour,0,0,0.001715,0.001155
1038,val,packing,1,1,0.001039,0.996524
1038,val,price,0,0,0.000953,0.010715
1038,val,shipping,1,1,0.103952,0.879137
1038,val,smell,0,0,0.00099,0.002669
1038,val,stayingpower,0,0,0.000644,0.004916
1038,val,texture,0,0,0.000865,0.002558
1039,val,colour,1,1,0.005092,0.994009
1039,val,packing,0,0,0.006189,0.022309
1039,val,price,0,0,0.003609,0.010488
1039,val,shipping,0,0,0.005133,0.001898
1039,val,smell,1,1,0.001987,0.997085
1039,val,stayingpower,0,0,0.045798,0.035808
1039,val,texture,1,1,0.033969,0.964604
1040,val,colour,1,1,0.000365,0.998863
1040,val,packing,0,0,0.000572,0.005971
1040,val,price,1,1,0.000584,0.998743
1040,val,shipping,1,1,0.012629,0.836119
1040,val,smell,0,0,0.000671,0.006032
1040,val,stayingpower,0,0,0.010102,0.018322
1040,val,texture,0,0,0.002046,0.003392
1041,val,colour,1,1,0.026978,0.96728
1041,val,packing,0,0,0.018137,0.057792
1041,val,price,0,0,0.014989,0.017359
1041,val,shipping,0,0,0.03311,0.070577
1041,val,smell,2,2,0.998947,0.000465
1041,val,stayingpower,0,0,0.028377,0.161625
1041,val,texture,1,1,0.06671,0.900504
1042,val,colour,0,0,0.054534,0.043329
1042,val,packing,1,1,0.008983,0.986308
1042,val,price,0,0,0.003788,0.012387
1042,val,shipping,0,0,0.035078,0.010612
1042,val,smell,0,0,0.003541,0.012075
1042,val,stayingpower,3,1,0.118968,0.87179
1042,val,texture,3,1,0.026503,0.953662
1043,val,colour,0,0,0.002553,0.00338
1043,val,packing,0,0,0.001284,0.004858
1043,val,price,1,1,0.001342,0.997962
1043,val,shipping,0,0,0.011113,0.005882
1043,val,smell,0,0,0.000627,0.00872
1043,val,stayingpower,0,0,0.001362,0.004264
1043,val,texture,0,0,0.002167,0.002048
1044,val,colour,3,2,0.746367,0.129856
1044,val,packing,0,0,0.001165,0.001162
1044,val,price,0,0,0.001415,0.003415
1044,val,shipping,0,0,0.007867,0.000867
1044,val,smell,0,0,0.002654,0.001327
1044,val,stayingpower,0,0,0.002448,0.002333
1044,val,texture,0,0,0.029857,0.000884
1045,val,colour,0,0,0.207391,0.151258
1045,val,packing,0,0,0.014508,0.024408
1045,val,price,0,0,0.011985,0.019009
1045,val,shipping,1,1,0.004402,0.994309
1045,val,smell,1,2,0.960227,0.039561
1045,val,stayingpower,0,0,0.042807,0.059742
1045,val,texture,0,0,0.034384,0.016398
1046,val,colour,0,0,0.001117,0.006658
1046,val,packing,0,0,0.000254,0.004073
1046,val,price,0,0,0.001193,0.009835
1046,val,shipping,0,0,0.001305,0.002222
1046,val,smell,0,0,0.00023,0.003035
1046,val,stayingpower,0,0,0.000794,0.003483
1046,val,texture,0,0,0.000755,0.002867
1047,val,colour,1,1,0.001338,0.997005
1047,val,packing,1,1,0.000417,0.997359
1047,val,price,0,0,0.000903,0.009204
1047,val,shipping,1,1,0.000577,0.999026
1047,val,smell,0,0,0.003622,0.008149
1047,val,stayingpower,0,0,0.008011,0.033093
1047,val,texture,0,0,0.003049,0.004465
1048,val,colour,1,1,0.000581,0.998851
1048,val,packing,0,0,0.001158,0.008819
1048,val,price,1,1,0.001317,0.997822
1048,val,shipping,0,0,0.007609,0.015923
1048,val,smell,0,0,0.002639,0.025042
1048,val,stayingpower,0,0,0.011477,0.079766
1048,val,texture,1,1,0.003134,0.994318
1049,val,colour,1,1,0.001008,0.997992
1049,val,packing,0,0,0.001671,0.021388
1049,val,price,0,0,0.002555,0.017227
1049,val,shipping,1,1,0.001053,0.998508
1049,val,smell,1,1,0.006602,0.992141
1049,val,stayingpower,0,0,0.014039,0.018327
1049,val,texture,0,0,0.002265,0.023717
1050,val,colour,0,0,0.00232,0.000832
1050,val,packing,0,0,0.001537,0.00817
1050,val,price,0,0,0.002226,0.00633
1050,val,shipping,0,0,0.003634,0.001807
1050,val,smell,0,0,0.000461,0.002104
1050,val,stayingpower,0,0,0.00076,0.001449
1050,val,texture,0,0,0.001205,0.000768
1051,val,colour,0,0,0.00572,0.00076
1051,val,packing,0,0,0.002217,0.002941
1051,val,price,0,0,0.001694,0.002218
1051,val,shipping,0,0,0.011205,0.000871
1051,val,smell,0,0,0.000667,0.00181
1051,val,stayingpower,0,0,0.001818,0.0028
1051,val,texture,0,0,0.00268,0.001504
1052,val,colour,0,0,0.002341,0.007946
1052,val,packing,1,1,0.001519,0.995621
1052,val,price,0,0,0.002182,0.025445
1052,val,shipping,0,0,0.017898,0.02582
1052,val,smell,1,1,0.002615,0.996175
1052,val,stayingpower,0,0,0.002524,0.009648
1052,val,texture,0,0,0.002665,0.011735
1053,val,colour,1,1,0.00302,0.993683
1053,val,packing,1,1,0.00354,0.994475
1053,val,price,0,0,0.00119,0.004962
1053,val,shipping,2,2,0.997782,0.001681
1053,val,smell,0,0,0.005749,0.007154
1053,val,stayingpower,0,0,0.005601,0.024793
1053,val,texture,0,0,0.012362,0.00572
1054,val,colour,1,1,0.000328,0.999342
1054,val,packing,0,0,0.001748,0.022314
1054,val,price,1,1,0.000605,0.998496
1054,val,shipping,1,1,0.001645,0.996633
1054,val,smell,0,0,0.001967,0.015368
1054,val,stayingpower,0,0,0.022351,0.059499
1054,val,texture,0,0,0.011129,0.120867
1055,val,colour,1,1,0.000317,0.999351
1055,val,packing,0,0,0.000777,0.012211
1055,val,price,0,0,0.002223,0.009885
1055,val,shipping,0,0,0.003786,0.013756
1055,val,smell,0,0,0.001424,0.016111
1055,val,stayingpower,0,0,0.012888,0.070831
1055,val,texture,3,1,0.019847,0.979398
1056,val,colour,0,0,0.003631,0.00207
1056,val,packing,1,1,0.000729,0.998758
1056,val,price,1,1,0.000885,0.998515
1056,val,shipping,0,0,0.028795,0.021387
1056,val,smell,3,1,0.052987,0.70005
1056,val,stayingpower,0,0,0.001983,0.01024
1056,val,texture,3,0,0.036076,0.024804
1057,val,colour,0,0,0.039802,0.001415
1057,val,packing,0,0,0.089583,0.012277
1057,val,price,0,0,0.011685,0.004735
1057,val,shipping,2,2,0.99833,0.000564
1057,val,smell,0,0,0.002639,0.001984
1057,val,stayingpower,0,0,0.003227,0.004425
1057,val,texture,0,0,0.005029,0.002255
1058,val,colour,0,0,0.007332,0.00733
1058,val,packing,0,0,0.000655,0.003662
1058,val,price,0,0,0.00176,0.008943
1058,val,shipping,1,1,0.001448,0.998313
1058,val,smell,0,0,0.000894,0.006217
1058,val,stayingpower,0,0,0.005595,0.007723
1058,val,texture,0,0,0.000707,0.003689
1059,val,colour,0,0,0.002554,0.006612
1059,val,packing,1,1,0.00061,0.997654
1059,val,price,0,0,0.001507,0.013441
1059,val,shipping,1,1,0.00167,0.997372
1059,val,smell,0,0,0.001689,0.004942
1059,val,stayingpower,0,0,0.001356,0.008735
1059,val,texture,0,0,0.001141,0.005668
1060,val,colour,1,1,0.008607,0.990478
1060,val,packing,0,0,0.005581,0.011456
1060,val,price,0,0,0.013811,0.037412
1060,val,shipping,0,0,0.011343,0.030348
1060,val,smell,2,2,0.998545,0.001319
1060,val,stayingpower,0,0,0.011737,0.031709
1060,val,texture,0,0,0.074416,0.039997
1061,val,colour,2,1,0.015048,0.975206
1061,val,packing,0,0,0.000639,0.008128
1061,val,price,0,0,0.002525,0.005901
1061,val,shipping,0,0,0.004709,0.00487
1061,val,smell,0,0,0.001772,0.021848
1061,val,stayingpower,0,0,0.003506,0.012621
1061,val,texture,1,1,0.001272,0.998318
1062,val,colour,0,0,0.005361,0.017065
1062,val,packing,1,1,0.003989,0.989648
1062,val,price,1,1,0.000897,0.996794
1062,val,shipping,1,1,0.003468,0.995973
1062,val,smell,1,1,0.003622,0.995496
1062,val,stayingpower,0,0,0.01199,0.014264
1062,val,texture,0,0,0.005154,0.028979
1063,val,colour,0,0,0.002384,0.014104
1063,val,packing,0,0,0.000394,0.006247
1063,val,price,0,0,0.000923,0.006537
1063,val,shipping,1,1,0.007333,0.976196
1063,val,smell,0,0,0.000373,0.002229
1063,val,stayingpower,0,0,0.00123,0.004321
1063,val,texture,0,0,0.000156,0.001182
1064,val,colour,1,0,0.022974,0.013889
1064,val,packing,0,0,0.013755,0.027335
1064,val,price,0,0,0.002053,0.006977
1064,val,shipping,1,1,0.007178,0.987733
1064,val,smell,0,0,0.007617,0.005604
1064,val,stayingpower,0,0,0.003027,0.020224
1064,val,texture,0,2,0.953354,0.024674
1065,val,colour,0,0,0.001787,0.004011
1065,val,packing,0,0,0.00104,0.006496
1065,val,price,1,1,0.000994,0.998601
1065,val,shipping,0,0,0.008035,0.007702
1065,val,smell,0,0,0.000616,0.011688
1065,val,stayingpower,0,0,0.001515,0.005985
1065,val,texture,0,0,0.001902,0.003041
1066,val,colour,1,1,0.002572,0.996685
1066,val,packing,0,0,0.001953,0.007932
1066,val,price,0,0,0.003368,0.007588
1066,val,shipping,0,0,0.019063,0.012629
1066,val,smell,0,0,0.000961,0.002183
1066,val,stayingpower,1,1,0.003233,0.994784
1066,val,texture,0,0,0.007052,0.021809
1067,val,colour,0,0,0.01414,0.048056
1067,val,packing,0,0,0.005126,0.018801
1067,val,price,0,0,0.008032,0.019223
1067,val,shipping,0,0,0.016069,0.011119
1067,val,smell,0,0,0.002141,0.010776
1067,val,stayingpower,2,2,0.977885,0.013772
1067,val,texture,2,2,0.982322,0.009655
1068,val,colour,1,1,0.002168,0.997141
1068,val,packing,0,0,0.003468,0.01069
1068,val,price,0,0,0.001331,0.002502
1068,val,shipping,0,0,0.021844,0.003951
1068,val,smell,0,0,0.01038,0.019371
1068,val,stayingpower,1,1,0.02128,0.97515
1068,val,texture,3,2,0.964665,0.031986
1069,val,colour,0,0,0.000872,0.001719
1069,val,packing,0,0,0.000848,0.014932
1069,val,price,0,0,0.001421,0.008908
1069,val,shipping,0,0,0.002356,0.003217
1069,val,smell,0,0,0.000231,0.002181
1069,val,stayingpower,0,0,0.000468,0.002299
1069,val,texture,0,0,0.0006,0.002053
1070,val,colour,1,1,0.000332,0.999181
1070,val,packing,0,0,0.001419,0.017509
1070,val,price,1,1,0.001101,0.996675
1070,val,shipping,1,1,0.002451,0.995842
1070,val,smell,0,0,0.001403,0.0083
1070,val,stayingpower,0,0,0.01321,0.022671
1070,val,texture,0,0,0.002276,0.006154
1071,val,colour,1,1,0.000998,0.998982
1071,val,packing,0,0,0.000301,0.001583
1071,val,price,0,0,0.002188,0.010939
1071,val,shipping,0,0,0.000936,0.002595
1071,val,smell,0,0,0.001437,0.007402
1071,val,stayingpower,0,0,0.014124,0.04894
1071,val,texture,0,0,0.018697,0.152576
1072,val,colour,1,1,0.000157,0.999518
1072,val,packing,0,1,0.001626,0.705573
1072,val,price,0,0,0.000609,0.008464
1072,val,shipping,3,1,0.003467,0.988906
1072,val,smell,0,0,0.001024,0.003044
1072,val,stayingpower,0,0,0.001678,0.01399
1072,val,texture,0,0,0.000975,0.004559
1073,val,colour,0,0,0.023971,0.006525
1073,val,packing,2,2,0.954321,0.038638
1073,val,price,0,0,0.027931,0.053273
1073,val,shipping,0,0,0.305512,0.014827
1073,val,smell,0,0,0.025586,0.004717
1073,val,stayingpower,0,0,0.00913,0.001957
1073,val,texture,0,0,0.062606,0.003625
1074,val,colour,0,0,0.005129,0.012254
1074,val,packing,0,0,0.000575,0.005413
1074,val,price,0,0,0.001273,0.006989
1074,val,shipping,1,1,0.001003,0.998502
1074,val,smell,0,0,0.000692,0.00334
1074,val,stayingpower,0,0,0.004104,0.007882
1074,val,texture,0,0,0.000417,0.00294
1075,val,colour,0,0,0.002353,0.003667
1075,val,packing,1,1,0.000768,0.998231
1075,val,price,0,0,0.001537,0.012847
1075,val,shipping,1,1,0.003542,0.99532
1075,val,smell,0,0,0.001944,0.004594
1075,val,stayingpower,0,0,0.001707,0.010546
1075,val,texture,0,0,0.000875,0.002883
1076,val,colour,0,0,0.004094,0.004762
1076,val,packing,1,1,0.001194,0.997291
1076,val,price,0,0,0.001763,0.012256
1076,val,shipping,1,1,0.003012,0.996422
1076,val,smell,0,0,0.003542,0.007214
1076,val,stayingpower,0,0,0.002499,0.010611
1076,val,texture,0,0,0.001254,0.004065
1077,val,colour,1,1,0.0005,0.998625
1077,val,packing,0,0,0.001478,0.011254
1077,val,price,0,0,0.004111,0.019482
1077,val,shipping,0,0,0.003809,0.008654
1077,val,smell,1,1,0.000964,0.998379
1077,val,stayingpower,0,0,0.005038,0.021129
1077,val,texture,1,1,0.00192,0.990817
1078,val,colour,0,0,0.00413,0.019342
1078,val,packing,0,0,0.00067,0.0183
1078,val,price,0,0,0.002481,0.009392
1078,val,shipping,0,0,0.010139,0.011568
1078,val,smell,0,0,0.001067,0.014455
1078,val,stayingpower,0,0,0.002612,0.028681
1078,val,texture,1,1,0.001654,0.997853
1079,val,colour,1,1,0.001802,0.995305
1079,val,packing,0,0,0.00064,0.005677
1079,val,price,1,1,0.000858,0.998623
1079,val,shipping,0,0,0.00468,0.00923
1079,val,smell,0,0,0.001185,0.014453
1079,val,stayingpower,0,0,0.007498,0.027832
1079,val,texture,1,1,0.004552,0.982724
1080,val,colour,0,0,0.005196,0.024559
1080,val,packing,0,0,0.005744,0.022307
1080,val,price,1,1,0.005871,0.992847
1080,val,shipping,2,2,0.999835,0.000125
1080,val,smell,0,0,0.002511,0.011674
1080,val,stayingpower,0,0,0.004114,0.016567
1080,val,texture,0,0,0.005418,0.011182
1081,val,colour,1,1,0.022575,0.971028
1081,val,packing,0,0,0.009645,0.010431
1081,val,price,1,1,0.01027,0.973311
1081,val,shipping,0,0,0.005337,0.002707
1081,val,smell,1,1,0.008754,0.988677
1081,val,stayingpower,0,0,0.068896,0.02354
1081,val,texture,2,2,0.950043,0.005296
1082,val,colour,0,0,0.003731,0.006211
1082,val,packing,1,1,0.001056,0.996073
1082,val,price,0,0,0.001339,0.013873
1082,val,shipping,1,1,0.004948,0.99396
1082,val,smell,0,0,0.002675,0.008909
1082,val,stayingpower,0,0,0.001853,0.01309
1082,val,texture,0,0,0.001045,0.00396
1083,val,colour,1,1,0.001561,0.996466
1083,val,packing,0,0,0.004256,0.016836
1083,val,price,1,1,0.004794,0.991774
1083,val,shipping,2,2,0.998285,0.001679
1083,val,smell,0,0,0.002183,0.009363
1083,val,stayingpower,0,0,0.010184,0.040707
1083,val,texture,0,0,0.011742,0.01138
1084,val,colour,0,0,0.001796,0.008866
1084,val,packing,0,0,0.000417,0.005452
1084,val,price,0,0,0.000888,0.00688
1084,val,shipping,0,0,0.001138,0.0014
1084,val,smell,0,0,0.000414,0.00509
1084,val,stayingpower,0,0,0.000782,0.002311
1084,val,texture,0,0,0.000663,0.001541
1085,val,colour,1,1,0.024536,0.974849
1085,val,packing,0,0,0.004603,0.006766
1085,val,price,0,0,0.004947,0.014706
1085,val,shipping,2,2,0.994046,0.005473
1085,val,smell,0,0,0.000657,0.00076
1085,val,stayingpower,0,0,0.004103,0.012255
1085,val,texture,0,0,0.008085,0.002514
1086,val,colour,0,0,0.086886,0.040822
1086,val,packing,0,0,0.018463,0.042916
1086,val,price,0,0,0.063559,0.103023
1086,val,shipping,0,0,0.012658,0.022001
1086,val,smell,2,2,0.92614,0.072432
1086,val,stayingpower,2,2,0.929718,0.052045
1086,val,texture,0,2,0.993817,0.004316
1087,val,colour,2,1,0.478638,0.519634
1087,val,packing,0,0,0.00379,0.007156
1087,val,price,0,0,0.001659,0.004066
1087,val,shipping,0,0,0.001143,0.00042
1087,val,smell,0,0,0.002212,0.001519
1087,val,stayingpower,0,0,0.005766,0.024896
1087,val,texture,0,0,0.02649,0.004168
1088,val,colour,0,0,0.001943,0.011584
1088,val,packing,0,0,0.001302,0.019056
1088,val,price,1,1,0.000882,0.997757
1088,val,shipping,1,1,0.002327,0.996928
1088,val,smell,0,0,0.00039,0.005331
1088,val,stayingpower,0,0,0.003011,0.013113
1088,val,texture,0,0,0.000596,0.00471
1089,val,colour,0,0,0.009056,0.013785
1089,val,packing,1,1,0.007383,0.987477
1089,val,price,0,0,0.005112,0.023046
1089,val,shipping,2,2,0.999386,0.000565
1089,val,smell,0,0,0.004276,0.007304
1089,val,stayingpower,0,0,0.002708,0.017929
1089,val,texture,0,0,0.003231,0.008432
1090,val,colour,1,1,0.001169,0.998009
1090,val,packing,0,0,0.004156,0.020445
1090,val,price,0,0,0.010711,0.011001
1090,val,shipping,0,0,0.008554,0.009108
1090,val,smell,0,0,0.002804,0.010293
1090,val,stayingpower,2,2,0.997718,0.001814
1090,val,texture,1,1,0.038168,0.930684
1091,val,colour,0,1,0.00907,0.977244
1091,val,packing,0,0,0.00031,0.003361
1091,val,price,1,1,0.001118,0.997125
1091,val,shipping,0,0,0.001296,0.000649
1091,val,smell,0,0,0.000242,0.001675
1091,val,stayingpower,0,0,0.004799,0.033591
1091,val,texture,0,0,0.047553,0.09515
1092,val,colour,3,0,0.114987,0.440396
1092,val,packing,0,0,0.005209,0.016034
1092,val,price,0,0,0.002619,0.003321
1092,val,shipping,0,0,0.021201,0.004804
1092,val,smell,0,0,0.001831,0.004087
1092,val,stayingpower,2,1,0.005036,0.994243
1092,val,texture,0,0,0.019358,0.060883
1093,val,colour,0,0,0.009997,0.098364
1093,val,packing,0,0,0.002444,0.028435
1093,val,price,0,0,0.016711,0.092225
1093,val,shipping,0,0,0.013409,0.009266
1093,val,smell,0,0,0.005627,0.021364
1093,val,stayingpower,0,0,0.051317,0.098637
1093,val,texture,3,2,0.863189,0.136701
1094,val,colour,0,0,0.003252,0.004071
1094,val,packing,1,1,0.00094,0.997988
1094,val,price,0,0,0.001777,0.012069
1094,val,shipping,1,1,0.00388,0.99521
1094,val,smell,0,0,0.003188,0.005806
1094,val,stayingpower,0,0,0.002455,0.013926
1094,val,texture,0,0,0.00177,0.007287
1095,val,colour,1,1,0.000694,0.997241
1095,val,packing,0,0,0.000655,0.007224
1095,val,price,1,1,0.000686,0.998713
1095,val,shipping,0,0,0.008728,0.009863
1095,val,smell,0,0,0.001512,0.012749
1095,val,stayingpower,0,0,0.004082,0.073529
1095,val,texture,1,1,0.005425,0.983166
1096,val,colour,3,1,0.014668,0.983902
1096,val,packing,0,0,0.000408,0.002943
1096,val,price,0,0,0.002026,0.008667
1096,val,shipping,0,0,0.000855,0.001718
1096,val,smell,0,0,0.000661,0.007866
1096,val,stayingpower,0,0,0.035829,0.130126
1096,val,texture,1,1,0.003814,0.994198
1097,val,colour,1,1,0.01507,0.98405
1097,val,packing,0,0,0.000187,0.000747
1097,val,price,0,0,0.001621,0.004317
1097,val,shipping,0,0,0.000843,0.001274
1097,val,smell,0,0,0.001399,0.005712
1097,val,stayingpower,0,0,0.001758,0.005223
1097,val,texture,0,0,0.001634,0.002237
1098,val,colour,2,2,0.593916,0.405818
1098,val,packing,0,0,0.005722,0.005853
1098,val,price,0,0,0.007783,0.013104
1098,val,shipping,0,0,0.002637,0.002413
1098,val,smell,0,0,0.015341,0.006564
1098,val,stayingpower,0,0,0.02301,0.011322
1098,val,texture,0,2,0.967098,0.002319
1099,val,colour,1,1,0.011199,0.986865
1099,val,packing,0,0,0.001127,0.00163
1099,val,price,1,1,0.003822,0.990888
1099,val,shipping,0,0,0.030022,0.00612
1099,val,smell,0,0,0.005739,0.007256
1099,val,stayingpower,0,0,0.002433,0.005901
1099,val,texture,0,0,0.363605,0.005033
1100,val,colour,1,1,0.004135,0.989981
1100,val,packing,0,0,0.002221,0.020636
1100,val,price,0,0,0.00104,0.003191
1100,val,shipping,1,1,0.003588,0.994107
1100,val,smell,3,1,0.003124,0.996608
1100,val,stayingpower,0,0,0.007037,0.010153
1100,val,texture,0,0,0.001209,0.007583
1101,val,colour,1,1,0.002885,0.995888
1101,val,packing,0,0,0.001524,0.014298
1101,val,price,0,0,0.0032,0.004823
1101,val,shipping,0,0,0.016498,0.008906
1101,val,smell,0,0,0.000853,0.004173
1101,val,stayingpower,1,1,0.005847,0.98811
1101,val,texture,1,1,0.004602,0.991804
1102,val,colour,1,1,0.001218,0.99763
1102,val,packing,1,1,0.024428,0.961717
1102,val,price,0,0,0.00088,0.006623
1102,val,shipping,0,2,0.628371,0.09612
1102,val,smell,1,1,0.002697,0.997089
1102,val,stayingpower,0,0,0.01672,0.043308
1102,val,texture,0,0,0.037155,0.08161
1103,val,colour,2,2,0.959988,0.036159
1103,val,packing,0,0,0.003755,0.021089
1103,val,price,1,1,0.001789,0.997642
1103,val,shipping,0,0,0.017862,0.011849
1103,val,smell,0,0,0.005664,0.008461
1103,val,stayingpower,0,0,0.023893,0.057694
1103,val,texture,1,1,0.009653,0.986846
1104,val,colour,1,1,0.000931,0.998827
1104,val,packing,0,0,0.000212,0.002104
1104,val,price,0,0,0.00101,0.002823
1104,val,shipping,0,0,0.002592,0.004957
1104,val,smell,0,0,0.000785,0.003211
1104,val,stayingpower,0,0,0.00442,0.010173
1104,val,texture,0,0,0.001449,0.001873
1105,val,colour,1,1,0.000326,0.999211
1105,val,packing,0,0,0.002746,0.158044
1105,val,price,0,0,0.004873,0.03929
1105,val,shipping,0,0,0.008907,0.040795
1105,val,smell,0,0,0.002538,0.031018
1105,val,stayingpower,0,0,0.006316,0.089078
1105,val,texture,1,1,0.002874,0.996908
1106,val,colour,0,0,0.003445,0.001362
1106,val,packing,0,0,0.001768,0.003647
1106,val,price,0,0,0.001236,0.002544
1106,val,shipping,0,0,0.011597,0.001442
1106,val,smell,0,0,0.000911,0.004643
1106,val,stayingpower,0,0,0.001322,0.002622
1106,val,texture,0,0,0.001192,0.000753
1107,val,colour,0,0,0.004733,0.00792
1107,val,packing,0,0,0.000557,0.00668
1107,val,price,0,0,0.001996,0.009994
1107,val,shipping,1,1,0.000878,0.998916
1107,val,smell,0,0,0.001044,0.006534
1107,val,stayingpower,0,0,0.004703,0.010064
1107,val,texture,0,0,0.000588,0.00484
1108,val,colour,1,1,0.011963,0.97452
1108,val,packing,0,0,0.009001,0.057235
1108,val,price,0,0,0.017175,0.011402
1108,val,shipping,0,0,0.00767,0.01164
1108,val,smell,0,0,0.011019,0.026341
1108,val,stayingpower,2,2,0.99661,0.003014
1108,val,texture,1,1,0.030321,0.968926
1109,val,colour,1,1,0.006738,0.988113
1109,val,packing,0,0,0.002387,0.01241
1109,val,price,0,0,0.002026,0.003609
1109,val,shipping,0,0,0.011474,0.007235
1109,val,smell,0,0,0.003375,0.014911
1109,val,stayingpower,1,1,0.012218,0.987006
1109,val,texture,1,1,0.022602,0.970023
1110,val,colour,1,1,0.000735,0.998832
1110,val,packing,0,0,0.000464,0.010438
1110,val,price,0,0,0.000962,0.005028
1110,val,shipping,1,1,0.000723,0.998885
1110,val,smell,0,0,0.001622,0.005551
1110,val,stayingpower,0,0,0.01287,0.020841
1110,val,texture,0,0,0.001762,0.005155
1111,val,colour,1,1,0.000568,0.997399
1111,val,packing,1,1,0.000964,0.995027
1111,val,price,1,1,0.00037,0.999253
1111,val,shipping,0,0,0.020233,0.08201
1111,val,smell,0,0,0.004093,0.021906
1111,val,stayingpower,0,0,0.00577,0.041719
1111,val,texture,0,0,0.010197,0.009606
1112,val,colour,0,0,0.003925,0.010834
1112,val,packing,1,1,0.00166,0.993932
1112,val,price,0,0,0.001163,0.018475
1112,val,shipping,1,1,0.004023,0.99523
1112,val,smell,1,1,0.003513,0.994351
1112,val,stayingpower,0,0,0.006468,0.015493
1112,val,texture,0,0,0.001356,0.026553
1113,val,colour,0,0,0.004118,0.015564
1113,val,packing,0,1,0.007408,0.764619
1113,val,price,0,0,0.003462,0.0158
1113,val,shipping,2,2,0.999428,0.000389
1113,val,smell,0,0,0.001089,0.002175
1113,val,stayingpower,0,0,0.000846,0.012429
1113,val,texture,0,0,0.001294,0.0047
1114,val,colour,1,2,0.77327,0.10893
1114,val,packing,0,0,0.001618,0.009988
1114,val,price,0,0,0.000931,0.001442
1114,val,shipping,0,0,0.001085,0.00066
1114,val,smell,0,0,0.000655,0.004274
1114,val,stayingpower,0,0,0.006611,0.027506
1114,val,texture,1,1,0.292343,0.704281
1115,val,colour,1,1,0.007013,0.991761
1115,val,packing,0,0,0.012664,0.032575
1115,val,price,3,1,0.029831,0.73804
1115,val,shipping,0,0,0.085188,0.016066
1115,val,smell,0,0,0.097114,0.049585
1115,val,stayingpower,0,0,0.053255,0.01816
1115,val,texture,2,2,0.999527,0.00037
1116,val,colour,0,0,0.010575,0.138635
1116,val,packing,0,0,0.019822,0.050998
1116,val,price,1,1,0.00339,0.996049
1116,val,shipping,1,1,0.075498,0.91549
1116,val,smell,0,0,0.039583,0.074566
1116,val,stayingpower,0,0,0.090153,0.101333
1116,val,texture,2,2,0.98768,0.010819
1117,val,colour,0,0,0.00212,0.001274
1117,val,packing,0,0,0.001443,0.008773
1117,val,price,0,0,0.001375,0.004256
1117,val,shipping,0,0,0.002696,0.002116
1117,val,smell,0,0,0.000686,0.004101
1117,val,stayingpower,0,0,0.001125,0.003032
1117,val,texture,0,0,0.001086,0.001718
1118,val,colour,0,0,0.007086,0.05105
1118,val,packing,0,0,0.021556,0.0715
1118,val,price,0,0,0.012338,0.043989
1118,val,shipping,2,2,0.998889,0.000907
1118,val,smell,1,1,0.002228,0.997474
1118,val,stayingpower,0,0,0.011712,0.030068
1118,val,texture,0,0,0.005141,0.038725
1119,val,colour,2,2,0.997168,0.001709
1119,val,packing,0,0,0.017919,0.032578
1119,val,price,0,0,0.01274,0.032896
1119,val,shipping,0,0,0.023628,0.006505
1119,val,smell,0,0,0.009224,0.001848
1119,val,stayingpower,1,1,0.030422,0.925359
1119,val,texture,1,1,0.017858,0.968364
1120,val,colour,2,2,0.990093,0.005823
1120,val,packing,0,0,0.048874,0.017251
1120,val,price,1,1,0.013419,0.985098
1120,val,shipping,2,2,0.995311,0.002153
1120,val,smell,0,0,0.022153,0.005325
1120,val,stayingpower,0,0,0.011367,0.026402
1120,val,texture,0,0,0.059012,0.015579
1121,val,colour,1,1,0.000657,0.999211
1121,val,packing,0,0,0.000472,0.01072
1121,val,price,0,0,0.001727,0.005254
1121,val,shipping,0,0,0.003278,0.011152
1121,val,smell,0,0,0.000445,0.003975
1121,val,stayingpower,0,0,0.009909,0.110326
1121,val,texture,1,1,0.005717,0.988799
1122,val,colour,0,0,0.001707,0.000519
1122,val,packing,0,0,0.002072,0.011424
1122,val,price,0,0,0.000978,0.003044
1122,val,shipping,0,0,0.007305,0.002006
1122,val,smell,0,0,0.000766,0.005771
1122,val,stayingpower,0,0,0.001508,0.004382
1122,val,texture,0,0,0.001588,0.001286
1123,val,colour,0,0,0.000558,0.001216
1123,val,packing,0,0,0.000348,0.006818
1123,val,price,0,0,0.000909,0.005756
1123,val,shipping,0,0,0.019837,0.396918
1123,val,smell,0,0,0.000224,0.002128
1123,val,stayingpower,0,0,0.001112,0.003321
1123,val,texture,0,0,0.000197,0.001188
1124,val,colour,0,0,0.011843,0.01416
1124,val,packing,1,1,0.005586,0.990533
1124,val,price,0,0,0.003884,0.013203
1124,val,shipping,2,2,0.998988,0.00064
1124,val,smell,0,0,0.004985,0.007355
1124,val,stayingpower,0,0,0.005997,0.029732
1124,val,texture,0,0,0.003791,0.00761
1125,val,colour,0,0,0.052562,0.061028
1125,val,packing,1,1,0.016698,0.965518
1125,val,price,0,0,0.001213,0.006539
1125,val,shipping,1,1,0.003697,0.99581
1125,val,smell,1,1,0.011281,0.98645
1125,val,stayingpower,3,1,0.4723,0.481444
1125,val,texture,0,0,0.036155,0.32523
1126,val,colour,1,2,0.523247,0.455299
1126,val,packing,1,1,0.047105,0.937683
1126,val,price,3,1,0.003355,0.991701
1126,val,shipping,2,0,0.3339,0.024242
1126,val,smell,0,0,0.022679,0.024968
1126,val,stayingpower,3,1,0.086389,0.901574
1126,val,texture,1,1,0.185246,0.809951
1127,val,colour,0,0,0.001708,0.001157
1127,val,packing,0,0,0.000787,0.00473
1127,val,price,0,0,0.001065,0.002698
1127,val,shipping,0,0,0.016794,0.001874
1127,val,smell,0,0,0.000715,0.003734
1127,val,stayingpower,0,0,0.003752,0.019636
1127,val,texture,0,0,0.001349,0.002027
1128,val,colour,0,0,0.011099,0.002497
1128,val,packing,3,1,0.313872,0.684409
1128,val,price,0,0,0.009493,0.037251
1128,val,shipping,0,2,0.839696,0.01379
1128,val,smell,0,0,0.010251,0.005047
1128,val,stayingpower,0,0,0.009299,0.011094
1128,val,texture,0,0,0.018525,0.00828
1129,val,colour,1,1,0.00257,0.995778
1129,val,packing,0,0,0.025149,0.051709
1129,val,price,1,1,0.017058,0.976645
1129,val,shipping,2,2,0.997368,0.001879
1129,val,smell,0,0,0.020487,0.18424
1129,val,stayingpower,2,2,0.983751,0.015088
1129,val,texture,1,1,0.035182,0.949041
1130,val,colour,0,0,0.003033,0.004237
1130,val,packing,1,1,0.000839,0.998093
1130,val,price,0,0,0.001779,0.013214
1130,val,shipping,1,1,0.003384,0.995869
1130,val,smell,0,0,0.003007,0.005953
1130,val,stayingpower,0,0,0.002141,0.012068
1130,val,texture,0,0,0.001572,0.007049
1131,val,colour,0,0,0.00278,0.005414
1131,val,packing,0,0,0.001526,0.024189
1131,val,price,1,0,0.003844,0.071576
1131,val,shipping,1,1,0.000729,0.998972
1131,val,smell,0,0,0.000805,0.004215
1131,val,stayingpower,0,0,0.002449,0.007998
1131,val,texture,0,0,0.000307,0.002631
1132,val,colour,0,0,0.002736,0.018114
1132,val,packing,0,0,0.000269,0.0024
1132,val,price,0,0,0.000923,0.005545
1132,val,shipping,0,0,0.001154,0.001792
1132,val,smell,0,0,0.00032,0.00364
1132,val,stayingpower,0,0,0.000855,0.00237
1132,val,texture,0,0,0.000691,0.001875
1133,val,colour,0,0,0.021056,0.177055
1133,val,packing,0,0,0.001451,0.015755
1133,val,price,0,0,0.001969,0.004655
1133,val,shipping,1,1,0.006084,0.992525
1133,val,smell,0,0,0.001701,0.006936
1133,val,stayingpower,3,1,0.011081,0.985373
1133,val,texture,0,0,0.003462,0.059004
1134,val,colour,0,0,0.009718,0.01817
1134,val,packing,0,0,0.003296,0.011185
1134,val,price,0,0,0.003865,0.006854
1134,val,shipping,2,2,0.999716,0.000179
1134,val,smell,0,0,0.001172,0.003245
1134,val,stayingpower,0,0,0.001315,0.008131
1134,val,texture,0,0,0.001304,0.002969
1135,val,colour,1,1,0.000781,0.997897
1135,val,packing,0,0,0.000647,0.010445
1135,val,price,0,0,0.005134,0.021654
1135,val,shipping,0,0,0.005636,0.020412
1135,val,smell,0,0,0.001652,0.024994
1135,val,stayingpower,0,0,0.007736,0.064169
1135,val,texture,1,1,0.0006,0.99912
1136,val,colour,1,1,0.000513,0.998878
1136,val,packing,0,0,0.001616,0.015432
1136,val,price,0,0,0.001655,0.009121
1136,val,shipping,1,1,0.000732,0.998694
1136,val,smell,1,1,0.004078,0.993636
1136,val,stayingpower,0,0,0.015519,0.022494
1136,val,texture,0,0,0.00143,0.016135
1137,val,colour,0,0,0.00635,0.007278
1137,val,packing,0,0,0.005439,0.019164
1137,val,price,0,0,0.00533,0.013146
1137,val,shipping,2,2,0.999753,0.000129
1137,val,smell,0,0,0.00189,0.005174
1137,val,stayingpower,0,0,0.001224,0.007359
1137,val,texture,0,0,0.001853,0.002502
1138,val,colour,1,1,0.002608,0.994608
1138,val,packing,0,0,0.004879,0.026388
1138,val,price,0,0,0.005844,0.015011
1138,val,shipping,0,0,0.029745,0.008811
1138,val,smell,0,0,0.017657,0.028559
1138,val,stayingpower,1,1,0.016713,0.969997
1138,val,texture,2,2,0.768458,0.231246
1139,val,colour,1,1,0.00423,0.988498
1139,val,packing,0,0,0.006886,0.03217
1139,val,price,0,0,0.004353,0.022242
1139,val,shipping,1,1,0.003315,0.996119
1139,val,smell,1,1,0.003022,0.996491
1139,val,stayingpower,3,1,0.326251,0.628517
1139,val,texture,0,0,0.006562,0.124977
1140,val,colour,1,1,0.000777,0.999001
1140,val,packing,0,0,0.000266,0.002795
1140,val,price,0,0,0.000999,0.002942
1140,val,shipping,0,0,0.002782,0.007917
1140,val,smell,0,0,0.000451,0.001426
1140,val,stayingpower,0,0,0.003109,0.008288
1140,val,texture,0,0,0.001418,0.003231
1141,val,colour,1,1,0.000828,0.998544
1141,val,packing,1,1,0.000656,0.996245
1141,val,price,0,0,0.00093,0.008514
1141,val,shipping,0,0,0.014188,0.05748
1141,val,smell,0,0,0.002037,0.005253
1141,val,stayingpower,0,0,0.00218,0.016222
1141,val,texture,0,0,0.003488,0.001864
1142,val,colour,0,0,0.005301,0.00106
1142,val,packing,0,0,0.012354,0.075888
1142,val,price,0,0,0.000958,0.004673
1142,val,shipping,0,0,0.003127,0.001436
1142,val,smell,0,0,0.003556,0.007089
1142,val,stayingpower,0,0,0.004745,0.009754
1142,val,texture,0,0,0.029924,0.010902
1143,val,colour,1,1,0.001546,0.997228
1143,val,packing,0,0,0.011285,0.062214
1143,val,price,0,0,0.009597,0.029077
1143,val,shipping,2,2,0.998542,0.001191
1143,val,smell,1,1,0.004985,0.994424
1143,val,stayingpower,0,0,0.018728,0.060079
1143,val,texture,0,0,0.008481,0.026893
1144,val,colour,0,0,0.026155,0.072175
1144,val,packing,1,1,0.001642,0.996468
1144,val,price,0,0,0.002846,0.012855
1144,val,shipping,1,1,0.014203,0.983532
1144,val,smell,0,0,0.00484,0.019672
1144,val,stayingpower,1,1,0.018888,0.968506
1144,val,texture,1,1,0.008797,0.949841
1145,val,colour,0,0,0.001484,0.00626
1145,val,packing,0,0,0.00106,0.007323
1145,val,price,1,1,0.00082,0.998838
1145,val,shipping,0,0,0.008529,0.016444
1145,val,smell,0,0,0.00051,0.008994
1145,val,stayingpower,0,0,0.001315,0.007701
1145,val,texture,0,0,0.002382,0.005275
1146,val,colour,1,1,0.010808,0.915303
1146,val,packing,1,1,0.000793,0.996777
1146,val,price,1,1,0.000387,0.997349
1146,val,shipping,1,1,0.001192,0.997805
1146,val,smell,0,0,0.001328,0.010791
1146,val,stayingpower,0,0,0.005512,0.012937
1146,val,texture,0,0,0.005799,0.006681
1147,val,colour,1,1,0.002111,0.996846
1147,val,packing,0,0,0.005038,0.011913
1147,val,price,0,0,0.017822,0.02023
1147,val,shipping,0,0,0.005592,0.010679
1147,val,smell,0,0,0.008385,0.014758
1147,val,stayingpower,2,2,0.996366,0.003515
1147,val,texture,0,0,0.036783,0.105717
1148,val,colour,1,1,0.005469,0.989851
1148,val,packing,0,0,0.008472,0.011496
1148,val,price,1,1,0.007985,0.9841
1148,val,shipping,0,0,0.113612,0.009155
1148,val,smell,0,0,0.05214,0.021997
1148,val,stayingpower,2,1,0.233214,0.66365
1148,val,texture,2,2,0.998531,0.001408
1149,val,colour,0,0,0.006049,0.033298
1149,val,packing,0,0,0.001268,0.008015
1149,val,price,0,0,0.004597,0.010936
1149,val,shipping,2,2,0.999526,0.000395
1149,val,smell,0,0,0.001533,0.006113
1149,val,stayingpower,0,0,0.001443,0.009263
1149,val,texture,0,0,0.000981,0.005878
1150,val,colour,1,1,0.000938,0.998917
1150,val,packing,0,0,0.000274,0.001923
1150,val,price,0,0,0.00105,0.003252
1150,val,shipping,0,0,0.002622,0.004881
1150,val,smell,0,0,0.000691,0.001876
1150,val,stayingpower,0,0,0.006113,0.012942
1150,val,texture,0,0,0.002865,0.004051
1151,val,colour,0,0,0.001567,0.001422
1151,val,packing,1,1,0.003251,0.981632
1151,val,price,0,0,0.001057,0.011772
1151,val,shipping,1,0,0.08027,0.094501
1151,val,smell,0,0,0.000724,0.002773
1151,val,stayingpower,0,0,0.000621,0.003898
1151,val,texture,0,0,0.000804,0.00171
1152,val,colour,0,0,0.002604,0.007283
1152,val,packing,0,0,0.000391,0.002878
1152,val,price,0,0,0.001461,0.005252
1152,val,shipping,0,0,0.001137,0.001391
1152,val,smell,0,0,0.000233,0.002259
1152,val,stayingpower,0,0,0.001224,0.004826
1152,val,texture,0,0,0.000838,0.002434
1153,val,colour,0,0,0.005227,0.016568
1153,val,packing,0,0,0.000713,0.00981
1153,val,price,0,0,0.001527,0.007936
1153,val,shipping,1,1,0.000974,0.99887
1153,val,smell,0,0,0.000779,0.005036
1153,val,stayingpower,0,0,0.002634,0.008181
1153,val,texture,0,0,0.000348,0.002711
1154,val,colour,0,0,0.011386,0.120458
1154,val,packing,0,0,0.013232,0.035816
1154,val,price,0,0,0.012675,0.041864
1154,val,shipping,0,0,0.029392,0.022786
1154,val,smell,0,0,0.005603,0.045482
1154,val,stayingpower,0,0,0.090132,0.044289
1154,val,texture,2,2,0.998912,0.000944
1155,val,colour,0,1,0.002863,0.947689
1155,val,packing,0,0,0.006789,0.027953
1155,val,price,0,0,0.002426,0.006822
1155,val,shipping,0,0,0.028258,0.017287
1155,val,smell,1,1,0.001879,0.996405
1155,val,stayingpower,1,1,0.007047,0.99198
1155,val,texture,1,1,0.008985,0.973396
1156,val,colour,0,0,0.005641,0.001721
1156,val,packing,1,1,0.010962,0.988302
1156,val,price,0,0,0.002219,0.011788
1156,val,shipping,2,0,0.441032,0.072921
1156,val,smell,0,0,0.003966,0.002715
1156,val,stayingpower,0,0,0.006155,0.017922
1156,val,texture,0,0,0.038109,0.016802
1157,val,colour,0,0,0.013743,0.172654
1157,val,packing,0,0,0.001833,0.013111
1157,val,price,0,0,0.007625,0.010523
1157,val,shipping,2,2,0.998819,0.000906
1157,val,smell,0,0,0.001495,0.014395
1157,val,stayingpower,0,0,0.00921,0.069499
1157,val,texture,1,1,0.002654,0.992998
1158,val,colour,0,0,0.122987,0.386033
1158,val,packing,0,0,0.044603,0.070528
1158,val,price,0,0,0.062371,0.046362
1158,val,shipping,0,0,0.112598,0.05317
1158,val,smell,2,2,0.998679,0.00095
1158,val,stayingpower,1,1,0.022041,0.973389
1158,val,texture,0,0,0.359637,0.188729
1159,val,colour,1,1,0.004535,0.993682
1159,val,packing,0,0,0.000174,0.001783
1159,val,price,0,0,0.000928,0.003395
1159,val,shipping,0,0,0.001512,0.003865
1159,val,smell,0,0,0.000293,0.001058
1159,val,stayingpower,0,0,0.001476,0.005511
1159,val,texture,0,0,0.000929,0.002118
1160,val,colour,0,0,0.003327,0.015202
1160,val,packing,0,1,0.001912,0.956592
1160,val,price,0,0,0.001024,0.012661
1160,val,shipping,0,0,0.008879,0.014722
1160,val,smell,0,0,0.000717,0.015744
1160,val,stayingpower,0,0,0.002042,0.026082
1160,val,texture,1,1,0.004767,0.993576
1161,val,colour,0,0,0.004369,0.006085
1161,val,packing,1,1,0.001138,0.997071
1161,val,price,0,0,0.001725,0.016048
1161,val,shipping,1,1,0.001267,0.998515
1161,val,smell,0,0,0.00419,0.0106
1161,val,stayingpower,0,0,0.003152,0.010972
1161,val,texture,0,0,0.001351,0.004133
1162,val,colour,0,0,0.004956,0.006013
1162,val,packing,0,0,0.008939,0.043081
1162,val,price,0,0,0.003667,0.009391
1162,val,shipping,2,2,0.993297,0.006643
1162,val,smell,0,0,0.001027,0.003013
1162,val,stayingpower,0,0,0.000727,0.004748
1162,val,texture,0,0,0.0009,0.002833
1163,val,colour,0,0,0.007804,0.009967
1163,val,packing,1,1,0.00034,0.999545
1163,val,price,0,0,0.001275,0.016801
1163,val,shipping,1,1,0.041128,0.895362
1163,val,smell,0,0,0.003538,0.010158
1163,val,stayingpower,0,0,0.002409,0.019561
1163,val,texture,2,1,0.307043,0.423498
1164,val,colour,1,1,0.001711,0.997624
1164,val,packing,0,0,0.000234,0.001748
1164,val,price,0,0,0.000951,0.003482
1164,val,shipping,0,0,0.002073,0.00237
1164,val,smell,0,0,0.000541,0.003759
1164,val,stayingpower,0,0,0.003152,0.006298
1164,val,texture,0,0,0.00116,0.001546
1165,val,colour,1,1,0.000716,0.99612
1165,val,packing,0,0,0.000364,0.003506
1165,val,price,1,1,0.000505,0.998265
1165,val,shipping,0,0,0.00235,0.007023
1165,val,smell,0,0,0.000381,0.004512
1165,val,stayingpower,0,0,0.002642,0.015179
1165,val,texture,0,0,0.002987,0.008381
1166,val,colour,0,0,0.002932,0.00831
1166,val,packing,0,0,0.000846,0.01359
1166,val,price,0,0,0.000963,0.005166
1166,val,shipping,1,1,0.001817,0.997635
1166,val,smell,0,0,0.000565,0.00296
1166,val,stayingpower,0,0,0.001632,0.006113
1166,val,texture,0,0,0.000215,0.001931
1167,val,colour,1,1,0.007316,0.990991
1167,val,packing,0,0,0.00942,0.030009
1167,val,price,0,0,0.009017,0.018615
1167,val,shipping,0,0,0.028445,0.092023
1167,val,smell,2,2,0.999056,0.000493
1167,val,stayingpower,0,0,0.013016,0.095101
1167,val,texture,0,0,0.139586,0.063265
1168,val,colour,3,2,0.488753,0.315449
1168,val,packing,1,1,0.000589,0.999183
1168,val,price,0,0,0.001701,0.006399
1168,val,shipping,0,0,0.00906,0.016964
1168,val,smell,0,0,0.00226,0.006578
1168,val,stayingpower,0,0,0.01077,0.029629
1168,val,texture,3,1,0.092,0.669735
1169,val,colour,1,1,0.007237,0.991766
1169,val,packing,0,1,0.429511,0.527237
1169,val,price,0,0,0.008229,0.020909
1169,val,shipping,0,0,0.077771,0.015993
1169,val,smell,0,0,0.015275,0.006079
1169,val,stayingpower,0,0,0.016558,0.008497
1169,val,texture,0,2,0.589214,0.006392
1170,val,colour,1,1,0.000476,0.998007
1170,val,packing,0,0,0.000581,0.015363
1170,val,price,1,1,0.001337,0.990823
1170,val,shipping,1,1,0.002467,0.996919
1170,val,smell,0,0,0.000943,0.004101
1170,val,stayingpower,0,0,0.010079,0.025508
1170,val,texture,0,0,0.001955,0.004878
1171,val,colour,0,0,0.008454,0.008007
1171,val,packing,1,1,0.006093,0.992256
1171,val,price,0,0,0.006153,0.018257
1171,val,shipping,2,2,0.997328,0.002601
1171,val,smell,0,0,0.007593,0.005847
1171,val,stayingpower,0,0,0.002702,0.012651
1171,val,texture,0,0,0.002802,0.006079
1172,val,colour,1,1,0.000735,0.999005
1172,val,packing,0,0,0.000248,0.002189
1172,val,price,0,0,0.000887,0.002465
1172,val,shipping,0,0,0.001715,0.00446
1172,val,smell,0,0,0.00044,0.002049
1172,val,stayingpower,0,0,0.002687,0.010108
1172,val,texture,0,0,0.001716,0.004413
1173,val,colour,0,0,0.107072,0.014812
1173,val,packing,1,1,0.024045,0.972907
1173,val,price,0,0,0.016783,0.072428
1173,val,shipping,0,0,0.040012,0.039266
1173,val,smell,0,0,0.056229,0.026833
1173,val,stayingpower,0,0,0.064071,0.02038
1173,val,texture,2,2,0.996394,0.003128
1174,val,colour,0,0,0.002003,0.004039
1174,val,packing,0,0,0.007299,0.333519
1174,val,price,1,1,0.003508,0.953419
1174,val,shipping,1,1,0.003329,0.996001
1174,val,smell,0,0,0.000634,0.0032
1174,val,stayingpower,0,0,0.002353,0.00789
1174,val,texture,0,0,0.000334,0.001607
1175,val,colour,1,1,0.002581,0.995349
1175,val,packing,1,1,0.000372,0.996904
1175,val,price,0,0,0.000486,0.003401
1175,val,shipping,1,1,0.000681,0.99847
1175,val,smell,0,0,0.003103,0.005957
1175,val,stayingpower,0,0,0.003659,0.014207
1175,val,texture,0,0,0.00179,0.002231
1176,val,colour,2,2,0.996678,0.00217
1176,val,packing,0,0,0.05251,0.010256
1176,val,price,0,0,0.010328,0.00792
1176,val,shipping,2,2,0.996927,0.002676
1176,val,smell,0,0,0.011801,0.002473
1176,val,stayingpower,0,0,0.017043,0.019053
1176,val,texture,0,0,0.207827,0.099892
1177,val,colour,0,0,0.001886,0.000853
1177,val,packing,1,1,0.002257,0.996154
1177,val,price,0,0,0.00166,0.00817
1177,val,shipping,0,0,0.06789,0.020214
1177,val,smell,0,0,0.002406,0.005116
1177,val,stayingpower,0,0,0.001211,0.006427
1177,val,texture,0,0,0.003291,0.003728
1178,val,colour,0,0,0.00552,0.019763
1178,val,packing,1,1,0.003179,0.993367
1178,val,price,1,1,0.003089,0.993577
1178,val,shipping,2,2,0.998989,0.000905
1178,val,smell,0,0,0.006558,0.016412
1178,val,stayingpower,0,0,0.004569,0.030017
1178,val,texture,0,0,0.008339,0.015255
1179,val,colour,0,0,0.02773,0.040086
1179,val,packing,1,1,0.002335,0.996914
1179,val,price,1,1,0.000486,0.998591
1179,val,shipping,0,0,0.055896,0.021971
1179,val,smell,1,1,0.009788,0.973178
1179,val,stayingpower,0,0,0.008673,0.009829
1179,val,texture,1,1,0.046946,0.884183
1180,val,colour,0,0,0.01131,0.048338
1180,val,packing,0,0,0.009174,0.058935
1180,val,price,0,0,0.008892,0.011199
1180,val,shipping,2,2,0.999363,0.000531
1180,val,smell,0,0,0.003081,0.018109
1180,val,stayingpower,0,0,0.008718,0.14737
1180,val,texture,1,1,0.003751,0.993102
1181,val,colour,0,0,0.001318,0.001809
1181,val,packing,0,0,0.000764,0.00791
1181,val,price,0,0,0.00103,0.0028
1181,val,shipping,0,0,0.00239,0.002445
1181,val,smell,0,0,0.000305,0.002442
1181,val,stayingpower,0,0,0.000876,0.003544
1181,val,texture,0,0,0.000593,0.001381
1182,val,colour,1,1,0.000853,0.998686
1182,val,packing,0,0,0.00595,0.034532
1182,val,price,0,0,0.014422,0.015344
1182,val,shipping,0,0,0.012992,0.022941
1182,val,smell,0,0,0.008675,0.025779
1182,val,stayingpower,2,2,0.996465,0.003022
1182,val,texture,1,1,0.00673,0.989095
1183,val,colour,1,1,0.000621,0.998149
1183,val,packing,0,0,0.004061,0.051788
1183,val,price,0,0,0.002281,0.009935
1183,val,shipping,3,1,0.001995,0.997331
1183,val,smell,1,1,0.002441,0.996417
1183,val,stayingpower,0,0,0.014518,0.051306
1183,val,texture,1,1,0.001116,0.989998
1184,val,colour,0,0,0.008648,0.012082
1184,val,packing,1,1,0.000907,0.997751
1184,val,price,0,0,0.003331,0.036296
1184,val,shipping,0,0,0.055465,0.075747
1184,val,smell,0,0,0.003211,0.039488
1184,val,stayingpower,0,0,0.005453,0.03441
1184,val,texture,1,1,0.002337,0.995162
1185,val,colour,0,0,0.016997,0.116067
1185,val,packing,0,0,0.018183,0.076152
1185,val,price,1,1,0.00807,0.986798
1185,val,shipping,2,2,0.999703,0.000223
1185,val,smell,0,0,0.011555,0.039462
1185,val,stayingpower,1,1,0.017928,0.953071
1185,val,texture,1,1,0.012159,0.967613
1186,val,colour,1,1,0.003135,0.994764
1186,val,packing,0,0,0.034415,0.076308
1186,val,price,0,0,0.010962,0.015534
1186,val,shipping,1,1,0.017888,0.955197
1186,val,smell,1,1,0.012594,0.984019
1186,val,stayingpower,2,2,0.998356,0.001206
1186,val,texture,0,0,0.008381,0.041871
1187,val,colour,1,1,0.002376,0.991589
1187,val,packing,1,1,0.00031,0.999298
1187,val,price,0,0,0.000776,0.007806
1187,val,shipping,1,1,0.015012,0.959701
1187,val,smell,0,0,0.00318,0.005638
1187,val,stayingpower,0,0,0.002776,0.009317
1187,val,texture,0,0,0.002132,0.001154
1188,val,colour,1,1,0.002201,0.996084
1188,val,packing,0,0,0.000766,0.006322
1188,val,price,0,0,0.002422,0.008648
1188,val,shipping,0,0,0.005253,0.006144
1188,val,smell,0,0,0.001511,0.009147
1188,val,stayingpower,3,1,0.009871,0.988771
1188,val,texture,3,1,0.006507,0.982936
1189,val,colour,2,2,0.986139,0.013111
1189,val,packing,0,0,0.006827,0.011918
1189,val,price,0,0,0.008043,0.025572
1189,val,shipping,0,0,0.00505,0.001927
1189,val,smell,0,0,0.003124,0.004283
1189,val,stayingpower,1,0,0.135239,0.083438
1189,val,texture,1,1,0.023936,0.975004
1190,val,colour,1,1,0.002146,0.995821
1190,val,packing,0,0,0.014917,0.041046
1190,val,price,0,0,0.008162,0.011411
1190,val,shipping,0,0,0.019747,0.013957
1190,val,smell,1,1,0.005726,0.991647
1190,val,stayingpower,2,2,0.996,0.002191
1190,val,texture,0,0,0.00616,0.009934
1191,val,colour,0,0,0.005191,0.019482
1191,val,packing,0,0,0.000594,0.011386
1191,val,price,0,0,0.001101,0.005861
1191,val,shipping,1,1,0.000604,0.999255
1191,val,smell,0,0,0.000896,0.006193
1191,val,stayingpower,0,0,0.002822,0.008553
1191,val,texture,0,0,0.000443,0.004464
1192,val,colour,1,1,0.002107,0.995684
1192,val,packing,0,0,0.02131,0.026439
1192,val,price,1,1,0.008227,0.988389
1192,val,shipping,2,2,0.998825,0.00069
1192,val,smell,0,0,0.045888,0.097807
1192,val,stayingpower,2,2,0.801656,0.131043
1192,val,texture,2,2,0.98747,0.010267
1193,val,colour,0,0,0.003057,0.003884
1193,val,packing,1,1,0.000902,0.998327
1193,val,price,0,0,0.001874,0.012384
1193,val,shipping,1,1,0.005099,0.993873
1193,val,smell,0,0,0.002876,0.006027
1193,val,stayingpower,0,0,0.001994,0.010665
1193,val,texture,0,0,0.00146,0.005274
1194,val,colour,0,0,0.003084,0.018697
1194,val,packing,0,0,0.000459,0.007576
1194,val,price,0,0,0.001295,0.010643
1194,val,shipping,1,1,0.0008,0.998788
1194,val,smell,0,0,0.000611,0.004148
1194,val,stayingpower,0,0,0.003021,0.009232
1194,val,texture,0,0,0.000385,0.004518
1195,val,colour,0,0,0.002513,0.014942
1195,val,packing,0,0,0.000469,0.008175
1195,val,price,0,0,0.001142,0.005101
1195,val,shipping,0,0,0.004269,0.005471
1195,val,smell,0,0,0.000446,0.009578
1195,val,stayingpower,0,0,0.000693,0.003945
1195,val,texture,1,1,0.002247,0.9873
1196,val,colour,1,1,0.000864,0.997974
1196,val,packing,0,0,0.00286,0.044363
1196,val,price,0,0,0.001189,0.00462
1196,val,shipping,1,1,0.004077,0.993557
1196,val,smell,1,1,0.002647,0.99657
1196,val,stayingpower,0,0,0.008526,0.012355
1196,val,texture,0,0,0.000976,0.004783
1197,val,colour,0,0,0.001999,0.001258
1197,val,packing,1,1,0.000912,0.998412
1197,val,price,0,0,0.002635,0.019432
1197,val,shipping,0,0,0.043916,0.047578
1197,val,smell,0,0,0.001415,0.002639
1197,val,stayingpower,0,0,0.002033,0.017573
1197,val,texture,0,0,0.003132,0.004753
1198,val,colour,3,2,0.936888,0.047343
1198,val,packing,0,0,0.003848,0.001601
1198,val,price,0,0,0.006329,0.007737
1198,val,shipping,2,2,0.998463,0.00035
1198,val,smell,0,0,0.002327,0.001085
1198,val,stayingpower,0,0,0.003473,0.010513
1198,val,texture,0,0,0.015229,0.00414
1199,val,colour,0,0,0.003094,0.00496
1199,val,packing,1,1,0.000808,0.998603
1199,val,price,0,0,0.001953,0.015838
1199,val,shipping,1,1,0.004368,0.994938
1199,val,smell,0,0,0.003793,0.006615
1199,val,stayingpower,0,0,0.002216,0.013269
1199,val,texture,0,0,0.001557,0.005339
1200,val,colour,1,1,0.006035,0.992784
1200,val,packing,0,0,0.000504,0.004072
1200,val,price,0,0,0.000963,0.003333
1200,val,shipping,1,1,0.000822,0.998525
1200,val,smell,0,0,0.006001,0.016508
1200,val,stayingpower,0,2,0.63444,0.179209
1200,val,texture,0,0,0.053036,0.095822
1201,val,colour,1,0,0.007898,0.154447
1201,val,packing,0,0,0.000382,0.007096
1201,val,price,0,0,0.00114,0.00734
1201,val,shipping,1,1,0.000432,0.999457
1201,val,smell,0,0,0.000686,0.011013
1201,val,stayingpower,0,0,0.01547,0.035804
1201,val,texture,0,0,0.002462,0.094486
1202,val,colour,0,0,0.009167,0.001588
1202,val,packing,0,0,0.002442,0.003625
1202,val,price,0,0,0.000936,0.002137
1202,val,shipping,0,0,0.021346,0.002082
1202,val,smell,0,0,0.00041,0.001316
1202,val,stayingpower,0,0,0.001763,0.004003
1202,val,texture,0,0,0.00209,0.001108
1203,val,colour,1,1,0.001402,0.997253
1203,val,packing,0,0,0.014468,0.051594
1203,val,price,0,0,0.007664,0.01892
1203,val,shipping,0,0,0.030712,0.011036
1203,val,smell,1,1,0.003809,0.994023
1203,val,stayingpower,1,1,0.007328,0.991303
1203,val,texture,1,1,0.006825,0.9642
1204,val,colour,0,0,0.086948,0.212174
1204,val,packing,0,0,0.008898,0.021777
1204,val,price,0,0,0.002666,0.01282
1204,val,shipping,0,0,0.003897,0.00242
1204,val,smell,0,0,0.003972,0.011704
1204,val,stayingpower,0,0,0.005919,0.005942
1204,val,texture,2,2,0.994556,0.00364
1205,val,colour,1,1,0.000372,0.999491
1205,val,packing,0,0,0.000171,0.001827
1205,val,price,0,0,0.001345,0.005603
1205,val,shipping,0,0,0.002755,0.015224
1205,val,smell,0,0,0.000437,0.002247
1205,val,stayingpower,0,0,0.005054,0.012789
1205,val,texture,0,0,0.001665,0.004218
1206,val,colour,0,0,0.004889,0.005818
1206,val,packing,0,0,0.003243,0.017792
1206,val,price,0,0,0.003489,0.017729
1206,val,shipping,0,0,0.006679,0.003202
1206,val,smell,1,1,0.001269,0.997635
1206,val,stayingpower,0,0,0.002466,0.004564
1206,val,texture,0,0,0.002888,0.013485
1207,val,colour,0,0,0.002134,0.006764
1207,val,packing,0,1,0.003662,0.824301
1207,val,price,0,0,0.000896,0.01118
1207,val,shipping,1,1,0.001164,0.99867
1207,val,smell,0,0,0.000762,0.00597
1207,val,stayingpower,0,0,0.001326,0.009913
1207,val,texture,0,0,0.000368,0.003461
1208,val,colour,0,0,0.001111,0.001914
1208,val,packing,0,0,0.000587,0.005901
1208,val,price,0,0,0.002573,0.011404
1208,val,shipping,0,0,0.002004,0.002452
1208,val,smell,0,0,0.00024,0.002122
1208,val,stayingpower,0,0,0.00074,0.002035
1208,val,texture,0,0,0.000731,0.001299
1209,val,colour,0,0,0.005038,0.004856
1209,val,packing,1,1,0.001169,0.998368
1209,val,price,0,0,0.001201,0.008369
1209,val,shipping,0,0,0.019613,0.029281
1209,val,smell,0,0,0.001501,0.00276
1209,val,stayingpower,0,0,0.003799,0.019481
1209,val,texture,0,0,0.015498,0.021254
1210,val,colour,1,1,0.001355,0.997126
1210,val,packing,1,1,0.000279,0.999012
1210,val,price,0,0,0.000551,0.00712
1210,val,shipping,3,1,0.011874,0.987089
1210,val,smell,0,0,0.004906,0.007375
1210,val,stayingpower,0,0,0.004797,0.027954
1210,val,texture,0,0,0.002788,0.002523
1211,val,colour,0,0,0.003076,0.003253
1211,val,packing,1,1,0.001571,0.996565
1211,val,price,0,0,0.001729,0.013774
1211,val,shipping,1,1,0.007133,0.990254
1211,val,smell,0,0,0.002468,0.004762
1211,val,stayingpower,0,0,0.002694,0.009282
1211,val,texture,0,0,0.001514,0.003205
1212,val,colour,1,1,0.000872,0.99832
1212,val,packing,0,0,0.000274,0.003562
1212,val,price,0,0,0.001445,0.0082
1212,val,shipping,1,1,0.000461,0.998985
1212,val,smell,0,0,0.001739,0.0068
1212,val,stayingpower,0,0,0.012596,0.021712
1212,val,texture,0,0,0.001326,0.006643
1213,val,colour,1,1,0.003706,0.995393
1213,val,packing,0,0,0.005082,0.01794
1213,val,price,0,0,0.002383,0.003495
1213,val,shipping,0,0,0.033968,0.014689
1213,val,smell,0,0,0.003211,0.004352
1213,val,stayingpower,1,1,0.008161,0.990024
1213,val,texture,0,0,0.005928,0.00953
1214,val,colour,0,0,0.003026,0.008786
1214,val,packing,0,0,0.000321,0.00188
1214,val,price,1,1,0.001725,0.996786
1214,val,shipping,0,0,0.002965,0.002522
1214,val,smell,0,0,0.000546,0.005625
1214,val,stayingpower,0,0,0.001052,0.006588
1214,val,texture,0,0,0.00152,0.002757
1215,val,colour,1,0,0.003308,0.043309
1215,val,packing,0,0,0.002595,0.026624
1215,val,price,0,0,0.002633,0.023121
1215,val,shipping,0,0,0.005853,0.007779
1215,val,smell,1,1,0.000362,0.999208
1215,val,stayingpower,0,0,0.003528,0.026449
1215,val,texture,1,1,0.00085,0.998039
1216,val,colour,0,0,0.030895,0.129579
1216,val,packing,0,0,0.022141,0.080027
1216,val,price,0,0,0.01234,0.042057
1216,val,shipping,0,0,0.00715,0.004473
1216,val,smell,1,1,0.002225,0.997177
1216,val,stayingpower,2,2,0.983845,0.009146
1216,val,texture,1,1,0.140979,0.856556
1217,val,colour,1,1,0.001242,0.997105
1217,val,packing,1,1,0.001645,0.994219
1217,val,price,0,0,0.001669,0.010543
1217,val,shipping,0,0,0.010752,0.032102
1217,val,smell,1,1,0.005423,0.99371
1217,val,stayingpower,0,0,0.006651,0.015089
1217,val,texture,0,0,0.00533,0.009358
1218,val,colour,0,0,0.00128,0.001662
1218,val,packing,0,0,0.000781,0.006002
1218,val,price,0,0,0.000975,0.007785
1218,val,shipping,0,0,0.003958,0.002793
1218,val,smell,0,0,0.000464,0.002885
1218,val,stayingpower,0,0,0.001716,0.002514
1218,val,texture,0,0,0.000897,0.001465
1219,val,colour,3,1,0.308465,0.456982
1219,val,packing,0,0,0.000501,0.001371
1219,val,price,0,0,0.001265,0.001208
1219,val,shipping,2,2,0.812604,0.003257
1219,val,smell,0,0,0.000395,0.000666
1219,val,stayingpower,0,0,0.001031,0.006243
1219,val,texture,0,0,0.002121,0.000462
1220,val,colour,1,1,0.000486,0.998711
1220,val,packing,0,0,0.001044,0.009909
1220,val,price,0,0,0.002974,0.015017
1220,val,shipping,0,0,0.003254,0.009839
1220,val,smell,1,1,0.000745,0.9989
1220,val,stayingpower,0,0,0.002765,0.022612
1220,val,texture,1,1,0.002385,0.986402
1221,val,colour,2,2,0.998084,0.001594
1221,val,packing,0,0,0.020152,0.036543
1221,val,price,0,0,0.009706,0.012419
1221,val,shipping,0,0,0.026879,0.007524
1221,val,smell,0,0,0.017117,0.001616
1221,val,stayingpower,3,1,0.054967,0.93277
1221,val,texture,3,1,0.090062,0.846042
1222,val,colour,1,1,0.000778,0.998489
1222,val,packing,0,0,0.000301,0.006112
1222,val,price,0,0,0.000931,0.005331
1222,val,shipping,1,1,0.000568,0.998935
1222,val,smell,0,0,0.001558,0.006454
1222,val,stayingpower,0,0,0.012798,0.020846
1222,val,texture,0,0,0.00157,0.007497
1223,val,colour,1,1,0.001719,0.998212
1223,val,packing,0,0,0.001462,0.009558
1223,val,price,0,0,0.00197,0.002714
1223,val,shipping,0,0,0.002477,0.002513
1223,val,smell,0,0,0.001593,0.002424
1223,val,stayingpower,0,0,0.006229,0.006634
1223,val,texture,0,2,0.49657,0.008233
1224,val,colour,0,0,0.005836,0.053009
1224,val,packing,0,0,0.00141,0.024479
1224,val,price,0,0,0.001237,0.020837
1224,val,shipping,1,1,0.002194,0.997104
1224,val,smell,1,1,0.000652,0.999003
1224,val,stayingpower,0,0,0.005822,0.02236
1224,val,texture,0,0,0.001334,0.067654
1225,val,colour,3,1,0.356925,0.626312
1225,val,packing,0,0,0.011447,0.011794
1225,val,price,0,0,0.006585,0.01025
1225,val,shipping,0,0,0.0629,0.002163
1225,val,smell,0,0,0.002645,0.001156
1225,val,stayingpower,1,1,0.011219,0.969246
1225,val,texture,2,2,0.940189,0.017574
1226,val,colour,0,0,0.002051,0.016136
1226,val,packing,0,0,0.000973,0.013216
1226,val,price,1,1,0.000717,0.999131
1226,val,shipping,0,0,0.018215,0.02744
1226,val,smell,0,0,0.001151,0.022975
1226,val,stayingpower,0,0,0.00386,0.048887
1226,val,texture,1,1,0.005973,0.964946
1227,val,colour,1,1,0.000195,0.999241
1227,val,packing,0,0,0.003178,0.040632
1227,val,price,0,0,0.002913,0.01486
1227,val,shipping,0,0,0.005642,0.020778
1227,val,smell,1,1,0.000592,0.999226
1227,val,stayingpower,0,0,0.004189,0.026506
1227,val,texture,1,1,0.068489,0.837824
1228,val,colour,0,0,0.00584,0.019003
1228,val,packing,0,0,0.000831,0.006864
1228,val,price,0,0,0.000702,0.003505
1228,val,shipping,0,0,0.00217,0.000509
1228,val,smell,0,0,0.000235,0.002866
1228,val,stayingpower,0,0,0.000938,0.003956
1228,val,texture,0,0,0.00612,0.018409
1229,val,colour,1,1,0.000657,0.998923
1229,val,packing,0,0,0.000214,0.003697
1229,val,price,0,0,0.001293,0.007779
1229,val,shipping,0,0,0.003443,0.007778
1229,val,smell,0,0,0.000274,0.000905
1229,val,stayingpower,0,0,0.001702,0.009431
1229,val,texture,0,0,0.000974,0.002777
1230,val,colour,1,1,0.000196,0.999769
1230,val,packing,0,0,0.00078,0.040609
1230,val,price,0,0,0.001317,0.018924
1230,val,shipping,0,0,0.001825,0.005668
1230,val,smell,0,0,0.000864,0.007406
1230,val,stayingpower,0,0,0.00225,0.017337
1230,val,texture,0,0,0.00206,0.005664
1231,val,colour,0,0,0.027588,0.001676
1231,val,packing,0,0,0.003675,0.004571
1231,val,price,0,0,0.001446,0.002822
1231,val,shipping,0,0,0.012139,0.00086
1231,val,smell,0,0,0.000774,0.001506
1231,val,stayingpower,0,0,0.002382,0.003755
1231,val,texture,0,0,0.005433,0.001359
1232,val,colour,0,0,0.002712,0.040023
1232,val,packing,0,0,0.001933,0.020263
1232,val,price,0,0,0.003485,0.041819
1232,val,shipping,0,0,0.003784,0.006349
1232,val,smell,1,1,0.0002,0.999487
1232,val,stayingpower,0,0,0.002753,0.014086
1232,val,texture,1,1,0.001189,0.993735
1233,val,colour,0,0,0.011172,0.044967
1233,val,packing,1,1,0.002535,0.99293
1233,val,price,0,0,0.001765,0.029181
1233,val,shipping,1,1,0.005673,0.993976
1233,val,smell,1,1,0.002945,0.996486
1233,val,stayingpower,0,0,0.014767,0.022247
1233,val,texture,0,0,0.002291,0.017843
1234,val,colour,2,2,0.991363,0.005354
1234,val,packing,0,0,0.025527,0.071131
1234,val,price,0,0,0.004131,0.012989
1234,val,shipping,0,1,0.002184,0.995496
1234,val,smell,0,0,0.007685,0.008629
1234,val,stayingpower,0,0,0.020472,0.04056
1234,val,texture,0,1,0.007725,0.968817
1235,val,colour,0,0,0.00164,0.007421
1235,val,packing,0,0,0.001901,0.02752
1235,val,price,1,1,0.000468,0.999255
1235,val,shipping,1,1,0.004995,0.993305
1235,val,smell,0,0,0.000583,0.005962
1235,val,stayingpower,0,0,0.002565,0.015337
1235,val,texture,0,0,0.000681,0.003801
1236,val,colour,1,1,0.005487,0.981466
1236,val,packing,1,1,0.034738,0.948069
1236,val,price,1,1,0.002622,0.995297
1236,val,shipping,1,1,0.391193,0.585666
1236,val,smell,0,0,0.187499,0.094039
1236,val,stayingpower,1,1,0.182265,0.741719
1236,val,texture,2,2,0.998301,0.001338
1237,val,colour,0,0,0.002173,0.002135
1237,val,packing,0,0,0.000956,0.010058
1237,val,price,0,0,0.00095,0.002453
1237,val,shipping,0,0,0.002395,0.00246
1237,val,smell,0,0,0.000401,0.00373
1237,val,stayingpower,0,0,0.000842,0.002766
1237,val,texture,0,0,0.000943,0.001819
1238,val,colour,1,1,0.000513,0.999315
1238,val,packing,0,0,0.003072,0.019915
1238,val,price,0,0,0.001642,0.002537
1238,val,shipping,0,1,0.016097,0.967741
1238,val,smell,0,0,0.003519,0.014056
1238,val,stayingpower,1,1,0.014807,0.983787
1238,val,texture,1,1,0.025846,0.687803
1239,val,colour,1,1,0.00122,0.997062
1239,val,packing,0,0,0.001194,0.006196
1239,val,price,0,0,0.002501,0.010036
1239,val,shipping,0,0,0.002706,0.003896
1239,val,smell,1,1,0.001231,0.998635
1239,val,stayingpower,0,0,0.004022,0.009116
1239,val,texture,0,0,0.00208,0.008337
1240,val,colour,1,1,0.001281,0.995204
1240,val,packing,0,0,0.000137,0.002108
1240,val,price,0,0,0.001567,0.011607
1240,val,shipping,0,0,0.001451,0.004267
1240,val,smell,0,0,0.000401,0.002993
1240,val,stayingpower,0,0,0.001371,0.003836
1240,val,texture,0,0,0.000586,0.001187
1241,val,colour,0,0,0.007923,0.010406
1241,val,packing,0,0,0.004943,0.014687
1241,val,price,0,0,0.006582,0.009817
1241,val,shipping,2,2,0.99982,0.000119
1241,val,smell,0,0,0.001606,0.004055
1241,val,stayingpower,0,0,0.001618,0.009242
1241,val,texture,0,0,0.003011,0.004982
1242,val,colour,1,1,0.000721,0.999168
1242,val,packing,0,0,0.000279,0.002413
1242,val,price,0,0,0.000972,0.002787
1242,val,shipping,0,0,0.002558,0.00561
1242,val,smell,0,0,0.001083,0.00429
1242,val,stayingpower,0,0,0.006631,0.011709
1242,val,texture,0,0,0.002568,0.003741
1243,val,colour,0,0,0.00652,0.018829
1243,val,packing,0,0,0.002803,0.013999
1243,val,price,0,0,0.003995,0.009565
1243,val,shipping,2,2,0.99975,0.000152
1243,val,smell,0,0,0.001849,0.010288
1243,val,stayingpower,0,0,0.001204,0.008538
1243,val,texture,0,0,0.000744,0.002684
1244,val,colour,1,1,0.000773,0.998807
1244,val,packing,0,0,0.001632,0.015034
1244,val,price,0,0,0.002995,0.007129
1244,val,shipping,1,1,0.002528,0.99691
1244,val,smell,0,0,0.002543,0.008942
1244,val,stayingpower,1,1,0.01697,0.973565
1244,val,texture,0,0,0.004691,0.020436
1245,val,colour,0,0,0.02522,0.028447
1245,val,packing,0,0,0.021882,0.117528
1245,val,price,0,0,0.003901,0.006624
1245,val,shipping,1,1,0.009189,0.983307
1245,val,smell,3,2,0.990514,0.009353
1245,val,stayingpower,0,0,0.014725,0.054687
1245,val,texture,0,0,0.026448,0.03645
1246,val,colour,1,1,0.007357,0.987653
1246,val,packing,0,0,0.002494,0.009919
1246,val,price,1,1,0.003944,0.988597
1246,val,shipping,0,0,0.014965,0.003836
1246,val,smell,0,0,0.014751,0.022722
1246,val,stayingpower,0,0,0.010909,0.025138
1246,val,texture,2,2,0.998803,0.000618
1247,val,colour,0,0,0.003883,0.025407
1247,val,packing,0,0,0.00175,0.00774
1247,val,price,1,1,0.00106,0.998308
1247,val,shipping,1,1,0.001487,0.99789
1247,val,smell,0,0,0.000971,0.015042
1247,val,stayingpower,0,0,0.011597,0.021617
1247,val,texture,0,0,0.001573,0.008076
1248,val,colour,1,1,0.000395,0.999423
1248,val,packing,0,0,0.000252,0.006538
1248,val,price,0,0,0.000527,0.001846
1248,val,shipping,3,1,0.002699,0.991823
1248,val,smell,0,0,0.001441,0.004032
1248,val,stayingpower,0,0,0.004726,0.019209
1248,val,texture,0,0,0.00167,0.009364
1249,val,colour,0,0,0.00738,0.015297
1249,val,packing,0,0,0.000675,0.008073
1249,val,price,0,0,0.001405,0.00771
1249,val,shipping,1,1,0.000488,0.999358
1249,val,smell,0,0,0.000984,0.005824
1249,val,stayingpower,0,0,0.004051,0.00893
1249,val,texture,0,0,0.000463,0.003764
1250,val,colour,0,0,0.003956,0.017026
1250,val,packing,0,0,0.007155,0.018037
1250,val,price,1,1,0.002919,0.996042
1250,val,shipping,2,2,0.99868,0.001282
1250,val,smell,0,0,0.001945,0.010305
1250,val,stayingpower,0,0,0.005796,0.017949
1250,val,texture,0,0,0.00623,0.012058
1251,val,colour,1,1,0.002028,0.997038
1251,val,packing,0,0,0.008902,0.01522
1251,val,price,1,1,0.026608,0.955162
1251,val,shipping,1,1,0.04934,0.903087
1251,val,smell,0,0,0.017442,0.080821
1251,val,stayingpower,2,2,0.999115,0.000769
1251,val,texture,0,0,0.103148,0.049744
1252,val,colour,1,1,0.014268,0.98243
1252,val,packing,0,0,0.007251,0.015857
1252,val,price,1,1,0.010697,0.978404
1252,val,shipping,0,0,0.013056,0.017771
1252,val,smell,2,2,0.998088,0.001435
1252,val,stayingpower,0,0,0.065711,0.106523
1252,val,texture,1,1,0.116416,0.847535
1253,val,colour,0,0,0.04238,0.054067
1253,val,packing,1,1,0.016376,0.979797
1253,val,price,0,0,0.006682,0.028023
1253,val,shipping,1,1,0.065739,0.895929
1253,val,smell,1,1,0.00364,0.996131
1253,val,stayingpower,2,2,0.981367,0.009804
1253,val,texture,0,0,0.147898,0.161383
1254,val,colour,0,0,0.00316,0.013282
1254,val,packing,0,0,0.000468,0.009825
1254,val,price,0,0,0.001102,0.007815
1254,val,shipping,1,1,0.000869,0.998718
1254,val,smell,0,0,0.000783,0.005641
1254,val,stayingpower,0,0,0.003418,0.01204
1254,val,texture,0,0,0.000443,0.005693
1255,val,colour,3,1,0.003286,0.985301
1255,val,packing,0,0,0.000929,0.005632
1255,val,price,0,0,0.002485,0.008853
1255,val,shipping,0,0,0.001844,0.002772
1255,val,smell,1,1,0.000829,0.998053
1255,val,stayingpower,0,0,0.003384,0.014952
1255,val,texture,1,1,0.000854,0.99732
1256,val,colour,0,0,0.040291,0.062491
1256,val,packing,1,1,0.004374,0.99314
1256,val,price,0,0,0.001982,0.004979
1256,val,shipping,1,1,0.012872,0.985646
1256,val,smell,0,0,0.004391,0.007562
1256,val,stayingpower,1,1,0.022921,0.953891
1256,val,texture,0,0,0.004304,0.018211
1257,val,colour,0,0,0.002544,0.008516
1257,val,packing,0,0,0.001811,0.009978
1257,val,price,0,0,0.001939,0.009145
1257,val,shipping,0,0,0.001944,0.002528
1257,val,smell,1,1,0.001408,0.997085
1257,val,stayingpower,0,0,0.001495,0.004254
1257,val,texture,0,0,0.001596,0.007239
1258,val,colour,0,0,0.000761,0.003721
1258,val,packing,0,0,0.000378,0.005579
1258,val,price,0,0,0.001362,0.007552
1258,val,shipping,0,0,0.001664,0.002323
1258,val,smell,0,0,0.000236,0.003671
1258,val,stayingpower,0,0,0.000486,0.00397
1258,val,texture,0,0,0.000534,0.003196
1259,val,colour,1,1,0.000823,0.997432
1259,val,packing,0,0,0.002225,0.014413
1259,val,price,1,1,0.000741,0.998832
1259,val,shipping,0,0,0.017809,0.058296
1259,val,smell,1,1,0.002599,0.99547
1259,val,stayingpower,0,0,0.03744,0.243796
1259,val,texture,1,1,0.003824,0.992714
1260,val,colour,0,0,0.000826,0.000892
1260,val,packing,0,0,0.000631,0.010955
1260,val,price,0,0,0.001369,0.004845
1260,val,shipping,0,0,0.00413,0.004168
1260,val,smell,0,0,0.000204,0.00201
1260,val,stayingpower,0,0,0.000646,0.004274
1260,val,texture,0,0,0.0007,0.00336
1261,val,colour,0,0,0.012958,0.005672
1261,val,packing,0,0,0.003008,0.004301
1261,val,price,1,1,0.001757,0.997409
1261,val,shipping,0,0,0.088071,0.00218
1261,val,smell,0,0,0.000779,0.005705
1261,val,stayingpower,0,0,0.001179,0.003938
1261,val,texture,0,0,0.004541,0.001594
1262,val,colour,0,0,0.002091,0.012763
1262,val,packing,0,0,0.001598,0.008753
1262,val,price,1,1,0.002749,0.99318
1262,val,shipping,0,0,0.016267,0.009518
1262,val,smell,0,0,0.000825,0.010216
1262,val,stayingpower,1,1,0.004554,0.979499
1262,val,texture,1,1,0.006173,0.908831
1263,val,colour,3,1,0.117724,0.867427
1263,val,packing,0,1,0.06043,0.506904
1263,val,price,1,1,0.005965,0.991826
1263,val,shipping,1,1,0.036678,0.946563
1263,val,smell,0,0,0.069579,0.172862
1263,val,stayingpower,2,2,0.997665,0.002171
1263,val,texture,3,1,0.420247,0.541041
1264,val,colour,1,1,0.001573,0.996904
1264,val,packing,0,1,0.004205,0.986502
1264,val,price,0,0,0.005862,0.11957
1264,val,shipping,0,0,0.014786,0.012361
1264,val,smell,0,0,0.02047,0.050215
1264,val,stayingpower,0,0,0.055548,0.125662
1264,val,texture,1,2,0.863769,0.135188
1265,val,colour,0,0,0.001726,0.00077
1265,val,packing,0,0,0.00105,0.003167
1265,val,price,1,1,0.006291,0.986174
1265,val,shipping,0,0,0.010074,0.001603
1265,val,smell,0,0,0.001086,0.013682
1265,val,stayingpower,0,0,0.001225,0.001726
1265,val,texture,0,0,0.003313,0.001009
1266,val,colour,0,0,0.005358,0.013989
1266,val,packing,0,0,0.000782,0.010468
1266,val,price,0,0,0.00126,0.008394
1266,val,shipping,1,1,0.001472,0.998363
1266,val,smell,0,0,0.000734,0.005086
1266,val,stayingpower,0,0,0.005369,0.008016
1266,val,texture,0,0,0.000402,0.002627
1267,val,colour,0,0,0.008084,0.025453
1267,val,packing,0,1,0.005519,0.956699
1267,val,price,1,1,0.000458,0.999342
1267,val,shipping,0,0,0.052217,0.04718
1267,val,smell,0,0,0.004601,0.066008
1267,val,stayingpower,0,0,0.006035,0.103771
1267,val,texture,1,1,0.012631,0.985416
1268,val,colour,1,1,0.000342,0.998626
1268,val,packing,0,0,0.002887,0.030431
1268,val,price,0,0,0.003848,0.016095
1268,val,shipping,0,0,0.005758,0.01325
1268,val,smell,1,1,0.001166,0.997041
1268,val,stayingpower,0,0,0.015468,0.109658
1268,val,texture,1,1,0.001726,0.997842
1269,val,colour,0,0,0.002292,0.004945
1269,val,packing,0,0,0.000431,0.006279
1269,val,price,0,0,0.000835,0.00313
1269,val,shipping,0,0,0.00447,0.003205
1269,val,smell,0,0,0.000324,0.002722
1269,val,stayingpower,0,0,0.000526,0.001959
1269,val,texture,0,0,0.000533,0.001094
1270,val,colour,0,0,0.004022,0.000262
1270,val,packing,0,0,0.003091,0.002126
1270,val,price,0,0,0.004173,0.00781
1270,val,shipping,0,0,0.011555,0.001113
1270,val,smell,0,0,0.001723,0.003224
1270,val,stayingpower,0,0,0.000934,0.00135
1270,val,texture,0,0,0.006032,0.001511
1271,val,colour,1,1,0.001149,0.998826
1271,val,packing,0,0,0.000361,0.001935
1271,val,price,0,0,0.001581,0.005052
1271,val,shipping,0,0,0.001206,0.002789
1271,val,smell,0,0,0.002109,0.005135
1271,val,stayingpower,0,0,0.008022,0.024398
1271,val,texture,0,0,0.00728,0.010981
1272,val,colour,1,1,0.000406,0.999553
1272,val,packing,0,0,0.00026,0.003014
1272,val,price,0,0,0.000828,0.003063
1272,val,shipping,0,0,0.001106,0.004323
1272,val,smell,0,0,0.000924,0.004615
1272,val,stayingpower,0,0,0.005327,0.03154
1272,val,texture,0,0,0.007796,0.09269
1273,val,colour,1,1,0.000366,0.999159
1273,val,packing,0,0,0.00037,0.007898
1273,val,price,0,0,0.002216,0.008556
1273,val,shipping,0,0,0.001879,0.005409
1273,val,smell,0,0,0.000557,0.008968
1273,val,stayingpower,0,0,0.003462,0.029404
1273,val,texture,1,1,0.005725,0.979398
1274,val,colour,0,0,0.005342,0.010991
1274,val,packing,0,0,0.007322,0.031787
1274,val,price,0,0,0.004254,0.010353
1274,val,shipping,2,2,0.999592,0.000203
1274,val,smell,0,0,0.000738,0.002501
1274,val,stayingpower,0,0,0.001475,0.011003
1274,val,texture,0,0,0.003136,0.003428
1275,val,colour,0,0,0.001279,0.004846
1275,val,packing,0,0,0.000818,0.023748
1275,val,price,0,0,0.000727,0.003568
1275,val,shipping,0,0,0.002139,0.002948
1275,val,smell,0,0,0.000252,0.002424
1275,val,stayingpower,0,0,0.001945,0.056713
1275,val,texture,1,1,0.005802,0.833721
1276,val,colour,1,1,0.001183,0.997565
1276,val,packing,0,0,0.001202,0.005521
1276,val,price,0,0,0.001664,0.006221
1276,val,shipping,0,0,0.002074,0.002891
1276,val,smell,1,1,0.001715,0.997483
1276,val,stayingpower,0,0,0.003978,0.008457
1276,val,texture,0,0,0.001355,0.00425
1277,val,colour,0,0,0.004357,0.013371
1277,val,packing,0,0,0.003435,0.022264
1277,val,price,0,0,0.003213,0.00816
1277,val,shipping,3,2,0.999352,0.000549
1277,val,smell,0,0,0.001262,0.003273
1277,val,stayingpower,0,0,0.001018,0.006448
1277,val,texture,0,0,0.001168,0.002326
1278,val,colour,0,0,0.002749,0.008012
1278,val,packing,0,0,0.001306,0.019266
1278,val,price,0,0,0.001576,0.021861
1278,val,shipping,1,1,0.005861,0.992529
1278,val,smell,1,1,0.000896,0.998052
1278,val,stayingpower,0,0,0.004054,0.007523
1278,val,texture,0,0,0.000549,0.011367
1279,val,colour,0,0,0.141022,0.002854
1279,val,packing,1,1,0.187883,0.808548
1279,val,price,0,0,0.007305,0.013473
1279,val,shipping,1,1,0.008612,0.989718
1279,val,smell,0,0,0.003803,0.001956
1279,val,stayingpower,0,0,0.007686,0.005523
1279,val,texture,0,0,0.04862,0.009174
1280,val,colour,0,0,0.003825,0.009698
1280,val,packing,1,1,0.00293,0.994614
1280,val,price,1,1,0.001131,0.996375
1280,val,shipping,2,2,0.986959,0.007165
1280,val,smell,0,0,0.001341,0.007411
1280,val,stayingpower,0,0,0.002412,0.007169
1280,val,texture,0,0,0.003457,0.005694
1281,val,colour,1,1,0.003095,0.994215
1281,val,packing,1,1,0.009221,0.967529
1281,val,price,0,0,0.003524,0.007931
1281,val,shipping,1,1,0.011602,0.974805
1281,val,smell,0,0,0.0111,0.042503
1281,val,stayingpower,2,2,0.994218,0.004714
1281,val,texture,0,0,0.015174,0.012451
1282,val,colour,1,1,0.011089,0.987481
1282,val,packing,0,0,0.004184,0.039665
1282,val,price,0,0,0.003023,0.008507
1282,val,shipping,1,1,0.001344,0.997945
1282,val,smell,1,1,0.002857,0.996567
1282,val,stayingpower,0,0,0.020637,0.038664
1282,val,texture,1,1,0.001414,0.98439
1283,val,colour,0,0,0.001311,0.003367
1283,val,packing,0,0,0.000357,0.002967
1283,val,price,0,0,0.001442,0.012764
1283,val,shipping,0,0,0.001413,0.001736
1283,val,smell,0,0,0.000494,0.004949
1283,val,stayingpower,0,0,0.001543,0.004851
1283,val,texture,0,0,0.000972,0.002866
1284,val,colour,0,0,0.005468,0.01933
1284,val,packing,0,0,0.009091,0.042839
1284,val,price,0,0,0.005616,0.030448
1284,val,shipping,2,2,0.99897,0.000416
1284,val,smell,1,1,0.00208,0.996583
1284,val,stayingpower,0,0,0.015318,0.06764
1284,val,texture,1,1,0.006194,0.826274
1285,val,colour,0,0,0.001315,0.004135
1285,val,packing,0,0,0.001814,0.020436
1285,val,price,0,0,0.002265,0.030215
1285,val,shipping,0,0,0.002516,0.002643
1285,val,smell,1,1,0.000557,0.998929
1285,val,stayingpower,0,0,0.001161,0.002502
1285,val,texture,0,0,0.003657,0.055112
1286,val,colour,2,2,0.998546,0.001026
1286,val,packing,0,0,0.019901,0.067089
1286,val,price,0,0,0.00345,0.020789
1286,val,shipping,0,0,0.001549,0.001663
1286,val,smell,0,0,0.002696,0.001753
1286,val,stayingpower,0,0,0.011944,0.042093
1286,val,texture,0,0,0.038856,0.018548
1287,val,colour,0,0,0.02603,0.055927
1287,val,packing,0,0,0.003873,0.012778
1287,val,price,0,0,0.004478,0.009995
1287,val,shipping,0,0,0.024505,0.005818
1287,val,smell,0,0,0.000671,0.002126
1287,val,stayingpower,1,1,0.009303,0.987164
1287,val,texture,0,0,0.00404,0.009757
1288,val,colour,1,1,0.003997,0.989152
1288,val,packing,0,0,0.005704,0.015642
1288,val,price,1,1,0.003395,0.995849
1288,val,shipping,0,0,0.025002,0.013115
1288,val,smell,1,1,0.004106,0.988176
1288,val,stayingpower,0,2,0.959778,0.032533
1288,val,texture,1,1,0.005012,0.982828
1289,val,colour,1,1,0.001103,0.998305
1289,val,packing,0,0,0.007868,0.024096
1289,val,price,0,0,0.003508,0.006044
1289,val,shipping,0,0,0.012869,0.005523
1289,val,smell,1,1,0.003086,0.995577
1289,val,stayingpower,1,1,0.017996,0.976854
1289,val,texture,1,1,0.0074,0.910949
1290,val,colour,1,1,0.004808,0.988673
1290,val,packing,0,0,0.020012,0.066971
1290,val,price,0,0,0.009235,0.011083
1290,val,shipping,1,1,0.025664,0.935542
1290,val,smell,1,1,0.004479,0.994373
1290,val,stayingpower,2,2,0.996666,0.002682
1290,val,texture,1,1,0.017036,0.92046
1291,val,colour,0,0,0.021669,0.115545
1291,val,packing,0,0,0.003171,0.01865
1291,val,price,0,0,0.009868,0.008029
1291,val,shipping,0,0,0.013006,0.012651
1291,val,smell,0,0,0.001104,0.004276
1291,val,stayingpower,2,2,0.993802,0.005937
1291,val,texture,0,0,0.011918,0.043621
1292,val,colour,3,1,0.216498,0.457562
1292,val,packing,0,0,0.064348,0.036575
1292,val,price,1,1,0.007269,0.991838
1292,val,shipping,2,2,0.999044,0.000587
1292,val,smell,0,0,0.086603,0.028473
1292,val,stayingpower,0,0,0.059682,0.060708
1292,val,texture,2,2,0.994156,0.004246
1293,val,colour,0,0,0.003209,0.001042
1293,val,packing,0,0,0.001272,0.004834
1293,val,price,0,0,0.001342,0.002789
1293,val,shipping,0,0,0.005297,0.001357
1293,val,smell,0,0,0.000695,0.002704
1293,val,stayingpower,0,0,0.001538,0.00415
1293,val,texture,0,0,0.001477,0.001526
1294,val,colour,1,1,0.002096,0.977326
1294,val,packing,0,0,0.004343,0.044072
1294,val,price,1,1,0.002365,0.994699
1294,val,shipping,2,2,0.999727,0.000223
1294,val,smell,0,0,0.002086,0.010197
1294,val,stayingpower,0,0,0.005649,0.029041
1294,val,texture,0,0,0.005403,0.004241
1295,val,colour,0,0,0.014347,0.233293
1295,val,packing,0,0,0.002167,0.073188
1295,val,price,0,0,0.002374,0.006073
1295,val,shipping,1,1,0.004986,0.994193
1295,val,smell,0,0,0.003436,0.035589
1295,val,stayingpower,1,1,0.016017,0.963566
1295,val,texture,1,1,0.000559,0.996827
1296,val,colour,1,1,0.000615,0.998932
1296,val,packing,0,0,0.000212,0.002734
1296,val,price,0,0,0.000797,0.003745
1296,val,shipping,0,0,0.001982,0.005359
1296,val,smell,0,0,0.000437,0.003112
1296,val,stayingpower,0,0,0.002439,0.007837
1296,val,texture,0,0,0.000908,0.001676
1297,val,colour,0,0,0.003559,0.05864
1297,val,packing,0,0,0.000444,0.008956
1297,val,price,0,0,0.001373,0.008309
1297,val,shipping,0,0,0.003004,0.004573
1297,val,smell,0,0,0.000465,0.013942
1297,val,stayingpower,0,0,0.001419,0.009997
1297,val,texture,1,1,0.001375,0.996681
1298,val,colour,0,0,0.017625,0.049406
1298,val,packing,0,0,0.003242,0.009842
1298,val,price,0,0,0.012768,0.016256
1298,val,shipping,0,0,0.067556,0.031014
1298,val,smell,0,0,0.002199,0.009393
1298,val,stayingpower,2,2,0.996457,0.003087
1298,val,texture,0,0,0.006412,0.004554
1299,val,colour,1,1,0.004354,0.993674
1299,val,packing,0,0,0.002496,0.01166
1299,val,price,1,1,0.007432,0.969336
1299,val,shipping,3,1,0.014008,0.985337
1299,val,smell,0,0,0.009624,0.027583
1299,val,stayingpower,3,1,0.143069,0.854935
1299,val,texture,1,1,0.059599,0.875569
1300,val,colour,1,1,0.000266,0.999117
1300,val,packing,0,0,0.000443,0.003815
1300,val,price,1,1,0.001265,0.995733
1300,val,shipping,0,0,0.007509,0.014798
1300,val,smell,0,0,0.000346,0.002729
1300,val,stayingpower,0,0,0.005384,0.026075
1300,val,texture,0,0,0.001678,0.003973
1301,val,colour,0,0,0.008282,0.029317
1301,val,packing,0,0,0.002901,0.018293
1301,val,price,0,0,0.009892,0.014807
1301,val,shipping,2,2,0.998753,0.001067
1301,val,smell,0,0,0.003461,0.01721
1301,val,stayingpower,0,0,0.004931,0.046108
1301,val,texture,1,1,0.003394,0.989739
1302,val,colour,1,1,0.00107,0.99775
1302,val,packing,0,0,0.000263,0.004023
1302,val,price,0,0,0.001221,0.006447
1302,val,shipping,1,1,0.000437,0.999023
1302,val,smell,0,0,0.001648,0.007996
1302,val,stayingpower,0,0,0.008811,0.015191
1302,val,texture,0,0,0.001394,0.006098
1303,val,colour,1,1,0.000691,0.99906
1303,val,packing,0,0,0.000197,0.001524
1303,val,price,0,0,0.001109,0.004093
1303,val,shipping,0,0,0.003324,0.004538
1303,val,smell,0,0,0.000334,0.001352
1303,val,stayingpower,0,0,0.006296,0.026344
1303,val,texture,0,0,0.001622,0.003505
1304,val,colour,0,0,0.0044,0.004062
1304,val,packing,1,1,0.003281,0.994466
1304,val,price,0,0,0.00388,0.015871
1304,val,shipping,2,2,0.99315,0.002737
1304,val,smell,0,0,0.006157,0.007457
1304,val,stayingpower,0,0,0.004549,0.049635
1304,val,texture,0,0,0.003701,0.007828
1305,val,colour,1,1,0.002538,0.997315
1305,val,packing,0,0,0.03449,0.046928
1305,val,price,0,0,0.003241,0.009626
1305,val,shipping,1,1,0.003383,0.993654
1305,val,smell,0,0,0.010249,0.003565
1305,val,stayingpower,0,0,0.029313,0.022486
1305,val,texture,0,0,0.16566,0.005573
1306,val,colour,1,1,0.000126,0.999793
1306,val,packing,0,0,0.000714,0.02312
1306,val,price,0,0,0.001522,0.013888
1306,val,shipping,0,0,0.003329,0.01333
1306,val,smell,0,0,0.00185,0.023755
1306,val,stayingpower,0,0,0.003416,0.049663
1306,val,texture,1,1,0.045079,0.943668
1307,val,colour,1,1,0.001509,0.997717
1307,val,packing,0,0,0.022463,0.099136
1307,val,price,0,0,0.004589,0.008336
1307,val,shipping,2,2,0.999053,0.000673
1307,val,smell,0,0,0.032583,0.095503
1307,val,stayingpower,0,1,0.080561,0.913075
1307,val,texture,1,2,0.516805,0.40774
1308,val,colour,0,0,0.023496,0.071885
1308,val,packing,1,1,0.002397,0.993908
1308,val,price,0,0,0.001829,0.014117
1308,val,shipping,1,1,0.005286,0.993824
1308,val,smell,1,1,0.01032,0.988955
1308,val,stayingpower,0,0,0.012682,0.101959
1308,val,texture,1,1,0.007979,0.970777
1309,val,colour,0,0,0.001131,0.004178
1309,val,packing,1,1,0.000922,0.996608
1309,val,price,1,1,0.000578,0.99895
1309,val,shipping,0,0,0.042013,0.045409
1309,val,smell,0,0,0.000955,0.0072
1309,val,stayingpower,0,0,0.001306,0.009673
1309,val,texture,0,0,0.003587,0.004031
1310,val,colour,0,0,0.001624,0.002447
1310,val,packing,1,1,0.00046,0.998217
1310,val,price,0,0,0.001876,0.021137
1310,val,shipping,0,0,0.016221,0.045607
1310,val,smell,0,0,0.000712,0.002246
1310,val,stayingpower,0,0,0.000624,0.006114
1310,val,texture,0,0,0.00112,0.00236
1311,val,colour,0,0,0.001634,0.001054
1311,val,packing,0,0,0.002397,0.025316
1311,val,price,0,0,0.001033,0.002864
1311,val,shipping,0,0,0.006515,0.002405
1311,val,smell,0,0,0.000346,0.002758
1311,val,stayingpower,0,0,0.000651,0.002759
1311,val,texture,0,0,0.001613,0.001837
1312,val,colour,0,0,0.002062,0.003444
1312,val,packing,0,0,0.000466,0.002403
1312,val,price,0,0,0.001403,0.005162
1312,val,shipping,0,0,0.001489,0.001813
1312,val,smell,0,0,0.000398,0.003973
1312,val,stayingpower,0,0,0.001099,0.002651
1312,val,texture,0,0,0.001365,0.002872
1313,val,colour,0,0,0.007633,0.001522
1313,val,packing,0,0,0.001454,0.002816
1313,val,price,0,0,0.001901,0.00523
1313,val,shipping,0,0,0.019062,0.002884
1313,val,smell,0,0,0.001178,0.00338
1313,val,stayingpower,0,0,0.000904,0.001713
1313,val,texture,0,0,0.004054,0.000985
1314,val,colour,0,0,0.258779,0.008078
1314,val,packing,0,0,0.036432,0.078299
1314,val,price,0,0,0.039846,0.051353
1314,val,shipping,0,0,0.013147,0.017851
1314,val,smell,0,0,0.113524,0.033156
1314,val,stayingpower,0,0,0.043471,0.010055
1314,val,texture,2,2,0.996647,0.002973
1315,val,colour,1,1,0.000361,0.999406
1315,val,packing,0,0,0.000158,0.001608
1315,val,price,0,0,0.001162,0.007045
1315,val,shipping,0,0,0.001555,0.012025
1315,val,smell,0,0,0.000311,0.001348
1315,val,stayingpower,0,0,0.004782,0.019756
1315,val,texture,0,0,0.008938,0.040938
1316,val,colour,0,0,0.003576,0.006907
1316,val,packing,0,0,0.00061,0.002855
1316,val,price,0,0,0.001149,0.003244
1316,val,shipping,0,0,0.001528,0.001268
1316,val,smell,0,0,0.000371,0.003612
1316,val,stayingpower,0,0,0.001174,0.003731
1316,val,texture,0,0,0.000819,0.001245
1317,val,colour,0,0,0.038781,0.025725
1317,val,packing,0,0,0.022323,0.051177
1317,val,price,0,0,0.013987,0.034893
1317,val,shipping,2,2,0.999685,0.000176
1317,val,smell,1,1,0.013929,0.984859
1317,val,stayingpower,0,0,0.015354,0.04868
1317,val,texture,0,0,0.012164,0.034213
1318,val,colour,0,0,0.04628,0.054795
1318,val,packing,0,0,0.012328,0.138817
1318,val,price,0,0,0.015809,0.068608
1318,val,shipping,0,0,0.027207,0.150266
1318,val,smell,3,2,0.960908,0.038159
1318,val,stayingpower,0,0,0.1432,0.375406
1318,val,texture,1,1,0.030969,0.967168
1319,val,colour,1,1,0.246135,0.753656
1319,val,packing,0,0,0.00588,0.009285
1319,val,price,0,0,0.004312,0.017426
1319,val,shipping,0,0,0.001175,0.001282
1319,val,smell,1,1,0.00869,0.990664
1319,val,stayingpower,0,0,0.010791,0.012965
1319,val,texture,0,0,0.084708,0.071809
1320,val,colour,1,1,0.001563,0.990925
1320,val,packing,0,0,0.005256,0.040551
1320,val,price,1,1,0.006076,0.991347
1320,val,shipping,2,2,0.998013,0.001784
1320,val,smell,0,0,0.007295,0.045887
1320,val,stayingpower,0,0,0.022123,0.112975
1320,val,texture,1,1,0.011788,0.977308
1321,val,colour,1,1,0.000922,0.998651
1321,val,packing,0,0,0.000343,0.004337
1321,val,price,0,0,0.001571,0.006764
1321,val,shipping,1,1,0.000411,0.998918
1321,val,smell,0,0,0.001732,0.006201
1321,val,stayingpower,0,0,0.017821,0.032378
1321,val,texture,0,0,0.00238,0.012974
1322,val,colour,1,1,0.001836,0.99746
1322,val,packing,1,1,0.000539,0.998153
1322,val,price,0,0,0.002408,0.014254
1322,val,shipping,0,0,0.017924,0.059487
1322,val,smell,0,0,0.007362,0.043899
1322,val,stayingpower,0,0,0.016147,0.056635
1322,val,texture,1,1,0.005334,0.991352
1323,val,colour,1,1,0.017526,0.981705
1323,val,packing,0,0,0.159678,0.083609
1323,val,price,0,0,0.001671,0.001935
1323,val,shipping,2,2,0.857322,0.009358
1323,val,smell,1,1,0.003943,0.993353
1323,val,stayingpower,0,0,0.001839,0.001838
1323,val,texture,0,0,0.006119,0.011749
1324,val,colour,0,0,0.062919,0.076885
1324,val,packing,0,0,0.020632,0.063282
1324,val,price,0,0,0.022962,0.023149
1324,val,shipping,0,0,0.062874,0.029669
1324,val,smell,2,2,0.993887,0.005541
1324,val,stayingpower,1,1,0.05186,0.934046
1324,val,texture,1,1,0.024043,0.950487
1325,val,colour,0,0,0.004603,0.001117
1325,val,packing,0,0,0.001514,0.00464
1325,val,price,0,0,0.001127,0.001863
1325,val,shipping,0,0,0.005501,0.000954
1325,val,smell,0,0,0.000339,0.001082
1325,val,stayingpower,0,0,0.001629,0.004127
1325,val,texture,0,0,0.002076,0.002081
1326,val,colour,0,0,0.001117,0.002193
1326,val,packing,0,0,0.000548,0.004414
1326,val,price,0,0,0.001758,0.008983
1326,val,shipping,0,0,0.003038,0.002388
1326,val,smell,0,0,0.000352,0.003273
1326,val,stayingpower,0,0,0.000679,0.00341
1326,val,texture,0,0,0.000587,0.001196
1327,val,colour,1,1,0.000469,0.998866
1327,val,packing,0,0,0.000841,0.015422
1327,val,price,0,0,0.002159,0.012152
1327,val,shipping,0,0,0.002944,0.005847
1327,val,smell,1,1,0.001478,0.994222
1327,val,stayingpower,0,0,0.005243,0.053889
1327,val,texture,1,1,0.002009,0.993125
1328,val,colour,1,1,0.000891,0.998585
1328,val,packing,0,0,0.007714,0.049831
1328,val,price,0,0,0.013654,0.014214
1328,val,shipping,1,1,0.011219,0.979475
1328,val,smell,0,0,0.016759,0.08808
1328,val,stayingpower,2,2,0.994897,0.004757
1328,val,texture,1,1,0.025645,0.961966
1329,val,colour,0,0,0.001198,0.00503
1329,val,packing,0,0,0.000562,0.00903
1329,val,price,0,0,0.001078,0.006734
1329,val,shipping,0,0,0.00259,0.00306
1329,val,smell,0,0,0.000137,0.001369
1329,val,stayingpower,0,0,0.000432,0.002424
1329,val,texture,0,0,0.000471,0.001504
1330,val,colour,1,1,0.00194,0.99562
1330,val,packing,0,0,0.004782,0.026407
1330,val,price,1,1,0.031403,0.907764
1330,val,shipping,2,2,0.999445,0.000415
1330,val,smell,0,0,0.012784,0.03893
1330,val,stayingpower,0,0,0.037923,0.392591
1330,val,texture,1,1,0.032516,0.950725
1331,val,colour,1,1,0.002069,0.996236
1331,val,packing,1,1,0.000527,0.997942
1331,val,price,0,0,0.000653,0.008653
1331,val,shipping,1,1,0.001344,0.998248
1331,val,smell,0,0,0.004294,0.011327
1331,val,stayingpower,0,0,0.006639,0.020144
1331,val,texture,0,0,0.003974,0.003248
1332,val,colour,0,0,0.005365,0.006762
1332,val,packing,1,1,0.001081,0.997691
1332,val,price,0,0,0.001632,0.012779
1332,val,shipping,1,1,0.00309,0.996056
1332,val,smell,0,0,0.003214,0.007265
1332,val,stayingpower,0,0,0.003982,0.022135
1332,val,texture,0,0,0.002193,0.008925
1333,val,colour,0,0,0.001624,0.007947
1333,val,packing,0,0,0.001839,0.015814
1333,val,price,0,0,0.00242,0.025492
1333,val,shipping,0,0,0.004047,0.003485
1333,val,smell,1,1,0.000738,0.9989
1333,val,stayingpower,0,0,0.001263,0.004536
1333,val,texture,0,0,0.00313,0.031433
1334,val,colour,1,1,0.001752,0.995942
1334,val,packing,1,1,0.000408,0.998851
1334,val,price,0,0,0.000785,0.008835
1334,val,shipping,1,1,0.000776,0.998715
1334,val,smell,0,0,0.009986,0.020151
1334,val,stayingpower,0,0,0.007189,0.025393
1334,val,texture,0,0,0.004518,0.00565
1335,val,colour,0,0,0.003369,0.021985
1335,val,packing,0,0,0.00074,0.004389
1335,val,price,1,1,0.000644,0.999074
1335,val,shipping,1,1,0.003621,0.993433
1335,val,smell,0,0,0.000833,0.012206
1335,val,stayingpower,0,0,0.007411,0.01625
1335,val,texture,0,0,0.00133,0.005387
1336,val,colour,1,1,0.000467,0.99706
1336,val,packing,0,0,0.001231,0.010708
1336,val,price,1,1,0.000367,0.999284
1336,val,shipping,0,0,0.005293,0.003206
1336,val,smell,0,0,0.004307,0.128905
1336,val,stayingpower,0,0,0.008411,0.129606
1336,val,texture,1,1,0.104247,0.881697
1337,val,colour,1,1,0.010762,0.975906
1337,val,packing,0,0,0.004051,0.016455
1337,val,price,0,0,0.005382,0.006109
1337,val,shipping,1,1,0.011325,0.984881
1337,val,smell,0,0,0.003953,0.019629
1337,val,stayingpower,2,2,0.99492,0.004549
1337,val,texture,0,0,0.017233,0.018955
1338,val,colour,1,1,0.051975,0.945788
1338,val,packing,0,0,0.017506,0.476727
1338,val,price,0,1,0.001893,0.991924
1338,val,shipping,0,0,0.003486,0.00191
1338,val,smell,0,0,0.00095,0.002662
1338,val,stayingpower,0,0,0.002335,0.006037
1338,val,texture,0,0,0.035495,0.001448
1339,val,colour,2,2,0.92523,0.073474
1339,val,packing,0,0,0.001703,0.003434
1339,val,price,0,0,0.001726,0.011475
1339,val,shipping,0,0,0.001098,0.001602
1339,val,smell,0,0,0.000791,0.00093
1339,val,stayingpower,0,0,0.004565,0.022354
1339,val,texture,0,0,0.010654,0.021368
1340,val,colour,0,0,0.000855,0.001498
1340,val,packing,0,0,0.000292,0.004357
1340,val,price,0,0,0.004809,0.274443
1340,val,shipping,0,0,0.03334,0.285551
1340,val,smell,0,0,0.00013,0.001418
1340,val,stayingpower,0,0,0.001859,0.003809
1340,val,texture,0,0,0.000414,0.000765
1341,val,colour,0,0,0.024563,0.003272
1341,val,packing,0,2,0.942055,0.031659
1341,val,price,0,0,0.007673,0.012627
1341,val,shipping,1,1,0.086341,0.911005
1341,val,smell,0,0,0.011602,0.004216
1341,val,stayingpower,0,0,0.005789,0.003035
1341,val,texture,0,0,0.008822,0.004606
1342,val,colour,1,2,0.987694,0.011898
1342,val,packing,0,0,0.001695,0.002521
1342,val,price,0,0,0.003804,0.016656
1342,val,shipping,0,0,0.001309,0.001809
1342,val,smell,0,0,0.004113,0.001317
1342,val,stayingpower,0,0,0.00764,0.022367
1342,val,texture,0,0,0.017344,0.006952
1343,val,colour,1,1,0.000565,0.998656
1343,val,packing,0,0,0.001391,0.010209
1343,val,price,1,1,0.001473,0.997803
1343,val,shipping,0,0,0.009935,0.031457
1343,val,smell,0,0,0.004099,0.036808
1343,val,stayingpower,0,0,0.018012,0.09868
1343,val,texture,1,1,0.002859,0.995032
1344,val,colour,1,1,0.001652,0.997554
1344,val,packing,0,0,0.002466,0.014065
1344,val,price,0,0,0.002122,0.007128
1344,val,shipping,0,0,0.002921,0.003633
1344,val,smell,1,1,0.012475,0.98741
1344,val,stayingpower,0,0,0.005711,0.009809
1344,val,texture,0,0,0.018058,0.052905
1345,val,colour,1,2,0.728136,0.271436
1345,val,packing,0,0,0.001763,0.004332
1345,val,price,0,0,0.004137,0.022022
1345,val,shipping,0,0,0.000624,0.001593
1345,val,smell,3,1,0.05854,0.933853
1345,val,stayingpower,0,0,0.003912,0.016543
1345,val,texture,0,0,0.016003,0.073253
1346,val,colour,0,0,0.001617,0.006143
1346,val,packing,0,0,0.001448,0.021765
1346,val,price,1,1,0.001045,0.997132
1346,val,shipping,0,0,0.004474,0.003221
1346,val,smell,0,0,0.000278,0.007164
1346,val,stayingpower,0,0,0.000749,0.005236
1346,val,texture,0,0,0.000887,0.000983
1347,val,colour,1,1,0.002219,0.997217
1347,val,packing,0,0,0.000694,0.007999
1347,val,price,0,0,0.004483,0.014472
1347,val,shipping,0,0,0.006992,0.011154
1347,val,smell,0,0,0.001238,0.01674
1347,val,stayingpower,0,0,0.004096,0.027617
1347,val,texture,1,1,0.003206,0.994984
1348,val,colour,1,1,0.000755,0.998054
1348,val,packing,1,1,0.000272,0.998332
1348,val,price,0,0,0.000629,0.006097
1348,val,shipping,1,1,0.00688,0.982778
1348,val,smell,0,0,0.002758,0.004953
1348,val,stayingpower,0,0,0.00254,0.015699
1348,val,texture,0,0,0.001674,0.001572
1349,val,colour,0,0,0.002458,0.012067
1349,val,packing,0,0,0.00114,0.009729
1349,val,price,1,1,0.000681,0.998857
1349,val,shipping,1,1,0.002182,0.996836
1349,val,smell,0,0,0.000721,0.015385
1349,val,stayingpower,0,0,0.005262,0.011806
1349,val,texture,0,0,0.001299,0.00796
1350,val,colour,1,1,0.004992,0.979822
1350,val,packing,1,1,0.000496,0.997482
1350,val,price,0,0,0.001555,0.019114
1350,val,shipping,1,1,0.000771,0.998968
1350,val,smell,0,0,0.008232,0.077595
1350,val,stayingpower,0,0,0.006613,0.048794
1350,val,texture,1,1,0.002562,0.988733
1351,val,colour,0,0,0.007543,0.051854
1351,val,packing,0,0,0.00334,0.01283
1351,val,price,0,0,0.005342,0.017284
1351,val,shipping,2,2,0.999623,0.00035
1351,val,smell,0,0,0.002512,0.005462
1351,val,stayingpower,0,0,0.001722,0.01167
1351,val,texture,0,0,0.001585,0.004886
1352,val,colour,1,1,0.028372,0.826753
1352,val,packing,0,0,0.000234,0.001514
1352,val,price,0,0,0.000424,0.001325
1352,val,shipping,0,0,0.001627,0.001062
1352,val,smell,0,0,0.000223,0.00095
1352,val,stayingpower,0,0,0.001453,0.002294
1352,val,texture,0,0,0.001113,0.000708
1353,val,colour,0,0,0.001217,0.004267
1353,val,packing,0,0,0.000915,0.029127
1353,val,price,0,0,0.001989,0.018536
1353,val,shipping,0,0,0.003303,0.004703
1353,val,smell,0,0,0.000212,0.002386
1353,val,stayingpower,0,0,0.000338,0.002631
1353,val,texture,0,0,0.000281,0.000984
1354,val,colour,0,0,0.001183,0.006669
1354,val,packing,0,0,0.000431,0.013575
1354,val,price,0,0,0.001911,0.01905
1354,val,shipping,1,1,0.00217,0.99717
1354,val,smell,0,0,0.000416,0.002335
1354,val,stayingpower,0,0,0.001451,0.010562
1354,val,texture,0,0,0.00026,0.006075
1355,val,colour,0,0,0.002298,0.005853
1355,val,packing,0,0,0.000797,0.00691
1355,val,price,0,0,0.00064,0.003532
1355,val,shipping,0,0,0.003716,0.001283
1355,val,smell,0,0,0.000313,0.002107
1355,val,stayingpower,0,0,0.001422,0.005772
1355,val,texture,0,0,0.002063,0.002948
1356,val,colour,0,0,0.000964,0.00271
1356,val,packing,0,0,0.000394,0.003126
1356,val,price,0,0,0.001277,0.007065
1356,val,shipping,0,0,0.003911,0.001951
1356,val,smell,0,0,0.000407,0.004653
1356,val,stayingpower,0,0,0.000721,0.004447
1356,val,texture,0,0,0.00056,0.001282
1357,val,colour,1,1,0.001,0.998884
1357,val,packing,0,0,0.000309,0.002192
1357,val,price,0,0,0.00146,0.003838
1357,val,shipping,0,0,0.001062,0.002834
1357,val,smell,0,0,0.000423,0.001133
1357,val,stayingpower,0,0,0.008977,0.014503
1357,val,texture,0,0,0.007365,0.00557
1358,val,colour,0,0,0.004622,0.00474
1358,val,packing,1,1,0.001047,0.998036
1358,val,price,0,0,0.001686,0.01105
1358,val,shipping,1,1,0.00265,0.996884
1358,val,smell,0,0,0.003967,0.01002
1358,val,stayingpower,0,0,0.002304,0.009218
1358,val,texture,0,0,0.001455,0.005244
1359,val,colour,0,0,0.002517,0.0024
1359,val,packing,1,1,0.000619,0.998919
1359,val,price,0,0,0.001799,0.019767
1359,val,shipping,0,0,0.045425,0.115713
1359,val,smell,0,0,0.001529,0.005309
1359,val,stayingpower,0,0,0.001817,0.01259
1359,val,texture,0,0,0.002641,0.006739
1360,val,colour,1,1,0.001476,0.994146
1360,val,packing,0,0,0.053123,0.133703
1360,val,price,0,0,0.005765,0.043427
1360,val,shipping,0,0,0.27607,0.288361
1360,val,smell,2,1,0.018247,0.981467
1360,val,stayingpower,0,0,0.376435,0.231405
1360,val,texture,2,2,0.980899,0.018683
1361,val,colour,1,1,0.015006,0.98268
1361,val,packing,0,0,0.000172,0.00064
1361,val,price,0,0,0.001093,0.008036
1361,val,shipping,0,0,0.000466,0.000524
1361,val,smell,0,0,0.000183,0.001226
1361,val,stayingpower,0,0,0.003272,0.008931
1361,val,texture,0,0,0.010999,0.038227
1362,val,colour,1,1,0.001721,0.997692
1362,val,packing,0,0,0.003358,0.003715
1362,val,price,1,1,0.0092,0.986094
1362,val,shipping,0,0,0.036179,0.011831
1362,val,smell,0,0,0.005858,0.012008
1362,val,stayingpower,3,2,0.653559,0.337562
1362,val,texture,0,0,0.02128,0.006433
1363,val,colour,1,1,0.00059,0.999032
1363,val,packing,0,0,0.000159,0.003001
1363,val,price,0,0,0.000579,0.001871
1363,val,shipping,1,1,0.002263,0.983386
1363,val,smell,0,0,0.001014,0.004778
1363,val,stayingpower,0,0,0.008134,0.018057
1363,val,texture,0,0,0.000824,0.002268
1364,val,colour,3,1,0.003701,0.995005
1364,val,packing,0,0,0.00038,0.002683
1364,val,price,1,1,0.000797,0.997949
1364,val,shipping,0,0,0.001079,0.002539
1364,val,smell,0,0,0.001031,0.007108
1364,val,stayingpower,0,0,0.003345,0.013489
1364,val,texture,0,0,0.006394,0.013118
1365,val,colour,0,0,0.001185,0.003109
1365,val,packing,0,0,0.000674,0.00454
1365,val,price,1,1,0.001381,0.99728
1365,val,shipping,0,0,0.006073,0.008367
1365,val,smell,0,0,0.000329,0.008016
1365,val,stayingpower,0,0,0.001169,0.004437
1365,val,texture,0,0,0.001756,0.00298
1366,val,colour,0,0,0.002417,0.006178
1366,val,packing,0,0,0.000454,0.003308
1366,val,price,0,0,0.000989,0.004017
1366,val,shipping,0,0,0.000919,0.001214
1366,val,smell,0,0,0.000441,0.004073
1366,val,stayingpower,0,0,0.000922,0.002501
1366,val,texture,0,0,0.000867,0.001808
1367,val,colour,0,0,0.002826,0.000934
1367,val,packing,0,0,0.001274,0.003971
1367,val,price,0,0,0.00171,0.0039
1367,val,shipping,0,0,0.002934,0.000947
1367,val,smell,0,0,0.000619,0.002802
1367,val,stayingpower,0,0,0.002139,0.006061
1367,val,texture,0,0,0.001606,0.00194
1368,val,colour,2,2,0.995309,0.00374
1368,val,packing,0,0,0.006833,0.015203
1368,val,price,0,0,0.005474,0.010829
1368,val,shipping,0,0,0.008751,0.004333
1368,val,smell,0,0,0.00299,0.004536
1368,val,stayingpower,0,0,0.015754,0.029143
1368,val,texture,1,1,0.006934,0.986445
1369,val,colour,1,1,0.001597,0.997072
1369,val,packing,1,1,0.000564,0.996709
1369,val,price,0,0,0.00102,0.010558
1369,val,shipping,1,1,0.001307,0.99705
1369,val,smell,0,0,0.003447,0.006529
1369,val,stayingpower,0,0,0.00888,0.024587
1369,val,texture,0,0,0.003489,0.002951
1370,val,colour,0,0,0.004526,0.003352
1370,val,packing,0,0,0.003652,0.005643
1370,val,price,0,0,0.005893,0.014361
1370,val,shipping,0,0,0.00213,0.000907
1370,val,smell,0,0,0.002318,0.005811
1370,val,stayingpower,0,0,0.007261,0.010892
1370,val,texture,2,2,0.769906,0.197538
1371,val,colour,0,0,0.003493,0.044621
1371,val,packing,0,0,0.001289,0.013816
1371,val,price,0,0,0.002416,0.013322
1371,val,shipping,0,0,0.00669,0.014779
1371,val,smell,1,1,0.001216,0.995945
1371,val,stayingpower,0,0,0.007139,0.052748
1371,val,texture,1,1,0.001005,0.99877
1372,val,colour,0,0,0.001598,0.009307
1372,val,packing,0,0,0.000774,0.014572
1372,val,price,0,0,0.003004,0.011308
1372,val,shipping,0,0,0.003565,0.005199
1372,val,smell,0,0,0.00066,0.028347
1372,val,stayingpower,0,0,0.001105,0.010686
1372,val,texture,1,1,0.00206,0.996162
1373,val,colour,0,0,0.017566,0.265933
1373,val,packing,0,0,0.005884,0.007947
1373,val,price,0,0,0.00669,0.010542
1373,val,shipping,2,2,0.994069,0.005527
1373,val,smell,0,0,0.004388,0.01045
1373,val,stayingpower,2,2,0.960201,0.030207
1373,val,texture,0,0,0.018663,0.035517
1374,val,colour,0,0,0.082449,0.023431
1374,val,packing,1,1,0.011719,0.984992
1374,val,price,0,0,0.017749,0.09267
1374,val,shipping,0,0,0.038282,0.055125
1374,val,smell,0,0,0.061837,0.026361
1374,val,stayingpower,0,0,0.028365,0.020844
1374,val,texture,2,2,0.997036,0.002179
1375,val,colour,0,0,0.026518,0.250905
1375,val,packing,0,0,0.032343,0.057872
1375,val,price,0,0,0.009546,0.132826
1375,val,shipping,0,0,0.019503,0.005923
1375,val,smell,1,1,0.002782,0.996281
1375,val,stayingpower,0,0,0.014035,0.016085
1375,val,texture,2,2,0.99724,0.001951
1376,val,colour,0,0,0.001934,0.008237
1376,val,packing,0,0,0.001587,0.011927
1376,val,price,0,0,0.002182,0.020147
1376,val,shipping,0,0,0.00301,0.002647
1376,val,smell,1,1,0.000946,0.998501
1376,val,stayingpower,0,0,0.001196,0.003947
1376,val,texture,0,0,0.001354,0.006581
1377,val,colour,1,2,0.982558,0.017305
1377,val,packing,0,0,0.028122,0.04457
1377,val,price,1,1,0.01021,0.979163
1377,val,shipping,0,0,0.010019,0.009538
1377,val,smell,1,1,0.04636,0.947585
1377,val,stayingpower,0,0,0.039421,0.01585
1377,val,texture,0,0,0.030045,0.023275
1378,val,colour,0,0,0.010127,0.036843
1378,val,packing,0,0,0.009026,0.086674
1378,val,price,1,1,0.000759,0.998622
1378,val,shipping,1,1,0.007359,0.991563
1378,val,smell,1,1,0.001866,0.99735
1378,val,stayingpower,0,0,0.023863,0.112782
1378,val,texture,1,1,0.001967,0.986227
1379,val,colour,0,0,0.002121,0.001771
1379,val,packing,1,1,0.001002,0.998055
1379,val,price,0,0,0.001938,0.019747
1379,val,shipping,0,0,0.024724,0.035574
1379,val,smell,0,0,0.001712,0.004051
1379,val,stayingpower,0,0,0.002504,0.020584
1379,val,texture,0,0,0.003266,0.00564
1380,val,colour,1,1,0.001176,0.998389
1380,val,packing,1,1,0.000308,0.99919
1380,val,price,0,0,0.001792,0.017206
1380,val,shipping,0,0,0.031312,0.085537
1380,val,smell,0,0,0.007896,0.07431
1380,val,stayingpower,0,0,0.008959,0.046316
1380,val,texture,1,1,0.010376,0.973321
1381,val,colour,1,1,0.001364,0.997559
1381,val,packing,0,0,0.000193,0.004037
1381,val,price,0,0,0.001323,0.008402
1381,val,shipping,1,1,0.00046,0.998931
1381,val,smell,0,0,0.001867,0.010241
1381,val,stayingpower,0,0,0.018671,0.022277
1381,val,texture,0,0,0.001089,0.004738
1382,val,colour,0,0,0.011118,0.002047
1382,val,packing,0,0,0.004111,0.004101
1382,val,price,0,0,0.001402,0.00207
1382,val,shipping,0,0,0.053469,0.001415
1382,val,smell,0,0,0.000729,0.002346
1382,val,stayingpower,0,0,0.044188,0.019832
1382,val,texture,0,0,0.018184,0.002527
1383,val,colour,1,1,0.003879,0.995188
1383,val,packing,0,0,0.034697,0.043553
1383,val,price,0,0,0.006497,0.01319
1383,val,shipping,0,2,0.770028,0.120873
1383,val,smell,1,1,0.013003,0.98565
1383,val,stayingpower,1,1,0.36113,0.637666
1383,val,texture,0,0,0.022504,0.049457
1384,val,colour,0,0,0.00192,0.001853
1384,val,packing,0,0,0.00113,0.009036
1384,val,price,0,0,0.003605,0.018712
1384,val,shipping,0,0,0.002229,0.001649
1384,val,smell,0,0,0.000424,0.003998
1384,val,stayingpower,0,0,0.000796,0.002625
1384,val,texture,0,0,0.001059,0.001921
1385,val,colour,0,0,0.012028,0.03244
1385,val,packing,1,1,0.001052,0.997264
1385,val,price,0,0,0.001387,0.014345
1385,val,shipping,1,1,0.004209,0.995182
1385,val,smell,0,0,0.006437,0.045225
1385,val,stayingpower,0,0,0.015165,0.105219
1385,val,texture,0,1,0.006475,0.986536
1386,val,colour,0,0,0.00226,0.004694
1386,val,packing,0,0,0.000662,0.004264
1386,val,price,0,0,0.000761,0.002318
1386,val,shipping,0,0,0.002246,0.001909
1386,val,smell,0,0,0.000469,0.0044
1386,val,stayingpower,0,0,0.001291,0.003013
1386,val,texture,0,0,0.001204,0.002697
1387,val,colour,1,1,0.00096,0.997088
1387,val,packing,0,0,0.003281,0.01832
1387,val,price,1,1,0.001309,0.998189
1387,val,shipping,0,0,0.045666,0.013753
1387,val,smell,0,0,0.004362,0.017353
1387,val,stayingpower,1,1,0.004367,0.991562
1387,val,texture,1,1,0.014731,0.939896
1388,val,colour,1,1,0.000868,0.998527
1388,val,packing,1,1,0.000501,0.996991
1388,val,price,0,0,0.00092,0.009131
1388,val,shipping,1,1,0.000889,0.998236
1388,val,smell,0,0,0.008106,0.017389
1388,val,stayingpower,0,0,0.008124,0.02231
1388,val,texture,0,0,0.003826,0.003517
1389,val,colour,0,1,0.182282,0.759083
1389,val,packing,0,0,0.00516,0.011942
1389,val,price,0,0,0.011658,0.018192
1389,val,shipping,0,0,0.001809,0.003632
1389,val,smell,0,0,0.029106,0.038479
1389,val,stayingpower,2,2,0.985801,0.004778
1389,val,texture,2,2,0.997613,0.001172
1390,val,colour,0,0,0.003695,0.026581
1390,val,packing,0,0,0.00033,0.005523
1390,val,price,0,0,0.00123,0.012049
1390,val,shipping,1,1,0.000734,0.998763
1390,val,smell,0,0,0.000507,0.004618
1390,val,stayingpower,0,0,0.00238,0.006692
1390,val,texture,0,0,0.000298,0.00243
1391,val,colour,0,0,0.14485,0.061668
1391,val,packing,0,0,0.086522,0.068984
1391,val,price,1,1,0.025652,0.952281
1391,val,shipping,2,2,0.996275,0.001517
1391,val,smell,0,0,0.095045,0.04166
1391,val,stayingpower,0,0,0.022801,0.020353
1391,val,texture,2,2,0.998123,0.00143
1392,val,colour,0,0,0.001536,0.011698
1392,val,packing,0,0,0.000339,0.009032
1392,val,price,0,0,0.000653,0.004426
1392,val,shipping,1,1,0.00689,0.981035
1392,val,smell,0,0,0.00028,0.001405
1392,val,stayingpower,0,0,0.00099,0.005759
1392,val,texture,0,0,0.000209,0.003156
1393,val,colour,0,0,0.002784,0.00988
1393,val,packing,0,0,0.002501,0.016781
1393,val,price,1,1,0.000694,0.999067
1393,val,shipping,0,0,0.019436,0.025946
1393,val,smell,1,1,0.000792,0.996984
1393,val,stayingpower,0,0,0.003765,0.027258
1393,val,texture,1,1,0.003062,0.965753
1394,val,colour,1,1,0.02068,0.971859
1394,val,packing,1,1,0.092034,0.884521
1394,val,price,1,1,0.007047,0.990144
1394,val,shipping,1,1,0.355304,0.580289
1394,val,smell,0,0,0.203569,0.037535
1394,val,stayingpower,1,1,0.415835,0.481824
1394,val,texture,2,2,0.999326,0.000479
1395,val,colour,1,1,0.000536,0.999311
1395,val,packing,0,0,0.000725,0.014155
1395,val,price,0,0,0.001619,0.011079
1395,val,shipping,1,1,0.000434,0.999304
1395,val,smell,0,0,0.002286,0.007765
1395,val,stayingpower,0,0,0.026117,0.056053
1395,val,texture,0,0,0.0097,0.103724
1396,val,colour,0,0,0.001212,0.003759
1396,val,packing,0,0,0.000966,0.007614
1396,val,price,1,1,0.000733,0.998962
1396,val,shipping,0,0,0.007177,0.008204
1396,val,smell,0,0,0.000535,0.009372
1396,val,stayingpower,0,0,0.001177,0.008409
1396,val,texture,0,0,0.00185,0.003859
1397,val,colour,0,0,0.006922,0.044814
1397,val,packing,0,0,0.002841,0.019278
1397,val,price,0,0,0.003774,0.0067
1397,val,shipping,2,2,0.999621,0.000305
1397,val,smell,0,0,0.001051,0.002645
1397,val,stayingpower,0,0,0.001028,0.00916
1397,val,texture,0,0,0.000999,0.002568
1398,val,colour,0,0,0.007739,0.100751
1398,val,packing,0,0,0.012347,0.057683
1398,val,price,0,0,0.017861,0.098199
1398,val,shipping,0,0,0.012214,0.005407
1398,val,smell,1,1,0.005966,0.982695
1398,val,stayingpower,0,0,0.008343,0.024791
1398,val,texture,1,2,0.741292,0.258435
1399,val,colour,0,0,0.007154,0.004365
1399,val,packing,1,1,0.007967,0.987502
1399,val,price,0,0,0.005519,0.013169
1399,val,shipping,2,2,0.999311,0.000484
1399,val,smell,0,0,0.005152,0.005658
1399,val,stayingpower,0,0,0.002273,0.013615
1399,val,texture,0,0,0.003495,0.004815
1400,val,colour,1,1,0.000734,0.997933
1400,val,packing,0,0,0.001277,0.013714
1400,val,price,1,1,0.001334,0.996424
1400,val,shipping,1,1,0.001987,0.995288
1400,val,smell,0,0,0.001119,0.007121
1400,val,stayingpower,0,0,0.014347,0.01981
1400,val,texture,0,0,0.001668,0.003041
1401,val,colour,0,0,0.027677,0.227625
1401,val,packing,0,0,0.008349,0.063607
1401,val,price,0,0,0.008194,0.010593
1401,val,shipping,0,0,0.019398,0.015596
1401,val,smell,0,0,0.005511,0.043673
1401,val,stayingpower,2,2,0.996306,0.003606
1401,val,texture,1,1,0.015277,0.978897
1402,val,colour,0,0,0.002634,0.002291
1402,val,packing,0,0,0.00059,0.003157
1402,val,price,0,0,0.001032,0.002658
1402,val,shipping,0,0,0.002241,0.001748
1402,val,smell,0,0,0.000561,0.004163
1402,val,stayingpower,0,0,0.001269,0.002896
1402,val,texture,0,0,0.000704,0.000688
1403,val,colour,1,1,0.000836,0.998498
1403,val,packing,0,0,0.000349,0.005298
1403,val,price,0,0,0.000816,0.003785
1403,val,shipping,1,1,0.000525,0.998029
1403,val,smell,0,0,0.001814,0.005844
1403,val,stayingpower,0,0,0.011389,0.01601
1403,val,texture,0,0,0.000983,0.004078
1404,val,colour,1,1,0.001538,0.997071
1404,val,packing,0,0,0.000241,0.003488
1404,val,price,0,0,0.000799,0.003845
1404,val,shipping,1,1,0.000724,0.997554
1404,val,smell,0,0,0.001172,0.005099
1404,val,stayingpower,0,0,0.013814,0.024336
1404,val,texture,0,0,0.000975,0.002691
1405,val,colour,0,0,0.027712,0.006344
1405,val,packing,1,1,0.002948,0.994666
1405,val,price,0,0,0.001307,0.0062
1405,val,shipping,1,1,0.002349,0.996766
1405,val,smell,0,0,0.002759,0.005205
1405,val,stayingpower,0,0,0.007457,0.016466
1405,val,texture,0,0,0.004698,0.00719
1406,val,colour,0,0,0.021879,0.137605
1406,val,packing,0,0,0.046874,0.38671
1406,val,price,0,0,0.005441,0.015482
1406,val,shipping,0,0,0.018797,0.004392
1406,val,smell,1,1,0.004383,0.995031
1406,val,stayingpower,1,1,0.012138,0.985455
1406,val,texture,0,0,0.007047,0.044447
1407,val,colour,1,1,0.002225,0.994854
1407,val,packing,0,0,0.008833,0.05036
1407,val,price,0,0,0.002815,0.007661
1407,val,shipping,0,0,0.010492,0.004863
1407,val,smell,1,1,0.004978,0.992631
1407,val,stayingpower,1,1,0.007395,0.989277
1407,val,texture,1,1,0.002813,0.992086
1408,val,colour,0,0,0.000919,0.000946
1408,val,packing,0,0,0.00077,0.003023
1408,val,price,1,1,0.004326,0.988235
1408,val,shipping,0,0,0.006802,0.002184
1408,val,smell,0,0,0.000586,0.010452
1408,val,stayingpower,0,0,0.00097,0.002177
1408,val,texture,0,0,0.001268,0.000814
1409,val,colour,1,1,0.002318,0.989723
1409,val,packing,1,1,0.001959,0.993048
1409,val,price,0,0,0.001973,0.015406
1409,val,shipping,0,0,0.011644,0.039148
1409,val,smell,1,1,0.002543,0.997226
1409,val,stayingpower,0,0,0.004921,0.01517
1409,val,texture,0,0,0.003868,0.008831
1410,val,colour,2,2,0.993542,0.003209
1410,val,packing,0,0,0.019555,0.029023
1410,val,price,0,0,0.006805,0.028251
1410,val,shipping,0,0,0.003749,0.00358
1410,val,smell,0,0,0.084243,0.039004
1410,val,stayingpower,0,0,0.010657,0.016236
1410,val,texture,2,2,0.669832,0.328331
1411,val,colour,1,1,0.000934,0.997482
1411,val,packing,0,0,0.004969,0.023962
1411,val,price,1,1,0.002699,0.996395
1411,val,shipping,2,2,0.999437,0.000442
1411,val,smell,0,0,0.002798,0.015434
1411,val,stayingpower,0,0,0.011744,0.045707
1411,val,texture,0,0,0.019775,0.017176
1412,val,colour,1,1,0.001154,0.996171
1412,val,packing,0,0,0.002564,0.026526
1412,val,price,0,0,0.002286,0.00951
1412,val,shipping,1,1,0.000953,0.998628
1412,val,smell,1,1,0.00313,0.996272
1412,val,stayingpower,0,0,0.014264,0.021492
1412,val,texture,0,0,0.001937,0.015884
1413,val,colour,1,1,0.004971,0.991543
1413,val,packing,0,0,0.004594,0.007081
1413,val,price,1,1,0.002167,0.996635
1413,val,shipping,0,0,0.010888,0.003922
1413,val,smell,0,0,0.005288,0.008099
1413,val,stayingpower,0,0,0.088415,0.036885
1413,val,texture,0,2,0.904299,0.002306
1414,val,colour,0,0,0.006464,0.011496
1414,val,packing,1,1,0.000493,0.998953
1414,val,price,0,0,0.001334,0.01149
1414,val,shipping,1,1,0.002588,0.996582
1414,val,smell,0,0,0.00289,0.007166
1414,val,stayingpower,0,0,0.001911,0.009056
1414,val,texture,0,0,0.001178,0.004267
1415,val,colour,0,0,0.002843,0.012836
1415,val,packing,0,0,0.000659,0.007014
1415,val,price,0,0,0.005511,0.096965
1415,val,shipping,1,1,0.000955,0.998924
1415,val,smell,0,0,0.000826,0.008504
1415,val,stayingpower,0,0,0.003991,0.008018
1415,val,texture,0,0,0.000618,0.0051
1416,val,colour,1,1,0.023437,0.932524
1416,val,packing,0,0,0.025467,0.064153
1416,val,price,0,0,0.015804,0.027187
1416,val,shipping,1,1,0.018205,0.972674
1416,val,smell,1,1,0.008017,0.99053
1416,val,stayingpower,2,2,0.997425,0.001609
1416,val,texture,0,0,0.016273,0.044836
1417,val,colour,0,0,0.001327,0.002528
1417,val,packing,0,0,0.000742,0.013245
1417,val,price,0,0,0.000837,0.001857
1417,val,shipping,0,0,0.003088,0.004482
1417,val,smell,0,0,0.000306,0.002724
1417,val,stayingpower,0,0,0.000547,0.001919
1417,val,texture,0,0,0.000631,0.001277
1418,val,colour,1,1,0.000433,0.999422
1418,val,packing,0,0,0.000875,0.011884
1418,val,price,0,0,0.004772,0.024922
1418,val,shipping,0,0,0.004146,0.00346
1418,val,smell,0,0,0.002452,0.018877
1418,val,stayingpower,0,0,0.034517,0.232976
1418,val,texture,1,1,0.004769,0.974608
1419,val,colour,1,1,0.003587,0.99271
1419,val,packing,0,0,0.011424,0.014981
1419,val,price,1,1,0.004184,0.990734
1419,val,shipping,0,0,0.039396,0.007882
1419,val,smell,1,1,0.016893,0.97026
1419,val,stayingpower,1,1,0.008838,0.98905
1419,val,texture,0,0,0.008695,0.02346
1420,val,colour,1,1,0.205622,0.793719
1420,val,packing,0,0,0.001339,0.002515
1420,val,price,0,0,0.003073,0.014732
1420,val,shipping,0,0,0.000789,0.000878
1420,val,smell,0,0,0.003701,0.003302
1420,val,stayingpower,0,0,0.004588,0.012106
1420,val,texture,0,0,0.005488,0.002927
1421,val,colour,1,1,0.000386,0.999285
1421,val,packing,0,0,0.000367,0.001845
1421,val,price,1,1,0.001075,0.996124
1421,val,shipping,0,0,0.002517,0.004627
1421,val,smell,0,0,0.001219,0.008231
1421,val,stayingpower,0,0,0.004505,0.01179
1421,val,texture,0,0,0.003569,0.004152
1422,val,colour,1,1,0.020722,0.964074
1422,val,packing,0,1,0.084922,0.562752
1422,val,price,1,1,0.004398,0.981693
1422,val,shipping,0,0,0.137354,0.006731
1422,val,smell,0,1,0.020367,0.966319
1422,val,stayingpower,1,1,0.020357,0.974043
1422,val,texture,1,1,0.026866,0.971268
1423,val,colour,0,0,0.002523,0.000898
1423,val,packing,0,0,0.001275,0.005428
1423,val,price,0,0,0.001588,0.003514
1423,val,shipping,0,0,0.003212,0.000977
1423,val,smell,0,0,0.000557,0.00319
1423,val,stayingpower,0,0,0.002129,0.007198
1423,val,texture,0,0,0.001239,0.001623
1424,val,colour,0,0,0.001498,0.004773
1424,val,packing,0,0,0.000629,0.00561
1424,val,price,1,1,0.000703,0.999027
1424,val,shipping,0,0,0.008632,0.007723
1424,val,smell,0,0,0.000354,0.006038
1424,val,stayingpower,0,0,0.001146,0.01032
1424,val,texture,0,0,0.002173,0.006778
1425,val,colour,1,1,0.009079,0.98681
1425,val,packing,0,0,0.001546,0.009941
1425,val,price,1,1,0.004195,0.992141
1425,val,shipping,0,0,0.01935,0.010492
1425,val,smell,0,0,0.004187,0.011233
1425,val,stayingpower,0,0,0.007626,0.02804
1425,val,texture,1,1,0.047362,0.950817
1426,val,colour,3,1,0.249643,0.624255
1426,val,packing,1,1,0.001757,0.99769
1426,val,price,0,0,0.002836,0.013977
1426,val,shipping,1,1,0.003012,0.996379
1426,val,smell,0,0,0.008051,0.016238
1426,val,stayingpower,0,0,0.08196,0.077597
1426,val,texture,3,2,0.7708,0.203358
1427,val,colour,0,0,0.005874,0.002459
1427,val,packing,0,0,0.001885,0.003853
1427,val,price,0,0,0.000809,0.000823
1427,val,shipping,1,1,0.073703,0.890669
1427,val,smell,0,0,0.000334,0.000871
1427,val,stayingpower,0,0,0.00519,0.006399
1427,val,texture,0,0,0.000913,0.002317
1428,val,colour,0,0,0.002693,0.017949
1428,val,packing,0,0,0.002577,0.086314
1428,val,price,0,0,0.002491,0.065141
1428,val,shipping,0,0,0.003885,0.010377
1428,val,smell,1,1,0.000351,0.998645
1428,val,stayingpower,0,0,0.002179,0.005777
1428,val,texture,1,1,0.004577,0.986877
1429,val,colour,1,1,0.000482,0.999357
1429,val,packing,0,0,0.000253,0.004275
1429,val,price,0,0,0.001268,0.003961
1429,val,shipping,0,0,0.002661,0.007337
1429,val,smell,0,0,0.00029,0.00142
1429,val,stayingpower,0,0,0.00335,0.017253
1429,val,texture,0,0,0.002307,0.007601
1430,val,colour,0,0,0.00506,0.006078
1430,val,packing,0,0,0.000828,0.008577
1430,val,price,0,1,0.002294,0.976445
1430,val,shipping,1,1,0.003802,0.994964
1430,val,smell,0,0,0.000336,0.002909
1430,val,stayingpower,0,0,0.003006,0.006845
1430,val,texture,0,0,0.001099,0.00299
1431,val,colour,0,1,0.004827,0.863353
1431,val,packing,0,0,9.3e-05,0.000867
1431,val,price,0,0,0.000902,0.003176
1431,val,shipping,0,0,0.001076,0.001158
1431,val,smell,0,0,0.000101,0.001151
1431,val,stayingpower,0,0,0.001141,0.009745
1431,val,texture,0,0,0.004197,0.045689
1432,val,colour,1,1,0.000982,0.998681
1432,val,packing,1,1,0.000778,0.996499
1432,val,price,0,0,0.000875,0.006028
1432,val,shipping,0,0,0.008653,0.025952
1432,val,smell,0,0,0.004939,0.016423
1432,val,stayingpower,0,0,0.006715,0.028306
1432,val,texture,0,0,0.007469,0.005321
1433,val,colour,1,1,0.000803,0.998595
1433,val,packing,0,0,0.002413,0.020891
1433,val,price,0,0,0.002109,0.004324
1433,val,shipping,1,1,0.003586,0.995411
1433,val,smell,0,0,0.002821,0.007653
1433,val,stayingpower,1,1,0.016754,0.977642
1433,val,texture,0,0,0.006081,0.030241
1434,val,colour,1,1,0.001307,0.996462
1434,val,packing,1,1,0.000342,0.998316
1434,val,price,0,0,0.000623,0.007518
1434,val,shipping,1,1,0.001192,0.998092
1434,val,smell,0,0,0.003029,0.006862
1434,val,stayingpower,0,0,0.003913,0.022887
1434,val,texture,0,0,0.002194,0.003096
1435,val,colour,1,1,0.001035,0.997185
1435,val,packing,0,0,0.003667,0.011615
1435,val,price,1,1,0.003901,0.990477
1435,val,shipping,0,0,0.026544,0.009062
1435,val,smell,0,0,0.002953,0.010617
1435,val,stayingpower,0,1,0.00226,0.996509
1435,val,texture,0,0,0.019654,0.064149
1436,val,colour,1,1,0.014215,0.985065
1436,val,packing,0,0,0.000424,0.001932
1436,val,price,0,0,0.001381,0.005845
1436,val,shipping,0,0,0.006551,0.367155
1436,val,smell,0,0,0.000154,0.000466
1436,val,stayingpower,0,0,0.016652,0.010338
1436,val,texture,0,0,0.014074,0.006296
1437,val,colour,1,1,0.000388,0.999317
1437,val,packing,0,0,0.000547,0.012298
1437,val,price,0,0,0.000867,0.006795
1437,val,shipping,1,1,0.001856,0.997942
1437,val,smell,0,0,0.001392,0.004429
1437,val,stayingpower,0,0,0.01533,0.053636
1437,val,texture,0,0,0.009287,0.029673
1438,val,colour,1,1,0.000194,0.999733
1438,val,packing,0,0,0.000487,0.002459
1438,val,price,1,1,0.001219,0.996999
1438,val,shipping,0,0,0.002177,0.00737
1438,val,smell,0,0,0.001558,0.007735
1438,val,stayingpower,0,0,0.013197,0.054959
1438,val,texture,0,0,0.010312,0.03865
1439,val,colour,1,1,0.005625,0.991334
1439,val,packing,1,1,0.077786,0.903333
1439,val,price,1,1,0.011535,0.984905
1439,val,shipping,2,2,0.996737,0.001744
1439,val,smell,0,0,0.067162,0.104534
1439,val,stayingpower,2,2,0.989502,0.009289
1439,val,texture,3,2,0.665308,0.144631
1440,val,colour,0,0,0.003209,0.016926
1440,val,packing,0,0,0.000719,0.012097
1440,val,price,0,0,0.001042,0.006464
1440,val,shipping,1,1,0.00069,0.999051
1440,val,smell,0,0,0.000566,0.003679
1440,val,stayingpower,0,0,0.002398,0.006431
1440,val,texture,0,0,0.00034,0.004507
1441,val,colour,1,1,0.000104,0.999884
1441,val,packing,0,0,0.001013,0.018915
1441,val,price,0,0,0.00148,0.006965
1441,val,shipping,0,0,0.003876,0.02067
1441,val,smell,0,0,0.001171,0.004822
1441,val,stayingpower,0,0,0.010434,0.12376
1441,val,texture,1,1,0.110151,0.747156
1442,val,colour,0,0,0.001252,0.00365
1442,val,packing,0,0,0.00057,0.005776
1442,val,price,0,0,0.001394,0.010131
1442,val,shipping,0,0,0.001981,0.002777
1442,val,smell,0,0,0.000467,0.005543
1442,val,stayingpower,0,0,0.000702,0.003777
1442,val,texture,0,0,0.000612,0.001758
1443,val,colour,1,1,0.002958,0.995607
1443,val,packing,0,0,0.006396,0.008331
1443,val,price,0,1,0.003061,0.988075
1443,val,shipping,0,0,0.110776,0.003722
1443,val,smell,0,0,0.002331,0.005382
1443,val,stayingpower,0,0,0.008187,0.002705
1443,val,texture,0,0,0.20857,0.006724
1444,val,colour,0,0,0.002263,0.018902
1444,val,packing,0,0,0.001284,0.014546
1444,val,price,1,1,0.001289,0.99687
1444,val,shipping,1,1,0.001394,0.998262
1444,val,smell,0,0,0.000577,0.006763
1444,val,stayingpower,0,0,0.004715,0.017329
1444,val,texture,0,0,0.000509,0.003458
1445,val,colour,1,1,0.005142,0.994369
1445,val,packing,1,1,0.000931,0.99864
1445,val,price,0,0,0.001192,0.004966
1445,val,shipping,0,0,0.046953,0.040623
1445,val,smell,0,0,0.005957,0.007298
1445,val,stayingpower,0,0,0.023843,0.04471
1445,val,texture,0,0,0.026715,0.004264
1446,val,colour,1,1,0.001042,0.998761
1446,val,packing,0,0,0.000228,0.001392
1446,val,price,0,0,0.001193,0.004503
1446,val,shipping,0,0,0.00215,0.003963
1446,val,smell,0,0,0.000739,0.003668
1446,val,stayingpower,0,0,0.004489,0.011019
1446,val,texture,0,0,0.001398,0.002264
1447,val,colour,1,1,0.000516,0.999035
1447,val,packing,0,0,0.000694,0.007524
1447,val,price,0,0,0.003474,0.017407
1447,val,shipping,0,0,0.004063,0.012162
1447,val,smell,0,0,0.002107,0.02569
1447,val,stayingpower,0,0,0.010287,0.043634
1447,val,texture,1,1,0.001447,0.9974
1448,val,colour,0,0,0.00133,0.00148
1448,val,packing,1,1,0.000845,0.996382
1448,val,price,0,0,0.001453,0.015664
1448,val,shipping,0,0,0.01366,0.026857
1448,val,smell,0,0,0.000881,0.00274
1448,val,stayingpower,0,0,0.00061,0.005284
1448,val,texture,0,0,0.001112,0.002475
1449,val,colour,0,0,0.001571,0.005288
1449,val,packing,0,0,0.001048,0.01366
1449,val,price,1,1,0.00125,0.997252
1449,val,shipping,1,1,0.003339,0.995689
1449,val,smell,0,0,0.000399,0.003758
1449,val,stayingpower,0,0,0.003767,0.016558
1449,val,texture,0,0,0.000772,0.004673
1450,val,colour,1,1,0.001955,0.995349
1450,val,packing,1,1,0.000814,0.996443
1450,val,price,0,0,0.001373,0.009692
1450,val,shipping,1,1,0.001769,0.997542
1450,val,smell,0,0,0.012718,0.070095
1450,val,stayingpower,0,0,0.019594,0.126669
1450,val,texture,1,1,0.002287,0.995183
1451,val,colour,0,0,0.013656,0.0471
1451,val,packing,1,1,0.001715,0.996331
1451,val,price,0,0,0.002191,0.026922
1451,val,shipping,1,1,0.01841,0.980175
1451,val,smell,1,1,0.005341,0.992177
1451,val,stayingpower,0,0,0.021093,0.100793
1451,val,texture,1,1,0.003809,0.968369
1452,val,colour,0,0,0.005222,0.008896
1452,val,packing,1,1,0.001797,0.995464
1452,val,price,0,0,0.001455,0.018143
1452,val,shipping,1,1,0.00483,0.993337
1452,val,smell,1,1,0.003496,0.995684
1452,val,stayingpower,0,0,0.008394,0.016829
1452,val,texture,0,0,0.001888,0.021466
1453,val,colour,0,0,0.001506,0.012547
1453,val,packing,0,0,0.002353,0.026292
1453,val,price,0,0,0.002883,0.027962
1453,val,shipping,0,0,0.006729,0.008207
1453,val,smell,1,1,0.000512,0.998317
1453,val,stayingpower,0,0,0.001255,0.008839
1453,val,texture,1,1,0.001525,0.988506
1454,val,colour,1,2,0.980304,0.014001
1454,val,packing,0,0,0.003708,0.002613
1454,val,price,1,1,0.002088,0.99751
1454,val,shipping,0,0,0.004233,0.002562
1454,val,smell,0,0,0.006981,0.006235
1454,val,stayingpower,0,0,0.005619,0.007225
1454,val,texture,0,0,0.143376,0.006892
1455,val,colour,1,0,0.094134,0.32934
1455,val,packing,0,0,0.000303,0.002097
1455,val,price,0,0,0.000531,0.001444
1455,val,shipping,0,0,0.000781,0.000457
1455,val,smell,0,0,0.000232,0.00154
1455,val,stayingpower,0,0,0.001157,0.002617
1455,val,texture,0,0,0.001944,0.003
1456,val,colour,1,1,0.002021,0.995752
1456,val,packing,1,1,0.000554,0.996831
1456,val,price,0,0,0.000841,0.005934
1456,val,shipping,0,0,0.021145,0.038915
1456,val,smell,0,0,0.00122,0.002962
1456,val,stayingpower,0,0,0.001392,0.008947
1456,val,texture,0,0,0.004215,0.003158
1457,val,colour,0,0,0.002739,0.001603
1457,val,packing,0,0,0.006301,0.12789
1457,val,price,0,0,0.001251,0.00325
1457,val,shipping,0,0,0.002755,0.001273
1457,val,smell,0,0,0.000507,0.003013
1457,val,stayingpower,0,0,0.000485,0.001952
1457,val,texture,0,0,0.001333,0.000821
1458,val,colour,0,0,0.001074,0.001268
1458,val,packing,1,1,0.00062,0.998118
1458,val,price,0,0,0.00154,0.020094
1458,val,shipping,0,0,0.044386,0.099843
1458,val,smell,0,0,0.001121,0.00419
1458,val,stayingpower,0,0,0.000805,0.009805
1458,val,texture,0,0,0.001801,0.004967
1459,val,colour,0,0,0.021687,0.097687
1459,val,packing,0,0,0.00915,0.035497
1459,val,price,0,0,0.009962,0.012345
1459,val,shipping,2,2,0.999251,0.000561
1459,val,smell,0,0,0.006316,0.037035
1459,val,stayingpower,1,1,0.012815,0.953409
1459,val,texture,1,1,0.004317,0.990464
1460,val,colour,0,0,0.011993,0.027745
1460,val,packing,0,0,0.003663,0.011581
1460,val,price,0,0,0.005798,0.008878
1460,val,shipping,2,2,0.999773,0.000135
1460,val,smell,0,0,0.001665,0.004515
1460,val,stayingpower,0,0,0.001444,0.008857
1460,val,texture,0,0,0.001291,0.002555
1461,val,colour,1,1,0.001693,0.997739
1461,val,packing,0,0,0.003965,0.015937
1461,val,price,1,1,0.003139,0.990952
1461,val,shipping,0,0,0.031111,0.009527
1461,val,smell,0,0,0.00268,0.008318
1461,val,stayingpower,1,1,0.003053,0.993591
1461,val,texture,0,0,0.013032,0.052463
1462,val,colour,1,1,0.000445,0.999455
1462,val,packing,0,0,0.000215,0.001694
1462,val,price,0,0,0.001431,0.005845
1462,val,shipping,0,0,0.002573,0.005732
1462,val,smell,0,0,0.000637,0.002223
1462,val,stayingpower,0,0,0.004306,0.015378
1462,val,texture,0,0,0.001711,0.004702
1463,val,colour,1,1,0.000153,0.999546
1463,val,packing,0,0,0.000378,0.004058
1463,val,price,0,0,0.002883,0.011632
1463,val,shipping,0,0,0.003385,0.018229
1463,val,smell,0,0,0.001786,0.01981
1463,val,stayingpower,0,0,0.008172,0.03615
1463,val,texture,0,1,0.005118,0.983168
1464,val,colour,1,1,0.000485,0.998677
1464,val,packing,0,0,0.000967,0.00762
1464,val,price,0,0,0.001867,0.007236
1464,val,shipping,0,0,0.003341,0.004811
1464,val,smell,1,1,0.000551,0.999228
1464,val,stayingpower,0,0,0.004848,0.015645
1464,val,texture,1,1,0.004345,0.957189
1465,val,colour,1,1,0.029693,0.969095
1465,val,packing,0,0,0.001242,0.004791
1465,val,price,0,0,0.003444,0.006565
1465,val,shipping,0,0,0.007311,0.005348
1465,val,smell,0,0,0.000827,0.004733
1465,val,stayingpower,0,0,0.004343,0.018242
1465,val,texture,1,1,0.003156,0.995569
1466,val,colour,1,1,0.000371,0.999412
1466,val,packing,0,0,0.000812,0.008444
1466,val,price,1,1,0.001822,0.988502
1466,val,shipping,1,1,0.001059,0.99784
1466,val,smell,0,0,0.002637,0.011885
1466,val,stayingpower,0,0,0.018909,0.021753
1466,val,texture,0,0,0.002868,0.006857
1467,val,colour,1,1,0.04632,0.937883
1467,val,packing,2,2,0.88717,0.110914
1467,val,price,1,1,0.005791,0.991361
1467,val,shipping,0,2,0.829783,0.006487
1467,val,smell,0,0,0.104645,0.057436
1467,val,stayingpower,1,2,0.464391,0.40275
1467,val,texture,1,2,0.571509,0.408918
1468,val,colour,0,0,0.001845,0.00367
1468,val,packing,0,0,0.000401,0.002278
1468,val,price,1,1,0.002375,0.995288
1468,val,shipping,0,0,0.003096,0.002266
1468,val,smell,0,0,0.000537,0.007814
1468,val,stayingpower,0,0,0.001005,0.005622
1468,val,texture,0,0,0.001871,0.002225
1469,val,colour,1,2,0.99899,0.000812
1469,val,packing,0,0,0.010207,0.009116
1469,val,price,0,0,0.003442,0.012416
1469,val,shipping,0,0,0.002826,0.001861
1469,val,smell,0,0,0.00742,0.001608
1469,val,stayingpower,0,0,0.009959,0.021814
1469,val,texture,0,0,0.048691,0.021649
1470,val,colour,0,0,0.000774,0.002813
1470,val,packing,0,0,0.000381,0.004021
1470,val,price,0,0,0.001565,0.008857
1470,val,shipping,0,0,0.001288,0.001541
1470,val,smell,0,0,0.000382,0.005317
1470,val,stayingpower,0,0,0.000908,0.004003
1470,val,texture,0,0,0.000611,0.00188
1471,val,colour,0,0,0.001034,0.001528
1471,val,packing,0,0,0.000667,0.006905
1471,val,price,0,0,0.001576,0.00736
1471,val,shipping,0,0,0.002386,0.003625
1471,val,smell,0,0,0.000308,0.002376
1471,val,stayingpower,0,0,0.000952,0.00263
1471,val,texture,0,0,0.000559,0.000909
1472,val,colour,0,0,0.001813,0.001444
1472,val,packing,0,0,0.001046,0.009389
1472,val,price,0,0,0.001051,0.003526
1472,val,shipping,0,0,0.002433,0.002457
1472,val,smell,0,0,0.000446,0.004739
1472,val,stayingpower,0,0,0.00087,0.002628
1472,val,texture,0,0,0.001148,0.002393
1473,val,colour,2,2,0.999429,0.000487
1473,val,packing,0,0,0.016761,0.010338
1473,val,price,0,0,0.008108,0.011834
1473,val,shipping,0,0,0.005314,0.002096
1473,val,smell,0,0,0.012127,0.002384
1473,val,stayingpower,0,0,0.020678,0.025378
1473,val,texture,0,0,0.091454,0.012141
1474,val,colour,1,1,0.010284,0.985244
1474,val,packing,1,1,0.041825,0.889333
1474,val,price,0,0,0.012789,0.02069
1474,val,shipping,0,0,0.097444,0.273373
1474,val,smell,2,2,0.996307,0.002353
1474,val,stayingpower,1,1,0.046379,0.94568
1474,val,texture,1,1,0.471,0.488035
1475,val,colour,1,1,0.000532,0.9988
1475,val,packing,0,0,0.001336,0.015346
1475,val,price,0,0,0.000988,0.005654
1475,val,shipping,1,1,0.000887,0.998439
1475,val,smell,1,1,0.004944,0.991724
1475,val,stayingpower,0,0,0.017663,0.021418
1475,val,texture,0,0,0.001135,0.009411
1476,val,colour,1,1,0.096118,0.902318
1476,val,packing,1,1,0.043431,0.948435
1476,val,price,0,0,0.008513,0.031199
1476,val,shipping,1,1,0.0996,0.76358
1476,val,smell,0,0,0.130761,0.024687
1476,val,stayingpower,0,0,0.14401,0.031542
1476,val,texture,2,2,0.995956,0.0003
1477,val,colour,1,1,0.041014,0.957005
1477,val,packing,0,0,0.000277,0.000834
1477,val,price,0,0,0.000679,0.001896
1477,val,shipping,0,0,0.000254,0.000208
1477,val,smell,0,0,0.000349,0.001641
1477,val,stayingpower,0,0,0.005609,0.010193
1477,val,texture,0,0,0.023367,0.034348
1478,val,colour,1,1,0.001923,0.995034
1478,val,packing,1,1,0.002508,0.99616
1478,val,price,0,0,0.001679,0.00919
1478,val,shipping,3,2,0.9977,0.002173
1478,val,smell,0,0,0.01001,0.019832
1478,val,stayingpower,0,0,0.005663,0.025867
1478,val,texture,0,0,0.008466,0.007509
1479,val,colour,1,1,0.002242,0.99595
1479,val,packing,0,0,0.00538,0.015245
1479,val,price,0,0,0.021763,0.021076
1479,val,shipping,0,0,0.014509,0.032825
1479,val,smell,0,0,0.011519,0.041416
1479,val,stayingpower,2,2,0.999161,0.000759
1479,val,texture,0,0,0.037778,0.058015
1480,val,colour,0,0,0.006817,0.000445
1480,val,packing,0,0,0.008681,0.00701
1480,val,price,0,0,0.003429,0.009488
1480,val,shipping,0,0,0.078877,0.005531
1480,val,smell,0,0,0.000636,0.001239
1480,val,stayingpower,0,0,0.001397,0.001106
1480,val,texture,0,0,0.00574,0.000685
1481,val,colour,0,0,0.00133,0.004937
1481,val,packing,0,0,0.000554,0.005803
1481,val,price,0,0,0.001885,0.014189
1481,val,shipping,1,1,0.011258,0.986198
1481,val,smell,0,0,0.000432,0.00303
1481,val,stayingpower,0,0,0.00273,0.005647
1481,val,texture,0,0,0.000482,0.002679
1482,val,colour,1,1,0.000875,0.998527
1482,val,packing,0,0,0.00121,0.004301
1482,val,price,1,1,0.001252,0.996679
1482,val,shipping,0,0,0.0035,0.003114
1482,val,smell,1,1,0.005163,0.987094
1482,val,stayingpower,0,0,0.006274,0.01981
1482,val,texture,0,0,0.004226,0.016384
1483,val,colour,0,0,0.002956,0.007595
1483,val,packing,0,0,0.000576,0.009629
1483,val,price,0,0,0.00124,0.006602
1483,val,shipping,1,1,0.001224,0.99832
1483,val,smell,0,0,0.000492,0.003163
1483,val,stayingpower,0,0,0.003373,0.010819
1483,val,texture,0,0,0.000441,0.005626
1484,val,colour,0,0,0.003367,0.003927
1484,val,packing,0,0,0.000789,0.003366
1484,val,price,0,0,0.001967,0.00419
1484,val,shipping,0,0,0.003813,0.002103
1484,val,smell,0,0,0.000325,0.002544
1484,val,stayingpower,0,0,0.000996,0.001739
1484,val,texture,0,0,0.000583,0.000936
1485,val,colour,1,1,0.00025,0.999322
1485,val,packing,0,0,0.000626,0.012205
1485,val,price,0,0,0.003544,0.020247
1485,val,shipping,0,0,0.004731,0.015649
1485,val,smell,0,0,0.00111,0.010854
1485,val,stayingpower,0,0,0.014759,0.108734
1485,val,texture,1,1,0.031035,0.968039
1486,val,colour,1,1,0.00043,0.999053
1486,val,packing,0,0,0.000545,0.008352
1486,val,price,0,0,0.002803,0.013504
1486,val,shipping,0,0,0.004416,0.015319
1486,val,smell,0,0,0.001915,0.028343
1486,val,stayingpower,0,0,0.00628,0.04147
1486,val,texture,1,1,0.000918,0.99825
1487,val,colour,1,1,0.000567,0.999187
1487,val,packing,0,0,0.00037,0.006218
1487,val,price,0,0,0.003525,0.011428
1487,val,shipping,0,0,0.003031,0.010563
1487,val,smell,0,0,0.000813,0.007391
1487,val,stayingpower,0,0,0.006196,0.054817
1487,val,texture,1,1,0.004829,0.990249
1488,val,colour,1,1,0.006366,0.958429
1488,val,packing,0,0,0.001478,0.065209
1488,val,price,0,0,0.000746,0.003348
1488,val,shipping,1,1,0.002764,0.996593
1488,val,smell,0,0,0.001263,0.010241
1488,val,stayingpower,1,1,0.010641,0.95097
1488,val,texture,1,1,0.000994,0.990977
1489,val,colour,1,1,0.002235,0.995075
1489,val,packing,1,1,0.000371,0.998762
1489,val,price,0,0,0.000925,0.0099
1489,val,shipping,1,1,0.000573,0.999147
1489,val,smell,0,0,0.007615,0.0208
1489,val,stayingpower,0,0,0.007499,0.03121
1489,val,texture,0,0,0.003241,0.00462
1490,val,colour,0,0,0.030829,0.144108
1490,val,packing,0,1,0.023453,0.975024
1490,val,price,0,0,0.00634,0.051094
1490,val,shipping,2,2,0.996431,0.002701
1490,val,smell,1,1,0.017706,0.980298
1490,val,stayingpower,0,0,0.066415,0.031642
1490,val,texture,2,2,0.852521,0.095381
1491,val,colour,0,0,0.001615,0.004595
1491,val,packing,0,0,0.000507,0.004938
1491,val,price,0,0,0.001524,0.009379
1491,val,shipping,0,0,0.001604,0.002382
1491,val,smell,0,0,0.000285,0.002691
1491,val,stayingpower,0,0,0.000716,0.002263
1491,val,texture,0,0,0.000469,0.001194
1492,val,colour,0,0,0.004678,0.018677
1492,val,packing,0,0,0.005761,0.034127
1492,val,price,1,1,0.002037,0.997009
1492,val,shipping,3,2,0.99956,0.00021
1492,val,smell,0,0,0.001438,0.011803
1492,val,stayingpower,0,0,0.002631,0.013174
1492,val,texture,0,0,0.003803,0.007172
1493,val,colour,0,0,0.001928,0.000965
1493,val,packing,0,0,0.001165,0.008405
1493,val,price,0,0,0.001606,0.004921
1493,val,shipping,0,0,0.003276,0.001667
1493,val,smell,0,0,0.000503,0.003825
1493,val,stayingpower,0,0,0.000986,0.003639
1493,val,texture,0,0,0.002251,0.004177
1494,val,colour,1,1,0.001541,0.997091
1494,val,packing,0,0,0.000217,0.003133
1494,val,price,0,0,0.000742,0.002959
1494,val,shipping,0,0,0.002073,0.005042
1494,val,smell,0,0,0.000259,0.001071
1494,val,stayingpower,0,0,0.001246,0.005764
1494,val,texture,0,0,0.000818,0.001723
1495,val,colour,0,0,0.008646,0.027777
1495,val,packing,0,0,0.001975,0.030295
1495,val,price,0,0,0.000893,0.007728
1495,val,shipping,1,1,0.002392,0.997021
1495,val,smell,3,1,0.002072,0.997072
1495,val,stayingpower,0,0,0.002209,0.006513
1495,val,texture,0,0,0.000681,0.009427
1496,val,colour,1,1,0.00087,0.998835
1496,val,packing,1,1,0.000381,0.997745
1496,val,price,0,0,0.001171,0.012675
1496,val,shipping,0,0,0.009449,0.053019
1496,val,smell,0,0,0.002264,0.006873
1496,val,stayingpower,0,0,0.003082,0.023538
1496,val,texture,0,0,0.004446,0.005781
1497,val,colour,0,2,0.97422,0.011466
1497,val,packing,1,1,0.012035,0.983081
1497,val,price,0,0,0.00191,0.008766
1497,val,shipping,0,0,0.006799,0.007933
1497,val,smell,0,0,0.002469,0.002626
1497,val,stayingpower,0,0,0.006179,0.008577
1497,val,texture,0,0,0.032438,0.00519
1498,val,colour,1,1,0.01049,0.987193
1498,val,packing,0,0,0.152246,0.322397
1498,val,price,1,1,0.080488,0.594887
1498,val,shipping,3,1,0.109285,0.867473
1498,val,smell,1,2,0.765196,0.231392
1498,val,stayingpower,0,0,0.151275,0.175336
1498,val,texture,1,2,0.950967,0.047681
1499,val,colour,1,1,0.001968,0.994306
1499,val,packing,1,1,0.000326,0.999031
1499,val,price,0,0,0.000586,0.005711
1499,val,shipping,1,1,0.001061,0.998322
1499,val,smell,0,0,0.005918,0.011917
1499,val,stayingpower,0,0,0.005545,0.026259
1499,val,texture,0,0,0.002927,0.003484
1500,val,colour,0,0,0.004115,0.017202
1500,val,packing,0,0,0.000795,0.017703
1500,val,price,0,0,0.001089,0.009462
1500,val,shipping,1,1,0.001052,0.998521
1500,val,smell,0,0,0.000556,0.003717
1500,val,stayingpower,0,0,0.00165,0.004912
1500,val,texture,0,0,0.000183,0.001627
1501,val,colour,1,1,0.000631,0.998149
1501,val,packing,0,0,0.001768,0.022756
1501,val,price,1,1,0.000777,0.998444
1501,val,shipping,0,0,0.010501,0.016869
1501,val,smell,0,0,0.002651,0.03488
1501,val,stayingpower,0,0,0.013116,0.077628
1501,val,texture,1,1,0.008198,0.990817
1502,val,colour,0,0,0.001572,0.00138
1502,val,packing,1,1,0.001266,0.997236
1502,val,price,0,0,0.001024,0.008845
1502,val,shipping,3,1,0.065256,0.901136
1502,val,smell,0,0,0.001689,0.003138
1502,val,stayingpower,0,0,0.001015,0.005388
1502,val,texture,0,0,0.000971,0.002136
1503,val,colour,0,0,0.002677,0.008407
1503,val,packing,1,1,0.001068,0.998195
1503,val,price,1,1,0.000942,0.997214
1503,val,shipping,1,1,0.007418,0.991287
1503,val,smell,0,0,0.002773,0.012733
1503,val,stayingpower,0,0,0.003675,0.012133
1503,val,texture,0,0,0.00236,0.003033
1504,val,colour,0,0,0.02195,0.097506
1504,val,packing,0,0,0.006961,0.061566
1504,val,price,0,0,0.009299,0.010795
1504,val,shipping,0,0,0.012493,0.019109
1504,val,smell,0,0,0.005201,0.014571
1504,val,stayingpower,2,2,0.997307,0.002414
1504,val,texture,3,1,0.100293,0.866191
1505,val,colour,2,2,0.995229,0.003236
1505,val,packing,0,0,0.007981,0.018986
1505,val,price,0,0,0.004297,0.011116
1505,val,shipping,0,0,0.000784,0.000969
1505,val,smell,0,0,0.001035,0.000751
1505,val,stayingpower,0,0,0.028672,0.020884
1505,val,texture,0,0,0.104471,0.02767
1506,val,colour,0,0,0.003178,0.02694
1506,val,packing,0,0,0.0006,0.005816
1506,val,price,0,0,0.002277,0.022905
1506,val,shipping,0,0,0.001365,0.001461
1506,val,smell,1,1,0.000864,0.997438
1506,val,stayingpower,0,0,0.0006,0.003237
1506,val,texture,0,0,0.000895,0.006669
1507,val,colour,0,0,0.007479,0.036777
1507,val,packing,0,0,0.000765,0.006082
1507,val,price,0,0,0.001508,0.096736
1507,val,shipping,0,1,0.310275,0.676935
1507,val,smell,0,0,0.000133,0.001173
1507,val,stayingpower,0,0,0.001079,0.018368
1507,val,texture,0,0,0.007501,0.134406
1508,val,colour,1,1,0.04397,0.950168
1508,val,packing,1,1,0.011126,0.985185
1508,val,price,0,0,0.006506,0.027815
1508,val,shipping,0,0,0.083588,0.085156
1508,val,smell,1,1,0.008235,0.989447
1508,val,stayingpower,1,2,0.714098,0.285319
1508,val,texture,1,1,0.043626,0.912707
1509,val,colour,0,0,0.00384,0.012354
1509,val,packing,0,0,0.002013,0.03895
1509,val,price,0,0,0.00133,0.007832
1509,val,shipping,1,1,0.003979,0.995249
1509,val,smell,1,1,0.005158,0.951316
1509,val,stayingpower,0,0,0.00413,0.029126
1509,val,texture,1,1,0.000532,0.98412
1510,val,colour,1,1,0.008569,0.987541
1510,val,packing,0,0,0.020935,0.023669
1510,val,price,0,0,0.004094,0.017179
1510,val,shipping,2,2,0.992696,0.002409
1510,val,smell,0,0,0.095505,0.039431
1510,val,stayingpower,1,1,0.028945,0.936486
1510,val,texture,2,2,0.996289,0.002662
1511,val,colour,1,1,0.005385,0.994254
1511,val,packing,0,0,0.006822,0.027516
1511,val,price,0,0,0.003577,0.008195
1511,val,shipping,0,0,0.010392,0.002259
1511,val,smell,1,1,0.009256,0.984873
1511,val,stayingpower,1,1,0.010637,0.987477
1511,val,texture,1,1,0.147069,0.636149
1512,val,colour,3,1,0.011708,0.962445
1512,val,packing,1,1,0.003166,0.994137
1512,val,price,0,0,0.003767,0.036286
1512,val,shipping,2,2,0.999302,0.000594
1512,val,smell,0,0,0.007178,0.006753
1512,val,stayingpower,0,0,0.003826,0.026508
1512,val,texture,0,0,0.002596,0.003072
1513,val,colour,1,0,0.009686,0.011526
1513,val,packing,0,0,0.000699,0.000917
1513,val,price,0,0,0.001507,0.005897
1513,val,shipping,0,0,0.003934,0.016783
1513,val,smell,0,0,0.001754,0.006394
1513,val,stayingpower,0,0,0.020382,0.005301
1513,val,texture,0,2,0.559671,0.033144
1514,val,colour,1,1,0.001967,0.997226
1514,val,packing,0,0,0.013424,0.047884
1514,val,price,0,0,0.007413,0.032177
1514,val,shipping,0,0,0.011194,0.048908
1514,val,smell,2,2,0.998879,0.000618
1514,val,stayingpower,0,0,0.014261,0.036725
1514,val,texture,0,0,0.26386,0.022754
1515,val,colour,1,1,0.000846,0.998801
1515,val,packing,0,0,0.000395,0.02212
1515,val,price,0,0,0.000483,0.004059
1515,val,shipping,0,0,0.000589,0.002253
1515,val,smell,0,0,0.000227,0.001607
1515,val,stayingpower,0,0,0.00578,0.079367
1515,val,texture,0,1,0.041913,0.663893
1516,val,colour,1,1,0.001919,0.997692
1516,val,packing,0,0,0.003029,0.013633
1516,val,price,0,0,0.002806,0.005388
1516,val,shipping,0,0,0.016161,0.011823
1516,val,smell,0,0,0.002316,0.00403
1516,val,stayingpower,1,1,0.006674,0.990353
1516,val,texture,0,0,0.006607,0.014746
1517,val,colour,0,0,0.026914,0.086952
1517,val,packing,0,0,0.008248,0.014065
1517,val,price,1,1,0.007661,0.989668
1517,val,shipping,0,0,0.105556,0.011903
1517,val,smell,2,2,0.988769,0.008028
1517,val,stayingpower,1,1,0.02076,0.951311
1517,val,texture,1,1,0.051895,0.922198
1518,val,colour,0,0,0.067238,0.103852
1518,val,packing,0,0,0.009879,0.023251
1518,val,price,0,0,0.010618,0.031288
1518,val,shipping,0,0,0.005519,0.005011
1518,val,smell,0,0,0.014136,0.016748
1518,val,stayingpower,0,0,0.004239,0.005063
1518,val,texture,2,2,0.998738,0.000655
1519,val,colour,0,0,0.002764,0.011341
1519,val,packing,0,0,0.000368,0.00286
1519,val,price,0,0,0.001211,0.006085
1519,val,shipping,0,0,0.001309,0.001531
1519,val,smell,0,0,0.000374,0.004356
1519,val,stayingpower,0,0,0.000886,0.003574
1519,val,texture,0,0,0.000862,0.00265
1520,val,colour,1,1,0.014269,0.984955
1520,val,packing,0,0,0.003213,0.027063
1520,val,price,0,0,0.001636,0.004523
1520,val,shipping,0,0,0.004441,0.002688
1520,val,smell,0,0,0.001345,0.003318
1520,val,stayingpower,1,1,0.006941,0.989611
1520,val,texture,0,0,0.038161,0.049674
1521,val,colour,0,0,0.036948,0.045475
1521,val,packing,1,1,0.021889,0.964338
1521,val,price,0,0,0.003691,0.004904
1521,val,shipping,2,2,0.998924,0.000703
1521,val,smell,0,0,0.006599,0.004603
1521,val,stayingpower,1,1,0.032299,0.90419
1521,val,texture,0,0,0.019134,0.019383
1522,val,colour,2,2,0.999083,0.000725
1522,val,packing,0,0,0.010858,0.005919
1522,val,price,0,0,0.00972,0.018257
1522,val,shipping,0,0,0.003398,0.001046
1522,val,smell,0,0,0.006693,0.001354
1522,val,stayingpower,0,0,0.020523,0.029109
1522,val,texture,0,0,0.12796,0.00875
1523,val,colour,1,1,0.000473,0.999124
1523,val,packing,0,0,0.000242,0.002063
1523,val,price,0,0,0.000729,0.002342
1523,val,shipping,0,0,0.002152,0.003035
1523,val,smell,0,0,0.000473,0.002041
1523,val,stayingpower,0,0,0.003574,0.011915
1523,val,texture,0,0,0.002523,0.002293
1524,val,colour,0,0,0.003083,0.003908
1524,val,packing,1,1,0.000822,0.997583
1524,val,price,0,0,0.001536,0.016183
1524,val,shipping,1,1,0.005513,0.993303
1524,val,smell,0,0,0.002841,0.008406
1524,val,stayingpower,0,0,0.002306,0.017559
1524,val,texture,0,0,0.001099,0.005004
1525,val,colour,0,0,0.004344,0.024032
1525,val,packing,0,0,0.003463,0.009271
1525,val,price,1,1,0.002635,0.996913
1525,val,shipping,2,2,0.999347,0.000451
1525,val,smell,0,0,0.002015,0.013407
1525,val,stayingpower,0,0,0.004407,0.016123
1525,val,texture,0,0,0.006234,0.008781
1526,val,colour,1,1,0.001547,0.995901
1526,val,packing,0,0,0.009987,0.077455
1526,val,price,0,0,0.008863,0.048322
1526,val,shipping,0,0,0.027536,0.029031
1526,val,smell,1,1,0.009201,0.987405
1526,val,stayingpower,0,0,0.015919,0.016364
1526,val,texture,1,2,0.52279,0.47517
1527,val,colour,0,0,0.001718,0.001241
1527,val,packing,1,1,0.000563,0.998654
1527,val,price,0,0,0.00232,0.020782
1527,val,shipping,0,0,0.025693,0.038947
1527,val,smell,0,0,0.001079,0.002779
1527,val,stayingpower,0,0,0.001344,0.01353
1527,val,texture,0,0,0.002493,0.005242
1528,val,colour,1,1,0.000952,0.998898
1528,val,packing,0,0,0.000286,0.0019
1528,val,price,0,0,0.000818,0.002524
1528,val,shipping,0,0,0.001981,0.002828
1528,val,smell,0,0,0.001103,0.00366
1528,val,stayingpower,0,0,0.004032,0.008763
1528,val,texture,0,0,0.004352,0.002893
1529,val,colour,0,0,0.018301,0.178432
1529,val,packing,0,0,0.032165,0.105731
1529,val,price,0,0,0.003671,0.007885
1529,val,shipping,0,0,0.042097,0.009127
1529,val,smell,1,1,0.003544,0.994776
1529,val,stayingpower,1,1,0.006198,0.99302
1529,val,texture,0,0,0.014387,0.180905
1530,val,colour,1,1,0.002667,0.990823
1530,val,packing,0,0,0.008348,0.075952
1530,val,price,1,1,0.010456,0.984287
1530,val,shipping,2,2,0.999288,0.000638
1530,val,smell,0,0,0.015336,0.052811
1530,val,stayingpower,0,0,0.02609,0.245258
1530,val,texture,0,1,0.010231,0.984114
1531,val,colour,1,1,0.000941,0.998881
1531,val,packing,1,1,0.003188,0.984729
1531,val,price,0,0,0.002875,0.015018
1531,val,shipping,0,0,0.007773,0.040412
1531,val,smell,1,1,0.005927,0.993668
1531,val,stayingpower,0,0,0.015658,0.029988
1531,val,texture,0,0,0.010884,0.045227
1532,val,colour,1,1,0.000933,0.998421
1532,val,packing,0,1,0.001393,0.99422
1532,val,price,0,0,0.005354,0.160217
1532,val,shipping,0,0,0.066452,0.063183
1532,val,smell,0,0,0.002608,0.005014
1532,val,stayingpower,1,1,0.009375,0.943551
1532,val,texture,0,0,0.017191,0.027147
1533,val,colour,1,1,0.002513,0.994517
1533,val,packing,0,0,0.002077,0.007032
1533,val,price,1,1,0.00327,0.992527
1533,val,shipping,0,0,0.030027,0.006039
1533,val,smell,0,0,0.003227,0.018183
1533,val,stayingpower,1,1,0.011638,0.986705
1533,val,texture,1,1,0.026187,0.965977
1534,val,colour,1,1,0.001839,0.996896
1534,val,packing,1,1,0.000773,0.997938
1534,val,price,0,0,0.001286,0.015044
1534,val,shipping,0,0,0.013101,0.027956
1534,val,smell,0,0,0.00485,0.013211
1534,val,stayingpower,0,0,0.009408,0.024636
1534,val,texture,0,0,0.006966,0.002939
