chỉ số,split,khía cạnh,nhãn đúng,nhãn đoán,p(mã âm),p(mã dương)
0,val,colour,1,1,0.041941,0.940573
0,val,packing,0,0,0.036856,0.078202
0,val,price,1,1,0.03251,0.938175
0,val,shipping,0,0,0.179856,0.116007
0,val,smell,0,0,0.06472,0.127368
0,val,stayingpower,2,2,0.982698,0.013274
0,val,texture,0,0,0.270016,0.334611
1,val,colour,0,0,0.071044,0.097993
1,val,packing,0,0,0.137387,0.06334
1,val,price,1,1,0.058991,0.883468
1,val,shipping,0,0,0.064502,0.051665
1,val,smell,0,0,0.060236,0.045289
1,val,stayingpower,0,0,0.128742,0.138862
1,val,texture,3,2,0.892178,0.097034
2,val,colour,1,1,0.02748,0.936164
2,val,packing,0,0,0.022399,0.075945
2,val,price,0,0,0.030753,0.069074
2,val,shipping,1,1,0.010357,0.979066
2,val,smell,0,0,0.022505,0.039081
2,val,stayingpower,0,0,0.059327,0.092584
2,val,texture,0,0,0.057684,0.109306
3,val,colour,1,1,0.006944,0.967302
3,val,packing,0,0,0.045715,0.092345
3,val,price,0,0,0.049907,0.081503
3,val,shipping,0,0,0.054923,0.066595
3,val,smell,0,0,0.027201,0.097655
3,val,stayingpower,1,1,0.0559,0.921347
3,val,texture,1,1,0.046072,0.848581
4,val,colour,1,1,0.016058,0.976541
4,val,packing,1,1,0.017244,0.954697
4,val,price,0,0,0.040002,0.078248
4,val,shipping,1,1,0.013055,0.967621
4,val,smell,0,0,0.034882,0.090581
4,val,stayingpower,0,0,0.067081,0.155383
4,val,texture,0,0,0.08541,0.453506
5,val,colour,1,1,0.042258,0.929606
5,val,packing,1,1,0.02047,0.956331
5,val,price,0,0,0.0527,0.087683
5,val,shipping,1,1,0.016938,0.969208
5,val,smell,1,1,0.042742,0.912142
5,val,stayingpower,0,0,0.060306,0.095622
5,val,texture,0,0,0.044981,0.144257
6,val,colour,0,0,0.042583,0.023904
6,val,packing,0,0,0.035851,0.017395
6,val,price,0,0,0.030499,0.035535
6,val,shipping,0,0,0.06728,0.034072
6,val,smell,0,0,0.033242,0.028033
6,val,stayingpower,0,0,0.03238,0.038301
6,val,texture,0,0,0.053903,0.045024
7,val,colour,0,0,0.023155,0.106867
7,val,packing,0,0,0.108961,0.093415
7,val,price,1,1,0.073013,0.845238
7,val,shipping,2,2,0.968061,0.022607
7,val,smell,0,0,0.049763,0.178194
7,val,stayingpower,1,1,0.19128,0.696652
7,val,texture,1,1,0.027794,0.921025
8,val,colour,0,0,0.03277,0.095936
8,val,packing,1,1,0.021613,0.962318
8,val,price,0,0,0.040082,0.044727
8,val,shipping,0,0,0.050749,0.315774
8,val,smell,0,0,0.03733,0.048042
8,val,stayingpower,0,0,0.027378,0.031198
8,val,texture,0,0,0.025084,0.036095
9,val,colour,0,0,0.03207,0.044604
9,val,packing,0,0,0.028109,0.035007
9,val,price,0,0,0.029956,0.038346
9,val,shipping,0,0,0.032147,0.037152
9,val,smell,0,0,0.032938,0.035824
9,val,stayingpower,0,0,0.027791,0.030269
9,val,texture,0,0,0.027428,0.03602
10,val,colour,1,1,0.044015,0.895113
10,val,packing,0,0,0.032895,0.09372
10,val,price,0,0,0.042177,0.052925
10,val,shipping,0,0,0.046932,0.07069
10,val,smell,1,1,0.024775,0.956682
10,val,stayingpower,0,0,0.021433,0.040622
10,val,texture,0,0,0.026031,0.09978
11,val,colour,1,1,0.020497,0.968408
11,val,packing,0,0,0.028747,0.048961
11,val,price,0,0,0.063145,0.11015
11,val,shipping,0,0,0.047199,0.059832
11,val,smell,1,1,0.023587,0.929841
11,val,stayingpower,0,0,0.050603,0.140062
11,val,texture,1,1,0.015583,0.950036
12,val,colour,1,1,0.024578,0.959966
12,val,packing,0,0,0.045842,0.137584
12,val,price,1,1,0.024523,0.953718
12,val,shipping,2,1,0.311504,0.626831
12,val,smell,1,1,0.078164,0.895635
12,val,stayingpower,0,0,0.080318,0.189103
12,val,texture,0,0,0.06175,0.195681
13,val,colour,1,1,0.047358,0.871913
13,val,packing,0,0,0.076086,0.088055
13,val,price,0,0,0.073569,0.125022
13,val,shipping,0,2,0.797223,0.037637
13,val,smell,3,2,0.956198,0.037806
13,val,stayingpower,0,0,0.107406,0.183898
13,val,texture,0,0,0.307136,0.183991
14,val,colour,1,1,0.033445,0.919062
14,val,packing,0,0,0.043656,0.0472
14,val,price,0,0,0.053345,0.081514
14,val,shipping,0,0,0.050162,0.039258
14,val,smell,0,0,0.019103,0.02657
14,val,stayingpower,0,0,0.148409,0.216347
14,val,texture,2,2,0.919587,0.062785
15,val,colour,1,1,0.008869,0.984285
15,val,packing,0,0,0.014673,0.053093
15,val,price,0,0,0.036692,0.073049
15,val,shipping,0,0,0.042673,0.075241
15,val,smell,0,0,0.022441,0.048069
15,val,stayingpower,0,0,0.042229,0.06645
15,val,texture,0,0,0.035561,0.065823
16,val,colour,0,0,0.037993,0.15348
16,val,packing,0,0,0.122245,0.088346
16,val,price,0,0,0.0411,0.049871
16,val,shipping,2,2,0.985195,0.006098
16,val,smell,0,0,0.047188,0.088098
16,val,stayingpower,0,0,0.067628,0.20519
16,val,texture,1,1,0.221627,0.721827
17,val,colour,1,1,0.011943,0.981914
17,val,packing,0,0,0.01359,0.040552
17,val,price,1,1,0.022232,0.953286
17,val,shipping,0,0,0.06799,0.06611
17,val,smell,0,0,0.025577,0.06647
17,val,stayingpower,0,0,0.051644,0.060427
17,val,texture,0,0,0.074588,0.08925
18,val,colour,0,0,0.043197,0.082848
18,val,packing,0,0,0.035927,0.084477
18,val,price,0,0,0.029264,0.05628
18,val,shipping,1,1,0.011776,0.976917
18,val,smell,0,0,0.026638,0.041397
18,val,stayingpower,0,0,0.04242,0.044833
18,val,texture,0,0,0.034374,0.046049
19,val,colour,0,0,0.252376,0.194201
19,val,packing,0,0,0.250107,0.070092
19,val,price,1,1,0.048763,0.935716
19,val,shipping,2,2,0.951795,0.016138
19,val,smell,0,0,0.177977,0.126874
19,val,stayingpower,0,0,0.348853,0.134246
19,val,texture,2,2,0.801432,0.180995
20,val,colour,0,0,0.016443,0.156877
20,val,packing,0,0,0.082241,0.088386
20,val,price,1,1,0.048527,0.905079
20,val,shipping,2,2,0.984738,0.008162
20,val,smell,0,0,0.040549,0.124925
20,val,stayingpower,1,1,0.190467,0.61462
20,val,texture,0,1,0.050598,0.652073
21,val,colour,0,0,0.012213,0.041933
21,val,packing,0,0,0.077306,0.060679
21,val,price,0,0,0.047917,0.037809
21,val,shipping,0,0,0.028795,0.031423
21,val,smell,0,0,0.02594,0.04559
21,val,stayingpower,0,1,0.105944,0.833202
21,val,texture,0,1,0.100567,0.698858
22,val,colour,0,0,0.064647,0.031253
22,val,packing,0,0,0.114225,0.054707
22,val,price,0,0,0.036549,0.044172
22,val,shipping,2,2,0.985499,0.008193
22,val,smell,0,0,0.04879,0.044847
22,val,stayingpower,0,0,0.04432,0.051319
22,val,texture,0,0,0.049181,0.044979
23,val,colour,1,1,0.009069,0.982035
23,val,packing,0,0,0.01397,0.050375
23,val,price,0,0,0.041416,0.083951
23,val,shipping,0,0,0.034149,0.055863
23,val,smell,0,0,0.0234,0.05257
23,val,stayingpower,0,0,0.03603,0.056704
23,val,texture,0,0,0.037802,0.066608
24,val,colour,1,1,0.045159,0.901137
24,val,packing,0,0,0.106545,0.124018
24,val,price,1,1,0.0991,0.811546
24,val,shipping,0,0,0.109312,0.100059
24,val,smell,1,2,0.669874,0.223395
24,val,stayingpower,0,0,0.31643,0.154355
24,val,texture,2,2,0.989216,0.006505
25,val,colour,0,1,0.023036,0.917128
25,val,packing,0,0,0.021508,0.035231
25,val,price,0,0,0.020792,0.025256
25,val,shipping,0,0,0.027148,0.049853
25,val,smell,0,0,0.017704,0.053309
25,val,stayingpower,0,0,0.034048,0.33512
25,val,texture,0,1,0.0371,0.836197
26,val,colour,0,0,0.024422,0.47956
26,val,packing,0,0,0.063717,0.096069
26,val,price,0,0,0.053212,0.073927
26,val,shipping,0,0,0.035712,0.042589
26,val,smell,0,0,0.024768,0.08781
26,val,stayingpower,1,1,0.052711,0.926214
26,val,texture,1,1,0.023261,0.947531
27,val,colour,1,1,0.015697,0.970026
27,val,packing,1,1,0.013614,0.968535
27,val,price,0,0,0.048258,0.097998
27,val,shipping,1,1,0.012856,0.9675
27,val,smell,0,0,0.032114,0.058461
27,val,stayingpower,0,0,0.068937,0.108825
27,val,texture,0,0,0.069548,0.154539
28,val,colour,0,1,0.233041,0.419866
28,val,packing,0,0,0.155469,0.088748
28,val,price,0,0,0.14698,0.215497
28,val,shipping,0,0,0.123398,0.06102
28,val,smell,1,2,0.80182,0.099793
28,val,stayingpower,0,2,0.455068,0.108011
28,val,texture,3,2,0.99536,0.00231
29,val,colour,0,0,0.043318,0.067137
29,val,packing,0,0,0.024742,0.041698
29,val,price,1,1,0.036407,0.842693
29,val,shipping,1,1,0.019291,0.960427
29,val,smell,0,0,0.028463,0.038444
29,val,stayingpower,0,0,0.040033,0.03604
29,val,texture,0,0,0.025215,0.033916
30,val,colour,1,1,0.027694,0.955494
30,val,packing,1,1,0.013132,0.970307
30,val,price,0,0,0.044323,0.081034
30,val,shipping,1,1,0.014733,0.96955
30,val,smell,0,0,0.038914,0.059597
30,val,stayingpower,0,0,0.060752,0.070215
30,val,texture,0,0,0.053233,0.088518
31,val,colour,0,0,0.054044,0.085718
31,val,packing,0,0,0.044843,0.086193
31,val,price,0,0,0.02909,0.057183
31,val,shipping,1,1,0.01493,0.98002
31,val,smell,0,0,0.028318,0.049371
31,val,stayingpower,0,0,0.0565,0.055731
31,val,texture,0,0,0.045043,0.059982
32,val,colour,1,1,0.020848,0.942926
32,val,packing,0,0,0.04119,0.052456
32,val,price,0,0,0.05605,0.06805
32,val,shipping,0,0,0.0481,0.077281
32,val,smell,1,1,0.019384,0.942551
32,val,stayingpower,0,0,0.056104,0.261697
32,val,texture,1,1,0.015954,0.970863
33,val,colour,0,0,0.029848,0.029664
33,val,packing,0,0,0.030775,0.037882
33,val,price,0,0,0.02936,0.035407
33,val,shipping,0,0,0.043865,0.076802
33,val,smell,0,0,0.03033,0.030402
33,val,stayingpower,0,0,0.028264,0.030789
33,val,texture,0,0,0.025451,0.02948
34,val,colour,0,0,0.044358,0.086564
34,val,packing,1,1,0.016717,0.978398
34,val,price,0,0,0.045937,0.058319
34,val,shipping,1,1,0.016546,0.975515
34,val,smell,0,0,0.047274,0.063843
34,val,stayingpower,0,0,0.051677,0.077378
34,val,texture,0,0,0.051957,0.115922
35,val,colour,0,1,0.025934,0.948849
35,val,packing,0,0,0.045227,0.146419
35,val,price,1,1,0.038131,0.911654
35,val,shipping,2,2,0.981036,0.01452
35,val,smell,0,0,0.037947,0.069971
35,val,stayingpower,0,0,0.070112,0.085251
35,val,texture,0,0,0.057652,0.081269
36,val,colour,3,2,0.817613,0.165396
36,val,packing,0,0,0.053946,0.049539
36,val,price,0,0,0.067472,0.072889
36,val,shipping,0,0,0.044155,0.04079
36,val,smell,0,0,0.144545,0.085516
36,val,stayingpower,0,0,0.346631,0.106854
36,val,texture,2,2,0.981814,0.01111
37,val,colour,0,1,0.044936,0.89256
37,val,packing,1,1,0.176897,0.769257
37,val,price,1,1,0.086703,0.835011
37,val,shipping,2,2,0.993176,0.004335
37,val,smell,0,0,0.078727,0.150008
37,val,stayingpower,0,0,0.154215,0.164888
37,val,texture,0,0,0.343765,0.236496
38,val,colour,0,0,0.036164,0.103688
38,val,packing,0,0,0.046187,0.053026
38,val,price,0,0,0.034037,0.032313
38,val,shipping,0,0,0.045233,0.069751
38,val,smell,1,1,0.048506,0.915889
38,val,stayingpower,0,0,0.019648,0.058224
38,val,texture,0,0,0.026342,0.100503
39,val,colour,0,0,0.029943,0.04031
39,val,packing,0,0,0.029755,0.042495
39,val,price,0,0,0.03165,0.042682
39,val,shipping,0,0,0.033882,0.06586
39,val,smell,0,0,0.030336,0.033256
39,val,stayingpower,0,0,0.028906,0.033179
39,val,texture,0,0,0.020155,0.024114
40,val,colour,3,2,0.449071,0.334294
40,val,packing,0,0,0.062876,0.130658
40,val,price,0,0,0.032887,0.02337
40,val,shipping,1,1,0.023521,0.93953
40,val,smell,1,1,0.037317,0.938661
40,val,stayingpower,0,0,0.045414,0.081768
40,val,texture,0,0,0.042563,0.113851
41,val,colour,0,0,0.057337,0.168592
41,val,packing,0,0,0.072456,0.045552
41,val,price,1,1,0.028532,0.957022
41,val,shipping,0,0,0.054449,0.067389
41,val,smell,1,1,0.072276,0.84621
41,val,stayingpower,0,0,0.078587,0.2639
41,val,texture,1,1,0.011395,0.972312
42,val,colour,1,1,0.008408,0.985171
42,val,packing,0,0,0.021509,0.057739
42,val,price,0,0,0.047968,0.11215
42,val,shipping,0,0,0.055168,0.070044
42,val,smell,0,0,0.022203,0.096086
42,val,stayingpower,0,0,0.046374,0.139864
42,val,texture,1,1,0.033183,0.927966
43,val,colour,1,1,0.028511,0.967252
43,val,packing,0,0,0.02018,0.022129
43,val,price,0,0,0.063896,0.155341
43,val,shipping,0,0,0.199134,0.055021
43,val,smell,0,0,0.035978,0.039353
43,val,stayingpower,0,0,0.220245,0.214853
43,val,texture,0,2,0.893216,0.054821
44,val,colour,1,1,0.03303,0.955635
44,val,packing,0,0,0.041832,0.064986
44,val,price,0,0,0.063339,0.126869
44,val,shipping,0,0,0.058055,0.052353
44,val,smell,0,0,0.032411,0.035453
44,val,stayingpower,0,0,0.143404,0.162662
44,val,texture,0,2,0.946771,0.036222
45,val,colour,2,2,0.604012,0.331857
45,val,packing,0,0,0.071404,0.088616
45,val,price,0,0,0.082149,0.178877
45,val,shipping,0,0,0.071029,0.090292
45,val,smell,0,0,0.057832,0.098869
45,val,stayingpower,2,2,0.990324,0.008177
45,val,texture,1,1,0.208671,0.62619
46,val,colour,1,1,0.015941,0.97213
46,val,packing,0,0,0.032187,0.114092
46,val,price,0,0,0.044794,0.069032
46,val,shipping,0,0,0.058517,0.093645
46,val,smell,1,1,0.021093,0.955985
46,val,stayingpower,0,0,0.029702,0.064014
46,val,texture,0,0,0.033043,0.180318
47,val,colour,0,0,0.056651,0.104008
47,val,packing,1,1,0.036266,0.952367
47,val,price,1,1,0.0318,0.945062
47,val,shipping,0,0,0.235131,0.369945
47,val,smell,0,0,0.049758,0.070943
47,val,stayingpower,0,0,0.034592,0.028894
47,val,texture,0,0,0.032144,0.04437
48,val,colour,0,0,0.041238,0.080437
48,val,packing,0,0,0.034786,0.08919
48,val,price,1,1,0.014936,0.968331
48,val,shipping,3,1,0.03658,0.904945
48,val,smell,0,0,0.031027,0.041503
48,val,stayingpower,0,0,0.035713,0.036622
48,val,texture,0,0,0.026237,0.040919
49,val,colour,1,1,0.022454,0.965177
49,val,packing,1,1,0.014594,0.95909
49,val,price,0,0,0.042798,0.08063
49,val,shipping,1,1,0.016614,0.967661
49,val,smell,0,0,0.043406,0.078556
49,val,stayingpower,0,0,0.057123,0.061975
49,val,texture,0,0,0.043861,0.065181
50,val,colour,0,0,0.059461,0.139104
50,val,packing,1,1,0.017061,0.973354
50,val,price,0,0,0.050816,0.098067
50,val,shipping,1,1,0.007869,0.986344
50,val,smell,0,0,0.042501,0.045784
50,val,stayingpower,0,0,0.045852,0.048043
50,val,texture,0,0,0.041335,0.061973
51,val,colour,1,1,0.011454,0.973967
51,val,packing,0,0,0.013731,0.04207
51,val,price,1,1,0.024677,0.940996
51,val,shipping,0,0,0.065142,0.084949
51,val,smell,0,0,0.022123,0.046049
51,val,stayingpower,0,0,0.03756,0.046699
51,val,texture,0,0,0.044383,0.051641
52,val,colour,0,0,0.040889,0.063791
52,val,packing,0,0,0.023293,0.022432
52,val,price,0,0,0.027283,0.031636
52,val,shipping,0,0,0.039015,0.035023
52,val,smell,0,0,0.03129,0.031552
52,val,stayingpower,0,0,0.029511,0.033849
52,val,texture,0,0,0.030212,0.040918
53,val,colour,0,0,0.051181,0.10314
53,val,packing,1,1,0.017227,0.97513
53,val,price,0,0,0.043738,0.059596
53,val,shipping,1,1,0.011695,0.974768
53,val,smell,0,0,0.045483,0.050525
53,val,stayingpower,0,0,0.044683,0.047608
53,val,texture,0,0,0.03466,0.048358
54,val,colour,0,0,0.046415,0.22178
54,val,packing,1,1,0.05089,0.924707
54,val,price,0,0,0.091385,0.102951
54,val,shipping,0,0,0.037356,0.143479
54,val,smell,1,1,0.029927,0.934042
54,val,stayingpower,0,0,0.023511,0.07988
54,val,texture,1,1,0.021027,0.902328
55,val,colour,0,0,0.064101,0.107333
55,val,packing,1,1,0.028363,0.952851
55,val,price,1,1,0.026143,0.943984
55,val,shipping,1,1,0.017774,0.968046
55,val,smell,0,0,0.050269,0.056709
55,val,stayingpower,0,0,0.044382,0.040754
55,val,texture,0,0,0.040709,0.06033
56,val,colour,1,1,0.202527,0.744141
56,val,packing,0,0,0.089277,0.086634
56,val,price,1,1,0.034685,0.954546
56,val,shipping,0,0,0.093676,0.059473
56,val,smell,1,1,0.313376,0.597007
56,val,stayingpower,0,2,0.597644,0.184155
56,val,texture,1,2,0.845732,0.146931
57,val,colour,0,0,0.048747,0.074603
57,val,packing,0,0,0.033766,0.060807
57,val,price,0,0,0.029509,0.056544
57,val,shipping,1,1,0.014399,0.972958
57,val,smell,0,0,0.026146,0.038093
57,val,stayingpower,0,0,0.043922,0.046777
57,val,texture,0,0,0.035227,0.045068
58,val,colour,1,1,0.048643,0.945587
58,val,packing,0,0,0.016159,0.03914
58,val,price,0,0,0.034879,0.072291
58,val,shipping,0,0,0.04423,0.043762
58,val,smell,0,0,0.027966,0.058005
58,val,stayingpower,0,0,0.042519,0.04666
58,val,texture,0,0,0.046307,0.059612
59,val,colour,1,1,0.037999,0.86193
59,val,packing,0,0,0.079238,0.221452
59,val,price,0,0,0.052079,0.050006
59,val,shipping,0,1,0.053882,0.871327
59,val,smell,1,1,0.034638,0.952144
59,val,stayingpower,1,1,0.089144,0.848519
59,val,texture,0,1,0.048355,0.49129
60,val,colour,0,0,0.032335,0.31365
60,val,packing,0,0,0.02669,0.09155
60,val,price,0,0,0.024139,0.028133
60,val,shipping,0,0,0.019932,0.04528
60,val,smell,0,0,0.018612,0.031181
60,val,stayingpower,0,0,0.016033,0.028042
60,val,texture,0,0,0.047861,0.162397
61,val,colour,0,0,0.033248,0.02495
61,val,packing,0,0,0.030699,0.026633
61,val,price,1,1,0.033021,0.922652
61,val,shipping,0,0,0.045132,0.063358
61,val,smell,0,0,0.035267,0.04497
61,val,stayingpower,0,0,0.032934,0.035328
61,val,texture,0,0,0.030637,0.042654
62,val,colour,0,0,0.012451,0.053335
62,val,packing,0,0,0.033745,0.065137
62,val,price,0,0,0.031417,0.048431
62,val,shipping,0,0,0.040669,0.132687
62,val,smell,0,0,0.026637,0.077788
62,val,stayingpower,0,0,0.016325,0.042301
62,val,texture,1,1,0.035282,0.687827
63,val,colour,0,0,0.04501,0.031381
63,val,packing,0,0,0.035481,0.030612
63,val,price,0,0,0.030791,0.037314
63,val,shipping,0,0,0.035849,0.042855
63,val,smell,0,0,0.033034,0.030976
63,val,stayingpower,0,0,0.028486,0.03044
63,val,texture,0,0,0.028832,0.030499
64,val,colour,0,1,0.19709,0.419697
64,val,packing,0,0,0.100851,0.074387
64,val,price,1,1,0.033154,0.953702
64,val,shipping,0,0,0.027101,0.039223
64,val,smell,1,1,0.056384,0.917875
64,val,stayingpower,0,0,0.081385,0.135345
64,val,texture,1,1,0.0673,0.905013
65,val,colour,0,0,0.04015,0.053036
65,val,packing,0,0,0.025657,0.024297
65,val,price,1,1,0.025127,0.949269
65,val,shipping,0,0,0.048305,0.050818
65,val,smell,0,0,0.035878,0.047094
65,val,stayingpower,0,0,0.029708,0.034395
65,val,texture,0,0,0.031498,0.042279
66,val,colour,0,0,0.048584,0.103986
66,val,packing,1,1,0.022708,0.964786
66,val,price,1,1,0.02818,0.941557
66,val,shipping,1,1,0.02843,0.898128
66,val,smell,0,0,0.048206,0.062988
66,val,stayingpower,0,0,0.036403,0.041874
66,val,texture,0,0,0.02971,0.041717
67,val,colour,1,1,0.013252,0.926994
67,val,packing,0,0,0.068684,0.114696
67,val,price,0,0,0.063517,0.077858
67,val,shipping,0,0,0.066081,0.111747
67,val,smell,1,1,0.042995,0.920109
67,val,stayingpower,1,1,0.042813,0.940352
67,val,texture,0,1,0.055905,0.703041
68,val,colour,0,0,0.074952,0.087267
68,val,packing,0,0,0.048057,0.115905
68,val,price,1,1,0.015436,0.965768
68,val,shipping,1,1,0.020771,0.958923
68,val,smell,0,0,0.031124,0.037054
68,val,stayingpower,0,0,0.053338,0.038866
68,val,texture,0,0,0.033673,0.048797
69,val,colour,1,1,0.016589,0.969042
69,val,packing,0,0,0.029586,0.082456
69,val,price,0,0,0.044548,0.06155
69,val,shipping,0,0,0.058775,0.078166
69,val,smell,1,1,0.02475,0.951164
69,val,stayingpower,0,0,0.036936,0.074995
69,val,texture,0,0,0.032515,0.137911
70,val,colour,0,0,0.055446,0.221007
70,val,packing,1,1,0.039315,0.943607
70,val,price,0,0,0.054923,0.057328
70,val,shipping,3,2,0.971142,0.02218
70,val,smell,0,0,0.047415,0.095701
70,val,stayingpower,0,0,0.038353,0.05745
70,val,texture,0,0,0.02951,0.076274
71,val,colour,0,0,0.017027,0.166916
71,val,packing,0,0,0.060563,0.064262
71,val,price,0,0,0.058213,0.066979
71,val,shipping,0,0,0.039416,0.0367
71,val,smell,0,0,0.030358,0.095183
71,val,stayingpower,1,1,0.075496,0.905571
71,val,texture,3,1,0.044446,0.88978
72,val,colour,0,0,0.010179,0.028447
72,val,packing,0,0,0.082531,0.117426
72,val,price,0,0,0.05651,0.188604
72,val,shipping,0,0,0.069945,0.019053
72,val,smell,0,0,0.039094,0.118441
72,val,stayingpower,0,0,0.019376,0.124751
72,val,texture,1,1,0.049338,0.882664
73,val,colour,1,1,0.007747,0.981842
73,val,packing,1,1,0.030189,0.925482
73,val,price,0,0,0.044327,0.048561
73,val,shipping,0,0,0.067297,0.230584
73,val,smell,0,0,0.036205,0.087239
73,val,stayingpower,1,1,0.182335,0.694769
73,val,texture,0,0,0.105266,0.263141
74,val,colour,1,1,0.019284,0.965949
74,val,packing,0,0,0.026033,0.064136
74,val,price,0,0,0.045783,0.059658
74,val,shipping,0,0,0.065763,0.094642
74,val,smell,1,1,0.020557,0.962673
74,val,stayingpower,0,0,0.035443,0.074564
74,val,texture,0,0,0.039963,0.229221
75,val,colour,0,0,0.053274,0.248783
75,val,packing,0,0,0.11856,0.112727
75,val,price,0,0,0.079564,0.126712
75,val,shipping,2,2,0.978219,0.014367
75,val,smell,1,1,0.048014,0.921393
75,val,stayingpower,1,1,0.142854,0.751718
75,val,texture,1,1,0.012599,0.956449
76,val,colour,1,1,0.028436,0.926294
76,val,packing,0,0,0.063012,0.093467
76,val,price,0,0,0.08139,0.215591
76,val,shipping,0,0,0.088363,0.081882
76,val,smell,2,2,0.929137,0.066857
76,val,stayingpower,1,1,0.287808,0.490091
76,val,texture,0,1,0.16358,0.557933
77,val,colour,1,1,0.01095,0.97936
77,val,packing,1,1,0.02882,0.886646
77,val,price,0,0,0.04693,0.064506
77,val,shipping,0,0,0.04598,0.124837
77,val,smell,0,0,0.027269,0.126874
77,val,stayingpower,0,0,0.052943,0.148493
77,val,texture,1,1,0.028997,0.91073
78,val,colour,0,0,0.020603,0.120571
78,val,packing,0,0,0.043847,0.051409
78,val,price,0,0,0.036625,0.064683
78,val,shipping,0,0,0.050273,0.082036
78,val,smell,0,0,0.030769,0.095
78,val,stayingpower,0,0,0.026828,0.117204
78,val,texture,1,1,0.017104,0.955483
79,val,colour,1,1,0.037571,0.930225
79,val,packing,0,0,0.080608,0.092109
79,val,price,0,0,0.104981,0.209701
79,val,shipping,2,2,0.936013,0.031063
79,val,smell,3,2,0.891776,0.099551
79,val,stayingpower,0,0,0.234049,0.182216
79,val,texture,0,2,0.785766,0.099199
80,val,colour,1,1,0.022826,0.956059
80,val,packing,0,0,0.04999,0.057784
80,val,price,0,0,0.059778,0.094936
80,val,shipping,0,0,0.120781,0.059221
80,val,smell,0,0,0.136095,0.103746
80,val,stayingpower,0,0,0.210971,0.168445
80,val,texture,2,2,0.978294,0.014054
81,val,colour,1,1,0.024814,0.937468
81,val,packing,0,0,0.024171,0.039817
81,val,price,0,0,0.043276,0.099278
81,val,shipping,0,0,0.044404,0.06003
81,val,smell,0,0,0.026298,0.123201
81,val,stayingpower,0,0,0.055696,0.162224
81,val,texture,1,1,0.01391,0.975469
82,val,colour,0,0,0.047514,0.07142
82,val,packing,0,0,0.057146,0.048311
82,val,price,0,0,0.033973,0.05563
82,val,shipping,0,0,0.032299,0.031686
82,val,smell,0,0,0.036133,0.07559
82,val,stayingpower,0,0,0.032447,0.100042
82,val,texture,1,1,0.041575,0.922527
83,val,colour,1,1,0.015948,0.974221
83,val,packing,0,0,0.020622,0.038289
83,val,price,0,0,0.042646,0.09243
83,val,shipping,0,0,0.050604,0.073481
83,val,smell,0,0,0.022484,0.09932
83,val,stayingpower,0,0,0.073638,0.171213
83,val,texture,1,1,0.021875,0.958449
84,val,colour,0,0,0.049618,0.005822
84,val,packing,0,0,0.44073,0.056103
84,val,price,0,0,0.067589,0.056548
84,val,shipping,0,2,0.75092,0.069877
84,val,smell,0,0,0.062533,0.037153
84,val,stayingpower,0,0,0.036846,0.063183
84,val,texture,0,0,0.151298,0.038722
85,val,colour,0,0,0.041835,0.099154
85,val,packing,0,0,0.024228,0.031553
85,val,price,1,1,0.015827,0.972168
85,val,shipping,0,0,0.048188,0.086945
85,val,smell,0,0,0.025762,0.040761
85,val,stayingpower,0,0,0.02927,0.040208
85,val,texture,0,0,0.035938,0.071058
86,val,colour,0,0,0.036655,0.128601
86,val,packing,0,0,0.039205,0.037954
86,val,price,0,0,0.022214,0.021081
86,val,shipping,0,0,0.02171,0.022478
86,val,smell,0,0,0.025268,0.039256
86,val,stayingpower,0,0,0.030779,0.080265
86,val,texture,1,1,0.142949,0.694872
87,val,colour,1,1,0.012523,0.977821
87,val,packing,0,0,0.026069,0.091828
87,val,price,0,0,0.048076,0.091685
87,val,shipping,2,2,0.985585,0.008007
87,val,smell,0,0,0.038059,0.096417
87,val,stayingpower,0,0,0.065257,0.112307
87,val,texture,0,0,0.091836,0.135175
88,val,colour,3,2,0.932292,0.034975
88,val,packing,0,0,0.067695,0.045125
88,val,price,0,0,0.030904,0.037997
88,val,shipping,0,0,0.050292,0.07342
88,val,smell,0,0,0.053309,0.133306
88,val,stayingpower,0,0,0.108429,0.207172
88,val,texture,1,1,0.042945,0.889643
89,val,colour,1,1,0.192364,0.727433
89,val,packing,0,0,0.079053,0.34059
89,val,price,1,1,0.019404,0.951411
89,val,shipping,1,1,0.011249,0.980466
89,val,smell,0,0,0.032672,0.078704
89,val,stayingpower,0,0,0.11429,0.133359
89,val,texture,1,1,0.069954,0.832701
90,val,colour,0,1,0.255318,0.438426
90,val,packing,1,1,0.16908,0.780438
90,val,price,0,0,0.116653,0.153053
90,val,shipping,1,1,0.069063,0.887208
90,val,smell,0,0,0.178648,0.14163
90,val,stayingpower,2,2,0.957867,0.026763
90,val,texture,2,2,0.946263,0.029843
91,val,colour,1,1,0.024024,0.947333
91,val,packing,0,0,0.027505,0.038965
91,val,price,0,1,0.083309,0.580725
91,val,shipping,0,0,0.053985,0.073983
91,val,smell,1,1,0.019716,0.955102
91,val,stayingpower,0,0,0.037385,0.095229
91,val,texture,1,1,0.01613,0.945328
92,val,colour,1,1,0.054234,0.81072
92,val,packing,0,0,0.03314,0.040075
92,val,price,1,1,0.019001,0.969485
92,val,shipping,0,0,0.068006,0.101353
92,val,smell,1,1,0.033307,0.942044
92,val,stayingpower,0,0,0.030717,0.08526
92,val,texture,0,0,0.050443,0.218833
93,val,colour,1,1,0.050858,0.90801
93,val,packing,1,1,0.074245,0.817335
93,val,price,0,0,0.112139,0.209959
93,val,shipping,0,0,0.172624,0.368655
93,val,smell,1,1,0.122577,0.805114
93,val,stayingpower,2,2,0.978691,0.017846
93,val,texture,0,1,0.274018,0.406153
94,val,colour,1,1,0.012306,0.974529
94,val,packing,0,0,0.017891,0.070304
94,val,price,0,0,0.036979,0.110973
94,val,shipping,1,1,0.016492,0.956796
94,val,smell,0,0,0.024514,0.057055
94,val,stayingpower,0,0,0.053703,0.080275
94,val,texture,0,0,0.041861,0.072048
95,val,colour,0,1,0.101469,0.731608
95,val,packing,0,0,0.038876,0.09275
95,val,price,0,0,0.048162,0.067079
95,val,shipping,1,1,0.025048,0.951148
95,val,smell,1,1,0.026146,0.958744
95,val,stayingpower,0,0,0.050757,0.108637
95,val,texture,0,0,0.047131,0.159486
96,val,colour,0,0,0.032382,0.100883
96,val,packing,0,0,0.0193,0.024102
96,val,price,0,0,0.025347,0.027313
96,val,shipping,0,0,0.030009,0.033248
96,val,smell,0,0,0.029101,0.039456
96,val,stayingpower,0,0,0.025273,0.03536
96,val,texture,0,0,0.033605,0.06831
97,val,colour,0,0,0.012397,0.060213
97,val,packing,0,0,0.064712,0.05949
97,val,price,0,0,0.058431,0.073832
97,val,shipping,0,0,0.03841,0.039706
97,val,smell,0,0,0.03191,0.090192
97,val,stayingpower,3,1,0.050083,0.905699
97,val,texture,3,1,0.03151,0.907188
98,val,colour,1,1,0.015127,0.974968
98,val,packing,0,0,0.025636,0.051966
98,val,price,1,1,0.022671,0.956214
98,val,shipping,0,0,0.06031,0.092958
98,val,smell,0,0,0.03347,0.173223
98,val,stayingpower,0,0,0.096937,0.174785
98,val,texture,1,1,0.03196,0.938962
99,val,colour,1,1,0.015279,0.976666
99,val,packing,0,0,0.036224,0.073527
99,val,price,0,0,0.055467,0.134198
99,val,shipping,0,0,0.040988,0.04681
99,val,smell,0,0,0.041299,0.106562
99,val,stayingpower,0,0,0.122738,0.22766
99,val,texture,1,2,0.553044,0.432231
100,val,colour,0,0,0.037643,0.032935
100,val,packing,0,0,0.034615,0.021569
100,val,price,0,0,0.024858,0.02765
100,val,shipping,0,0,0.138424,0.043849
100,val,smell,0,0,0.033377,0.030624
100,val,stayingpower,0,0,0.025766,0.030207
100,val,texture,0,0,0.045002,0.033152
101,val,colour,0,0,0.031866,0.113233
101,val,packing,0,0,0.019035,0.029807
101,val,price,0,0,0.026464,0.032551
101,val,shipping,0,0,0.028985,0.047089
101,val,smell,0,0,0.028679,0.040696
101,val,stayingpower,0,0,0.023578,0.030147
101,val,texture,0,0,0.027157,0.04805
102,val,colour,3,2,0.915931,0.065367
102,val,packing,0,0,0.237734,0.168882
102,val,price,1,1,0.053281,0.927451
102,val,shipping,2,2,0.663822,0.248157
102,val,smell,0,0,0.333154,0.137576
102,val,stayingpower,0,2,0.730104,0.082003
102,val,texture,2,2,0.960461,0.025392
103,val,colour,1,1,0.010549,0.983098
103,val,packing,0,0,0.014435,0.045464
103,val,price,0,0,0.034148,0.056702
103,val,shipping,0,0,0.04376,0.053973
103,val,smell,1,0,0.026174,0.06821
103,val,stayingpower,0,0,0.046287,0.060659
103,val,texture,0,0,0.040036,0.069896
104,val,colour,1,1,0.027532,0.950457
104,val,packing,0,0,0.025814,0.050489
104,val,price,0,0,0.048152,0.06352
104,val,shipping,0,0,0.058422,0.08991
104,val,smell,1,1,0.019913,0.969774
104,val,stayingpower,0,0,0.034625,0.074758
104,val,texture,0,0,0.044779,0.333482
105,val,colour,0,0,0.009641,0.014545
105,val,packing,0,0,0.094155,0.136392
105,val,price,0,0,0.036863,0.043334
105,val,shipping,0,0,0.029603,0.019579
105,val,smell,0,0,0.022986,0.0253
105,val,stayingpower,0,0,0.039823,0.113901
105,val,texture,0,0,0.095244,0.225609
106,val,colour,0,0,0.033599,0.067374
106,val,packing,0,0,0.02123,0.022419
106,val,price,0,0,0.027983,0.032231
106,val,shipping,0,0,0.030653,0.032633
106,val,smell,0,0,0.030958,0.036987
106,val,stayingpower,0,0,0.028421,0.036607
106,val,texture,0,0,0.033992,0.050353
107,val,colour,2,2,0.991138,0.005763
107,val,packing,0,0,0.142143,0.087912
107,val,price,0,0,0.083795,0.138253
107,val,shipping,0,0,0.099204,0.119919
107,val,smell,0,0,0.122047,0.072619
107,val,stayingpower,2,2,0.921522,0.039944
107,val,texture,0,2,0.499852,0.177921
108,val,colour,1,1,0.011807,0.980135
108,val,packing,0,0,0.020318,0.080288
108,val,price,0,0,0.039683,0.114984
108,val,shipping,1,1,0.01581,0.964901
108,val,smell,0,0,0.027234,0.060067
108,val,stayingpower,0,0,0.067098,0.102989
108,val,texture,0,0,0.051893,0.096322
109,val,colour,0,0,0.031202,0.028225
109,val,packing,0,0,0.038154,0.032736
109,val,price,0,0,0.025586,0.02421
109,val,shipping,0,0,0.054101,0.03987
109,val,smell,0,0,0.039947,0.047049
109,val,stayingpower,0,0,0.027354,0.039198
109,val,texture,0,0,0.03124,0.037622
110,val,colour,0,0,0.020843,0.055209
110,val,packing,1,1,0.026101,0.957621
110,val,price,0,0,0.058357,0.075908
110,val,shipping,0,0,0.032963,0.091091
110,val,smell,0,0,0.038317,0.05257
110,val,stayingpower,0,0,0.031526,0.052253
110,val,texture,0,0,0.04103,0.104402
111,val,colour,1,1,0.014063,0.976502
111,val,packing,0,0,0.019483,0.034654
111,val,price,0,0,0.04405,0.082267
111,val,shipping,0,0,0.035706,0.045872
111,val,smell,0,0,0.030133,0.153298
111,val,stayingpower,1,0,0.075831,0.181712
111,val,texture,1,1,0.024324,0.948659
112,val,colour,3,1,0.164052,0.72059
112,val,packing,0,0,0.066078,0.153535
112,val,price,1,1,0.050392,0.881276
112,val,shipping,0,0,0.112347,0.155273
112,val,smell,2,2,0.979532,0.014114
112,val,stayingpower,2,2,0.929899,0.033235
112,val,texture,0,2,0.567465,0.185594
113,val,colour,0,0,0.041993,0.03271
113,val,packing,0,0,0.098185,0.053793
113,val,price,1,1,0.026521,0.953987
113,val,shipping,0,2,0.89162,0.06484
113,val,smell,0,0,0.038117,0.04881
113,val,stayingpower,0,0,0.031604,0.035001
113,val,texture,0,0,0.035445,0.036747
114,val,colour,1,1,0.01045,0.979916
114,val,packing,0,0,0.023366,0.127294
114,val,price,0,0,0.038265,0.117439
114,val,shipping,1,1,0.013562,0.969281
114,val,smell,0,0,0.027741,0.059513
114,val,stayingpower,0,0,0.056678,0.091799
114,val,texture,0,0,0.046438,0.088195
115,val,colour,1,1,0.027675,0.686866
115,val,packing,0,0,0.096461,0.100448
115,val,price,1,1,0.05586,0.901777
115,val,shipping,0,0,0.069944,0.084443
115,val,smell,1,1,0.046248,0.908448
115,val,stayingpower,1,1,0.094425,0.869098
115,val,texture,1,1,0.012759,0.976002
116,val,colour,1,1,0.039722,0.935669
116,val,packing,0,0,0.033848,0.082217
116,val,price,1,1,0.054875,0.849153
116,val,shipping,0,0,0.109835,0.107126
116,val,smell,0,0,0.061092,0.132358
116,val,stayingpower,2,2,0.985715,0.011652
116,val,texture,0,0,0.232281,0.357101
117,val,colour,1,1,0.045969,0.924231
117,val,packing,1,1,0.166183,0.664731
117,val,price,1,1,0.110283,0.775903
117,val,shipping,0,0,0.269192,0.244232
117,val,smell,0,0,0.126182,0.131049
117,val,stayingpower,2,2,0.905637,0.051752
117,val,texture,2,2,0.981565,0.014226
118,val,colour,0,0,0.056118,0.091174
118,val,packing,1,1,0.015943,0.979642
118,val,price,0,0,0.046613,0.05784
118,val,shipping,1,1,0.016226,0.971825
118,val,smell,0,0,0.049855,0.056149
118,val,stayingpower,0,0,0.04937,0.056437
118,val,texture,0,0,0.045575,0.072205
119,val,colour,0,0,0.024229,0.108299
119,val,packing,0,1,0.124024,0.85488
119,val,price,0,0,0.122596,0.168652
119,val,shipping,2,2,0.930973,0.060111
119,val,smell,0,0,0.060967,0.140251
119,val,stayingpower,1,1,0.174386,0.763726
119,val,texture,1,1,0.062655,0.844236
120,val,colour,1,1,0.483362,0.502318
120,val,packing,0,0,0.052099,0.044861
120,val,price,0,0,0.043368,0.090186
120,val,shipping,0,0,0.458055,0.067455
120,val,smell,0,0,0.037851,0.086312
120,val,stayingpower,0,0,0.2001,0.238703
120,val,texture,1,1,0.261686,0.72041
121,val,colour,0,0,0.022504,0.049887
121,val,packing,0,0,0.023732,0.028926
121,val,price,0,0,0.027327,0.033067
121,val,shipping,0,0,0.029501,0.041448
121,val,smell,0,0,0.032457,0.045509
121,val,stayingpower,0,0,0.031806,0.05802
121,val,texture,0,0,0.026681,0.055679
122,val,colour,3,2,0.969392,0.021877
122,val,packing,0,0,0.154603,0.179949
122,val,price,0,0,0.121775,0.206674
122,val,shipping,0,0,0.070236,0.142966
122,val,smell,0,0,0.114679,0.060211
122,val,stayingpower,2,2,0.979193,0.012946
122,val,texture,2,2,0.825224,0.084905
123,val,colour,0,0,0.025206,0.180122
123,val,packing,0,0,0.070924,0.106139
123,val,price,0,0,0.04046,0.08131
123,val,shipping,1,1,0.051084,0.867719
123,val,smell,0,0,0.0315,0.144264
123,val,stayingpower,1,1,0.051609,0.896944
123,val,texture,1,1,0.011181,0.965469
124,val,colour,1,1,0.129098,0.841422
124,val,packing,0,0,0.16143,0.135878
124,val,price,0,0,0.112281,0.24138
124,val,shipping,3,2,0.973368,0.016295
124,val,smell,0,0,0.14173,0.074833
124,val,stayingpower,2,2,0.550637,0.104918
124,val,texture,2,2,0.980482,0.009277
125,val,colour,1,1,0.007525,0.98738
125,val,packing,0,0,0.020247,0.113743
125,val,price,0,0,0.037039,0.075301
125,val,shipping,0,0,0.065536,0.189936
125,val,smell,0,0,0.025006,0.063624
125,val,stayingpower,0,0,0.034248,0.048479
125,val,texture,0,0,0.026932,0.035124
126,val,colour,1,1,0.016165,0.972055
126,val,packing,0,0,0.022985,0.055524
126,val,price,1,1,0.022738,0.948931
126,val,shipping,0,0,0.054009,0.097078
126,val,smell,0,0,0.024652,0.109147
126,val,stayingpower,0,0,0.069443,0.129046
126,val,texture,1,1,0.03343,0.929711
127,val,colour,1,2,0.876105,0.11197
127,val,packing,0,0,0.094185,0.107048
127,val,price,0,0,0.055923,0.095337
127,val,shipping,2,2,0.979113,0.011569
127,val,smell,0,0,0.088052,0.078212
127,val,stayingpower,0,0,0.076256,0.062823
127,val,texture,0,0,0.130146,0.072791
128,val,colour,1,1,0.006864,0.988111
128,val,packing,0,0,0.013749,0.047895
128,val,price,0,0,0.042251,0.084833
128,val,shipping,0,0,0.046539,0.060475
128,val,smell,0,0,0.023582,0.070654
128,val,stayingpower,0,0,0.038019,0.059912
128,val,texture,0,0,0.046117,0.108715
129,val,colour,1,1,0.013023,0.97548
129,val,packing,0,0,0.021041,0.092908
129,val,price,0,0,0.04099,0.158998
129,val,shipping,1,1,0.013929,0.972969
129,val,smell,0,0,0.027436,0.061012
129,val,stayingpower,0,0,0.057844,0.085122
129,val,texture,0,0,0.048286,0.080748
130,val,colour,0,0,0.017075,0.114547
130,val,packing,0,0,0.047092,0.077969
130,val,price,0,0,0.03439,0.053065
130,val,shipping,0,0,0.030759,0.02706
130,val,smell,0,0,0.020626,0.041244
130,val,stayingpower,0,0,0.02594,0.102719
130,val,texture,1,1,0.073111,0.853597
131,val,colour,2,2,0.97604,0.016906
131,val,packing,0,0,0.226185,0.098315
131,val,price,0,0,0.071053,0.112228
131,val,shipping,2,2,0.976254,0.015268
131,val,smell,0,0,0.180303,0.058929
131,val,stayingpower,0,0,0.200461,0.082465
131,val,texture,0,2,0.511884,0.067112
132,val,colour,1,1,0.031726,0.942671
132,val,packing,0,0,0.042987,0.118919
132,val,price,0,0,0.050262,0.05062
132,val,shipping,3,2,0.905314,0.076345
132,val,smell,1,1,0.037052,0.94706
132,val,stayingpower,0,0,0.055561,0.132781
132,val,texture,0,0,0.058913,0.294396
133,val,colour,0,0,0.054332,0.114035
133,val,packing,0,0,0.038529,0.115868
133,val,price,0,0,0.035047,0.095824
133,val,shipping,1,1,0.008379,0.985237
133,val,smell,0,0,0.026652,0.037318
133,val,stayingpower,0,0,0.041743,0.040388
133,val,texture,0,0,0.033994,0.04463
134,val,colour,1,1,0.013105,0.968656
134,val,packing,0,0,0.016168,0.05406
134,val,price,0,0,0.034235,0.059258
134,val,shipping,0,0,0.037156,0.054039
134,val,smell,0,0,0.02261,0.044319
134,val,stayingpower,0,0,0.037445,0.046417
134,val,texture,0,0,0.030865,0.037106
135,val,colour,1,1,0.057201,0.868314
135,val,packing,0,0,0.059617,0.195463
135,val,price,0,0,0.034878,0.08892
135,val,shipping,1,1,0.035666,0.948688
135,val,smell,0,0,0.031151,0.133009
135,val,stayingpower,0,0,0.064404,0.163228
135,val,texture,1,1,0.016964,0.96072
136,val,colour,0,0,0.050938,0.069936
136,val,packing,0,0,0.036256,0.083508
136,val,price,1,1,0.024344,0.924947
136,val,shipping,1,1,0.015827,0.966709
136,val,smell,0,0,0.030478,0.037936
136,val,stayingpower,0,0,0.046312,0.038538
136,val,texture,0,0,0.031161,0.040385
137,val,colour,0,0,0.024777,0.218621
137,val,packing,0,0,0.034434,0.064967
137,val,price,0,0,0.038825,0.074497
137,val,shipping,0,0,0.037386,0.065898
137,val,smell,0,0,0.027609,0.086295
137,val,stayingpower,0,0,0.022957,0.105383
137,val,texture,1,1,0.012896,0.952012
138,val,colour,0,0,0.010074,0.121795
138,val,packing,0,0,0.083892,0.115714
138,val,price,0,0,0.049278,0.074884
138,val,shipping,3,1,0.236778,0.420508
138,val,smell,0,0,0.028535,0.132516
138,val,stayingpower,1,1,0.028365,0.949571
138,val,texture,1,1,0.017098,0.934705
139,val,colour,3,2,0.891458,0.098898
139,val,packing,0,0,0.199999,0.176522
139,val,price,1,1,0.051631,0.927341
139,val,shipping,2,2,0.940662,0.035451
139,val,smell,0,0,0.266057,0.176038
139,val,stayingpower,1,2,0.560317,0.200257
139,val,texture,2,2,0.744987,0.164958
140,val,colour,0,1,0.086455,0.707131
140,val,packing,0,0,0.037212,0.047593
140,val,price,0,0,0.0774,0.181549
140,val,shipping,0,0,0.057173,0.106204
140,val,smell,0,0,0.030359,0.131091
140,val,stayingpower,3,2,0.967224,0.030063
140,val,texture,1,1,0.062146,0.871331
141,val,colour,1,1,0.010759,0.974582
141,val,packing,0,0,0.034482,0.104062
141,val,price,0,0,0.043265,0.109117
141,val,shipping,1,1,0.020919,0.9297
141,val,smell,0,0,0.030423,0.099208
141,val,stayingpower,1,1,0.08947,0.832115
141,val,texture,0,0,0.056134,0.464384
142,val,colour,1,1,0.025984,0.946084
142,val,packing,0,0,0.023487,0.100892
142,val,price,1,1,0.019504,0.946757
142,val,shipping,1,1,0.014928,0.966752
142,val,smell,0,0,0.025255,0.047685
142,val,stayingpower,0,0,0.060711,0.060744
142,val,texture,0,0,0.0564,0.103473
143,val,colour,1,1,0.062252,0.906453
143,val,packing,1,1,0.027239,0.951511
143,val,price,0,0,0.0498,0.082873
143,val,shipping,1,1,0.024801,0.95669
143,val,smell,0,0,0.041434,0.171547
143,val,stayingpower,0,0,0.091596,0.215445
143,val,texture,1,1,0.030028,0.939294
144,val,colour,3,1,0.300686,0.61646
144,val,packing,0,0,0.178073,0.12797
144,val,price,1,1,0.092827,0.843659
144,val,shipping,2,2,0.953718,0.023794
144,val,smell,0,0,0.246894,0.082182
144,val,stayingpower,1,2,0.64519,0.121325
144,val,texture,2,2,0.981615,0.01368
145,val,colour,1,1,0.111561,0.801885
145,val,packing,0,0,0.13585,0.110544
145,val,price,1,1,0.100251,0.798862
145,val,shipping,2,2,0.937877,0.024883
145,val,smell,2,2,0.981065,0.009982
145,val,stayingpower,0,0,0.31805,0.152243
145,val,texture,2,2,0.895772,0.042901
146,val,colour,1,1,0.02638,0.94506
146,val,packing,0,0,0.039859,0.07129
146,val,price,0,0,0.092662,0.222314
146,val,shipping,0,0,0.061047,0.083445
146,val,smell,1,1,0.066762,0.868071
146,val,stayingpower,2,2,0.969703,0.025373
146,val,texture,0,1,0.295114,0.56567
147,val,colour,0,0,0.03666,0.051805
147,val,packing,0,0,0.073961,0.03856
147,val,price,1,1,0.045895,0.894309
147,val,shipping,2,2,0.977994,0.004485
147,val,smell,0,0,0.042013,0.053186
147,val,stayingpower,0,0,0.032511,0.045489
147,val,texture,0,0,0.061741,0.071316
148,val,colour,1,1,0.009945,0.983633
148,val,packing,0,0,0.014552,0.045258
148,val,price,1,1,0.025884,0.939615
148,val,shipping,0,0,0.056141,0.068468
148,val,smell,0,0,0.022128,0.056443
148,val,stayingpower,0,0,0.054594,0.060651
148,val,texture,0,0,0.065526,0.07537
149,val,colour,0,0,0.118287,0.009444
149,val,packing,2,2,0.911298,0.076048
149,val,price,0,0,0.163669,0.137634
149,val,shipping,1,2,0.576399,0.384818
149,val,smell,0,0,0.206444,0.10238
149,val,stayingpower,0,0,0.173167,0.149189
149,val,texture,0,0,0.284706,0.082345
150,val,colour,1,1,0.014296,0.975569
150,val,packing,0,0,0.017267,0.064298
150,val,price,0,0,0.034139,0.084155
150,val,shipping,1,1,0.025465,0.945094
150,val,smell,0,0,0.026635,0.059082
150,val,stayingpower,0,0,0.055235,0.071899
150,val,texture,0,0,0.043864,0.057266
151,val,colour,0,0,0.036598,0.094064
151,val,packing,0,0,0.025664,0.044711
151,val,price,0,0,0.039977,0.145007
151,val,shipping,1,1,0.009996,0.980686
151,val,smell,0,0,0.026947,0.05134
151,val,stayingpower,0,0,0.045614,0.056678
151,val,texture,0,0,0.037092,0.077644
152,val,colour,0,0,0.064889,0.168041
152,val,packing,0,0,0.057234,0.086992
152,val,price,0,0,0.046731,0.078067
152,val,shipping,2,2,0.993343,0.004384
152,val,smell,0,0,0.03991,0.062352
152,val,stayingpower,0,0,0.036537,0.059924
152,val,texture,0,0,0.030977,0.060874
153,val,colour,0,0,0.036023,0.046945
153,val,packing,0,0,0.026748,0.02734
153,val,price,0,0,0.027515,0.031837
153,val,shipping,0,0,0.031744,0.034158
153,val,smell,0,0,0.032709,0.034318
153,val,stayingpower,0,0,0.031089,0.037291
153,val,texture,0,0,0.030746,0.040933
154,val,colour,2,2,0.981796,0.009653
154,val,packing,0,0,0.122581,0.069697
154,val,price,1,1,0.053483,0.886823
154,val,shipping,0,0,0.083977,0.074804
154,val,smell,0,0,0.148647,0.092667
154,val,stayingpower,0,0,0.086587,0.055664
154,val,texture,0,0,0.143458,0.051303
155,val,colour,0,0,0.040594,0.035395
155,val,packing,0,0,0.03724,0.032506
155,val,price,0,0,0.022772,0.021774
155,val,shipping,0,0,0.042554,0.071292
155,val,smell,0,0,0.025085,0.024876
155,val,stayingpower,0,0,0.034678,0.047714
155,val,texture,0,0,0.043747,0.042302
156,val,colour,0,1,0.114488,0.544512
156,val,packing,0,0,0.125687,0.110311
156,val,price,1,1,0.094507,0.799552
156,val,shipping,0,0,0.072135,0.097403
156,val,smell,2,2,0.989004,0.009075
156,val,stayingpower,0,0,0.17706,0.247664
156,val,texture,1,1,0.185613,0.558917
157,val,colour,1,1,0.008306,0.987697
157,val,packing,0,0,0.01389,0.040738
157,val,price,0,0,0.039437,0.076988
157,val,shipping,0,0,0.036391,0.04715
157,val,smell,1,0,0.033184,0.113617
157,val,stayingpower,0,0,0.049309,0.082486
157,val,texture,0,0,0.04656,0.108701
158,val,colour,0,0,0.022024,0.081264
158,val,packing,0,0,0.044098,0.035584
158,val,price,0,0,0.036184,0.05622
158,val,shipping,0,0,0.031996,0.032696
158,val,smell,0,0,0.039369,0.126432
158,val,stayingpower,0,0,0.038858,0.175957
158,val,texture,1,1,0.021409,0.953067
159,val,colour,0,0,0.025252,0.235275
159,val,packing,1,1,0.042523,0.943845
159,val,price,0,0,0.071549,0.04679
159,val,shipping,0,0,0.045784,0.24755
159,val,smell,0,0,0.063564,0.149645
159,val,stayingpower,1,1,0.088426,0.871063
159,val,texture,1,1,0.105408,0.587705
160,val,colour,1,1,0.127767,0.793288
160,val,packing,0,0,0.059058,0.129229
160,val,price,0,0,0.090589,0.377859
160,val,shipping,0,0,0.120076,0.102985
160,val,smell,2,2,0.969326,0.022421
160,val,stayingpower,2,2,0.967839,0.019077
160,val,texture,0,2,0.646177,0.217551
161,val,colour,0,0,0.035397,0.177159
161,val,packing,0,0,0.036954,0.141586
161,val,price,0,0,0.02865,0.057727
161,val,shipping,1,1,0.013732,0.975249
161,val,smell,0,0,0.021746,0.034929
161,val,stayingpower,0,0,0.034339,0.048693
161,val,texture,0,0,0.029023,0.042094
162,val,colour,3,2,0.597078,0.336926
162,val,packing,0,0,0.023994,0.017163
162,val,price,0,0,0.028178,0.037236
162,val,shipping,0,0,0.041547,0.018612
162,val,smell,0,0,0.043086,0.040584
162,val,stayingpower,0,0,0.03085,0.023764
162,val,texture,0,0,0.145018,0.033978
163,val,colour,1,1,0.021646,0.952984
163,val,packing,0,0,0.021592,0.052964
163,val,price,0,0,0.037659,0.079997
163,val,shipping,0,0,0.043653,0.050933
163,val,smell,0,0,0.01934,0.067591
163,val,stayingpower,0,0,0.038232,0.115419
163,val,texture,0,1,0.026757,0.943544
164,val,colour,0,0,0.045338,0.091721
164,val,packing,0,0,0.0236,0.028594
164,val,price,1,1,0.017334,0.969153
164,val,shipping,0,0,0.045415,0.0628
164,val,smell,0,0,0.030542,0.045408
164,val,stayingpower,0,0,0.033426,0.038726
164,val,texture,0,0,0.032361,0.05816
165,val,colour,2,2,0.986739,0.009312
165,val,packing,0,0,0.087169,0.05852
165,val,price,0,0,0.066015,0.132369
165,val,shipping,0,0,0.069478,0.062754
165,val,smell,0,0,0.089859,0.052915
165,val,stayingpower,0,0,0.08916,0.059761
165,val,texture,0,0,0.106607,0.047923
166,val,colour,0,0,0.03063,0.077207
166,val,packing,0,0,0.021697,0.029024
166,val,price,0,0,0.027362,0.031816
166,val,shipping,0,0,0.026921,0.034405
166,val,smell,0,0,0.027813,0.034758
166,val,stayingpower,0,0,0.025161,0.037824
166,val,texture,0,0,0.031985,0.068016
167,val,colour,0,0,0.021077,0.018447
167,val,packing,0,0,0.057953,0.039215
167,val,price,0,0,0.032788,0.035162
167,val,shipping,0,0,0.0598,0.0434
167,val,smell,0,0,0.028487,0.023533
167,val,stayingpower,0,0,0.054804,0.100707
167,val,texture,0,0,0.05509,0.051826
168,val,colour,1,1,0.010305,0.983116
168,val,packing,0,0,0.023319,0.11411
168,val,price,0,0,0.037921,0.106107
168,val,shipping,1,1,0.018366,0.964242
168,val,smell,0,0,0.030353,0.076663
168,val,stayingpower,0,0,0.054855,0.095778
168,val,texture,0,0,0.054132,0.101292
169,val,colour,1,1,0.009607,0.96709
169,val,packing,0,0,0.02731,0.038893
169,val,price,0,0,0.047427,0.084798
169,val,shipping,0,0,0.051358,0.063542
169,val,smell,0,0,0.025305,0.084071
169,val,stayingpower,1,1,0.08209,0.884344
169,val,texture,1,1,0.031482,0.895097
170,val,colour,0,0,0.064734,0.135731
170,val,packing,1,1,0.014486,0.979133
170,val,price,0,0,0.050346,0.082358
170,val,shipping,1,1,0.013237,0.977408
170,val,smell,0,0,0.047675,0.052313
170,val,stayingpower,0,0,0.044759,0.041036
170,val,texture,0,0,0.034694,0.044943
171,val,colour,1,1,0.006849,0.987896
171,val,packing,0,0,0.015198,0.05584
171,val,price,0,0,0.039538,0.077312
171,val,shipping,0,0,0.040758,0.049533
171,val,smell,0,0,0.030386,0.105595
171,val,stayingpower,0,0,0.040988,0.072234
171,val,texture,0,0,0.03768,0.090667
172,val,colour,1,1,0.024927,0.965843
172,val,packing,0,0,0.039962,0.107503
172,val,price,0,0,0.083331,0.362202
172,val,shipping,2,2,0.970244,0.010981
172,val,smell,0,0,0.06858,0.120069
172,val,stayingpower,2,2,0.935942,0.051109
172,val,texture,0,0,0.257821,0.358392
173,val,colour,0,0,0.024002,0.171503
173,val,packing,0,0,0.100862,0.104949
173,val,price,0,0,0.064746,0.063827
173,val,shipping,0,0,0.049974,0.145504
173,val,smell,1,1,0.049727,0.934203
173,val,stayingpower,0,1,0.055742,0.912693
173,val,texture,0,1,0.040417,0.540252
174,val,colour,0,0,0.034371,0.127925
174,val,packing,1,1,0.017786,0.970989
174,val,price,0,0,0.048334,0.068918
174,val,shipping,0,0,0.059427,0.154257
174,val,smell,0,0,0.040227,0.059278
174,val,stayingpower,0,0,0.028008,0.031866
174,val,texture,0,0,0.029178,0.052002
175,val,colour,0,0,0.077782,0.06738
175,val,packing,0,0,0.03257,0.036415
175,val,price,1,1,0.017102,0.972195
175,val,shipping,0,0,0.061738,0.089244
175,val,smell,0,0,0.031967,0.040101
175,val,stayingpower,0,0,0.038964,0.032498
175,val,texture,0,0,0.034673,0.03873
176,val,colour,1,1,0.06652,0.707411
176,val,packing,1,1,0.0626,0.897412
176,val,price,1,1,0.08505,0.76644
176,val,shipping,1,1,0.018704,0.964463
176,val,smell,1,1,0.048841,0.928946
176,val,stayingpower,1,1,0.093355,0.837322
176,val,texture,0,1,0.05449,0.655819
177,val,colour,1,1,0.015886,0.940227
177,val,packing,0,0,0.032451,0.037827
177,val,price,0,0,0.054484,0.096877
177,val,shipping,0,0,0.046265,0.045084
177,val,smell,0,0,0.027508,0.094406
177,val,stayingpower,0,1,0.095314,0.879009
177,val,texture,1,1,0.027767,0.943109
178,val,colour,0,0,0.066196,0.187801
178,val,packing,1,1,0.056554,0.910875
178,val,price,1,1,0.021689,0.960188
178,val,shipping,1,1,0.022717,0.960798
178,val,smell,0,0,0.052947,0.115437
178,val,stayingpower,0,0,0.076053,0.117704
178,val,texture,1,1,0.064346,0.817932
179,val,colour,3,1,0.05544,0.87867
179,val,packing,1,1,0.015179,0.967311
179,val,price,0,0,0.036804,0.047873
179,val,shipping,0,0,0.046781,0.145363
179,val,smell,0,0,0.027781,0.044623
179,val,stayingpower,0,0,0.036293,0.036629
179,val,texture,0,0,0.041561,0.060019
180,val,colour,1,1,0.010593,0.983003
180,val,packing,0,0,0.015154,0.043986
180,val,price,1,1,0.020782,0.958402
180,val,shipping,0,0,0.076809,0.072323
180,val,smell,0,0,0.021305,0.050307
180,val,stayingpower,0,0,0.061346,0.075473
180,val,texture,0,0,0.082402,0.096192
181,val,colour,0,0,0.035656,0.058419
181,val,packing,0,0,0.024155,0.025443
181,val,price,0,0,0.028062,0.029786
181,val,shipping,0,0,0.032838,0.034461
181,val,smell,0,0,0.031093,0.032061
181,val,stayingpower,0,0,0.029735,0.03488
181,val,texture,0,0,0.034226,0.045596
182,val,colour,1,1,0.018669,0.969534
182,val,packing,0,0,0.0201,0.079835
182,val,price,0,0,0.034973,0.08752
182,val,shipping,1,1,0.018226,0.9633
182,val,smell,0,0,0.027477,0.071292
182,val,stayingpower,0,0,0.047162,0.056613
182,val,texture,0,0,0.051719,0.080422
183,val,colour,0,0,0.048648,0.276977
183,val,packing,0,0,0.077233,0.074474
183,val,price,0,0,0.072999,0.092214
183,val,shipping,0,0,0.051696,0.071702
183,val,smell,1,1,0.019021,0.96612
183,val,stayingpower,0,0,0.035363,0.173894
183,val,texture,1,1,0.009909,0.973179
184,val,colour,0,0,0.030592,0.056894
184,val,packing,0,0,0.023998,0.032402
184,val,price,0,0,0.026849,0.03221
184,val,shipping,0,0,0.031307,0.043459
184,val,smell,0,0,0.030408,0.03534
184,val,stayingpower,0,0,0.027209,0.032631
184,val,texture,0,0,0.0295,0.047384
185,val,colour,0,0,0.06319,0.351906
185,val,packing,0,1,0.05073,0.933085
185,val,price,0,0,0.087756,0.088733
185,val,shipping,1,1,0.036446,0.91055
185,val,smell,1,1,0.05788,0.924814
185,val,stayingpower,1,1,0.087783,0.83088
185,val,texture,0,0,0.065378,0.396988
186,val,colour,1,1,0.030969,0.960379
186,val,packing,0,0,0.105457,0.195531
186,val,price,0,0,0.104943,0.23986
186,val,shipping,2,2,0.964676,0.023233
186,val,smell,1,1,0.288676,0.615017
186,val,stayingpower,0,0,0.221747,0.141113
186,val,texture,2,2,0.889988,0.075224
187,val,colour,0,0,0.027813,0.030713
187,val,packing,0,0,0.034555,0.03739
187,val,price,0,0,0.025467,0.027094
187,val,shipping,0,0,0.034342,0.047412
187,val,smell,0,0,0.033744,0.036814
187,val,stayingpower,0,0,0.034058,0.049453
187,val,texture,0,0,0.029979,0.037804
188,val,colour,1,1,0.007417,0.983447
188,val,packing,1,1,0.041904,0.895572
188,val,price,0,0,0.046841,0.041354
188,val,shipping,0,0,0.058895,0.144028
188,val,smell,0,0,0.039508,0.125674
188,val,stayingpower,1,1,0.120547,0.800885
188,val,texture,0,1,0.108741,0.610802
189,val,colour,1,1,0.056944,0.837972
189,val,packing,0,0,0.084481,0.100896
189,val,price,0,0,0.086797,0.258281
189,val,shipping,0,0,0.10649,0.112579
189,val,smell,2,2,0.99012,0.007228
189,val,stayingpower,1,1,0.233741,0.395498
189,val,texture,0,1,0.346365,0.374305
190,val,colour,1,1,0.007169,0.989876
190,val,packing,0,0,0.015405,0.041995
190,val,price,0,0,0.034059,0.055727
190,val,shipping,0,0,0.035794,0.049441
190,val,smell,0,0,0.022447,0.057342
190,val,stayingpower,0,0,0.077299,0.197464
190,val,texture,0,0,0.081008,0.283565
191,val,colour,2,2,0.935253,0.049223
191,val,packing,0,0,0.157123,0.271299
191,val,price,0,0,0.0593,0.056544
191,val,shipping,1,1,0.030133,0.918167
191,val,smell,1,1,0.061503,0.913871
191,val,stayingpower,0,0,0.160763,0.230045
191,val,texture,1,1,0.048909,0.878563
192,val,colour,1,1,0.009867,0.985143
192,val,packing,0,0,0.02308,0.151495
192,val,price,0,0,0.038628,0.093369
192,val,shipping,1,1,0.043366,0.863043
192,val,smell,0,0,0.023958,0.052575
192,val,stayingpower,0,0,0.034846,0.049314
192,val,texture,0,0,0.034326,0.039785
193,val,colour,1,1,0.025598,0.964778
193,val,packing,0,0,0.015505,0.055085
193,val,price,0,0,0.034886,0.062547
193,val,shipping,0,0,0.030935,0.050869
193,val,smell,0,0,0.020552,0.043617
193,val,stayingpower,0,0,0.043413,0.045482
193,val,texture,0,0,0.040597,0.070182
194,val,colour,1,1,0.256587,0.739212
194,val,packing,0,0,0.016824,0.024281
194,val,price,0,0,0.043641,0.105911
194,val,shipping,0,0,0.038563,0.034618
194,val,smell,0,0,0.042903,0.07436
194,val,stayingpower,0,0,0.057776,0.05681
194,val,texture,0,0,0.128049,0.097993
195,val,colour,0,0,0.063712,0.128823
195,val,packing,0,0,0.057218,0.077617
195,val,price,0,0,0.039387,0.058422
195,val,shipping,2,2,0.990835,0.005674
195,val,smell,0,0,0.036525,0.055511
195,val,stayingpower,0,0,0.033012,0.055418
195,val,texture,0,0,0.031148,0.051924
196,val,colour,1,1,0.012099,0.972635
196,val,packing,0,0,0.011172,0.027423
196,val,price,0,0,0.03541,0.068303
196,val,shipping,0,0,0.0332,0.060348
196,val,smell,0,0,0.019701,0.038483
196,val,stayingpower,0,0,0.043783,0.065628
196,val,texture,0,0,0.035973,0.066684
197,val,colour,0,0,0.043687,0.191896
197,val,packing,0,0,0.016798,0.022245
197,val,price,0,0,0.032803,0.067049
197,val,shipping,0,0,0.016716,0.028097
197,val,smell,0,0,0.021504,0.035969
197,val,stayingpower,0,0,0.017238,0.028606
197,val,texture,0,0,0.072031,0.229637
198,val,colour,1,1,0.074155,0.901356
198,val,packing,0,0,0.049365,0.053639
198,val,price,0,0,0.045486,0.085896
198,val,shipping,0,0,0.025277,0.051133
198,val,smell,0,0,0.072521,0.094383
198,val,stayingpower,3,2,0.59429,0.353388
198,val,texture,1,2,0.913511,0.066394
199,val,colour,0,0,0.049237,0.115269
199,val,packing,1,1,0.013854,0.979218
199,val,price,0,0,0.044906,0.065494
199,val,shipping,1,1,0.013357,0.967908
199,val,smell,0,0,0.046252,0.06311
199,val,stayingpower,0,0,0.037345,0.040554
199,val,texture,0,0,0.031887,0.047033
200,val,colour,0,0,0.062125,0.075721
200,val,packing,0,0,0.048082,0.117091
200,val,price,1,1,0.014204,0.970467
200,val,shipping,1,1,0.026351,0.949116
200,val,smell,0,0,0.029214,0.034181
200,val,stayingpower,0,0,0.063669,0.044913
200,val,texture,0,0,0.034574,0.061169
201,val,colour,1,1,0.04937,0.922544
201,val,packing,1,1,0.014699,0.967132
201,val,price,0,0,0.042052,0.068189
201,val,shipping,1,1,0.015889,0.971141
201,val,smell,0,0,0.044079,0.053717
201,val,stayingpower,0,0,0.060449,0.059584
201,val,texture,0,0,0.038572,0.044917
202,val,colour,0,0,0.043548,0.092654
202,val,packing,1,1,0.03676,0.948449
202,val,price,1,1,0.039673,0.913614
202,val,shipping,0,0,0.073548,0.134718
202,val,smell,0,0,0.042479,0.051492
202,val,stayingpower,0,0,0.035558,0.036225
202,val,texture,0,0,0.053877,0.05495
203,val,colour,2,2,0.9714,0.01905
203,val,packing,0,0,0.09927,0.094609
203,val,price,0,0,0.05408,0.102651
203,val,shipping,0,0,0.023322,0.070325
203,val,smell,0,0,0.059472,0.140214
203,val,stayingpower,0,0,0.084366,0.11414
203,val,texture,1,1,0.084257,0.795145
204,val,colour,0,0,0.062127,0.069409
204,val,packing,0,0,0.061074,0.05396
204,val,price,1,1,0.013135,0.979302
204,val,shipping,1,1,0.288065,0.683528
204,val,smell,0,0,0.035291,0.048471
204,val,stayingpower,0,0,0.07539,0.048486
204,val,texture,0,0,0.042049,0.058277
205,val,colour,1,1,0.014548,0.969603
205,val,packing,1,1,0.014902,0.958342
205,val,price,0,0,0.046674,0.081256
205,val,shipping,0,0,0.070587,0.243302
205,val,smell,0,0,0.033693,0.066524
205,val,stayingpower,0,0,0.046145,0.050757
205,val,texture,0,0,0.033705,0.049619
206,val,colour,1,0,0.092537,0.034872
206,val,packing,0,0,0.124189,0.11713
206,val,price,0,0,0.029913,0.025136
206,val,shipping,0,0,0.046917,0.021143
206,val,smell,0,0,0.029859,0.030979
206,val,stayingpower,0,0,0.015244,0.041475
206,val,texture,0,0,0.132794,0.121738
207,val,colour,0,0,0.041308,0.046633
207,val,packing,1,1,0.022075,0.974855
207,val,price,0,0,0.054727,0.089386
207,val,shipping,1,1,0.047355,0.886394
207,val,smell,0,0,0.041087,0.039954
207,val,stayingpower,0,0,0.038811,0.043307
207,val,texture,0,0,0.051682,0.069809
208,val,colour,1,1,0.044932,0.929961
208,val,packing,0,0,0.014032,0.024714
208,val,price,0,0,0.02168,0.022817
208,val,shipping,0,0,0.028474,0.033929
208,val,smell,0,0,0.030526,0.060437
208,val,stayingpower,0,0,0.074716,0.122342
208,val,texture,0,0,0.030944,0.054169
209,val,colour,1,1,0.016584,0.966103
209,val,packing,0,0,0.027818,0.085187
209,val,price,0,0,0.037721,0.046745
209,val,shipping,0,0,0.046218,0.068084
209,val,smell,1,1,0.025948,0.931181
209,val,stayingpower,0,0,0.029959,0.053997
209,val,texture,0,0,0.032426,0.129541
210,val,colour,1,1,0.017161,0.925956
210,val,packing,0,0,0.078823,0.169911
210,val,price,1,1,0.041775,0.913105
210,val,shipping,2,2,0.97866,0.013585
210,val,smell,0,0,0.0409,0.183086
210,val,stayingpower,0,0,0.121427,0.379516
210,val,texture,1,1,0.030859,0.948768
211,val,colour,0,0,0.041842,0.04632
211,val,packing,0,0,0.028045,0.03068
211,val,price,0,0,0.025803,0.032724
211,val,shipping,0,0,0.05797,0.087158
211,val,smell,0,0,0.027934,0.028121
211,val,stayingpower,0,0,0.02726,0.030225
211,val,texture,0,0,0.023445,0.02148
212,val,colour,1,1,0.071665,0.877952
212,val,packing,1,1,0.023818,0.96094
212,val,price,0,0,0.061676,0.121889
212,val,shipping,1,1,0.023711,0.962394
212,val,smell,0,0,0.039722,0.107294
212,val,stayingpower,0,0,0.11543,0.23307
212,val,texture,0,1,0.039075,0.928685
213,val,colour,1,1,0.009853,0.979771
213,val,packing,1,1,0.087226,0.764692
213,val,price,0,0,0.074519,0.147083
213,val,shipping,0,0,0.070127,0.143981
213,val,smell,0,0,0.083011,0.127477
213,val,stayingpower,1,1,0.276324,0.363419
213,val,texture,2,2,0.92473,0.050284
214,val,colour,1,1,0.006263,0.964708
214,val,packing,0,0,0.04473,0.11559
214,val,price,1,1,0.048812,0.888078
214,val,shipping,0,0,0.048619,0.048148
214,val,smell,0,0,0.026714,0.091642
214,val,stayingpower,3,1,0.069488,0.882597
214,val,texture,1,1,0.060833,0.866321
215,val,colour,1,1,0.022645,0.962049
215,val,packing,0,0,0.017003,0.035338
215,val,price,0,0,0.035319,0.065579
215,val,shipping,0,0,0.030294,0.06158
215,val,smell,0,0,0.020864,0.077111
215,val,stayingpower,0,0,0.045801,0.088219
215,val,texture,1,1,0.027282,0.9198
216,val,colour,0,0,0.042685,0.022368
216,val,packing,0,0,0.073314,0.090348
216,val,price,0,0,0.018867,0.014521
216,val,shipping,0,0,0.052256,0.136687
216,val,smell,0,0,0.028092,0.026504
216,val,stayingpower,0,0,0.031904,0.032783
216,val,texture,0,0,0.038855,0.030398
217,val,colour,0,0,0.020659,0.060681
217,val,packing,0,0,0.050168,0.07303
217,val,price,0,0,0.028335,0.03188
217,val,shipping,0,0,0.033441,0.041591
217,val,smell,0,0,0.023575,0.046017
217,val,stayingpower,0,0,0.033533,0.118821
217,val,texture,1,1,0.050791,0.873296
218,val,colour,0,0,0.042794,0.027186
218,val,packing,0,0,0.034552,0.026778
218,val,price,0,0,0.030971,0.03487
218,val,shipping,0,0,0.038006,0.04179
218,val,smell,0,0,0.035835,0.032568
218,val,stayingpower,0,0,0.033702,0.03669
218,val,texture,0,0,0.028855,0.029658
219,val,colour,1,1,0.007552,0.988499
219,val,packing,0,0,0.015308,0.054353
219,val,price,0,0,0.042943,0.091498
219,val,shipping,0,0,0.059887,0.115389
219,val,smell,0,0,0.024102,0.056032
219,val,stayingpower,0,0,0.047604,0.060486
219,val,texture,0,0,0.03892,0.05253
220,val,colour,0,0,0.034048,0.05503
220,val,packing,0,0,0.025353,0.032638
220,val,price,0,0,0.027826,0.03584
220,val,shipping,0,0,0.032889,0.048043
220,val,smell,0,0,0.033545,0.039576
220,val,stayingpower,0,0,0.026018,0.029527
220,val,texture,0,0,0.025769,0.03288
221,val,colour,0,0,0.02269,0.006928
221,val,packing,0,0,0.139846,0.07245
221,val,price,0,0,0.033767,0.037766
221,val,shipping,2,2,0.749803,0.11619
221,val,smell,0,0,0.025962,0.020216
221,val,stayingpower,0,0,0.038977,0.04069
221,val,texture,0,0,0.037411,0.029365
222,val,colour,2,1,0.061651,0.932629
222,val,packing,0,0,0.011599,0.017699
222,val,price,0,0,0.041203,0.08705
222,val,shipping,0,0,0.03341,0.026378
222,val,smell,0,0,0.043835,0.064728
222,val,stayingpower,0,0,0.081721,0.060156
222,val,texture,0,0,0.140231,0.062762
223,val,colour,1,1,0.005823,0.989295
223,val,packing,0,0,0.015305,0.058855
223,val,price,0,0,0.038793,0.075199
223,val,shipping,0,0,0.047098,0.086322
223,val,smell,0,0,0.023058,0.062283
223,val,stayingpower,0,0,0.043743,0.064688
223,val,texture,0,0,0.043716,0.083524
224,val,colour,1,1,0.021689,0.971127
224,val,packing,0,0,0.036147,0.104956
224,val,price,0,0,0.068545,0.239603
224,val,shipping,1,1,0.066471,0.698829
224,val,smell,0,0,0.03411,0.219144
224,val,stayingpower,2,2,0.936771,0.056072
224,val,texture,1,1,0.073652,0.829259
225,val,colour,1,1,0.054016,0.868682
225,val,packing,0,0,0.065262,0.078627
225,val,price,1,1,0.077559,0.755408
225,val,shipping,0,0,0.221703,0.104418
225,val,smell,2,2,0.986986,0.006953
225,val,stayingpower,0,0,0.134344,0.146879
225,val,texture,0,2,0.445759,0.170729
226,val,colour,1,1,0.028773,0.950009
226,val,packing,0,0,0.041491,0.082333
226,val,price,1,1,0.050268,0.883644
226,val,shipping,0,0,0.151593,0.097285
226,val,smell,0,0,0.059029,0.137632
226,val,stayingpower,2,2,0.981342,0.016407
226,val,texture,3,1,0.189153,0.673344
227,val,colour,1,1,0.062639,0.637155
227,val,packing,0,0,0.028081,0.065443
227,val,price,0,0,0.026327,0.063081
227,val,shipping,1,1,0.007638,0.984816
227,val,smell,0,0,0.022087,0.050756
227,val,stayingpower,0,0,0.039416,0.085076
227,val,texture,0,0,0.073198,0.266343
228,val,colour,1,1,0.010449,0.983856
228,val,packing,0,0,0.01416,0.04819
228,val,price,0,0,0.040577,0.087156
228,val,shipping,0,0,0.039845,0.059425
228,val,smell,0,0,0.024717,0.060401
228,val,stayingpower,0,0,0.038263,0.051368
228,val,texture,0,0,0.039808,0.072713
229,val,colour,1,1,0.027992,0.913747
229,val,packing,0,0,0.015109,0.041345
229,val,price,0,0,0.030409,0.046658
229,val,shipping,0,0,0.03215,0.053357
229,val,smell,0,0,0.021235,0.030567
229,val,stayingpower,0,0,0.032585,0.038691
229,val,texture,0,0,0.025145,0.0291
230,val,colour,0,0,0.062074,0.197579
230,val,packing,0,0,0.054844,0.082844
230,val,price,0,0,0.036302,0.050238
230,val,shipping,2,2,0.993145,0.003975
230,val,smell,0,0,0.035751,0.061782
230,val,stayingpower,0,0,0.03861,0.062637
230,val,texture,0,0,0.038819,0.072703
231,val,colour,1,1,0.019389,0.974831
231,val,packing,0,0,0.01363,0.037233
231,val,price,0,0,0.040599,0.084238
231,val,shipping,0,0,0.04779,0.055635
231,val,smell,0,0,0.025472,0.056058
231,val,stayingpower,0,0,0.044915,0.049218
231,val,texture,0,0,0.034638,0.052198
232,val,colour,2,2,0.980432,0.012103
232,val,packing,0,0,0.059732,0.036342
232,val,price,0,0,0.053288,0.076622
232,val,shipping,0,0,0.028698,0.040862
232,val,smell,0,0,0.077575,0.060926
232,val,stayingpower,0,0,0.079927,0.058191
232,val,texture,0,0,0.134252,0.074053
233,val,colour,1,1,0.012083,0.973757
233,val,packing,0,0,0.028425,0.060944
233,val,price,1,1,0.020642,0.963572
233,val,shipping,0,0,0.079065,0.074029
233,val,smell,0,0,0.025985,0.128848
233,val,stayingpower,0,0,0.102401,0.177916
233,val,texture,1,1,0.041453,0.930408
234,val,colour,1,1,0.010403,0.985051
234,val,packing,0,0,0.018311,0.044687
234,val,price,0,0,0.041347,0.088236
234,val,shipping,0,0,0.042534,0.064522
234,val,smell,0,0,0.02404,0.098253
234,val,stayingpower,0,0,0.061236,0.138387
234,val,texture,1,1,0.03546,0.904324
235,val,colour,0,1,0.192296,0.426128
235,val,packing,1,1,0.332466,0.608127
235,val,price,1,1,0.142349,0.729423
235,val,shipping,1,1,0.201043,0.659781
235,val,smell,2,2,0.971191,0.024327
235,val,stayingpower,0,0,0.231219,0.238322
235,val,texture,0,0,0.34172,0.204521
236,val,colour,1,1,0.010772,0.976859
236,val,packing,0,0,0.015678,0.058857
236,val,price,1,1,0.021451,0.95286
236,val,shipping,0,0,0.090031,0.18185
236,val,smell,0,0,0.020513,0.039149
236,val,stayingpower,0,0,0.04434,0.055768
236,val,texture,0,0,0.041777,0.046193
237,val,colour,2,2,0.994394,0.002865
237,val,packing,0,0,0.127904,0.067164
237,val,price,0,0,0.065785,0.079437
237,val,shipping,0,0,0.082164,0.097805
237,val,smell,0,0,0.166873,0.096698
237,val,stayingpower,2,2,0.550232,0.200941
237,val,texture,0,0,0.257312,0.207995
238,val,colour,1,1,0.026764,0.949189
238,val,packing,0,0,0.019594,0.069206
238,val,price,1,1,0.022984,0.925134
238,val,shipping,1,1,0.015648,0.967733
238,val,smell,0,0,0.028445,0.058864
238,val,stayingpower,0,0,0.061928,0.063182
238,val,texture,0,0,0.048971,0.084792
239,val,colour,0,0,0.047497,0.23776
239,val,packing,0,0,0.052398,0.083611
239,val,price,0,0,0.056355,0.049633
239,val,shipping,3,2,0.978565,0.013733
239,val,smell,1,1,0.045185,0.905842
239,val,stayingpower,0,0,0.03315,0.086817
239,val,texture,0,0,0.033233,0.161679
240,val,colour,0,0,0.097619,0.02823
240,val,packing,0,0,0.151268,0.034086
240,val,price,0,0,0.05926,0.111643
240,val,shipping,2,2,0.984857,0.009457
240,val,smell,0,0,0.070896,0.052226
240,val,stayingpower,0,0,0.044444,0.039217
240,val,texture,0,0,0.079157,0.037938
241,val,colour,0,0,0.034359,0.098494
241,val,packing,0,0,0.020461,0.029848
241,val,price,0,0,0.027678,0.034565
241,val,shipping,0,0,0.027648,0.037392
241,val,smell,0,0,0.033887,0.048335
241,val,stayingpower,0,0,0.026061,0.034334
241,val,texture,0,0,0.024603,0.040121
242,val,colour,0,0,0.037003,0.081477
242,val,packing,0,0,0.022389,0.033378
242,val,price,0,0,0.029677,0.040622
242,val,shipping,0,0,0.024811,0.047298
242,val,smell,0,0,0.025679,0.029343
242,val,stayingpower,0,0,0.026276,0.031643
242,val,texture,0,0,0.026642,0.039504
243,val,colour,0,0,0.034732,0.077502
243,val,packing,0,0,0.021186,0.025868
243,val,price,0,0,0.025167,0.027309
243,val,shipping,0,0,0.034377,0.046488
243,val,smell,0,0,0.030497,0.040513
243,val,stayingpower,0,0,0.025854,0.031701
243,val,texture,0,0,0.028877,0.042124
244,val,colour,0,0,0.030358,0.130104
244,val,packing,0,0,0.026857,0.056746
244,val,price,0,0,0.025979,0.032418
244,val,shipping,0,0,0.021101,0.035313
244,val,smell,0,0,0.020891,0.027653
244,val,stayingpower,0,0,0.020585,0.042984
244,val,texture,0,0,0.043514,0.142071
245,val,colour,1,1,0.019323,0.961733
245,val,packing,0,0,0.026375,0.073185
245,val,price,0,0,0.04924,0.078914
245,val,shipping,0,0,0.054249,0.0827
245,val,smell,1,1,0.022035,0.949549
245,val,stayingpower,0,0,0.032412,0.054472
245,val,texture,0,0,0.029084,0.116516
246,val,colour,0,0,0.024198,0.15084
246,val,packing,0,0,0.115422,0.106404
246,val,price,1,1,0.039505,0.916363
246,val,shipping,2,2,0.984881,0.00774
246,val,smell,0,0,0.048146,0.176945
246,val,stayingpower,0,0,0.066432,0.211187
246,val,texture,1,1,0.028759,0.910806
247,val,colour,0,0,0.058916,0.076172
247,val,packing,0,0,0.06486,0.052509
247,val,price,0,0,0.044752,0.077181
247,val,shipping,2,2,0.993116,0.00387
247,val,smell,0,0,0.047458,0.0634
247,val,stayingpower,0,0,0.040259,0.057118
247,val,texture,0,0,0.043358,0.066873
248,val,colour,0,0,0.076969,0.239321
248,val,packing,0,0,0.07664,0.043665
248,val,price,1,1,0.023099,0.969028
248,val,shipping,0,0,0.067998,0.060082
248,val,smell,1,1,0.061581,0.900227
248,val,stayingpower,0,0,0.054363,0.131116
248,val,texture,1,1,0.031865,0.92361
249,val,colour,0,0,0.065606,0.06585
249,val,packing,0,0,0.122991,0.058691
249,val,price,1,1,0.038747,0.935229
249,val,shipping,2,2,0.990142,0.004201
249,val,smell,0,0,0.067778,0.080545
249,val,stayingpower,0,0,0.056756,0.059011
249,val,texture,0,0,0.06426,0.080449
250,val,colour,1,1,0.012948,0.979461
250,val,packing,0,0,0.021138,0.087586
250,val,price,0,0,0.035439,0.088299
250,val,shipping,1,1,0.01865,0.961763
250,val,smell,0,0,0.03038,0.080242
250,val,stayingpower,0,0,0.058136,0.100276
250,val,texture,0,0,0.052728,0.091602
251,val,colour,1,1,0.011202,0.982508
251,val,packing,0,0,0.014078,0.040707
251,val,price,0,0,0.035719,0.062832
251,val,shipping,0,0,0.038583,0.061595
251,val,smell,0,0,0.020247,0.039188
251,val,stayingpower,0,0,0.047085,0.063594
251,val,texture,0,0,0.053871,0.082459
252,val,colour,1,1,0.072301,0.811311
252,val,packing,1,0,0.148569,0.396997
252,val,price,0,0,0.103168,0.163913
252,val,shipping,0,0,0.121833,0.429048
252,val,smell,1,2,0.893677,0.102889
252,val,stayingpower,0,0,0.056332,0.161778
252,val,texture,0,0,0.175961,0.261702
253,val,colour,0,0,0.028913,0.020311
253,val,packing,0,0,0.051388,0.055839
253,val,price,0,0,0.023871,0.020158
253,val,shipping,0,0,0.127759,0.183511
253,val,smell,0,0,0.027691,0.026263
253,val,stayingpower,0,0,0.033063,0.034586
253,val,texture,0,0,0.0211,0.018308
254,val,colour,2,2,0.938657,0.050715
254,val,packing,0,0,0.04154,0.033778
254,val,price,0,0,0.04378,0.074044
254,val,shipping,0,0,0.034893,0.039228
254,val,smell,0,0,0.046578,0.048536
254,val,stayingpower,0,0,0.043151,0.035692
254,val,texture,0,0,0.068721,0.05672
255,val,colour,0,0,0.048147,0.130806
255,val,packing,0,0,0.051532,0.048303
255,val,price,0,0,0.046991,0.046257
255,val,shipping,0,0,0.046165,0.072242
255,val,smell,1,1,0.038665,0.944227
255,val,stayingpower,0,0,0.021105,0.062063
255,val,texture,0,0,0.027992,0.127152
256,val,colour,0,0,0.023016,0.046356
256,val,packing,1,1,0.059687,0.864803
256,val,price,1,1,0.02502,0.954651
256,val,shipping,0,0,0.055899,0.137924
256,val,smell,0,0,0.037662,0.065181
256,val,stayingpower,0,0,0.024925,0.0413
256,val,texture,0,0,0.04917,0.082859
257,val,colour,3,1,0.136904,0.436542
257,val,packing,0,0,0.016872,0.02647
257,val,price,0,0,0.024482,0.032667
257,val,shipping,0,0,0.029002,0.032217
257,val,smell,0,0,0.023449,0.026266
257,val,stayingpower,0,0,0.024236,0.022196
257,val,texture,0,0,0.026926,0.030354
258,val,colour,1,1,0.012391,0.976626
258,val,packing,0,0,0.02052,0.046603
258,val,price,0,0,0.049388,0.138347
258,val,shipping,0,0,0.05124,0.064734
258,val,smell,0,0,0.022941,0.097387
258,val,stayingpower,0,0,0.045298,0.126772
258,val,texture,1,1,0.020031,0.953904
259,val,colour,0,0,0.061538,0.256892
259,val,packing,0,0,0.104567,0.189885
259,val,price,0,0,0.062472,0.067912
259,val,shipping,1,1,0.01665,0.964282
259,val,smell,1,1,0.03339,0.936646
259,val,stayingpower,3,1,0.101486,0.805959
259,val,texture,1,1,0.019145,0.921871
260,val,colour,1,1,0.019368,0.977401
260,val,packing,0,0,0.019755,0.031875
260,val,price,0,0,0.058648,0.128288
260,val,shipping,0,0,0.052488,0.045375
260,val,smell,0,0,0.075239,0.118173
260,val,stayingpower,0,0,0.134271,0.151617
260,val,texture,2,2,0.863847,0.09205
261,val,colour,0,0,0.039373,0.181497
261,val,packing,0,0,0.159914,0.118112
261,val,price,1,1,0.06402,0.891905
261,val,shipping,2,2,0.9817,0.012597
261,val,smell,1,1,0.077753,0.890075
261,val,stayingpower,2,1,0.178253,0.611593
261,val,texture,0,1,0.041478,0.769997
262,val,colour,3,1,0.23078,0.521875
262,val,packing,0,0,0.061892,0.091915
262,val,price,0,0,0.019977,0.02219
262,val,shipping,1,1,0.013293,0.975714
262,val,smell,0,0,0.019551,0.039262
262,val,stayingpower,0,0,0.074202,0.18349
262,val,texture,3,1,0.099413,0.71904
263,val,colour,0,1,0.068023,0.655088
263,val,packing,0,0,0.120985,0.053726
263,val,price,0,0,0.094903,0.077476
263,val,shipping,2,2,0.948511,0.018532
263,val,smell,1,1,0.415122,0.530332
263,val,stayingpower,0,0,0.133947,0.202571
263,val,texture,2,2,0.928401,0.037309
264,val,colour,1,1,0.018109,0.96003
264,val,packing,0,0,0.030845,0.064984
264,val,price,1,1,0.020008,0.963188
264,val,shipping,0,0,0.080172,0.093085
264,val,smell,0,0,0.029934,0.13327
264,val,stayingpower,0,0,0.077421,0.139311
264,val,texture,1,1,0.037354,0.942325
265,val,colour,1,1,0.013571,0.977403
265,val,packing,0,0,0.016097,0.031945
265,val,price,0,0,0.039341,0.083244
265,val,shipping,0,0,0.033614,0.051476
265,val,smell,0,0,0.022742,0.088517
265,val,stayingpower,0,0,0.053496,0.129983
265,val,texture,1,1,0.029896,0.91719
266,val,colour,0,0,0.083699,0.078389
266,val,packing,0,0,0.042938,0.019805
266,val,price,0,0,0.024852,0.028047
266,val,shipping,0,0,0.069332,0.034571
266,val,smell,0,0,0.022634,0.018388
266,val,stayingpower,0,0,0.041147,0.053161
266,val,texture,0,0,0.10887,0.038862
267,val,colour,0,0,0.051223,0.105512
267,val,packing,0,0,0.029564,0.039762
267,val,price,1,1,0.014267,0.97813
267,val,shipping,0,0,0.059095,0.076504
267,val,smell,0,0,0.027176,0.037093
267,val,stayingpower,0,0,0.037184,0.039349
267,val,texture,0,0,0.041966,0.066942
268,val,colour,0,0,0.04522,0.094471
268,val,packing,0,0,0.032722,0.072572
268,val,price,0,0,0.039081,0.126371
268,val,shipping,1,1,0.010347,0.982802
268,val,smell,0,0,0.025793,0.041294
268,val,stayingpower,0,0,0.046755,0.051365
268,val,texture,0,0,0.031245,0.05195
269,val,colour,3,1,0.081074,0.845544
269,val,packing,0,0,0.077048,0.088697
269,val,price,0,0,0.054248,0.04391
269,val,shipping,0,0,0.058085,0.065629
269,val,smell,1,1,0.1001,0.818293
269,val,stayingpower,0,0,0.154115,0.2136
269,val,texture,2,2,0.684707,0.308888
270,val,colour,0,0,0.026957,0.065755
270,val,packing,0,0,0.062311,0.405439
270,val,price,0,0,0.0217,0.019502
270,val,shipping,0,0,0.039455,0.264064
270,val,smell,0,0,0.021275,0.027174
270,val,stayingpower,0,0,0.01882,0.02668
270,val,texture,0,0,0.024744,0.039004
271,val,colour,0,0,0.036315,0.086291
271,val,packing,1,1,0.035827,0.948883
271,val,price,0,0,0.050286,0.069617
271,val,shipping,0,0,0.050363,0.077316
271,val,smell,0,0,0.039857,0.052091
271,val,stayingpower,0,0,0.027888,0.036379
271,val,texture,0,0,0.036746,0.053221
272,val,colour,0,0,0.023947,0.135112
272,val,packing,0,0,0.042132,0.046491
272,val,price,0,0,0.037147,0.063818
272,val,shipping,0,0,0.040344,0.048357
272,val,smell,0,0,0.032314,0.099191
272,val,stayingpower,0,0,0.029604,0.14743
272,val,texture,1,1,0.019372,0.960035
273,val,colour,2,2,0.962589,0.029301
273,val,packing,0,0,0.093747,0.094707
273,val,price,0,0,0.029439,0.043301
273,val,shipping,3,1,0.173436,0.685286
273,val,smell,0,0,0.051498,0.036758
273,val,stayingpower,0,0,0.04895,0.03586
273,val,texture,0,0,0.065511,0.026843
274,val,colour,1,1,0.013217,0.9791
274,val,packing,0,0,0.013291,0.03784
274,val,price,0,0,0.034289,0.059272
274,val,shipping,0,0,0.034339,0.053499
274,val,smell,0,0,0.020139,0.041021
274,val,stayingpower,0,0,0.045187,0.066933
274,val,texture,0,0,0.046499,0.099236
275,val,colour,1,1,0.008049,0.988001
275,val,packing,0,0,0.018264,0.047631
275,val,price,0,0,0.038284,0.062665
275,val,shipping,0,0,0.047505,0.088833
275,val,smell,0,0,0.022091,0.112404
275,val,stayingpower,0,0,0.07695,0.184142
275,val,texture,0,1,0.05432,0.889462
276,val,colour,1,1,0.017324,0.922658
276,val,packing,0,0,0.073365,0.116628
276,val,price,0,0,0.058503,0.051544
276,val,shipping,0,0,0.064911,0.11059
276,val,smell,1,1,0.046738,0.942553
276,val,stayingpower,1,1,0.061734,0.894042
276,val,texture,0,1,0.051632,0.641263
277,val,colour,1,1,0.006084,0.987334
277,val,packing,0,0,0.014067,0.02842
277,val,price,0,0,0.03937,0.066508
277,val,shipping,0,0,0.034561,0.03099
277,val,smell,0,0,0.022554,0.077119
277,val,stayingpower,0,0,0.047278,0.139234
277,val,texture,1,1,0.112646,0.685432
278,val,colour,0,0,0.035661,0.115737
278,val,packing,1,1,0.022692,0.965981
278,val,price,0,0,0.048668,0.087695
278,val,shipping,1,1,0.361707,0.630574
278,val,smell,0,0,0.038689,0.05892
278,val,stayingpower,0,0,0.038816,0.060095
278,val,texture,0,0,0.023972,0.061342
279,val,colour,1,1,0.016647,0.923065
279,val,packing,0,0,0.044021,0.059288
279,val,price,0,0,0.052438,0.077004
279,val,shipping,0,0,0.039682,0.04481
279,val,smell,0,0,0.022497,0.05784
279,val,stayingpower,3,1,0.119711,0.865321
279,val,texture,3,1,0.077908,0.820388
280,val,colour,0,0,0.037337,0.027403
280,val,packing,0,0,0.029433,0.023018
280,val,price,1,1,0.032602,0.924789
280,val,shipping,0,0,0.054899,0.072946
280,val,smell,0,0,0.032366,0.035737
280,val,stayingpower,0,0,0.032415,0.033585
280,val,texture,0,0,0.029624,0.03708
281,val,colour,0,0,0.034564,0.051978
281,val,packing,0,0,0.025909,0.034049
281,val,price,0,0,0.03065,0.040558
281,val,shipping,0,0,0.035002,0.05573
281,val,smell,0,0,0.032737,0.037133
281,val,stayingpower,0,0,0.027131,0.028952
281,val,texture,0,0,0.021965,0.023595
282,val,colour,1,1,0.06704,0.876778
282,val,packing,0,0,0.090702,0.104821
282,val,price,1,1,0.064591,0.847896
282,val,shipping,2,2,0.944952,0.024962
282,val,smell,2,2,0.97211,0.018477
282,val,stayingpower,3,2,0.607978,0.128952
282,val,texture,0,2,0.701247,0.113653
283,val,colour,1,1,0.015963,0.953212
283,val,packing,0,0,0.049267,0.178961
283,val,price,0,0,0.033158,0.064462
283,val,shipping,0,1,0.021869,0.921928
283,val,smell,0,0,0.028652,0.086447
283,val,stayingpower,3,1,0.061699,0.884743
283,val,texture,0,1,0.055464,0.508455
284,val,colour,1,1,0.008488,0.981437
284,val,packing,0,0,0.034596,0.11278
284,val,price,0,0,0.039871,0.065049
284,val,shipping,0,0,0.042561,0.049376
284,val,smell,0,0,0.018921,0.073691
284,val,stayingpower,0,0,0.072793,0.272365
284,val,texture,1,1,0.031257,0.938429
285,val,colour,1,1,0.04795,0.934578
285,val,packing,0,0,0.035359,0.068801
285,val,price,0,0,0.085586,0.295044
285,val,shipping,0,0,0.108628,0.076604
285,val,smell,0,0,0.042586,0.081689
285,val,stayingpower,2,2,0.989214,0.008941
285,val,texture,0,1,0.345453,0.387352
286,val,colour,0,0,0.014747,0.05313
286,val,packing,0,0,0.034842,0.043121
286,val,price,0,0,0.035376,0.051654
286,val,shipping,0,0,0.031251,0.033806
286,val,smell,0,0,0.030003,0.067002
286,val,stayingpower,0,0,0.024129,0.115736
286,val,texture,0,1,0.036265,0.857977
287,val,colour,1,1,0.01397,0.973787
287,val,packing,0,0,0.027378,0.066627
287,val,price,1,1,0.020997,0.960255
287,val,shipping,0,0,0.066383,0.073589
287,val,smell,0,0,0.025737,0.138543
287,val,stayingpower,0,0,0.072775,0.169743
287,val,texture,1,1,0.053023,0.915014
288,val,colour,1,1,0.031258,0.948348
288,val,packing,0,0,0.042009,0.082114
288,val,price,1,1,0.030392,0.946245
288,val,shipping,0,0,0.064941,0.060488
288,val,smell,1,1,0.033746,0.953254
288,val,stayingpower,0,0,0.042212,0.107438
288,val,texture,0,0,0.082743,0.456186
289,val,colour,0,0,0.034895,0.32949
289,val,packing,0,0,0.123169,0.105111
289,val,price,0,0,0.058157,0.045781
289,val,shipping,0,0,0.032708,0.059869
289,val,smell,1,1,0.042271,0.942017
289,val,stayingpower,1,1,0.056399,0.917086
289,val,texture,3,1,0.028822,0.928805
290,val,colour,1,1,0.028095,0.922484
290,val,packing,0,0,0.05107,0.102806
290,val,price,1,1,0.057493,0.87221
290,val,shipping,2,2,0.989679,0.005789
290,val,smell,1,1,0.06084,0.876184
290,val,stayingpower,0,0,0.067858,0.12244
290,val,texture,0,0,0.06907,0.283389
291,val,colour,0,0,0.045276,0.113316
291,val,packing,0,0,0.031718,0.067699
291,val,price,0,0,0.030696,0.069893
291,val,shipping,1,1,0.010252,0.981769
291,val,smell,0,0,0.026151,0.044322
291,val,stayingpower,0,0,0.046735,0.054038
291,val,texture,0,0,0.039291,0.064951
292,val,colour,0,0,0.03057,0.082752
292,val,packing,0,0,0.021147,0.031766
292,val,price,0,0,0.028713,0.038951
292,val,shipping,0,0,0.026492,0.0392
292,val,smell,0,0,0.027851,0.035081
292,val,stayingpower,0,0,0.026383,0.033346
292,val,texture,0,0,0.027014,0.047885
293,val,colour,3,2,0.797108,0.118847
293,val,packing,0,0,0.186607,0.143329
293,val,price,1,1,0.112761,0.834515
293,val,shipping,0,0,0.087003,0.078421
293,val,smell,3,2,0.786609,0.152295
293,val,stayingpower,0,2,0.647285,0.09084
293,val,texture,2,2,0.982041,0.013159
294,val,colour,0,0,0.056147,0.140939
294,val,packing,0,0,0.038722,0.11222
294,val,price,0,0,0.029733,0.06383
294,val,shipping,1,1,0.010266,0.982639
294,val,smell,0,0,0.02575,0.035483
294,val,stayingpower,0,0,0.043943,0.041145
294,val,texture,0,0,0.034007,0.039678
295,val,colour,0,0,0.021549,0.218862
295,val,packing,0,0,0.09445,0.067022
295,val,price,0,0,0.076238,0.088862
295,val,shipping,0,0,0.062572,0.063558
295,val,smell,1,1,0.041392,0.865263
295,val,stayingpower,1,1,0.04496,0.920739
295,val,texture,1,1,0.007666,0.984509
296,val,colour,0,1,0.196466,0.423143
296,val,packing,0,0,0.051311,0.06317
296,val,price,0,0,0.075795,0.152589
296,val,shipping,0,0,0.067649,0.095143
296,val,smell,0,0,0.035097,0.074661
296,val,stayingpower,2,2,0.990047,0.006603
296,val,texture,0,0,0.255983,0.348788
297,val,colour,0,0,0.039703,0.105154
297,val,packing,1,1,0.045383,0.939286
297,val,price,1,1,0.023867,0.962188
297,val,shipping,0,0,0.182464,0.170024
297,val,smell,0,0,0.050287,0.069225
297,val,stayingpower,0,0,0.044726,0.053566
297,val,texture,0,0,0.079011,0.1031
298,val,colour,1,1,0.008091,0.976158
298,val,packing,0,0,0.031577,0.037187
298,val,price,0,0,0.049844,0.07677
298,val,shipping,0,0,0.042567,0.038056
298,val,smell,0,0,0.039658,0.189393
298,val,stayingpower,3,1,0.080571,0.880916
298,val,texture,0,1,0.051052,0.901896
299,val,colour,1,1,0.012009,0.980134
299,val,packing,0,0,0.01561,0.054314
299,val,price,0,0,0.036892,0.066044
299,val,shipping,0,0,0.046489,0.063415
299,val,smell,0,0,0.025338,0.06094
299,val,stayingpower,0,0,0.03871,0.044853
299,val,texture,0,0,0.033861,0.047333
300,val,colour,1,1,0.02303,0.942663
300,val,packing,0,0,0.033088,0.100583
300,val,price,0,0,0.053673,0.103721
300,val,shipping,2,2,0.990682,0.005666
300,val,smell,0,0,0.038537,0.085859
300,val,stayingpower,0,0,0.048786,0.078242
300,val,texture,0,0,0.062357,0.078132
301,val,colour,1,1,0.05753,0.913534
301,val,packing,0,0,0.057113,0.050859
301,val,price,1,1,0.075918,0.835248
301,val,shipping,0,0,0.179047,0.056858
301,val,smell,0,0,0.10481,0.060548
301,val,stayingpower,0,0,0.288963,0.167888
301,val,texture,2,2,0.989183,0.005593
302,val,colour,0,0,0.068578,0.140048
302,val,packing,0,0,0.063258,0.091952
302,val,price,0,0,0.045953,0.075507
302,val,shipping,2,2,0.9931,0.004455
302,val,smell,0,0,0.039992,0.055667
302,val,stayingpower,0,0,0.037934,0.057957
302,val,texture,0,0,0.031691,0.055721
303,val,colour,0,0,0.261396,0.217335
303,val,packing,0,0,0.131305,0.046943
303,val,price,0,0,0.091144,0.103513
303,val,shipping,0,0,0.082496,0.045338
303,val,smell,0,0,0.144698,0.055849
303,val,stayingpower,0,0,0.118861,0.105024
303,val,texture,2,2,0.990246,0.004252
304,val,colour,3,1,0.26429,0.641449
304,val,packing,0,0,0.068688,0.062635
304,val,price,1,1,0.031296,0.952623
304,val,shipping,0,0,0.048618,0.073791
304,val,smell,1,1,0.04683,0.937734
304,val,stayingpower,0,0,0.111902,0.216444
304,val,texture,1,1,0.025136,0.952826
305,val,colour,1,1,0.006194,0.975444
305,val,packing,0,0,0.028987,0.054377
305,val,price,0,0,0.049662,0.09544
305,val,shipping,0,0,0.044543,0.082491
305,val,smell,0,0,0.037629,0.14594
305,val,stayingpower,1,1,0.057103,0.908979
305,val,texture,0,1,0.065149,0.575363
306,val,colour,0,0,0.023638,0.117475
306,val,packing,0,0,0.068084,0.057874
306,val,price,1,1,0.040877,0.927153
306,val,shipping,0,0,0.063603,0.114434
306,val,smell,0,0,0.041389,0.124277
306,val,stayingpower,1,1,0.107603,0.820797
306,val,texture,1,1,0.015919,0.955689
307,val,colour,1,1,0.264071,0.711049
307,val,packing,1,1,0.025097,0.963664
307,val,price,0,0,0.035688,0.036413
307,val,shipping,1,1,0.017248,0.972047
307,val,smell,0,0,0.057472,0.090001
307,val,stayingpower,0,0,0.093304,0.113631
307,val,texture,0,0,0.245258,0.18338
308,val,colour,1,1,0.010173,0.981606
308,val,packing,0,0,0.028288,0.105651
308,val,price,1,1,0.059488,0.82189
308,val,shipping,3,2,0.980423,0.00993
308,val,smell,0,0,0.045215,0.114211
308,val,stayingpower,0,0,0.053716,0.088901
308,val,texture,0,0,0.074562,0.109759
309,val,colour,0,0,0.020172,0.162428
309,val,packing,0,0,0.037809,0.047999
309,val,price,0,0,0.044182,0.107188
309,val,shipping,0,0,0.030455,0.050124
309,val,smell,0,0,0.031283,0.109108
309,val,stayingpower,0,0,0.025551,0.103296
309,val,texture,1,1,0.014393,0.953519
310,val,colour,1,1,0.04575,0.939055
310,val,packing,0,0,0.092497,0.151947
310,val,price,0,0,0.058706,0.119073
310,val,shipping,1,1,0.105652,0.797424
310,val,smell,0,0,0.049599,0.052325
310,val,stayingpower,0,0,0.193005,0.196687
310,val,texture,2,2,0.952706,0.026245
311,val,colour,0,0,0.041547,0.085388
311,val,packing,0,0,0.024729,0.018903
311,val,price,1,1,0.017036,0.972692
311,val,shipping,0,0,0.030848,0.031733
311,val,smell,0,0,0.048109,0.141585
311,val,stayingpower,0,0,0.034167,0.062083
311,val,texture,0,0,0.064522,0.203355
312,val,colour,1,1,0.065143,0.906295
312,val,packing,0,0,0.03307,0.049938
312,val,price,0,0,0.077491,0.227315
312,val,shipping,0,0,0.131375,0.074315
312,val,smell,0,0,0.041332,0.076346
312,val,stayingpower,2,2,0.988298,0.009689
312,val,texture,0,0,0.313147,0.300986
313,val,colour,0,0,0.069664,0.080095
313,val,packing,0,0,0.087609,0.112512
313,val,price,0,0,0.038861,0.05095
313,val,shipping,2,2,0.987884,0.009513
313,val,smell,0,0,0.040222,0.052856
313,val,stayingpower,0,0,0.039224,0.058824
313,val,texture,0,0,0.028987,0.049381
314,val,colour,1,1,0.050405,0.89775
314,val,packing,0,0,0.046272,0.085674
314,val,price,0,0,0.102416,0.217773
314,val,shipping,0,0,0.061055,0.078207
314,val,smell,1,1,0.137144,0.758075
314,val,stayingpower,2,2,0.983548,0.014676
314,val,texture,3,1,0.210208,0.737378
315,val,colour,0,0,0.026413,0.045027
315,val,packing,0,0,0.024317,0.031933
315,val,price,0,0,0.029146,0.038047
315,val,shipping,0,0,0.031575,0.03851
315,val,smell,0,0,0.034624,0.046345
315,val,stayingpower,0,0,0.025599,0.032254
315,val,texture,0,0,0.02726,0.048155
316,val,colour,0,0,0.021834,0.10526
316,val,packing,0,0,0.040889,0.046488
316,val,price,0,0,0.042419,0.076825
316,val,shipping,0,0,0.043417,0.049805
316,val,smell,0,0,0.035424,0.119394
316,val,stayingpower,0,0,0.030922,0.137197
316,val,texture,1,1,0.01592,0.963255
317,val,colour,0,0,0.150784,0.352606
317,val,packing,0,0,0.067282,0.061075
317,val,price,1,1,0.076484,0.806392
317,val,shipping,0,0,0.063959,0.077163
317,val,smell,0,0,0.064176,0.15432
317,val,stayingpower,2,2,0.988456,0.008368
317,val,texture,1,1,0.198959,0.692136
318,val,colour,1,1,0.011603,0.981378
318,val,packing,0,0,0.012331,0.033461
318,val,price,1,1,0.025048,0.942187
318,val,shipping,0,0,0.04377,0.052634
318,val,smell,0,0,0.024764,0.065893
318,val,stayingpower,0,0,0.043135,0.056363
318,val,texture,0,0,0.072644,0.122428
319,val,colour,0,0,0.048475,0.332508
319,val,packing,0,0,0.078157,0.089618
319,val,price,1,1,0.030442,0.952616
319,val,shipping,0,0,0.082263,0.117708
319,val,smell,1,1,0.023768,0.964051
319,val,stayingpower,0,0,0.02814,0.122131
319,val,texture,1,1,0.030158,0.805904
320,val,colour,0,0,0.04506,0.323795
320,val,packing,0,1,0.028475,0.96318
320,val,price,0,0,0.066766,0.081713
320,val,shipping,2,2,0.971578,0.020229
320,val,smell,0,0,0.047474,0.111202
320,val,stayingpower,0,0,0.036459,0.072992
320,val,texture,0,0,0.043931,0.155028
321,val,colour,1,1,0.01003,0.982241
321,val,packing,0,0,0.020415,0.106431
321,val,price,0,0,0.034962,0.091804
321,val,shipping,1,1,0.020883,0.948134
321,val,smell,0,0,0.03167,0.095625
321,val,stayingpower,0,0,0.05192,0.089153
321,val,texture,0,0,0.044505,0.070182
322,val,colour,1,2,0.936823,0.053264
322,val,packing,0,0,0.040369,0.028053
322,val,price,0,0,0.033727,0.04755
322,val,shipping,0,0,0.058506,0.038297
322,val,smell,0,0,0.043907,0.036702
322,val,stayingpower,0,0,0.053566,0.043838
322,val,texture,0,0,0.117487,0.065647
323,val,colour,1,1,0.022644,0.966567
323,val,packing,0,0,0.012235,0.030426
323,val,price,0,0,0.034685,0.059067
323,val,shipping,0,0,0.032661,0.046011
323,val,smell,0,0,0.026369,0.069634
323,val,stayingpower,0,0,0.033822,0.04185
323,val,texture,0,0,0.03818,0.071406
324,val,colour,0,0,0.04223,0.233513
324,val,packing,1,1,0.030802,0.961433
324,val,price,0,0,0.079942,0.072088
324,val,shipping,0,0,0.046295,0.229223
324,val,smell,1,1,0.030238,0.947293
324,val,stayingpower,0,0,0.035681,0.140621
324,val,texture,0,1,0.044872,0.604746
325,val,colour,0,0,0.25706,0.205283
325,val,packing,0,0,0.120997,0.045098
325,val,price,0,0,0.07864,0.090301
325,val,shipping,0,0,0.061625,0.046676
325,val,smell,0,0,0.127791,0.055704
325,val,stayingpower,1,2,0.453592,0.241391
325,val,texture,2,2,0.991793,0.004408
326,val,colour,1,1,0.04586,0.897154
326,val,packing,0,0,0.070284,0.127492
326,val,price,0,0,0.072851,0.101085
326,val,shipping,2,2,0.987445,0.0084
326,val,smell,1,1,0.040135,0.915357
326,val,stayingpower,0,0,0.091979,0.298365
326,val,texture,1,1,0.029235,0.919449
327,val,colour,0,0,0.028763,0.112421
327,val,packing,1,1,0.020123,0.964187
327,val,price,0,0,0.048047,0.061073
327,val,shipping,0,0,0.049712,0.11739
327,val,smell,0,0,0.040253,0.060921
327,val,stayingpower,0,0,0.027271,0.036531
327,val,texture,0,0,0.026736,0.058713
328,val,colour,1,1,0.033175,0.944679
328,val,packing,1,1,0.011196,0.975173
328,val,price,0,0,0.044187,0.074709
328,val,shipping,1,1,0.020725,0.952274
328,val,smell,0,0,0.041817,0.065305
328,val,stayingpower,0,0,0.050209,0.051321
328,val,texture,0,0,0.04123,0.058321
329,val,colour,1,1,0.069206,0.868021
329,val,packing,0,0,0.053223,0.141893
329,val,price,0,0,0.039277,0.102747
329,val,shipping,1,1,0.019872,0.967529
329,val,smell,0,0,0.032138,0.120705
329,val,stayingpower,0,0,0.074092,0.14026
329,val,texture,1,1,0.028982,0.941678
330,val,colour,0,0,0.113476,0.271963
330,val,packing,0,0,0.086417,0.042571
330,val,price,0,0,0.053696,0.042727
330,val,shipping,0,0,0.035827,0.05249
330,val,smell,1,1,0.068123,0.835021
330,val,stayingpower,0,2,0.366028,0.271698
330,val,texture,1,1,0.423721,0.565803
331,val,colour,1,1,0.014233,0.969635
331,val,packing,0,0,0.015299,0.05109
331,val,price,1,1,0.016676,0.968117
331,val,shipping,0,0,0.080472,0.166455
331,val,smell,0,0,0.019456,0.037738
331,val,stayingpower,0,0,0.042171,0.047453
331,val,texture,0,0,0.049697,0.057953
332,val,colour,0,0,0.031638,0.0282
332,val,packing,0,0,0.02935,0.024873
332,val,price,0,0,0.028542,0.032024
332,val,shipping,0,0,0.039234,0.054934
332,val,smell,0,0,0.03345,0.034139
332,val,stayingpower,0,0,0.03309,0.039161
332,val,texture,0,0,0.030219,0.037884
333,val,colour,1,1,0.04495,0.906543
333,val,packing,0,0,0.01839,0.02923
333,val,price,0,0,0.034238,0.069685
333,val,shipping,0,0,0.026048,0.046846
333,val,smell,0,0,0.019509,0.057724
333,val,stayingpower,0,0,0.045396,0.10851
333,val,texture,1,1,0.023604,0.947366
334,val,colour,0,0,0.026242,0.281336
334,val,packing,1,1,0.026782,0.961488
334,val,price,0,0,0.040881,0.041481
334,val,shipping,1,1,0.037433,0.932141
334,val,smell,0,0,0.045019,0.11497
334,val,stayingpower,1,1,0.086758,0.796701
334,val,texture,0,1,0.063806,0.474171
335,val,colour,1,1,0.01093,0.98443
335,val,packing,0,0,0.014725,0.034804
335,val,price,0,1,0.030806,0.931235
335,val,shipping,0,0,0.10658,0.048105
335,val,smell,0,0,0.026935,0.06729
335,val,stayingpower,0,0,0.055356,0.054671
335,val,texture,0,0,0.144841,0.110171
336,val,colour,1,1,0.03984,0.939214
336,val,packing,1,1,0.028866,0.94238
336,val,price,1,1,0.045202,0.89587
336,val,shipping,1,1,0.04115,0.933821
336,val,smell,1,1,0.048555,0.915501
336,val,stayingpower,0,0,0.076762,0.119177
336,val,texture,0,0,0.056599,0.22147
337,val,colour,0,0,0.063117,0.168581
337,val,packing,0,0,0.048906,0.033529
337,val,price,1,1,0.031745,0.943733
337,val,shipping,0,0,0.072341,0.08641
337,val,smell,1,1,0.042259,0.935918
337,val,stayingpower,0,0,0.023742,0.070086
337,val,texture,0,0,0.038172,0.223535
338,val,colour,0,0,0.044447,0.063477
338,val,packing,0,0,0.024459,0.029737
338,val,price,0,0,0.028936,0.038069
338,val,shipping,0,0,0.029215,0.034452
338,val,smell,0,0,0.026327,0.026678
338,val,stayingpower,0,0,0.030733,0.041121
338,val,texture,0,0,0.025881,0.043661
339,val,colour,1,1,0.006926,0.98825
339,val,packing,0,0,0.015479,0.053132
339,val,price,1,1,0.020953,0.957174
339,val,shipping,0,0,0.069189,0.085615
339,val,smell,0,0,0.027342,0.085666
339,val,stayingpower,0,0,0.057771,0.067194
339,val,texture,0,0,0.07279,0.142731
340,val,colour,0,0,0.052773,0.089574
340,val,packing,1,1,0.018259,0.972231
340,val,price,0,0,0.050766,0.084624
340,val,shipping,1,1,0.010486,0.977486
340,val,smell,0,0,0.044907,0.044716
340,val,stayingpower,0,0,0.044053,0.041243
340,val,texture,0,0,0.031757,0.037095
341,val,colour,1,1,0.098736,0.888502
341,val,packing,1,1,0.028137,0.954805
341,val,price,0,0,0.054261,0.097312
341,val,shipping,1,1,0.020244,0.966868
341,val,smell,0,0,0.055752,0.077766
341,val,stayingpower,0,0,0.10437,0.097184
341,val,texture,0,0,0.383467,0.222247
342,val,colour,1,1,0.032407,0.911511
342,val,packing,1,0,0.094271,0.356384
342,val,price,0,0,0.043726,0.077306
342,val,shipping,1,1,0.020525,0.956905
342,val,smell,0,0,0.031433,0.144855
342,val,stayingpower,1,1,0.088675,0.808414
342,val,texture,1,1,0.01846,0.966184
343,val,colour,1,1,0.069856,0.881936
343,val,packing,0,0,0.056494,0.129766
343,val,price,0,0,0.100732,0.261504
343,val,shipping,0,0,0.168672,0.109908
343,val,smell,1,1,0.149386,0.700984
343,val,stayingpower,2,2,0.992292,0.006025
343,val,texture,0,1,0.261056,0.379499
344,val,colour,1,1,0.027627,0.936787
344,val,packing,0,0,0.031006,0.064527
344,val,price,0,0,0.049997,0.071457
344,val,shipping,0,0,0.05939,0.077541
344,val,smell,1,1,0.023881,0.964337
344,val,stayingpower,0,0,0.031432,0.06518
344,val,texture,0,0,0.035238,0.164956
345,val,colour,0,0,0.06329,0.165246
345,val,packing,1,1,0.018698,0.966801
345,val,price,0,0,0.046095,0.082043
345,val,shipping,1,1,0.009249,0.984963
345,val,smell,0,0,0.042778,0.045401
345,val,stayingpower,0,0,0.042911,0.039519
345,val,texture,0,0,0.032133,0.04038
346,val,colour,0,0,0.032691,0.046196
346,val,packing,0,0,0.025823,0.027935
346,val,price,0,0,0.030743,0.041703
346,val,shipping,0,0,0.029599,0.036006
346,val,smell,0,0,0.036154,0.04105
346,val,stayingpower,0,0,0.029949,0.034832
346,val,texture,0,0,0.026642,0.035948
347,val,colour,1,1,0.016891,0.96964
347,val,packing,1,1,0.01678,0.946834
347,val,price,0,0,0.044939,0.08053
347,val,shipping,0,0,0.070676,0.23818
347,val,smell,0,0,0.029393,0.051976
347,val,stayingpower,0,0,0.047014,0.050419
347,val,texture,0,0,0.03241,0.041774
348,val,colour,0,0,0.02154,0.111201
348,val,packing,0,0,0.102737,0.08185
348,val,price,1,1,0.063217,0.883605
348,val,shipping,0,0,0.058735,0.153929
348,val,smell,1,1,0.064069,0.909887
348,val,stayingpower,1,1,0.06671,0.881221
348,val,texture,0,1,0.041059,0.615559
349,val,colour,1,1,0.044602,0.926535
349,val,packing,0,0,0.041784,0.065323
349,val,price,0,0,0.063201,0.091638
349,val,shipping,0,0,0.054988,0.071298
349,val,smell,1,1,0.020856,0.945087
349,val,stayingpower,0,0,0.052886,0.137241
349,val,texture,1,1,0.010067,0.973573
350,val,colour,0,0,0.032226,0.051605
350,val,packing,0,0,0.024024,0.0252
350,val,price,0,0,0.025852,0.028168
350,val,shipping,0,0,0.03226,0.034397
350,val,smell,0,0,0.037547,0.048221
350,val,stayingpower,0,0,0.028876,0.036844
350,val,texture,0,0,0.030889,0.046314
351,val,colour,0,0,0.025064,0.034074
351,val,packing,0,0,0.02775,0.035331
351,val,price,0,0,0.029477,0.034723
351,val,shipping,0,0,0.039811,0.062453
351,val,smell,0,0,0.031444,0.036987
351,val,stayingpower,0,0,0.027693,0.033898
351,val,texture,0,0,0.025374,0.035485
352,val,colour,0,1,0.148844,0.52928
352,val,packing,1,1,0.275106,0.64557
352,val,price,1,1,0.092552,0.873746
352,val,shipping,0,0,0.151532,0.243334
352,val,smell,1,2,0.496396,0.425822
352,val,stayingpower,0,2,0.536497,0.093717
352,val,texture,2,2,0.979699,0.015585
353,val,colour,2,2,0.82186,0.165499
353,val,packing,0,0,0.046114,0.042499
353,val,price,0,0,0.030161,0.032279
353,val,shipping,0,0,0.02078,0.054539
353,val,smell,0,0,0.054001,0.13039
353,val,stayingpower,1,1,0.202962,0.647541
353,val,texture,0,1,0.060616,0.823977
354,val,colour,1,1,0.017181,0.964647
354,val,packing,0,0,0.028547,0.059123
354,val,price,1,1,0.017113,0.962165
354,val,shipping,1,1,0.042124,0.90079
354,val,smell,0,0,0.03251,0.127095
354,val,stayingpower,0,0,0.082622,0.158953
354,val,texture,1,1,0.046706,0.84542
355,val,colour,1,1,0.060665,0.85021
355,val,packing,1,1,0.138099,0.762767
355,val,price,0,0,0.109074,0.255118
355,val,shipping,0,0,0.056151,0.35788
355,val,smell,3,2,0.894873,0.10046
355,val,stayingpower,1,2,0.423464,0.388392
355,val,texture,1,2,0.502121,0.432834
356,val,colour,1,1,0.129143,0.782905
356,val,packing,1,1,0.153448,0.766739
356,val,price,0,0,0.118795,0.307108
356,val,shipping,1,1,0.279196,0.505011
356,val,smell,2,2,0.97565,0.020871
356,val,stayingpower,0,0,0.223095,0.186739
356,val,texture,0,0,0.344025,0.254747
357,val,colour,1,1,0.02203,0.938165
357,val,packing,0,0,0.02634,0.060284
357,val,price,0,0,0.042576,0.054143
357,val,shipping,0,0,0.057438,0.093714
357,val,smell,1,1,0.021441,0.960614
357,val,stayingpower,0,0,0.028602,0.057125
357,val,texture,0,0,0.035619,0.159999
358,val,colour,1,1,0.012903,0.948327
358,val,packing,0,0,0.055821,0.12699
358,val,price,1,1,0.044813,0.913838
358,val,shipping,3,2,0.973432,0.016493
358,val,smell,0,0,0.0496,0.201371
358,val,stayingpower,1,1,0.307582,0.626044
358,val,texture,0,1,0.052913,0.807575
359,val,colour,0,0,0.009268,0.04679
359,val,packing,0,0,0.049319,0.055223
359,val,price,0,0,0.032392,0.03575
359,val,shipping,0,0,0.030133,0.049585
359,val,smell,0,0,0.024854,0.051467
359,val,stayingpower,0,1,0.062575,0.808275
359,val,texture,0,0,0.057494,0.383275
360,val,colour,0,0,0.071523,0.290112
360,val,packing,0,0,0.049867,0.129993
360,val,price,0,0,0.051021,0.115206
360,val,shipping,1,1,0.01259,0.975749
360,val,smell,1,1,0.034706,0.922244
360,val,stayingpower,0,0,0.04791,0.091572
360,val,texture,0,0,0.034554,0.088799
361,val,colour,3,2,0.518301,0.42968
361,val,packing,0,0,0.120372,0.174432
361,val,price,0,0,0.142876,0.289812
361,val,shipping,0,0,0.212895,0.160272
361,val,smell,1,1,0.175662,0.76963
361,val,stayingpower,2,2,0.991478,0.006521
361,val,texture,3,2,0.514461,0.432283
362,val,colour,0,0,0.052177,0.097103
362,val,packing,1,1,0.018333,0.970295
362,val,price,0,0,0.047479,0.08978
362,val,shipping,1,1,0.010034,0.981991
362,val,smell,0,0,0.041519,0.040588
362,val,stayingpower,0,0,0.040668,0.040785
362,val,texture,0,0,0.04054,0.064023
363,val,colour,1,2,0.946577,0.009484
363,val,packing,2,2,0.831759,0.127701
363,val,price,0,0,0.230409,0.362909
363,val,shipping,0,2,0.505228,0.186752
363,val,smell,0,0,0.291753,0.056338
363,val,stayingpower,0,0,0.229627,0.088097
363,val,texture,0,2,0.807076,0.019038
364,val,colour,1,1,0.010135,0.97814
364,val,packing,1,1,0.020067,0.920499
364,val,price,0,0,0.039872,0.052494
364,val,shipping,0,0,0.054596,0.240519
364,val,smell,0,0,0.022787,0.047013
364,val,stayingpower,0,0,0.039129,0.060158
364,val,texture,0,0,0.043597,0.087474
365,val,colour,2,2,0.98486,0.00998
365,val,packing,1,1,0.127539,0.838119
365,val,price,0,0,0.071981,0.055026
365,val,shipping,0,0,0.086665,0.327773
365,val,smell,0,0,0.1071,0.08654
365,val,stayingpower,0,0,0.164581,0.077148
365,val,texture,0,0,0.175582,0.083121
366,val,colour,1,1,0.007524,0.986614
366,val,packing,0,0,0.018936,0.094485
366,val,price,0,0,0.035415,0.066849
366,val,shipping,0,0,0.036584,0.072984
366,val,smell,0,0,0.025008,0.061097
366,val,stayingpower,0,0,0.039848,0.061113
366,val,texture,0,0,0.037785,0.072056
367,val,colour,1,1,0.01001,0.982041
367,val,packing,0,0,0.0169,0.072047
367,val,price,0,0,0.039555,0.079583
367,val,shipping,0,0,0.049501,0.082412
367,val,smell,0,0,0.023204,0.045528
367,val,stayingpower,0,0,0.04211,0.050662
367,val,texture,0,0,0.030271,0.037637
368,val,colour,0,0,0.047606,0.25554
368,val,packing,0,0,0.046259,0.046972
368,val,price,0,0,0.047126,0.051122
368,val,shipping,0,0,0.037994,0.065876
368,val,smell,1,1,0.022671,0.967593
368,val,stayingpower,0,0,0.02067,0.081813
368,val,texture,0,0,0.036706,0.395312
369,val,colour,1,1,0.024642,0.96042
369,val,packing,1,1,0.011182,0.975486
369,val,price,0,0,0.044941,0.076389
369,val,shipping,1,1,0.019429,0.959752
369,val,smell,0,0,0.044032,0.087537
369,val,stayingpower,0,0,0.056963,0.064704
369,val,texture,0,0,0.047367,0.088601
370,val,colour,0,0,0.032723,0.08533
370,val,packing,1,1,0.034743,0.956564
370,val,price,0,0,0.049394,0.057848
370,val,shipping,2,2,0.823208,0.115087
370,val,smell,0,0,0.035038,0.053407
370,val,stayingpower,0,0,0.025325,0.044306
370,val,texture,0,0,0.030881,0.067507
371,val,colour,1,1,0.061034,0.918382
371,val,packing,0,0,0.141682,0.185402
371,val,price,1,1,0.064144,0.859764
371,val,shipping,1,1,0.237249,0.66502
371,val,smell,0,0,0.054964,0.047541
371,val,stayingpower,0,0,0.3826,0.150354
371,val,texture,2,2,0.970988,0.020703
372,val,colour,0,0,0.037533,0.126668
372,val,packing,1,1,0.020668,0.966748
372,val,price,0,0,0.04637,0.054117
372,val,shipping,0,0,0.060752,0.145018
372,val,smell,0,0,0.038508,0.054562
372,val,stayingpower,0,0,0.031707,0.035299
372,val,texture,0,0,0.026129,0.041657
373,val,colour,0,0,0.104882,0.275762
373,val,packing,0,0,0.170835,0.069007
373,val,price,1,1,0.124646,0.654939
373,val,shipping,0,0,0.247032,0.129976
373,val,smell,2,2,0.99184,0.003502
373,val,stayingpower,0,0,0.085833,0.134581
373,val,texture,0,2,0.490862,0.131522
374,val,colour,0,0,0.041518,0.067668
374,val,packing,0,0,0.030866,0.045974
374,val,price,1,1,0.019142,0.964176
374,val,shipping,0,0,0.051333,0.100324
374,val,smell,0,0,0.024292,0.029102
374,val,stayingpower,0,0,0.035044,0.034713
374,val,texture,0,0,0.032352,0.038518
375,val,colour,0,0,0.03036,0.054741
375,val,packing,0,0,0.026822,0.039246
375,val,price,0,0,0.030518,0.041789
375,val,shipping,0,0,0.040222,0.059002
375,val,smell,0,0,0.02992,0.035898
375,val,stayingpower,0,0,0.025391,0.026747
375,val,texture,0,0,0.02206,0.026492
376,val,colour,3,2,0.516334,0.458984
376,val,packing,0,0,0.020389,0.022588
376,val,price,0,0,0.030776,0.042183
376,val,shipping,0,0,0.040528,0.043011
376,val,smell,0,0,0.026625,0.027957
376,val,stayingpower,0,0,0.041801,0.032296
376,val,texture,0,0,0.049294,0.036759
377,val,colour,1,1,0.011097,0.983531
377,val,packing,0,0,0.012379,0.032283
377,val,price,1,1,0.018749,0.956192
377,val,shipping,0,1,0.06553,0.682358
377,val,smell,0,0,0.020002,0.047612
377,val,stayingpower,0,0,0.084365,0.094138
377,val,texture,0,0,0.078007,0.207108
378,val,colour,0,0,0.056102,0.082288
378,val,packing,1,1,0.284986,0.659684
378,val,price,1,1,0.059277,0.91354
378,val,shipping,2,2,0.984659,0.006339
378,val,smell,0,0,0.092393,0.115938
378,val,stayingpower,0,0,0.066392,0.075177
378,val,texture,0,0,0.108778,0.132391
379,val,colour,1,1,0.013648,0.956501
379,val,packing,0,0,0.039203,0.068464
379,val,price,1,1,0.029404,0.948434
379,val,shipping,0,0,0.042566,0.039234
379,val,smell,0,0,0.040834,0.140048
379,val,stayingpower,1,1,0.251774,0.713904
379,val,texture,1,1,0.101855,0.847168
380,val,colour,0,0,0.038555,0.033132
380,val,packing,0,0,0.030214,0.02724
380,val,price,0,0,0.025779,0.026728
380,val,shipping,0,0,0.048693,0.052613
380,val,smell,0,0,0.032807,0.031997
380,val,stayingpower,0,0,0.031723,0.03479
380,val,texture,0,0,0.030678,0.033069
381,val,colour,1,2,0.522296,0.443609
381,val,packing,0,0,0.032099,0.04411
381,val,price,0,0,0.041566,0.097182
381,val,shipping,0,0,0.039437,0.070985
381,val,smell,0,0,0.026513,0.092435
381,val,stayingpower,0,0,0.106377,0.179344
381,val,texture,1,1,0.028834,0.95394
382,val,colour,1,1,0.026672,0.963763
382,val,packing,0,0,0.036741,0.104694
382,val,price,1,1,0.053866,0.862441
382,val,shipping,0,0,0.285123,0.131249
382,val,smell,0,0,0.08,0.194531
382,val,stayingpower,2,2,0.98967,0.007071
382,val,texture,0,2,0.358298,0.327801
383,val,colour,1,1,0.008642,0.987955
383,val,packing,0,0,0.01839,0.063992
383,val,price,1,1,0.020006,0.961332
383,val,shipping,0,0,0.07873,0.081983
383,val,smell,0,0,0.024163,0.064727
383,val,stayingpower,0,0,0.054088,0.086354
383,val,texture,3,0,0.150312,0.315826
384,val,colour,1,1,0.020387,0.954157
384,val,packing,0,0,0.023977,0.040262
384,val,price,1,1,0.024285,0.956484
384,val,shipping,0,0,0.051059,0.058287
384,val,smell,1,1,0.030201,0.920927
384,val,stayingpower,0,0,0.035403,0.091778
384,val,texture,0,0,0.064702,0.319284
385,val,colour,1,1,0.015743,0.97226
385,val,packing,0,0,0.032921,0.102012
385,val,price,0,0,0.046253,0.060782
385,val,shipping,0,0,0.077532,0.139072
385,val,smell,1,1,0.020373,0.965812
385,val,stayingpower,0,0,0.036773,0.079509
385,val,texture,0,0,0.042094,0.225881
386,val,colour,1,1,0.010574,0.981311
386,val,packing,0,0,0.014233,0.041337
386,val,price,0,0,0.036899,0.071399
386,val,shipping,0,0,0.050423,0.061386
386,val,smell,0,0,0.022425,0.046096
386,val,stayingpower,0,0,0.044026,0.0503
386,val,texture,0,0,0.043452,0.049758
387,val,colour,1,1,0.029896,0.949503
387,val,packing,1,1,0.02096,0.963273
387,val,price,0,0,0.059847,0.08585
387,val,shipping,3,1,0.063911,0.756922
387,val,smell,1,1,0.031497,0.948952
387,val,stayingpower,0,0,0.048688,0.107323
387,val,texture,0,0,0.041043,0.177019
388,val,colour,1,1,0.025478,0.964251
388,val,packing,1,1,0.033151,0.912765
388,val,price,0,0,0.045831,0.065943
388,val,shipping,1,1,0.038886,0.929501
388,val,smell,0,0,0.034965,0.180279
388,val,stayingpower,0,0,0.091237,0.184135
388,val,texture,1,1,0.029393,0.9356
389,val,colour,0,0,0.039085,0.121465
389,val,packing,1,1,0.021495,0.971868
389,val,price,0,0,0.055129,0.083396
389,val,shipping,1,2,0.644838,0.311057
389,val,smell,0,0,0.029597,0.051035
389,val,stayingpower,0,0,0.026731,0.039832
389,val,texture,0,0,0.028039,0.074431
390,val,colour,1,1,0.07679,0.837618
390,val,packing,0,0,0.047242,0.051694
390,val,price,0,0,0.064809,0.132095
390,val,shipping,0,0,0.068413,0.060167
390,val,smell,3,2,0.954858,0.039168
390,val,stayingpower,0,0,0.082757,0.159617
390,val,texture,0,0,0.17667,0.229716
391,val,colour,0,0,0.044107,0.074424
391,val,packing,0,0,0.034333,0.072618
391,val,price,0,0,0.037836,0.107492
391,val,shipping,1,1,0.011005,0.979512
391,val,smell,0,0,0.027529,0.041607
391,val,stayingpower,0,0,0.042843,0.042145
391,val,texture,0,0,0.029515,0.040614
392,val,colour,0,0,0.025624,0.071187
392,val,packing,0,0,0.052847,0.05369
392,val,price,0,0,0.034352,0.04671
392,val,shipping,0,0,0.033541,0.048287
392,val,smell,0,0,0.029281,0.073792
392,val,stayingpower,0,0,0.042069,0.168777
392,val,texture,1,1,0.035411,0.938116
393,val,colour,1,1,0.060039,0.896903
393,val,packing,0,0,0.14633,0.273242
393,val,price,0,0,0.075415,0.084631
393,val,shipping,2,1,0.324516,0.595927
393,val,smell,1,1,0.236458,0.715446
393,val,stayingpower,0,0,0.216379,0.298722
393,val,texture,2,2,0.941001,0.040414
394,val,colour,1,1,0.021837,0.953096
394,val,packing,0,0,0.025044,0.129009
394,val,price,1,1,0.018493,0.95106
394,val,shipping,1,1,0.0176,0.96805
394,val,smell,0,0,0.027376,0.059515
394,val,stayingpower,0,0,0.069242,0.088242
394,val,texture,0,0,0.054331,0.098788
395,val,colour,0,0,0.040413,0.024264
395,val,packing,0,0,0.042135,0.023127
395,val,price,0,0,0.029929,0.031889
395,val,shipping,0,0,0.069493,0.034338
395,val,smell,0,0,0.035023,0.028735
395,val,stayingpower,0,0,0.031865,0.048909
395,val,texture,0,0,0.034532,0.032168
396,val,colour,0,0,0.025648,0.052348
396,val,packing,0,0,0.022083,0.033331
396,val,price,0,0,0.028782,0.037682
396,val,shipping,0,0,0.034211,0.078084
396,val,smell,0,0,0.030989,0.041057
396,val,stayingpower,0,0,0.026089,0.031617
396,val,texture,0,0,0.022235,0.036434
397,val,colour,0,0,0.034911,0.077484
397,val,packing,0,0,0.023319,0.033567
397,val,price,0,0,0.025687,0.029992
397,val,shipping,0,0,0.035546,0.048084
397,val,smell,0,0,0.03215,0.039376
397,val,stayingpower,0,0,0.024436,0.028332
397,val,texture,0,0,0.025254,0.033533
398,val,colour,0,0,0.094354,0.104135
398,val,packing,0,0,0.082274,0.066781
398,val,price,0,0,0.030124,0.044418
398,val,shipping,3,2,0.938438,0.059009
398,val,smell,0,0,0.039124,0.046191
398,val,stayingpower,0,0,0.060164,0.055951
398,val,texture,0,0,0.047413,0.051079
399,val,colour,1,1,0.062371,0.901522
399,val,packing,1,1,0.018743,0.970244
399,val,price,0,0,0.055175,0.063359
399,val,shipping,1,1,0.027347,0.95597
399,val,smell,1,1,0.043086,0.926471
399,val,stayingpower,0,0,0.069445,0.126545
399,val,texture,0,0,0.049874,0.191485
400,val,colour,0,0,0.032051,0.047791
400,val,packing,1,1,0.061992,0.900951
400,val,price,1,1,0.031016,0.945137
400,val,shipping,0,0,0.061847,0.138816
400,val,smell,0,0,0.044188,0.057005
400,val,stayingpower,0,0,0.037182,0.046554
400,val,texture,0,0,0.047178,0.059243
401,val,colour,0,0,0.019133,0.196313
401,val,packing,0,0,0.05548,0.053798
401,val,price,0,0,0.055678,0.07179
401,val,shipping,0,0,0.035532,0.038831
401,val,smell,0,0,0.031712,0.107966
401,val,stayingpower,1,1,0.066805,0.911349
401,val,texture,3,1,0.02963,0.924154
402,val,colour,1,1,0.01902,0.972006
402,val,packing,1,1,0.020866,0.914535
402,val,price,0,0,0.034219,0.050451
402,val,shipping,1,1,0.015754,0.970229
402,val,smell,0,0,0.037269,0.072966
402,val,stayingpower,0,0,0.061422,0.077971
402,val,texture,0,0,0.051488,0.100064
403,val,colour,1,1,0.055302,0.919774
403,val,packing,0,0,0.059821,0.063059
403,val,price,0,0,0.092671,0.292026
403,val,shipping,0,0,0.157356,0.063838
403,val,smell,0,0,0.072528,0.048295
403,val,stayingpower,0,0,0.283405,0.158921
403,val,texture,2,2,0.987291,0.009586
404,val,colour,1,1,0.009211,0.984092
404,val,packing,0,0,0.033096,0.132162
404,val,price,0,0,0.046633,0.070334
404,val,shipping,0,0,0.061473,0.113072
404,val,smell,1,1,0.02052,0.956513
404,val,stayingpower,0,0,0.036861,0.084792
404,val,texture,0,0,0.048591,0.361417
405,val,colour,0,0,0.034403,0.031355
405,val,packing,0,0,0.031081,0.026311
405,val,price,0,0,0.02704,0.027458
405,val,shipping,0,0,0.040684,0.048973
405,val,smell,0,0,0.031324,0.029421
405,val,stayingpower,0,0,0.033935,0.039916
405,val,texture,0,0,0.033182,0.040426
406,val,colour,0,0,0.034282,0.076023
406,val,packing,0,0,0.021786,0.026848
406,val,price,0,0,0.026324,0.030824
406,val,shipping,0,0,0.036921,0.045951
406,val,smell,0,0,0.036543,0.052981
406,val,stayingpower,0,0,0.024979,0.02856
406,val,texture,0,0,0.026358,0.032023
407,val,colour,1,1,0.152321,0.59718
407,val,packing,1,2,0.690972,0.231763
407,val,price,1,1,0.071576,0.90285
407,val,shipping,0,2,0.637564,0.084296
407,val,smell,1,1,0.402016,0.519087
407,val,stayingpower,0,0,0.100823,0.125369
407,val,texture,0,2,0.793125,0.064913
408,val,colour,0,0,0.026208,0.047391
408,val,packing,0,0,0.028633,0.054402
408,val,price,0,0,0.025435,0.029516
408,val,shipping,0,0,0.057629,0.176997
408,val,smell,0,0,0.02549,0.030199
408,val,stayingpower,0,0,0.02495,0.026125
408,val,texture,0,0,0.02024,0.024719
409,val,colour,1,1,0.018516,0.968196
409,val,packing,1,1,0.014032,0.962821
409,val,price,0,0,0.045645,0.099947
409,val,shipping,1,1,0.017352,0.970073
409,val,smell,0,0,0.041312,0.072358
409,val,stayingpower,0,0,0.062931,0.069585
409,val,texture,0,0,0.049303,0.082408
410,val,colour,0,0,0.090063,0.152847
410,val,packing,0,0,0.199777,0.055543
410,val,price,1,1,0.098255,0.842558
410,val,shipping,2,2,0.990473,0.004533
410,val,smell,0,0,0.14406,0.076816
410,val,stayingpower,1,2,0.726315,0.182273
410,val,texture,0,2,0.603833,0.229824
411,val,colour,0,0,0.210007,0.384399
411,val,packing,0,0,0.152189,0.066289
411,val,price,0,0,0.097939,0.12741
411,val,shipping,2,2,0.960103,0.016952
411,val,smell,3,2,0.977929,0.016432
411,val,stayingpower,0,0,0.123455,0.142403
411,val,texture,0,2,0.466299,0.124989
412,val,colour,1,1,0.025318,0.960153
412,val,packing,0,0,0.046615,0.065127
412,val,price,0,0,0.074868,0.148623
412,val,shipping,0,0,0.129146,0.075753
412,val,smell,0,0,0.093316,0.094626
412,val,stayingpower,0,0,0.109787,0.145424
412,val,texture,2,2,0.973686,0.013417
413,val,colour,1,1,0.028356,0.957194
413,val,packing,1,1,0.012072,0.970539
413,val,price,0,0,0.042479,0.068295
413,val,shipping,1,1,0.017267,0.958847
413,val,smell,0,0,0.042884,0.074318
413,val,stayingpower,0,0,0.052308,0.065281
413,val,texture,0,0,0.048376,0.079298
414,val,colour,0,0,0.033291,0.059074
414,val,packing,0,0,0.023984,0.027662
414,val,price,0,0,0.027773,0.033853
414,val,shipping,0,0,0.031173,0.038652
414,val,smell,0,0,0.029802,0.032951
414,val,stayingpower,0,0,0.029018,0.035041
414,val,texture,0,0,0.031103,0.042944
415,val,colour,0,0,0.026252,0.099135
415,val,packing,0,0,0.080573,0.055381
415,val,price,1,1,0.052801,0.90106
415,val,shipping,0,0,0.059758,0.064322
415,val,smell,0,0,0.057002,0.147478
415,val,stayingpower,3,1,0.294156,0.653228
415,val,texture,1,1,0.024209,0.942912
416,val,colour,1,1,0.053537,0.939181
416,val,packing,0,0,0.024159,0.030776
416,val,price,1,0,0.038051,0.071377
416,val,shipping,0,0,0.038481,0.097202
416,val,smell,0,0,0.041842,0.139742
416,val,stayingpower,0,1,0.101519,0.850026
416,val,texture,1,1,0.053127,0.7485
417,val,colour,1,1,0.006639,0.987589
417,val,packing,0,0,0.014118,0.048791
417,val,price,0,0,0.037969,0.0724
417,val,shipping,0,0,0.034898,0.057387
417,val,smell,0,0,0.024001,0.0608
417,val,stayingpower,0,0,0.042477,0.079911
417,val,texture,0,0,0.053189,0.115161
418,val,colour,0,0,0.028184,0.060421
418,val,packing,0,0,0.021771,0.019161
418,val,price,0,0,0.021306,0.021474
418,val,shipping,0,0,0.042164,0.045775
418,val,smell,0,0,0.023454,0.031534
418,val,stayingpower,0,0,0.046901,0.081917
418,val,texture,0,0,0.038122,0.062894
419,val,colour,1,1,0.006795,0.988661
419,val,packing,0,0,0.014373,0.045902
419,val,price,0,0,0.036081,0.065123
419,val,shipping,0,0,0.030072,0.047756
419,val,smell,0,0,0.022768,0.061735
419,val,stayingpower,0,0,0.048021,0.100035
419,val,texture,0,0,0.064273,0.273326
420,val,colour,1,1,0.014284,0.945121
420,val,packing,0,0,0.022299,0.02401
420,val,price,0,0,0.034328,0.039514
420,val,shipping,0,0,0.037637,0.048682
420,val,smell,0,0,0.036231,0.145349
420,val,stayingpower,2,1,0.045597,0.908539
420,val,texture,0,1,0.051683,0.729828
421,val,colour,1,1,0.16449,0.748648
421,val,packing,0,0,0.108797,0.114601
421,val,price,1,1,0.103971,0.766166
421,val,shipping,0,0,0.222014,0.108573
421,val,smell,2,2,0.983383,0.007475
421,val,stayingpower,0,0,0.399653,0.12496
421,val,texture,2,2,0.976001,0.010726
422,val,colour,1,1,0.040581,0.907631
422,val,packing,0,0,0.047686,0.064124
422,val,price,0,0,0.069109,0.081235
422,val,shipping,0,0,0.058537,0.057663
422,val,smell,1,1,0.017522,0.971781
422,val,stayingpower,0,0,0.049232,0.168651
422,val,texture,0,1,0.012175,0.962926
423,val,colour,1,1,0.023302,0.951467
423,val,packing,1,1,0.023645,0.919597
423,val,price,1,1,0.028979,0.936874
423,val,shipping,0,0,0.071057,0.162393
423,val,smell,0,0,0.031128,0.079178
423,val,stayingpower,0,0,0.029352,0.0416
423,val,texture,0,0,0.059266,0.064258
424,val,colour,0,0,0.032736,0.212782
424,val,packing,0,0,0.055609,0.096414
424,val,price,0,0,0.037407,0.056732
424,val,shipping,2,2,0.993133,0.003427
424,val,smell,0,0,0.034155,0.06876
424,val,stayingpower,0,0,0.033843,0.081352
424,val,texture,0,0,0.052766,0.184587
425,val,colour,0,0,0.044112,0.130436
425,val,packing,0,0,0.040069,0.116168
425,val,price,1,1,0.013106,0.979713
425,val,shipping,0,0,0.041752,0.091459
425,val,smell,0,0,0.02782,0.044392
425,val,stayingpower,0,0,0.0341,0.044268
425,val,texture,0,0,0.028505,0.055187
426,val,colour,1,1,0.016718,0.96769
426,val,packing,0,0,0.033626,0.057224
426,val,price,0,0,0.062563,0.077568
426,val,shipping,0,0,0.045363,0.052805
426,val,smell,1,1,0.019817,0.952555
426,val,stayingpower,0,0,0.047854,0.15999
426,val,texture,1,1,0.020762,0.935416
427,val,colour,0,0,0.224629,0.22473
427,val,packing,0,0,0.065728,0.046615
427,val,price,0,0,0.057888,0.082296
427,val,shipping,0,0,0.04772,0.066683
427,val,smell,0,0,0.037791,0.058051
427,val,stayingpower,2,2,0.97876,0.017911
427,val,texture,0,2,0.375907,0.341515
428,val,colour,0,0,0.015071,0.057488
428,val,packing,0,0,0.031935,0.025623
428,val,price,0,1,0.08398,0.628788
428,val,shipping,0,0,0.014284,0.040435
428,val,smell,0,0,0.02161,0.046127
428,val,stayingpower,1,1,0.151438,0.732349
428,val,texture,0,0,0.054727,0.435839
429,val,colour,1,1,0.041115,0.932092
429,val,packing,0,0,0.039026,0.146523
429,val,price,0,0,0.045886,0.088593
429,val,shipping,1,1,0.019921,0.969473
429,val,smell,1,1,0.030437,0.928999
429,val,stayingpower,0,0,0.058308,0.102437
429,val,texture,0,0,0.064063,0.256421
430,val,colour,0,0,0.04248,0.091301
430,val,packing,1,1,0.019259,0.970921
430,val,price,1,1,0.034598,0.906221
430,val,shipping,1,1,0.022432,0.95912
430,val,smell,0,0,0.052139,0.06553
430,val,stayingpower,0,0,0.039924,0.040954
430,val,texture,0,0,0.037548,0.063554
431,val,colour,0,0,0.051576,0.085849
431,val,packing,0,0,0.042245,0.098019
431,val,price,0,0,0.033239,0.079757
431,val,shipping,1,1,0.011124,0.982156
431,val,smell,0,0,0.026312,0.034163
431,val,stayingpower,0,0,0.051902,0.048169
431,val,texture,0,0,0.033808,0.040813
432,val,colour,0,0,0.038695,0.05219
432,val,packing,0,0,0.022868,0.017815
432,val,price,0,0,0.02581,0.02683
432,val,shipping,0,0,0.023981,0.021072
432,val,smell,0,0,0.038596,0.057529
432,val,stayingpower,0,0,0.039515,0.060351
432,val,texture,0,0,0.046209,0.067027
433,val,colour,1,1,0.033266,0.931922
433,val,packing,1,1,0.010834,0.979681
433,val,price,0,0,0.040004,0.05767
433,val,shipping,3,1,0.043817,0.886057
433,val,smell,0,0,0.037645,0.051301
433,val,stayingpower,0,0,0.051842,0.055658
433,val,texture,0,0,0.03058,0.039392
434,val,colour,1,1,0.018787,0.961987
434,val,packing,0,0,0.036545,0.098522
434,val,price,0,0,0.072136,0.11102
434,val,shipping,2,2,0.98671,0.006754
434,val,smell,1,1,0.054669,0.89812
434,val,stayingpower,0,0,0.076634,0.151227
434,val,texture,0,0,0.08285,0.27364
435,val,colour,1,1,0.015962,0.974591
435,val,packing,0,0,0.021369,0.095688
435,val,price,0,0,0.043956,0.157901
435,val,shipping,1,1,0.015299,0.974031
435,val,smell,0,0,0.029934,0.06773
435,val,stayingpower,0,0,0.068465,0.091917
435,val,texture,0,0,0.050215,0.085499
436,val,colour,0,0,0.026799,0.085928
436,val,packing,0,0,0.019258,0.029099
436,val,price,0,0,0.031433,0.046262
436,val,shipping,0,0,0.020878,0.030367
436,val,smell,0,0,0.028642,0.040217
436,val,stayingpower,0,0,0.022791,0.034024
436,val,texture,0,0,0.033741,0.08959
437,val,colour,2,2,0.776445,0.193854
437,val,packing,0,0,0.104848,0.087535
437,val,price,0,0,0.117742,0.198714
437,val,shipping,0,0,0.062754,0.095727
437,val,smell,0,0,0.091257,0.064889
437,val,stayingpower,0,2,0.952243,0.028711
437,val,texture,2,2,0.975573,0.019709
438,val,colour,0,0,0.025265,0.12662
438,val,packing,0,0,0.027092,0.033931
438,val,price,0,0,0.035118,0.06025
438,val,shipping,0,0,0.021874,0.030472
438,val,smell,0,0,0.027385,0.054065
438,val,stayingpower,0,0,0.01963,0.07105
438,val,texture,0,1,0.040884,0.826522
439,val,colour,2,2,0.988252,0.00589
439,val,packing,0,0,0.23168,0.132581
439,val,price,1,1,0.071635,0.8478
439,val,shipping,1,1,0.189913,0.710907
439,val,smell,0,0,0.206871,0.096774
439,val,stayingpower,0,0,0.1559,0.082104
439,val,texture,0,0,0.227319,0.046249
440,val,colour,0,0,0.010727,0.087545
440,val,packing,0,0,0.076442,0.088017
440,val,price,0,0,0.051319,0.052605
440,val,shipping,0,0,0.039935,0.036213
440,val,smell,0,0,0.030018,0.089268
440,val,stayingpower,1,1,0.041569,0.924086
440,val,texture,1,1,0.042805,0.854835
441,val,colour,1,1,0.013618,0.977553
441,val,packing,0,0,0.013356,0.038663
441,val,price,0,0,0.040617,0.090567
441,val,shipping,0,0,0.042859,0.073819
441,val,smell,0,0,0.023029,0.048587
441,val,stayingpower,0,0,0.041589,0.04968
441,val,texture,0,0,0.030263,0.04483
442,val,colour,0,0,0.024661,0.054128
442,val,packing,0,0,0.035001,0.092346
442,val,price,0,0,0.036954,0.095252
442,val,shipping,1,1,0.014894,0.969196
442,val,smell,0,0,0.033656,0.071067
442,val,stayingpower,0,0,0.035218,0.04277
442,val,texture,0,0,0.022615,0.032681
443,val,colour,0,1,0.166239,0.526276
443,val,packing,0,0,0.064091,0.078428
443,val,price,0,0,0.091122,0.204101
443,val,shipping,0,0,0.096069,0.095544
443,val,smell,0,0,0.051347,0.114024
443,val,stayingpower,2,2,0.994909,0.00386
443,val,texture,1,1,0.33996,0.449783
444,val,colour,0,0,0.078869,0.079984
444,val,packing,0,0,0.089693,0.080274
444,val,price,0,0,0.043979,0.061464
444,val,shipping,2,2,0.993994,0.003051
444,val,smell,0,0,0.044661,0.049771
444,val,stayingpower,0,0,0.044489,0.060897
444,val,texture,0,0,0.048534,0.068909
445,val,colour,2,1,0.266727,0.72342
445,val,packing,0,0,0.024334,0.032224
445,val,price,1,1,0.022366,0.956951
445,val,shipping,0,0,0.031054,0.052016
445,val,smell,0,0,0.049042,0.073635
445,val,stayingpower,0,1,0.295502,0.442522
445,val,texture,2,1,0.299749,0.517664
446,val,colour,1,1,0.051846,0.934619
446,val,packing,0,0,0.029321,0.059421
446,val,price,0,0,0.05868,0.139607
446,val,shipping,2,2,0.991173,0.003071
446,val,smell,0,0,0.04211,0.062071
446,val,stayingpower,0,0,0.074596,0.081573
446,val,texture,0,0,0.16267,0.100468
447,val,colour,0,0,0.286735,0.22275
447,val,packing,0,0,0.153469,0.095759
447,val,price,1,0,0.071387,0.084759
447,val,shipping,0,0,0.065667,0.047497
447,val,smell,0,0,0.051695,0.066218
447,val,stayingpower,0,0,0.20011,0.186143
447,val,texture,1,2,0.963262,0.03307
448,val,colour,1,1,0.007802,0.985433
448,val,packing,0,0,0.015393,0.056813
448,val,price,0,0,0.04065,0.0891
448,val,shipping,0,0,0.049836,0.088057
448,val,smell,0,0,0.023575,0.051047
448,val,stayingpower,0,0,0.036763,0.053618
448,val,texture,0,0,0.03321,0.051025
449,val,colour,1,1,0.008526,0.983787
449,val,packing,0,0,0.032766,0.075844
449,val,price,0,0,0.049517,0.054931
449,val,shipping,0,0,0.052559,0.065297
449,val,smell,1,1,0.024346,0.959312
449,val,stayingpower,0,0,0.060571,0.20475
449,val,texture,1,1,0.073667,0.647255
450,val,colour,0,0,0.052695,0.05739
450,val,packing,0,0,0.09692,0.06966
450,val,price,0,1,0.08143,0.726164
450,val,shipping,2,2,0.991589,0.003137
450,val,smell,0,0,0.041552,0.040192
450,val,stayingpower,0,0,0.041833,0.053229
450,val,texture,0,0,0.042947,0.049323
451,val,colour,1,1,0.024339,0.948788
451,val,packing,0,0,0.034364,0.044782
451,val,price,0,0,0.036056,0.05629
451,val,shipping,0,0,0.068323,0.058215
451,val,smell,0,0,0.038753,0.076858
451,val,stayingpower,0,0,0.099286,0.175546
451,val,texture,3,2,0.802266,0.183368
452,val,colour,0,0,0.207637,0.394848
452,val,packing,1,1,0.281751,0.668827
452,val,price,0,0,0.180423,0.384323
452,val,shipping,1,1,0.154383,0.745406
452,val,smell,2,2,0.975067,0.021393
452,val,stayingpower,0,0,0.28817,0.225855
452,val,texture,1,2,0.420318,0.341191
453,val,colour,0,0,0.035556,0.119845
453,val,packing,0,0,0.036021,0.156882
453,val,price,0,0,0.031973,0.072451
453,val,shipping,3,1,0.023334,0.91876
453,val,smell,0,0,0.020704,0.025439
453,val,stayingpower,0,0,0.021584,0.021832
453,val,texture,0,0,0.017657,0.017755
454,val,colour,1,1,0.020649,0.965733
454,val,packing,1,1,0.016497,0.964254
454,val,price,1,1,0.027733,0.944624
454,val,shipping,0,1,0.086997,0.808238
454,val,smell,0,0,0.03953,0.071967
454,val,stayingpower,0,0,0.073008,0.069325
454,val,texture,0,0,0.06591,0.078711
455,val,colour,0,0,0.034096,0.072461
455,val,packing,0,0,0.021074,0.02432
455,val,price,0,0,0.027925,0.034382
455,val,shipping,0,0,0.027442,0.035936
455,val,smell,0,0,0.028935,0.033803
455,val,stayingpower,0,0,0.026742,0.035289
455,val,texture,0,0,0.034005,0.053893
456,val,colour,0,0,0.0392,0.048769
456,val,packing,0,0,0.034749,0.0629
456,val,price,0,0,0.032649,0.071093
456,val,shipping,1,1,0.014483,0.971413
456,val,smell,0,0,0.026684,0.036326
456,val,stayingpower,0,0,0.046809,0.050083
456,val,texture,0,0,0.032121,0.045172
457,val,colour,1,1,0.013208,0.980849
457,val,packing,0,0,0.0289,0.122289
457,val,price,0,0,0.031302,0.046556
457,val,shipping,3,1,0.146837,0.697364
457,val,smell,0,0,0.019593,0.076385
457,val,stayingpower,0,0,0.056197,0.13361
457,val,texture,1,1,0.030705,0.914851
458,val,colour,1,1,0.012989,0.94823
458,val,packing,0,0,0.027227,0.040339
458,val,price,1,1,0.050033,0.863713
458,val,shipping,0,0,0.03968,0.08704
458,val,smell,0,0,0.027952,0.091513
458,val,stayingpower,1,1,0.134484,0.837111
458,val,texture,0,1,0.059623,0.603503
459,val,colour,0,0,0.026172,0.104704
459,val,packing,0,0,0.089776,0.108494
459,val,price,0,0,0.043229,0.079209
459,val,shipping,3,2,0.987027,0.006802
459,val,smell,0,0,0.043022,0.129953
459,val,stayingpower,0,0,0.044142,0.160822
459,val,texture,1,1,0.032795,0.895392
460,val,colour,0,0,0.036954,0.154555
460,val,packing,0,0,0.020766,0.03498
460,val,price,0,0,0.025191,0.026397
460,val,shipping,0,0,0.025285,0.042274
460,val,smell,0,0,0.022194,0.026237
460,val,stayingpower,0,0,0.02494,0.033193
460,val,texture,0,0,0.037651,0.065773
461,val,colour,1,1,0.028396,0.932386
461,val,packing,0,1,0.045302,0.928941
461,val,price,0,0,0.087394,0.104681
461,val,shipping,1,1,0.062965,0.873595
461,val,smell,1,1,0.040364,0.940084
461,val,stayingpower,1,1,0.1005,0.862313
461,val,texture,3,1,0.046881,0.835843
462,val,colour,1,1,0.014613,0.966274
462,val,packing,0,0,0.026023,0.07912
462,val,price,0,0,0.050135,0.108255
462,val,shipping,2,2,0.984697,0.009756
462,val,smell,0,0,0.027895,0.063
462,val,stayingpower,0,0,0.05357,0.09557
462,val,texture,0,0,0.076455,0.103238
463,val,colour,3,2,0.606394,0.388426
463,val,packing,0,0,0.022022,0.029372
463,val,price,0,0,0.043713,0.107907
463,val,shipping,0,0,0.022467,0.029874
463,val,smell,0,0,0.037868,0.044992
463,val,stayingpower,0,0,0.066226,0.057456
463,val,texture,0,0,0.232896,0.128786
464,val,colour,0,0,0.084065,0.237769
464,val,packing,0,0,0.091162,0.067392
464,val,price,0,0,0.097331,0.139304
464,val,shipping,0,0,0.074526,0.077412
464,val,smell,0,0,0.030656,0.03855
464,val,stayingpower,2,2,0.981325,0.013396
464,val,texture,3,2,0.827925,0.121318
465,val,colour,1,1,0.053915,0.814191
465,val,packing,1,1,0.017583,0.958299
465,val,price,0,0,0.037055,0.050828
465,val,shipping,0,0,0.037832,0.146418
465,val,smell,0,0,0.026951,0.047278
465,val,stayingpower,0,0,0.027818,0.030638
465,val,texture,0,0,0.028677,0.04036
466,val,colour,0,0,0.069686,0.245858
466,val,packing,1,1,0.109299,0.84396
466,val,price,1,1,0.030385,0.960222
466,val,shipping,0,0,0.117786,0.34973
466,val,smell,1,1,0.051708,0.915037
466,val,stayingpower,0,0,0.071037,0.146275
466,val,texture,1,1,0.032067,0.925026
467,val,colour,3,1,0.118717,0.772335
467,val,packing,1,1,0.231364,0.672765
467,val,price,0,0,0.112625,0.440746
467,val,shipping,0,0,0.122996,0.334092
467,val,smell,2,2,0.983543,0.011819
467,val,stayingpower,0,0,0.185021,0.162426
467,val,texture,0,2,0.508717,0.233746
468,val,colour,1,1,0.015473,0.976701
468,val,packing,0,0,0.016743,0.067273
468,val,price,0,0,0.035691,0.060949
468,val,shipping,0,0,0.043052,0.059045
468,val,smell,0,0,0.026909,0.075218
468,val,stayingpower,0,0,0.032916,0.036533
468,val,texture,0,0,0.033351,0.051786
469,val,colour,1,1,0.014983,0.973405
469,val,packing,0,0,0.033381,0.106051
469,val,price,0,0,0.046184,0.058249
469,val,shipping,0,0,0.069074,0.088647
469,val,smell,1,1,0.02063,0.959253
469,val,stayingpower,0,0,0.031072,0.063272
469,val,texture,0,0,0.05496,0.242411
470,val,colour,0,0,0.029629,0.048764
470,val,packing,0,0,0.02462,0.034248
470,val,price,0,0,0.028544,0.037399
470,val,shipping,0,0,0.044972,0.08532
470,val,smell,0,0,0.030673,0.038343
470,val,stayingpower,0,0,0.026536,0.027764
470,val,texture,0,0,0.021222,0.025069
471,val,colour,0,0,0.043625,0.057305
471,val,packing,0,0,0.109909,0.079552
471,val,price,1,1,0.046415,0.907851
471,val,shipping,2,2,0.991278,0.004561
471,val,smell,0,0,0.05092,0.070665
471,val,stayingpower,0,0,0.055622,0.061059
471,val,texture,0,0,0.046725,0.071966
472,val,colour,0,0,0.01829,0.040016
472,val,packing,0,0,0.033289,0.078257
472,val,price,0,0,0.024257,0.028234
472,val,shipping,0,1,0.073438,0.496409
472,val,smell,0,0,0.023998,0.034161
472,val,stayingpower,0,0,0.022391,0.03096
472,val,texture,0,0,0.021293,0.026126
473,val,colour,1,1,0.006419,0.984858
473,val,packing,1,1,0.033045,0.922059
473,val,price,0,0,0.04891,0.044695
473,val,shipping,0,0,0.053571,0.191624
473,val,smell,0,0,0.035658,0.123339
473,val,stayingpower,1,1,0.153213,0.718498
473,val,texture,0,0,0.096837,0.406826
474,val,colour,1,1,0.078527,0.831535
474,val,packing,0,0,0.077577,0.089542
474,val,price,3,1,0.097463,0.707004
474,val,shipping,0,0,0.181787,0.097524
474,val,smell,2,2,0.992477,0.003599
474,val,stayingpower,0,0,0.169014,0.144151
474,val,texture,0,2,0.65225,0.121234
475,val,colour,0,0,0.032876,0.149964
475,val,packing,1,1,0.054221,0.911885
475,val,price,0,0,0.050757,0.055986
475,val,shipping,1,1,0.022649,0.946726
475,val,smell,0,0,0.049987,0.17065
475,val,stayingpower,1,1,0.072892,0.833231
475,val,texture,1,1,0.015182,0.960384
476,val,colour,1,1,0.014339,0.968187
476,val,packing,0,0,0.104198,0.15551
476,val,price,0,0,0.091469,0.097549
476,val,shipping,2,2,0.974578,0.006346
476,val,smell,1,1,0.15813,0.709956
476,val,stayingpower,0,0,0.263408,0.21063
476,val,texture,2,2,0.858187,0.084969
477,val,colour,1,1,0.029016,0.949604
477,val,packing,0,0,0.037172,0.08972
477,val,price,0,0,0.0359,0.063037
477,val,shipping,1,1,0.030279,0.933696
477,val,smell,0,0,0.025675,0.097469
477,val,stayingpower,0,0,0.076704,0.199223
477,val,texture,1,1,0.042655,0.919095
478,val,colour,0,0,0.026983,0.066705
478,val,packing,0,0,0.0316,0.079759
478,val,price,0,0,0.028808,0.036893
478,val,shipping,0,0,0.031738,0.081156
478,val,smell,0,0,0.027128,0.039243
478,val,stayingpower,0,0,0.021424,0.02501
478,val,texture,0,0,0.019025,0.030708
479,val,colour,1,1,0.031421,0.950599
479,val,packing,0,0,0.03093,0.054509
479,val,price,0,0,0.073225,0.197888
479,val,shipping,0,0,0.090943,0.061833
479,val,smell,0,0,0.039571,0.130268
479,val,stayingpower,2,2,0.957623,0.039744
479,val,texture,1,1,0.128181,0.733899
480,val,colour,0,0,0.033236,0.05731
480,val,packing,0,0,0.025974,0.033201
480,val,price,1,1,0.022409,0.953776
480,val,shipping,0,0,0.041472,0.094779
480,val,smell,0,0,0.02562,0.031008
480,val,stayingpower,0,0,0.03284,0.037924
480,val,texture,0,0,0.031065,0.053581
481,val,colour,0,0,0.03634,0.067892
481,val,packing,0,0,0.035945,0.073308
481,val,price,0,0,0.03227,0.073561
481,val,shipping,1,1,0.013731,0.977312
481,val,smell,0,0,0.026402,0.044608
481,val,stayingpower,0,0,0.04841,0.057512
481,val,texture,0,0,0.033156,0.05431
482,val,colour,1,2,0.771926,0.203626
482,val,packing,2,2,0.472573,0.394991
482,val,price,0,1,0.132918,0.535489
482,val,shipping,0,2,0.851712,0.070991
482,val,smell,0,0,0.231567,0.16478
482,val,stayingpower,2,2,0.937163,0.049728
482,val,texture,1,2,0.709766,0.199269
483,val,colour,1,1,0.019258,0.96221
483,val,packing,0,0,0.028701,0.088823
483,val,price,0,0,0.040448,0.052365
483,val,shipping,0,0,0.05749,0.086619
483,val,smell,1,1,0.026076,0.947582
483,val,stayingpower,0,0,0.033229,0.056866
483,val,texture,0,0,0.030837,0.12116
484,val,colour,0,0,0.058376,0.103267
484,val,packing,1,1,0.016734,0.978585
484,val,price,0,0,0.050254,0.067791
484,val,shipping,1,1,0.013243,0.976461
484,val,smell,0,0,0.047297,0.05427
484,val,stayingpower,0,0,0.05495,0.05529
484,val,texture,0,0,0.041094,0.059014
485,val,colour,0,0,0.177531,0.272012
485,val,packing,0,0,0.078104,0.050376
485,val,price,0,0,0.08207,0.121261
485,val,shipping,0,0,0.131714,0.071156
485,val,smell,0,0,0.061243,0.087521
485,val,stayingpower,2,2,0.988918,0.009669
485,val,texture,3,2,0.444247,0.426493
486,val,colour,0,0,0.040077,0.084172
486,val,packing,0,0,0.030422,0.067221
486,val,price,0,0,0.034914,0.091291
486,val,shipping,1,1,0.009984,0.977568
486,val,smell,0,0,0.02712,0.045398
486,val,stayingpower,0,0,0.041484,0.047696
486,val,texture,0,0,0.028894,0.043495
487,val,colour,0,2,0.749746,0.107771
487,val,packing,0,0,0.05166,0.031986
487,val,price,0,0,0.034845,0.025141
487,val,shipping,0,0,0.020229,0.031138
487,val,smell,1,1,0.060091,0.897569
487,val,stayingpower,0,0,0.025106,0.068858
487,val,texture,0,0,0.079835,0.354182
488,val,colour,1,1,0.026741,0.953232
488,val,packing,0,0,0.035734,0.117098
488,val,price,0,0,0.037902,0.07794
488,val,shipping,1,1,0.015855,0.971888
488,val,smell,0,0,0.023535,0.085815
488,val,stayingpower,0,0,0.078619,0.197583
488,val,texture,1,1,0.080889,0.798778
489,val,colour,1,0,0.029535,0.085332
489,val,packing,0,0,0.159873,0.09465
489,val,price,1,1,0.029822,0.954595
489,val,shipping,2,2,0.98568,0.005897
489,val,smell,0,0,0.058896,0.130542
489,val,stayingpower,0,0,0.062578,0.143984
489,val,texture,3,1,0.117884,0.712379
490,val,colour,1,1,0.016068,0.936596
490,val,packing,0,0,0.034735,0.048798
490,val,price,0,0,0.045413,0.075516
490,val,shipping,0,0,0.049067,0.060242
490,val,smell,0,0,0.021339,0.068163
490,val,stayingpower,1,1,0.080318,0.879452
490,val,texture,1,1,0.020152,0.952395
491,val,colour,1,1,0.047849,0.923977
491,val,packing,0,0,0.038939,0.070822
491,val,price,0,0,0.069436,0.088573
491,val,shipping,2,2,0.988737,0.004081
491,val,smell,3,1,0.122434,0.830015
491,val,stayingpower,0,0,0.092917,0.152106
491,val,texture,0,0,0.093718,0.196611
492,val,colour,1,1,0.028449,0.945485
492,val,packing,0,0,0.067835,0.238173
492,val,price,0,0,0.046154,0.09535
492,val,shipping,0,1,0.027467,0.936445
492,val,smell,0,0,0.019119,0.039104
492,val,stayingpower,1,1,0.181673,0.721327
492,val,texture,2,1,0.149468,0.811022
493,val,colour,1,1,0.008401,0.957923
493,val,packing,0,0,0.036071,0.0612
493,val,price,0,0,0.050508,0.08855
493,val,shipping,0,0,0.045608,0.058343
493,val,smell,0,0,0.02613,0.115476
493,val,stayingpower,1,1,0.101652,0.874893
493,val,texture,1,1,0.03497,0.92374
494,val,colour,1,1,0.01887,0.955877
494,val,packing,0,0,0.035749,0.059164
494,val,price,0,0,0.059089,0.070071
494,val,shipping,0,0,0.045362,0.061098
494,val,smell,1,1,0.014778,0.972404
494,val,stayingpower,0,0,0.042024,0.112089
494,val,texture,1,1,0.033379,0.862657
495,val,colour,0,0,0.036572,0.082087
495,val,packing,0,1,0.048667,0.864777
495,val,price,0,0,0.026563,0.029805
495,val,shipping,3,1,0.019532,0.970358
495,val,smell,0,0,0.025218,0.025658
495,val,stayingpower,0,0,0.035706,0.045546
495,val,texture,0,0,0.040553,0.066374
496,val,colour,0,0,0.0247,0.267716
496,val,packing,0,0,0.09256,0.075519
496,val,price,0,0,0.088558,0.108909
496,val,shipping,0,0,0.041103,0.048881
496,val,smell,1,1,0.051297,0.927421
496,val,stayingpower,1,1,0.050067,0.932452
496,val,texture,3,1,0.02405,0.921866
497,val,colour,1,1,0.006654,0.9772
497,val,packing,0,0,0.033678,0.072954
497,val,price,0,0,0.049272,0.097867
497,val,shipping,0,0,0.057308,0.113371
497,val,smell,0,0,0.026697,0.076422
497,val,stayingpower,1,1,0.06116,0.905029
497,val,texture,0,1,0.073479,0.567172
498,val,colour,0,0,0.13592,0.392502
498,val,packing,0,0,0.06448,0.056118
498,val,price,0,0,0.090298,0.178827
498,val,shipping,0,0,0.058972,0.063215
498,val,smell,2,2,0.644323,0.332434
498,val,stayingpower,3,2,0.931229,0.062859
498,val,texture,3,1,0.249207,0.574574
499,val,colour,1,1,0.011926,0.971025
499,val,packing,0,0,0.030259,0.098492
499,val,price,0,0,0.053626,0.110639
499,val,shipping,2,2,0.989052,0.006283
499,val,smell,0,0,0.039054,0.101342
499,val,stayingpower,0,0,0.056438,0.098302
499,val,texture,0,0,0.09061,0.120282
500,val,colour,1,1,0.014827,0.967773
500,val,packing,0,0,0.024252,0.161712
500,val,price,1,1,0.018083,0.958632
500,val,shipping,0,1,0.054995,0.876692
500,val,smell,0,0,0.027325,0.047709
500,val,stayingpower,0,0,0.044159,0.050767
500,val,texture,0,0,0.033558,0.039021
501,val,colour,0,0,0.049862,0.101107
501,val,packing,0,0,0.032822,0.068038
501,val,price,0,0,0.037433,0.111831
501,val,shipping,1,1,0.009813,0.981971
501,val,smell,0,0,0.02512,0.041808
501,val,stayingpower,0,0,0.04566,0.047157
501,val,texture,0,0,0.031639,0.044831
502,val,colour,0,0,0.034804,0.072304
502,val,packing,0,0,0.023858,0.034799
502,val,price,0,0,0.027179,0.035477
502,val,shipping,0,0,0.025695,0.041488
502,val,smell,0,0,0.028779,0.033055
502,val,stayingpower,0,0,0.02427,0.030606
502,val,texture,0,0,0.030596,0.049839
503,val,colour,0,0,0.092918,0.024773
503,val,packing,0,0,0.170977,0.04689
503,val,price,0,0,0.049776,0.065215
503,val,shipping,0,2,0.98125,0.007165
503,val,smell,0,0,0.047328,0.034
503,val,stayingpower,0,0,0.03234,0.039473
503,val,texture,0,0,0.066249,0.042781
504,val,colour,1,1,0.016945,0.966988
504,val,packing,0,0,0.037613,0.10369
504,val,price,1,1,0.046054,0.904805
504,val,shipping,2,2,0.987306,0.004618
504,val,smell,0,0,0.05409,0.140482
504,val,stayingpower,0,0,0.066822,0.096067
504,val,texture,0,0,0.097759,0.144402
505,val,colour,0,1,0.040953,0.595722
505,val,packing,0,0,0.121462,0.211985
505,val,price,0,0,0.112482,0.169162
505,val,shipping,2,2,0.982144,0.010722
505,val,smell,1,1,0.092182,0.880969
505,val,stayingpower,1,2,0.795886,0.177639
505,val,texture,0,1,0.074623,0.782268
506,val,colour,0,0,0.039733,0.063833
506,val,packing,0,0,0.028191,0.036094
506,val,price,0,0,0.028181,0.038091
506,val,shipping,0,0,0.040506,0.041577
506,val,smell,0,0,0.03012,0.033794
506,val,stayingpower,0,0,0.022006,0.026672
506,val,texture,0,0,0.024335,0.032364
507,val,colour,0,0,0.037304,0.090899
507,val,packing,1,1,0.021866,0.967133
507,val,price,0,0,0.047954,0.053501
507,val,shipping,0,0,0.058247,0.176557
507,val,smell,0,0,0.041727,0.051592
507,val,stayingpower,0,0,0.035167,0.039842
507,val,texture,0,0,0.026981,0.041077
508,val,colour,0,0,0.032132,0.078708
508,val,packing,1,1,0.023685,0.965663
508,val,price,0,0,0.043416,0.042813
508,val,shipping,0,0,0.062721,0.139169
508,val,smell,0,0,0.044081,0.060147
508,val,stayingpower,0,0,0.035169,0.045324
508,val,texture,0,0,0.031978,0.05729
509,val,colour,1,2,0.719097,0.261179
509,val,packing,0,0,0.024505,0.024298
509,val,price,0,0,0.027726,0.035988
509,val,shipping,0,0,0.018777,0.031752
509,val,smell,0,0,0.027332,0.029391
509,val,stayingpower,0,0,0.049039,0.058409
509,val,texture,0,0,0.101878,0.10981
510,val,colour,1,1,0.034245,0.950868
510,val,packing,0,0,0.040222,0.053226
510,val,price,0,0,0.062791,0.124748
510,val,shipping,0,0,0.09273,0.055451
510,val,smell,0,0,0.069595,0.07157
510,val,stayingpower,0,0,0.165192,0.150503
510,val,texture,2,2,0.973177,0.018287
511,val,colour,0,0,0.038479,0.07796
511,val,packing,1,1,0.186205,0.638132
511,val,price,0,0,0.048888,0.040973
511,val,shipping,2,2,0.994808,0.003128
511,val,smell,0,0,0.049157,0.083785
511,val,stayingpower,0,0,0.05359,0.117434
511,val,texture,0,0,0.058439,0.202261
512,val,colour,0,0,0.015475,0.042832
512,val,packing,0,0,0.044072,0.175271
512,val,price,0,0,0.021246,0.02031
512,val,shipping,0,0,0.028225,0.162016
512,val,smell,0,0,0.029896,0.05489
512,val,stayingpower,0,0,0.03001,0.061692
512,val,texture,0,0,0.022973,0.048596
513,val,colour,1,1,0.034846,0.808697
513,val,packing,0,0,0.096188,0.102763
513,val,price,0,0,0.078184,0.188286
513,val,shipping,0,0,0.068012,0.080511
513,val,smell,2,2,0.958703,0.03737
513,val,stayingpower,1,1,0.136271,0.550653
513,val,texture,0,1,0.259606,0.453287
514,val,colour,0,0,0.03549,0.074771
514,val,packing,0,0,0.06398,0.103911
514,val,price,1,1,0.021314,0.944494
514,val,shipping,1,1,0.033636,0.936566
514,val,smell,0,0,0.036488,0.088235
514,val,stayingpower,0,0,0.05485,0.129272
514,val,texture,0,1,0.051414,0.719406
515,val,colour,0,0,0.023049,0.208533
515,val,packing,1,1,0.023347,0.958831
515,val,price,0,0,0.059441,0.09581
515,val,shipping,1,0,0.055302,0.274659
515,val,smell,0,0,0.044897,0.166417
515,val,stayingpower,0,0,0.027602,0.094013
515,val,texture,1,1,0.023534,0.931649
516,val,colour,0,0,0.02651,0.073257
516,val,packing,1,1,0.025771,0.953052
516,val,price,0,0,0.044533,0.050578
516,val,shipping,0,0,0.043563,0.101368
516,val,smell,0,0,0.042241,0.062776
516,val,stayingpower,0,0,0.027459,0.03656
516,val,texture,0,0,0.028559,0.061512
517,val,colour,1,1,0.009004,0.984794
517,val,packing,0,0,0.015811,0.055242
517,val,price,0,0,0.039261,0.075389
517,val,shipping,0,0,0.053563,0.064953
517,val,smell,0,0,0.025538,0.064089
517,val,stayingpower,0,0,0.045474,0.055744
517,val,texture,0,0,0.037559,0.050042
518,val,colour,1,1,0.029964,0.943513
518,val,packing,0,0,0.024353,0.034086
518,val,price,0,0,0.062714,0.191623
518,val,shipping,0,0,0.05209,0.071865
518,val,smell,0,0,0.023783,0.079904
518,val,stayingpower,2,2,0.965103,0.028916
518,val,texture,0,0,0.25156,0.305367
519,val,colour,0,0,0.123156,0.287182
519,val,packing,0,0,0.074721,0.094514
519,val,price,0,0,0.061429,0.094782
519,val,shipping,1,1,0.232699,0.718989
519,val,smell,1,1,0.045586,0.945652
519,val,stayingpower,3,2,0.511252,0.420424
519,val,texture,0,0,0.061805,0.459142
520,val,colour,0,0,0.054526,0.109755
520,val,packing,0,0,0.03994,0.112175
520,val,price,0,0,0.034636,0.086554
520,val,shipping,1,1,0.007935,0.984727
520,val,smell,0,0,0.027375,0.036315
520,val,stayingpower,0,0,0.045024,0.040468
520,val,texture,0,0,0.032535,0.04305
521,val,colour,1,1,0.228875,0.602105
521,val,packing,0,0,0.132536,0.217582
521,val,price,0,0,0.138437,0.310305
521,val,shipping,1,1,0.101753,0.665141
521,val,smell,2,2,0.950127,0.047479
521,val,stayingpower,0,0,0.249557,0.316248
521,val,texture,1,1,0.188606,0.649535
522,val,colour,1,1,0.028462,0.935358
522,val,packing,0,0,0.048892,0.109359
522,val,price,0,0,0.062436,0.130168
522,val,shipping,2,2,0.994925,0.002341
522,val,smell,0,0,0.045546,0.123445
522,val,stayingpower,0,0,0.117829,0.226826
522,val,texture,1,1,0.125148,0.773697
523,val,colour,1,1,0.009819,0.984242
523,val,packing,0,0,0.024318,0.068999
523,val,price,0,0,0.049653,0.121072
523,val,shipping,0,0,0.066678,0.09431
523,val,smell,0,0,0.022003,0.089173
523,val,stayingpower,0,0,0.063317,0.173205
523,val,texture,1,1,0.028101,0.948152
524,val,colour,1,1,0.018627,0.965952
524,val,packing,0,0,0.016515,0.06602
524,val,price,0,0,0.033109,0.087357
524,val,shipping,1,1,0.020218,0.946335
524,val,smell,0,0,0.02858,0.074718
524,val,stayingpower,0,0,0.04152,0.051675
524,val,texture,0,0,0.045497,0.062316
525,val,colour,0,1,0.046758,0.549246
525,val,packing,0,0,0.081458,0.172156
525,val,price,0,0,0.061023,0.087865
525,val,shipping,1,1,0.021904,0.952713
525,val,smell,1,1,0.038162,0.912134
525,val,stayingpower,1,1,0.048661,0.917833
525,val,texture,1,1,0.033888,0.771464
526,val,colour,1,1,0.02917,0.867418
526,val,packing,0,0,0.012136,0.021599
526,val,price,1,1,0.01782,0.968746
526,val,shipping,0,0,0.043126,0.036051
526,val,smell,0,0,0.019392,0.0425
526,val,stayingpower,0,0,0.032595,0.043708
526,val,texture,0,0,0.084361,0.122483
527,val,colour,0,0,0.04221,0.047829
527,val,packing,0,0,0.02503,0.024965
527,val,price,1,1,0.025656,0.947456
527,val,shipping,0,0,0.054999,0.073492
527,val,smell,0,0,0.03053,0.03569
527,val,stayingpower,0,0,0.032488,0.033869
527,val,texture,0,0,0.029288,0.042622
528,val,colour,1,1,0.022156,0.942668
528,val,packing,1,1,0.032114,0.94618
528,val,price,0,0,0.048998,0.053665
528,val,shipping,1,1,0.031846,0.917291
528,val,smell,0,0,0.049216,0.179929
528,val,stayingpower,1,1,0.100198,0.862757
528,val,texture,0,1,0.058961,0.803795
529,val,colour,0,0,0.045737,0.132468
529,val,packing,0,0,0.027544,0.047769
529,val,price,0,0,0.023869,0.04354
529,val,shipping,1,1,0.023657,0.94294
529,val,smell,0,0,0.019739,0.028903
529,val,stayingpower,0,0,0.040768,0.046511
529,val,texture,0,0,0.025516,0.039324
530,val,colour,1,1,0.020504,0.941605
530,val,packing,1,1,0.029406,0.927307
530,val,price,0,0,0.071708,0.109982
530,val,shipping,2,2,0.984359,0.009007
530,val,smell,0,0,0.05403,0.173285
530,val,stayingpower,0,0,0.05844,0.103553
530,val,texture,0,0,0.058911,0.142692
531,val,colour,0,0,0.032117,0.077668
531,val,packing,0,0,0.042907,0.132139
531,val,price,1,1,0.012065,0.979406
531,val,shipping,0,0,0.078573,0.388385
531,val,smell,0,0,0.032699,0.051483
531,val,stayingpower,0,0,0.024579,0.027356
531,val,texture,0,0,0.025616,0.03691
532,val,colour,0,0,0.030096,0.064707
532,val,packing,1,1,0.030588,0.94978
532,val,price,0,0,0.039131,0.033817
532,val,shipping,0,0,0.052039,0.105982
532,val,smell,0,0,0.04424,0.060673
532,val,stayingpower,0,0,0.033827,0.043484
532,val,texture,0,0,0.029394,0.055513
533,val,colour,1,0,0.05429,0.287008
533,val,packing,0,0,0.074565,0.057176
533,val,price,0,0,0.053662,0.043644
533,val,shipping,0,0,0.027263,0.032412
533,val,smell,1,1,0.02457,0.964795
533,val,stayingpower,2,0,0.045495,0.205135
533,val,texture,0,1,0.050752,0.90496
534,val,colour,0,0,0.046546,0.058966
534,val,packing,0,0,0.025908,0.027298
534,val,price,0,0,0.027367,0.03216
534,val,shipping,0,0,0.02866,0.04439
534,val,smell,0,0,0.03553,0.040717
534,val,stayingpower,0,0,0.027046,0.035183
534,val,texture,0,0,0.024336,0.030841
535,val,colour,1,1,0.025188,0.956148
535,val,packing,0,0,0.031277,0.051834
535,val,price,0,0,0.057607,0.063807
535,val,shipping,0,0,0.036808,0.041203
535,val,smell,1,1,0.018348,0.952577
535,val,stayingpower,0,0,0.03844,0.066434
535,val,texture,1,1,0.054147,0.825647
536,val,colour,0,0,0.070275,0.034933
536,val,packing,0,0,0.094127,0.046518
536,val,price,0,0,0.038478,0.050555
536,val,shipping,0,2,0.980304,0.01117
536,val,smell,0,0,0.04192,0.040435
536,val,stayingpower,0,0,0.029723,0.039487
536,val,texture,0,0,0.042225,0.039585
537,val,colour,1,1,0.018393,0.944781
537,val,packing,0,0,0.044755,0.096505
537,val,price,1,1,0.021053,0.962445
537,val,shipping,0,0,0.083812,0.152877
537,val,smell,0,0,0.02751,0.119164
537,val,stayingpower,0,0,0.087563,0.230664
537,val,texture,1,1,0.019922,0.967475
538,val,colour,0,0,0.040629,0.444402
538,val,packing,0,0,0.013741,0.011691
538,val,price,0,0,0.023871,0.029992
538,val,shipping,0,0,0.013545,0.014713
538,val,smell,1,0,0.028378,0.064724
538,val,stayingpower,0,0,0.035351,0.134473
538,val,texture,3,1,0.075109,0.695049
539,val,colour,0,0,0.014545,0.090333
539,val,packing,0,0,0.079179,0.086499
539,val,price,0,0,0.052216,0.061164
539,val,shipping,0,0,0.030544,0.04432
539,val,smell,0,0,0.026956,0.079655
539,val,stayingpower,1,1,0.052582,0.901633
539,val,texture,1,1,0.027938,0.920818
540,val,colour,1,1,0.007355,0.982416
540,val,packing,0,0,0.030731,0.043999
540,val,price,0,0,0.043304,0.068908
540,val,shipping,0,0,0.046726,0.050941
540,val,smell,0,0,0.042637,0.138242
540,val,stayingpower,1,1,0.155559,0.812957
540,val,texture,0,1,0.139877,0.597009
541,val,colour,0,0,0.070619,0.260167
541,val,packing,1,1,0.011716,0.983411
541,val,price,0,0,0.050246,0.099795
541,val,shipping,1,1,0.008616,0.984598
541,val,smell,0,0,0.049827,0.060651
541,val,stayingpower,0,0,0.050125,0.055455
541,val,texture,0,0,0.046958,0.071657
542,val,colour,0,0,0.034251,0.027021
542,val,packing,0,0,0.035749,0.051593
542,val,price,0,0,0.024963,0.033386
542,val,shipping,1,1,0.029501,0.913422
542,val,smell,0,0,0.025625,0.031751
542,val,stayingpower,0,0,0.043388,0.041902
542,val,texture,0,0,0.031273,0.041266
543,val,colour,1,1,0.021749,0.932385
543,val,packing,1,1,0.013938,0.968392
543,val,price,0,0,0.048668,0.081072
543,val,shipping,0,0,0.036453,0.107035
543,val,smell,0,0,0.029997,0.055547
543,val,stayingpower,0,0,0.043654,0.066541
543,val,texture,0,0,0.047529,0.09952
544,val,colour,0,0,0.01487,0.042598
544,val,packing,0,0,0.042819,0.031085
544,val,price,0,0,0.055878,0.125152
544,val,shipping,0,0,0.033841,0.043934
544,val,smell,0,0,0.036123,0.112252
544,val,stayingpower,0,0,0.05355,0.234575
544,val,texture,1,1,0.025592,0.949594
545,val,colour,1,1,0.016829,0.871947
545,val,packing,0,0,0.049338,0.068839
545,val,price,1,1,0.03562,0.927711
545,val,shipping,0,0,0.050953,0.07032
545,val,smell,0,0,0.029367,0.126397
545,val,stayingpower,1,1,0.152479,0.744834
545,val,texture,1,1,0.012762,0.977593
546,val,colour,1,1,0.007455,0.980886
546,val,packing,1,1,0.025951,0.924925
546,val,price,1,1,0.03243,0.935973
546,val,shipping,0,0,0.059595,0.18938
546,val,smell,0,0,0.030663,0.135873
546,val,stayingpower,0,0,0.074412,0.170471
546,val,texture,0,1,0.086011,0.799888
547,val,colour,1,1,0.030933,0.949713
547,val,packing,1,1,0.021302,0.913077
547,val,price,0,0,0.037548,0.072449
547,val,shipping,1,1,0.011429,0.980146
547,val,smell,0,0,0.0362,0.05672
547,val,stayingpower,0,0,0.052793,0.05284
547,val,texture,0,0,0.046577,0.060238
548,val,colour,1,1,0.032247,0.941866
548,val,packing,0,0,0.037742,0.132383
548,val,price,0,0,0.031483,0.060587
548,val,shipping,3,1,0.042056,0.894423
548,val,smell,0,0,0.022395,0.066109
548,val,stayingpower,0,0,0.036093,0.098046
548,val,texture,1,1,0.037076,0.910712
549,val,colour,0,0,0.034557,0.031432
549,val,packing,0,0,0.049886,0.052432
549,val,price,0,0,0.028908,0.031433
549,val,shipping,0,0,0.024766,0.023241
549,val,smell,0,0,0.031948,0.03119
549,val,stayingpower,0,0,0.025826,0.036292
549,val,texture,0,0,0.057091,0.068032
550,val,colour,1,1,0.070775,0.899882
550,val,packing,0,0,0.047671,0.115279
550,val,price,0,0,0.094019,0.210929
550,val,shipping,0,0,0.110769,0.110048
550,val,smell,1,1,0.08552,0.766587
550,val,stayingpower,2,2,0.989276,0.008275
550,val,texture,0,1,0.17753,0.556034
551,val,colour,0,1,0.044449,0.902273
551,val,packing,0,0,0.029273,0.028726
551,val,price,0,0,0.044835,0.073
551,val,shipping,0,0,0.043616,0.066688
551,val,smell,0,0,0.032397,0.106683
551,val,stayingpower,1,1,0.062926,0.892215
551,val,texture,1,1,0.015954,0.96304
552,val,colour,0,0,0.031387,0.055776
552,val,packing,0,0,0.026574,0.037549
552,val,price,0,0,0.026495,0.030949
552,val,shipping,0,0,0.034975,0.051432
552,val,smell,0,0,0.027687,0.029658
552,val,stayingpower,0,0,0.028873,0.032419
552,val,texture,0,0,0.028028,0.039993
553,val,colour,2,2,0.983239,0.012391
553,val,packing,0,0,0.063329,0.03985
553,val,price,0,0,0.056691,0.108128
553,val,shipping,0,0,0.046797,0.047084
553,val,smell,0,0,0.080651,0.053019
553,val,stayingpower,0,0,0.076114,0.055782
553,val,texture,0,0,0.150206,0.066922
554,val,colour,0,0,0.084574,0.227932
554,val,packing,1,1,0.036658,0.947135
554,val,price,0,0,0.078472,0.092921
554,val,shipping,1,1,0.011753,0.979147
554,val,smell,1,1,0.027916,0.954025
554,val,stayingpower,0,0,0.058775,0.14878
554,val,texture,0,1,0.063299,0.567669
555,val,colour,0,0,0.019141,0.156139
555,val,packing,0,0,0.093336,0.059222
555,val,price,0,0,0.076689,0.079352
555,val,shipping,0,0,0.054219,0.066327
555,val,smell,1,1,0.033698,0.93155
555,val,stayingpower,1,1,0.042605,0.897431
555,val,texture,1,1,0.008676,0.973245
556,val,colour,3,1,0.200903,0.789418
556,val,packing,0,0,0.058205,0.081045
556,val,price,0,0,0.076785,0.138464
556,val,shipping,2,2,0.992267,0.00297
556,val,smell,0,0,0.166835,0.109549
556,val,stayingpower,0,0,0.269654,0.11588
556,val,texture,0,2,0.768905,0.067816
557,val,colour,0,0,0.031292,0.061682
557,val,packing,1,1,0.019983,0.97112
557,val,price,0,0,0.053029,0.066415
557,val,shipping,0,0,0.049738,0.233698
557,val,smell,0,0,0.040017,0.045849
557,val,stayingpower,0,0,0.034861,0.040898
557,val,texture,0,0,0.031028,0.058832
558,val,colour,0,0,0.078284,0.091936
558,val,packing,0,0,0.0764,0.067617
558,val,price,0,0,0.044312,0.067511
558,val,shipping,2,2,0.993949,0.003138
558,val,smell,0,0,0.04381,0.052707
558,val,stayingpower,0,0,0.045229,0.058249
558,val,texture,0,0,0.0435,0.060186
559,val,colour,0,0,0.455715,0.013548
559,val,packing,0,0,0.089565,0.01611
559,val,price,0,0,0.055236,0.072683
559,val,shipping,0,0,0.048889,0.048914
559,val,smell,0,0,0.060853,0.029464
559,val,stayingpower,0,0,0.040429,0.039055
559,val,texture,0,0,0.185653,0.029844
560,val,colour,0,0,0.036579,0.056105
560,val,packing,0,0,0.025291,0.031929
560,val,price,0,0,0.025034,0.027756
560,val,shipping,0,0,0.030747,0.056092
560,val,smell,0,0,0.027907,0.030675
560,val,stayingpower,0,0,0.031962,0.04206
560,val,texture,0,0,0.026185,0.03483
561,val,colour,0,0,0.048102,0.057061
561,val,packing,0,0,0.129371,0.099827
561,val,price,0,0,0.046449,0.071193
561,val,shipping,2,2,0.993769,0.0028
561,val,smell,0,0,0.032764,0.034219
561,val,stayingpower,0,0,0.049167,0.096715
561,val,texture,0,0,0.091717,0.133595
562,val,colour,1,1,0.015878,0.974674
562,val,packing,0,0,0.014798,0.046881
562,val,price,0,0,0.03153,0.052451
562,val,shipping,0,0,0.037582,0.060868
562,val,smell,0,0,0.02155,0.044119
562,val,stayingpower,0,0,0.037318,0.051507
562,val,texture,0,0,0.038489,0.06455
563,val,colour,0,0,0.02993,0.035802
563,val,packing,0,0,0.023418,0.017062
563,val,price,0,0,0.029503,0.035106
563,val,shipping,0,0,0.032463,0.029481
563,val,smell,0,0,0.034381,0.042657
563,val,stayingpower,0,0,0.029857,0.046329
563,val,texture,0,0,0.040684,0.07263
564,val,colour,1,1,0.014936,0.974397
564,val,packing,0,0,0.012424,0.033117
564,val,price,0,0,0.035381,0.066349
564,val,shipping,0,0,0.035917,0.052804
564,val,smell,0,0,0.020219,0.040329
564,val,stayingpower,0,0,0.039828,0.05213
564,val,texture,0,0,0.040847,0.073615
565,val,colour,0,0,0.027037,0.056388
565,val,packing,0,0,0.020859,0.02621
565,val,price,0,0,0.029654,0.038734
565,val,shipping,0,0,0.030668,0.038761
565,val,smell,0,0,0.034428,0.045209
565,val,stayingpower,0,0,0.028657,0.038126
565,val,texture,0,0,0.025974,0.045762
566,val,colour,0,0,0.040888,0.113502
566,val,packing,0,0,0.019304,0.029388
566,val,price,0,0,0.027785,0.035612
566,val,shipping,0,0,0.030925,0.037563
566,val,smell,0,0,0.033099,0.0468
566,val,stayingpower,0,0,0.024715,0.027253
566,val,texture,0,0,0.024859,0.035696
567,val,colour,0,0,0.055965,0.075536
567,val,packing,0,0,0.039473,0.08543
567,val,price,1,1,0.018266,0.958676
567,val,shipping,1,1,0.023218,0.947213
567,val,smell,0,0,0.029149,0.038186
567,val,stayingpower,0,0,0.045656,0.036514
567,val,texture,0,0,0.026294,0.041078
568,val,colour,1,1,0.015344,0.948186
568,val,packing,0,0,0.061458,0.144283
568,val,price,0,0,0.101339,0.436192
568,val,shipping,2,2,0.990457,0.005665
568,val,smell,0,0,0.042201,0.135243
568,val,stayingpower,1,1,0.247668,0.687692
568,val,texture,3,1,0.079425,0.793162
569,val,colour,0,0,0.028115,0.049511
569,val,packing,0,0,0.030938,0.052018
569,val,price,0,0,0.023578,0.025445
569,val,shipping,0,0,0.036747,0.102553
569,val,smell,0,0,0.028105,0.035584
569,val,stayingpower,0,0,0.02766,0.037489
569,val,texture,0,0,0.021805,0.031588
570,val,colour,0,0,0.046715,0.148473
570,val,packing,0,0,0.032215,0.079412
570,val,price,0,0,0.030656,0.071522
570,val,shipping,1,1,0.0089,0.98118
570,val,smell,0,0,0.021472,0.031692
570,val,stayingpower,0,0,0.04629,0.050572
570,val,texture,0,0,0.039283,0.066719
571,val,colour,1,1,0.010316,0.980764
571,val,packing,0,0,0.033592,0.07221
571,val,price,0,0,0.045026,0.070392
571,val,shipping,3,2,0.962784,0.010183
571,val,smell,0,0,0.027675,0.0765
571,val,stayingpower,0,0,0.079595,0.200306
571,val,texture,1,1,0.285787,0.592239
572,val,colour,0,0,0.046123,0.078845
572,val,packing,1,1,0.017073,0.975904
572,val,price,0,0,0.046867,0.071435
572,val,shipping,1,1,0.016792,0.959775
572,val,smell,0,0,0.039862,0.044633
572,val,stayingpower,0,0,0.038698,0.03818
572,val,texture,0,0,0.033703,0.043606
573,val,colour,1,1,0.028862,0.961987
573,val,packing,0,0,0.018076,0.031488
573,val,price,0,0,0.034982,0.070162
573,val,shipping,0,0,0.066317,0.080964
573,val,smell,0,0,0.023851,0.123642
573,val,stayingpower,0,0,0.057851,0.118547
573,val,texture,1,1,0.036764,0.924294
574,val,colour,1,1,0.026269,0.939786
574,val,packing,1,1,0.012599,0.970974
574,val,price,0,0,0.042413,0.056053
574,val,shipping,0,0,0.054396,0.220741
574,val,smell,0,0,0.028577,0.050882
574,val,stayingpower,0,0,0.038971,0.045799
574,val,texture,0,0,0.04104,0.080398
575,val,colour,1,1,0.021208,0.958239
575,val,packing,0,0,0.02772,0.053788
575,val,price,0,0,0.036039,0.059294
575,val,shipping,0,0,0.06623,0.091519
575,val,smell,0,0,0.024447,0.131494
575,val,stayingpower,0,0,0.076151,0.20349
575,val,texture,1,1,0.017822,0.971471
576,val,colour,1,1,0.017014,0.965333
576,val,packing,0,0,0.014635,0.046238
576,val,price,0,0,0.030897,0.050568
576,val,shipping,0,0,0.036017,0.05124
576,val,smell,0,0,0.0218,0.040751
576,val,stayingpower,0,0,0.036977,0.049208
576,val,texture,0,0,0.031608,0.046286
577,val,colour,1,1,0.011608,0.98078
577,val,packing,0,0,0.021553,0.114518
577,val,price,0,0,0.037485,0.100982
577,val,shipping,1,1,0.016828,0.961101
577,val,smell,0,0,0.027802,0.069701
577,val,stayingpower,0,0,0.051449,0.075468
577,val,texture,0,0,0.050863,0.087099
578,val,colour,0,0,0.032917,0.08104
578,val,packing,0,0,0.019332,0.024824
578,val,price,0,0,0.026103,0.029619
578,val,shipping,0,0,0.0336,0.03518
578,val,smell,0,0,0.034025,0.045441
578,val,stayingpower,0,0,0.02794,0.034717
578,val,texture,0,0,0.027236,0.046105
579,val,colour,0,0,0.072626,0.132208
579,val,packing,0,0,0.064083,0.069901
579,val,price,0,0,0.042757,0.063656
579,val,shipping,2,2,0.994771,0.002878
579,val,smell,0,0,0.043687,0.062233
579,val,stayingpower,0,0,0.040781,0.064181
579,val,texture,0,0,0.044488,0.077323
580,val,colour,0,0,0.03105,0.080796
580,val,packing,1,1,0.026935,0.958368
580,val,price,0,0,0.046465,0.055592
580,val,shipping,0,0,0.046912,0.098996
580,val,smell,0,0,0.038662,0.052732
580,val,stayingpower,0,0,0.028686,0.034471
580,val,texture,0,0,0.039785,0.087605
581,val,colour,0,0,0.045411,0.067065
581,val,packing,0,0,0.069147,0.091193
581,val,price,0,0,0.042163,0.070593
581,val,shipping,2,2,0.985287,0.011962
581,val,smell,0,0,0.038038,0.05172
581,val,stayingpower,0,0,0.04166,0.057609
581,val,texture,0,0,0.029487,0.052458
582,val,colour,0,1,0.015889,0.971778
582,val,packing,0,0,0.021052,0.085884
582,val,price,0,0,0.035541,0.091352
582,val,shipping,1,1,0.016866,0.965413
582,val,smell,0,0,0.02508,0.054094
582,val,stayingpower,0,0,0.05982,0.081679
582,val,texture,0,0,0.044535,0.066946
583,val,colour,1,1,0.02503,0.956018
583,val,packing,0,0,0.092785,0.1902
583,val,price,1,1,0.053693,0.824181
583,val,shipping,1,1,0.056532,0.896269
583,val,smell,0,0,0.040949,0.132579
583,val,stayingpower,0,0,0.18957,0.228283
583,val,texture,1,1,0.471276,0.510951
584,val,colour,0,0,0.038374,0.048924
584,val,packing,0,0,0.038456,0.081052
584,val,price,0,0,0.035598,0.080729
584,val,shipping,1,1,0.013681,0.975205
584,val,smell,0,0,0.027924,0.039557
584,val,stayingpower,0,0,0.045456,0.048137
584,val,texture,0,0,0.029442,0.039059
585,val,colour,0,0,0.035095,0.136889
585,val,packing,0,0,0.040064,0.073805
585,val,price,1,1,0.023505,0.954632
585,val,shipping,0,0,0.032839,0.033586
585,val,smell,0,0,0.022547,0.02654
585,val,stayingpower,0,0,0.04122,0.042411
585,val,texture,0,0,0.040622,0.041874
586,val,colour,0,0,0.028891,0.097073
586,val,packing,0,0,0.019015,0.029975
586,val,price,0,0,0.026427,0.033938
586,val,shipping,0,0,0.028958,0.042519
586,val,smell,0,0,0.030048,0.049276
586,val,stayingpower,0,0,0.023026,0.030524
586,val,texture,0,0,0.026733,0.055437
587,val,colour,0,0,0.044327,0.096248
587,val,packing,1,1,0.014852,0.977868
587,val,price,0,0,0.041554,0.057332
587,val,shipping,1,1,0.013538,0.963962
587,val,smell,0,0,0.0422,0.05494
587,val,stayingpower,0,0,0.035014,0.040471
587,val,texture,0,0,0.043769,0.06807
588,val,colour,0,0,0.033449,0.061522
588,val,packing,0,0,0.033707,0.070184
588,val,price,0,0,0.034786,0.089748
588,val,shipping,1,1,0.013912,0.973897
588,val,smell,0,0,0.027039,0.041464
588,val,stayingpower,0,0,0.043734,0.0515
588,val,texture,0,0,0.029421,0.038348
589,val,colour,0,0,0.080045,0.060269
589,val,packing,1,1,0.409825,0.561808
589,val,price,1,1,0.101238,0.849631
589,val,shipping,2,2,0.988237,0.006894
589,val,smell,0,0,0.133564,0.137822
589,val,stayingpower,0,0,0.094135,0.088827
589,val,texture,0,0,0.179956,0.162598
590,val,colour,1,1,0.076322,0.881195
590,val,packing,0,0,0.065008,0.080745
590,val,price,1,1,0.053823,0.917531
590,val,shipping,0,0,0.074135,0.049816
590,val,smell,0,0,0.098192,0.083554
590,val,stayingpower,1,2,0.494255,0.296673
590,val,texture,3,2,0.975738,0.018631
591,val,colour,1,1,0.02929,0.955443
591,val,packing,0,0,0.031719,0.077624
591,val,price,0,0,0.062663,0.176185
591,val,shipping,0,0,0.099677,0.103913
591,val,smell,0,0,0.033732,0.083483
591,val,stayingpower,2,2,0.976132,0.020206
591,val,texture,0,0,0.226284,0.286205
592,val,colour,0,0,0.015131,0.049835
592,val,packing,0,0,0.128793,0.178239
592,val,price,0,0,0.067683,0.162821
592,val,shipping,2,2,0.981871,0.012881
592,val,smell,0,0,0.042669,0.139441
592,val,stayingpower,0,0,0.077947,0.295763
592,val,texture,0,1,0.028065,0.915302
593,val,colour,3,1,0.059748,0.878583
593,val,packing,1,1,0.017981,0.974926
593,val,price,0,0,0.054103,0.069951
593,val,shipping,0,0,0.030437,0.096391
593,val,smell,0,0,0.02453,0.042996
593,val,stayingpower,0,0,0.07215,0.124679
593,val,texture,3,1,0.203375,0.455049
594,val,colour,1,1,0.102404,0.768209
594,val,packing,0,0,0.090037,0.147708
594,val,price,0,0,0.093255,0.112531
594,val,shipping,0,0,0.076182,0.070349
594,val,smell,1,1,0.254288,0.526654
594,val,stayingpower,2,2,0.978853,0.01302
594,val,texture,3,2,0.950633,0.039358
595,val,colour,0,0,0.080462,0.098074
595,val,packing,0,0,0.074471,0.072239
595,val,price,0,0,0.044723,0.068947
595,val,shipping,2,2,0.993821,0.003328
595,val,smell,0,0,0.044076,0.050853
595,val,stayingpower,0,0,0.045144,0.058446
595,val,texture,0,0,0.040004,0.058751
596,val,colour,0,0,0.032639,0.047003
596,val,packing,0,0,0.026193,0.027569
596,val,price,0,0,0.028182,0.032222
596,val,shipping,0,0,0.032148,0.036052
596,val,smell,0,0,0.0352,0.040355
596,val,stayingpower,0,0,0.028423,0.03493
596,val,texture,0,0,0.028808,0.040754
597,val,colour,1,1,0.010935,0.979852
597,val,packing,0,0,0.013692,0.042463
597,val,price,0,0,0.035487,0.063909
597,val,shipping,0,0,0.038107,0.056383
597,val,smell,0,0,0.020406,0.039164
597,val,stayingpower,0,0,0.043726,0.058175
597,val,texture,0,0,0.044605,0.075497
598,val,colour,0,0,0.093314,0.142621
598,val,packing,0,0,0.205187,0.074931
598,val,price,0,0,0.116028,0.17455
598,val,shipping,0,0,0.071698,0.042975
598,val,smell,0,0,0.18872,0.054332
598,val,stayingpower,0,0,0.085954,0.107665
598,val,texture,0,2,0.984574,0.005966
599,val,colour,1,1,0.023035,0.957621
599,val,packing,0,0,0.032722,0.093346
599,val,price,0,0,0.039755,0.046971
599,val,shipping,0,0,0.069503,0.104509
599,val,smell,1,1,0.028338,0.950546
599,val,stayingpower,0,0,0.037003,0.067777
599,val,texture,0,0,0.032491,0.105742
600,val,colour,0,0,0.039064,0.043047
600,val,packing,0,0,0.025278,0.021793
600,val,price,0,0,0.028137,0.030646
600,val,shipping,0,0,0.036625,0.034392
600,val,smell,0,0,0.033337,0.030722
600,val,stayingpower,0,0,0.032813,0.038292
600,val,texture,0,0,0.033862,0.042927
601,val,colour,1,1,0.064921,0.805294
601,val,packing,0,0,0.082782,0.0795
601,val,price,1,1,0.068224,0.841841
601,val,shipping,0,0,0.093745,0.09314
601,val,smell,2,2,0.989235,0.00743
601,val,stayingpower,0,0,0.16999,0.199794
601,val,texture,1,2,0.401117,0.376613
602,val,colour,1,1,0.011184,0.977921
602,val,packing,0,0,0.017967,0.064722
602,val,price,0,0,0.032661,0.052492
602,val,shipping,0,0,0.040317,0.057216
602,val,smell,0,0,0.026576,0.060577
602,val,stayingpower,0,0,0.042047,0.052279
602,val,texture,0,0,0.035059,0.041847
603,val,colour,0,0,0.021299,0.034163
603,val,packing,0,0,0.029746,0.041656
603,val,price,0,0,0.027678,0.034346
603,val,shipping,0,0,0.033567,0.068493
603,val,smell,0,0,0.032176,0.041071
603,val,stayingpower,0,0,0.035495,0.051512
603,val,texture,0,0,0.020605,0.033051
604,val,colour,1,1,0.012869,0.972449
604,val,packing,0,0,0.020339,0.028926
604,val,price,0,0,0.043492,0.09745
604,val,shipping,0,0,0.052517,0.06628
604,val,smell,0,0,0.027441,0.13496
604,val,stayingpower,0,0,0.083175,0.290523
604,val,texture,1,1,0.016306,0.97023
605,val,colour,0,0,0.160227,0.386863
605,val,packing,0,0,0.076135,0.094734
605,val,price,0,0,0.072749,0.125486
605,val,shipping,0,0,0.10005,0.083373
605,val,smell,0,0,0.037179,0.059498
605,val,stayingpower,2,2,0.982225,0.01618
605,val,texture,1,1,0.183355,0.566965
606,val,colour,0,0,0.079707,0.424156
606,val,packing,0,0,0.06015,0.072604
606,val,price,0,0,0.080857,0.178437
606,val,shipping,0,0,0.052477,0.074008
606,val,smell,0,0,0.043909,0.132499
606,val,stayingpower,2,2,0.972129,0.02572
606,val,texture,1,1,0.129157,0.776925
607,val,colour,0,0,0.02797,0.074032
607,val,packing,1,1,0.02048,0.967229
607,val,price,0,0,0.049552,0.05791
607,val,shipping,0,0,0.045947,0.162933
607,val,smell,0,0,0.041721,0.059071
607,val,stayingpower,0,0,0.032502,0.039413
607,val,texture,0,0,0.027495,0.060012
608,val,colour,0,0,0.044169,0.236232
608,val,packing,0,0,0.081093,0.082786
608,val,price,0,0,0.061813,0.057235
608,val,shipping,0,2,0.989205,0.005245
608,val,smell,0,1,0.041002,0.922407
608,val,stayingpower,0,0,0.047557,0.164795
608,val,texture,0,1,0.082477,0.55788
609,val,colour,0,0,0.019265,0.089219
609,val,packing,0,0,0.061167,0.192458
609,val,price,0,0,0.039272,0.109073
609,val,shipping,1,1,0.034484,0.90438
609,val,smell,0,0,0.028437,0.092778
609,val,stayingpower,0,0,0.03298,0.170896
609,val,texture,1,1,0.018215,0.944235
610,val,colour,1,2,0.823372,0.165397
610,val,packing,0,0,0.086901,0.156582
610,val,price,0,0,0.042186,0.062936
610,val,shipping,1,1,0.034614,0.919181
610,val,smell,1,1,0.07716,0.852672
610,val,stayingpower,0,0,0.049969,0.065931
610,val,texture,0,0,0.082101,0.148269
611,val,colour,1,1,0.053045,0.910137
611,val,packing,1,1,0.043091,0.926335
611,val,price,0,0,0.079752,0.116668
611,val,shipping,2,2,0.985769,0.00978
611,val,smell,0,0,0.053057,0.094419
611,val,stayingpower,0,0,0.102179,0.100443
611,val,texture,0,0,0.108623,0.138589
612,val,colour,2,2,0.987145,0.00647
612,val,packing,0,0,0.165073,0.104865
612,val,price,0,0,0.044898,0.058531
612,val,shipping,1,1,0.10954,0.836555
612,val,smell,0,0,0.093369,0.072807
612,val,stayingpower,0,0,0.146766,0.087441
612,val,texture,0,0,0.092365,0.048246
613,val,colour,1,1,0.011219,0.984861
613,val,packing,0,0,0.02883,0.07444
613,val,price,0,0,0.045099,0.047096
613,val,shipping,0,0,0.058222,0.027149
613,val,smell,1,1,0.04818,0.872826
613,val,stayingpower,0,0,0.076323,0.106606
613,val,texture,0,2,0.375451,0.372504
614,val,colour,0,0,0.018077,0.02727
614,val,packing,0,0,0.081156,0.156407
614,val,price,0,0,0.029639,0.036681
614,val,shipping,0,0,0.020708,0.016941
614,val,smell,0,0,0.023311,0.025216
614,val,stayingpower,0,0,0.031323,0.09421
614,val,texture,0,0,0.080539,0.200888
615,val,colour,1,1,0.071061,0.829162
615,val,packing,0,0,0.128267,0.218161
615,val,price,0,0,0.105869,0.355576
615,val,shipping,1,0,0.168909,0.398771
615,val,smell,2,2,0.988671,0.008665
615,val,stayingpower,0,0,0.154652,0.221177
615,val,texture,0,0,0.288259,0.275218
616,val,colour,0,0,0.039805,0.073996
616,val,packing,0,0,0.041512,0.062798
616,val,price,1,1,0.020121,0.959131
616,val,shipping,1,1,0.380175,0.591303
616,val,smell,0,0,0.030202,0.043459
616,val,stayingpower,0,0,0.041585,0.041193
616,val,texture,0,0,0.020288,0.031149
617,val,colour,0,0,0.079323,0.011756
617,val,packing,0,0,0.098471,0.018618
617,val,price,0,0,0.056544,0.08134
617,val,shipping,0,2,0.482003,0.039587
617,val,smell,0,0,0.04883,0.025547
617,val,stayingpower,0,0,0.044757,0.033825
617,val,texture,0,0,0.069588,0.021389
618,val,colour,1,1,0.012987,0.970121
618,val,packing,0,0,0.019717,0.038976
618,val,price,1,1,0.024666,0.945686
618,val,shipping,0,0,0.04824,0.067207
618,val,smell,0,0,0.02284,0.097793
618,val,stayingpower,0,0,0.041953,0.093478
618,val,texture,1,1,0.046382,0.891975
619,val,colour,1,1,0.096053,0.79346
619,val,packing,0,0,0.072572,0.084735
619,val,price,0,0,0.086284,0.206526
619,val,shipping,0,0,0.056183,0.064959
619,val,smell,2,2,0.983411,0.014107
619,val,stayingpower,0,0,0.14845,0.272252
619,val,texture,1,1,0.216121,0.608888
620,val,colour,1,1,0.015955,0.974823
620,val,packing,0,0,0.02502,0.132265
620,val,price,0,0,0.035533,0.089405
620,val,shipping,1,1,0.015325,0.972139
620,val,smell,0,0,0.0327,0.07419
620,val,stayingpower,0,0,0.063714,0.075858
620,val,texture,0,0,0.046084,0.070684
621,val,colour,1,1,0.0967,0.825185
621,val,packing,0,0,0.024657,0.022843
621,val,price,0,0,0.025668,0.03109
621,val,shipping,0,0,0.020146,0.032975
621,val,smell,0,0,0.021203,0.041423
621,val,stayingpower,3,1,0.175288,0.731517
621,val,texture,3,1,0.049767,0.909493
622,val,colour,0,0,0.038954,0.03609
622,val,packing,0,0,0.042669,0.054432
622,val,price,1,1,0.018208,0.969777
622,val,shipping,0,0,0.094905,0.13463
622,val,smell,0,0,0.033589,0.039998
622,val,stayingpower,0,0,0.032684,0.034509
622,val,texture,0,0,0.029806,0.035041
623,val,colour,1,0,0.038123,0.460222
623,val,packing,0,0,0.11644,0.243449
623,val,price,0,0,0.049128,0.086946
623,val,shipping,2,2,0.607374,0.374519
623,val,smell,0,0,0.023937,0.078485
623,val,stayingpower,3,1,0.366575,0.617446
623,val,texture,0,1,0.057622,0.879753
624,val,colour,1,1,0.006805,0.986784
624,val,packing,0,0,0.014824,0.047072
624,val,price,0,0,0.034724,0.061433
624,val,shipping,0,0,0.036575,0.068678
624,val,smell,0,0,0.024631,0.067647
624,val,stayingpower,0,0,0.047402,0.075954
624,val,texture,0,0,0.042469,0.094272
625,val,colour,1,1,0.01313,0.980762
625,val,packing,0,0,0.013206,0.037367
625,val,price,0,0,0.038551,0.073638
625,val,shipping,0,0,0.049431,0.068374
625,val,smell,0,0,0.024647,0.058124
625,val,stayingpower,0,0,0.046581,0.051049
625,val,texture,0,0,0.040126,0.051938
626,val,colour,2,2,0.973883,0.013902
626,val,packing,0,0,0.099377,0.060519
626,val,price,0,0,0.041328,0.047664
626,val,shipping,0,0,0.03648,0.08904
626,val,smell,0,0,0.111303,0.202741
626,val,stayingpower,0,1,0.210948,0.579849
626,val,texture,1,1,0.084669,0.80449
627,val,colour,1,1,0.018287,0.964985
627,val,packing,0,0,0.042046,0.114949
627,val,price,0,0,0.075602,0.110769
627,val,shipping,2,2,0.974269,0.012489
627,val,smell,1,1,0.044056,0.918742
627,val,stayingpower,0,0,0.068896,0.138524
627,val,texture,0,0,0.064558,0.212166
628,val,colour,0,0,0.019302,0.032457
628,val,packing,0,0,0.033637,0.088961
628,val,price,0,0,0.030282,0.049871
628,val,shipping,0,0,0.037764,0.255119
628,val,smell,0,0,0.02884,0.037346
628,val,stayingpower,0,0,0.022533,0.027824
628,val,texture,0,0,0.018987,0.023912
629,val,colour,1,1,0.010551,0.983201
629,val,packing,0,0,0.0125,0.034018
629,val,price,0,0,0.041087,0.08904
629,val,shipping,0,0,0.041743,0.06637
629,val,smell,0,0,0.021077,0.046065
629,val,stayingpower,0,0,0.045748,0.062626
629,val,texture,0,0,0.041776,0.073937
630,val,colour,0,0,0.050138,0.11069
630,val,packing,0,0,0.042628,0.121132
630,val,price,1,1,0.010988,0.980875
630,val,shipping,0,1,0.031732,0.914208
630,val,smell,0,0,0.029262,0.046052
630,val,stayingpower,0,0,0.044348,0.040858
630,val,texture,0,0,0.031222,0.062739
631,val,colour,0,1,0.026387,0.504173
631,val,packing,0,0,0.031398,0.122504
631,val,price,0,0,0.024103,0.025911
631,val,shipping,0,0,0.01992,0.026919
631,val,smell,0,0,0.020251,0.048801
631,val,stayingpower,0,0,0.015173,0.04479
631,val,texture,0,0,0.062128,0.456503
632,val,colour,0,0,0.050096,0.091661
632,val,packing,0,1,0.016715,0.978793
632,val,price,0,0,0.045221,0.054816
632,val,shipping,1,1,0.017254,0.968733
632,val,smell,0,0,0.041143,0.0426
632,val,stayingpower,0,0,0.05417,0.061512
632,val,texture,0,0,0.051537,0.11322
633,val,colour,0,0,0.106396,0.231391
633,val,packing,0,0,0.075411,0.03628
633,val,price,1,1,0.020723,0.972954
633,val,shipping,0,0,0.130011,0.054229
633,val,smell,1,1,0.085005,0.887917
633,val,stayingpower,0,0,0.042318,0.080349
633,val,texture,0,0,0.085075,0.205221
634,val,colour,0,0,0.037659,0.126105
634,val,packing,1,1,0.016916,0.972351
634,val,price,0,0,0.046307,0.053543
634,val,shipping,0,0,0.051103,0.228073
634,val,smell,0,0,0.038617,0.050749
634,val,stayingpower,0,0,0.030904,0.033279
634,val,texture,0,0,0.026832,0.049842
635,val,colour,2,2,0.991398,0.005813
635,val,packing,0,0,0.080144,0.042031
635,val,price,0,0,0.07376,0.137086
635,val,shipping,0,0,0.09374,0.053892
635,val,smell,0,0,0.134026,0.067978
635,val,stayingpower,0,0,0.109648,0.067603
635,val,texture,0,0,0.263159,0.072176
636,val,colour,1,1,0.010867,0.9803
636,val,packing,1,1,0.016362,0.951025
636,val,price,0,0,0.046393,0.07628
636,val,shipping,0,0,0.07787,0.165131
636,val,smell,0,0,0.027179,0.053414
636,val,stayingpower,0,0,0.063615,0.077255
636,val,texture,0,0,0.052925,0.085107
637,val,colour,3,1,0.019088,0.976901
637,val,packing,0,0,0.017803,0.036869
637,val,price,0,0,0.030907,0.040011
637,val,shipping,0,0,0.031369,0.050409
637,val,smell,0,0,0.020305,0.048812
637,val,stayingpower,0,0,0.08086,0.169853
637,val,texture,2,1,0.309892,0.398801
638,val,colour,0,0,0.106829,0.061149
638,val,packing,0,0,0.089945,0.040437
638,val,price,0,0,0.052547,0.112175
638,val,shipping,2,2,0.981289,0.017165
638,val,smell,0,0,0.062619,0.070193
638,val,stayingpower,0,0,0.084664,0.062531
638,val,texture,0,0,0.046456,0.051021
639,val,colour,1,2,0.540544,0.403157
639,val,packing,0,0,0.118681,0.144652
639,val,price,0,0,0.059102,0.094682
639,val,shipping,2,2,0.987491,0.00745
639,val,smell,0,0,0.107857,0.251103
639,val,stayingpower,2,2,0.731947,0.21535
639,val,texture,1,1,0.079238,0.838674
640,val,colour,0,0,0.033079,0.057385
640,val,packing,1,1,0.043641,0.941875
640,val,price,1,1,0.02854,0.953525
640,val,shipping,0,0,0.099065,0.202144
640,val,smell,0,0,0.051175,0.07384
640,val,stayingpower,0,0,0.042361,0.053973
640,val,texture,0,0,0.062507,0.092065
641,val,colour,0,0,0.085098,0.295886
641,val,packing,1,1,0.039661,0.931031
641,val,price,0,0,0.044686,0.063124
641,val,shipping,1,1,0.0194,0.965454
641,val,smell,0,0,0.036758,0.132727
641,val,stayingpower,0,0,0.053218,0.122631
641,val,texture,0,1,0.02959,0.938812
642,val,colour,0,1,0.078226,0.477451
642,val,packing,0,0,0.077913,0.106355
642,val,price,0,0,0.097162,0.212729
642,val,shipping,0,0,0.092095,0.077391
642,val,smell,1,1,0.193632,0.717345
642,val,stayingpower,2,2,0.983859,0.014596
642,val,texture,1,1,0.212614,0.596254
643,val,colour,0,2,0.516086,0.199382
643,val,packing,0,0,0.129235,0.077641
643,val,price,0,0,0.146142,0.23351
643,val,shipping,0,0,0.031575,0.04366
643,val,smell,2,2,0.971708,0.020197
643,val,stayingpower,0,0,0.252917,0.154694
643,val,texture,2,2,0.95048,0.033486
644,val,colour,0,0,0.036421,0.11135
644,val,packing,1,1,0.024735,0.966302
644,val,price,1,1,0.031269,0.944339
644,val,shipping,0,0,0.088256,0.198595
644,val,smell,0,0,0.046266,0.087375
644,val,stayingpower,0,0,0.041255,0.058017
644,val,texture,0,0,0.060006,0.113016
645,val,colour,1,1,0.038165,0.924157
645,val,packing,1,1,0.012353,0.975533
645,val,price,0,0,0.037624,0.051267
645,val,shipping,3,1,0.036578,0.928441
645,val,smell,0,0,0.032133,0.040082
645,val,stayingpower,0,0,0.046346,0.056375
645,val,texture,0,0,0.033162,0.04613
646,val,colour,0,0,0.05827,0.09781
646,val,packing,0,0,0.089078,0.068333
646,val,price,0,0,0.07061,0.083836
646,val,shipping,0,0,0.069543,0.145348
646,val,smell,1,1,0.023388,0.969455
646,val,stayingpower,0,0,0.034141,0.156245
646,val,texture,1,1,0.016132,0.929363
647,val,colour,1,1,0.012933,0.978067
647,val,packing,0,0,0.020364,0.026877
647,val,price,0,0,0.041612,0.07185
647,val,shipping,0,0,0.065459,0.132724
647,val,smell,0,0,0.015713,0.062718
647,val,stayingpower,0,0,0.201725,0.282714
647,val,texture,1,1,0.124248,0.857149
648,val,colour,0,0,0.04979,0.061607
648,val,packing,0,0,0.077794,0.089417
648,val,price,0,0,0.033155,0.041175
648,val,shipping,2,2,0.986579,0.007072
648,val,smell,0,0,0.038477,0.047251
648,val,stayingpower,0,0,0.031958,0.052508
648,val,texture,0,0,0.033284,0.051471
649,val,colour,1,1,0.010041,0.982086
649,val,packing,0,0,0.01446,0.048866
649,val,price,0,0,0.037163,0.070335
649,val,shipping,0,0,0.048156,0.095006
649,val,smell,0,0,0.020423,0.039996
649,val,stayingpower,0,0,0.042516,0.061192
649,val,texture,0,0,0.036272,0.04764
650,val,colour,0,0,0.275401,0.152438
650,val,packing,0,0,0.252346,0.19259
650,val,price,0,0,0.061803,0.055628
650,val,shipping,1,1,0.045982,0.857507
650,val,smell,0,0,0.103568,0.070613
650,val,stayingpower,0,0,0.209764,0.138804
650,val,texture,2,2,0.973181,0.011617
651,val,colour,1,1,0.047233,0.657055
651,val,packing,1,1,0.079844,0.896761
651,val,price,0,0,0.084751,0.076551
651,val,shipping,2,2,0.96797,0.023328
651,val,smell,0,0,0.068822,0.176329
651,val,stayingpower,1,1,0.193679,0.72247
651,val,texture,3,1,0.093128,0.633995
652,val,colour,0,0,0.051045,0.08581
652,val,packing,1,1,0.017323,0.975662
652,val,price,0,0,0.049862,0.078505
652,val,shipping,1,1,0.012182,0.977604
652,val,smell,0,0,0.044418,0.045441
652,val,stayingpower,0,0,0.04619,0.049695
652,val,texture,0,0,0.038633,0.052824
653,val,colour,1,1,0.012465,0.980867
653,val,packing,0,0,0.016426,0.063115
653,val,price,0,0,0.031158,0.054407
653,val,shipping,0,0,0.035757,0.054825
653,val,smell,0,0,0.023814,0.051517
653,val,stayingpower,1,0,0.041392,0.063702
653,val,texture,0,0,0.042863,0.083816
654,val,colour,0,0,0.045403,0.02933
654,val,packing,0,0,0.034394,0.027564
654,val,price,0,0,0.03106,0.036102
654,val,shipping,0,0,0.030537,0.036196
654,val,smell,0,0,0.036282,0.03189
654,val,stayingpower,0,0,0.035751,0.04036
654,val,texture,0,0,0.029195,0.030934
655,val,colour,1,1,0.012829,0.97786
655,val,packing,0,0,0.014418,0.0453
655,val,price,0,0,0.036723,0.068715
655,val,shipping,0,0,0.0377,0.044775
655,val,smell,0,0,0.026708,0.064951
655,val,stayingpower,0,0,0.04056,0.06168
655,val,texture,0,0,0.031308,0.054268
656,val,colour,0,0,0.034931,0.175159
656,val,packing,1,1,0.01888,0.970915
656,val,price,0,0,0.04548,0.063713
656,val,shipping,0,0,0.038591,0.092853
656,val,smell,0,0,0.03986,0.066422
656,val,stayingpower,0,0,0.029834,0.042241
656,val,texture,0,0,0.039965,0.095482
657,val,colour,0,0,0.05254,0.154213
657,val,packing,0,0,0.041691,0.154283
657,val,price,0,0,0.031982,0.070219
657,val,shipping,1,1,0.013379,0.978001
657,val,smell,0,0,0.022982,0.025429
657,val,stayingpower,0,0,0.038422,0.03179
657,val,texture,0,0,0.02916,0.033479
658,val,colour,0,0,0.093721,0.281736
658,val,packing,0,0,0.089379,0.169277
658,val,price,0,0,0.055446,0.131352
658,val,shipping,1,1,0.046861,0.900593
658,val,smell,0,0,0.033512,0.139307
658,val,stayingpower,2,2,0.920962,0.072119
658,val,texture,1,1,0.054823,0.88633
659,val,colour,0,0,0.060692,0.137033
659,val,packing,0,0,0.059924,0.078062
659,val,price,0,0,0.050334,0.103046
659,val,shipping,2,2,0.99336,0.004445
659,val,smell,0,0,0.036782,0.053732
659,val,stayingpower,0,0,0.034491,0.06042
659,val,texture,0,0,0.037485,0.065108
660,val,colour,1,0,0.084589,0.091436
660,val,packing,0,0,0.068495,0.051186
660,val,price,0,0,0.041871,0.066131
660,val,shipping,2,2,0.991702,0.004339
660,val,smell,0,0,0.049254,0.054925
660,val,stayingpower,0,0,0.035391,0.04821
660,val,texture,0,0,0.039331,0.042402
661,val,colour,0,0,0.052851,0.216777
661,val,packing,0,0,0.116134,0.14148
661,val,price,0,0,0.069191,0.077096
661,val,shipping,2,2,0.983652,0.010214
661,val,smell,1,1,0.043122,0.916391
661,val,stayingpower,0,0,0.071278,0.317803
661,val,texture,1,1,0.015668,0.945967
662,val,colour,0,0,0.019359,0.072883
662,val,packing,1,1,0.039684,0.946134
662,val,price,0,0,0.04062,0.02065
662,val,shipping,0,0,0.047213,0.170606
662,val,smell,0,0,0.045664,0.066373
662,val,stayingpower,3,1,0.164335,0.469645
662,val,texture,0,0,0.06574,0.151542
663,val,colour,1,1,0.007234,0.982705
663,val,packing,0,0,0.03362,0.339082
663,val,price,1,1,0.017927,0.966048
663,val,shipping,0,0,0.05484,0.098376
663,val,smell,0,0,0.025024,0.07626
663,val,stayingpower,0,0,0.038534,0.063073
663,val,texture,0,0,0.070164,0.099543
664,val,colour,0,0,0.107444,0.410323
664,val,packing,0,0,0.167116,0.12741
664,val,price,1,1,0.093876,0.805632
664,val,shipping,0,0,0.14202,0.141366
664,val,smell,2,2,0.993718,0.004655
664,val,stayingpower,0,0,0.277114,0.253198
664,val,texture,1,1,0.360928,0.44178
665,val,colour,1,1,0.020049,0.977499
665,val,packing,0,0,0.012004,0.028772
665,val,price,0,0,0.038793,0.079324
665,val,shipping,0,0,0.058056,0.054917
665,val,smell,0,0,0.034736,0.101087
665,val,stayingpower,0,0,0.05365,0.074469
665,val,texture,0,0,0.0612,0.109
666,val,colour,1,1,0.3768,0.594185
666,val,packing,0,0,0.14449,0.285864
666,val,price,0,0,0.098247,0.158913
666,val,shipping,1,1,0.068983,0.894328
666,val,smell,0,0,0.063649,0.061876
666,val,stayingpower,2,2,0.959789,0.022429
666,val,texture,3,2,0.925883,0.037789
667,val,colour,1,1,0.01211,0.973303
667,val,packing,0,0,0.03626,0.09682
667,val,price,0,0,0.048849,0.083086
667,val,shipping,2,2,0.984335,0.010257
667,val,smell,0,0,0.035266,0.093495
667,val,stayingpower,1,1,0.216114,0.605561
667,val,texture,0,0,0.116853,0.373399
668,val,colour,2,2,0.991177,0.005256
668,val,packing,0,0,0.129903,0.06415
668,val,price,1,1,0.068804,0.847767
668,val,shipping,0,0,0.083507,0.074682
668,val,smell,0,0,0.188285,0.073329
668,val,stayingpower,0,0,0.183231,0.07346
668,val,texture,0,0,0.39287,0.068663
669,val,colour,0,0,0.030731,0.0362
669,val,packing,0,0,0.028364,0.028478
669,val,price,1,0,0.027872,0.030729
669,val,shipping,0,0,0.032559,0.039594
669,val,smell,0,0,0.033272,0.035975
669,val,stayingpower,0,0,0.03007,0.040356
669,val,texture,0,0,0.032836,0.04679
670,val,colour,1,1,0.019144,0.969976
670,val,packing,0,0,0.026539,0.047557
670,val,price,0,0,0.037049,0.059628
670,val,shipping,0,0,0.047696,0.04312
670,val,smell,0,0,0.027897,0.070015
670,val,stayingpower,0,0,0.088498,0.143984
670,val,texture,1,1,0.341746,0.632443
671,val,colour,0,0,0.026522,0.022673
671,val,packing,0,0,0.031131,0.023428
671,val,price,0,0,0.03243,0.040422
671,val,shipping,0,0,0.029791,0.031558
671,val,smell,0,0,0.034638,0.038243
671,val,stayingpower,0,0,0.032321,0.047129
671,val,texture,3,0,0.038074,0.066354
672,val,colour,0,0,0.024044,0.026178
672,val,packing,0,0,0.0248,0.020366
672,val,price,0,0,0.040573,0.102005
672,val,shipping,0,0,0.058573,0.091844
672,val,smell,0,0,0.026479,0.030777
672,val,stayingpower,0,0,0.025928,0.040711
672,val,texture,0,0,0.027717,0.040415
673,val,colour,0,0,0.059259,0.304832
673,val,packing,0,0,0.067464,0.047103
673,val,price,1,1,0.020662,0.972395
673,val,shipping,0,0,0.074999,0.072404
673,val,smell,1,1,0.050816,0.897281
673,val,stayingpower,0,0,0.045102,0.130569
673,val,texture,1,1,0.02298,0.925518
674,val,colour,1,1,0.027175,0.95224
674,val,packing,0,0,0.029058,0.039959
674,val,price,0,0,0.043518,0.066227
674,val,shipping,0,0,0.035736,0.081536
674,val,smell,0,0,0.025071,0.073884
674,val,stayingpower,1,1,0.133556,0.842379
674,val,texture,0,1,0.048191,0.767028
675,val,colour,0,0,0.109602,0.41004
675,val,packing,0,0,0.15004,0.09965
675,val,price,3,1,0.112527,0.743316
675,val,shipping,0,0,0.068764,0.095076
675,val,smell,2,2,0.989666,0.007731
675,val,stayingpower,0,0,0.170687,0.27952
675,val,texture,3,1,0.288253,0.478349
676,val,colour,0,0,0.072358,0.096539
676,val,packing,0,0,0.070332,0.074396
676,val,price,0,0,0.032209,0.037371
676,val,shipping,3,2,0.990246,0.006033
676,val,smell,0,0,0.040116,0.05179
676,val,stayingpower,0,0,0.042111,0.060424
676,val,texture,0,0,0.035419,0.053147
677,val,colour,0,0,0.031364,0.083331
677,val,packing,1,1,0.035485,0.950564
677,val,price,1,1,0.029799,0.947332
677,val,shipping,0,0,0.092198,0.16339
677,val,smell,0,0,0.049693,0.076119
677,val,stayingpower,0,0,0.046593,0.058431
677,val,texture,0,0,0.065706,0.105823
678,val,colour,0,0,0.053641,0.112696
678,val,packing,1,1,0.016167,0.97556
678,val,price,0,0,0.047933,0.077087
678,val,shipping,1,1,0.011169,0.979895
678,val,smell,0,0,0.046453,0.049746
678,val,stayingpower,0,0,0.044893,0.044138
678,val,texture,0,0,0.03512,0.052646
679,val,colour,0,0,0.018778,0.124294
679,val,packing,0,1,0.033955,0.933516
679,val,price,0,0,0.063726,0.111447
679,val,shipping,0,0,0.047337,0.182685
679,val,smell,0,0,0.039691,0.141799
679,val,stayingpower,0,0,0.033094,0.119647
679,val,texture,1,1,0.017883,0.949822
680,val,colour,1,1,0.010086,0.98445
680,val,packing,0,0,0.016898,0.062221
680,val,price,0,0,0.038073,0.072777
680,val,shipping,0,0,0.05631,0.080764
680,val,smell,0,0,0.025387,0.061917
680,val,stayingpower,0,0,0.046271,0.052645
680,val,texture,0,0,0.033124,0.043521
681,val,colour,0,0,0.03825,0.086536
681,val,packing,1,1,0.026184,0.96334
681,val,price,1,1,0.02468,0.956699
681,val,shipping,0,0,0.116377,0.420395
681,val,smell,0,0,0.056407,0.085211
681,val,stayingpower,0,0,0.038183,0.045804
681,val,texture,0,0,0.044403,0.063846
682,val,colour,0,0,0.057571,0.147911
682,val,packing,0,0,0.043728,0.07833
682,val,price,0,0,0.044766,0.063636
682,val,shipping,1,1,0.025322,0.940699
682,val,smell,1,1,0.033017,0.931934
682,val,stayingpower,0,0,0.040081,0.076994
682,val,texture,0,0,0.032667,0.102144
683,val,colour,0,0,0.369142,0.261469
683,val,packing,1,1,0.224946,0.743407
683,val,price,0,0,0.157915,0.147019
683,val,shipping,1,1,0.038513,0.908027
683,val,smell,1,2,0.455731,0.431479
683,val,stayingpower,0,0,0.37512,0.122559
683,val,texture,2,2,0.972186,0.018281
684,val,colour,0,0,0.055484,0.170858
684,val,packing,1,1,0.045435,0.946732
684,val,price,0,0,0.078416,0.081904
684,val,shipping,2,2,0.979461,0.013113
684,val,smell,0,0,0.064551,0.127851
684,val,stayingpower,0,0,0.051354,0.086966
684,val,texture,0,0,0.049071,0.15468
685,val,colour,1,1,0.129797,0.858924
685,val,packing,0,0,0.01766,0.034418
685,val,price,0,0,0.026188,0.042016
685,val,shipping,0,0,0.034881,0.059108
685,val,smell,0,0,0.022414,0.038155
685,val,stayingpower,0,0,0.029734,0.047904
685,val,texture,0,0,0.056095,0.088805
686,val,colour,0,0,0.054759,0.055499
686,val,packing,0,0,0.037917,0.041489
686,val,price,1,1,0.016617,0.973296
686,val,shipping,0,0,0.057014,0.059287
686,val,smell,0,0,0.033368,0.038481
686,val,stayingpower,0,0,0.043817,0.039267
686,val,texture,0,0,0.039354,0.05212
687,val,colour,1,1,0.0244,0.955415
687,val,packing,0,0,0.050686,0.350392
687,val,price,0,0,0.031341,0.060679
687,val,shipping,1,1,0.052816,0.924385
687,val,smell,0,0,0.023423,0.086268
687,val,stayingpower,0,0,0.048661,0.130809
687,val,texture,1,1,0.030959,0.916915
688,val,colour,1,1,0.00971,0.980738
688,val,packing,0,0,0.01567,0.05746
688,val,price,0,0,0.038875,0.084803
688,val,shipping,0,0,0.052177,0.088663
688,val,smell,0,0,0.024695,0.052118
688,val,stayingpower,0,0,0.038831,0.047324
688,val,texture,0,0,0.026876,0.033961
689,val,colour,0,0,0.015957,0.08524
689,val,packing,0,0,0.055127,0.337966
689,val,price,0,0,0.022448,0.018969
689,val,shipping,0,0,0.022869,0.08227
689,val,smell,0,0,0.027148,0.04819
689,val,stayingpower,0,0,0.018116,0.046607
689,val,texture,0,0,0.04211,0.128593
690,val,colour,0,0,0.030406,0.059597
690,val,packing,0,0,0.025573,0.044593
690,val,price,0,0,0.025637,0.030908
690,val,shipping,0,0,0.055684,0.113656
690,val,smell,0,0,0.028113,0.038056
690,val,stayingpower,0,0,0.023506,0.022066
690,val,texture,0,0,0.020807,0.02419
691,val,colour,1,1,0.029673,0.919427
691,val,packing,0,0,0.066587,0.207517
691,val,price,0,0,0.060128,0.081093
691,val,shipping,1,1,0.030584,0.927249
691,val,smell,1,1,0.035946,0.933746
691,val,stayingpower,3,1,0.193253,0.753226
691,val,texture,0,1,0.058263,0.542372
692,val,colour,0,1,0.015217,0.940803
692,val,packing,0,0,0.02971,0.042296
692,val,price,0,0,0.047283,0.077545
692,val,shipping,0,0,0.04212,0.067229
692,val,smell,0,0,0.026858,0.085252
692,val,stayingpower,0,1,0.050644,0.927621
692,val,texture,0,1,0.058565,0.702385
693,val,colour,0,0,0.031348,0.046482
693,val,packing,0,0,0.023343,0.029617
693,val,price,0,0,0.032903,0.053064
693,val,shipping,0,0,0.029603,0.050443
693,val,smell,0,0,0.030449,0.03346
693,val,stayingpower,0,0,0.028184,0.034021
693,val,texture,0,0,0.023156,0.031399
694,val,colour,3,1,0.041075,0.880285
694,val,packing,0,0,0.040208,0.059693
694,val,price,0,0,0.038921,0.106681
694,val,shipping,0,0,0.044047,0.097602
694,val,smell,0,0,0.011804,0.03341
694,val,stayingpower,0,0,0.125063,0.321804
694,val,texture,3,1,0.103008,0.888032
695,val,colour,0,0,0.054686,0.085089
695,val,packing,0,0,0.092837,0.070284
695,val,price,1,1,0.037162,0.930088
695,val,shipping,2,2,0.99233,0.003757
695,val,smell,0,0,0.060271,0.082138
695,val,stayingpower,0,0,0.064915,0.066182
695,val,texture,0,0,0.057787,0.083062
696,val,colour,0,0,0.039266,0.078072
696,val,packing,0,0,0.021767,0.025862
696,val,price,0,0,0.028673,0.036625
696,val,shipping,0,0,0.028538,0.033944
696,val,smell,0,0,0.031021,0.035576
696,val,stayingpower,0,0,0.027876,0.031116
696,val,texture,0,0,0.027783,0.039089
697,val,colour,0,0,0.032082,0.105895
697,val,packing,0,0,0.018663,0.023437
697,val,price,0,0,0.033799,0.062239
697,val,shipping,0,0,0.020693,0.022689
697,val,smell,0,0,0.028198,0.041194
697,val,stayingpower,0,0,0.020676,0.031855
697,val,texture,0,0,0.043259,0.094818
698,val,colour,3,2,0.797654,0.116856
698,val,packing,0,0,0.064581,0.037903
698,val,price,0,0,0.042195,0.040821
698,val,shipping,0,0,0.030428,0.060187
698,val,smell,0,0,0.046352,0.080336
698,val,stayingpower,3,1,0.411901,0.541724
698,val,texture,1,1,0.107802,0.862623
699,val,colour,0,0,0.043179,0.340068
699,val,packing,1,1,0.041267,0.944605
699,val,price,0,0,0.072711,0.099914
699,val,shipping,2,2,0.985047,0.010551
699,val,smell,0,0,0.041036,0.114827
699,val,stayingpower,0,0,0.039701,0.089865
699,val,texture,0,0,0.059859,0.222553
700,val,colour,1,1,0.105483,0.859114
700,val,packing,0,0,0.051167,0.265604
700,val,price,0,0,0.044511,0.068586
700,val,shipping,0,1,0.017104,0.969813
700,val,smell,1,1,0.033441,0.937647
700,val,stayingpower,0,0,0.045684,0.0778
700,val,texture,0,0,0.051489,0.122261
701,val,colour,0,0,0.054318,0.214001
701,val,packing,0,0,0.075823,0.071254
701,val,price,1,1,0.026428,0.955991
701,val,shipping,2,2,0.992069,0.003966
701,val,smell,0,0,0.050741,0.09615
701,val,stayingpower,0,0,0.057863,0.073685
701,val,texture,0,0,0.060677,0.134646
702,val,colour,0,0,0.041372,0.069384
702,val,packing,1,1,0.07846,0.908044
702,val,price,0,0,0.0617,0.053111
702,val,shipping,2,2,0.974738,0.017645
702,val,smell,0,0,0.059566,0.107947
702,val,stayingpower,0,0,0.041975,0.084205
702,val,texture,0,0,0.049543,0.122824
703,val,colour,1,0,0.043009,0.284288
703,val,packing,0,0,0.014792,0.025973
703,val,price,0,0,0.023902,0.028439
703,val,shipping,0,0,0.026097,0.033362
703,val,smell,0,0,0.02355,0.040307
703,val,stayingpower,0,0,0.020771,0.035436
703,val,texture,0,0,0.031805,0.075837
704,val,colour,2,2,0.969836,0.024125
704,val,packing,0,0,0.064706,0.040468
704,val,price,0,0,0.080585,0.099279
704,val,shipping,0,0,0.030465,0.043007
704,val,smell,0,0,0.133525,0.052555
704,val,stayingpower,0,2,0.542684,0.092695
704,val,texture,0,2,0.929486,0.023699
705,val,colour,1,1,0.008437,0.987602
705,val,packing,0,0,0.022461,0.153852
705,val,price,0,0,0.035226,0.071859
705,val,shipping,0,0,0.043802,0.28592
705,val,smell,0,0,0.023555,0.072849
705,val,stayingpower,0,0,0.026196,0.049534
705,val,texture,0,0,0.038808,0.093503
706,val,colour,0,1,0.168871,0.418657
706,val,packing,1,1,0.378245,0.492665
706,val,price,1,1,0.140446,0.615058
706,val,shipping,0,0,0.251803,0.315736
706,val,smell,2,2,0.991111,0.005119
706,val,stayingpower,0,0,0.172252,0.140727
706,val,texture,0,0,0.29528,0.211323
707,val,colour,0,0,0.049255,0.27157
707,val,packing,0,0,0.041032,0.073426
707,val,price,0,0,0.033865,0.06216
707,val,shipping,0,0,0.026065,0.040475
707,val,smell,0,0,0.027579,0.074408
707,val,stayingpower,0,0,0.02436,0.089186
707,val,texture,1,1,0.018929,0.955824
708,val,colour,0,1,0.009015,0.961103
708,val,packing,0,0,0.03033,0.050468
708,val,price,0,0,0.044983,0.069941
708,val,shipping,0,0,0.043073,0.069034
708,val,smell,0,0,0.028537,0.103667
708,val,stayingpower,1,1,0.066117,0.905169
708,val,texture,1,1,0.066126,0.625204
709,val,colour,0,0,0.069622,0.198491
709,val,packing,0,0,0.052761,0.106599
709,val,price,0,0,0.055971,0.095776
709,val,shipping,1,1,0.026621,0.947251
709,val,smell,1,1,0.026391,0.957128
709,val,stayingpower,0,0,0.0417,0.089903
709,val,texture,0,0,0.036504,0.15637
710,val,colour,1,1,0.138618,0.786462
710,val,packing,1,0,0.131224,0.303009
710,val,price,0,0,0.085674,0.184349
710,val,shipping,1,1,0.141796,0.659671
710,val,smell,2,2,0.978022,0.017836
710,val,stayingpower,0,0,0.160627,0.190584
710,val,texture,0,0,0.39686,0.176964
711,val,colour,1,1,0.023927,0.95789
711,val,packing,1,1,0.028617,0.933419
711,val,price,0,0,0.049622,0.062611
711,val,shipping,2,2,0.965377,0.027502
711,val,smell,0,0,0.04263,0.100193
711,val,stayingpower,0,0,0.08382,0.102197
711,val,texture,0,0,0.07494,0.138954
712,val,colour,0,1,0.087155,0.524165
712,val,packing,0,0,0.071873,0.076275
712,val,price,0,0,0.080735,0.119354
712,val,shipping,0,0,0.035893,0.061589
712,val,smell,1,1,0.019765,0.969953
712,val,stayingpower,0,0,0.040704,0.15423
712,val,texture,1,1,0.009534,0.976867
713,val,colour,3,1,0.046466,0.843085
713,val,packing,1,1,0.016226,0.974711
713,val,price,0,1,0.043248,0.901928
713,val,shipping,0,1,0.242703,0.421052
713,val,smell,0,0,0.032565,0.044101
713,val,stayingpower,0,0,0.043489,0.044637
713,val,texture,0,0,0.053699,0.041866
714,val,colour,1,1,0.022502,0.941292
714,val,packing,0,0,0.038048,0.129717
714,val,price,0,0,0.037973,0.087024
714,val,shipping,1,1,0.015278,0.970157
714,val,smell,0,0,0.022603,0.068005
714,val,stayingpower,0,0,0.043033,0.131669
714,val,texture,3,1,0.179624,0.589151
715,val,colour,0,0,0.110442,0.068987
715,val,packing,0,0,0.04198,0.026746
715,val,price,0,0,0.030637,0.031884
715,val,shipping,0,0,0.025177,0.036715
715,val,smell,0,0,0.016712,0.013587
715,val,stayingpower,0,0,0.03035,0.044952
715,val,texture,0,0,0.115716,0.070025
716,val,colour,0,0,0.072399,0.061379
716,val,packing,0,0,0.09776,0.078839
716,val,price,0,0,0.040727,0.052988
716,val,shipping,2,2,0.992558,0.003675
716,val,smell,0,0,0.046018,0.049846
716,val,stayingpower,0,0,0.042705,0.058746
716,val,texture,0,0,0.041319,0.057274
717,val,colour,0,0,0.030123,0.067561
717,val,packing,0,0,0.128468,0.256773
717,val,price,0,0,0.063446,0.079924
717,val,shipping,0,0,0.032242,0.113459
717,val,smell,1,1,0.01955,0.970119
717,val,stayingpower,0,0,0.023631,0.076025
717,val,texture,0,1,0.036148,0.656304
718,val,colour,0,0,0.020805,0.021259
718,val,packing,0,0,0.042409,0.077618
718,val,price,0,0,0.026473,0.030395
718,val,shipping,1,1,0.084072,0.559389
718,val,smell,0,0,0.026899,0.029177
718,val,stayingpower,0,0,0.028163,0.032695
718,val,texture,0,0,0.02076,0.018739
719,val,colour,3,2,0.810611,0.179361
719,val,packing,0,0,0.052995,0.055438
719,val,price,0,0,0.058777,0.124451
719,val,shipping,0,0,0.024348,0.049784
719,val,smell,0,0,0.054456,0.099143
719,val,stayingpower,1,2,0.760994,0.217646
719,val,texture,3,1,0.156085,0.654007
720,val,colour,1,1,0.008857,0.984726
720,val,packing,1,1,0.030284,0.794189
720,val,price,0,0,0.038492,0.061077
720,val,shipping,0,0,0.030394,0.081382
720,val,smell,0,0,0.025369,0.076011
720,val,stayingpower,0,0,0.03542,0.080109
720,val,texture,0,0,0.04836,0.141
721,val,colour,0,0,0.03302,0.07466
721,val,packing,0,0,0.019694,0.025351
721,val,price,0,0,0.026325,0.031874
721,val,shipping,0,0,0.031894,0.053227
721,val,smell,0,0,0.031287,0.039693
721,val,stayingpower,0,0,0.0278,0.033161
721,val,texture,0,0,0.026989,0.040968
722,val,colour,1,1,0.02453,0.942595
722,val,packing,0,0,0.050317,0.088205
722,val,price,0,0,0.106967,0.246455
722,val,shipping,0,0,0.079467,0.083182
722,val,smell,1,1,0.095833,0.821893
722,val,stayingpower,2,2,0.978062,0.018914
722,val,texture,3,1,0.269155,0.696382
723,val,colour,2,2,0.963695,0.020382
723,val,packing,0,0,0.109928,0.078043
723,val,price,1,1,0.047477,0.917601
723,val,shipping,0,0,0.058526,0.064366
723,val,smell,1,1,0.322724,0.612954
723,val,stayingpower,0,0,0.08107,0.07989
723,val,texture,0,0,0.18264,0.218969
724,val,colour,0,0,0.024656,0.146596
724,val,packing,0,0,0.044471,0.040751
724,val,price,0,0,0.04539,0.056468
724,val,shipping,0,0,0.038601,0.070976
724,val,smell,0,0,0.02583,0.061914
724,val,stayingpower,1,1,0.039072,0.933806
724,val,texture,0,1,0.045316,0.666189
725,val,colour,1,1,0.022319,0.962419
725,val,packing,0,0,0.054147,0.089783
725,val,price,0,0,0.075313,0.153534
725,val,shipping,0,0,0.160484,0.098648
725,val,smell,0,0,0.051885,0.059888
725,val,stayingpower,0,2,0.413007,0.186043
725,val,texture,3,2,0.983413,0.011193
726,val,colour,0,0,0.042837,0.047857
726,val,packing,0,0,0.078493,0.042507
726,val,price,0,0,0.036122,0.036922
726,val,shipping,0,0,0.030365,0.022493
726,val,smell,0,0,0.024785,0.021641
726,val,stayingpower,0,0,0.028061,0.04575
726,val,texture,0,0,0.275432,0.108973
727,val,colour,0,0,0.039933,0.049012
727,val,packing,1,1,0.049486,0.936606
727,val,price,0,0,0.046542,0.043063
727,val,shipping,0,0,0.056159,0.082361
727,val,smell,0,0,0.046352,0.059737
727,val,stayingpower,0,0,0.03353,0.046557
727,val,texture,0,0,0.052258,0.063096
728,val,colour,0,0,0.024101,0.045374
728,val,packing,0,0,0.021914,0.028635
728,val,price,0,0,0.028716,0.036447
728,val,shipping,0,0,0.030272,0.066443
728,val,smell,0,0,0.029921,0.03915
728,val,stayingpower,0,0,0.030819,0.050783
728,val,texture,0,0,0.023651,0.045528
729,val,colour,1,1,0.021694,0.945773
729,val,packing,1,1,0.058825,0.918585
729,val,price,0,1,0.090981,0.629244
729,val,shipping,2,2,0.882031,0.109255
729,val,smell,0,0,0.040682,0.195935
729,val,stayingpower,0,0,0.083224,0.196545
729,val,texture,1,1,0.084072,0.862698
730,val,colour,0,0,0.135656,0.263139
730,val,packing,0,0,0.08233,0.042967
730,val,price,0,0,0.047601,0.035256
730,val,shipping,0,0,0.045967,0.030665
730,val,smell,0,0,0.066267,0.043986
730,val,stayingpower,0,0,0.142342,0.073682
730,val,texture,2,2,0.964897,0.014547
731,val,colour,1,1,0.024043,0.963631
731,val,packing,1,1,0.020322,0.946714
731,val,price,0,0,0.039885,0.051959
731,val,shipping,0,0,0.074263,0.169804
731,val,smell,0,0,0.023098,0.034548
731,val,stayingpower,0,0,0.074955,0.073025
731,val,texture,0,0,0.046186,0.065114
732,val,colour,0,0,0.025286,0.321586
732,val,packing,0,0,0.068356,0.070717
732,val,price,1,1,0.039199,0.927277
732,val,shipping,0,0,0.066663,0.084534
732,val,smell,0,0,0.033497,0.126315
732,val,stayingpower,1,1,0.07624,0.858419
732,val,texture,1,1,0.012753,0.968993
733,val,colour,0,0,0.062192,0.018399
733,val,packing,0,0,0.073539,0.033372
733,val,price,0,0,0.035771,0.040524
733,val,shipping,0,0,0.090273,0.045788
733,val,smell,0,0,0.031294,0.020368
733,val,stayingpower,0,0,0.031041,0.031041
733,val,texture,0,0,0.04573,0.021594
734,val,colour,1,1,0.039261,0.880857
734,val,packing,0,0,0.095127,0.215972
734,val,price,1,1,0.05182,0.866872
734,val,shipping,1,0,0.224471,0.347233
734,val,smell,2,2,0.946768,0.049657
734,val,stayingpower,1,2,0.393285,0.358747
734,val,texture,0,1,0.262166,0.373102
735,val,colour,0,0,0.074276,0.10747
735,val,packing,0,0,0.034254,0.060988
735,val,price,1,1,0.022366,0.935331
735,val,shipping,1,1,0.018325,0.969648
735,val,smell,0,0,0.027973,0.040227
735,val,stayingpower,0,0,0.054792,0.036524
735,val,texture,0,0,0.037133,0.055266
736,val,colour,0,0,0.040432,0.083743
736,val,packing,0,0,0.020998,0.025534
736,val,price,1,1,0.023178,0.952317
736,val,shipping,0,0,0.039227,0.052881
736,val,smell,0,0,0.033181,0.051371
736,val,stayingpower,0,0,0.028421,0.030101
736,val,texture,0,0,0.030851,0.051331
737,val,colour,0,0,0.06759,0.179434
737,val,packing,0,0,0.062379,0.086532
737,val,price,0,0,0.040572,0.064856
737,val,shipping,2,2,0.994293,0.003989
737,val,smell,0,0,0.039294,0.063041
737,val,stayingpower,0,0,0.038558,0.063971
737,val,texture,0,0,0.045247,0.083572
738,val,colour,1,1,0.008697,0.984106
738,val,packing,0,0,0.016901,0.07007
738,val,price,0,0,0.036412,0.068323
738,val,shipping,0,0,0.039011,0.069389
738,val,smell,0,0,0.024253,0.057328
738,val,stayingpower,0,0,0.037881,0.056265
738,val,texture,0,0,0.035005,0.06011
739,val,colour,0,0,0.047609,0.07577
739,val,packing,1,1,0.018128,0.974665
739,val,price,0,0,0.048242,0.070321
739,val,shipping,1,1,0.012279,0.978493
739,val,smell,0,0,0.045132,0.048415
739,val,stayingpower,0,0,0.048818,0.05446
739,val,texture,0,0,0.040402,0.064506
740,val,colour,1,1,0.010331,0.980799
740,val,packing,1,1,0.017034,0.940332
740,val,price,0,0,0.04046,0.059361
740,val,shipping,0,0,0.082814,0.302009
740,val,smell,0,0,0.027763,0.062681
740,val,stayingpower,0,0,0.046107,0.059186
740,val,texture,0,0,0.036952,0.061632
741,val,colour,1,1,0.068631,0.750365
741,val,packing,0,0,0.106415,0.118349
741,val,price,0,0,0.10907,0.270095
741,val,shipping,0,0,0.056064,0.087189
741,val,smell,2,2,0.976367,0.021831
741,val,stayingpower,1,1,0.221446,0.511751
741,val,texture,1,1,0.161943,0.704502
742,val,colour,1,1,0.012014,0.97726
742,val,packing,0,0,0.025562,0.053121
742,val,price,1,1,0.021317,0.958263
742,val,shipping,0,0,0.070834,0.092648
742,val,smell,0,0,0.029312,0.122288
742,val,stayingpower,0,0,0.103293,0.23652
742,val,texture,1,1,0.0355,0.941004
743,val,colour,0,0,0.077645,0.156837
743,val,packing,1,1,0.022691,0.967736
743,val,price,1,1,0.022619,0.958627
743,val,shipping,1,1,0.03707,0.943367
743,val,smell,0,0,0.062995,0.078465
743,val,stayingpower,0,0,0.061483,0.057796
743,val,texture,0,0,0.03765,0.055569
744,val,colour,1,1,0.288733,0.649776
744,val,packing,1,1,0.079816,0.912424
744,val,price,0,0,0.167036,0.264503
744,val,shipping,2,2,0.958389,0.031555
744,val,smell,1,1,0.149587,0.806069
744,val,stayingpower,0,0,0.088101,0.11776
744,val,texture,0,1,0.187697,0.506819
745,val,colour,1,1,0.010042,0.98569
745,val,packing,0,0,0.016173,0.046332
745,val,price,1,1,0.025592,0.94127
745,val,shipping,0,0,0.075019,0.069939
745,val,smell,0,0,0.024676,0.060641
745,val,stayingpower,0,0,0.059066,0.066961
745,val,texture,0,0,0.086075,0.087127
746,val,colour,0,0,0.038716,0.057132
746,val,packing,0,0,0.03629,0.079595
746,val,price,0,0,0.039931,0.123477
746,val,shipping,1,1,0.009593,0.980861
746,val,smell,0,0,0.02669,0.038409
746,val,stayingpower,0,0,0.044484,0.046332
746,val,texture,0,0,0.033994,0.050264
747,val,colour,1,1,0.018651,0.969861
747,val,packing,0,0,0.028631,0.047526
747,val,price,0,0,0.053936,0.128103
747,val,shipping,0,0,0.063941,0.047238
747,val,smell,0,0,0.034603,0.049391
747,val,stayingpower,0,2,0.895519,0.088523
747,val,texture,0,2,0.701566,0.166218
748,val,colour,0,0,0.033413,0.066532
748,val,packing,1,1,0.041224,0.927916
748,val,price,0,0,0.045372,0.044553
748,val,shipping,0,0,0.039299,0.073159
748,val,smell,0,0,0.039256,0.047561
748,val,stayingpower,0,0,0.034641,0.03889
748,val,texture,0,0,0.026403,0.045383
749,val,colour,1,1,0.203554,0.771403
749,val,packing,0,0,0.013853,0.021939
749,val,price,0,0,0.026554,0.043435
749,val,shipping,0,0,0.025079,0.038786
749,val,smell,0,0,0.030056,0.049499
749,val,stayingpower,0,0,0.032152,0.038285
749,val,texture,0,0,0.035397,0.050667
750,val,colour,0,2,0.346838,0.316938
750,val,packing,0,0,0.094161,0.165104
750,val,price,0,0,0.068329,0.179356
750,val,shipping,1,1,0.058615,0.830821
750,val,smell,0,0,0.039452,0.058888
750,val,stayingpower,2,2,0.984287,0.010577
750,val,texture,0,0,0.136483,0.22326
751,val,colour,1,1,0.052721,0.928497
751,val,packing,0,0,0.034441,0.050218
751,val,price,0,0,0.069324,0.163112
751,val,shipping,0,0,0.065724,0.113973
751,val,smell,0,0,0.038701,0.146416
751,val,stayingpower,2,2,0.957899,0.039692
751,val,texture,1,1,0.10892,0.7764
752,val,colour,0,2,0.856255,0.038096
752,val,packing,0,0,0.077239,0.047889
752,val,price,0,0,0.030635,0.040182
752,val,shipping,0,0,0.017147,0.061168
752,val,smell,0,0,0.064859,0.177514
752,val,stayingpower,0,0,0.050256,0.157222
752,val,texture,1,1,0.043567,0.883417
753,val,colour,1,1,0.020323,0.945942
753,val,packing,0,0,0.025583,0.053535
753,val,price,0,0,0.039279,0.045934
753,val,shipping,0,0,0.048035,0.089616
753,val,smell,1,1,0.023676,0.953736
753,val,stayingpower,0,0,0.032815,0.076065
753,val,texture,0,0,0.034804,0.144913
754,val,colour,0,0,0.032518,0.031997
754,val,packing,0,0,0.034664,0.03313
754,val,price,1,0,0.028286,0.031462
754,val,shipping,0,0,0.04587,0.03976
754,val,smell,0,0,0.034609,0.032737
754,val,stayingpower,0,0,0.030608,0.033381
754,val,texture,0,0,0.031009,0.033653
755,val,colour,3,1,0.040846,0.939326
755,val,packing,0,0,0.014289,0.037999
755,val,price,0,0,0.031386,0.054078
755,val,shipping,0,0,0.026695,0.042209
755,val,smell,0,0,0.023023,0.042689
755,val,stayingpower,0,0,0.02847,0.03124
755,val,texture,0,0,0.033783,0.054015
756,val,colour,1,1,0.01203,0.976586
756,val,packing,0,0,0.039056,0.1768
756,val,price,1,1,0.015289,0.974223
756,val,shipping,0,0,0.055157,0.084748
756,val,smell,0,0,0.022173,0.093401
756,val,stayingpower,0,0,0.044903,0.092337
756,val,texture,0,1,0.087312,0.792787
757,val,colour,0,0,0.014912,0.061553
757,val,packing,0,0,0.079601,0.026515
757,val,price,0,0,0.032084,0.026089
757,val,shipping,0,0,0.16463,0.071201
757,val,smell,0,0,0.167019,0.139053
757,val,stayingpower,0,0,0.167052,0.269237
757,val,texture,0,2,0.74352,0.091817
758,val,colour,1,1,0.007375,0.988176
758,val,packing,0,0,0.015946,0.061188
758,val,price,0,0,0.038633,0.070225
758,val,shipping,0,0,0.054036,0.078764
758,val,smell,0,0,0.024275,0.064558
758,val,stayingpower,0,0,0.050343,0.066655
758,val,texture,0,0,0.039448,0.069089
759,val,colour,1,1,0.017183,0.965652
759,val,packing,0,0,0.025727,0.140811
759,val,price,0,0,0.035653,0.101325
759,val,shipping,1,1,0.010617,0.97715
759,val,smell,0,0,0.0267,0.049458
759,val,stayingpower,0,0,0.053383,0.076809
759,val,texture,0,0,0.044283,0.066855
760,val,colour,0,0,0.062971,0.111337
760,val,packing,0,0,0.064768,0.060218
760,val,price,0,0,0.046507,0.085055
760,val,shipping,2,2,0.99479,0.002385
760,val,smell,0,0,0.038604,0.050259
760,val,stayingpower,0,0,0.055078,0.069059
760,val,texture,0,0,0.052884,0.077762
761,val,colour,0,0,0.135263,0.0939
761,val,packing,0,0,0.264969,0.113884
761,val,price,0,0,0.086981,0.129809
761,val,shipping,1,1,0.088589,0.697055
761,val,smell,0,0,0.095134,0.043983
761,val,stayingpower,0,0,0.139585,0.14366
761,val,texture,2,2,0.975331,0.012696
762,val,colour,1,1,0.01801,0.900129
762,val,packing,0,0,0.040236,0.051275
762,val,price,0,0,0.053919,0.083493
762,val,shipping,0,0,0.057921,0.050567
762,val,smell,0,0,0.027665,0.095862
762,val,stayingpower,1,1,0.103774,0.876179
762,val,texture,1,1,0.033246,0.94157
763,val,colour,0,0,0.133213,0.010324
763,val,packing,2,2,0.932589,0.047556
763,val,price,0,0,0.230473,0.235973
763,val,shipping,0,2,0.707964,0.120752
763,val,smell,0,0,0.323989,0.073577
763,val,stayingpower,0,0,0.193112,0.101858
763,val,texture,0,2,0.539388,0.058095
764,val,colour,0,0,0.027385,0.120607
764,val,packing,0,0,0.056556,0.126926
764,val,price,0,0,0.024273,0.037541
764,val,shipping,1,1,0.010526,0.971887
764,val,smell,0,0,0.022104,0.052698
764,val,stayingpower,1,1,0.131582,0.681252
764,val,texture,0,0,0.05698,0.288961
765,val,colour,0,0,0.045971,0.063643
765,val,packing,0,0,0.028074,0.029209
765,val,price,1,1,0.017315,0.971171
765,val,shipping,0,0,0.054299,0.058127
765,val,smell,0,0,0.032687,0.048123
765,val,stayingpower,0,0,0.036192,0.038252
765,val,texture,0,0,0.038067,0.06839
766,val,colour,0,0,0.010556,0.035569
766,val,packing,1,1,0.028675,0.956611
766,val,price,0,0,0.068803,0.100086
766,val,shipping,0,0,0.038785,0.071882
766,val,smell,0,0,0.03741,0.062258
766,val,stayingpower,0,0,0.042382,0.147345
766,val,texture,0,1,0.069397,0.556943
767,val,colour,1,1,0.027232,0.794997
767,val,packing,0,0,0.032167,0.034831
767,val,price,0,0,0.039205,0.048363
767,val,shipping,0,0,0.033248,0.060921
767,val,smell,0,0,0.023469,0.06843
767,val,stayingpower,1,1,0.061596,0.917493
767,val,texture,0,1,0.055915,0.74082
768,val,colour,0,0,0.024472,0.204091
768,val,packing,0,0,0.072136,0.185175
768,val,price,1,1,0.041338,0.881799
768,val,shipping,1,1,0.039581,0.911291
768,val,smell,0,0,0.032184,0.124778
768,val,stayingpower,1,1,0.068056,0.883476
768,val,texture,3,1,0.026767,0.881736
769,val,colour,0,0,0.033909,0.068927
769,val,packing,0,0,0.017208,0.019377
769,val,price,0,0,0.027819,0.036955
769,val,shipping,0,0,0.03364,0.057158
769,val,smell,0,0,0.029499,0.038405
769,val,stayingpower,0,0,0.029037,0.035031
769,val,texture,0,0,0.026865,0.04561
770,val,colour,0,0,0.064134,0.187503
770,val,packing,0,1,0.055402,0.935113
770,val,price,0,0,0.087696,0.099376
770,val,shipping,2,2,0.984368,0.008845
770,val,smell,0,0,0.058904,0.107618
770,val,stayingpower,0,0,0.053539,0.084097
770,val,texture,0,0,0.058988,0.124066
771,val,colour,0,0,0.038629,0.137736
771,val,packing,1,1,0.019601,0.967555
771,val,price,0,0,0.044009,0.051538
771,val,shipping,0,0,0.057182,0.147055
771,val,smell,0,0,0.041299,0.055763
771,val,stayingpower,0,0,0.033558,0.037863
771,val,texture,0,0,0.024461,0.039048
772,val,colour,2,2,0.976155,0.016458
772,val,packing,0,0,0.120871,0.073266
772,val,price,0,0,0.077045,0.073578
772,val,shipping,0,0,0.054778,0.089872
772,val,smell,0,0,0.11922,0.092914
772,val,stayingpower,1,2,0.691187,0.170092
772,val,texture,1,2,0.906199,0.075969
773,val,colour,0,0,0.029924,0.09046
773,val,packing,1,1,0.018822,0.971128
773,val,price,0,0,0.047403,0.053946
773,val,shipping,0,0,0.065538,0.165432
773,val,smell,0,0,0.042317,0.062477
773,val,stayingpower,0,0,0.029248,0.038552
773,val,texture,0,0,0.030643,0.062641
774,val,colour,0,0,0.024484,0.055778
774,val,packing,0,0,0.02787,0.035069
774,val,price,0,0,0.022954,0.022374
774,val,shipping,0,0,0.026411,0.042749
774,val,smell,0,0,0.021561,0.026614
774,val,stayingpower,0,0,0.0367,0.08213
774,val,texture,0,0,0.051384,0.091393
775,val,colour,0,0,0.032855,0.105163
775,val,packing,0,0,0.082146,0.221756
775,val,price,0,0,0.035479,0.078613
775,val,shipping,1,1,0.027805,0.952644
775,val,smell,0,0,0.02643,0.074553
775,val,stayingpower,0,0,0.050257,0.157849
775,val,texture,1,1,0.028726,0.927223
776,val,colour,0,0,0.034373,0.244013
776,val,packing,0,0,0.060454,0.160612
776,val,price,0,0,0.035629,0.032355
776,val,shipping,0,0,0.048259,0.304787
776,val,smell,1,1,0.01966,0.968442
776,val,stayingpower,0,0,0.024206,0.133821
776,val,texture,0,0,0.023486,0.178418
777,val,colour,0,0,0.057347,0.249274
777,val,packing,1,1,0.030281,0.957963
777,val,price,0,0,0.062857,0.068848
777,val,shipping,1,1,0.01597,0.968825
777,val,smell,1,1,0.028014,0.944848
777,val,stayingpower,0,0,0.046571,0.180045
777,val,texture,0,1,0.038527,0.753635
778,val,colour,1,1,0.017105,0.968239
778,val,packing,1,1,0.019761,0.938019
778,val,price,0,0,0.040883,0.057755
778,val,shipping,0,0,0.044802,0.123878
778,val,smell,0,0,0.030333,0.060192
778,val,stayingpower,0,0,0.046939,0.060046
778,val,texture,0,0,0.047428,0.068473
779,val,colour,0,0,0.058291,0.097648
779,val,packing,1,1,0.015519,0.979237
779,val,price,0,0,0.052677,0.085528
779,val,shipping,1,1,0.013925,0.973125
779,val,smell,0,0,0.049509,0.053447
779,val,stayingpower,0,0,0.050606,0.047363
779,val,texture,0,0,0.034228,0.042111
780,val,colour,1,1,0.017834,0.974095
780,val,packing,1,1,0.017379,0.968903
780,val,price,0,0,0.054106,0.099562
780,val,shipping,1,1,0.032659,0.943457
780,val,smell,0,0,0.046937,0.155778
780,val,stayingpower,0,0,0.102236,0.213892
780,val,texture,1,1,0.134736,0.705358
781,val,colour,0,0,0.067388,0.15668
781,val,packing,1,1,0.013382,0.982255
781,val,price,0,0,0.052991,0.089955
781,val,shipping,1,1,0.011517,0.979665
781,val,smell,0,0,0.04605,0.052464
781,val,stayingpower,0,0,0.049336,0.04808
781,val,texture,0,0,0.04324,0.066067
782,val,colour,0,0,0.012482,0.019424
782,val,packing,0,0,0.072128,0.175962
782,val,price,0,0,0.03359,0.047851
782,val,shipping,0,0,0.021854,0.037721
782,val,smell,0,0,0.032534,0.052061
782,val,stayingpower,0,0,0.020683,0.053113
782,val,texture,0,0,0.039474,0.145617
783,val,colour,0,0,0.106955,0.03475
783,val,packing,0,0,0.073119,0.030909
783,val,price,1,1,0.032449,0.941526
783,val,shipping,0,0,0.078607,0.028255
783,val,smell,0,0,0.037546,0.026827
783,val,stayingpower,0,0,0.042925,0.030838
783,val,texture,0,0,0.107082,0.037306
784,val,colour,0,0,0.033796,0.044819
784,val,packing,0,0,0.028936,0.032462
784,val,price,0,0,0.029659,0.036188
784,val,shipping,0,0,0.031082,0.043938
784,val,smell,0,0,0.03292,0.035986
784,val,stayingpower,0,0,0.028968,0.033415
784,val,texture,0,0,0.02582,0.032607
785,val,colour,0,0,0.029703,0.041336
785,val,packing,0,0,0.026591,0.032612
785,val,price,0,0,0.029739,0.037638
785,val,shipping,0,0,0.039126,0.054076
785,val,smell,0,0,0.03174,0.035457
785,val,stayingpower,0,0,0.028006,0.031322
785,val,texture,0,0,0.025539,0.030245
786,val,colour,2,2,0.97109,0.019416
786,val,packing,0,0,0.110081,0.115578
786,val,price,0,0,0.044904,0.051721
786,val,shipping,0,0,0.043399,0.096694
786,val,smell,0,0,0.068044,0.187985
786,val,stayingpower,0,0,0.104481,0.182201
786,val,texture,1,1,0.047446,0.857512
787,val,colour,1,1,0.023804,0.966603
787,val,packing,0,0,0.016897,0.038032
787,val,price,1,1,0.021588,0.954996
787,val,shipping,0,0,0.052099,0.041891
787,val,smell,0,0,0.022866,0.054428
787,val,stayingpower,0,0,0.045702,0.060807
787,val,texture,0,0,0.093695,0.091968
788,val,colour,1,1,0.012877,0.96997
788,val,packing,0,0,0.039022,0.117044
788,val,price,0,0,0.055014,0.119591
788,val,shipping,2,2,0.987584,0.007465
788,val,smell,0,0,0.030903,0.113081
788,val,stayingpower,0,0,0.062046,0.171366
788,val,texture,1,1,0.074167,0.802963
789,val,colour,0,0,0.02983,0.053715
789,val,packing,0,0,0.023621,0.028898
789,val,price,0,0,0.026306,0.029479
789,val,shipping,0,0,0.031344,0.049881
789,val,smell,0,0,0.028091,0.032451
789,val,stayingpower,0,0,0.02755,0.037156
789,val,texture,0,0,0.031155,0.05177
790,val,colour,2,2,0.987383,0.00711
790,val,packing,0,0,0.158048,0.137133
790,val,price,0,0,0.073469,0.060929
790,val,shipping,0,0,0.063451,0.09089
790,val,smell,1,1,0.170403,0.786992
790,val,stayingpower,0,0,0.164315,0.200293
790,val,texture,1,1,0.100805,0.732269
791,val,colour,0,0,0.069581,0.039748
791,val,packing,0,0,0.141421,0.073792
791,val,price,0,0,0.044808,0.064914
791,val,shipping,2,2,0.992688,0.004652
791,val,smell,0,0,0.053731,0.053457
791,val,stayingpower,0,0,0.050315,0.061446
791,val,texture,0,0,0.056802,0.059088
792,val,colour,1,1,0.012309,0.979949
792,val,packing,0,0,0.016569,0.054985
792,val,price,1,1,0.020065,0.961548
792,val,shipping,0,0,0.05772,0.069425
792,val,smell,0,0,0.025278,0.06049
792,val,stayingpower,0,0,0.061351,0.066498
792,val,texture,0,0,0.06545,0.083355
793,val,colour,0,0,0.057262,0.009913
793,val,packing,1,1,0.38857,0.585526
793,val,price,1,1,0.066002,0.894463
793,val,shipping,0,0,0.201713,0.19552
793,val,smell,0,0,0.096675,0.066508
793,val,stayingpower,0,0,0.0726,0.063879
793,val,texture,0,0,0.129045,0.069921
794,val,colour,0,0,0.018732,0.026524
794,val,packing,0,0,0.037378,0.061255
794,val,price,0,0,0.028543,0.036141
794,val,shipping,0,0,0.045717,0.081842
794,val,smell,0,0,0.027464,0.030862
794,val,stayingpower,0,0,0.02833,0.041393
794,val,texture,0,0,0.02229,0.034336
795,val,colour,0,1,0.047222,0.912985
795,val,packing,1,1,0.013431,0.976044
795,val,price,0,0,0.046907,0.091292
795,val,shipping,1,1,0.010841,0.982165
795,val,smell,0,0,0.039468,0.050417
795,val,stayingpower,0,0,0.078245,0.080413
795,val,texture,0,0,0.058108,0.105086
796,val,colour,3,1,0.017917,0.95996
796,val,packing,1,1,0.031345,0.921754
796,val,price,0,0,0.075596,0.127191
796,val,shipping,2,2,0.982146,0.013137
796,val,smell,0,0,0.049888,0.131278
796,val,stayingpower,0,0,0.077177,0.115901
796,val,texture,0,0,0.071833,0.147924
797,val,colour,0,0,0.030975,0.017405
797,val,packing,0,0,0.040767,0.019836
797,val,price,0,1,0.03557,0.919718
797,val,shipping,0,0,0.094755,0.053058
797,val,smell,0,0,0.038695,0.042556
797,val,stayingpower,0,0,0.033407,0.037201
797,val,texture,0,0,0.045048,0.042223
798,val,colour,0,0,0.049784,0.14488
798,val,packing,0,0,0.068008,0.070592
798,val,price,1,1,0.022153,0.964452
798,val,shipping,2,2,0.983739,0.010282
798,val,smell,0,0,0.050984,0.104936
798,val,stayingpower,0,0,0.055944,0.065798
798,val,texture,0,0,0.041164,0.084872
799,val,colour,0,0,0.12566,0.182396
799,val,packing,0,0,0.136901,0.164727
799,val,price,1,1,0.039705,0.928819
799,val,shipping,1,1,0.052758,0.869753
799,val,smell,0,0,0.042376,0.069495
799,val,stayingpower,1,2,0.921973,0.063761
799,val,texture,0,2,0.464792,0.318353
800,val,colour,1,1,0.009779,0.981719
800,val,packing,0,0,0.014716,0.048986
800,val,price,0,0,0.036996,0.066356
800,val,shipping,0,0,0.046967,0.060607
800,val,smell,0,0,0.028851,0.090059
800,val,stayingpower,0,0,0.037582,0.04126
800,val,texture,0,0,0.036462,0.054002
801,val,colour,1,1,0.035802,0.947529
801,val,packing,0,0,0.032441,0.130403
801,val,price,0,0,0.04953,0.099133
801,val,shipping,1,1,0.02577,0.943142
801,val,smell,1,1,0.028761,0.943394
801,val,stayingpower,0,0,0.060328,0.09999
801,val,texture,0,0,0.048266,0.138583
802,val,colour,0,0,0.040001,0.301924
802,val,packing,1,1,0.069141,0.901194
802,val,price,0,0,0.069578,0.08799
802,val,shipping,2,2,0.987691,0.008425
802,val,smell,0,0,0.060298,0.225733
802,val,stayingpower,0,0,0.04608,0.161114
802,val,texture,1,1,0.049415,0.837435
803,val,colour,0,0,0.040421,0.175212
803,val,packing,0,0,0.043321,0.055106
803,val,price,0,0,0.03876,0.044132
803,val,shipping,0,0,0.057982,0.136745
803,val,smell,1,1,0.034541,0.94809
803,val,stayingpower,0,0,0.020875,0.070759
803,val,texture,0,0,0.025285,0.11111
804,val,colour,0,0,0.044042,0.07784
804,val,packing,0,0,0.035226,0.076613
804,val,price,0,0,0.034143,0.080333
804,val,shipping,1,1,0.011442,0.979795
804,val,smell,0,0,0.027386,0.040066
804,val,stayingpower,0,0,0.046267,0.049826
804,val,texture,0,0,0.031607,0.042483
805,val,colour,0,1,0.033074,0.690397
805,val,packing,0,0,0.100306,0.106054
805,val,price,1,1,0.038812,0.929924
805,val,shipping,0,1,0.161953,0.419918
805,val,smell,1,1,0.040391,0.923988
805,val,stayingpower,1,1,0.071341,0.884944
805,val,texture,1,1,0.011094,0.970033
806,val,colour,0,0,0.0295,0.097817
806,val,packing,0,0,0.135724,0.400837
806,val,price,0,0,0.044536,0.049866
806,val,shipping,2,2,0.991462,0.004737
806,val,smell,0,0,0.033188,0.076957
806,val,stayingpower,0,0,0.029994,0.076881
806,val,texture,0,0,0.034341,0.119151
807,val,colour,1,1,0.139124,0.837504
807,val,packing,0,0,0.078854,0.227705
807,val,price,0,0,0.041739,0.080947
807,val,shipping,1,1,0.033916,0.935816
807,val,smell,0,0,0.040113,0.144564
807,val,stayingpower,0,0,0.127646,0.256974
807,val,texture,1,1,0.028386,0.958978
808,val,colour,1,1,0.181293,0.811171
808,val,packing,0,0,0.014462,0.02106
808,val,price,0,0,0.032027,0.051503
808,val,shipping,0,0,0.036882,0.038777
808,val,smell,0,0,0.031161,0.047883
808,val,stayingpower,0,0,0.046896,0.049863
808,val,texture,0,0,0.087278,0.081698
809,val,colour,2,2,0.935912,0.042303
809,val,packing,0,0,0.111678,0.082211
809,val,price,0,0,0.089123,0.101449
809,val,shipping,0,0,0.025354,0.068774
809,val,smell,0,0,0.078418,0.065235
809,val,stayingpower,2,2,0.894478,0.062857
809,val,texture,2,2,0.935786,0.052168
810,val,colour,1,1,0.043775,0.894846
810,val,packing,1,1,0.20673,0.496806
810,val,price,1,1,0.074333,0.78603
810,val,shipping,0,0,0.233347,0.214752
810,val,smell,2,2,0.984504,0.011243
810,val,stayingpower,0,0,0.250853,0.187642
810,val,texture,1,2,0.527665,0.247277
811,val,colour,0,0,0.072011,0.198387
811,val,packing,0,0,0.049867,0.099473
811,val,price,0,0,0.046705,0.062078
811,val,shipping,1,1,0.025264,0.949673
811,val,smell,1,1,0.033011,0.933967
811,val,stayingpower,0,0,0.042439,0.071444
811,val,texture,0,0,0.034448,0.095355
812,val,colour,0,0,0.037831,0.111565
812,val,packing,0,0,0.045756,0.043809
812,val,price,1,1,0.027385,0.945119
812,val,shipping,0,0,0.040385,0.050762
812,val,smell,0,0,0.044837,0.132682
812,val,stayingpower,0,0,0.03484,0.096386
812,val,texture,1,1,0.026559,0.939491
813,val,colour,0,0,0.039933,0.091701
813,val,packing,0,0,0.028957,0.058251
813,val,price,0,0,0.035064,0.092686
813,val,shipping,1,1,0.010255,0.980028
813,val,smell,0,0,0.027318,0.050709
813,val,stayingpower,0,0,0.045016,0.055783
813,val,texture,0,0,0.033976,0.058399
814,val,colour,3,1,0.357289,0.590683
814,val,packing,0,0,0.05732,0.057642
814,val,price,0,0,0.050806,0.051918
814,val,shipping,0,0,0.056337,0.093785
814,val,smell,1,1,0.027087,0.960529
814,val,stayingpower,0,0,0.068684,0.209998
814,val,texture,1,1,0.014466,0.963199
815,val,colour,2,2,0.931369,0.063141
815,val,packing,0,0,0.057785,0.080465
815,val,price,0,0,0.041992,0.068884
815,val,shipping,0,0,0.040787,0.081419
815,val,smell,0,0,0.049782,0.107988
815,val,stayingpower,0,0,0.150565,0.142053
815,val,texture,1,1,0.084435,0.841647
816,val,colour,0,0,0.060494,0.101873
816,val,packing,0,0,0.03095,0.032507
816,val,price,1,1,0.012999,0.980639
816,val,shipping,0,0,0.081688,0.066788
816,val,smell,0,0,0.030623,0.042528
816,val,stayingpower,0,0,0.035756,0.037031
816,val,texture,0,0,0.045113,0.063571
817,val,colour,0,1,0.076336,0.489943
817,val,packing,0,0,0.071352,0.056973
817,val,price,0,0,0.086593,0.126907
817,val,shipping,0,0,0.064731,0.064929
817,val,smell,0,0,0.083297,0.083806
817,val,stayingpower,2,2,0.935946,0.047836
817,val,texture,2,2,0.969704,0.023214
818,val,colour,1,1,0.01572,0.969673
818,val,packing,1,1,0.019805,0.937696
818,val,price,1,1,0.030352,0.937863
818,val,shipping,0,0,0.097483,0.15872
818,val,smell,0,0,0.037036,0.090155
818,val,stayingpower,0,0,0.048492,0.057741
818,val,texture,0,0,0.071714,0.095803
819,val,colour,1,1,0.014979,0.979623
819,val,packing,0,0,0.02195,0.039558
819,val,price,0,0,0.030578,0.041043
819,val,shipping,0,0,0.061584,0.045001
819,val,smell,0,0,0.021292,0.028288
819,val,stayingpower,0,0,0.125819,0.159655
819,val,texture,0,0,0.417014,0.126839
820,val,colour,3,1,0.145042,0.828889
820,val,packing,0,0,0.024154,0.031244
820,val,price,0,0,0.044061,0.104902
820,val,shipping,2,2,0.989578,0.00507
820,val,smell,0,0,0.051326,0.058103
820,val,stayingpower,0,0,0.085118,0.078403
820,val,texture,0,0,0.096423,0.059124
821,val,colour,0,0,0.045095,0.029569
821,val,packing,0,0,0.035023,0.02647
821,val,price,0,0,0.031639,0.038224
821,val,shipping,0,0,0.035167,0.034888
821,val,smell,0,0,0.036967,0.032349
821,val,stayingpower,0,0,0.033211,0.036504
821,val,texture,0,0,0.030867,0.030065
822,val,colour,0,0,0.162323,0.065801
822,val,packing,0,0,0.073678,0.026796
822,val,price,0,0,0.033857,0.03246
822,val,shipping,0,2,0.971009,0.007785
822,val,smell,0,0,0.049516,0.040984
822,val,stayingpower,0,0,0.042314,0.042058
822,val,texture,0,0,0.047281,0.029203
823,val,colour,1,1,0.227857,0.764286
823,val,packing,0,0,0.028221,0.03986
823,val,price,0,0,0.058508,0.14972
823,val,shipping,2,2,0.986729,0.00498
823,val,smell,0,0,0.118314,0.110923
823,val,stayingpower,0,0,0.122124,0.078095
823,val,texture,0,0,0.27061,0.091235
824,val,colour,1,1,0.06647,0.92448
824,val,packing,1,1,0.066659,0.788767
824,val,price,0,0,0.085568,0.195409
824,val,shipping,2,2,0.890332,0.075166
824,val,smell,0,0,0.061345,0.096387
824,val,stayingpower,2,2,0.959016,0.031885
824,val,texture,0,0,0.283272,0.346223
825,val,colour,0,1,0.055504,0.623542
825,val,packing,1,1,0.026769,0.959179
825,val,price,0,0,0.05681,0.047227
825,val,shipping,0,0,0.063974,0.41118
825,val,smell,1,1,0.019806,0.970247
825,val,stayingpower,0,0,0.032652,0.1028
825,val,texture,1,0,0.04429,0.372765
826,val,colour,0,0,0.039395,0.06252
826,val,packing,0,0,0.024503,0.025565
826,val,price,0,0,0.025347,0.027826
826,val,shipping,0,0,0.037097,0.04342
826,val,smell,0,0,0.028249,0.03169
826,val,stayingpower,0,0,0.027116,0.033983
826,val,texture,0,0,0.030954,0.047931
827,val,colour,0,0,0.057363,0.133321
827,val,packing,1,1,0.026955,0.966656
827,val,price,0,0,0.072792,0.171605
827,val,shipping,0,0,0.048914,0.092763
827,val,smell,0,0,0.03747,0.042244
827,val,stayingpower,0,0,0.03453,0.036167
827,val,texture,0,0,0.065725,0.059967
828,val,colour,0,0,0.032344,0.128176
828,val,packing,1,1,0.025244,0.954668
828,val,price,0,0,0.047539,0.060698
828,val,shipping,0,0,0.029381,0.066601
828,val,smell,0,0,0.033822,0.046607
828,val,stayingpower,0,0,0.029154,0.043538
828,val,texture,0,0,0.040549,0.094634
829,val,colour,0,0,0.07825,0.151141
829,val,packing,0,0,0.084476,0.135114
829,val,price,0,0,0.035705,0.049378
829,val,shipping,2,2,0.988894,0.009183
829,val,smell,0,0,0.034619,0.048886
829,val,stayingpower,0,0,0.041566,0.057487
829,val,texture,0,0,0.031119,0.05131
830,val,colour,0,0,0.029225,0.111301
830,val,packing,1,1,0.021061,0.965204
830,val,price,0,0,0.048091,0.053038
830,val,shipping,0,0,0.034649,0.103588
830,val,smell,0,0,0.038079,0.053528
830,val,stayingpower,0,0,0.035142,0.056383
830,val,texture,0,0,0.034665,0.086508
831,val,colour,0,0,0.020347,0.032676
831,val,packing,0,0,0.033765,0.041128
831,val,price,0,0,0.020895,0.018592
831,val,shipping,0,0,0.047282,0.049871
831,val,smell,0,0,0.044811,0.083303
831,val,stayingpower,0,0,0.026049,0.040952
831,val,texture,0,0,0.037185,0.079584
832,val,colour,0,1,0.145948,0.479072
832,val,packing,1,2,0.415155,0.406168
832,val,price,0,0,0.139096,0.212788
832,val,shipping,3,2,0.926663,0.058079
832,val,smell,2,2,0.979644,0.016129
832,val,stayingpower,0,0,0.281116,0.240286
832,val,texture,1,2,0.613369,0.238634
833,val,colour,0,0,0.035671,0.039858
833,val,packing,0,0,0.031472,0.021422
833,val,price,0,0,0.02388,0.021463
833,val,shipping,0,0,0.040739,0.029486
833,val,smell,0,0,0.043348,0.049989
833,val,stayingpower,0,0,0.029778,0.048714
833,val,texture,0,0,0.058484,0.055467
834,val,colour,2,2,0.984289,0.009126
834,val,packing,0,0,0.162775,0.139749
834,val,price,1,1,0.049665,0.913091
834,val,shipping,0,0,0.082773,0.14317
834,val,smell,0,0,0.132301,0.142145
834,val,stayingpower,0,0,0.296382,0.133709
834,val,texture,1,2,0.537339,0.370597
835,val,colour,0,0,0.051885,0.093899
835,val,packing,0,0,0.046372,0.119964
835,val,price,1,1,0.015439,0.964087
835,val,shipping,1,1,0.020038,0.962104
835,val,smell,0,0,0.03069,0.039025
835,val,stayingpower,0,0,0.055478,0.042365
835,val,texture,0,0,0.037973,0.063925
836,val,colour,0,0,0.088096,0.185132
836,val,packing,1,1,0.166243,0.803789
836,val,price,0,0,0.064135,0.036252
836,val,shipping,2,2,0.979807,0.014812
836,val,smell,0,0,0.040022,0.055782
836,val,stayingpower,3,1,0.252149,0.565104
836,val,texture,0,0,0.133531,0.3851
837,val,colour,1,1,0.015327,0.969142
837,val,packing,0,0,0.013356,0.041833
837,val,price,0,0,0.032906,0.060281
837,val,shipping,0,0,0.034248,0.067101
837,val,smell,0,0,0.019527,0.039824
837,val,stayingpower,0,0,0.030194,0.041503
837,val,texture,0,0,0.03812,0.065502
838,val,colour,1,1,0.013967,0.890883
838,val,packing,0,0,0.088364,0.174853
838,val,price,1,1,0.064763,0.879092
838,val,shipping,2,2,0.977555,0.011774
838,val,smell,1,1,0.062301,0.873719
838,val,stayingpower,3,1,0.227081,0.713878
838,val,texture,1,1,0.057705,0.864449
839,val,colour,0,0,0.038573,0.282753
839,val,packing,0,0,0.05892,0.075047
839,val,price,1,1,0.025968,0.950851
839,val,shipping,0,0,0.058229,0.069352
839,val,smell,0,0,0.027617,0.081954
839,val,stayingpower,0,0,0.041199,0.130967
839,val,texture,1,1,0.027014,0.954705
840,val,colour,0,0,0.15978,0.274113
840,val,packing,1,1,0.193412,0.791977
840,val,price,1,1,0.095191,0.863441
840,val,shipping,1,1,0.111292,0.829574
840,val,smell,1,1,0.211738,0.748414
840,val,stayingpower,0,0,0.316007,0.141566
840,val,texture,3,2,0.767447,0.17637
841,val,colour,2,2,0.964743,0.029482
841,val,packing,0,0,0.075316,0.055169
841,val,price,1,1,0.036211,0.941388
841,val,shipping,0,0,0.097221,0.054996
841,val,smell,0,0,0.149633,0.067647
841,val,stayingpower,0,0,0.176685,0.073382
841,val,texture,0,2,0.605518,0.054977
842,val,colour,0,0,0.035893,0.077119
842,val,packing,0,0,0.020988,0.023345
842,val,price,0,0,0.025588,0.029053
842,val,shipping,0,0,0.030245,0.031965
842,val,smell,0,0,0.028955,0.034083
842,val,stayingpower,0,0,0.026449,0.035227
842,val,texture,0,0,0.036805,0.06111
843,val,colour,3,1,0.042208,0.931359
843,val,packing,0,0,0.014392,0.038668
843,val,price,0,0,0.028113,0.043687
843,val,shipping,0,0,0.029436,0.059171
843,val,smell,0,0,0.019555,0.031281
843,val,stayingpower,0,0,0.02713,0.0421
843,val,texture,0,0,0.029562,0.053118
844,val,colour,1,1,0.231081,0.751072
844,val,packing,0,0,0.0191,0.035783
844,val,price,0,0,0.0284,0.042196
844,val,shipping,0,0,0.023597,0.03149
844,val,smell,0,0,0.024995,0.034937
844,val,stayingpower,0,0,0.039701,0.042577
844,val,texture,0,0,0.046219,0.057396
845,val,colour,1,1,0.016002,0.969857
845,val,packing,0,0,0.032008,0.126676
845,val,price,1,1,0.060496,0.702083
845,val,shipping,1,1,0.034312,0.932408
845,val,smell,1,1,0.025844,0.944209
845,val,stayingpower,0,0,0.052919,0.13387
845,val,texture,0,0,0.041923,0.162424
846,val,colour,1,1,0.010772,0.980852
846,val,packing,0,0,0.013617,0.041627
846,val,price,0,0,0.039487,0.080611
846,val,shipping,0,0,0.044386,0.073209
846,val,smell,0,0,0.023488,0.049025
846,val,stayingpower,0,0,0.044863,0.054236
846,val,texture,0,0,0.033842,0.04372
847,val,colour,0,0,0.047675,0.423038
847,val,packing,1,1,0.01197,0.97727
847,val,price,0,0,0.042593,0.080126
847,val,shipping,1,1,0.014332,0.969686
847,val,smell,0,0,0.029217,0.041759
847,val,stayingpower,0,0,0.028636,0.044018
847,val,texture,0,0,0.041303,0.080787
848,val,colour,1,1,0.032437,0.950045
848,val,packing,0,0,0.050399,0.088504
848,val,price,0,0,0.057919,0.069002
848,val,shipping,0,0,0.057583,0.092534
848,val,smell,2,1,0.018448,0.96122
848,val,stayingpower,0,0,0.061015,0.181633
848,val,texture,1,1,0.013022,0.967296
849,val,colour,1,1,0.01797,0.961436
849,val,packing,0,0,0.049348,0.091705
849,val,price,0,0,0.092499,0.189057
849,val,shipping,0,0,0.047323,0.064719
849,val,smell,1,1,0.017612,0.958551
849,val,stayingpower,0,0,0.057882,0.187762
849,val,texture,1,1,0.015753,0.969658
850,val,colour,0,0,0.028622,0.140871
850,val,packing,0,1,0.17485,0.569457
850,val,price,0,0,0.103943,0.135597
850,val,shipping,0,0,0.039863,0.118175
850,val,smell,1,1,0.025224,0.960582
850,val,stayingpower,0,0,0.032847,0.316437
850,val,texture,1,1,0.007988,0.979599
851,val,colour,1,1,0.058701,0.921675
851,val,packing,0,0,0.012737,0.024443
851,val,price,1,1,0.01569,0.971131
851,val,shipping,0,0,0.054511,0.071496
851,val,smell,0,0,0.021955,0.044195
851,val,stayingpower,0,0,0.049153,0.050991
851,val,texture,0,0,0.068244,0.100896
852,val,colour,1,1,0.047235,0.893227
852,val,packing,0,0,0.097437,0.132614
852,val,price,1,1,0.058279,0.855834
852,val,shipping,2,2,0.839215,0.053175
852,val,smell,2,2,0.974249,0.021445
852,val,stayingpower,1,2,0.453543,0.296906
852,val,texture,0,2,0.465795,0.30342
853,val,colour,0,0,0.072279,0.113879
853,val,packing,1,1,0.029202,0.949698
853,val,price,1,1,0.025519,0.944975
853,val,shipping,1,1,0.012739,0.976273
853,val,smell,0,0,0.055967,0.05356
853,val,stayingpower,0,0,0.061953,0.047748
853,val,texture,0,0,0.041454,0.05058
854,val,colour,0,0,0.029258,0.065978
854,val,packing,0,0,0.018441,0.027104
854,val,price,0,0,0.043623,0.126306
854,val,shipping,0,0,0.025123,0.069905
854,val,smell,0,0,0.024655,0.033989
854,val,stayingpower,0,0,0.018658,0.022784
854,val,texture,0,0,0.026879,0.04859
855,val,colour,1,1,0.012959,0.976669
855,val,packing,0,0,0.030635,0.12382
855,val,price,0,0,0.062308,0.135216
855,val,shipping,2,2,0.985291,0.008027
855,val,smell,0,0,0.040502,0.099384
855,val,stayingpower,0,0,0.058322,0.078752
855,val,texture,0,0,0.087012,0.085093
856,val,colour,0,0,0.074026,0.058581
856,val,packing,0,0,0.079209,0.203304
856,val,price,0,0,0.022915,0.030425
856,val,shipping,1,1,0.010017,0.980084
856,val,smell,0,0,0.026577,0.050778
856,val,stayingpower,0,0,0.060443,0.108827
856,val,texture,0,1,0.086591,0.536638
857,val,colour,3,1,0.048629,0.904111
857,val,packing,0,1,0.016292,0.962399
857,val,price,0,0,0.03912,0.053394
857,val,shipping,0,0,0.045382,0.111913
857,val,smell,0,0,0.032275,0.057004
857,val,stayingpower,0,0,0.038003,0.038585
857,val,texture,0,0,0.035183,0.058782
858,val,colour,0,0,0.03552,0.062647
858,val,packing,0,0,0.029638,0.063225
858,val,price,0,0,0.0455,0.182101
858,val,shipping,1,1,0.012571,0.972424
858,val,smell,0,0,0.023736,0.031394
858,val,stayingpower,0,0,0.042894,0.042786
858,val,texture,0,0,0.026731,0.031134
859,val,colour,0,0,0.026336,0.193352
859,val,packing,1,1,0.021839,0.962957
859,val,price,0,0,0.053221,0.070635
859,val,shipping,0,0,0.045606,0.190535
859,val,smell,0,0,0.034374,0.095912
859,val,stayingpower,0,0,0.028652,0.088011
859,val,texture,1,1,0.040023,0.880159
860,val,colour,1,1,0.051686,0.861793
860,val,packing,0,0,0.064726,0.077837
860,val,price,0,0,0.082403,0.241522
860,val,shipping,0,0,0.135539,0.087652
860,val,smell,2,2,0.984472,0.011522
860,val,stayingpower,0,0,0.091632,0.170187
860,val,texture,0,0,0.267358,0.268336
861,val,colour,2,2,0.95654,0.033073
861,val,packing,0,0,0.117243,0.075207
861,val,price,0,0,0.046706,0.081188
861,val,shipping,2,2,0.974033,0.013592
861,val,smell,0,0,0.109972,0.062309
861,val,stayingpower,0,0,0.103591,0.058302
861,val,texture,0,0,0.170849,0.064847
862,val,colour,1,1,0.028912,0.946433
862,val,packing,0,0,0.042584,0.15041
862,val,price,1,1,0.028406,0.930149
862,val,shipping,1,1,0.034448,0.941743
862,val,smell,1,1,0.033549,0.932467
862,val,stayingpower,0,0,0.058823,0.106639
862,val,texture,0,0,0.052101,0.258343
863,val,colour,3,0,0.050227,0.068338
863,val,packing,1,1,0.025821,0.962204
863,val,price,1,1,0.042181,0.875486
863,val,shipping,1,1,0.011896,0.974661
863,val,smell,0,0,0.05182,0.053771
863,val,stayingpower,0,0,0.048928,0.041475
863,val,texture,0,0,0.039885,0.049903
864,val,colour,1,2,0.515678,0.466547
864,val,packing,0,0,0.058955,0.088454
864,val,price,0,0,0.082845,0.17683
864,val,shipping,0,0,0.175313,0.142902
864,val,smell,0,0,0.062554,0.077092
864,val,stayingpower,3,2,0.992473,0.005454
864,val,texture,0,0,0.371717,0.246142
865,val,colour,0,0,0.036273,0.098313
865,val,packing,1,1,0.015925,0.978717
865,val,price,1,0,0.063545,0.133634
865,val,shipping,0,0,0.053294,0.255888
865,val,smell,0,0,0.040521,0.049194
865,val,stayingpower,0,0,0.034115,0.03471
865,val,texture,0,0,0.041092,0.065016
866,val,colour,1,1,0.019172,0.971354
866,val,packing,0,0,0.026822,0.032986
866,val,price,0,0,0.063397,0.060071
866,val,shipping,0,0,0.038131,0.037938
866,val,smell,1,1,0.033782,0.94518
866,val,stayingpower,0,0,0.155212,0.237712
866,val,texture,2,1,0.298382,0.645926
867,val,colour,3,1,0.216641,0.666171
867,val,packing,0,0,0.090821,0.091636
867,val,price,0,0,0.092687,0.177647
867,val,shipping,0,0,0.064338,0.109221
867,val,smell,2,2,0.986543,0.011118
867,val,stayingpower,0,1,0.208005,0.414987
867,val,texture,1,1,0.364031,0.42184
868,val,colour,0,0,0.05064,0.06516
868,val,packing,0,0,0.103086,0.07691
868,val,price,0,0,0.056979,0.117654
868,val,shipping,2,2,0.995301,0.002679
868,val,smell,0,0,0.041777,0.056441
868,val,stayingpower,0,0,0.045766,0.072728
868,val,texture,0,0,0.0504,0.100514
869,val,colour,0,0,0.041813,0.085481
869,val,packing,0,0,0.03065,0.068876
869,val,price,0,0,0.030872,0.069038
869,val,shipping,1,1,0.010825,0.978026
869,val,smell,0,0,0.029019,0.050029
869,val,stayingpower,0,0,0.044091,0.047027
869,val,texture,0,0,0.032787,0.050884
870,val,colour,1,1,0.022054,0.961262
870,val,packing,0,0,0.030051,0.073694
870,val,price,0,0,0.054582,0.125222
870,val,shipping,2,2,0.989077,0.006177
870,val,smell,0,0,0.035333,0.077149
870,val,stayingpower,0,0,0.055112,0.082027
870,val,texture,0,0,0.077508,0.092878
871,val,colour,1,1,0.035727,0.930461
871,val,packing,0,0,0.057097,0.094989
871,val,price,0,0,0.090667,0.116222
871,val,shipping,0,0,0.036828,0.03476
871,val,smell,1,1,0.122647,0.786759
871,val,stayingpower,0,0,0.153546,0.130336
871,val,texture,3,2,0.917694,0.072882
872,val,colour,0,0,0.045338,0.141095
872,val,packing,0,0,0.073544,0.048568
872,val,price,0,0,0.068191,0.077358
872,val,shipping,0,0,0.02496,0.028553
872,val,smell,1,1,0.029519,0.950832
872,val,stayingpower,0,0,0.035889,0.158067
872,val,texture,1,1,0.021107,0.943766
873,val,colour,0,0,0.064671,0.292833
873,val,packing,0,0,0.096965,0.057538
873,val,price,0,0,0.040421,0.027891
873,val,shipping,0,0,0.077706,0.046566
873,val,smell,0,0,0.041173,0.036323
873,val,stayingpower,0,0,0.194348,0.260185
873,val,texture,2,2,0.954568,0.032003
874,val,colour,0,0,0.072671,0.147101
874,val,packing,1,1,0.023057,0.964744
874,val,price,1,1,0.023894,0.952275
874,val,shipping,1,1,0.02013,0.967964
874,val,smell,0,0,0.06359,0.077487
874,val,stayingpower,0,0,0.063192,0.05473
874,val,texture,0,0,0.039538,0.064721
875,val,colour,0,0,0.059274,0.083445
875,val,packing,0,0,0.037551,0.090031
875,val,price,1,1,0.016069,0.965422
875,val,shipping,1,1,0.022773,0.944068
875,val,smell,0,0,0.031969,0.042375
875,val,stayingpower,0,0,0.047659,0.038977
875,val,texture,0,0,0.026473,0.050526
876,val,colour,0,0,0.202518,0.325609
876,val,packing,0,0,0.070485,0.064158
876,val,price,0,0,0.084463,0.214727
876,val,shipping,0,0,0.154545,0.112248
876,val,smell,0,0,0.039189,0.047951
876,val,stayingpower,2,2,0.991495,0.006522
876,val,texture,0,0,0.329554,0.257455
877,val,colour,0,0,0.053021,0.083697
877,val,packing,0,0,0.026461,0.027673
877,val,price,1,1,0.018172,0.968343
877,val,shipping,0,0,0.048348,0.053722
877,val,smell,0,0,0.026576,0.033051
877,val,stayingpower,0,0,0.036356,0.038316
877,val,texture,0,0,0.042613,0.058984
878,val,colour,0,1,0.068209,0.588479
878,val,packing,0,0,0.081831,0.116894
878,val,price,0,0,0.062068,0.061343
878,val,shipping,2,2,0.985964,0.010445
878,val,smell,1,1,0.078163,0.908522
878,val,stayingpower,0,0,0.103666,0.280524
878,val,texture,0,0,0.073393,0.412192
879,val,colour,0,0,0.09211,0.236536
879,val,packing,0,1,0.028663,0.966
879,val,price,0,0,0.075867,0.096294
879,val,shipping,1,1,0.034688,0.945015
879,val,smell,1,1,0.038676,0.943402
879,val,stayingpower,0,0,0.059872,0.113363
879,val,texture,0,0,0.052074,0.250766
880,val,colour,0,0,0.011293,0.07251
880,val,packing,0,0,0.062132,0.097535
880,val,price,0,0,0.026421,0.026289
880,val,shipping,0,0,0.034005,0.07601
880,val,smell,0,0,0.025271,0.056013
880,val,stayingpower,1,1,0.101459,0.805884
880,val,texture,0,0,0.052852,0.264097
881,val,colour,0,0,0.068933,0.282856
881,val,packing,0,0,0.123099,0.082795
881,val,price,0,0,0.070276,0.051139
881,val,shipping,0,0,0.058583,0.03673
881,val,smell,1,1,0.142652,0.716581
881,val,stayingpower,0,0,0.100262,0.158154
881,val,texture,2,2,0.941884,0.041841
882,val,colour,0,0,0.062756,0.153082
882,val,packing,1,1,0.01436,0.979884
882,val,price,0,0,0.042918,0.059862
882,val,shipping,1,1,0.014695,0.96859
882,val,smell,0,0,0.043294,0.048735
882,val,stayingpower,0,0,0.044798,0.042718
882,val,texture,0,0,0.035851,0.044343
883,val,colour,0,0,0.082997,0.110987
883,val,packing,0,0,0.077941,0.082704
883,val,price,0,0,0.038613,0.048572
883,val,shipping,2,2,0.993569,0.003377
883,val,smell,0,0,0.042888,0.049896
883,val,stayingpower,0,0,0.049121,0.0605
883,val,texture,0,0,0.041084,0.060159
884,val,colour,0,0,0.049306,0.090632
884,val,packing,0,0,0.044752,0.106052
884,val,price,0,0,0.030323,0.06536
884,val,shipping,1,1,0.020839,0.973302
884,val,smell,0,0,0.028342,0.044566
884,val,stayingpower,0,0,0.046067,0.049643
884,val,texture,0,0,0.029953,0.037145
885,val,colour,1,1,0.068621,0.891849
885,val,packing,0,0,0.047736,0.079991
885,val,price,0,0,0.057286,0.062814
885,val,shipping,0,0,0.031462,0.041117
885,val,smell,1,1,0.021024,0.962566
885,val,stayingpower,0,0,0.04557,0.156567
885,val,texture,1,1,0.016825,0.957111
886,val,colour,0,0,0.04335,0.024399
886,val,packing,0,0,0.038797,0.023104
886,val,price,0,0,0.031215,0.033711
886,val,shipping,0,0,0.056303,0.033975
886,val,smell,0,0,0.037593,0.030497
886,val,stayingpower,0,0,0.03489,0.040732
886,val,texture,0,0,0.036486,0.029421
887,val,colour,0,0,0.036775,0.209281
887,val,packing,0,0,0.058493,0.080933
887,val,price,1,1,0.017713,0.971038
887,val,shipping,0,0,0.060758,0.112493
887,val,smell,0,0,0.034049,0.099113
887,val,stayingpower,0,0,0.034252,0.094438
887,val,texture,1,1,0.031344,0.921854
888,val,colour,0,0,0.02689,0.021943
888,val,packing,0,0,0.042993,0.041173
888,val,price,0,0,0.031729,0.042005
888,val,shipping,0,0,0.044505,0.053778
888,val,smell,0,0,0.028378,0.024223
888,val,stayingpower,0,0,0.029266,0.046168
888,val,texture,0,0,0.030219,0.035695
889,val,colour,1,1,0.018215,0.972215
889,val,packing,0,0,0.042932,0.252645
889,val,price,0,0,0.03574,0.068475
889,val,shipping,0,1,0.099304,0.806974
889,val,smell,0,0,0.021256,0.094654
889,val,stayingpower,0,0,0.043631,0.085688
889,val,texture,1,1,0.026854,0.937539
890,val,colour,0,0,0.031224,0.075293
890,val,packing,0,0,0.020349,0.027226
890,val,price,0,0,0.028169,0.036158
890,val,shipping,0,0,0.024811,0.03976
890,val,smell,0,0,0.032015,0.041769
890,val,stayingpower,0,0,0.028676,0.036392
890,val,texture,0,0,0.026544,0.048787
891,val,colour,0,0,0.038717,0.208393
891,val,packing,0,0,0.044781,0.056411
891,val,price,1,1,0.020948,0.962844
891,val,shipping,2,2,0.981139,0.011433
891,val,smell,0,0,0.050519,0.126504
891,val,stayingpower,0,0,0.038426,0.061936
891,val,texture,0,0,0.03929,0.104455
892,val,colour,1,1,0.01973,0.954051
892,val,packing,0,0,0.038286,0.090914
892,val,price,0,0,0.071278,0.100908
892,val,shipping,2,2,0.983781,0.007974
892,val,smell,1,1,0.05634,0.902393
892,val,stayingpower,0,0,0.061125,0.135461
892,val,texture,0,0,0.069293,0.218409
893,val,colour,1,1,0.061425,0.901523
893,val,packing,0,1,0.077125,0.597386
893,val,price,0,0,0.040945,0.09799
893,val,shipping,1,1,0.015564,0.974212
893,val,smell,0,0,0.031501,0.138519
893,val,stayingpower,0,0,0.069463,0.195261
893,val,texture,1,1,0.020628,0.9559
894,val,colour,0,0,0.049578,0.058225
894,val,packing,0,0,0.075324,0.083437
894,val,price,0,0,0.034708,0.04456
894,val,shipping,2,2,0.986754,0.009397
894,val,smell,0,0,0.05219,0.074647
894,val,stayingpower,0,0,0.034703,0.055316
894,val,texture,0,0,0.030673,0.049316
895,val,colour,0,0,0.01911,0.049362
895,val,packing,0,0,0.022705,0.045995
895,val,price,0,0,0.036743,0.071998
895,val,shipping,0,0,0.030864,0.105414
895,val,smell,0,0,0.025223,0.037436
895,val,stayingpower,0,0,0.019762,0.026416
895,val,texture,0,0,0.022578,0.045031
896,val,colour,0,0,0.064923,0.134715
896,val,packing,1,1,0.017026,0.975888
896,val,price,0,0,0.048986,0.077774
896,val,shipping,1,1,0.009341,0.984078
896,val,smell,0,0,0.045313,0.049551
896,val,stayingpower,0,0,0.051349,0.051334
896,val,texture,0,0,0.040374,0.056231
897,val,colour,0,0,0.034909,0.161846
897,val,packing,1,1,0.016607,0.973694
897,val,price,0,0,0.048888,0.073634
897,val,shipping,0,0,0.051366,0.121945
897,val,smell,0,0,0.041104,0.070544
897,val,stayingpower,0,0,0.026603,0.033855
897,val,texture,0,0,0.034676,0.070586
898,val,colour,1,1,0.053937,0.932641
898,val,packing,1,1,0.040349,0.918698
898,val,price,0,0,0.045656,0.05942
898,val,shipping,1,1,0.013286,0.973691
898,val,smell,0,0,0.042006,0.169479
898,val,stayingpower,0,1,0.301883,0.479012
898,val,texture,1,1,0.045169,0.910067
899,val,colour,1,1,0.057268,0.865821
899,val,packing,0,0,0.108825,0.1521
899,val,price,0,0,0.067692,0.129492
899,val,shipping,1,1,0.159256,0.559277
899,val,smell,0,0,0.027576,0.02742
899,val,stayingpower,1,2,0.545129,0.257996
899,val,texture,1,2,0.96729,0.028919
900,val,colour,1,1,0.1264,0.781205
900,val,packing,0,0,0.065652,0.153118
900,val,price,1,1,0.059801,0.86265
900,val,shipping,3,1,0.212752,0.539588
900,val,smell,0,0,0.058625,0.100243
900,val,stayingpower,2,2,0.988657,0.009896
900,val,texture,0,1,0.203301,0.49787
901,val,colour,0,0,0.044278,0.141894
901,val,packing,1,1,0.020109,0.963183
901,val,price,0,0,0.034781,0.036464
901,val,shipping,0,0,0.08805,0.386799
901,val,smell,0,0,0.032123,0.037398
901,val,stayingpower,0,0,0.025512,0.024126
901,val,texture,0,0,0.022914,0.028007
902,val,colour,0,0,0.027657,0.037181
902,val,packing,0,0,0.02643,0.031059
902,val,price,0,0,0.026696,0.031489
902,val,shipping,0,0,0.033336,0.057891
902,val,smell,0,0,0.031945,0.036309
902,val,stayingpower,0,0,0.031866,0.040018
902,val,texture,0,0,0.027201,0.039628
903,val,colour,0,0,0.034254,0.036941
903,val,packing,0,0,0.030231,0.038984
903,val,price,0,0,0.022908,0.020833
903,val,shipping,0,0,0.049309,0.11295
903,val,smell,0,0,0.03287,0.037781
903,val,stayingpower,0,0,0.030142,0.032596
903,val,texture,0,0,0.025806,0.0295
904,val,colour,0,0,0.259253,0.298512
904,val,packing,0,0,0.161019,0.069532
904,val,price,0,0,0.112458,0.201532
904,val,shipping,0,0,0.134635,0.091484
904,val,smell,2,2,0.992453,0.003297
904,val,stayingpower,0,0,0.068186,0.133117
904,val,texture,0,0,0.391073,0.155106
905,val,colour,1,1,0.027645,0.928625
905,val,packing,0,0,0.046269,0.101939
905,val,price,0,0,0.047298,0.092152
905,val,shipping,2,2,0.982208,0.011191
905,val,smell,0,0,0.034196,0.156402
905,val,stayingpower,0,0,0.096681,0.296089
905,val,texture,1,1,0.032451,0.940698
906,val,colour,1,2,0.868153,0.09501
906,val,packing,0,0,0.062999,0.039259
906,val,price,0,0,0.058263,0.061161
906,val,shipping,0,0,0.039452,0.06249
906,val,smell,0,0,0.06962,0.049061
906,val,stayingpower,0,0,0.113626,0.097811
906,val,texture,2,2,0.972556,0.01387
907,val,colour,0,0,0.043686,0.025976
907,val,packing,0,0,0.155124,0.09124
907,val,price,1,1,0.033457,0.941286
907,val,shipping,3,2,0.949552,0.043501
907,val,smell,0,0,0.059283,0.072428
907,val,stayingpower,0,0,0.055869,0.054371
907,val,texture,0,0,0.043242,0.05681
908,val,colour,0,0,0.07878,0.167044
908,val,packing,0,0,0.062616,0.077074
908,val,price,1,1,0.025132,0.95418
908,val,shipping,1,1,0.046443,0.914194
908,val,smell,1,1,0.04949,0.90454
908,val,stayingpower,0,0,0.041173,0.078545
908,val,texture,0,0,0.03105,0.125394
909,val,colour,0,0,0.019305,0.060128
909,val,packing,0,0,0.046678,0.052184
909,val,price,1,1,0.043096,0.905874
909,val,shipping,0,0,0.039726,0.139083
909,val,smell,0,0,0.041578,0.116565
909,val,stayingpower,1,1,0.071799,0.835931
909,val,texture,0,0,0.037603,0.352375
910,val,colour,1,1,0.106779,0.843479
910,val,packing,0,0,0.044223,0.070827
910,val,price,1,1,0.044325,0.917778
910,val,shipping,0,0,0.074051,0.081621
910,val,smell,0,0,0.054802,0.102496
910,val,stayingpower,2,2,0.989984,0.007627
910,val,texture,1,2,0.444346,0.416139
911,val,colour,1,1,0.012522,0.972651
911,val,packing,1,1,0.050445,0.861734
911,val,price,0,0,0.071397,0.121015
911,val,shipping,2,2,0.98234,0.013194
911,val,smell,0,0,0.038591,0.175224
911,val,stayingpower,0,0,0.082993,0.238445
911,val,texture,1,1,0.081989,0.789239
912,val,colour,1,1,0.037421,0.95711
912,val,packing,0,0,0.010692,0.019603
912,val,price,0,0,0.035719,0.077119
912,val,shipping,0,0,0.027455,0.068081
912,val,smell,0,0,0.022605,0.063975
912,val,stayingpower,0,0,0.03558,0.063192
912,val,texture,0,0,0.087576,0.312166
913,val,colour,0,0,0.019609,0.031309
913,val,packing,0,0,0.05229,0.054765
913,val,price,0,0,0.032567,0.035392
913,val,shipping,0,0,0.016704,0.017397
913,val,smell,0,0,0.023225,0.022107
913,val,stayingpower,0,0,0.037197,0.101716
913,val,texture,0,0,0.106516,0.322619
914,val,colour,1,1,0.005178,0.990383
914,val,packing,0,0,0.013683,0.043987
914,val,price,0,0,0.039701,0.073353
914,val,shipping,0,0,0.039562,0.055764
914,val,smell,0,0,0.021759,0.068318
914,val,stayingpower,0,0,0.038856,0.089648
914,val,texture,0,0,0.062946,0.297012
915,val,colour,0,0,0.059171,0.079394
915,val,packing,1,1,0.039319,0.936122
915,val,price,1,1,0.021011,0.962578
915,val,shipping,1,1,0.019614,0.957624
915,val,smell,0,0,0.059387,0.071011
915,val,stayingpower,0,0,0.06124,0.05656
915,val,texture,0,0,0.040451,0.06111
916,val,colour,1,1,0.009923,0.98304
916,val,packing,0,0,0.020134,0.045287
916,val,price,0,0,0.045892,0.112501
916,val,shipping,0,0,0.042754,0.088758
916,val,smell,0,0,0.024376,0.113403
916,val,stayingpower,0,0,0.062535,0.199341
916,val,texture,1,1,0.019101,0.952311
917,val,colour,0,0,0.057749,0.376852
917,val,packing,0,0,0.050294,0.045959
917,val,price,1,1,0.017242,0.976368
917,val,shipping,0,0,0.052025,0.0726
917,val,smell,1,1,0.037639,0.926815
917,val,stayingpower,0,0,0.038306,0.130424
917,val,texture,0,1,0.053625,0.572899
918,val,colour,0,0,0.205327,0.253643
918,val,packing,0,0,0.175325,0.073134
918,val,price,1,1,0.0455,0.939192
918,val,shipping,0,0,0.135661,0.066994
918,val,smell,0,0,0.075851,0.055963
918,val,stayingpower,0,2,0.473306,0.140466
918,val,texture,3,2,0.967522,0.028222
919,val,colour,1,1,0.137549,0.807569
919,val,packing,0,0,0.064314,0.108285
919,val,price,0,1,0.068894,0.825391
919,val,shipping,0,0,0.125442,0.124228
919,val,smell,2,2,0.731592,0.181867
919,val,stayingpower,2,2,0.992867,0.004801
919,val,texture,0,2,0.85844,0.078226
920,val,colour,0,1,0.06252,0.893354
920,val,packing,0,0,0.032336,0.066778
920,val,price,0,0,0.023572,0.019922
920,val,shipping,3,1,0.109125,0.857515
920,val,smell,0,1,0.031005,0.913169
920,val,stayingpower,0,0,0.043114,0.181612
920,val,texture,0,0,0.050414,0.248044
921,val,colour,0,0,0.018888,0.033791
921,val,packing,1,1,0.026201,0.964963
921,val,price,0,0,0.05279,0.103239
921,val,shipping,1,1,0.009299,0.978974
921,val,smell,0,0,0.044368,0.053395
921,val,stayingpower,0,0,0.071752,0.155786
921,val,texture,0,0,0.075857,0.206513
922,val,colour,0,0,0.042227,0.134896
922,val,packing,1,1,0.061385,0.920358
922,val,price,0,0,0.068694,0.060696
922,val,shipping,2,2,0.986812,0.00836
922,val,smell,0,0,0.062364,0.147632
922,val,stayingpower,0,0,0.048653,0.093944
922,val,texture,0,0,0.041406,0.149742
923,val,colour,0,0,0.074532,0.427082
923,val,packing,0,0,0.155632,0.128863
923,val,price,0,0,0.129632,0.294436
923,val,shipping,0,0,0.063924,0.113662
923,val,smell,2,2,0.979941,0.018064
923,val,stayingpower,1,1,0.209429,0.551787
923,val,texture,1,1,0.114978,0.733541
924,val,colour,2,2,0.991834,0.003608
924,val,packing,0,0,0.135729,0.058363
924,val,price,0,0,0.079876,0.152588
924,val,shipping,0,0,0.050914,0.073469
924,val,smell,0,0,0.102883,0.051801
924,val,stayingpower,0,0,0.094621,0.070436
924,val,texture,0,0,0.284669,0.077118
925,val,colour,0,0,0.023994,0.183503
925,val,packing,1,1,0.070253,0.717687
925,val,price,0,0,0.029258,0.027304
925,val,shipping,0,0,0.019394,0.039092
925,val,smell,0,0,0.022952,0.04041
925,val,stayingpower,0,0,0.020606,0.064916
925,val,texture,0,0,0.099122,0.424362
926,val,colour,1,1,0.03397,0.934303
926,val,packing,0,0,0.034744,0.124031
926,val,price,0,0,0.050953,0.088497
926,val,shipping,1,1,0.032315,0.933538
926,val,smell,1,1,0.027307,0.950439
926,val,stayingpower,0,0,0.055559,0.103543
926,val,texture,0,0,0.044772,0.130775
927,val,colour,1,1,0.009415,0.979888
927,val,packing,1,1,0.062126,0.783874
927,val,price,0,0,0.053091,0.056364
927,val,shipping,0,0,0.053599,0.16641
927,val,smell,0,0,0.0327,0.135256
927,val,stayingpower,1,1,0.117895,0.838763
927,val,texture,1,1,0.031531,0.927623
928,val,colour,0,0,0.077412,0.081543
928,val,packing,0,0,0.082389,0.082056
928,val,price,0,0,0.041883,0.058236
928,val,shipping,2,2,0.993968,0.003611
928,val,smell,0,0,0.050229,0.066089
928,val,stayingpower,0,0,0.044619,0.066162
928,val,texture,0,0,0.038716,0.060825
929,val,colour,1,1,0.048409,0.93375
929,val,packing,1,1,0.069724,0.872039
929,val,price,0,0,0.106309,0.286822
929,val,shipping,1,1,0.090638,0.810368
929,val,smell,0,0,0.091821,0.158953
929,val,stayingpower,2,2,0.971061,0.019837
929,val,texture,2,2,0.768236,0.109959
930,val,colour,1,1,0.008964,0.986898
930,val,packing,0,0,0.019277,0.07411
930,val,price,0,0,0.040131,0.064061
930,val,shipping,0,0,0.073923,0.088556
930,val,smell,0,0,0.023848,0.047863
930,val,stayingpower,0,0,0.052328,0.067403
930,val,texture,0,0,0.054726,0.050421
931,val,colour,0,0,0.070019,0.01795
931,val,packing,0,0,0.157384,0.039903
931,val,price,0,0,0.049505,0.067111
931,val,shipping,0,2,0.977897,0.009233
931,val,smell,0,0,0.054364,0.040018
931,val,stayingpower,0,0,0.031031,0.039359
931,val,texture,0,0,0.071978,0.046002
932,val,colour,0,0,0.0393,0.042742
932,val,packing,0,0,0.032822,0.042273
932,val,price,0,0,0.025539,0.029296
932,val,shipping,0,0,0.036015,0.067909
932,val,smell,0,0,0.026019,0.027323
932,val,stayingpower,0,0,0.028142,0.033961
932,val,texture,0,0,0.027503,0.033123
933,val,colour,0,0,0.038099,0.039008
933,val,packing,0,0,0.033961,0.038562
933,val,price,0,0,0.031205,0.040943
933,val,shipping,0,0,0.03735,0.053643
933,val,smell,0,0,0.029146,0.027333
933,val,stayingpower,0,0,0.027833,0.029242
933,val,texture,0,0,0.025309,0.025082
934,val,colour,1,1,0.055139,0.8208
934,val,packing,1,1,0.046639,0.936943
934,val,price,0,0,0.109605,0.132075
934,val,shipping,0,0,0.081476,0.223533
934,val,smell,1,1,0.02381,0.959476
934,val,stayingpower,0,0,0.056651,0.232987
934,val,texture,1,1,0.016702,0.966356
935,val,colour,1,1,0.022829,0.518299
935,val,packing,0,0,0.018769,0.050494
935,val,price,0,0,0.028094,0.040812
935,val,shipping,0,0,0.02284,0.027217
935,val,smell,0,0,0.020385,0.052647
935,val,stayingpower,0,0,0.016872,0.054363
935,val,texture,0,1,0.049112,0.512552
936,val,colour,0,0,0.024867,0.050517
936,val,packing,0,0,0.032658,0.078768
936,val,price,0,0,0.023171,0.023235
936,val,shipping,0,0,0.058713,0.223898
936,val,smell,0,0,0.030441,0.049251
936,val,stayingpower,0,0,0.023213,0.025117
936,val,texture,0,0,0.017476,0.022062
937,val,colour,3,1,0.29592,0.653488
937,val,packing,0,0,0.028279,0.064595
937,val,price,0,0,0.034659,0.089661
937,val,shipping,1,1,0.010101,0.979698
937,val,smell,0,0,0.031129,0.048121
937,val,stayingpower,0,0,0.048947,0.04435
937,val,texture,0,0,0.040482,0.045588
938,val,colour,0,0,0.047819,0.05948
938,val,packing,0,0,0.04165,0.081395
938,val,price,0,0,0.029358,0.057993
938,val,shipping,1,1,0.013391,0.977264
938,val,smell,0,0,0.028808,0.041229
938,val,stayingpower,0,0,0.05264,0.051595
938,val,texture,0,0,0.03308,0.041927
939,val,colour,0,0,0.045515,0.090702
939,val,packing,0,0,0.032239,0.058037
939,val,price,0,0,0.028993,0.063756
939,val,shipping,1,1,0.012509,0.97345
939,val,smell,0,0,0.020281,0.03083
939,val,stayingpower,0,0,0.049117,0.045846
939,val,texture,0,0,0.039047,0.086806
940,val,colour,1,1,0.052854,0.585537
940,val,packing,0,0,0.030402,0.108683
940,val,price,0,0,0.02508,0.055708
940,val,shipping,1,1,0.009153,0.982938
940,val,smell,0,0,0.020199,0.049275
940,val,stayingpower,0,0,0.032671,0.056303
940,val,texture,0,0,0.058048,0.174699
941,val,colour,0,1,0.029244,0.938906
941,val,packing,0,0,0.0344,0.077891
941,val,price,0,0,0.040802,0.042804
941,val,shipping,0,0,0.071405,0.098613
941,val,smell,0,1,0.022889,0.967427
941,val,stayingpower,0,0,0.038665,0.086953
941,val,texture,0,0,0.038718,0.17305
942,val,colour,2,2,0.947559,0.041633
942,val,packing,0,0,0.11874,0.131644
942,val,price,1,1,0.087925,0.784751
942,val,shipping,0,0,0.171426,0.158868
942,val,smell,0,0,0.160554,0.100036
942,val,stayingpower,2,2,0.987771,0.006774
942,val,texture,0,2,0.42658,0.193047
943,val,colour,0,0,0.017063,0.10254
943,val,packing,0,0,0.038995,0.046018
943,val,price,0,0,0.042238,0.071385
943,val,shipping,0,0,0.039764,0.03843
943,val,smell,0,0,0.033947,0.098594
943,val,stayingpower,0,0,0.031395,0.18312
943,val,texture,1,1,0.018691,0.95497
944,val,colour,1,1,0.017307,0.969552
944,val,packing,1,1,0.009565,0.979599
944,val,price,0,0,0.047024,0.092305
944,val,shipping,1,1,0.02609,0.925593
944,val,smell,0,0,0.034453,0.064263
944,val,stayingpower,0,0,0.054612,0.064032
944,val,texture,0,0,0.059342,0.126883
945,val,colour,1,1,0.018301,0.95591
945,val,packing,1,1,0.036479,0.901878
945,val,price,0,0,0.067659,0.098442
945,val,shipping,2,2,0.985511,0.008582
945,val,smell,0,0,0.050645,0.147725
945,val,stayingpower,0,0,0.058434,0.105572
945,val,texture,0,0,0.07702,0.153793
946,val,colour,1,1,0.023838,0.939473
946,val,packing,0,0,0.029669,0.066515
946,val,price,0,0,0.04659,0.061914
946,val,shipping,0,0,0.055936,0.091492
946,val,smell,1,1,0.027983,0.953861
946,val,stayingpower,0,0,0.032204,0.069052
946,val,texture,0,0,0.031136,0.112946
947,val,colour,0,0,0.040448,0.084721
947,val,packing,1,1,0.027263,0.958497
947,val,price,0,0,0.047492,0.057096
947,val,shipping,0,0,0.044205,0.112398
947,val,smell,0,0,0.039865,0.05182
947,val,stayingpower,0,0,0.030379,0.036216
947,val,texture,0,0,0.028263,0.04546
948,val,colour,0,0,0.037915,0.022992
948,val,packing,0,0,0.038316,0.026299
948,val,price,0,0,0.032414,0.041517
948,val,shipping,0,0,0.048692,0.04045
948,val,smell,0,0,0.037833,0.033927
948,val,stayingpower,0,0,0.029289,0.034674
948,val,texture,0,0,0.029725,0.030201
949,val,colour,0,0,0.036001,0.060424
949,val,packing,0,0,0.02368,0.025608
949,val,price,0,0,0.027236,0.033955
949,val,shipping,0,0,0.029717,0.03824
949,val,smell,0,0,0.030422,0.035918
949,val,stayingpower,0,0,0.026509,0.033205
949,val,texture,0,0,0.031445,0.047687
950,val,colour,0,0,0.057184,0.338645
950,val,packing,0,0,0.063076,0.064362
950,val,price,1,1,0.020056,0.972276
950,val,shipping,0,0,0.074183,0.095395
950,val,smell,1,1,0.034926,0.94682
950,val,stayingpower,0,0,0.03857,0.11521
950,val,texture,0,0,0.046916,0.397377
951,val,colour,3,1,0.069568,0.840576
951,val,packing,0,0,0.020989,0.029724
951,val,price,0,0,0.03038,0.052953
951,val,shipping,0,0,0.036465,0.072067
951,val,smell,0,0,0.028044,0.118242
951,val,stayingpower,0,0,0.039491,0.107293
951,val,texture,1,1,0.01417,0.967234
952,val,colour,1,1,0.009964,0.96063
952,val,packing,0,0,0.028339,0.037229
952,val,price,0,0,0.032941,0.040312
952,val,shipping,0,0,0.051649,0.079107
952,val,smell,0,0,0.022039,0.113054
952,val,stayingpower,1,1,0.129931,0.834827
952,val,texture,1,1,0.034149,0.903945
953,val,colour,0,0,0.047135,0.121288
953,val,packing,0,0,0.030069,0.052129
953,val,price,0,0,0.022178,0.031437
953,val,shipping,1,1,0.172751,0.714933
953,val,smell,0,0,0.013336,0.013824
953,val,stayingpower,0,0,0.028193,0.036996
953,val,texture,0,0,0.016566,0.023987
954,val,colour,3,2,0.5921,0.399792
954,val,packing,0,0,0.023473,0.016457
954,val,price,0,0,0.044772,0.096702
954,val,shipping,0,0,0.042275,0.03716
954,val,smell,0,0,0.043052,0.034058
954,val,stayingpower,0,0,0.075247,0.061802
954,val,texture,0,2,0.567934,0.071825
955,val,colour,1,1,0.015346,0.968845
955,val,packing,0,0,0.026449,0.072622
955,val,price,0,0,0.046204,0.072482
955,val,shipping,0,0,0.046331,0.102205
955,val,smell,1,1,0.016974,0.965618
955,val,stayingpower,0,0,0.034836,0.07836
955,val,texture,0,0,0.041197,0.336955
956,val,colour,0,0,0.061146,0.147624
956,val,packing,0,0,0.055707,0.075447
956,val,price,1,1,0.026765,0.921797
956,val,shipping,1,1,0.032754,0.937244
956,val,smell,0,0,0.042647,0.089758
956,val,stayingpower,0,0,0.05331,0.095601
956,val,texture,1,1,0.037098,0.873239
957,val,colour,1,1,0.009204,0.965105
957,val,packing,0,0,0.061844,0.133231
957,val,price,1,1,0.056338,0.887727
957,val,shipping,0,0,0.086977,0.148873
957,val,smell,1,1,0.041391,0.920588
957,val,stayingpower,1,1,0.08113,0.8848
957,val,texture,0,1,0.045395,0.711577
958,val,colour,0,0,0.038371,0.053156
958,val,packing,0,0,0.069438,0.290394
958,val,price,1,1,0.019175,0.955287
958,val,shipping,1,1,0.011517,0.972843
958,val,smell,0,0,0.033462,0.044331
958,val,stayingpower,0,0,0.051708,0.049623
958,val,texture,0,0,0.035326,0.072663
959,val,colour,1,1,0.007048,0.978456
959,val,packing,0,0,0.029212,0.044279
959,val,price,0,0,0.050323,0.088247
959,val,shipping,0,0,0.051318,0.065911
959,val,smell,0,0,0.02339,0.086635
959,val,stayingpower,1,1,0.095528,0.860192
959,val,texture,1,1,0.03974,0.901299
960,val,colour,1,1,0.020832,0.962419
960,val,packing,0,0,0.034772,0.164205
960,val,price,0,0,0.043749,0.069536
960,val,shipping,3,1,0.068097,0.889057
960,val,smell,1,1,0.029512,0.941536
960,val,stayingpower,0,0,0.058788,0.111843
960,val,texture,0,0,0.044486,0.107558
961,val,colour,1,1,0.024756,0.944045
961,val,packing,0,0,0.033593,0.079132
961,val,price,0,0,0.045403,0.166591
961,val,shipping,1,1,0.062677,0.925847
961,val,smell,0,0,0.018883,0.066615
961,val,stayingpower,0,0,0.08685,0.178953
961,val,texture,1,1,0.054492,0.884555
962,val,colour,1,1,0.060527,0.926789
962,val,packing,1,1,0.062957,0.795097
962,val,price,0,0,0.091462,0.175564
962,val,shipping,0,1,0.177835,0.428546
962,val,smell,0,0,0.053184,0.107273
962,val,stayingpower,2,2,0.984904,0.009765
962,val,texture,0,0,0.251795,0.237042
963,val,colour,0,0,0.009405,0.052075
963,val,packing,0,0,0.070417,0.077546
963,val,price,0,0,0.061765,0.116315
963,val,shipping,0,0,0.072743,0.156423
963,val,smell,0,0,0.025515,0.088437
963,val,stayingpower,1,1,0.034198,0.93444
963,val,texture,3,1,0.029481,0.873017
964,val,colour,0,0,0.02336,0.154082
964,val,packing,0,1,0.062049,0.91848
964,val,price,0,0,0.081635,0.050428
964,val,shipping,0,0,0.048428,0.122301
964,val,smell,0,0,0.060785,0.150474
964,val,stayingpower,3,1,0.087062,0.877818
964,val,texture,1,1,0.090141,0.772003
965,val,colour,1,1,0.016027,0.976927
965,val,packing,0,0,0.020945,0.0808
965,val,price,0,0,0.037603,0.109526
965,val,shipping,1,1,0.016626,0.967639
965,val,smell,0,0,0.02728,0.079744
965,val,stayingpower,0,0,0.060158,0.087085
965,val,texture,0,0,0.058303,0.121084
966,val,colour,0,2,0.614747,0.025253
966,val,packing,0,0,0.21867,0.050844
966,val,price,0,0,0.071213,0.053802
966,val,shipping,0,0,0.031131,0.044981
966,val,smell,0,0,0.069054,0.034226
966,val,stayingpower,0,0,0.093657,0.082379
966,val,texture,0,2,0.915088,0.023106
967,val,colour,1,1,0.022365,0.958482
967,val,packing,0,0,0.068411,0.225633
967,val,price,1,0,0.079742,0.180742
967,val,shipping,2,2,0.988842,0.007984
967,val,smell,0,0,0.037127,0.171411
967,val,stayingpower,0,0,0.144076,0.351667
967,val,texture,1,1,0.057479,0.903481
968,val,colour,0,0,0.036177,0.03189
968,val,packing,0,0,0.028939,0.022321
968,val,price,0,0,0.029383,0.032794
968,val,shipping,0,0,0.037777,0.038371
968,val,smell,0,0,0.035389,0.033385
968,val,stayingpower,0,0,0.034916,0.043235
968,val,texture,0,0,0.031606,0.036735
969,val,colour,1,1,0.02339,0.95091
969,val,packing,1,1,0.035252,0.914316
969,val,price,0,0,0.069146,0.109477
969,val,shipping,2,2,0.983891,0.011273
969,val,smell,0,0,0.043621,0.11105
969,val,stayingpower,0,0,0.065122,0.096578
969,val,texture,0,0,0.074874,0.134394
970,val,colour,0,0,0.019689,0.087573
970,val,packing,1,1,0.042141,0.915413
970,val,price,0,0,0.052247,0.067218
970,val,shipping,0,0,0.053446,0.352449
970,val,smell,0,0,0.033259,0.098862
970,val,stayingpower,0,0,0.028231,0.130736
970,val,texture,1,1,0.022034,0.94491
971,val,colour,1,1,0.014637,0.954739
971,val,packing,0,0,0.040267,0.07341
971,val,price,0,0,0.058304,0.124798
971,val,shipping,2,2,0.98416,0.006126
971,val,smell,0,0,0.038198,0.104954
971,val,stayingpower,1,1,0.229434,0.709058
971,val,texture,0,1,0.135963,0.637314
972,val,colour,0,0,0.029335,0.08427
972,val,packing,1,1,0.022755,0.963995
972,val,price,0,0,0.047213,0.052218
972,val,shipping,0,0,0.051643,0.122764
972,val,smell,0,0,0.042129,0.054567
972,val,stayingpower,0,0,0.031238,0.043112
972,val,texture,0,0,0.033165,0.069132
973,val,colour,3,1,0.057111,0.839386
973,val,packing,0,0,0.030552,0.028964
973,val,price,0,0,0.042699,0.062735
973,val,shipping,0,0,0.034118,0.053378
973,val,smell,0,0,0.026973,0.084539
973,val,stayingpower,3,1,0.11899,0.850894
973,val,texture,1,1,0.017831,0.956844
974,val,colour,0,0,0.035005,0.129662
974,val,packing,0,0,0.019371,0.034847
974,val,price,0,0,0.029544,0.041729
974,val,shipping,0,0,0.01905,0.036421
974,val,smell,0,0,0.027751,0.040128
974,val,stayingpower,0,0,0.021459,0.033742
974,val,texture,0,0,0.026495,0.056103
975,val,colour,1,1,0.005909,0.98458
975,val,packing,0,0,0.028674,0.051674
975,val,price,0,0,0.043445,0.069346
975,val,shipping,0,0,0.066255,0.073385
975,val,smell,0,0,0.039443,0.159938
975,val,stayingpower,1,1,0.137241,0.826456
975,val,texture,0,1,0.067574,0.536642
976,val,colour,1,1,0.098605,0.808702
976,val,packing,0,0,0.0724,0.083504
976,val,price,0,0,0.068759,0.148698
976,val,shipping,0,0,0.112945,0.081273
976,val,smell,2,2,0.963386,0.032582
976,val,stayingpower,0,0,0.049559,0.134882
976,val,texture,0,0,0.133522,0.258117
977,val,colour,0,0,0.031015,0.119989
977,val,packing,0,0,0.058634,0.133531
977,val,price,0,0,0.049596,0.236969
977,val,shipping,1,1,0.026317,0.952568
977,val,smell,0,0,0.02694,0.083887
977,val,stayingpower,0,0,0.039975,0.103296
977,val,texture,1,1,0.026973,0.926175
978,val,colour,1,1,0.013577,0.978239
978,val,packing,0,0,0.014068,0.038998
978,val,price,0,0,0.038513,0.077765
978,val,shipping,0,0,0.046167,0.057614
978,val,smell,0,0,0.023345,0.045731
978,val,stayingpower,0,0,0.040469,0.049251
978,val,texture,0,0,0.036331,0.048055
979,val,colour,1,1,0.471669,0.496177
979,val,packing,0,0,0.031505,0.035869
979,val,price,0,0,0.040286,0.075026
979,val,shipping,2,2,0.977321,0.010279
979,val,smell,0,0,0.04326,0.036563
979,val,stayingpower,0,0,0.056154,0.052355
979,val,texture,0,0,0.084189,0.035932
980,val,colour,0,0,0.030414,0.034116
980,val,packing,0,0,0.032969,0.044659
980,val,price,0,0,0.028443,0.032498
980,val,shipping,0,0,0.034124,0.057596
980,val,smell,0,0,0.032266,0.033169
980,val,stayingpower,0,0,0.0301,0.034403
980,val,texture,0,0,0.023886,0.030146
981,val,colour,1,1,0.010076,0.978911
981,val,packing,0,0,0.020034,0.04437
981,val,price,0,0,0.035041,0.054759
981,val,shipping,0,0,0.04354,0.057873
981,val,smell,0,0,0.019857,0.102001
981,val,stayingpower,0,0,0.079191,0.218527
981,val,texture,1,1,0.032608,0.93332
982,val,colour,0,0,0.036864,0.140049
982,val,packing,1,1,0.020471,0.96187
982,val,price,0,0,0.040058,0.052458
982,val,shipping,0,0,0.043875,0.184899
982,val,smell,0,0,0.033669,0.043999
982,val,stayingpower,0,0,0.027463,0.031616
982,val,texture,0,0,0.024694,0.042747
983,val,colour,1,1,0.019708,0.969213
983,val,packing,1,1,0.009975,0.979063
983,val,price,0,0,0.056487,0.125456
983,val,shipping,1,1,0.029729,0.934706
983,val,smell,0,0,0.041078,0.069806
983,val,stayingpower,0,0,0.059776,0.078103
983,val,texture,0,0,0.046389,0.080881
984,val,colour,0,0,0.055414,0.081862
984,val,packing,0,0,0.15339,0.102039
984,val,price,1,1,0.036334,0.937132
984,val,shipping,2,2,0.992675,0.004227
984,val,smell,0,0,0.055653,0.076246
984,val,stayingpower,0,0,0.062327,0.066697
984,val,texture,0,0,0.071478,0.104279
985,val,colour,0,0,0.07546,0.160958
985,val,packing,0,0,0.037687,0.05936
985,val,price,1,1,0.013829,0.979315
985,val,shipping,0,0,0.048353,0.052442
985,val,smell,0,0,0.031612,0.054663
985,val,stayingpower,0,0,0.034649,0.037803
985,val,texture,0,0,0.039367,0.051142
986,val,colour,0,0,0.025273,0.131269
986,val,packing,0,0,0.073259,0.073666
986,val,price,1,0,0.04279,0.101208
986,val,shipping,0,0,0.074773,0.213824
986,val,smell,0,0,0.028917,0.089914
986,val,stayingpower,0,0,0.053288,0.176595
986,val,texture,3,1,0.058676,0.931939
987,val,colour,1,1,0.008695,0.975218
987,val,packing,0,0,0.038426,0.083286
987,val,price,1,1,0.033576,0.937728
987,val,shipping,2,2,0.75734,0.126768
987,val,smell,0,0,0.052035,0.228664
987,val,stayingpower,1,1,0.110541,0.814799
987,val,texture,0,1,0.054649,0.504785
988,val,colour,1,1,0.010329,0.956365
988,val,packing,0,0,0.02879,0.038095
988,val,price,0,0,0.044906,0.070345
988,val,shipping,0,0,0.040361,0.070919
988,val,smell,0,0,0.027934,0.105946
988,val,stayingpower,1,1,0.074497,0.89933
988,val,texture,1,1,0.048817,0.755117
989,val,colour,0,0,0.030091,0.046
989,val,packing,0,0,0.024068,0.031805
989,val,price,0,0,0.030704,0.04377
989,val,shipping,0,0,0.025338,0.043669
989,val,smell,0,0,0.033377,0.040137
989,val,stayingpower,0,0,0.027782,0.038412
989,val,texture,0,0,0.024795,0.038964
990,val,colour,1,1,0.061111,0.896025
990,val,packing,0,0,0.077497,0.257265
990,val,price,0,0,0.096748,0.309378
990,val,shipping,1,1,0.102393,0.817935
990,val,smell,1,1,0.060674,0.878288
990,val,stayingpower,2,2,0.970454,0.024763
990,val,texture,0,1,0.133727,0.611419
991,val,colour,0,0,0.042842,0.125248
991,val,packing,1,1,0.031908,0.947141
991,val,price,1,1,0.026436,0.95238
991,val,shipping,0,0,0.076663,0.20257
991,val,smell,0,0,0.043248,0.064148
991,val,stayingpower,0,0,0.036948,0.03808
991,val,texture,0,0,0.0414,0.054311
992,val,colour,1,1,0.082372,0.546627
992,val,packing,1,2,0.526149,0.413052
992,val,price,0,0,0.117159,0.277395
992,val,shipping,0,2,0.990308,0.007175
992,val,smell,0,0,0.077579,0.2613
992,val,stayingpower,0,0,0.133782,0.281747
992,val,texture,1,1,0.146624,0.807249
993,val,colour,0,0,0.039789,0.117584
993,val,packing,1,1,0.012923,0.983444
993,val,price,0,0,0.049367,0.078705
993,val,shipping,1,1,0.020386,0.937221
993,val,smell,0,0,0.033914,0.035609
993,val,stayingpower,0,0,0.046237,0.058999
993,val,texture,0,0,0.058649,0.1061
994,val,colour,1,1,0.008444,0.984998
994,val,packing,0,0,0.016233,0.066208
994,val,price,0,0,0.039111,0.08025
994,val,shipping,0,0,0.048477,0.101941
994,val,smell,0,0,0.025425,0.07095
994,val,stayingpower,0,0,0.036299,0.044546
994,val,texture,0,0,0.029852,0.043982
995,val,colour,0,1,0.059035,0.896266
995,val,packing,0,0,0.065382,0.154864
995,val,price,0,0,0.056117,0.072856
995,val,shipping,0,1,0.078183,0.796925
995,val,smell,1,1,0.01943,0.958921
995,val,stayingpower,0,0,0.058992,0.195025
995,val,texture,1,1,0.009869,0.973866
996,val,colour,1,1,0.08206,0.779753
996,val,packing,0,0,0.075489,0.094503
996,val,price,0,0,0.081732,0.254689
996,val,shipping,0,0,0.061856,0.070724
996,val,smell,2,2,0.984552,0.01314
996,val,stayingpower,1,1,0.211257,0.442633
996,val,texture,1,1,0.209049,0.602628
997,val,colour,0,0,0.043932,0.117273
997,val,packing,1,1,0.023207,0.96391
997,val,price,1,1,0.022105,0.95542
997,val,shipping,1,1,0.029699,0.89873
997,val,smell,0,0,0.042709,0.052214
997,val,stayingpower,0,0,0.046088,0.045104
997,val,texture,0,0,0.054784,0.090373
998,val,colour,0,0,0.015839,0.048632
998,val,packing,0,0,0.041884,0.055567
998,val,price,0,0,0.027182,0.03284
998,val,shipping,0,0,0.025975,0.045373
998,val,smell,0,0,0.034117,0.090296
998,val,stayingpower,0,0,0.02649,0.138609
998,val,texture,0,1,0.043181,0.843755
999,val,colour,0,0,0.0609,0.100079
999,val,packing,1,1,0.019149,0.969184
999,val,price,0,0,0.046221,0.077069
999,val,shipping,1,1,0.011702,0.979777
999,val,smell,0,0,0.043083,0.039623
999,val,stayingpower,0,0,0.041892,0.036752
999,val,texture,0,0,0.035201,0.041937
1000,val,colour,0,0,0.036338,0.060452
1000,val,packing,0,0,0.022472,0.021886
1000,val,price,0,0,0.028722,0.033683
1000,val,shipping,0,0,0.028161,0.030532
1000,val,smell,0,0,0.029042,0.030705
1000,val,stayingpower,0,0,0.030278,0.039806
1000,val,texture,0,0,0.036514,0.052477
1001,val,colour,0,0,0.063698,0.290238
1001,val,packing,1,1,0.01156,0.98328
1001,val,price,0,0,0.043186,0.072517
1001,val,shipping,1,1,0.009237,0.9817
1001,val,smell,0,0,0.041206,0.049217
1001,val,stayingpower,0,0,0.047195,0.058454
1001,val,texture,0,0,0.055373,0.111345
1002,val,colour,1,2,0.890049,0.088157
1002,val,packing,0,1,0.120404,0.556406
1002,val,price,1,1,0.046889,0.855459
1002,val,shipping,1,1,0.010735,0.976801
1002,val,smell,0,0,0.074285,0.084336
1002,val,stayingpower,0,0,0.074073,0.054945
1002,val,texture,0,0,0.086447,0.075342
1003,val,colour,0,0,0.016444,0.043122
1003,val,packing,0,0,0.027802,0.028238
1003,val,price,0,0,0.031929,0.048017
1003,val,shipping,0,0,0.024842,0.023803
1003,val,smell,0,0,0.028861,0.04818
1003,val,stayingpower,0,0,0.02692,0.101784
1003,val,texture,0,1,0.062331,0.69899
1004,val,colour,0,0,0.054449,0.377755
1004,val,packing,1,1,0.043487,0.939093
1004,val,price,0,0,0.065469,0.069716
1004,val,shipping,0,0,0.064864,0.17063
1004,val,smell,1,1,0.032743,0.957534
1004,val,stayingpower,0,0,0.031675,0.093216
1004,val,texture,0,0,0.045622,0.2884
1005,val,colour,1,1,0.030665,0.958724
1005,val,packing,1,1,0.060742,0.809957
1005,val,price,0,0,0.077587,0.167997
1005,val,shipping,0,0,0.10841,0.318869
1005,val,smell,0,0,0.047445,0.103792
1005,val,stayingpower,2,2,0.97779,0.016297
1005,val,texture,0,0,0.309294,0.279469
1006,val,colour,1,1,0.008956,0.986015
1006,val,packing,0,0,0.018015,0.072573
1006,val,price,0,0,0.035694,0.063685
1006,val,shipping,0,0,0.042184,0.061436
1006,val,smell,0,0,0.026245,0.063467
1006,val,stayingpower,0,0,0.048176,0.064932
1006,val,texture,0,0,0.041742,0.062138
1007,val,colour,0,0,0.064505,0.128951
1007,val,packing,0,0,0.060715,0.08377
1007,val,price,0,0,0.039991,0.059777
1007,val,shipping,2,2,0.992628,0.00496
1007,val,smell,0,0,0.046964,0.073848
1007,val,stayingpower,0,0,0.038675,0.05854
1007,val,texture,0,0,0.033662,0.057419
1008,val,colour,1,1,0.027673,0.950208
1008,val,packing,0,0,0.029853,0.054356
1008,val,price,1,1,0.057982,0.8429
1008,val,shipping,0,0,0.081119,0.115289
1008,val,smell,1,1,0.019278,0.973741
1008,val,stayingpower,0,0,0.041069,0.080529
1008,val,texture,0,0,0.053201,0.455855
1009,val,colour,2,2,0.967683,0.022934
1009,val,packing,0,0,0.101482,0.061618
1009,val,price,0,0,0.106523,0.131509
1009,val,shipping,0,0,0.051378,0.05854
1009,val,smell,0,0,0.161024,0.082218
1009,val,stayingpower,0,0,0.356228,0.085144
1009,val,texture,2,2,0.979329,0.011019
1010,val,colour,2,2,0.989631,0.005383
1010,val,packing,0,0,0.177482,0.113558
1010,val,price,0,0,0.052573,0.064825
1010,val,shipping,1,1,0.060764,0.885473
1010,val,smell,0,0,0.111183,0.085265
1010,val,stayingpower,0,0,0.160974,0.100902
1010,val,texture,0,0,0.156916,0.066269
1011,val,colour,0,0,0.019151,0.017663
1011,val,packing,0,0,0.083643,0.093248
1011,val,price,0,0,0.020456,0.013417
1011,val,shipping,0,0,0.046774,0.074602
1011,val,smell,0,0,0.037179,0.059457
1011,val,stayingpower,0,0,0.022519,0.064964
1011,val,texture,0,0,0.043301,0.088165
1012,val,colour,0,0,0.034328,0.185753
1012,val,packing,0,0,0.090526,0.0994
1012,val,price,0,0,0.052033,0.085618
1012,val,shipping,2,2,0.990368,0.004866
1012,val,smell,0,0,0.052201,0.221279
1012,val,stayingpower,0,1,0.096046,0.634978
1012,val,texture,1,1,0.017001,0.948641
1013,val,colour,1,1,0.013211,0.978421
1013,val,packing,0,0,0.019292,0.083325
1013,val,price,0,0,0.042236,0.137162
1013,val,shipping,1,1,0.019053,0.9639
1013,val,smell,0,0,0.03085,0.079035
1013,val,stayingpower,0,0,0.050278,0.077019
1013,val,texture,0,0,0.047739,0.077021
1014,val,colour,3,1,0.037534,0.790594
1014,val,packing,0,0,0.042348,0.060468
1014,val,price,0,0,0.048883,0.076111
1014,val,shipping,0,0,0.034274,0.049736
1014,val,smell,0,0,0.01642,0.033604
1014,val,stayingpower,1,1,0.089265,0.892774
1014,val,texture,3,1,0.071022,0.847881
1015,val,colour,0,0,0.226922,0.304943
1015,val,packing,0,0,0.161266,0.090148
1015,val,price,0,0,0.121913,0.192656
1015,val,shipping,0,0,0.081981,0.079383
1015,val,smell,2,2,0.976119,0.013418
1015,val,stayingpower,0,0,0.210889,0.111179
1015,val,texture,2,2,0.966727,0.01351
1016,val,colour,1,1,0.023045,0.961217
1016,val,packing,0,0,0.022886,0.121986
1016,val,price,1,1,0.025399,0.921946
1016,val,shipping,1,1,0.019079,0.960854
1016,val,smell,0,0,0.026912,0.042273
1016,val,stayingpower,0,0,0.075617,0.072527
1016,val,texture,0,0,0.051322,0.070588
1017,val,colour,0,0,0.025297,0.070959
1017,val,packing,1,1,0.013755,0.984037
1017,val,price,0,0,0.059469,0.072401
1017,val,shipping,3,1,0.035411,0.758343
1017,val,smell,0,0,0.056139,0.106478
1017,val,stayingpower,0,0,0.043527,0.142261
1017,val,texture,0,0,0.090288,0.274653
1018,val,colour,0,0,0.111733,0.051979
1018,val,packing,0,0,0.095045,0.04061
1018,val,price,0,0,0.053009,0.099125
1018,val,shipping,1,2,0.992781,0.004333
1018,val,smell,0,0,0.059362,0.052623
1018,val,stayingpower,0,0,0.048025,0.052018
1018,val,texture,0,0,0.046747,0.049927
1019,val,colour,1,1,0.093148,0.800916
1019,val,packing,0,0,0.095653,0.09423
1019,val,price,0,0,0.108505,0.210989
1019,val,shipping,2,2,0.947586,0.020286
1019,val,smell,2,2,0.97886,0.015064
1019,val,stayingpower,0,0,0.172654,0.160292
1019,val,texture,0,2,0.547434,0.125217
1020,val,colour,1,1,0.006678,0.988523
1020,val,packing,0,0,0.015486,0.060201
1020,val,price,0,0,0.036935,0.07007
1020,val,shipping,0,0,0.043134,0.076363
1020,val,smell,0,0,0.02632,0.085914
1020,val,stayingpower,0,0,0.038106,0.055008
1020,val,texture,0,0,0.042388,0.09122
1021,val,colour,0,0,0.045288,0.062185
1021,val,packing,0,0,0.036438,0.073593
1021,val,price,1,1,0.022789,0.931445
1021,val,shipping,1,1,0.016744,0.965627
1021,val,smell,0,0,0.029913,0.041182
1021,val,stayingpower,0,0,0.044054,0.039756
1021,val,texture,0,0,0.035596,0.061297
1022,val,colour,0,0,0.01232,0.036536
1022,val,packing,0,0,0.072034,0.05009
1022,val,price,0,0,0.047476,0.039422
1022,val,shipping,0,0,0.02856,0.027504
1022,val,smell,0,0,0.030826,0.063296
1022,val,stayingpower,0,1,0.081973,0.856063
1022,val,texture,0,1,0.079815,0.724297
1023,val,colour,3,1,0.049752,0.848114
1023,val,packing,0,0,0.081606,0.14535
1023,val,price,0,0,0.097528,0.195776
1023,val,shipping,2,2,0.983189,0.012291
1023,val,smell,1,1,0.035603,0.926226
1023,val,stayingpower,0,0,0.08274,0.303932
1023,val,texture,1,1,0.019003,0.951641
1024,val,colour,0,0,0.063203,0.075996
1024,val,packing,0,0,0.042925,0.09607
1024,val,price,1,1,0.016129,0.963826
1024,val,shipping,1,1,0.021372,0.952512
1024,val,smell,0,0,0.028132,0.032872
1024,val,stayingpower,0,0,0.059321,0.043167
1024,val,texture,0,0,0.033517,0.056809
1025,val,colour,0,0,0.078043,0.277699
1025,val,packing,0,0,0.062887,0.103443
1025,val,price,0,1,0.080589,0.621604
1025,val,shipping,1,1,0.037073,0.941359
1025,val,smell,1,1,0.018554,0.974035
1025,val,stayingpower,0,0,0.056899,0.170177
1025,val,texture,0,1,0.039231,0.56443
1026,val,colour,1,1,0.020204,0.956995
1026,val,packing,0,0,0.044936,0.153071
1026,val,price,0,0,0.071638,0.09326
1026,val,shipping,2,2,0.976924,0.011395
1026,val,smell,1,1,0.047471,0.923127
1026,val,stayingpower,0,0,0.058091,0.133781
1026,val,texture,0,0,0.066387,0.223525
1027,val,colour,1,1,0.127682,0.846198
1027,val,packing,1,1,0.088442,0.541592
1027,val,price,1,1,0.070681,0.777334
1027,val,shipping,1,1,0.06348,0.696519
1027,val,smell,0,0,0.044971,0.070181
1027,val,stayingpower,2,2,0.984274,0.013346
1027,val,texture,1,2,0.387126,0.333322
1028,val,colour,1,1,0.025488,0.925194
1028,val,packing,0,0,0.029395,0.072093
1028,val,price,1,1,0.018914,0.96645
1028,val,shipping,1,1,0.038599,0.798895
1028,val,smell,0,0,0.022043,0.063156
1028,val,stayingpower,0,1,0.143513,0.705919
1028,val,texture,0,1,0.056781,0.534671
1029,val,colour,0,0,0.03613,0.116931
1029,val,packing,1,1,0.023488,0.959217
1029,val,price,0,0,0.047496,0.057322
1029,val,shipping,0,0,0.055808,0.10619
1029,val,smell,0,0,0.038395,0.051147
1029,val,stayingpower,0,0,0.028859,0.032855
1029,val,texture,0,0,0.024799,0.041187
1030,val,colour,0,0,0.038357,0.059305
1030,val,packing,0,0,0.031863,0.061822
1030,val,price,0,0,0.032207,0.07281
1030,val,shipping,1,1,0.013864,0.9724
1030,val,smell,0,0,0.027592,0.04239
1030,val,stayingpower,0,0,0.042061,0.04738
1030,val,texture,0,0,0.030709,0.046812
1031,val,colour,0,0,0.046978,0.115568
1031,val,packing,1,1,0.130168,0.832783
1031,val,price,1,1,0.06368,0.899035
1031,val,shipping,2,2,0.98223,0.011067
1031,val,smell,0,0,0.073508,0.111126
1031,val,stayingpower,0,0,0.05733,0.073572
1031,val,texture,0,0,0.050522,0.109387
1032,val,colour,0,0,0.093771,0.429468
1032,val,packing,0,0,0.070939,0.084161
1032,val,price,1,1,0.052883,0.899747
1032,val,shipping,0,0,0.133687,0.098712
1032,val,smell,0,0,0.058554,0.127819
1032,val,stayingpower,2,2,0.972415,0.023324
1032,val,texture,1,1,0.098867,0.839691
1033,val,colour,0,0,0.026448,0.087636
1033,val,packing,0,1,0.059294,0.585626
1033,val,price,0,0,0.034767,0.047142
1033,val,shipping,0,0,0.020696,0.04449
1033,val,smell,0,0,0.026393,0.029712
1033,val,stayingpower,0,0,0.022561,0.027766
1033,val,texture,0,0,0.02666,0.049041
1034,val,colour,0,0,0.04135,0.132807
1034,val,packing,0,0,0.047899,0.077338
1034,val,price,0,0,0.025597,0.033871
1034,val,shipping,1,1,0.015969,0.949411
1034,val,smell,0,0,0.023039,0.047973
1034,val,stayingpower,2,1,0.076451,0.815078
1034,val,texture,0,0,0.05593,0.381497
1035,val,colour,1,1,0.016701,0.971054
1035,val,packing,0,0,0.020851,0.097538
1035,val,price,0,0,0.035799,0.092407
1035,val,shipping,1,1,0.016632,0.96453
1035,val,smell,0,0,0.02814,0.059021
1035,val,stayingpower,0,0,0.051734,0.065441
1035,val,texture,0,0,0.04413,0.054705
1036,val,colour,0,0,0.025002,0.122947
1036,val,packing,0,0,0.046178,0.053449
1036,val,price,0,0,0.037178,0.058292
1036,val,shipping,0,0,0.031837,0.026908
1036,val,smell,0,0,0.036744,0.122813
1036,val,stayingpower,0,0,0.028085,0.144378
1036,val,texture,1,1,0.026162,0.950588
1037,val,colour,0,1,0.204604,0.441827
1037,val,packing,0,0,0.051251,0.064014
1037,val,price,0,0,0.077095,0.186287
1037,val,shipping,0,0,0.08536,0.135384
1037,val,smell,0,0,0.039809,0.083915
1037,val,stayingpower,0,2,0.990718,0.006186
1037,val,texture,0,0,0.212523,0.291931
1038,val,colour,0,0,0.04435,0.139878
1038,val,packing,1,1,0.01333,0.981851
1038,val,price,0,0,0.03956,0.047211
1038,val,shipping,1,1,0.079311,0.732869
1038,val,smell,0,0,0.036149,0.045548
1038,val,stayingpower,0,0,0.031532,0.03576
1038,val,texture,0,0,0.024662,0.040188
1039,val,colour,1,1,0.101249,0.875911
1039,val,packing,0,0,0.049776,0.052895
1039,val,price,0,0,0.054409,0.062596
1039,val,shipping,0,0,0.016022,0.032965
1039,val,smell,1,1,0.038441,0.895437
1039,val,stayingpower,0,0,0.17489,0.301099
1039,val,texture,1,1,0.036169,0.954094
1040,val,colour,1,1,0.016838,0.971169
1040,val,packing,0,0,0.012361,0.028737
1040,val,price,1,1,0.019603,0.961526
1040,val,shipping,1,0,0.05131,0.063502
1040,val,smell,0,0,0.022278,0.052668
1040,val,stayingpower,0,0,0.047041,0.058957
1040,val,texture,0,0,0.074802,0.089788
1041,val,colour,1,1,0.073271,0.839563
1041,val,packing,0,0,0.076764,0.102737
1041,val,price,0,0,0.098787,0.265716
1041,val,shipping,0,0,0.070438,0.073906
1041,val,smell,2,2,0.988889,0.008485
1041,val,stayingpower,0,0,0.166392,0.233747
1041,val,texture,1,1,0.271323,0.500697
1042,val,colour,0,0,0.016668,0.056203
1042,val,packing,1,1,0.147139,0.73943
1042,val,price,0,0,0.072845,0.048479
1042,val,shipping,0,0,0.037164,0.069078
1042,val,smell,0,0,0.035269,0.077924
1042,val,stayingpower,3,1,0.094239,0.873532
1042,val,texture,3,1,0.070223,0.847597
1043,val,colour,0,0,0.036459,0.034805
1043,val,packing,0,0,0.02947,0.023431
1043,val,price,1,1,0.028215,0.94348
1043,val,shipping,0,0,0.064399,0.052456
1043,val,smell,0,0,0.034761,0.041926
1043,val,stayingpower,0,0,0.032282,0.036296
1043,val,texture,0,0,0.036376,0.041596
1044,val,colour,3,2,0.709661,0.259289
1044,val,packing,0,0,0.020574,0.012705
1044,val,price,0,0,0.025565,0.03007
1044,val,shipping,0,0,0.062169,0.027164
1044,val,smell,0,0,0.047218,0.034475
1044,val,stayingpower,0,0,0.064697,0.048914
1044,val,texture,0,0,0.109953,0.034791
1045,val,colour,0,2,0.761294,0.156079
1045,val,packing,0,0,0.089354,0.135088
1045,val,price,0,0,0.063696,0.079666
1045,val,shipping,1,1,0.035743,0.910453
1045,val,smell,1,1,0.427434,0.55607
1045,val,stayingpower,0,0,0.081891,0.126335
1045,val,texture,0,0,0.07104,0.159269
1046,val,colour,0,0,0.027135,0.072244
1046,val,packing,0,0,0.020366,0.029718
1046,val,price,0,0,0.027875,0.036173
1046,val,shipping,0,0,0.02464,0.052197
1046,val,smell,0,0,0.025812,0.033645
1046,val,stayingpower,0,0,0.028271,0.038875
1046,val,texture,0,0,0.029442,0.057733
1047,val,colour,1,1,0.014105,0.973141
1047,val,packing,1,1,0.014929,0.963524
1047,val,price,0,0,0.036816,0.051033
1047,val,shipping,1,1,0.020172,0.960407
1047,val,smell,0,0,0.03419,0.078017
1047,val,stayingpower,0,0,0.056427,0.105916
1047,val,texture,0,0,0.059924,0.187203
1048,val,colour,1,1,0.013936,0.976654
1048,val,packing,0,0,0.023717,0.057957
1048,val,price,1,1,0.02312,0.951252
1048,val,shipping,0,0,0.060635,0.087513
1048,val,smell,0,0,0.030472,0.139905
1048,val,stayingpower,0,0,0.088119,0.12188
1048,val,texture,1,1,0.037372,0.930554
1049,val,colour,1,1,0.052741,0.912522
1049,val,packing,0,0,0.034763,0.101641
1049,val,price,0,0,0.054034,0.108541
1049,val,shipping,1,1,0.039454,0.926481
1049,val,smell,1,1,0.040616,0.939292
1049,val,stayingpower,0,0,0.058374,0.127366
1049,val,texture,0,0,0.048575,0.108811
1050,val,colour,0,0,0.039377,0.024235
1050,val,packing,0,0,0.035465,0.028522
1050,val,price,0,0,0.028672,0.034145
1050,val,shipping,0,0,0.053047,0.070067
1050,val,smell,0,0,0.034807,0.032945
1050,val,stayingpower,0,0,0.029895,0.033766
1050,val,texture,0,0,0.026038,0.025093
1051,val,colour,0,0,0.026934,0.027255
1051,val,packing,0,0,0.031944,0.027186
1051,val,price,0,0,0.026249,0.027646
1051,val,shipping,0,0,0.040561,0.040644
1051,val,smell,0,0,0.032042,0.0343
1051,val,stayingpower,0,0,0.035699,0.050977
1051,val,texture,0,0,0.037065,0.053074
1052,val,colour,0,0,0.05004,0.291093
1052,val,packing,1,1,0.037194,0.945636
1052,val,price,0,0,0.064238,0.079799
1052,val,shipping,0,0,0.046066,0.165201
1052,val,smell,1,1,0.035226,0.939651
1052,val,stayingpower,0,0,0.02243,0.061917
1052,val,texture,0,0,0.030077,0.160888
1053,val,colour,1,1,0.046006,0.8939
1053,val,packing,1,1,0.031967,0.949309
1053,val,price,0,0,0.062779,0.077104
1053,val,shipping,2,2,0.980984,0.011463
1053,val,smell,0,0,0.052395,0.123541
1053,val,stayingpower,0,0,0.057524,0.080895
1053,val,texture,0,0,0.086347,0.140525
1054,val,colour,1,1,0.009578,0.983131
1054,val,packing,0,0,0.023005,0.094517
1054,val,price,1,1,0.019003,0.952445
1054,val,shipping,1,1,0.034536,0.922302
1054,val,smell,0,0,0.027424,0.103859
1054,val,stayingpower,0,0,0.056105,0.097628
1054,val,texture,0,1,0.091177,0.460547
1055,val,colour,1,1,0.016212,0.970926
1055,val,packing,0,0,0.015806,0.031499
1055,val,price,0,0,0.034052,0.058422
1055,val,shipping,0,0,0.030132,0.039683
1055,val,smell,0,0,0.020921,0.068462
1055,val,stayingpower,0,0,0.057528,0.12172
1055,val,texture,3,1,0.061708,0.874958
1056,val,colour,0,0,0.118288,0.246605
1056,val,packing,1,1,0.156509,0.821929
1056,val,price,1,1,0.034009,0.947568
1056,val,shipping,0,0,0.060622,0.342005
1056,val,smell,3,1,0.275802,0.704392
1056,val,stayingpower,0,0,0.102305,0.235361
1056,val,texture,3,1,0.167529,0.454474
1057,val,colour,0,0,0.076422,0.018154
1057,val,packing,0,0,0.144324,0.047587
1057,val,price,0,0,0.040765,0.047618
1057,val,shipping,2,2,0.975095,0.010924
1057,val,smell,0,0,0.052422,0.035958
1057,val,stayingpower,0,0,0.040196,0.042066
1057,val,texture,0,0,0.059898,0.035649
1058,val,colour,0,0,0.051567,0.076556
1058,val,packing,0,0,0.045537,0.11417
1058,val,price,0,0,0.036027,0.086909
1058,val,shipping,1,1,0.012222,0.981553
1058,val,smell,0,0,0.02909,0.041731
1058,val,stayingpower,0,0,0.04535,0.040772
1058,val,texture,0,0,0.029534,0.033085
1059,val,colour,0,0,0.049023,0.072305
1059,val,packing,1,1,0.017931,0.974204
1059,val,price,0,0,0.052172,0.087621
1059,val,shipping,1,1,0.008406,0.982394
1059,val,smell,0,0,0.046943,0.049915
1059,val,stayingpower,0,0,0.054278,0.05554
1059,val,texture,0,0,0.040328,0.062058
1060,val,colour,1,1,0.081797,0.79028
1060,val,packing,0,0,0.086451,0.090709
1060,val,price,0,0,0.098695,0.262116
1060,val,shipping,0,0,0.125375,0.101149
1060,val,smell,2,2,0.989591,0.006902
1060,val,stayingpower,0,0,0.093419,0.156093
1060,val,texture,0,0,0.239585,0.259115
1061,val,colour,2,2,0.789581,0.187937
1061,val,packing,0,0,0.047001,0.048103
1061,val,price,0,0,0.040875,0.070589
1061,val,shipping,0,0,0.028082,0.067502
1061,val,smell,0,0,0.064567,0.265088
1061,val,stayingpower,0,0,0.171072,0.182656
1061,val,texture,1,1,0.041931,0.944616
1062,val,colour,0,0,0.142047,0.178534
1062,val,packing,1,1,0.082381,0.892605
1062,val,price,1,1,0.029566,0.95729
1062,val,shipping,1,1,0.062877,0.904934
1062,val,smell,1,1,0.071899,0.897179
1062,val,stayingpower,0,0,0.067327,0.113329
1062,val,texture,0,0,0.047277,0.250604
1063,val,colour,0,0,0.03341,0.112194
1063,val,packing,0,0,0.032022,0.134215
1063,val,price,0,0,0.03098,0.067918
1063,val,shipping,1,1,0.022385,0.916781
1063,val,smell,0,0,0.021347,0.025693
1063,val,stayingpower,0,0,0.020777,0.022276
1063,val,texture,0,0,0.02017,0.024166
1064,val,colour,1,0,0.163555,0.069713
1064,val,packing,0,0,0.17171,0.143676
1064,val,price,0,0,0.029909,0.034048
1064,val,shipping,1,1,0.016202,0.964906
1064,val,smell,0,0,0.053169,0.071091
1064,val,stayingpower,0,0,0.055989,0.087683
1064,val,texture,0,2,0.502325,0.107963
1065,val,colour,0,0,0.055993,0.06264
1065,val,packing,0,0,0.037162,0.03512
1065,val,price,1,1,0.018227,0.969811
1065,val,shipping,0,0,0.087122,0.058083
1065,val,smell,0,0,0.031128,0.036007
1065,val,stayingpower,0,0,0.035257,0.031494
1065,val,texture,0,0,0.039029,0.036568
1066,val,colour,1,1,0.010186,0.964418
1066,val,packing,0,0,0.036968,0.070801
1066,val,price,0,0,0.04867,0.079648
1066,val,shipping,0,0,0.043724,0.0966
1066,val,smell,0,0,0.032492,0.102722
1066,val,stayingpower,1,1,0.055541,0.918449
1066,val,texture,0,1,0.060688,0.564809
1067,val,colour,0,0,0.196934,0.396311
1067,val,packing,0,0,0.093226,0.08135
1067,val,price,0,0,0.111881,0.191577
1067,val,shipping,0,0,0.07154,0.074456
1067,val,smell,0,0,0.060195,0.058229
1067,val,stayingpower,2,2,0.98764,0.009191
1067,val,texture,2,2,0.930376,0.047461
1068,val,colour,1,1,0.022264,0.932539
1068,val,packing,0,0,0.048512,0.050235
1068,val,price,0,0,0.061699,0.099241
1068,val,shipping,0,0,0.106774,0.064458
1068,val,smell,0,0,0.04469,0.043027
1068,val,stayingpower,1,1,0.312667,0.355977
1068,val,texture,3,2,0.967631,0.024758
1069,val,colour,0,0,0.022361,0.059012
1069,val,packing,0,0,0.022126,0.034248
1069,val,price,0,0,0.02813,0.038671
1069,val,shipping,0,0,0.032989,0.065674
1069,val,smell,0,0,0.02582,0.035147
1069,val,stayingpower,0,0,0.021569,0.032751
1069,val,texture,0,0,0.028907,0.067115
1070,val,colour,1,1,0.011547,0.979778
1070,val,packing,0,0,0.02001,0.09908
1070,val,price,1,1,0.016593,0.965738
1070,val,shipping,1,1,0.144501,0.793539
1070,val,smell,0,0,0.028657,0.059372
1070,val,stayingpower,0,0,0.063633,0.073865
1070,val,texture,0,0,0.046585,0.062366
1071,val,colour,1,1,0.013274,0.982273
1071,val,packing,0,0,0.011235,0.022608
1071,val,price,0,0,0.035309,0.060597
1071,val,shipping,0,0,0.033538,0.041517
1071,val,smell,0,0,0.024772,0.088657
1071,val,stayingpower,0,0,0.045353,0.082569
1071,val,texture,0,0,0.07854,0.434027
1072,val,colour,1,1,0.006787,0.98867
1072,val,packing,0,0,0.026572,0.235564
1072,val,price,0,0,0.037381,0.086216
1072,val,shipping,3,1,0.04975,0.807497
1072,val,smell,0,0,0.025418,0.055747
1072,val,stayingpower,0,0,0.037077,0.060848
1072,val,texture,0,0,0.027611,0.035671
1073,val,colour,0,0,0.23052,0.018933
1073,val,packing,2,2,0.91853,0.059379
1073,val,price,0,0,0.224228,0.263827
1073,val,shipping,0,2,0.583047,0.128169
1073,val,smell,0,0,0.363068,0.068635
1073,val,stayingpower,0,0,0.141575,0.084659
1073,val,texture,0,2,0.676462,0.032012
1074,val,colour,0,0,0.041207,0.053958
1074,val,packing,0,0,0.034656,0.061423
1074,val,price,0,0,0.032437,0.066853
1074,val,shipping,1,1,0.015944,0.96833
1074,val,smell,0,0,0.025792,0.033757
1074,val,stayingpower,0,0,0.046573,0.046611
1074,val,texture,0,0,0.030028,0.03596
1075,val,colour,0,0,0.066672,0.18151
1075,val,packing,1,1,0.014116,0.979671
1075,val,price,0,0,0.047468,0.076903
1075,val,shipping,1,1,0.011233,0.98208
1075,val,smell,0,0,0.045244,0.048931
1075,val,stayingpower,0,0,0.048747,0.049244
1075,val,texture,0,0,0.04443,0.064809
1076,val,colour,0,0,0.059359,0.183227
1076,val,packing,1,1,0.013041,0.981071
1076,val,price,0,0,0.045182,0.068659
1076,val,shipping,1,1,0.009334,0.98202
1076,val,smell,0,0,0.045479,0.057551
1076,val,stayingpower,0,0,0.047044,0.057501
1076,val,texture,0,0,0.042891,0.078352
1077,val,colour,1,1,0.028042,0.947213
1077,val,packing,0,0,0.041856,0.067611
1077,val,price,0,0,0.063167,0.098626
1077,val,shipping,0,0,0.04211,0.071721
1077,val,smell,1,1,0.026674,0.919293
1077,val,stayingpower,0,0,0.052803,0.15873
1077,val,texture,1,1,0.00961,0.977632
1078,val,colour,0,0,0.022259,0.129352
1078,val,packing,0,0,0.086281,0.077606
1078,val,price,0,0,0.040692,0.0605
1078,val,shipping,0,2,0.828997,0.036333
1078,val,smell,0,0,0.029645,0.153364
1078,val,stayingpower,0,0,0.044397,0.317776
1078,val,texture,1,1,0.012572,0.972499
1079,val,colour,1,1,0.010516,0.976563
1079,val,packing,0,0,0.018353,0.040157
1079,val,price,1,1,0.029884,0.918017
1079,val,shipping,0,0,0.057373,0.103261
1079,val,smell,0,0,0.022671,0.105733
1079,val,stayingpower,0,0,0.044909,0.110001
1079,val,texture,1,1,0.036843,0.918384
1080,val,colour,0,0,0.050971,0.092291
1080,val,packing,0,0,0.075286,0.066278
1080,val,price,1,1,0.032684,0.940922
1080,val,shipping,2,2,0.988151,0.005582
1080,val,smell,0,0,0.053412,0.087642
1080,val,stayingpower,0,0,0.048309,0.058801
1080,val,texture,0,0,0.041437,0.070223
1081,val,colour,1,1,0.156506,0.814685
1081,val,packing,0,0,0.053297,0.079412
1081,val,price,1,1,0.027896,0.959964
1081,val,shipping,0,0,0.116545,0.063835
1081,val,smell,1,2,0.744603,0.238978
1081,val,stayingpower,0,0,0.308964,0.127483
1081,val,texture,2,2,0.85011,0.072941
1082,val,colour,0,0,0.054087,0.207071
1082,val,packing,1,1,0.011312,0.984838
1082,val,price,0,0,0.051605,0.116994
1082,val,shipping,1,1,0.019234,0.972126
1082,val,smell,0,0,0.050034,0.072717
1082,val,stayingpower,0,0,0.042851,0.050244
1082,val,texture,0,0,0.037474,0.068885
1083,val,colour,1,1,0.02362,0.94174
1083,val,packing,0,0,0.033209,0.095199
1083,val,price,1,1,0.027541,0.939659
1083,val,shipping,2,2,0.973744,0.0218
1083,val,smell,0,0,0.035986,0.070228
1083,val,stayingpower,0,0,0.074309,0.077568
1083,val,texture,0,0,0.054207,0.094373
1084,val,colour,0,0,0.032596,0.07617
1084,val,packing,0,0,0.02383,0.040357
1084,val,price,0,0,0.025561,0.029532
1084,val,shipping,0,0,0.034228,0.073611
1084,val,smell,0,0,0.029409,0.040728
1084,val,stayingpower,0,0,0.027678,0.030763
1084,val,texture,0,0,0.021891,0.027344
1085,val,colour,1,1,0.108151,0.869061
1085,val,packing,0,0,0.043437,0.087929
1085,val,price,0,0,0.047478,0.122642
1085,val,shipping,2,2,0.988645,0.007906
1085,val,smell,0,0,0.068289,0.092154
1085,val,stayingpower,0,0,0.058279,0.05014
1085,val,texture,0,0,0.10923,0.044404
1086,val,colour,0,0,0.20894,0.369556
1086,val,packing,0,0,0.141337,0.128428
1086,val,price,0,0,0.131649,0.305302
1086,val,shipping,0,0,0.147414,0.106979
1086,val,smell,2,2,0.973051,0.016972
1086,val,stayingpower,2,2,0.931264,0.027658
1086,val,texture,0,2,0.943727,0.02634
1087,val,colour,2,2,0.66911,0.311855
1087,val,packing,0,0,0.024111,0.024953
1087,val,price,0,0,0.035702,0.06876
1087,val,shipping,0,0,0.051348,0.045
1087,val,smell,0,0,0.028828,0.02939
1087,val,stayingpower,0,0,0.030672,0.028967
1087,val,texture,0,0,0.076509,0.038115
1088,val,colour,0,0,0.058696,0.109357
1088,val,packing,0,0,0.033979,0.087887
1088,val,price,1,1,0.021577,0.939695
1088,val,shipping,1,1,0.014612,0.968606
1088,val,smell,0,0,0.026914,0.034919
1088,val,stayingpower,0,0,0.0515,0.040844
1088,val,texture,0,0,0.030023,0.054155
1089,val,colour,0,0,0.081123,0.133851
1089,val,packing,1,1,0.07171,0.918518
1089,val,price,0,0,0.087172,0.101903
1089,val,shipping,2,2,0.984636,0.011728
1089,val,smell,0,0,0.073164,0.143169
1089,val,stayingpower,0,0,0.044639,0.078383
1089,val,texture,0,0,0.054123,0.144734
1090,val,colour,1,1,0.019009,0.960697
1090,val,packing,0,0,0.040735,0.085239
1090,val,price,0,0,0.068733,0.181328
1090,val,shipping,0,0,0.198383,0.063617
1090,val,smell,0,0,0.036726,0.112627
1090,val,stayingpower,2,2,0.982173,0.015172
1090,val,texture,1,1,0.216009,0.592409
1091,val,colour,0,1,0.031524,0.955722
1091,val,packing,0,0,0.018117,0.042521
1091,val,price,1,1,0.01793,0.967145
1091,val,shipping,0,0,0.044507,0.050133
1091,val,smell,0,0,0.016595,0.026721
1091,val,stayingpower,0,0,0.069176,0.084988
1091,val,texture,0,0,0.147891,0.169843
1092,val,colour,3,0,0.018726,0.181702
1092,val,packing,0,0,0.047399,0.044042
1092,val,price,0,0,0.051659,0.068086
1092,val,shipping,0,0,0.052056,0.074505
1092,val,smell,0,0,0.028809,0.093106
1092,val,stayingpower,2,1,0.16491,0.821351
1092,val,texture,0,1,0.068958,0.660611
1093,val,colour,0,0,0.070158,0.24879
1093,val,packing,0,0,0.085016,0.07284
1093,val,price,0,0,0.065776,0.092254
1093,val,shipping,0,0,0.028224,0.036161
1093,val,smell,0,0,0.052153,0.078499
1093,val,stayingpower,0,0,0.270336,0.269129
1093,val,texture,3,2,0.896312,0.098369
1094,val,colour,0,0,0.055171,0.091029
1094,val,packing,1,1,0.019112,0.971441
1094,val,price,0,0,0.043808,0.057946
1094,val,shipping,1,1,0.012043,0.979812
1094,val,smell,0,0,0.044543,0.044792
1094,val,stayingpower,0,0,0.048809,0.048529
1094,val,texture,0,0,0.038467,0.05433
1095,val,colour,1,1,0.010624,0.972657
1095,val,packing,0,0,0.023985,0.05435
1095,val,price,1,1,0.015697,0.974031
1095,val,shipping,0,0,0.066901,0.079169
1095,val,smell,0,0,0.026911,0.107885
1095,val,stayingpower,0,0,0.07623,0.154634
1095,val,texture,1,1,0.058595,0.881666
1096,val,colour,3,1,0.130255,0.855906
1096,val,packing,0,0,0.020778,0.02823
1096,val,price,0,0,0.021972,0.025693
1096,val,shipping,0,0,0.023324,0.0576
1096,val,smell,0,0,0.027587,0.104571
1096,val,stayingpower,0,0,0.071376,0.188061
1096,val,texture,1,1,0.048465,0.858906
1097,val,colour,1,1,0.019028,0.971225
1097,val,packing,0,0,0.012813,0.034021
1097,val,price,0,0,0.039525,0.077466
1097,val,shipping,0,0,0.042911,0.058209
1097,val,smell,0,0,0.025421,0.057185
1097,val,stayingpower,0,0,0.040532,0.051441
1097,val,texture,0,0,0.028058,0.039701
1098,val,colour,2,2,0.840694,0.154482
1098,val,packing,0,0,0.035285,0.027309
1098,val,price,0,0,0.0612,0.123757
1098,val,shipping,0,0,0.030462,0.044022
1098,val,smell,0,0,0.051634,0.03706
1098,val,stayingpower,0,0,0.152525,0.094856
1098,val,texture,0,2,0.828857,0.056986
1099,val,colour,1,1,0.017521,0.972526
1099,val,packing,0,0,0.014682,0.036673
1099,val,price,1,1,0.018156,0.964805
1099,val,shipping,0,0,0.072995,0.086417
1099,val,smell,0,0,0.020269,0.042631
1099,val,stayingpower,0,0,0.058345,0.058104
1099,val,texture,0,0,0.079218,0.0706
1100,val,colour,1,1,0.06487,0.899202
1100,val,packing,0,0,0.044149,0.174134
1100,val,price,0,0,0.050627,0.075677
1100,val,shipping,1,1,0.053074,0.910393
1100,val,smell,3,1,0.035952,0.949867
1100,val,stayingpower,0,0,0.0646,0.104373
1100,val,texture,0,0,0.055448,0.13144
1101,val,colour,1,1,0.024902,0.919017
1101,val,packing,0,0,0.03489,0.043093
1101,val,price,0,0,0.047652,0.07629
1101,val,shipping,0,0,0.052179,0.060201
1101,val,smell,0,0,0.026422,0.081801
1101,val,stayingpower,1,1,0.075399,0.89555
1101,val,texture,1,1,0.018295,0.955723
1102,val,colour,1,1,0.007265,0.987235
1102,val,packing,1,0,0.050246,0.224107
1102,val,price,0,0,0.065167,0.128039
1102,val,shipping,0,2,0.697275,0.25416
1102,val,smell,1,1,0.028167,0.944928
1102,val,stayingpower,0,0,0.060297,0.177868
1102,val,texture,0,0,0.07203,0.210759
1103,val,colour,2,2,0.955004,0.033673
1103,val,packing,0,0,0.082462,0.093033
1103,val,price,1,1,0.039231,0.904201
1103,val,shipping,0,0,0.034693,0.091137
1103,val,smell,0,0,0.104036,0.241304
1103,val,stayingpower,0,0,0.120016,0.111179
1103,val,texture,1,1,0.094611,0.818408
1104,val,colour,1,1,0.010787,0.981984
1104,val,packing,0,0,0.015412,0.056726
1104,val,price,0,0,0.036534,0.065368
1104,val,shipping,0,0,0.051162,0.069
1104,val,smell,0,0,0.025599,0.060899
1104,val,stayingpower,0,0,0.043949,0.051543
1104,val,texture,0,0,0.032276,0.043663
1105,val,colour,1,1,0.011802,0.981527
1105,val,packing,0,0,0.02272,0.046189
1105,val,price,0,0,0.039641,0.066168
1105,val,shipping,0,0,0.047978,0.055147
1105,val,smell,0,0,0.027626,0.123083
1105,val,stayingpower,0,0,0.074349,0.225737
1105,val,texture,1,1,0.03884,0.930996
1106,val,colour,0,0,0.063996,0.022489
1106,val,packing,0,0,0.074189,0.027329
1106,val,price,0,0,0.031874,0.030849
1106,val,shipping,0,0,0.186436,0.026334
1106,val,smell,0,0,0.036083,0.021761
1106,val,stayingpower,0,0,0.035747,0.035303
1106,val,texture,0,0,0.065257,0.038422
1107,val,colour,0,0,0.049276,0.071701
1107,val,packing,0,0,0.034121,0.06381
1107,val,price,0,0,0.036317,0.090837
1107,val,shipping,1,1,0.012125,0.977551
1107,val,smell,0,0,0.026509,0.038652
1107,val,stayingpower,0,0,0.044729,0.044196
1107,val,texture,0,0,0.029489,0.039017
1108,val,colour,1,1,0.118451,0.820412
1108,val,packing,0,0,0.04607,0.063052
1108,val,price,0,0,0.080168,0.191624
1108,val,shipping,0,0,0.074536,0.078141
1108,val,smell,0,0,0.044715,0.115416
1108,val,stayingpower,2,2,0.991502,0.006776
1108,val,texture,1,1,0.316806,0.61993
1109,val,colour,1,1,0.020032,0.921937
1109,val,packing,0,0,0.031839,0.034028
1109,val,price,0,0,0.039891,0.051239
1109,val,shipping,0,0,0.03457,0.047018
1109,val,smell,0,0,0.031493,0.128897
1109,val,stayingpower,1,1,0.076826,0.892885
1109,val,texture,1,1,0.029348,0.931112
1110,val,colour,1,1,0.019122,0.971111
1110,val,packing,0,0,0.023052,0.102828
1110,val,price,0,0,0.036334,0.090243
1110,val,shipping,1,1,0.019965,0.966862
1110,val,smell,0,0,0.02864,0.056983
1110,val,stayingpower,0,0,0.059311,0.079388
1110,val,texture,0,0,0.049779,0.067757
1111,val,colour,1,1,0.013711,0.967647
1111,val,packing,1,1,0.015569,0.971452
1111,val,price,1,1,0.02892,0.940533
1111,val,shipping,0,0,0.097863,0.351888
1111,val,smell,0,0,0.038051,0.099691
1111,val,stayingpower,0,0,0.05742,0.098812
1111,val,texture,0,0,0.098317,0.201104
1112,val,colour,0,0,0.084545,0.369075
1112,val,packing,1,1,0.023819,0.96753
1112,val,price,0,0,0.056289,0.060146
1112,val,shipping,1,1,0.035258,0.924742
1112,val,smell,1,1,0.033719,0.946873
1112,val,stayingpower,0,0,0.043096,0.077783
1112,val,texture,0,0,0.036697,0.138555
1113,val,colour,0,0,0.038077,0.136671
1113,val,packing,0,1,0.137665,0.715973
1113,val,price,0,0,0.052663,0.053261
1113,val,shipping,2,2,0.990124,0.004706
1113,val,smell,0,0,0.036789,0.077162
1113,val,stayingpower,0,0,0.032145,0.078871
1113,val,texture,0,0,0.03281,0.101954
1114,val,colour,1,1,0.119532,0.583104
1114,val,packing,0,0,0.021511,0.023199
1114,val,price,0,0,0.017137,0.01456
1114,val,shipping,0,0,0.017253,0.025458
1114,val,smell,0,0,0.021954,0.051919
1114,val,stayingpower,0,0,0.032765,0.098616
1114,val,texture,1,1,0.12941,0.758887
1115,val,colour,1,1,0.138713,0.797848
1115,val,packing,0,0,0.122552,0.071063
1115,val,price,3,1,0.088795,0.840219
1115,val,shipping,0,0,0.367256,0.093291
1115,val,smell,0,0,0.112481,0.048524
1115,val,stayingpower,0,0,0.323486,0.105768
1115,val,texture,2,2,0.993132,0.003946
1116,val,colour,0,0,0.145401,0.18879
1116,val,packing,0,0,0.325598,0.074521
1116,val,price,1,1,0.054417,0.926261
1116,val,shipping,1,2,0.540886,0.096766
1116,val,smell,0,0,0.144403,0.044437
1116,val,stayingpower,0,0,0.150737,0.11771
1116,val,texture,2,2,0.979719,0.008901
1117,val,colour,0,0,0.032667,0.027898
1117,val,packing,0,0,0.028513,0.021697
1117,val,price,0,0,0.02797,0.029785
1117,val,shipping,0,0,0.042359,0.041525
1117,val,smell,0,0,0.038663,0.037494
1117,val,stayingpower,0,0,0.031322,0.039633
1117,val,texture,0,0,0.034706,0.044069
1118,val,colour,0,0,0.064421,0.207764
1118,val,packing,0,0,0.084672,0.070423
1118,val,price,0,0,0.067459,0.063513
1118,val,shipping,2,2,0.987425,0.008546
1118,val,smell,1,1,0.072756,0.889197
1118,val,stayingpower,0,0,0.064375,0.116569
1118,val,texture,0,0,0.065915,0.199637
1119,val,colour,2,2,0.988873,0.006729
1119,val,packing,0,0,0.149349,0.113855
1119,val,price,0,0,0.067154,0.088411
1119,val,shipping,0,0,0.046519,0.104827
1119,val,smell,0,0,0.119922,0.12267
1119,val,stayingpower,1,1,0.415003,0.448013
1119,val,texture,1,1,0.201537,0.571452
1120,val,colour,2,2,0.953489,0.036135
1120,val,packing,0,0,0.179344,0.089899
1120,val,price,1,1,0.086557,0.787642
1120,val,shipping,2,2,0.980444,0.008334
1120,val,smell,0,0,0.260889,0.077926
1120,val,stayingpower,0,0,0.173765,0.063433
1120,val,texture,0,0,0.301654,0.053005
1121,val,colour,1,1,0.014804,0.973393
1121,val,packing,0,0,0.022813,0.053516
1121,val,price,0,0,0.044803,0.10065
1121,val,shipping,0,0,0.05475,0.064261
1121,val,smell,0,0,0.021262,0.100245
1121,val,stayingpower,0,0,0.049594,0.158927
1121,val,texture,1,1,0.02531,0.953312
1122,val,colour,0,0,0.024759,0.032179
1122,val,packing,0,0,0.039667,0.052635
1122,val,price,0,0,0.026262,0.02503
1122,val,shipping,0,0,0.028837,0.036549
1122,val,smell,0,0,0.030042,0.032953
1122,val,stayingpower,0,0,0.026478,0.045229
1122,val,texture,0,0,0.038203,0.065997
1123,val,colour,0,0,0.02707,0.038755
1123,val,packing,0,0,0.024247,0.04022
1123,val,price,0,0,0.028527,0.050861
1123,val,shipping,0,1,0.035536,0.818922
1123,val,smell,0,0,0.023754,0.032083
1123,val,stayingpower,0,0,0.033508,0.030897
1123,val,texture,0,0,0.024284,0.034209
1124,val,colour,0,0,0.080435,0.345109
1124,val,packing,1,1,0.056844,0.927089
1124,val,price,0,0,0.092125,0.13025
1124,val,shipping,2,2,0.991613,0.005747
1124,val,smell,0,0,0.063742,0.149663
1124,val,stayingpower,0,0,0.060259,0.08431
1124,val,texture,0,0,0.054134,0.13676
1125,val,colour,0,0,0.136113,0.273363
1125,val,packing,1,1,0.122878,0.683226
1125,val,price,0,0,0.097971,0.127343
1125,val,shipping,1,1,0.017081,0.973399
1125,val,smell,1,1,0.053763,0.928188
1125,val,stayingpower,3,2,0.484335,0.44237
1125,val,texture,0,1,0.070403,0.811394
1126,val,colour,1,1,0.047469,0.930809
1126,val,packing,1,1,0.106267,0.593854
1126,val,price,3,1,0.058815,0.831613
1126,val,shipping,2,0,0.070955,0.3553
1126,val,smell,0,0,0.037277,0.129404
1126,val,stayingpower,3,1,0.285565,0.669723
1126,val,texture,1,1,0.067326,0.923813
1127,val,colour,0,0,0.032987,0.041969
1127,val,packing,0,0,0.026937,0.023573
1127,val,price,0,0,0.028214,0.031152
1127,val,shipping,0,0,0.034672,0.033369
1127,val,smell,0,0,0.03249,0.033033
1127,val,stayingpower,0,0,0.031509,0.038959
1127,val,texture,0,0,0.037355,0.050087
1128,val,colour,0,0,0.037079,0.08783
1128,val,packing,3,1,0.035662,0.958694
1128,val,price,0,0,0.05756,0.075781
1128,val,shipping,0,2,0.428025,0.174319
1128,val,smell,0,0,0.0322,0.03966
1128,val,stayingpower,0,0,0.031092,0.045421
1128,val,texture,0,0,0.045128,0.051926
1129,val,colour,1,1,0.026314,0.955818
1129,val,packing,0,0,0.047544,0.097165
1129,val,price,1,1,0.065369,0.832761
1129,val,shipping,2,2,0.943493,0.023367
1129,val,smell,0,0,0.098585,0.176353
1129,val,stayingpower,2,2,0.976954,0.018415
1129,val,texture,1,1,0.289614,0.580138
1130,val,colour,0,0,0.057404,0.090028
1130,val,packing,1,1,0.01936,0.971764
1130,val,price,0,0,0.045943,0.063113
1130,val,shipping,1,1,0.01081,0.982753
1130,val,smell,0,0,0.046578,0.048618
1130,val,stayingpower,0,0,0.053231,0.052592
1130,val,texture,0,0,0.041026,0.065526
1131,val,colour,0,0,0.036346,0.037845
1131,val,packing,0,0,0.032531,0.049517
1131,val,price,1,0,0.045304,0.157761
1131,val,shipping,1,1,0.014526,0.967865
1131,val,smell,0,0,0.026535,0.032194
1131,val,stayingpower,0,0,0.044524,0.043111
1131,val,texture,0,0,0.029058,0.033847
1132,val,colour,0,0,0.035857,0.150749
1132,val,packing,0,0,0.016787,0.024603
1132,val,price,0,0,0.027585,0.036953
1132,val,shipping,0,0,0.026026,0.03388
1132,val,smell,0,0,0.027892,0.042436
1132,val,stayingpower,0,0,0.02068,0.028093
1132,val,texture,0,0,0.03352,0.068173
1133,val,colour,0,0,0.037965,0.204666
1133,val,packing,0,0,0.044579,0.067695
1133,val,price,0,0,0.031373,0.049881
1133,val,shipping,1,1,0.021155,0.924686
1133,val,smell,0,0,0.023563,0.060201
1133,val,stayingpower,3,1,0.052544,0.887542
1133,val,texture,0,1,0.045973,0.565908
1134,val,colour,0,0,0.07065,0.144561
1134,val,packing,0,0,0.061434,0.082934
1134,val,price,0,0,0.043215,0.067017
1134,val,shipping,2,2,0.994262,0.003124
1134,val,smell,0,0,0.046806,0.069807
1134,val,stayingpower,0,0,0.03783,0.059831
1134,val,texture,0,0,0.036936,0.057018
1135,val,colour,1,1,0.024946,0.94768
1135,val,packing,0,0,0.024159,0.043449
1135,val,price,0,0,0.042707,0.095484
1135,val,shipping,0,0,0.040975,0.051511
1135,val,smell,0,0,0.02818,0.132848
1135,val,stayingpower,0,0,0.072731,0.211419
1135,val,texture,1,1,0.012532,0.977361
1136,val,colour,1,1,0.023729,0.960966
1136,val,packing,0,0,0.03562,0.14585
1136,val,price,0,0,0.055605,0.121312
1136,val,shipping,1,1,0.028789,0.946945
1136,val,smell,1,1,0.028671,0.940729
1136,val,stayingpower,0,0,0.071588,0.123117
1136,val,texture,0,0,0.056793,0.199296
1137,val,colour,0,0,0.071856,0.09714
1137,val,packing,0,0,0.060679,0.057765
1137,val,price,0,0,0.041727,0.066933
1137,val,shipping,2,2,0.992835,0.004135
1137,val,smell,0,0,0.050265,0.067813
1137,val,stayingpower,0,0,0.038877,0.057898
1137,val,texture,0,0,0.036981,0.051325
1138,val,colour,1,1,0.017574,0.954871
1138,val,packing,0,0,0.048185,0.068901
1138,val,price,0,0,0.046957,0.088446
1138,val,shipping,0,0,0.068001,0.053391
1138,val,smell,0,0,0.042268,0.072059
1138,val,stayingpower,1,1,0.279522,0.609934
1138,val,texture,2,2,0.800481,0.189732
1139,val,colour,1,1,0.037733,0.893705
1139,val,packing,0,0,0.062579,0.185106
1139,val,price,0,0,0.05878,0.094276
1139,val,shipping,1,1,0.028933,0.953611
1139,val,smell,1,1,0.040466,0.934084
1139,val,stayingpower,3,1,0.091309,0.839326
1139,val,texture,0,1,0.060884,0.557254
1140,val,colour,1,1,0.010535,0.981013
1140,val,packing,0,0,0.016605,0.066243
1140,val,price,0,0,0.03635,0.070269
1140,val,shipping,0,0,0.043442,0.072171
1140,val,smell,0,0,0.023503,0.049409
1140,val,stayingpower,0,0,0.037366,0.047875
1140,val,texture,0,0,0.032384,0.047461
1141,val,colour,1,1,0.016546,0.970638
1141,val,packing,1,1,0.016329,0.950901
1141,val,price,0,0,0.038136,0.050872
1141,val,shipping,0,0,0.087879,0.324834
1141,val,smell,0,0,0.029587,0.055628
1141,val,stayingpower,0,0,0.047989,0.0488
1141,val,texture,0,0,0.034501,0.044492
1142,val,colour,0,0,0.015662,0.010278
1142,val,packing,0,0,0.144621,0.122792
1142,val,price,0,0,0.029885,0.019652
1142,val,shipping,0,0,0.029374,0.044528
1142,val,smell,0,0,0.047794,0.053674
1142,val,stayingpower,0,0,0.037483,0.108018
1142,val,texture,0,0,0.061658,0.070522
1143,val,colour,1,1,0.016539,0.967493
1143,val,packing,0,0,0.035962,0.103325
1143,val,price,0,0,0.073643,0.112391
1143,val,shipping,2,2,0.984763,0.008167
1143,val,smell,1,1,0.050288,0.882997
1143,val,stayingpower,0,0,0.070984,0.131895
1143,val,texture,0,0,0.069519,0.21927
1144,val,colour,0,0,0.041701,0.348435
1144,val,packing,1,1,0.038454,0.944093
1144,val,price,0,0,0.053389,0.062266
1144,val,shipping,1,1,0.024088,0.938377
1144,val,smell,0,0,0.048087,0.128516
1144,val,stayingpower,1,1,0.064447,0.901942
1144,val,texture,1,1,0.046849,0.86008
1145,val,colour,0,0,0.048468,0.066446
1145,val,packing,0,0,0.028385,0.029443
1145,val,price,1,1,0.019868,0.965895
1145,val,shipping,0,0,0.062939,0.056331
1145,val,smell,0,0,0.033568,0.045473
1145,val,stayingpower,0,0,0.033819,0.035222
1145,val,texture,0,0,0.032756,0.039597
1146,val,colour,1,1,0.057939,0.891269
1146,val,packing,1,1,0.022552,0.95553
1146,val,price,1,1,0.021226,0.955053
1146,val,shipping,1,1,0.012776,0.972085
1146,val,smell,0,0,0.041305,0.088102
1146,val,stayingpower,0,0,0.06271,0.072882
1146,val,texture,0,0,0.124118,0.27727
1147,val,colour,1,1,0.056697,0.916898
1147,val,packing,0,0,0.033916,0.065821
1147,val,price,0,0,0.075485,0.206931
1147,val,shipping,0,0,0.069799,0.096919
1147,val,smell,0,0,0.035792,0.097833
1147,val,stayingpower,2,2,0.98652,0.010946
1147,val,texture,0,1,0.171831,0.44423
1148,val,colour,1,1,0.01877,0.954211
1148,val,packing,0,0,0.059887,0.065611
1148,val,price,1,1,0.058545,0.887013
1148,val,shipping,0,0,0.174137,0.066498
1148,val,smell,0,0,0.071385,0.077422
1148,val,stayingpower,2,2,0.533816,0.294697
1148,val,texture,2,2,0.961492,0.033509
1149,val,colour,0,0,0.055057,0.222799
1149,val,packing,0,0,0.047039,0.075943
1149,val,price,0,0,0.03851,0.061483
1149,val,shipping,2,2,0.993138,0.004345
1149,val,smell,0,0,0.03756,0.071682
1149,val,stayingpower,0,0,0.035286,0.063286
1149,val,texture,0,0,0.038916,0.079091
1150,val,colour,1,1,0.012668,0.975255
1150,val,packing,0,0,0.014181,0.042266
1150,val,price,0,0,0.034402,0.056952
1150,val,shipping,0,0,0.036009,0.056041
1150,val,smell,0,0,0.026758,0.065995
1150,val,stayingpower,0,0,0.040703,0.051061
1150,val,texture,0,0,0.03223,0.045002
1151,val,colour,0,0,0.031875,0.078147
1151,val,packing,1,1,0.023092,0.960501
1151,val,price,0,0,0.045495,0.069908
1151,val,shipping,1,1,0.076917,0.468903
1151,val,smell,0,0,0.029545,0.031341
1151,val,stayingpower,0,0,0.024114,0.024456
1151,val,texture,0,0,0.021269,0.023436
1152,val,colour,0,0,0.033848,0.052197
1152,val,packing,0,0,0.023887,0.026486
1152,val,price,0,0,0.028167,0.031411
1152,val,shipping,0,0,0.030435,0.03922
1152,val,smell,0,0,0.032559,0.036169
1152,val,stayingpower,0,0,0.028347,0.035939
1152,val,texture,0,0,0.030393,0.04349
1153,val,colour,0,0,0.044571,0.084356
1153,val,packing,0,0,0.038102,0.093221
1153,val,price,0,0,0.037078,0.104781
1153,val,shipping,1,1,0.009815,0.982193
1153,val,smell,0,0,0.024668,0.035821
1153,val,stayingpower,0,0,0.045472,0.04512
1153,val,texture,0,0,0.030514,0.043745
1154,val,colour,0,0,0.181905,0.28592
1154,val,packing,0,0,0.107365,0.054436
1154,val,price,0,0,0.070514,0.071076
1154,val,shipping,0,0,0.063909,0.055033
1154,val,smell,0,0,0.067095,0.038447
1154,val,stayingpower,0,0,0.180305,0.137614
1154,val,texture,2,2,0.988068,0.006024
1155,val,colour,0,0,0.028075,0.408101
1155,val,packing,0,0,0.098377,0.095023
1155,val,price,0,0,0.07229,0.071873
1155,val,shipping,0,0,0.054445,0.067137
1155,val,smell,1,1,0.037637,0.923349
1155,val,stayingpower,1,1,0.047136,0.933728
1155,val,texture,1,1,0.010222,0.970749
1156,val,colour,0,0,0.025278,0.009028
1156,val,packing,1,1,0.371815,0.621008
1156,val,price,0,0,0.152347,0.237753
1156,val,shipping,2,2,0.594689,0.165297
1156,val,smell,0,0,0.086881,0.079897
1156,val,stayingpower,0,0,0.052893,0.081708
1156,val,texture,0,0,0.115052,0.072974
1157,val,colour,0,0,0.037366,0.304232
1157,val,packing,0,0,0.091254,0.164558
1157,val,price,0,0,0.042007,0.05449
1157,val,shipping,2,2,0.985943,0.005522
1157,val,smell,0,0,0.031064,0.106316
1157,val,stayingpower,0,0,0.047006,0.206925
1157,val,texture,1,1,0.032322,0.924926
1158,val,colour,0,1,0.04521,0.658326
1158,val,packing,0,0,0.123979,0.100604
1158,val,price,0,0,0.117191,0.324564
1158,val,shipping,0,0,0.131384,0.108506
1158,val,smell,2,2,0.989128,0.00892
1158,val,stayingpower,1,1,0.251289,0.436568
1158,val,texture,0,1,0.340757,0.442554
1159,val,colour,1,1,0.008926,0.985052
1159,val,packing,0,0,0.013727,0.045981
1159,val,price,0,0,0.035178,0.06371
1159,val,shipping,0,0,0.036913,0.068021
1159,val,smell,0,0,0.024553,0.07376
1159,val,stayingpower,0,0,0.034229,0.049529
1159,val,texture,0,0,0.044949,0.112682
1160,val,colour,0,0,0.014401,0.056263
1160,val,packing,0,0,0.074078,0.111035
1160,val,price,0,0,0.044767,0.073667
1160,val,shipping,0,0,0.032819,0.040171
1160,val,smell,0,0,0.031873,0.087954
1160,val,stayingpower,0,0,0.039256,0.228324
1160,val,texture,1,1,0.015422,0.961297
1161,val,colour,0,0,0.054952,0.14088
1161,val,packing,1,1,0.01337,0.980361
1161,val,price,0,0,0.050748,0.092899
1161,val,shipping,1,1,0.01366,0.971122
1161,val,smell,0,0,0.042912,0.044095
1161,val,stayingpower,0,0,0.040154,0.039151
1161,val,texture,0,0,0.035094,0.043924
1162,val,colour,0,0,0.052004,0.072851
1162,val,packing,0,0,0.083102,0.137299
1162,val,price,0,0,0.031347,0.042496
1162,val,shipping,2,2,0.960088,0.037148
1162,val,smell,0,0,0.036763,0.052612
1162,val,stayingpower,0,0,0.033983,0.060392
1162,val,texture,0,0,0.029852,0.056958
1163,val,colour,0,0,0.0907,0.160585
1163,val,packing,1,1,0.094729,0.885672
1163,val,price,0,0,0.056791,0.052787
1163,val,shipping,1,1,0.042189,0.734731
1163,val,smell,0,0,0.069184,0.057484
1163,val,stayingpower,0,0,0.093958,0.136749
1163,val,texture,2,2,0.871647,0.081686
1164,val,colour,1,1,0.01184,0.977925
1164,val,packing,0,0,0.014475,0.046321
1164,val,price,0,0,0.035508,0.059533
1164,val,shipping,0,0,0.047032,0.059754
1164,val,smell,0,0,0.027968,0.077617
1164,val,stayingpower,0,0,0.040431,0.045637
1164,val,texture,0,0,0.030927,0.044181
1165,val,colour,1,1,0.006639,0.988203
1165,val,packing,0,0,0.013639,0.041845
1165,val,price,1,1,0.022938,0.948001
1165,val,shipping,0,0,0.062272,0.084696
1165,val,smell,0,0,0.025211,0.085387
1165,val,stayingpower,0,0,0.047651,0.067179
1165,val,texture,0,0,0.07526,0.12916
1166,val,colour,0,0,0.037744,0.087427
1166,val,packing,0,0,0.036884,0.105411
1166,val,price,0,0,0.030081,0.061098
1166,val,shipping,1,1,0.010751,0.979676
1166,val,smell,0,0,0.025644,0.039437
1166,val,stayingpower,0,0,0.044689,0.048793
1166,val,texture,0,0,0.034926,0.055458
1167,val,colour,1,1,0.064845,0.805031
1167,val,packing,0,0,0.090409,0.091319
1167,val,price,0,0,0.086059,0.252931
1167,val,shipping,0,0,0.154176,0.095363
1167,val,smell,2,2,0.988251,0.008025
1167,val,stayingpower,0,0,0.084013,0.151667
1167,val,texture,0,0,0.227372,0.248041
1168,val,colour,3,1,0.057777,0.850719
1168,val,packing,1,1,0.020894,0.955397
1168,val,price,0,0,0.038046,0.041025
1168,val,shipping,0,0,0.020607,0.076603
1168,val,smell,0,0,0.020172,0.038554
1168,val,stayingpower,0,0,0.036199,0.071908
1168,val,texture,3,1,0.102379,0.622153
1169,val,colour,1,1,0.039083,0.919306
1169,val,packing,0,0,0.040296,0.05523
1169,val,price,0,0,0.033671,0.059931
1169,val,shipping,0,0,0.019458,0.017944
1169,val,smell,0,0,0.022696,0.031643
1169,val,stayingpower,0,0,0.046918,0.079
1169,val,texture,0,0,0.199041,0.087555
1170,val,colour,1,1,0.024661,0.953061
1170,val,packing,0,0,0.023993,0.115024
1170,val,price,1,1,0.029581,0.882722
1170,val,shipping,1,1,0.021281,0.968547
1170,val,smell,0,0,0.033243,0.0597
1170,val,stayingpower,0,0,0.055328,0.061047
1170,val,texture,0,0,0.044503,0.048198
1171,val,colour,0,0,0.053775,0.14672
1171,val,packing,1,1,0.050843,0.941307
1171,val,price,0,0,0.081175,0.08418
1171,val,shipping,2,2,0.976444,0.017349
1171,val,smell,0,0,0.056266,0.099832
1171,val,stayingpower,0,0,0.055543,0.086045
1171,val,texture,0,0,0.047058,0.132571
1172,val,colour,1,1,0.00888,0.984518
1172,val,packing,0,0,0.01547,0.057324
1172,val,price,0,0,0.036043,0.06603
1172,val,shipping,0,0,0.039742,0.070094
1172,val,smell,0,0,0.024228,0.061211
1172,val,stayingpower,0,0,0.037015,0.053164
1172,val,texture,0,0,0.039447,0.074891
1173,val,colour,0,0,0.352194,0.164417
1173,val,packing,1,1,0.254457,0.701673
1173,val,price,0,0,0.141355,0.138836
1173,val,shipping,0,0,0.057956,0.200416
1173,val,smell,0,0,0.135864,0.092829
1173,val,stayingpower,0,0,0.255412,0.113995
1173,val,texture,2,2,0.979638,0.016901
1174,val,colour,0,0,0.041396,0.038098
1174,val,packing,0,0,0.053763,0.135852
1174,val,price,1,1,0.029298,0.907032
1174,val,shipping,1,1,0.01492,0.968144
1174,val,smell,0,0,0.027583,0.0285
1174,val,stayingpower,0,0,0.051432,0.041825
1174,val,texture,0,0,0.030655,0.041315
1175,val,colour,1,1,0.043803,0.930789
1175,val,packing,1,1,0.016239,0.960617
1175,val,price,0,0,0.034815,0.05434
1175,val,shipping,1,1,0.010415,0.977559
1175,val,smell,0,0,0.037848,0.062132
1175,val,stayingpower,0,0,0.057347,0.068531
1175,val,texture,0,0,0.049592,0.084358
1176,val,colour,2,2,0.967616,0.021402
1176,val,packing,0,0,0.218598,0.093121
1176,val,price,0,0,0.068058,0.08755
1176,val,shipping,2,2,0.980684,0.012584
1176,val,smell,0,0,0.130519,0.049054
1176,val,stayingpower,0,0,0.218533,0.080533
1176,val,texture,0,2,0.612615,0.071613
1177,val,colour,0,0,0.040003,0.135828
1177,val,packing,1,1,0.020258,0.969101
1177,val,price,0,0,0.049239,0.05908
1177,val,shipping,0,0,0.045265,0.128297
1177,val,smell,0,0,0.036651,0.048815
1177,val,stayingpower,0,0,0.034622,0.040523
1177,val,texture,0,0,0.034297,0.065909
1178,val,colour,0,0,0.041426,0.129441
1178,val,packing,1,1,0.075856,0.892494
1178,val,price,1,1,0.037927,0.941909
1178,val,shipping,2,2,0.958524,0.031099
1178,val,smell,0,0,0.066189,0.114859
1178,val,stayingpower,0,0,0.053746,0.068622
1178,val,texture,0,0,0.038534,0.105562
1179,val,colour,0,0,0.03303,0.259782
1179,val,packing,1,1,0.058382,0.915921
1179,val,price,1,1,0.070367,0.854486
1179,val,shipping,0,0,0.072228,0.200023
1179,val,smell,1,1,0.028285,0.946263
1179,val,stayingpower,0,0,0.035764,0.099995
1179,val,texture,1,1,0.030341,0.901736
1180,val,colour,0,0,0.036904,0.090935
1180,val,packing,0,0,0.151473,0.186941
1180,val,price,0,0,0.052163,0.06928
1180,val,shipping,2,2,0.992548,0.004289
1180,val,smell,0,0,0.048961,0.141638
1180,val,stayingpower,0,0,0.051662,0.222444
1180,val,texture,1,1,0.045705,0.876753
1181,val,colour,0,0,0.028225,0.037147
1181,val,packing,0,0,0.026435,0.028807
1181,val,price,0,0,0.03122,0.03987
1181,val,shipping,0,0,0.032628,0.04304
1181,val,smell,0,0,0.032529,0.036339
1181,val,stayingpower,0,0,0.027967,0.034549
1181,val,texture,0,0,0.028958,0.040853
1182,val,colour,1,1,0.027356,0.957289
1182,val,packing,0,0,0.036561,0.074545
1182,val,price,0,0,0.072791,0.171263
1182,val,shipping,0,0,0.077628,0.09801
1182,val,smell,0,0,0.04269,0.186547
1182,val,stayingpower,2,2,0.981752,0.015465
1182,val,texture,1,1,0.159288,0.764296
1183,val,colour,1,1,0.01844,0.972323
1183,val,packing,0,0,0.034846,0.095208
1183,val,price,0,0,0.039247,0.093728
1183,val,shipping,3,1,0.047819,0.914637
1183,val,smell,1,0,0.0315,0.14696
1183,val,stayingpower,0,0,0.075647,0.197104
1183,val,texture,1,1,0.02772,0.935383
1184,val,colour,0,0,0.017752,0.080982
1184,val,packing,1,1,0.088027,0.772913
1184,val,price,0,0,0.06094,0.099045
1184,val,shipping,0,0,0.056031,0.225654
1184,val,smell,0,0,0.034323,0.115898
1184,val,stayingpower,0,0,0.042743,0.237613
1184,val,texture,1,1,0.009391,0.980592
1185,val,colour,0,0,0.025382,0.243477
1185,val,packing,0,0,0.102216,0.143042
1185,val,price,1,0,0.050682,0.066831
1185,val,shipping,2,2,0.98748,0.004714
1185,val,smell,0,0,0.035357,0.105477
1185,val,stayingpower,1,1,0.121367,0.786608
1185,val,texture,1,1,0.041752,0.873305
1186,val,colour,1,1,0.057776,0.91564
1186,val,packing,0,0,0.061052,0.20794
1186,val,price,0,0,0.108957,0.320325
1186,val,shipping,1,1,0.106917,0.765778
1186,val,smell,1,1,0.108041,0.828852
1186,val,stayingpower,2,2,0.977455,0.018535
1186,val,texture,0,1,0.16828,0.519369
1187,val,colour,1,1,0.023237,0.93882
1187,val,packing,1,1,0.008396,0.985208
1187,val,price,0,0,0.046791,0.081038
1187,val,shipping,1,1,0.088231,0.742163
1187,val,smell,0,0,0.035829,0.066754
1187,val,stayingpower,0,0,0.03862,0.04407
1187,val,texture,0,0,0.032532,0.048458
1188,val,colour,1,1,0.010018,0.956629
1188,val,packing,0,0,0.032329,0.04908
1188,val,price,0,0,0.05936,0.121675
1188,val,shipping,0,0,0.045897,0.050131
1188,val,smell,0,0,0.033634,0.13727
1188,val,stayingpower,3,1,0.062661,0.918139
1188,val,texture,3,1,0.035196,0.889243
1189,val,colour,2,2,0.927807,0.067232
1189,val,packing,0,0,0.072002,0.10824
1189,val,price,0,0,0.047971,0.077691
1189,val,shipping,0,0,0.020209,0.042034
1189,val,smell,0,0,0.060235,0.149974
1189,val,stayingpower,1,0,0.152578,0.125485
1189,val,texture,1,1,0.269638,0.650224
1190,val,colour,1,1,0.03218,0.945702
1190,val,packing,0,0,0.046681,0.114867
1190,val,price,0,0,0.095596,0.231165
1190,val,shipping,0,0,0.100276,0.089963
1190,val,smell,1,1,0.097658,0.825864
1190,val,stayingpower,2,2,0.973219,0.022984
1190,val,texture,0,1,0.193226,0.517734
1191,val,colour,0,0,0.042371,0.077881
1191,val,packing,0,0,0.032096,0.065114
1191,val,price,0,0,0.030348,0.062507
1191,val,shipping,1,1,0.011688,0.97529
1191,val,smell,0,0,0.026914,0.040829
1191,val,stayingpower,0,0,0.045832,0.050037
1191,val,texture,0,0,0.032544,0.045603
1192,val,colour,1,1,0.037787,0.947408
1192,val,packing,0,0,0.081744,0.102415
1192,val,price,1,1,0.083854,0.82466
1192,val,shipping,2,2,0.973355,0.011431
1192,val,smell,0,0,0.127765,0.088836
1192,val,stayingpower,2,2,0.884555,0.052843
1192,val,texture,2,2,0.932871,0.039678
1193,val,colour,0,0,0.058428,0.124
1193,val,packing,1,1,0.011883,0.985044
1193,val,price,0,0,0.054159,0.08106
1193,val,shipping,1,1,0.02363,0.958492
1193,val,smell,0,0,0.04893,0.055318
1193,val,stayingpower,0,0,0.047265,0.048324
1193,val,texture,0,0,0.035446,0.053388
1194,val,colour,0,0,0.041802,0.089111
1194,val,packing,0,0,0.033222,0.080047
1194,val,price,0,0,0.033506,0.078248
1194,val,shipping,1,1,0.01046,0.977677
1194,val,smell,0,0,0.02715,0.041213
1194,val,stayingpower,0,0,0.042005,0.047222
1194,val,texture,0,0,0.028853,0.036684
1195,val,colour,0,0,0.028524,0.17048
1195,val,packing,0,0,0.032822,0.032834
1195,val,price,0,0,0.037675,0.070545
1195,val,shipping,0,0,0.035105,0.038972
1195,val,smell,0,0,0.029383,0.08122
1195,val,stayingpower,0,0,0.022729,0.098264
1195,val,texture,1,1,0.025389,0.9345
1196,val,colour,1,1,0.029739,0.947859
1196,val,packing,0,0,0.035276,0.173095
1196,val,price,0,0,0.040427,0.061009
1196,val,shipping,1,1,0.051044,0.880225
1196,val,smell,1,1,0.027411,0.943917
1196,val,stayingpower,0,0,0.038965,0.071478
1196,val,texture,0,0,0.029991,0.067344
1197,val,colour,0,0,0.030818,0.085064
1197,val,packing,1,1,0.021586,0.967036
1197,val,price,0,0,0.049822,0.052475
1197,val,shipping,0,0,0.050325,0.105454
1197,val,smell,0,0,0.045892,0.066106
1197,val,stayingpower,0,0,0.034963,0.046094
1197,val,texture,0,0,0.031831,0.071828
1198,val,colour,3,2,0.684672,0.271179
1198,val,packing,0,0,0.080626,0.055596
1198,val,price,0,0,0.041235,0.044345
1198,val,shipping,2,2,0.99184,0.003704
1198,val,smell,0,0,0.06854,0.049891
1198,val,stayingpower,0,0,0.125746,0.082083
1198,val,texture,0,2,0.472809,0.074873
1199,val,colour,0,0,0.055568,0.133077
1199,val,packing,1,1,0.013129,0.981779
1199,val,price,0,0,0.050009,0.079305
1199,val,shipping,1,1,0.01117,0.977217
1199,val,smell,0,0,0.046714,0.050628
1199,val,stayingpower,0,0,0.047876,0.056125
1199,val,texture,0,0,0.042064,0.070302
1200,val,colour,1,1,0.031766,0.953806
1200,val,packing,0,0,0.027772,0.139769
1200,val,price,0,0,0.032847,0.071821
1200,val,shipping,1,1,0.010624,0.9804
1200,val,smell,0,0,0.030408,0.064548
1200,val,stayingpower,0,0,0.058021,0.082673
1200,val,texture,0,0,0.05892,0.106689
1201,val,colour,1,1,0.047588,0.642771
1201,val,packing,0,0,0.026571,0.08751
1201,val,price,0,0,0.028937,0.070223
1201,val,shipping,1,1,0.009878,0.984729
1201,val,smell,0,0,0.03099,0.102386
1201,val,stayingpower,0,0,0.039181,0.050436
1201,val,texture,0,0,0.044096,0.084848
1202,val,colour,0,0,0.044711,0.033464
1202,val,packing,0,0,0.038751,0.035461
1202,val,price,0,0,0.022894,0.020491
1202,val,shipping,0,0,0.035326,0.04861
1202,val,smell,0,0,0.032644,0.028259
1202,val,stayingpower,0,0,0.035924,0.045561
1202,val,texture,0,0,0.037479,0.042451
1203,val,colour,1,1,0.015772,0.936729
1203,val,packing,0,0,0.061989,0.068506
1203,val,price,0,0,0.076674,0.104608
1203,val,shipping,0,0,0.053725,0.067994
1203,val,smell,1,1,0.03209,0.92695
1203,val,stayingpower,1,1,0.081067,0.892586
1203,val,texture,1,1,0.013739,0.967975
1204,val,colour,0,0,0.258782,0.234352
1204,val,packing,0,0,0.113535,0.046145
1204,val,price,0,0,0.060151,0.069612
1204,val,shipping,0,0,0.036351,0.038617
1204,val,smell,0,0,0.050226,0.036892
1204,val,stayingpower,0,0,0.071329,0.076351
1204,val,texture,2,2,0.9685,0.01564
1205,val,colour,1,1,0.005729,0.990682
1205,val,packing,0,0,0.014154,0.052527
1205,val,price,0,0,0.04099,0.081076
1205,val,shipping,0,0,0.056796,0.081343
1205,val,smell,0,0,0.02216,0.066688
1205,val,stayingpower,0,0,0.039193,0.064663
1205,val,texture,0,0,0.05147,0.130969
1206,val,colour,0,0,0.051535,0.147996
1206,val,packing,0,0,0.052337,0.044783
1206,val,price,0,0,0.047676,0.049635
1206,val,shipping,0,0,0.040066,0.05627
1206,val,smell,1,1,0.044722,0.943282
1206,val,stayingpower,0,0,0.021264,0.080201
1206,val,texture,0,0,0.034335,0.198061
1207,val,colour,0,0,0.032066,0.056315
1207,val,packing,0,1,0.068439,0.546268
1207,val,price,0,0,0.03412,0.072801
1207,val,shipping,1,1,0.008594,0.983827
1207,val,smell,0,0,0.029465,0.035752
1207,val,stayingpower,0,0,0.03809,0.038352
1207,val,texture,0,0,0.030199,0.034423
1208,val,colour,0,0,0.035736,0.045793
1208,val,packing,0,0,0.026405,0.027507
1208,val,price,0,0,0.031989,0.048623
1208,val,shipping,0,0,0.030798,0.038134
1208,val,smell,0,0,0.033166,0.033597
1208,val,stayingpower,0,0,0.03027,0.033079
1208,val,texture,0,0,0.026751,0.030753
1209,val,colour,0,0,0.030596,0.17348
1209,val,packing,1,1,0.019378,0.968479
1209,val,price,0,0,0.053921,0.089737
1209,val,shipping,0,0,0.030014,0.083125
1209,val,smell,0,0,0.031577,0.045305
1209,val,stayingpower,0,0,0.030153,0.060495
1209,val,texture,0,0,0.052419,0.143494
1210,val,colour,1,1,0.00974,0.98367
1210,val,packing,1,1,0.016644,0.934585
1210,val,price,0,0,0.04901,0.114273
1210,val,shipping,3,1,0.157239,0.822507
1210,val,smell,0,0,0.031972,0.060134
1210,val,stayingpower,0,0,0.059605,0.096081
1210,val,texture,0,0,0.043879,0.074301
1211,val,colour,0,0,0.051664,0.078737
1211,val,packing,1,1,0.019701,0.969356
1211,val,price,0,0,0.04403,0.052345
1211,val,shipping,1,1,0.011026,0.979702
1211,val,smell,0,0,0.041722,0.040884
1211,val,stayingpower,0,0,0.050088,0.050822
1211,val,texture,0,0,0.040767,0.074097
1212,val,colour,1,1,0.013196,0.974304
1212,val,packing,0,0,0.019041,0.084586
1212,val,price,0,0,0.042308,0.154338
1212,val,shipping,1,1,0.014454,0.968682
1212,val,smell,0,0,0.030798,0.077508
1212,val,stayingpower,0,0,0.048031,0.068231
1212,val,texture,0,0,0.042334,0.067946
1213,val,colour,1,1,0.0065,0.981242
1213,val,packing,0,0,0.034965,0.086104
1213,val,price,0,0,0.037666,0.052292
1213,val,shipping,0,0,0.05781,0.185085
1213,val,smell,0,0,0.025624,0.082154
1213,val,stayingpower,1,1,0.109366,0.846795
1213,val,texture,0,0,0.06468,0.394916
1214,val,colour,0,0,0.094629,0.119467
1214,val,packing,0,0,0.027925,0.030302
1214,val,price,1,1,0.015813,0.974401
1214,val,shipping,0,0,0.033001,0.045429
1214,val,smell,0,0,0.029365,0.040042
1214,val,stayingpower,0,0,0.039013,0.034843
1214,val,texture,0,0,0.059934,0.072597
1215,val,colour,1,0,0.049536,0.446649
1215,val,packing,0,0,0.087193,0.098103
1215,val,price,0,0,0.076891,0.085544
1215,val,shipping,0,0,0.046959,0.05882
1215,val,smell,1,1,0.018922,0.969839
1215,val,stayingpower,0,0,0.036382,0.202087
1215,val,texture,1,1,0.011842,0.972952
1216,val,colour,0,0,0.117774,0.298809
1216,val,packing,0,0,0.124656,0.087396
1216,val,price,0,0,0.084812,0.093832
1216,val,shipping,0,0,0.08986,0.110597
1216,val,smell,1,1,0.095515,0.80684
1216,val,stayingpower,2,2,0.969571,0.027107
1216,val,texture,1,1,0.330176,0.642442
1217,val,colour,1,1,0.030298,0.935571
1217,val,packing,1,1,0.033762,0.923595
1217,val,price,0,0,0.059713,0.08106
1217,val,shipping,0,0,0.049785,0.175543
1217,val,smell,1,1,0.032383,0.949047
1217,val,stayingpower,0,0,0.035242,0.067019
1217,val,texture,0,0,0.036631,0.166464
1218,val,colour,0,0,0.031692,0.031798
1218,val,packing,0,0,0.031538,0.030307
1218,val,price,0,0,0.023702,0.023457
1218,val,shipping,0,0,0.052932,0.084659
1218,val,smell,0,0,0.030438,0.030292
1218,val,stayingpower,0,0,0.033375,0.037566
1218,val,texture,0,0,0.03538,0.036202
1219,val,colour,3,1,0.25159,0.412309
1219,val,packing,0,0,0.042629,0.04393
1219,val,price,0,0,0.02737,0.034234
1219,val,shipping,2,2,0.966327,0.013288
1219,val,smell,0,0,0.021924,0.015665
1219,val,stayingpower,0,0,0.032802,0.044308
1219,val,texture,0,0,0.046606,0.02626
1220,val,colour,1,1,0.030455,0.919049
1220,val,packing,0,0,0.042799,0.061773
1220,val,price,0,0,0.060201,0.068121
1220,val,shipping,0,0,0.047758,0.059632
1220,val,smell,1,1,0.01584,0.970292
1220,val,stayingpower,0,0,0.037534,0.157888
1220,val,texture,1,1,0.015232,0.947193
1221,val,colour,2,2,0.979395,0.01273
1221,val,packing,0,0,0.110287,0.090474
1221,val,price,0,0,0.063268,0.074159
1221,val,shipping,0,0,0.043082,0.071777
1221,val,smell,0,0,0.095706,0.089788
1221,val,stayingpower,3,2,0.73409,0.223137
1221,val,texture,3,1,0.239536,0.494661
1222,val,colour,1,1,0.023948,0.962311
1222,val,packing,0,0,0.023067,0.1272
1222,val,price,0,0,0.03413,0.086505
1222,val,shipping,1,1,0.014178,0.972958
1222,val,smell,0,0,0.029594,0.066747
1222,val,stayingpower,0,0,0.050089,0.06272
1222,val,texture,0,0,0.043481,0.059689
1223,val,colour,1,1,0.02152,0.974997
1223,val,packing,0,0,0.015107,0.028642
1223,val,price,0,0,0.044433,0.081907
1223,val,shipping,0,0,0.048326,0.035256
1223,val,smell,0,0,0.029422,0.045985
1223,val,stayingpower,0,0,0.093754,0.090514
1223,val,texture,0,0,0.27098,0.087029
1224,val,colour,0,0,0.075765,0.245291
1224,val,packing,0,0,0.047906,0.080668
1224,val,price,0,0,0.050753,0.07374
1224,val,shipping,1,1,0.020981,0.952416
1224,val,smell,1,1,0.02569,0.954711
1224,val,stayingpower,0,0,0.04515,0.113063
1224,val,texture,0,0,0.044324,0.213833
1225,val,colour,3,1,0.034873,0.849354
1225,val,packing,0,0,0.033788,0.020604
1225,val,price,0,1,0.098599,0.457939
1225,val,shipping,0,0,0.087278,0.048999
1225,val,smell,0,0,0.058714,0.042712
1225,val,stayingpower,1,1,0.220593,0.557399
1225,val,texture,2,2,0.960195,0.024933
1226,val,colour,0,0,0.0346,0.104758
1226,val,packing,0,0,0.057484,0.050934
1226,val,price,1,1,0.023708,0.958749
1226,val,shipping,0,0,0.037447,0.045332
1226,val,smell,0,0,0.037372,0.085209
1226,val,stayingpower,0,0,0.061839,0.166836
1226,val,texture,1,1,0.033326,0.931675
1227,val,colour,1,1,0.00685,0.984222
1227,val,packing,0,0,0.025174,0.047079
1227,val,price,0,0,0.053013,0.055797
1227,val,shipping,0,0,0.053722,0.046999
1227,val,smell,1,1,0.02077,0.932604
1227,val,stayingpower,0,0,0.046805,0.143711
1227,val,texture,1,1,0.083312,0.783209
1228,val,colour,0,0,0.044781,0.283445
1228,val,packing,0,0,0.031596,0.076613
1228,val,price,0,0,0.019435,0.018169
1228,val,shipping,0,0,0.019572,0.029268
1228,val,smell,0,0,0.019872,0.029563
1228,val,stayingpower,0,0,0.018005,0.038202
1228,val,texture,0,0,0.067564,0.1703
1229,val,colour,1,1,0.006097,0.98859
1229,val,packing,0,0,0.016255,0.080989
1229,val,price,0,0,0.042874,0.110355
1229,val,shipping,0,0,0.056749,0.198748
1229,val,smell,0,0,0.019812,0.042694
1229,val,stayingpower,0,0,0.032908,0.051399
1229,val,texture,0,0,0.034017,0.056044
1230,val,colour,1,1,0.006599,0.98873
1230,val,packing,0,0,0.032356,0.37725
1230,val,price,0,0,0.038146,0.075452
1230,val,shipping,0,0,0.03847,0.122682
1230,val,smell,0,0,0.024183,0.057799
1230,val,stayingpower,0,0,0.032858,0.053882
1230,val,texture,0,0,0.037704,0.068518
1231,val,colour,0,0,0.115156,0.036158
1231,val,packing,0,0,0.045063,0.023612
1231,val,price,0,0,0.025727,0.025093
1231,val,shipping,0,0,0.048041,0.043266
1231,val,smell,0,0,0.03149,0.023296
1231,val,stayingpower,0,0,0.030637,0.034266
1231,val,texture,0,0,0.043992,0.026213
1232,val,colour,0,0,0.04816,0.209738
1232,val,packing,0,0,0.06927,0.070657
1232,val,price,0,0,0.056699,0.064166
1232,val,shipping,0,0,0.039402,0.057879
1232,val,smell,1,1,0.021939,0.968672
1232,val,stayingpower,0,0,0.0323,0.130557
1232,val,texture,1,1,0.016944,0.912299
1233,val,colour,0,0,0.084117,0.282119
1233,val,packing,1,1,0.033659,0.951282
1233,val,price,0,0,0.063925,0.07934
1233,val,shipping,1,1,0.035216,0.945405
1233,val,smell,1,1,0.033272,0.950251
1233,val,stayingpower,0,0,0.048538,0.088063
1233,val,texture,0,0,0.035153,0.127575
1234,val,colour,2,2,0.984609,0.009412
1234,val,packing,0,0,0.152021,0.140329
1234,val,price,0,0,0.052054,0.085688
1234,val,shipping,0,1,0.028815,0.922462
1234,val,smell,0,0,0.072884,0.111451
1234,val,stayingpower,0,0,0.158424,0.126681
1234,val,texture,0,1,0.257582,0.448827
1235,val,colour,0,0,0.058552,0.054499
1235,val,packing,0,0,0.055997,0.138309
1235,val,price,1,1,0.01446,0.971798
1235,val,shipping,1,1,0.037805,0.930273
1235,val,smell,0,0,0.03463,0.042624
1235,val,stayingpower,0,0,0.051423,0.038359
1235,val,texture,0,0,0.030036,0.041721
1236,val,colour,1,1,0.041581,0.934503
1236,val,packing,1,1,0.122849,0.830176
1236,val,price,1,1,0.082977,0.822658
1236,val,shipping,1,1,0.345914,0.503238
1236,val,smell,0,0,0.177717,0.159181
1236,val,stayingpower,1,2,0.471837,0.227998
1236,val,texture,2,2,0.966212,0.025191
1237,val,colour,0,0,0.028591,0.065678
1237,val,packing,0,0,0.020016,0.024697
1237,val,price,0,0,0.030882,0.045965
1237,val,shipping,0,0,0.023829,0.034753
1237,val,smell,0,0,0.035465,0.0504
1237,val,stayingpower,0,0,0.026992,0.036017
1237,val,texture,0,0,0.026497,0.055383
1238,val,colour,1,1,0.005872,0.986474
1238,val,packing,0,0,0.04454,0.181551
1238,val,price,0,0,0.038083,0.072996
1238,val,shipping,0,1,0.04652,0.83821
1238,val,smell,0,0,0.022678,0.093366
1238,val,stayingpower,1,1,0.128387,0.823071
1238,val,texture,1,1,0.060152,0.725186
1239,val,colour,1,1,0.025062,0.938728
1239,val,packing,0,0,0.025361,0.049821
1239,val,price,0,0,0.044566,0.051147
1239,val,shipping,0,0,0.041896,0.061054
1239,val,smell,1,1,0.021952,0.960807
1239,val,stayingpower,0,0,0.030745,0.071563
1239,val,texture,0,0,0.039164,0.219434
1240,val,colour,1,1,0.010592,0.979414
1240,val,packing,0,0,0.016324,0.070063
1240,val,price,0,0,0.041118,0.096725
1240,val,shipping,0,0,0.033364,0.0616
1240,val,smell,0,0,0.023504,0.05711
1240,val,stayingpower,0,0,0.027931,0.032808
1240,val,texture,0,0,0.036149,0.056702
1241,val,colour,0,0,0.070372,0.099733
1241,val,packing,0,0,0.073336,0.077977
1241,val,price,0,0,0.049204,0.090584
1241,val,shipping,2,2,0.99481,0.003069
1241,val,smell,0,0,0.044165,0.057599
1241,val,stayingpower,0,0,0.043694,0.063501
1241,val,texture,0,0,0.038964,0.068226
1242,val,colour,1,1,0.011184,0.98289
1242,val,packing,0,0,0.014285,0.046889
1242,val,price,0,0,0.038893,0.073357
1242,val,shipping,0,0,0.055384,0.071074
1242,val,smell,0,0,0.024016,0.05307
1242,val,stayingpower,0,0,0.050309,0.062128
1242,val,texture,0,0,0.033832,0.049022
1243,val,colour,0,0,0.067692,0.115018
1243,val,packing,0,0,0.063946,0.074408
1243,val,price,0,0,0.039609,0.063298
1243,val,shipping,2,2,0.992474,0.005107
1243,val,smell,0,0,0.045425,0.072231
1243,val,stayingpower,0,0,0.034823,0.054511
1243,val,texture,0,0,0.0345,0.056857
1244,val,colour,1,1,0.01318,0.964965
1244,val,packing,0,0,0.036729,0.131527
1244,val,price,0,0,0.044618,0.1137
1244,val,shipping,1,1,0.01939,0.945335
1244,val,smell,0,0,0.030302,0.089669
1244,val,stayingpower,1,1,0.081516,0.836187
1244,val,texture,0,0,0.055993,0.376885
1245,val,colour,0,1,0.123573,0.464944
1245,val,packing,0,0,0.14547,0.147155
1245,val,price,0,0,0.062591,0.064887
1245,val,shipping,1,2,0.587597,0.358537
1245,val,smell,3,2,0.60445,0.376288
1245,val,stayingpower,0,0,0.282262,0.164134
1245,val,texture,0,2,0.836858,0.048372
1246,val,colour,1,1,0.084254,0.894654
1246,val,packing,0,0,0.132275,0.205439
1246,val,price,1,1,0.056588,0.906255
1246,val,shipping,0,0,0.213505,0.105864
1246,val,smell,0,0,0.122115,0.086999
1246,val,stayingpower,0,0,0.178026,0.099831
1246,val,texture,2,2,0.98451,0.008043
1247,val,colour,0,0,0.04804,0.075647
1247,val,packing,0,0,0.037704,0.085956
1247,val,price,1,1,0.019933,0.948629
1247,val,shipping,1,1,0.019001,0.9606
1247,val,smell,0,0,0.031365,0.047498
1247,val,stayingpower,0,0,0.043056,0.034974
1247,val,texture,0,0,0.031064,0.0503
1248,val,colour,1,1,0.01309,0.975714
1248,val,packing,0,0,0.020944,0.105372
1248,val,price,0,0,0.032791,0.074759
1248,val,shipping,3,1,0.031197,0.909963
1248,val,smell,0,0,0.024129,0.053635
1248,val,stayingpower,0,0,0.031503,0.055638
1248,val,texture,0,0,0.034276,0.048853
1249,val,colour,0,0,0.043814,0.070792
1249,val,packing,0,0,0.036793,0.073227
1249,val,price,0,0,0.030387,0.064025
1249,val,shipping,1,1,0.013329,0.976426
1249,val,smell,0,0,0.026303,0.03868
1249,val,stayingpower,0,0,0.04756,0.049781
1249,val,texture,0,0,0.034339,0.046289
1250,val,colour,0,0,0.041463,0.042055
1250,val,packing,0,0,0.125736,0.154802
1250,val,price,1,1,0.034687,0.925395
1250,val,shipping,2,2,0.932472,0.063399
1250,val,smell,0,0,0.05022,0.07043
1250,val,stayingpower,0,0,0.057841,0.058146
1250,val,texture,0,0,0.027841,0.058137
1251,val,colour,1,1,0.076706,0.898948
1251,val,packing,0,0,0.052751,0.15703
1251,val,price,1,1,0.072081,0.772305
1251,val,shipping,1,1,0.116992,0.61459
1251,val,smell,0,0,0.044179,0.084705
1251,val,stayingpower,2,2,0.989542,0.007649
1251,val,texture,0,1,0.243844,0.427449
1252,val,colour,1,1,0.093906,0.792528
1252,val,packing,0,0,0.082679,0.088334
1252,val,price,1,1,0.087129,0.711605
1252,val,shipping,0,0,0.064085,0.08227
1252,val,smell,2,2,0.986575,0.011206
1252,val,stayingpower,0,0,0.170352,0.251801
1252,val,texture,1,1,0.214685,0.556599
1253,val,colour,0,1,0.194715,0.534273
1253,val,packing,1,1,0.172706,0.724764
1253,val,price,0,0,0.116586,0.187103
1253,val,shipping,1,1,0.116934,0.788878
1253,val,smell,1,1,0.307046,0.649391
1253,val,stayingpower,2,2,0.983188,0.012159
1253,val,texture,0,2,0.581983,0.261274
1254,val,colour,0,0,0.03942,0.071767
1254,val,packing,0,0,0.029873,0.061234
1254,val,price,0,0,0.032591,0.071931
1254,val,shipping,1,1,0.011849,0.971189
1254,val,smell,0,0,0.028086,0.04294
1254,val,stayingpower,0,0,0.043702,0.047925
1254,val,texture,0,0,0.030907,0.038784
1255,val,colour,3,1,0.267336,0.674025
1255,val,packing,0,0,0.051497,0.054597
1255,val,price,0,0,0.053184,0.057311
1255,val,shipping,0,0,0.050203,0.076739
1255,val,smell,1,1,0.026462,0.95024
1255,val,stayingpower,0,0,0.061565,0.191475
1255,val,texture,1,1,0.009895,0.974211
1256,val,colour,0,0,0.07131,0.343691
1256,val,packing,1,1,0.034237,0.95682
1256,val,price,0,0,0.053711,0.04469
1256,val,shipping,1,1,0.014103,0.956025
1256,val,smell,0,0,0.057121,0.104182
1256,val,stayingpower,1,1,0.095083,0.848472
1256,val,texture,0,1,0.094393,0.527959
1257,val,colour,0,0,0.054174,0.165729
1257,val,packing,0,0,0.041142,0.034841
1257,val,price,0,0,0.037647,0.030356
1257,val,shipping,0,0,0.047217,0.061715
1257,val,smell,1,1,0.046467,0.935215
1257,val,stayingpower,0,0,0.025863,0.079792
1257,val,texture,0,0,0.032828,0.133785
1258,val,colour,0,0,0.034986,0.077188
1258,val,packing,0,0,0.023578,0.031299
1258,val,price,0,0,0.031538,0.042272
1258,val,shipping,0,0,0.020051,0.025025
1258,val,smell,0,0,0.029636,0.037467
1258,val,stayingpower,0,0,0.024606,0.036801
1258,val,texture,0,0,0.031144,0.055603
1259,val,colour,1,1,0.024066,0.948105
1259,val,packing,0,0,0.043098,0.044579
1259,val,price,1,1,0.041512,0.924647
1259,val,shipping,0,0,0.068333,0.083681
1259,val,smell,1,1,0.032275,0.944974
1259,val,stayingpower,0,0,0.153518,0.399743
1259,val,texture,1,1,0.022015,0.964022
1260,val,colour,0,0,0.028801,0.049913
1260,val,packing,0,0,0.023297,0.030414
1260,val,price,0,0,0.027979,0.03256
1260,val,shipping,0,0,0.035595,0.043664
1260,val,smell,0,0,0.031657,0.037499
1260,val,stayingpower,0,0,0.027498,0.034894
1260,val,texture,0,0,0.026284,0.043452
1261,val,colour,0,0,0.045413,0.032369
1261,val,packing,0,0,0.063184,0.040626
1261,val,price,1,1,0.026065,0.957103
1261,val,shipping,0,0,0.337563,0.063955
1261,val,smell,0,0,0.031929,0.036203
1261,val,stayingpower,0,0,0.031884,0.036748
1261,val,texture,0,0,0.041869,0.031238
1262,val,colour,0,0,0.020309,0.063528
1262,val,packing,0,0,0.057302,0.043225
1262,val,price,1,1,0.041928,0.924201
1262,val,shipping,0,0,0.05285,0.09606
1262,val,smell,0,0,0.042667,0.107751
1262,val,stayingpower,1,1,0.117496,0.761028
1262,val,texture,1,1,0.022024,0.934261
1263,val,colour,3,1,0.135281,0.838858
1263,val,packing,0,0,0.120633,0.329101
1263,val,price,1,1,0.08471,0.802547
1263,val,shipping,1,1,0.204344,0.676033
1263,val,smell,0,0,0.064216,0.116081
1263,val,stayingpower,2,2,0.991597,0.00644
1263,val,texture,3,2,0.627435,0.313542
1264,val,colour,1,1,0.023368,0.944606
1264,val,packing,0,1,0.130031,0.624175
1264,val,price,0,0,0.059106,0.089324
1264,val,shipping,0,0,0.057733,0.121992
1264,val,smell,0,0,0.049396,0.072835
1264,val,stayingpower,0,0,0.195312,0.234311
1264,val,texture,1,2,0.936265,0.056288
1265,val,colour,0,0,0.054494,0.026239
1265,val,packing,0,0,0.039939,0.027624
1265,val,price,1,1,0.030749,0.937025
1265,val,shipping,0,0,0.064938,0.063611
1265,val,smell,0,0,0.037995,0.040253
1265,val,stayingpower,0,0,0.031541,0.028726
1265,val,texture,0,0,0.032975,0.031901
1266,val,colour,0,0,0.054443,0.076471
1266,val,packing,0,0,0.04017,0.089765
1266,val,price,0,0,0.0329,0.072883
1266,val,shipping,1,1,0.01307,0.977934
1266,val,smell,0,0,0.026132,0.03419
1266,val,stayingpower,0,0,0.043154,0.040679
1266,val,texture,0,0,0.028202,0.036818
1267,val,colour,0,0,0.044522,0.178986
1267,val,packing,0,0,0.057847,0.056092
1267,val,price,1,1,0.021507,0.964093
1267,val,shipping,0,0,0.04971,0.060403
1267,val,smell,0,0,0.037511,0.112555
1267,val,stayingpower,0,0,0.054998,0.137306
1267,val,texture,1,1,0.031258,0.946387
1268,val,colour,1,1,0.029464,0.941672
1268,val,packing,0,0,0.041032,0.054883
1268,val,price,0,0,0.058037,0.070671
1268,val,shipping,0,0,0.048704,0.057503
1268,val,smell,1,1,0.023356,0.934612
1268,val,stayingpower,0,0,0.066016,0.216042
1268,val,texture,1,1,0.01319,0.975515
1269,val,colour,0,0,0.044654,0.04169
1269,val,packing,0,0,0.030019,0.025285
1269,val,price,0,0,0.026127,0.029193
1269,val,shipping,0,0,0.042537,0.042166
1269,val,smell,0,0,0.033165,0.033824
1269,val,stayingpower,0,0,0.034155,0.038223
1269,val,texture,0,0,0.026784,0.028241
1270,val,colour,0,0,0.037772,0.037895
1270,val,packing,0,0,0.029269,0.028182
1270,val,price,0,0,0.02946,0.035643
1270,val,shipping,0,0,0.030691,0.044986
1270,val,smell,0,0,0.03361,0.032606
1270,val,stayingpower,0,0,0.03216,0.039161
1270,val,texture,0,0,0.026752,0.03286
1271,val,colour,1,1,0.015082,0.980284
1271,val,packing,0,0,0.014156,0.037219
1271,val,price,0,0,0.036649,0.066643
1271,val,shipping,0,0,0.039421,0.049923
1271,val,smell,0,0,0.029851,0.081522
1271,val,stayingpower,0,0,0.050762,0.074268
1271,val,texture,0,0,0.038745,0.075447
1272,val,colour,1,1,0.006972,0.988055
1272,val,packing,0,0,0.013549,0.039668
1272,val,price,0,0,0.037595,0.066673
1272,val,shipping,0,0,0.035688,0.049782
1272,val,smell,0,0,0.024148,0.080809
1272,val,stayingpower,0,0,0.039241,0.075619
1272,val,texture,0,0,0.056405,0.218256
1273,val,colour,1,1,0.005921,0.98004
1273,val,packing,0,0,0.018021,0.052573
1273,val,price,0,0,0.043366,0.111189
1273,val,shipping,0,0,0.052858,0.080643
1273,val,smell,0,0,0.017506,0.074279
1273,val,stayingpower,0,0,0.041827,0.170565
1273,val,texture,1,1,0.026771,0.914774
1274,val,colour,0,0,0.059284,0.068503
1274,val,packing,0,0,0.08551,0.067348
1274,val,price,0,0,0.046361,0.075668
1274,val,shipping,2,2,0.993526,0.003377
1274,val,smell,0,0,0.041355,0.049006
1274,val,stayingpower,0,0,0.044052,0.061308
1274,val,texture,0,0,0.044439,0.065476
1275,val,colour,0,0,0.017089,0.086156
1275,val,packing,0,0,0.040638,0.051037
1275,val,price,0,0,0.03544,0.061192
1275,val,shipping,0,0,0.02926,0.032488
1275,val,smell,0,0,0.03081,0.082251
1275,val,stayingpower,0,0,0.019306,0.072632
1275,val,texture,1,1,0.034499,0.87357
1276,val,colour,1,1,0.022397,0.95494
1276,val,packing,0,0,0.028984,0.074056
1276,val,price,0,0,0.042342,0.05535
1276,val,shipping,0,0,0.064746,0.097864
1276,val,smell,1,1,0.028086,0.947896
1276,val,stayingpower,0,0,0.034542,0.065262
1276,val,texture,0,0,0.027769,0.088013
1277,val,colour,0,0,0.067068,0.079569
1277,val,packing,0,0,0.082406,0.085311
1277,val,price,0,0,0.043211,0.073556
1277,val,shipping,3,2,0.990196,0.006509
1277,val,smell,0,0,0.036923,0.04253
1277,val,stayingpower,0,0,0.033595,0.055007
1277,val,texture,0,0,0.033809,0.048311
1278,val,colour,0,0,0.058476,0.128157
1278,val,packing,0,0,0.049053,0.089501
1278,val,price,0,0,0.045436,0.063425
1278,val,shipping,1,1,0.031389,0.930655
1278,val,smell,1,1,0.029751,0.941778
1278,val,stayingpower,0,0,0.037974,0.063979
1278,val,texture,0,0,0.033207,0.130036
1279,val,colour,0,0,0.176662,0.014271
1279,val,packing,1,1,0.292403,0.702742
1279,val,price,0,0,0.085743,0.071826
1279,val,shipping,1,1,0.050113,0.862236
1279,val,smell,0,0,0.092496,0.068746
1279,val,stayingpower,0,0,0.08128,0.083749
1279,val,texture,0,0,0.38226,0.114773
1280,val,colour,0,0,0.05443,0.150963
1280,val,packing,1,1,0.096797,0.887642
1280,val,price,1,1,0.057697,0.904395
1280,val,shipping,2,2,0.962549,0.025967
1280,val,smell,0,0,0.060029,0.10376
1280,val,stayingpower,0,0,0.049983,0.066249
1280,val,texture,0,0,0.057543,0.118779
1281,val,colour,1,1,0.036912,0.950588
1281,val,packing,1,1,0.057099,0.826981
1281,val,price,0,0,0.072978,0.189728
1281,val,shipping,1,1,0.062425,0.827577
1281,val,smell,0,0,0.045776,0.104115
1281,val,stayingpower,2,2,0.950679,0.043565
1281,val,texture,0,0,0.232568,0.347367
1282,val,colour,1,1,0.201658,0.71505
1282,val,packing,0,0,0.067727,0.145875
1282,val,price,0,0,0.061118,0.087744
1282,val,shipping,1,1,0.028651,0.951544
1282,val,smell,1,1,0.02706,0.950885
1282,val,stayingpower,0,0,0.064938,0.105508
1282,val,texture,1,1,0.032803,0.900986
1283,val,colour,0,0,0.022737,0.045014
1283,val,packing,0,0,0.021169,0.025009
1283,val,price,0,0,0.03093,0.046309
1283,val,shipping,0,0,0.029425,0.041584
1283,val,smell,0,0,0.030427,0.037753
1283,val,stayingpower,0,0,0.028621,0.03866
1283,val,texture,0,0,0.031755,0.061483
1284,val,colour,0,0,0.080598,0.239243
1284,val,packing,0,0,0.095176,0.118923
1284,val,price,0,0,0.06206,0.041787
1284,val,shipping,2,2,0.982746,0.011726
1284,val,smell,1,1,0.043245,0.93947
1284,val,stayingpower,0,0,0.058878,0.243537
1284,val,texture,1,1,0.039825,0.488579
1285,val,colour,0,0,0.035871,0.18359
1285,val,packing,0,0,0.042777,0.054929
1285,val,price,0,0,0.036076,0.038555
1285,val,shipping,0,0,0.040847,0.056323
1285,val,smell,1,1,0.029444,0.947354
1285,val,stayingpower,0,0,0.017675,0.056274
1285,val,texture,0,0,0.032053,0.257951
1286,val,colour,2,2,0.98282,0.013487
1286,val,packing,0,0,0.068585,0.041812
1286,val,price,0,0,0.045714,0.074669
1286,val,shipping,0,0,0.038224,0.044089
1286,val,smell,0,0,0.06542,0.049546
1286,val,stayingpower,0,0,0.093777,0.102114
1286,val,texture,0,0,0.32263,0.197999
1287,val,colour,0,0,0.020183,0.145008
1287,val,packing,0,0,0.046886,0.050514
1287,val,price,0,0,0.045042,0.075342
1287,val,shipping,0,0,0.044565,0.144743
1287,val,smell,0,0,0.022036,0.060155
1287,val,stayingpower,1,1,0.068152,0.902404
1287,val,texture,0,0,0.04308,0.428323
1288,val,colour,1,1,0.08425,0.784248
1288,val,packing,0,0,0.060832,0.062131
1288,val,price,1,1,0.043013,0.927667
1288,val,shipping,0,0,0.17559,0.098759
1288,val,smell,1,1,0.11999,0.805705
1288,val,stayingpower,0,2,0.959154,0.034782
1288,val,texture,1,1,0.079128,0.884336
1289,val,colour,1,1,0.010586,0.970497
1289,val,packing,0,0,0.050997,0.062998
1289,val,price,0,0,0.072968,0.106467
1289,val,shipping,0,0,0.039598,0.06262
1289,val,smell,1,1,0.038228,0.893099
1289,val,stayingpower,1,1,0.105631,0.864482
1289,val,texture,1,1,0.018524,0.943706
1290,val,colour,1,1,0.047434,0.931755
1290,val,packing,0,0,0.048774,0.158488
1290,val,price,0,0,0.099951,0.25776
1290,val,shipping,1,1,0.082404,0.746973
1290,val,smell,1,1,0.058187,0.91955
1290,val,stayingpower,2,2,0.91396,0.070126
1290,val,texture,1,1,0.062012,0.830381
1291,val,colour,0,0,0.118063,0.401321
1291,val,packing,0,0,0.050362,0.058151
1291,val,price,0,0,0.068868,0.155432
1291,val,shipping,0,0,0.083722,0.090882
1291,val,smell,0,0,0.033008,0.062128
1291,val,stayingpower,2,2,0.982541,0.014967
1291,val,texture,0,1,0.189215,0.427611
1292,val,colour,3,2,0.68543,0.241729
1292,val,packing,0,0,0.269873,0.109164
1292,val,price,1,1,0.122141,0.801431
1292,val,shipping,2,2,0.974337,0.012106
1292,val,smell,0,0,0.363295,0.070858
1292,val,stayingpower,0,0,0.448026,0.080654
1292,val,texture,2,2,0.978929,0.008838
1293,val,colour,0,0,0.035423,0.029009
1293,val,packing,0,0,0.032219,0.023243
1293,val,price,0,0,0.03016,0.0322
1293,val,shipping,0,0,0.040777,0.03112
1293,val,smell,0,0,0.037597,0.036702
1293,val,stayingpower,0,0,0.03384,0.039625
1293,val,texture,0,0,0.036914,0.040273
1294,val,colour,1,1,0.017019,0.936216
1294,val,packing,0,0,0.037538,0.104824
1294,val,price,1,1,0.033834,0.931469
1294,val,shipping,2,2,0.983042,0.009865
1294,val,smell,0,0,0.041467,0.120813
1294,val,stayingpower,0,0,0.046047,0.080371
1294,val,texture,0,0,0.047536,0.100243
1295,val,colour,0,0,0.032911,0.219556
1295,val,packing,0,0,0.083753,0.131744
1295,val,price,0,0,0.037549,0.055179
1295,val,shipping,1,1,0.061317,0.878853
1295,val,smell,0,0,0.035224,0.187841
1295,val,stayingpower,1,1,0.066119,0.872799
1295,val,texture,1,1,0.008831,0.977739
1296,val,colour,1,1,0.008758,0.983827
1296,val,packing,0,0,0.015506,0.054259
1296,val,price,0,0,0.036527,0.067674
1296,val,shipping,0,0,0.045733,0.078477
1296,val,smell,0,0,0.022603,0.049125
1296,val,stayingpower,0,0,0.042646,0.060779
1296,val,texture,0,0,0.03687,0.052955
1297,val,colour,0,0,0.034716,0.338668
1297,val,packing,0,0,0.033626,0.042354
1297,val,price,0,0,0.037959,0.070606
1297,val,shipping,0,0,0.035626,0.040751
1297,val,smell,0,0,0.029044,0.100837
1297,val,stayingpower,0,0,0.025246,0.101799
1297,val,texture,1,1,0.017578,0.960077
1298,val,colour,0,0,0.118555,0.214648
1298,val,packing,0,0,0.064233,0.054157
1298,val,price,0,0,0.06517,0.120679
1298,val,shipping,0,0,0.076203,0.081805
1298,val,smell,0,0,0.036466,0.056561
1298,val,stayingpower,2,2,0.980699,0.014968
1298,val,texture,0,0,0.252319,0.245556
1299,val,colour,1,1,0.051052,0.896058
1299,val,packing,0,0,0.048931,0.062352
1299,val,price,1,1,0.034499,0.932332
1299,val,shipping,3,2,0.663833,0.276939
1299,val,smell,0,0,0.0296,0.073775
1299,val,stayingpower,3,2,0.917666,0.071459
1299,val,texture,1,1,0.161036,0.742556
1300,val,colour,1,1,0.01053,0.980107
1300,val,packing,0,0,0.016969,0.063977
1300,val,price,1,1,0.017908,0.967835
1300,val,shipping,0,0,0.07736,0.119186
1300,val,smell,0,0,0.023165,0.05691
1300,val,stayingpower,0,0,0.054898,0.068757
1300,val,texture,0,0,0.053649,0.079342
1301,val,colour,0,0,0.034466,0.117541
1301,val,packing,0,0,0.09669,0.122945
1301,val,price,0,0,0.041457,0.074245
1301,val,shipping,2,2,0.988194,0.007799
1301,val,smell,0,0,0.036549,0.097734
1301,val,stayingpower,0,0,0.050319,0.165057
1301,val,texture,1,1,0.032095,0.878903
1302,val,colour,1,1,0.022527,0.950316
1302,val,packing,0,0,0.017991,0.061807
1302,val,price,0,0,0.035926,0.109901
1302,val,shipping,1,1,0.013717,0.973043
1302,val,smell,0,0,0.023654,0.043485
1302,val,stayingpower,0,0,0.05315,0.068705
1302,val,texture,0,0,0.045374,0.067883
1303,val,colour,1,1,0.009769,0.983333
1303,val,packing,0,0,0.01541,0.057148
1303,val,price,0,0,0.037361,0.07611
1303,val,shipping,0,0,0.043626,0.065233
1303,val,smell,0,0,0.025575,0.062493
1303,val,stayingpower,0,0,0.042735,0.051934
1303,val,texture,0,0,0.033539,0.049136
1304,val,colour,0,0,0.039137,0.081482
1304,val,packing,1,1,0.06512,0.926753
1304,val,price,0,0,0.072079,0.065565
1304,val,shipping,2,2,0.953524,0.021109
1304,val,smell,0,0,0.049178,0.079964
1304,val,stayingpower,0,0,0.05178,0.085091
1304,val,texture,0,0,0.041792,0.091161
1305,val,colour,1,1,0.050561,0.941091
1305,val,packing,0,0,0.073557,0.200226
1305,val,price,0,0,0.048372,0.076679
1305,val,shipping,1,1,0.032763,0.938213
1305,val,smell,0,0,0.038514,0.060419
1305,val,stayingpower,0,0,0.127552,0.149316
1305,val,texture,0,2,0.689411,0.097281
1306,val,colour,1,1,0.004806,0.988925
1306,val,packing,0,0,0.014329,0.026981
1306,val,price,0,0,0.039002,0.065854
1306,val,shipping,0,0,0.040148,0.046003
1306,val,smell,0,0,0.024967,0.108324
1306,val,stayingpower,0,0,0.054217,0.188685
1306,val,texture,1,1,0.078904,0.794122
1307,val,colour,1,1,0.019579,0.967187
1307,val,packing,0,0,0.053466,0.099175
1307,val,price,0,0,0.077131,0.186382
1307,val,shipping,2,2,0.979023,0.007909
1307,val,smell,0,0,0.067864,0.084817
1307,val,stayingpower,0,2,0.890774,0.076468
1307,val,texture,1,2,0.749299,0.14695
1308,val,colour,0,1,0.069746,0.604145
1308,val,packing,1,1,0.034285,0.953451
1308,val,price,0,0,0.075691,0.097361
1308,val,shipping,1,1,0.047351,0.918733
1308,val,smell,1,1,0.026994,0.963825
1308,val,stayingpower,0,0,0.093129,0.307846
1308,val,texture,1,1,0.038656,0.883285
1309,val,colour,0,0,0.028068,0.120591
1309,val,packing,1,1,0.020271,0.969787
1309,val,price,1,1,0.037998,0.92236
1309,val,shipping,0,0,0.065711,0.175751
1309,val,smell,0,0,0.037676,0.070074
1309,val,stayingpower,0,0,0.033722,0.056011
1309,val,texture,0,0,0.06105,0.149585
1310,val,colour,0,0,0.03531,0.138095
1310,val,packing,1,1,0.020804,0.959781
1310,val,price,0,0,0.045642,0.060213
1310,val,shipping,0,0,0.035012,0.145839
1310,val,smell,0,0,0.035651,0.050616
1310,val,stayingpower,0,0,0.027244,0.031002
1310,val,texture,0,0,0.026037,0.047348
1311,val,colour,0,0,0.044049,0.040912
1311,val,packing,0,0,0.052635,0.075887
1311,val,price,0,0,0.024865,0.028203
1311,val,shipping,0,0,0.037105,0.028723
1311,val,smell,0,0,0.031007,0.027525
1311,val,stayingpower,0,0,0.025741,0.0312
1311,val,texture,0,0,0.030781,0.035728
1312,val,colour,0,0,0.037916,0.129105
1312,val,packing,0,0,0.020855,0.027898
1312,val,price,0,0,0.024544,0.027967
1312,val,shipping,0,0,0.028121,0.032192
1312,val,smell,0,0,0.030384,0.041424
1312,val,stayingpower,0,0,0.0237,0.034108
1312,val,texture,0,0,0.032495,0.056265
1313,val,colour,0,0,0.049976,0.025584
1313,val,packing,0,0,0.038274,0.017666
1313,val,price,0,0,0.027217,0.028049
1313,val,shipping,0,0,0.083338,0.036682
1313,val,smell,0,0,0.032709,0.021723
1313,val,stayingpower,0,0,0.043968,0.06381
1313,val,texture,0,0,0.083928,0.040416
1314,val,colour,0,2,0.467848,0.093935
1314,val,packing,0,0,0.192783,0.06335
1314,val,price,0,0,0.144671,0.23117
1314,val,shipping,0,0,0.024589,0.042731
1314,val,smell,0,0,0.172285,0.062243
1314,val,stayingpower,0,0,0.318612,0.122049
1314,val,texture,2,2,0.990027,0.006345
1315,val,colour,1,1,0.007798,0.986211
1315,val,packing,0,0,0.013039,0.047029
1315,val,price,0,0,0.039463,0.088767
1315,val,shipping,0,0,0.039728,0.100009
1315,val,smell,0,0,0.018942,0.043474
1315,val,stayingpower,0,0,0.03826,0.055002
1315,val,texture,0,0,0.051193,0.098697
1316,val,colour,0,0,0.039272,0.063535
1316,val,packing,0,0,0.023323,0.024554
1316,val,price,0,0,0.028239,0.033517
1316,val,shipping,0,0,0.033855,0.036692
1316,val,smell,0,0,0.031646,0.03289
1316,val,stayingpower,0,0,0.030883,0.033906
1316,val,texture,0,0,0.029389,0.033535
1317,val,colour,0,0,0.168879,0.178152
1317,val,packing,0,0,0.169251,0.05687
1317,val,price,0,0,0.073562,0.080161
1317,val,shipping,2,2,0.988036,0.004608
1317,val,smell,1,2,0.874291,0.103154
1317,val,stayingpower,0,0,0.091929,0.139834
1317,val,texture,0,0,0.197421,0.107107
1318,val,colour,0,0,0.07761,0.444914
1318,val,packing,0,0,0.130684,0.099354
1318,val,price,0,0,0.124022,0.212665
1318,val,shipping,0,0,0.072667,0.073216
1318,val,smell,3,2,0.986043,0.011937
1318,val,stayingpower,0,0,0.195121,0.348675
1318,val,texture,1,1,0.219427,0.636322
1319,val,colour,1,1,0.378855,0.611811
1319,val,packing,0,0,0.032754,0.041629
1319,val,price,0,0,0.044961,0.057802
1319,val,shipping,0,0,0.031215,0.031615
1319,val,smell,1,1,0.056491,0.904442
1319,val,stayingpower,0,0,0.03972,0.054438
1319,val,texture,0,0,0.133507,0.233493
1320,val,colour,1,1,0.017931,0.948595
1320,val,packing,0,0,0.045981,0.093967
1320,val,price,1,1,0.028408,0.944763
1320,val,shipping,2,2,0.974815,0.015465
1320,val,smell,0,0,0.042006,0.199211
1320,val,stayingpower,0,0,0.078236,0.180593
1320,val,texture,1,1,0.042623,0.891599
1321,val,colour,1,1,0.011834,0.980911
1321,val,packing,0,0,0.021024,0.089682
1321,val,price,0,0,0.035357,0.080413
1321,val,shipping,1,1,0.018506,0.961661
1321,val,smell,0,0,0.031782,0.110004
1321,val,stayingpower,0,0,0.051702,0.093425
1321,val,texture,0,0,0.06621,0.151512
1322,val,colour,1,1,0.012676,0.972295
1322,val,packing,1,1,0.033889,0.881826
1322,val,price,0,0,0.052032,0.082621
1322,val,shipping,0,0,0.069287,0.148993
1322,val,smell,0,0,0.02323,0.120487
1322,val,stayingpower,0,0,0.059827,0.163899
1322,val,texture,1,1,0.032788,0.945877
1323,val,colour,1,1,0.013186,0.981141
1323,val,packing,0,0,0.034643,0.140697
1323,val,price,0,0,0.051986,0.072993
1323,val,shipping,2,1,0.148076,0.587403
1323,val,smell,1,1,0.017281,0.968825
1323,val,stayingpower,0,0,0.046782,0.098969
1323,val,texture,0,0,0.052053,0.253795
1324,val,colour,0,1,0.094679,0.558043
1324,val,packing,0,0,0.075635,0.096305
1324,val,price,0,0,0.086033,0.163676
1324,val,shipping,0,0,0.073971,0.061148
1324,val,smell,2,2,0.950354,0.047178
1324,val,stayingpower,1,2,0.806523,0.140705
1324,val,texture,1,1,0.171233,0.714676
1325,val,colour,0,0,0.033092,0.034153
1325,val,packing,0,0,0.028682,0.02437
1325,val,price,0,0,0.026502,0.027227
1325,val,shipping,0,0,0.047288,0.039087
1325,val,smell,0,0,0.030153,0.029461
1325,val,stayingpower,0,0,0.034635,0.042505
1325,val,texture,0,0,0.034257,0.041918
1326,val,colour,0,0,0.031626,0.044448
1326,val,packing,0,0,0.027902,0.036253
1326,val,price,0,0,0.030462,0.041561
1326,val,shipping,0,0,0.034293,0.06696
1326,val,smell,0,0,0.029998,0.033297
1326,val,stayingpower,0,0,0.026189,0.028602
1326,val,texture,0,0,0.023738,0.028854
1327,val,colour,1,1,0.011347,0.97451
1327,val,packing,0,0,0.039511,0.085845
1327,val,price,0,0,0.060719,0.114573
1327,val,shipping,0,0,0.045764,0.071291
1327,val,smell,1,1,0.02159,0.920594
1327,val,stayingpower,0,0,0.042877,0.198673
1327,val,texture,1,1,0.013272,0.966299
1328,val,colour,1,1,0.041684,0.949633
1328,val,packing,0,0,0.059983,0.202924
1328,val,price,0,1,0.095452,0.468871
1328,val,shipping,1,1,0.158756,0.741393
1328,val,smell,0,0,0.04859,0.119606
1328,val,stayingpower,2,2,0.98391,0.011582
1328,val,texture,1,1,0.380445,0.43835
1329,val,colour,0,0,0.022876,0.066517
1329,val,packing,0,0,0.020889,0.034553
1329,val,price,0,0,0.031873,0.055988
1329,val,shipping,0,0,0.035332,0.091005
1329,val,smell,0,0,0.022924,0.030171
1329,val,stayingpower,0,0,0.022158,0.031294
1329,val,texture,0,0,0.023471,0.041677
1330,val,colour,1,1,0.012838,0.972464
1330,val,packing,0,0,0.052851,0.11299
1330,val,price,1,1,0.068445,0.822367
1330,val,shipping,2,2,0.992143,0.003138
1330,val,smell,0,0,0.056254,0.206076
1330,val,stayingpower,0,0,0.111149,0.230643
1330,val,texture,1,1,0.169947,0.726072
1331,val,colour,1,1,0.024188,0.962303
1331,val,packing,1,1,0.011307,0.970214
1331,val,price,0,0,0.069805,0.347799
1331,val,shipping,1,1,0.015996,0.958917
1331,val,smell,0,0,0.042135,0.072527
1331,val,stayingpower,0,0,0.044315,0.046606
1331,val,texture,0,0,0.043048,0.063421
1332,val,colour,0,0,0.042866,0.084304
1332,val,packing,1,1,0.020124,0.966837
1332,val,price,0,0,0.042918,0.060041
1332,val,shipping,1,1,0.008969,0.981012
1332,val,smell,0,0,0.042157,0.048745
1332,val,stayingpower,0,0,0.044593,0.051574
1332,val,texture,0,0,0.037003,0.055125
1333,val,colour,0,0,0.050277,0.255097
1333,val,packing,0,0,0.038875,0.0416
1333,val,price,0,0,0.036494,0.033492
1333,val,shipping,0,0,0.04497,0.058434
1333,val,smell,1,1,0.034168,0.9463
1333,val,stayingpower,0,0,0.021331,0.057304
1333,val,texture,0,0,0.031471,0.170881
1334,val,colour,1,1,0.027375,0.945746
1334,val,packing,1,1,0.011714,0.975535
1334,val,price,0,0,0.047262,0.098121
1334,val,shipping,1,1,0.019117,0.969181
1334,val,smell,0,0,0.038573,0.065497
1334,val,stayingpower,0,0,0.053866,0.055969
1334,val,texture,0,0,0.050516,0.083284
1335,val,colour,0,0,0.057591,0.061946
1335,val,packing,0,0,0.042782,0.08748
1335,val,price,1,1,0.016877,0.962405
1335,val,shipping,1,1,0.020949,0.942533
1335,val,smell,0,0,0.030856,0.03767
1335,val,stayingpower,0,0,0.053925,0.036599
1335,val,texture,0,0,0.034784,0.055974
1336,val,colour,1,1,0.00677,0.985964
1336,val,packing,0,0,0.02235,0.049593
1336,val,price,1,1,0.024796,0.958717
1336,val,shipping,0,0,0.064053,0.050676
1336,val,smell,0,0,0.029084,0.125312
1336,val,stayingpower,0,0,0.080684,0.153262
1336,val,texture,1,1,0.216751,0.699567
1337,val,colour,1,1,0.027626,0.964975
1337,val,packing,0,0,0.040868,0.157954
1337,val,price,0,0,0.076593,0.345436
1337,val,shipping,1,1,0.096575,0.615886
1337,val,smell,0,0,0.042308,0.161606
1337,val,stayingpower,2,2,0.976987,0.019412
1337,val,texture,0,1,0.186524,0.422608
1338,val,colour,1,1,0.026047,0.961402
1338,val,packing,0,0,0.017733,0.032844
1338,val,price,0,1,0.014622,0.976425
1338,val,shipping,0,0,0.103852,0.087893
1338,val,smell,0,0,0.023817,0.041091
1338,val,stayingpower,0,0,0.063047,0.063006
1338,val,texture,0,0,0.178791,0.08788
1339,val,colour,2,2,0.963959,0.026901
1339,val,packing,0,0,0.051008,0.034753
1339,val,price,0,0,0.040841,0.067226
1339,val,shipping,0,0,0.033442,0.049991
1339,val,smell,0,0,0.04222,0.041897
1339,val,stayingpower,0,0,0.048347,0.053643
1339,val,texture,0,0,0.120867,0.107212
1340,val,colour,0,0,0.043041,0.071667
1340,val,packing,0,0,0.018299,0.017939
1340,val,price,0,1,0.046266,0.561414
1340,val,shipping,0,1,0.019653,0.954266
1340,val,smell,0,0,0.018448,0.031081
1340,val,stayingpower,0,0,0.056895,0.068713
1340,val,texture,0,0,0.041483,0.125736
1341,val,colour,0,0,0.075124,0.021824
1341,val,packing,0,0,0.218386,0.219653
1341,val,price,0,0,0.034154,0.042869
1341,val,shipping,1,1,0.019968,0.965441
1341,val,smell,0,0,0.03175,0.029768
1341,val,stayingpower,0,0,0.056943,0.049549
1341,val,texture,0,0,0.076773,0.037597
1342,val,colour,1,2,0.984553,0.012919
1342,val,packing,0,0,0.066109,0.045539
1342,val,price,0,0,0.053089,0.075837
1342,val,shipping,0,0,0.042592,0.043208
1342,val,smell,0,0,0.11298,0.072785
1342,val,stayingpower,0,0,0.124489,0.075683
1342,val,texture,0,0,0.272408,0.108881
1343,val,colour,1,1,0.017348,0.970127
1343,val,packing,0,0,0.019258,0.035389
1343,val,price,1,1,0.032719,0.912196
1343,val,shipping,0,0,0.046636,0.056889
1343,val,smell,0,0,0.029338,0.141072
1343,val,stayingpower,0,0,0.064762,0.123284
1343,val,texture,1,1,0.031527,0.942213
1344,val,colour,1,1,0.135912,0.83994
1344,val,packing,0,0,0.023441,0.025185
1344,val,price,0,0,0.059245,0.090352
1344,val,shipping,0,0,0.033507,0.033013
1344,val,smell,1,1,0.108875,0.879847
1344,val,stayingpower,0,0,0.053213,0.085009
1344,val,texture,0,0,0.084501,0.374596
1345,val,colour,1,1,0.377585,0.435811
1345,val,packing,0,0,0.106509,0.084273
1345,val,price,0,0,0.098046,0.16778
1345,val,shipping,0,0,0.085643,0.081996
1345,val,smell,3,2,0.989502,0.007236
1345,val,stayingpower,0,0,0.107448,0.174443
1345,val,texture,0,0,0.216301,0.267772
1346,val,colour,0,0,0.039591,0.080857
1346,val,packing,0,0,0.048546,0.10689
1346,val,price,1,1,0.019291,0.967251
1346,val,shipping,0,0,0.045344,0.059181
1346,val,smell,0,0,0.029431,0.039741
1346,val,stayingpower,0,0,0.030928,0.030786
1346,val,texture,0,0,0.030371,0.034724
1347,val,colour,1,1,0.021993,0.942267
1347,val,packing,0,0,0.025394,0.049685
1347,val,price,0,0,0.047242,0.112782
1347,val,shipping,0,0,0.047506,0.058312
1347,val,smell,0,0,0.02199,0.098134
1347,val,stayingpower,0,0,0.051931,0.16002
1347,val,texture,1,1,0.0175,0.971423
1348,val,colour,1,1,0.025701,0.955188
1348,val,packing,1,1,0.013181,0.970432
1348,val,price,0,0,0.040754,0.063019
1348,val,shipping,1,1,0.05134,0.879544
1348,val,smell,0,0,0.034014,0.049921
1348,val,stayingpower,0,0,0.049693,0.049208
1348,val,texture,0,0,0.030378,0.036287
1349,val,colour,0,0,0.05467,0.065907
1349,val,packing,0,0,0.036953,0.065044
1349,val,price,1,1,0.018184,0.95602
1349,val,shipping,1,1,0.028069,0.944727
1349,val,smell,0,0,0.02824,0.039639
1349,val,stayingpower,0,0,0.049489,0.034433
1349,val,texture,0,0,0.031403,0.054173
1350,val,colour,1,1,0.021071,0.966004
1350,val,packing,1,1,0.04255,0.839475
1350,val,price,0,0,0.044113,0.10478
1350,val,shipping,1,1,0.020319,0.967222
1350,val,smell,0,0,0.027855,0.079407
1350,val,stayingpower,0,0,0.085581,0.197843
1350,val,texture,1,1,0.049024,0.889789
1351,val,colour,0,0,0.072171,0.134927
1351,val,packing,0,0,0.061019,0.072904
1351,val,price,0,0,0.036938,0.054414
1351,val,shipping,2,2,0.991246,0.006201
1351,val,smell,0,0,0.040366,0.057676
1351,val,stayingpower,0,0,0.038436,0.053842
1351,val,texture,0,0,0.034218,0.052584
1352,val,colour,1,1,0.033432,0.937053
1352,val,packing,0,0,0.011595,0.026179
1352,val,price,0,0,0.035318,0.064907
1352,val,shipping,0,0,0.034549,0.045007
1352,val,smell,0,0,0.018909,0.02698
1352,val,stayingpower,0,0,0.040423,0.05231
1352,val,texture,0,0,0.029166,0.039864
1353,val,colour,0,0,0.027783,0.044326
1353,val,packing,0,0,0.028188,0.045679
1353,val,price,0,0,0.031302,0.046974
1353,val,shipping,0,0,0.033996,0.079838
1353,val,smell,0,0,0.029899,0.035555
1353,val,stayingpower,0,0,0.025342,0.027909
1353,val,texture,0,0,0.020202,0.025345
1354,val,colour,0,0,0.019187,0.057509
1354,val,packing,0,0,0.072562,0.361478
1354,val,price,0,0,0.036233,0.079638
1354,val,shipping,1,1,0.023651,0.965198
1354,val,smell,0,0,0.026084,0.085937
1354,val,stayingpower,0,0,0.03313,0.099956
1354,val,texture,0,1,0.039939,0.786983
1355,val,colour,0,0,0.043509,0.050644
1355,val,packing,0,0,0.032224,0.035951
1355,val,price,0,0,0.021978,0.020986
1355,val,shipping,0,0,0.050263,0.070267
1355,val,smell,0,0,0.030836,0.031005
1355,val,stayingpower,0,0,0.033577,0.044008
1355,val,texture,0,0,0.020874,0.023764
1356,val,colour,0,0,0.024303,0.04873
1356,val,packing,0,0,0.025122,0.033138
1356,val,price,0,0,0.027258,0.03481
1356,val,shipping,0,0,0.025524,0.039668
1356,val,smell,0,0,0.03564,0.051367
1356,val,stayingpower,0,0,0.02687,0.041868
1356,val,texture,0,0,0.027646,0.057987
1357,val,colour,1,1,0.01521,0.975919
1357,val,packing,0,0,0.01276,0.03174
1357,val,price,0,0,0.037419,0.07196
1357,val,shipping,0,0,0.03695,0.060008
1357,val,smell,0,0,0.020613,0.037727
1357,val,stayingpower,0,0,0.046097,0.062216
1357,val,texture,0,0,0.043117,0.055952
1358,val,colour,0,0,0.049669,0.063193
1358,val,packing,1,0,0.068843,0.372744
1358,val,price,0,0,0.028394,0.042081
1358,val,shipping,1,1,0.009607,0.982553
1358,val,smell,0,0,0.02919,0.033146
1358,val,stayingpower,0,0,0.041896,0.03508
1358,val,texture,0,0,0.028709,0.031916
1359,val,colour,0,0,0.035286,0.139532
1359,val,packing,1,1,0.011354,0.984041
1359,val,price,0,0,0.049627,0.066642
1359,val,shipping,0,1,0.086487,0.484329
1359,val,smell,0,0,0.037878,0.054214
1359,val,stayingpower,0,0,0.03114,0.036547
1359,val,texture,0,0,0.029636,0.053497
1360,val,colour,1,1,0.089271,0.817033
1360,val,packing,0,0,0.166296,0.282452
1360,val,price,0,0,0.151618,0.299504
1360,val,shipping,0,1,0.226734,0.526979
1360,val,smell,2,2,0.971574,0.025365
1360,val,stayingpower,0,2,0.537692,0.22573
1360,val,texture,2,2,0.854081,0.111766
1361,val,colour,1,1,0.173865,0.52934
1361,val,packing,0,0,0.012869,0.012379
1361,val,price,0,0,0.020853,0.025756
1361,val,shipping,0,0,0.0146,0.02442
1361,val,smell,0,0,0.021238,0.027457
1361,val,stayingpower,0,0,0.025382,0.041749
1361,val,texture,0,0,0.076654,0.142026
1362,val,colour,1,1,0.00721,0.986867
1362,val,packing,0,0,0.024567,0.054783
1362,val,price,1,1,0.028812,0.938561
1362,val,shipping,0,0,0.051712,0.10026
1362,val,smell,0,0,0.028989,0.086115
1362,val,stayingpower,3,1,0.287654,0.620941
1362,val,texture,0,1,0.116682,0.477029
1363,val,colour,1,1,0.013105,0.981618
1363,val,packing,0,0,0.030555,0.258633
1363,val,price,0,0,0.034921,0.072253
1363,val,shipping,1,1,0.03366,0.952324
1363,val,smell,0,0,0.035897,0.085469
1363,val,stayingpower,0,0,0.07087,0.104681
1363,val,texture,0,0,0.042609,0.060704
1364,val,colour,3,1,0.038892,0.953881
1364,val,packing,0,0,0.020443,0.061698
1364,val,price,1,1,0.017413,0.967881
1364,val,shipping,0,0,0.056933,0.078827
1364,val,smell,0,0,0.030403,0.079897
1364,val,stayingpower,0,0,0.043495,0.047109
1364,val,texture,0,0,0.087297,0.097969
1365,val,colour,0,0,0.049051,0.093965
1365,val,packing,0,0,0.022589,0.021769
1365,val,price,1,1,0.019066,0.966839
1365,val,shipping,0,0,0.048544,0.057312
1365,val,smell,0,0,0.03038,0.045788
1365,val,stayingpower,0,0,0.031449,0.034834
1365,val,texture,0,0,0.040169,0.056104
1366,val,colour,0,0,0.034898,0.061982
1366,val,packing,0,0,0.023047,0.026426
1366,val,price,0,0,0.025917,0.027495
1366,val,shipping,0,0,0.030989,0.038767
1366,val,smell,0,0,0.03089,0.036613
1366,val,stayingpower,0,0,0.028125,0.034773
1366,val,texture,0,0,0.032003,0.047389
1367,val,colour,0,0,0.034624,0.039285
1367,val,packing,0,0,0.026686,0.022537
1367,val,price,0,0,0.027548,0.028377
1367,val,shipping,0,0,0.036307,0.035785
1367,val,smell,0,0,0.033794,0.035218
1367,val,stayingpower,0,0,0.03297,0.039408
1367,val,texture,0,0,0.035049,0.045884
1368,val,colour,2,2,0.958485,0.023727
1368,val,packing,0,0,0.103141,0.085668
1368,val,price,0,0,0.028639,0.0266
1368,val,shipping,0,0,0.052234,0.113461
1368,val,smell,0,0,0.069179,0.189544
1368,val,stayingpower,0,0,0.088357,0.210021
1368,val,texture,1,1,0.036569,0.871228
1369,val,colour,1,1,0.025431,0.959968
1369,val,packing,1,1,0.012003,0.973784
1369,val,price,0,0,0.043178,0.066586
1369,val,shipping,1,1,0.023316,0.945396
1369,val,smell,0,0,0.038327,0.061265
1369,val,stayingpower,0,0,0.058429,0.063316
1369,val,texture,0,0,0.042448,0.073524
1370,val,colour,0,0,0.032749,0.03207
1370,val,packing,0,0,0.023159,0.015089
1370,val,price,0,0,0.031934,0.042162
1370,val,shipping,0,0,0.026815,0.025042
1370,val,smell,0,0,0.035306,0.040736
1370,val,stayingpower,0,0,0.034528,0.052598
1370,val,texture,2,0,0.042764,0.078283
1371,val,colour,0,0,0.058601,0.332039
1371,val,packing,0,0,0.065312,0.047636
1371,val,price,0,0,0.056134,0.059419
1371,val,shipping,0,0,0.030244,0.039914
1371,val,smell,1,1,0.027706,0.955715
1371,val,stayingpower,0,0,0.056399,0.272732
1371,val,texture,1,1,0.014123,0.971284
1372,val,colour,0,0,0.026455,0.21534
1372,val,packing,0,0,0.034145,0.044384
1372,val,price,0,0,0.041522,0.086709
1372,val,shipping,0,0,0.033766,0.029365
1372,val,smell,0,0,0.026408,0.071047
1372,val,stayingpower,0,0,0.027975,0.142161
1372,val,texture,1,1,0.021003,0.951544
1373,val,colour,0,0,0.133084,0.344079
1373,val,packing,0,0,0.116112,0.132835
1373,val,price,0,0,0.038869,0.065461
1373,val,shipping,2,2,0.896084,0.083013
1373,val,smell,0,0,0.035659,0.051035
1373,val,stayingpower,2,2,0.970243,0.020289
1373,val,texture,0,0,0.31438,0.242962
1374,val,colour,0,0,0.160898,0.147637
1374,val,packing,1,1,0.356608,0.446678
1374,val,price,0,0,0.105164,0.094937
1374,val,shipping,0,0,0.065128,0.113393
1374,val,smell,0,0,0.134643,0.087669
1374,val,stayingpower,0,0,0.139686,0.147097
1374,val,texture,2,2,0.982041,0.014506
1375,val,colour,0,1,0.079061,0.734758
1375,val,packing,0,0,0.072871,0.068853
1375,val,price,0,0,0.068192,0.047847
1375,val,shipping,0,0,0.089698,0.063436
1375,val,smell,1,1,0.158023,0.754819
1375,val,stayingpower,0,0,0.111601,0.165628
1375,val,texture,2,2,0.961001,0.025351
1376,val,colour,0,0,0.055127,0.212295
1376,val,packing,0,0,0.04213,0.041927
1376,val,price,0,0,0.038396,0.034404
1376,val,shipping,0,0,0.044911,0.070025
1376,val,smell,1,1,0.036482,0.946095
1376,val,stayingpower,0,0,0.023555,0.068775
1376,val,texture,0,0,0.027852,0.126155
1377,val,colour,1,2,0.968989,0.021231
1377,val,packing,0,0,0.085284,0.054858
1377,val,price,1,1,0.061901,0.879056
1377,val,shipping,0,0,0.12635,0.076401
1377,val,smell,1,1,0.38922,0.561938
1377,val,stayingpower,0,0,0.082002,0.076969
1377,val,texture,0,0,0.161556,0.189619
1378,val,colour,0,0,0.06407,0.199909
1378,val,packing,0,0,0.111106,0.147114
1378,val,price,1,1,0.02296,0.96457
1378,val,shipping,1,1,0.076826,0.870119
1378,val,smell,1,1,0.050495,0.875125
1378,val,stayingpower,0,0,0.086911,0.230245
1378,val,texture,1,1,0.020479,0.935363
1379,val,colour,0,0,0.02343,0.060917
1379,val,packing,1,1,0.02529,0.961169
1379,val,price,0,0,0.04419,0.037752
1379,val,shipping,0,0,0.03769,0.163005
1379,val,smell,0,0,0.042212,0.052041
1379,val,stayingpower,0,0,0.040739,0.075783
1379,val,texture,0,0,0.034642,0.091322
1380,val,colour,1,1,0.010815,0.957789
1380,val,packing,1,1,0.016338,0.967025
1380,val,price,0,0,0.056781,0.10599
1380,val,shipping,0,0,0.056058,0.116063
1380,val,smell,0,0,0.019135,0.059178
1380,val,stayingpower,0,0,0.060118,0.190908
1380,val,texture,1,1,0.076373,0.803021
1381,val,colour,1,1,0.017903,0.969399
1381,val,packing,0,0,0.019266,0.075206
1381,val,price,0,0,0.03876,0.11047
1381,val,shipping,1,1,0.014752,0.97066
1381,val,smell,0,0,0.026825,0.056986
1381,val,stayingpower,0,0,0.057593,0.070382
1381,val,texture,0,0,0.054011,0.088915
1382,val,colour,0,0,0.09962,0.023529
1382,val,packing,0,0,0.08176,0.020208
1382,val,price,0,0,0.028317,0.01876
1382,val,shipping,0,0,0.187633,0.032892
1382,val,smell,0,0,0.062155,0.046337
1382,val,stayingpower,0,0,0.041324,0.04974
1382,val,texture,0,0,0.077886,0.027465
1383,val,colour,1,1,0.021991,0.940131
1383,val,packing,0,0,0.040718,0.068527
1383,val,price,0,0,0.105896,0.298197
1383,val,shipping,0,2,0.382666,0.331438
1383,val,smell,1,1,0.036064,0.95051
1383,val,stayingpower,1,2,0.549097,0.433706
1383,val,texture,0,1,0.038669,0.810436
1384,val,colour,0,0,0.03734,0.043834
1384,val,packing,0,0,0.028813,0.029212
1384,val,price,0,0,0.031065,0.041453
1384,val,shipping,0,0,0.028286,0.033342
1384,val,smell,0,0,0.034219,0.034727
1384,val,stayingpower,0,0,0.02762,0.032369
1384,val,texture,0,0,0.030993,0.03778
1385,val,colour,0,0,0.043685,0.175207
1385,val,packing,1,1,0.026307,0.962129
1385,val,price,0,0,0.057089,0.086283
1385,val,shipping,1,1,0.019044,0.953589
1385,val,smell,0,0,0.041559,0.112795
1385,val,stayingpower,0,0,0.060016,0.209851
1385,val,texture,0,1,0.035942,0.920858
1386,val,colour,0,0,0.034166,0.094524
1386,val,packing,0,0,0.018772,0.023321
1386,val,price,0,0,0.02768,0.034063
1386,val,shipping,0,0,0.026621,0.032112
1386,val,smell,0,0,0.031011,0.038464
1386,val,stayingpower,0,0,0.026299,0.037071
1386,val,texture,0,0,0.029973,0.058485
1387,val,colour,1,1,0.007614,0.980509
1387,val,packing,0,0,0.0261,0.054968
1387,val,price,1,1,0.027549,0.949489
1387,val,shipping,0,0,0.077205,0.10468
1387,val,smell,0,0,0.02979,0.115932
1387,val,stayingpower,1,1,0.208506,0.726141
1387,val,texture,1,1,0.059853,0.870703
1388,val,colour,1,1,0.025282,0.960567
1388,val,packing,1,1,0.012141,0.971402
1388,val,price,0,0,0.041505,0.06902
1388,val,shipping,1,1,0.01937,0.965076
1388,val,smell,0,0,0.04678,0.108989
1388,val,stayingpower,0,0,0.053436,0.061409
1388,val,texture,0,0,0.048128,0.104228
1389,val,colour,0,2,0.483677,0.446619
1389,val,packing,0,0,0.086093,0.088067
1389,val,price,0,0,0.08018,0.091599
1389,val,shipping,0,0,0.080339,0.117506
1389,val,smell,0,0,0.061733,0.076903
1389,val,stayingpower,2,2,0.985642,0.008637
1389,val,texture,2,2,0.95055,0.031398
1390,val,colour,0,0,0.047279,0.100684
1390,val,packing,0,0,0.032004,0.068899
1390,val,price,0,0,0.03332,0.081837
1390,val,shipping,1,1,0.0094,0.982028
1390,val,smell,0,0,0.026643,0.043808
1390,val,stayingpower,0,0,0.044551,0.049807
1390,val,texture,0,0,0.03713,0.058451
1391,val,colour,0,0,0.200315,0.18665
1391,val,packing,0,0,0.337052,0.075079
1391,val,price,1,1,0.14846,0.749996
1391,val,shipping,2,2,0.960933,0.017783
1391,val,smell,0,0,0.274859,0.090442
1391,val,stayingpower,0,0,0.329545,0.109197
1391,val,texture,2,2,0.982328,0.011857
1392,val,colour,0,0,0.03427,0.100722
1392,val,packing,0,0,0.038475,0.131542
1392,val,price,0,0,0.026685,0.046925
1392,val,shipping,1,1,0.01798,0.958597
1392,val,smell,0,0,0.023561,0.034361
1392,val,stayingpower,0,0,0.029101,0.034205
1392,val,texture,0,0,0.023775,0.02907
1393,val,colour,0,0,0.061755,0.253847
1393,val,packing,0,0,0.090685,0.058225
1393,val,price,1,1,0.03004,0.95869
1393,val,shipping,0,0,0.072962,0.062048
1393,val,smell,1,1,0.049131,0.928851
1393,val,stayingpower,0,0,0.058517,0.18067
1393,val,texture,1,1,0.02158,0.946745
1394,val,colour,1,1,0.059066,0.910672
1394,val,packing,1,1,0.131824,0.797102
1394,val,price,1,1,0.093023,0.813878
1394,val,shipping,1,1,0.100065,0.776729
1394,val,smell,0,0,0.141156,0.15494
1394,val,stayingpower,1,2,0.602505,0.217167
1394,val,texture,2,2,0.967301,0.024154
1395,val,colour,1,1,0.014165,0.977928
1395,val,packing,0,0,0.024745,0.096779
1395,val,price,0,0,0.045366,0.19079
1395,val,shipping,1,1,0.012433,0.979759
1395,val,smell,0,0,0.029356,0.083494
1395,val,stayingpower,0,0,0.075181,0.119201
1395,val,texture,0,0,0.083562,0.294797
1396,val,colour,0,0,0.046867,0.061287
1396,val,packing,0,0,0.026511,0.029343
1396,val,price,1,1,0.020971,0.960935
1396,val,shipping,0,0,0.049582,0.065078
1396,val,smell,0,0,0.032099,0.042751
1396,val,stayingpower,0,0,0.033006,0.033122
1396,val,texture,0,0,0.030973,0.043275
1397,val,colour,0,0,0.042866,0.163342
1397,val,packing,0,0,0.102867,0.259463
1397,val,price,0,0,0.054342,0.099632
1397,val,shipping,2,2,0.993363,0.00342
1397,val,smell,0,0,0.029425,0.053886
1397,val,stayingpower,0,0,0.02793,0.059749
1397,val,texture,0,0,0.033938,0.083683
1398,val,colour,0,0,0.056535,0.162254
1398,val,packing,0,0,0.080718,0.039604
1398,val,price,0,0,0.044698,0.035746
1398,val,shipping,0,0,0.053529,0.033276
1398,val,smell,1,1,0.102476,0.81892
1398,val,stayingpower,0,0,0.053154,0.212516
1398,val,texture,1,1,0.421957,0.557875
1399,val,colour,0,0,0.066977,0.087138
1399,val,packing,1,1,0.135957,0.844138
1399,val,price,0,0,0.096824,0.105646
1399,val,shipping,2,2,0.991881,0.004494
1399,val,smell,0,0,0.074251,0.108343
1399,val,stayingpower,0,0,0.068135,0.081145
1399,val,texture,0,0,0.062791,0.13516
1400,val,colour,1,1,0.014181,0.973021
1400,val,packing,0,0,0.020677,0.103883
1400,val,price,1,1,0.017992,0.952971
1400,val,shipping,1,1,0.02779,0.939178
1400,val,smell,0,0,0.026728,0.068626
1400,val,stayingpower,0,0,0.066058,0.076832
1400,val,texture,0,0,0.048565,0.111175
1401,val,colour,0,0,0.145782,0.408239
1401,val,packing,0,0,0.067655,0.067011
1401,val,price,0,0,0.086328,0.159497
1401,val,shipping,0,0,0.080277,0.074981
1401,val,smell,0,0,0.040696,0.079678
1401,val,stayingpower,2,2,0.989024,0.009563
1401,val,texture,1,1,0.272617,0.547873
1402,val,colour,0,0,0.039042,0.069417
1402,val,packing,0,0,0.021269,0.022878
1402,val,price,0,0,0.02804,0.034249
1402,val,shipping,0,0,0.031929,0.028929
1402,val,smell,0,0,0.032259,0.035629
1402,val,stayingpower,0,0,0.028532,0.034117
1402,val,texture,0,0,0.030163,0.044084
1403,val,colour,1,1,0.010007,0.983966
1403,val,packing,0,0,0.021281,0.095452
1403,val,price,0,0,0.04129,0.138452
1403,val,shipping,1,1,0.017528,0.963511
1403,val,smell,0,0,0.028306,0.087821
1403,val,stayingpower,0,0,0.056056,0.087925
1403,val,texture,0,0,0.068854,0.160512
1404,val,colour,1,1,0.016778,0.967207
1404,val,packing,0,0,0.015817,0.059164
1404,val,price,0,0,0.033527,0.060582
1404,val,shipping,1,0,0.035173,0.061002
1404,val,smell,0,0,0.023945,0.045552
1404,val,stayingpower,0,0,0.033878,0.037141
1404,val,texture,0,0,0.029489,0.035789
1405,val,colour,0,0,0.287029,0.058225
1405,val,packing,1,1,0.060599,0.92967
1405,val,price,0,0,0.049334,0.041181
1405,val,shipping,1,1,0.007582,0.982954
1405,val,smell,0,0,0.056173,0.043303
1405,val,stayingpower,0,0,0.074271,0.06994
1405,val,texture,0,0,0.234598,0.126114
1406,val,colour,0,0,0.03952,0.408713
1406,val,packing,0,1,0.179846,0.484668
1406,val,price,0,0,0.089726,0.063637
1406,val,shipping,0,0,0.039364,0.123748
1406,val,smell,1,1,0.03941,0.950849
1406,val,stayingpower,1,1,0.033649,0.940923
1406,val,texture,0,1,0.052795,0.685398
1407,val,colour,1,1,0.020783,0.906265
1407,val,packing,0,0,0.067742,0.071483
1407,val,price,0,0,0.077581,0.108688
1407,val,shipping,0,0,0.061892,0.065609
1407,val,smell,1,1,0.040064,0.914586
1407,val,stayingpower,1,1,0.060255,0.922989
1407,val,texture,1,1,0.011898,0.972173
1408,val,colour,0,0,0.049014,0.050425
1408,val,packing,0,0,0.027298,0.02598
1408,val,price,1,1,0.020166,0.963728
1408,val,shipping,0,0,0.058731,0.073409
1408,val,smell,0,0,0.031341,0.041677
1408,val,stayingpower,0,0,0.037222,0.03688
1408,val,texture,0,0,0.034169,0.05062
1409,val,colour,1,1,0.031918,0.921627
1409,val,packing,1,1,0.028851,0.953176
1409,val,price,0,0,0.06103,0.069332
1409,val,shipping,0,0,0.046003,0.168127
1409,val,smell,1,1,0.031372,0.946809
1409,val,stayingpower,0,0,0.039106,0.110102
1409,val,texture,0,0,0.052907,0.270768
1410,val,colour,2,2,0.953687,0.024915
1410,val,packing,0,0,0.113525,0.07422
1410,val,price,0,0,0.068383,0.077761
1410,val,shipping,0,0,0.053619,0.072998
1410,val,smell,0,0,0.064404,0.092011
1410,val,stayingpower,0,0,0.21161,0.12718
1410,val,texture,2,2,0.516554,0.453808
1411,val,colour,1,1,0.01443,0.968503
1411,val,packing,0,0,0.031857,0.09409
1411,val,price,1,1,0.037791,0.922951
1411,val,shipping,2,2,0.984046,0.007076
1411,val,smell,0,0,0.041108,0.100555
1411,val,stayingpower,0,0,0.066629,0.091575
1411,val,texture,0,0,0.087335,0.149701
1412,val,colour,1,1,0.039548,0.937709
1412,val,packing,0,0,0.035009,0.141255
1412,val,price,0,0,0.046616,0.082944
1412,val,shipping,1,1,0.030007,0.945463
1412,val,smell,1,1,0.030972,0.941316
1412,val,stayingpower,0,0,0.058731,0.09724
1412,val,texture,0,0,0.046231,0.122451
1413,val,colour,1,1,0.025939,0.958542
1413,val,packing,0,0,0.056398,0.072513
1413,val,price,1,1,0.021835,0.965267
1413,val,shipping,0,0,0.104335,0.043879
1413,val,smell,0,0,0.026979,0.028159
1413,val,stayingpower,0,0,0.151863,0.112169
1413,val,texture,0,2,0.734424,0.071158
1414,val,colour,0,0,0.068729,0.215888
1414,val,packing,1,1,0.01304,0.981116
1414,val,price,0,0,0.050795,0.086206
1414,val,shipping,1,1,0.010488,0.980844
1414,val,smell,0,0,0.040224,0.044397
1414,val,stayingpower,0,0,0.042926,0.043195
1414,val,texture,0,0,0.045229,0.070497
1415,val,colour,0,0,0.047198,0.123778
1415,val,packing,0,0,0.036307,0.091908
1415,val,price,0,0,0.03297,0.074695
1415,val,shipping,1,1,0.010337,0.982555
1415,val,smell,0,0,0.026262,0.040843
1415,val,stayingpower,0,0,0.044514,0.049518
1415,val,texture,0,0,0.030435,0.046476
1416,val,colour,1,1,0.084581,0.86872
1416,val,packing,0,0,0.064371,0.193413
1416,val,price,0,0,0.084621,0.265097
1416,val,shipping,1,1,0.089941,0.80917
1416,val,smell,1,1,0.078262,0.828977
1416,val,stayingpower,2,2,0.968156,0.027057
1416,val,texture,0,0,0.132433,0.39511
1417,val,colour,0,0,0.030001,0.052551
1417,val,packing,0,0,0.023581,0.027415
1417,val,price,0,0,0.026704,0.030009
1417,val,shipping,0,0,0.028199,0.031421
1417,val,smell,0,0,0.035689,0.043911
1417,val,stayingpower,0,0,0.029755,0.039965
1417,val,texture,0,0,0.031137,0.057003
1418,val,colour,1,1,0.007184,0.987821
1418,val,packing,0,0,0.032463,0.082489
1418,val,price,0,0,0.044057,0.094435
1418,val,shipping,0,0,0.196059,0.094679
1418,val,smell,0,0,0.012857,0.042677
1418,val,stayingpower,0,0,0.114702,0.314995
1418,val,texture,1,1,0.047223,0.929801
1419,val,colour,1,1,0.011493,0.968194
1419,val,packing,0,0,0.048419,0.089946
1419,val,price,1,1,0.05398,0.884508
1419,val,shipping,0,0,0.081535,0.134898
1419,val,smell,1,1,0.048989,0.932856
1419,val,stayingpower,1,1,0.104787,0.81767
1419,val,texture,0,1,0.051676,0.593163
1420,val,colour,1,2,0.709332,0.28052
1420,val,packing,0,0,0.027439,0.032695
1420,val,price,0,0,0.033193,0.050601
1420,val,shipping,0,0,0.104862,0.055992
1420,val,smell,0,0,0.048835,0.062533
1420,val,stayingpower,0,0,0.047216,0.043164
1420,val,texture,0,0,0.04179,0.036752
1421,val,colour,1,1,0.009887,0.980624
1421,val,packing,0,0,0.015215,0.050217
1421,val,price,1,1,0.021773,0.955323
1421,val,shipping,0,0,0.0557,0.086632
1421,val,smell,0,0,0.021659,0.050541
1421,val,stayingpower,0,0,0.053219,0.063678
1421,val,texture,0,0,0.054242,0.076951
1422,val,colour,1,1,0.037503,0.541616
1422,val,packing,0,0,0.164263,0.247773
1422,val,price,1,1,0.03624,0.946888
1422,val,shipping,0,0,0.089749,0.154769
1422,val,smell,0,1,0.037096,0.928133
1422,val,stayingpower,1,1,0.118108,0.770099
1422,val,texture,1,1,0.018631,0.972217
1423,val,colour,0,0,0.030503,0.028182
1423,val,packing,0,0,0.031721,0.024405
1423,val,price,0,0,0.028875,0.029929
1423,val,shipping,0,0,0.037579,0.033594
1423,val,smell,0,0,0.036483,0.037341
1423,val,stayingpower,0,0,0.03344,0.042751
1423,val,texture,0,0,0.037554,0.048995
1424,val,colour,0,0,0.061415,0.076355
1424,val,packing,0,0,0.027987,0.027614
1424,val,price,1,1,0.018279,0.969206
1424,val,shipping,0,0,0.061559,0.067304
1424,val,smell,0,0,0.026965,0.032635
1424,val,stayingpower,0,0,0.036715,0.037019
1424,val,texture,0,0,0.038742,0.049467
1425,val,colour,1,1,0.028457,0.949396
1425,val,packing,0,0,0.023325,0.040077
1425,val,price,1,1,0.028975,0.931801
1425,val,shipping,0,0,0.061775,0.067871
1425,val,smell,0,0,0.02874,0.136508
1425,val,stayingpower,0,0,0.075798,0.136653
1425,val,texture,1,1,0.032218,0.950953
1426,val,colour,3,1,0.128266,0.819246
1426,val,packing,1,1,0.018323,0.972328
1426,val,price,0,0,0.037462,0.042321
1426,val,shipping,1,1,0.011988,0.977727
1426,val,smell,0,0,0.028763,0.054222
1426,val,stayingpower,0,0,0.088612,0.15225
1426,val,texture,3,1,0.116754,0.63973
1427,val,colour,0,0,0.016894,0.010603
1427,val,packing,0,0,0.10063,0.094293
1427,val,price,0,0,0.031256,0.040194
1427,val,shipping,1,1,0.257812,0.709316
1427,val,smell,0,0,0.029179,0.039936
1427,val,stayingpower,0,0,0.049456,0.066036
1427,val,texture,0,0,0.036179,0.037436
1428,val,colour,0,0,0.056095,0.211464
1428,val,packing,0,0,0.088809,0.093468
1428,val,price,0,0,0.069071,0.083111
1428,val,shipping,0,0,0.037516,0.045979
1428,val,smell,1,1,0.025023,0.961978
1428,val,stayingpower,0,0,0.026372,0.104271
1428,val,texture,1,1,0.016188,0.952007
1429,val,colour,1,1,0.009865,0.984327
1429,val,packing,0,0,0.016459,0.064267
1429,val,price,0,0,0.03638,0.067791
1429,val,shipping,0,0,0.04219,0.056137
1429,val,smell,0,0,0.025542,0.061944
1429,val,stayingpower,0,0,0.041411,0.055786
1429,val,texture,0,0,0.038578,0.064338
1430,val,colour,0,0,0.039314,0.032093
1430,val,packing,0,0,0.040168,0.046652
1430,val,price,0,1,0.028843,0.905184
1430,val,shipping,1,1,0.018713,0.945964
1430,val,smell,0,0,0.031435,0.045561
1430,val,stayingpower,0,0,0.036642,0.038694
1430,val,texture,0,0,0.045156,0.082186
1431,val,colour,0,1,0.032253,0.501618
1431,val,packing,0,0,0.016474,0.036984
1431,val,price,0,0,0.02654,0.042809
1431,val,shipping,0,0,0.024986,0.042536
1431,val,smell,0,0,0.015921,0.025018
1431,val,stayingpower,0,0,0.01841,0.038336
1431,val,texture,0,0,0.044279,0.151144
1432,val,colour,1,1,0.018471,0.971278
1432,val,packing,1,1,0.014071,0.964097
1432,val,price,0,0,0.050448,0.081936
1432,val,shipping,0,0,0.069697,0.132616
1432,val,smell,0,0,0.032799,0.076877
1432,val,stayingpower,0,0,0.064704,0.067249
1432,val,texture,0,0,0.050106,0.09707
1433,val,colour,1,1,0.00978,0.974433
1433,val,packing,0,0,0.041493,0.154773
1433,val,price,0,0,0.038668,0.089961
1433,val,shipping,1,1,0.021258,0.946332
1433,val,smell,0,0,0.032776,0.11201
1433,val,stayingpower,1,1,0.091163,0.822281
1433,val,texture,0,0,0.060605,0.407333
1434,val,colour,1,1,0.027325,0.955969
1434,val,packing,1,1,0.010593,0.979244
1434,val,price,0,0,0.0449,0.068676
1434,val,shipping,1,1,0.029158,0.917779
1434,val,smell,0,0,0.038519,0.066647
1434,val,stayingpower,0,0,0.052033,0.061315
1434,val,texture,0,0,0.045068,0.068983
1435,val,colour,1,1,0.009782,0.935984
1435,val,packing,0,0,0.037183,0.067564
1435,val,price,1,1,0.051076,0.867627
1435,val,shipping,0,0,0.044703,0.115782
1435,val,smell,0,0,0.02899,0.093998
1435,val,stayingpower,0,1,0.050671,0.911995
1435,val,texture,0,1,0.063424,0.651187
1436,val,colour,1,1,0.488184,0.499603
1436,val,packing,0,0,0.014291,0.01692
1436,val,price,0,0,0.026393,0.034813
1436,val,shipping,0,0,0.038388,0.200516
1436,val,smell,0,0,0.015649,0.018863
1436,val,stayingpower,0,0,0.111566,0.101743
1436,val,texture,0,0,0.213596,0.193628
1437,val,colour,1,1,0.011573,0.981175
1437,val,packing,0,0,0.022838,0.09446
1437,val,price,0,0,0.038343,0.109395
1437,val,shipping,1,1,0.025025,0.962801
1437,val,smell,0,0,0.029164,0.072357
1437,val,stayingpower,0,0,0.066114,0.104328
1437,val,texture,0,0,0.076969,0.120975
1438,val,colour,1,1,0.008851,0.985541
1438,val,packing,0,0,0.01356,0.035988
1438,val,price,1,1,0.018009,0.965533
1438,val,shipping,0,0,0.057054,0.079567
1438,val,smell,0,0,0.028711,0.084521
1438,val,stayingpower,0,0,0.060147,0.10364
1438,val,texture,0,0,0.076409,0.153143
1439,val,colour,1,1,0.058342,0.916298
1439,val,packing,1,1,0.135576,0.67637
1439,val,price,1,1,0.091706,0.815881
1439,val,shipping,2,2,0.966407,0.024481
1439,val,smell,0,0,0.136396,0.159858
1439,val,stayingpower,2,2,0.969724,0.018264
1439,val,texture,3,2,0.634721,0.216809
1440,val,colour,0,0,0.044468,0.109009
1440,val,packing,0,0,0.036338,0.113357
1440,val,price,0,0,0.029835,0.062904
1440,val,shipping,1,1,0.017553,0.970335
1440,val,smell,0,0,0.024573,0.035802
1440,val,stayingpower,0,0,0.029211,0.032312
1440,val,texture,0,0,0.026759,0.035078
1441,val,colour,1,1,0.005196,0.989805
1441,val,packing,0,0,0.014798,0.038117
1441,val,price,0,0,0.033793,0.056313
1441,val,shipping,0,0,0.036048,0.039604
1441,val,smell,0,0,0.021553,0.061977
1441,val,stayingpower,0,0,0.058056,0.155237
1441,val,texture,1,1,0.093773,0.535987
1442,val,colour,0,0,0.028401,0.034982
1442,val,packing,0,0,0.026788,0.025593
1442,val,price,0,0,0.029506,0.036332
1442,val,shipping,0,0,0.039451,0.043703
1442,val,smell,0,0,0.033702,0.037412
1442,val,stayingpower,0,0,0.03045,0.035044
1442,val,texture,0,0,0.02949,0.04009
1443,val,colour,1,1,0.011501,0.984583
1443,val,packing,0,0,0.014789,0.033704
1443,val,price,0,1,0.028348,0.940593
1443,val,shipping,0,0,0.059794,0.059052
1443,val,smell,0,0,0.0208,0.044956
1443,val,stayingpower,0,0,0.085519,0.089709
1443,val,texture,0,0,0.21934,0.153704
1444,val,colour,0,0,0.054835,0.078772
1444,val,packing,0,0,0.042664,0.091292
1444,val,price,1,1,0.017694,0.958889
1444,val,shipping,1,1,0.020593,0.960279
1444,val,smell,0,0,0.030176,0.037787
1444,val,stayingpower,0,0,0.055272,0.04433
1444,val,texture,0,0,0.036421,0.057041
1445,val,colour,1,1,0.032988,0.959832
1445,val,packing,1,1,0.017747,0.96208
1445,val,price,0,0,0.032757,0.04094
1445,val,shipping,0,0,0.132084,0.247812
1445,val,smell,0,0,0.033335,0.06631
1445,val,stayingpower,0,0,0.061127,0.081184
1445,val,texture,0,0,0.082724,0.090767
1446,val,colour,1,1,0.012638,0.979423
1446,val,packing,0,0,0.013363,0.039624
1446,val,price,0,0,0.037864,0.07429
1446,val,shipping,0,0,0.039841,0.054004
1446,val,smell,0,0,0.026204,0.058498
1446,val,stayingpower,0,0,0.043798,0.051763
1446,val,texture,0,0,0.034835,0.051656
1447,val,colour,1,1,0.010702,0.981257
1447,val,packing,0,0,0.017136,0.032555
1447,val,price,0,0,0.042992,0.091852
1447,val,shipping,0,0,0.043966,0.052388
1447,val,smell,0,0,0.024448,0.117433
1447,val,stayingpower,0,0,0.0641,0.156724
1447,val,texture,1,1,0.025351,0.935246
1448,val,colour,0,0,0.032568,0.088323
1448,val,packing,1,1,0.021318,0.96549
1448,val,price,0,0,0.04899,0.062635
1448,val,shipping,0,0,0.025703,0.127889
1448,val,smell,0,0,0.042871,0.057904
1448,val,stayingpower,0,0,0.031756,0.048554
1448,val,texture,0,0,0.037215,0.079946
1449,val,colour,0,0,0.04663,0.045362
1449,val,packing,0,0,0.050068,0.113177
1449,val,price,1,1,0.015479,0.967604
1449,val,shipping,1,1,0.031053,0.925605
1449,val,smell,0,0,0.031414,0.036945
1449,val,stayingpower,0,0,0.050171,0.039499
1449,val,texture,0,0,0.031685,0.046596
1450,val,colour,1,1,0.030883,0.951073
1450,val,packing,1,1,0.050837,0.807918
1450,val,price,0,0,0.042375,0.084106
1450,val,shipping,1,1,0.020842,0.961301
1450,val,smell,0,0,0.031136,0.13244
1450,val,stayingpower,0,0,0.076338,0.193706
1450,val,texture,1,1,0.028532,0.939677
1451,val,colour,0,0,0.052377,0.245394
1451,val,packing,1,1,0.036608,0.952579
1451,val,price,0,0,0.083908,0.08934
1451,val,shipping,1,1,0.073067,0.874198
1451,val,smell,1,1,0.025044,0.959133
1451,val,stayingpower,0,0,0.061834,0.280921
1451,val,texture,1,1,0.023902,0.916871
1452,val,colour,0,0,0.113389,0.224856
1452,val,packing,1,1,0.030934,0.959229
1452,val,price,0,0,0.077668,0.102907
1452,val,shipping,1,1,0.016469,0.975048
1452,val,smell,1,1,0.040248,0.936167
1452,val,stayingpower,0,0,0.061702,0.098905
1452,val,texture,0,0,0.049609,0.213473
1453,val,colour,0,0,0.043428,0.138893
1453,val,packing,0,0,0.063787,0.056633
1453,val,price,0,0,0.060259,0.070647
1453,val,shipping,0,0,0.034089,0.044293
1453,val,smell,1,1,0.028616,0.955873
1453,val,stayingpower,0,0,0.025308,0.112037
1453,val,texture,1,1,0.017423,0.915471
1454,val,colour,1,2,0.9168,0.069831
1454,val,packing,0,0,0.065355,0.06934
1454,val,price,1,1,0.026898,0.948791
1454,val,shipping,0,0,0.113335,0.064487
1454,val,smell,0,0,0.081565,0.06652
1454,val,stayingpower,0,0,0.063691,0.037729
1454,val,texture,0,0,0.104191,0.031573
1455,val,colour,1,1,0.035709,0.753848
1455,val,packing,0,0,0.012999,0.023422
1455,val,price,0,0,0.021675,0.026988
1455,val,shipping,0,0,0.02946,0.060686
1455,val,smell,0,0,0.014758,0.029353
1455,val,stayingpower,0,0,0.023899,0.065664
1455,val,texture,0,0,0.04327,0.274861
1456,val,colour,1,1,0.031291,0.927332
1456,val,packing,1,1,0.014501,0.968081
1456,val,price,0,0,0.039841,0.051492
1456,val,shipping,0,0,0.046096,0.161762
1456,val,smell,0,0,0.031237,0.060582
1456,val,stayingpower,0,0,0.036412,0.045796
1456,val,texture,0,0,0.043137,0.071487
1457,val,colour,0,0,0.025865,0.074005
1457,val,packing,0,1,0.053984,0.767649
1457,val,price,0,0,0.041306,0.062973
1457,val,shipping,0,0,0.023467,0.060118
1457,val,smell,0,0,0.026279,0.030694
1457,val,stayingpower,0,0,0.021945,0.023609
1457,val,texture,0,0,0.026758,0.04492
1458,val,colour,0,0,0.033828,0.135851
1458,val,packing,1,1,0.01495,0.975917
1458,val,price,0,0,0.048033,0.073926
1458,val,shipping,0,0,0.059793,0.216309
1458,val,smell,0,0,0.042711,0.062214
1458,val,stayingpower,0,0,0.027826,0.033027
1458,val,texture,0,0,0.026263,0.04574
1459,val,colour,0,0,0.022004,0.116014
1459,val,packing,0,0,0.100247,0.141849
1459,val,price,0,0,0.046517,0.06195
1459,val,shipping,2,2,0.981888,0.01018
1459,val,smell,0,0,0.03984,0.183006
1459,val,stayingpower,1,1,0.082655,0.647282
1459,val,texture,1,1,0.015279,0.952788
1460,val,colour,0,0,0.066673,0.0777
1460,val,packing,0,0,0.082587,0.074886
1460,val,price,0,0,0.043696,0.064452
1460,val,shipping,2,2,0.993656,0.003183
1460,val,smell,0,0,0.046652,0.053582
1460,val,stayingpower,0,0,0.046022,0.059111
1460,val,texture,0,0,0.04298,0.059803
1461,val,colour,1,1,0.007042,0.981339
1461,val,packing,0,0,0.020084,0.03694
1461,val,price,1,1,0.0411,0.892758
1461,val,shipping,0,0,0.064207,0.167281
1461,val,smell,0,0,0.033133,0.131116
1461,val,stayingpower,1,1,0.096388,0.845053
1461,val,texture,0,0,0.060396,0.45303
1462,val,colour,1,1,0.010163,0.983218
1462,val,packing,0,0,0.014892,0.050972
1462,val,price,0,0,0.038911,0.076067
1462,val,shipping,0,0,0.044737,0.070091
1462,val,smell,0,0,0.024149,0.053308
1462,val,stayingpower,0,0,0.043247,0.058985
1462,val,texture,0,0,0.032629,0.051935
1463,val,colour,1,1,0.006592,0.988288
1463,val,packing,0,0,0.017663,0.047738
1463,val,price,0,0,0.036108,0.062616
1463,val,shipping,0,0,0.056897,0.063863
1463,val,smell,0,0,0.018967,0.068554
1463,val,stayingpower,0,0,0.065836,0.193914
1463,val,texture,0,1,0.037137,0.871733
1464,val,colour,1,1,0.026305,0.956546
1464,val,packing,0,0,0.038505,0.077535
1464,val,price,0,0,0.052085,0.057504
1464,val,shipping,0,0,0.038254,0.052246
1464,val,smell,1,1,0.019015,0.957404
1464,val,stayingpower,0,0,0.046433,0.100066
1464,val,texture,1,1,0.027853,0.905776
1465,val,colour,1,1,0.175431,0.795575
1465,val,packing,0,0,0.041305,0.066804
1465,val,price,0,0,0.04017,0.11118
1465,val,shipping,0,0,0.046688,0.065316
1465,val,smell,0,0,0.033588,0.142062
1465,val,stayingpower,0,0,0.043625,0.124622
1465,val,texture,1,1,0.019353,0.965878
1466,val,colour,1,1,0.0138,0.974421
1466,val,packing,0,0,0.02088,0.096566
1466,val,price,1,1,0.020546,0.941012
1466,val,shipping,1,1,0.024568,0.94895
1466,val,smell,0,0,0.026798,0.058684
1466,val,stayingpower,0,0,0.064515,0.086743
1466,val,texture,0,0,0.056621,0.107649
1467,val,colour,1,1,0.0846,0.504596
1467,val,packing,2,2,0.573964,0.396055
1467,val,price,1,1,0.068538,0.902526
1467,val,shipping,0,0,0.375515,0.147289
1467,val,smell,0,0,0.161674,0.208702
1467,val,stayingpower,1,1,0.284453,0.508042
1467,val,texture,1,2,0.675484,0.268455
1468,val,colour,0,0,0.049337,0.048458
1468,val,packing,0,0,0.027254,0.021025
1468,val,price,1,1,0.023151,0.957099
1468,val,shipping,0,0,0.054741,0.062439
1468,val,smell,0,0,0.028733,0.033216
1468,val,stayingpower,0,0,0.035856,0.036891
1468,val,texture,0,0,0.041602,0.052819
1469,val,colour,1,2,0.98529,0.010533
1469,val,packing,0,0,0.070957,0.051176
1469,val,price,0,0,0.05432,0.100406
1469,val,shipping,0,0,0.034933,0.071615
1469,val,smell,0,0,0.066369,0.059169
1469,val,stayingpower,0,0,0.074766,0.06908
1469,val,texture,0,0,0.141729,0.134014
1470,val,colour,0,0,0.031265,0.06465
1470,val,packing,0,0,0.022538,0.029615
1470,val,price,0,0,0.029746,0.03967
1470,val,shipping,0,0,0.028973,0.03695
1470,val,smell,0,0,0.032946,0.044156
1470,val,stayingpower,0,0,0.024999,0.031943
1470,val,texture,0,0,0.026168,0.042743
1471,val,colour,0,0,0.035924,0.037766
1471,val,packing,0,0,0.029752,0.028737
1471,val,price,0,0,0.030807,0.038829
1471,val,shipping,0,0,0.032039,0.035864
1471,val,smell,0,0,0.036194,0.036959
1471,val,stayingpower,0,0,0.030072,0.034817
1471,val,texture,0,0,0.028031,0.033682
1472,val,colour,0,0,0.030926,0.056358
1472,val,packing,0,0,0.020389,0.024379
1472,val,price,0,0,0.027588,0.034104
1472,val,shipping,0,0,0.0339,0.05044
1472,val,smell,0,0,0.034344,0.044149
1472,val,stayingpower,0,0,0.02712,0.033323
1472,val,texture,0,0,0.025719,0.040386
1473,val,colour,2,2,0.993519,0.003698
1473,val,packing,0,0,0.109747,0.049282
1473,val,price,0,0,0.078564,0.117392
1473,val,shipping,0,0,0.06397,0.065331
1473,val,smell,0,0,0.133602,0.064871
1473,val,stayingpower,0,0,0.169468,0.093272
1473,val,texture,0,2,0.495036,0.092894
1474,val,colour,1,1,0.062117,0.875375
1474,val,packing,1,1,0.15243,0.709681
1474,val,price,0,0,0.101801,0.249032
1474,val,shipping,0,0,0.102562,0.351572
1474,val,smell,2,2,0.973648,0.020626
1474,val,stayingpower,1,2,0.532935,0.250668
1474,val,texture,1,2,0.743645,0.161172
1475,val,colour,1,1,0.030908,0.940674
1475,val,packing,0,0,0.038287,0.167467
1475,val,price,0,0,0.054966,0.11283
1475,val,shipping,1,1,0.02423,0.955553
1475,val,smell,1,1,0.03259,0.938186
1475,val,stayingpower,0,0,0.059934,0.108655
1475,val,texture,0,0,0.048316,0.127862
1476,val,colour,1,1,0.346368,0.628526
1476,val,packing,1,1,0.13089,0.830399
1476,val,price,0,0,0.134434,0.201323
1476,val,shipping,1,1,0.205146,0.646695
1476,val,smell,0,0,0.189484,0.105525
1476,val,stayingpower,0,0,0.429626,0.112504
1476,val,texture,2,2,0.981301,0.008948
1477,val,colour,1,0,0.061573,0.262325
1477,val,packing,0,0,0.035029,0.070585
1477,val,price,0,0,0.026063,0.027635
1477,val,shipping,0,0,0.01288,0.013106
1477,val,smell,0,0,0.017117,0.017622
1477,val,stayingpower,0,0,0.024574,0.073444
1477,val,texture,0,0,0.127857,0.39757
1478,val,colour,1,1,0.041212,0.928796
1478,val,packing,1,1,0.039075,0.937092
1478,val,price,0,0,0.070844,0.097108
1478,val,shipping,3,2,0.983435,0.010828
1478,val,smell,0,0,0.057394,0.126758
1478,val,stayingpower,0,0,0.099386,0.105664
1478,val,texture,0,0,0.114864,0.142571
1479,val,colour,1,1,0.039083,0.941582
1479,val,packing,0,0,0.034946,0.073284
1479,val,price,0,0,0.073818,0.216453
1479,val,shipping,0,0,0.096204,0.101522
1479,val,smell,0,0,0.029635,0.085618
1479,val,stayingpower,2,2,0.982393,0.015129
1479,val,texture,0,1,0.17278,0.44258
1480,val,colour,0,0,0.059997,0.020483
1480,val,packing,0,0,0.039155,0.019971
1480,val,price,0,0,0.027768,0.029761
1480,val,shipping,0,0,0.056165,0.064921
1480,val,smell,0,0,0.038222,0.033606
1480,val,stayingpower,0,0,0.034148,0.0392
1480,val,texture,0,0,0.036643,0.025824
1481,val,colour,0,0,0.026167,0.052579
1481,val,packing,0,0,0.026605,0.029694
1481,val,price,0,0,0.024923,0.031929
1481,val,shipping,1,0,0.166121,0.18287
1481,val,smell,0,0,0.024885,0.041748
1481,val,stayingpower,0,0,0.026812,0.042942
1481,val,texture,0,0,0.014822,0.021927
1482,val,colour,1,1,0.022148,0.963021
1482,val,packing,0,0,0.036472,0.08913
1482,val,price,1,1,0.026477,0.951508
1482,val,shipping,0,0,0.087911,0.084517
1482,val,smell,1,1,0.031627,0.944188
1482,val,stayingpower,0,0,0.046535,0.087066
1482,val,texture,0,0,0.066011,0.246077
1483,val,colour,0,0,0.039678,0.066599
1483,val,packing,0,0,0.031683,0.058896
1483,val,price,0,0,0.031662,0.067915
1483,val,shipping,1,1,0.014435,0.9721
1483,val,smell,0,0,0.02701,0.043072
1483,val,stayingpower,0,0,0.044576,0.049234
1483,val,texture,0,0,0.031713,0.04273
1484,val,colour,0,0,0.045197,0.039758
1484,val,packing,0,0,0.031114,0.03488
1484,val,price,0,0,0.027425,0.031237
1484,val,shipping,0,0,0.031165,0.056259
1484,val,smell,0,0,0.031383,0.031934
1484,val,stayingpower,0,0,0.025238,0.02906
1484,val,texture,0,0,0.027505,0.037963
1485,val,colour,1,1,0.006028,0.982153
1485,val,packing,0,0,0.016935,0.03367
1485,val,price,0,0,0.038135,0.066596
1485,val,shipping,0,0,0.038355,0.046257
1485,val,smell,0,0,0.01874,0.073619
1485,val,stayingpower,0,0,0.053856,0.214689
1485,val,texture,1,1,0.060591,0.868756
1486,val,colour,1,1,0.014406,0.971045
1486,val,packing,0,0,0.01839,0.033218
1486,val,price,0,0,0.036672,0.064554
1486,val,shipping,0,0,0.049083,0.079375
1486,val,smell,0,0,0.025345,0.130826
1486,val,stayingpower,0,0,0.06858,0.205118
1486,val,texture,1,1,0.015629,0.962836
1487,val,colour,1,1,0.014156,0.972133
1487,val,packing,0,0,0.022412,0.058138
1487,val,price,0,0,0.041458,0.09863
1487,val,shipping,0,0,0.053906,0.116867
1487,val,smell,0,0,0.015039,0.050996
1487,val,stayingpower,0,0,0.055989,0.154946
1487,val,texture,1,1,0.031072,0.941866
1488,val,colour,1,1,0.035579,0.872226
1488,val,packing,0,0,0.051856,0.107612
1488,val,price,0,0,0.041223,0.090258
1488,val,shipping,1,1,0.022338,0.949467
1488,val,smell,0,0,0.026706,0.137263
1488,val,stayingpower,1,1,0.117808,0.801539
1488,val,texture,1,1,0.016316,0.964162
1489,val,colour,1,1,0.03356,0.946187
1489,val,packing,1,1,0.012909,0.970818
1489,val,price,0,0,0.046057,0.099164
1489,val,shipping,1,1,0.015442,0.968554
1489,val,smell,0,0,0.040829,0.061218
1489,val,stayingpower,0,0,0.053382,0.058063
1489,val,texture,0,0,0.045788,0.061999
1490,val,colour,0,0,0.060113,0.191501
1490,val,packing,0,1,0.289794,0.694465
1490,val,price,0,0,0.1714,0.203009
1490,val,shipping,2,2,0.972888,0.019614
1490,val,smell,1,1,0.337286,0.565569
1490,val,stayingpower,0,0,0.310429,0.259279
1490,val,texture,2,2,0.636881,0.334385
1491,val,colour,0,0,0.033403,0.067438
1491,val,packing,0,0,0.022872,0.032618
1491,val,price,0,0,0.028232,0.035523
1491,val,shipping,0,0,0.031692,0.046752
1491,val,smell,0,0,0.033165,0.043458
1491,val,stayingpower,0,0,0.026031,0.028212
1491,val,texture,0,0,0.024983,0.035869
1492,val,colour,0,0,0.053656,0.086591
1492,val,packing,0,0,0.228361,0.128231
1492,val,price,1,1,0.025976,0.964289
1492,val,shipping,3,2,0.98972,0.00555
1492,val,smell,0,0,0.066023,0.105718
1492,val,stayingpower,0,0,0.069792,0.09233
1492,val,texture,0,0,0.113941,0.163318
1493,val,colour,0,0,0.032296,0.04493
1493,val,packing,0,0,0.025041,0.028464
1493,val,price,0,0,0.026822,0.031683
1493,val,shipping,0,0,0.037324,0.059331
1493,val,smell,0,0,0.031309,0.033004
1493,val,stayingpower,0,0,0.029023,0.035878
1493,val,texture,0,0,0.027689,0.035199
1494,val,colour,1,1,0.008156,0.985077
1494,val,packing,0,0,0.015799,0.065151
1494,val,price,0,0,0.039036,0.083724
1494,val,shipping,0,0,0.034891,0.081709
1494,val,smell,0,0,0.022612,0.052717
1494,val,stayingpower,0,0,0.034927,0.052363
1494,val,texture,0,0,0.038066,0.069638
1495,val,colour,0,0,0.102651,0.343099
1495,val,packing,0,0,0.042838,0.079024
1495,val,price,0,0,0.043428,0.072679
1495,val,shipping,1,1,0.013607,0.96736
1495,val,smell,3,1,0.03911,0.929684
1495,val,stayingpower,0,0,0.051406,0.109891
1495,val,texture,0,0,0.039457,0.116118
1496,val,colour,1,1,0.01712,0.970202
1496,val,packing,1,1,0.018098,0.941867
1496,val,price,0,0,0.043944,0.074438
1496,val,shipping,0,0,0.055846,0.161245
1496,val,smell,0,0,0.032537,0.066516
1496,val,stayingpower,0,0,0.047457,0.051396
1496,val,texture,0,0,0.03712,0.052315
1497,val,colour,0,2,0.918913,0.061396
1497,val,packing,1,1,0.06871,0.918511
1497,val,price,0,0,0.051329,0.032159
1497,val,shipping,0,0,0.043162,0.227826
1497,val,smell,0,0,0.080475,0.094157
1497,val,stayingpower,0,0,0.095608,0.06599
1497,val,texture,0,0,0.438773,0.119128
1498,val,colour,1,1,0.178826,0.770565
1498,val,packing,0,0,0.06827,0.079515
1498,val,price,1,1,0.082632,0.820669
1498,val,shipping,3,0,0.094191,0.092407
1498,val,smell,1,2,0.976953,0.014961
1498,val,stayingpower,0,0,0.24769,0.157126
1498,val,texture,1,2,0.931403,0.039581
1499,val,colour,1,1,0.021081,0.969704
1499,val,packing,1,1,0.012736,0.969788
1499,val,price,0,0,0.041498,0.056656
1499,val,shipping,1,1,0.027538,0.931658
1499,val,smell,0,0,0.041347,0.081177
1499,val,stayingpower,0,0,0.061741,0.078069
1499,val,texture,0,0,0.047164,0.07274
1500,val,colour,0,0,0.04516,0.116474
1500,val,packing,0,0,0.032499,0.079746
1500,val,price,0,0,0.031572,0.075236
1500,val,shipping,1,1,0.010845,0.97833
1500,val,smell,0,0,0.025913,0.044963
1500,val,stayingpower,0,0,0.04002,0.043138
1500,val,texture,0,0,0.028061,0.038533
1501,val,colour,1,1,0.008247,0.978859
1501,val,packing,0,0,0.030341,0.069803
1501,val,price,1,1,0.02319,0.958156
1501,val,shipping,0,0,0.063764,0.082871
1501,val,smell,0,0,0.026872,0.13665
1501,val,stayingpower,0,0,0.095412,0.264197
1501,val,texture,1,1,0.041638,0.932394
1502,val,colour,0,0,0.029421,0.067905
1502,val,packing,1,1,0.017917,0.973246
1502,val,price,0,0,0.038343,0.039704
1502,val,shipping,3,1,0.028667,0.883026
1502,val,smell,0,0,0.044407,0.06856
1502,val,stayingpower,0,0,0.029702,0.041634
1502,val,texture,0,0,0.029191,0.047941
1503,val,colour,0,0,0.055368,0.076104
1503,val,packing,1,1,0.030734,0.946702
1503,val,price,1,1,0.031281,0.930417
1503,val,shipping,1,1,0.014886,0.972067
1503,val,smell,0,0,0.055501,0.064051
1503,val,stayingpower,0,0,0.044655,0.039787
1503,val,texture,0,0,0.033835,0.043508
1504,val,colour,0,0,0.155245,0.274048
1504,val,packing,0,0,0.090268,0.09947
1504,val,price,0,0,0.09094,0.121255
1504,val,shipping,0,0,0.049485,0.084004
1504,val,smell,0,0,0.034069,0.039682
1504,val,stayingpower,2,2,0.985967,0.008011
1504,val,texture,3,2,0.857958,0.080681
1505,val,colour,2,2,0.98954,0.006239
1505,val,packing,0,0,0.084908,0.046015
1505,val,price,0,0,0.074164,0.124573
1505,val,shipping,0,0,0.048542,0.052475
1505,val,smell,0,0,0.081614,0.052584
1505,val,stayingpower,0,0,0.139058,0.066713
1505,val,texture,0,0,0.222693,0.088738
1506,val,colour,0,0,0.06534,0.429728
1506,val,packing,0,0,0.031358,0.028623
1506,val,price,0,0,0.042927,0.061935
1506,val,shipping,0,0,0.02589,0.031216
1506,val,smell,1,1,0.076761,0.897792
1506,val,stayingpower,0,0,0.022418,0.071435
1506,val,texture,0,0,0.033017,0.15205
1507,val,colour,0,1,0.036143,0.576253
1507,val,packing,0,0,0.030633,0.065834
1507,val,price,0,1,0.029305,0.860242
1507,val,shipping,0,1,0.097945,0.821277
1507,val,smell,0,0,0.007913,0.017087
1507,val,stayingpower,0,0,0.035164,0.162082
1507,val,texture,0,1,0.062871,0.570382
1508,val,colour,1,1,0.239592,0.71901
1508,val,packing,1,1,0.089812,0.824431
1508,val,price,0,0,0.143779,0.257007
1508,val,shipping,0,1,0.079565,0.570009
1508,val,smell,1,1,0.130314,0.805288
1508,val,stayingpower,1,2,0.923191,0.073719
1508,val,texture,1,1,0.142738,0.715178
1509,val,colour,0,0,0.042242,0.077717
1509,val,packing,0,0,0.102426,0.233895
1509,val,price,0,0,0.058164,0.103196
1509,val,shipping,1,1,0.038362,0.937807
1509,val,smell,1,1,0.033572,0.896122
1509,val,stayingpower,0,0,0.042206,0.106576
1509,val,texture,1,1,0.019036,0.924227
1510,val,colour,1,1,0.023396,0.966616
1510,val,packing,0,0,0.130026,0.279085
1510,val,price,0,0,0.114483,0.272056
1510,val,shipping,2,2,0.967284,0.016146
1510,val,smell,0,0,0.157105,0.128163
1510,val,stayingpower,1,2,0.521422,0.252236
1510,val,texture,2,2,0.954553,0.03032
1511,val,colour,1,1,0.01299,0.963353
1511,val,packing,0,0,0.046524,0.062205
1511,val,price,0,0,0.066679,0.090434
1511,val,shipping,0,0,0.044037,0.067024
1511,val,smell,1,1,0.043059,0.934448
1511,val,stayingpower,1,1,0.431296,0.541693
1511,val,texture,1,1,0.058463,0.851499
1512,val,colour,3,1,0.024487,0.943513
1512,val,packing,1,1,0.03342,0.920089
1512,val,price,0,0,0.059766,0.082204
1512,val,shipping,2,2,0.982316,0.011801
1512,val,smell,0,0,0.048458,0.125662
1512,val,stayingpower,0,0,0.054809,0.085937
1512,val,texture,0,0,0.070019,0.120381
1513,val,colour,1,1,0.032919,0.882761
1513,val,packing,0,0,0.017065,0.031151
1513,val,price,0,0,0.017629,0.017106
1513,val,shipping,0,0,0.042251,0.264176
1513,val,smell,0,0,0.007858,0.021671
1513,val,stayingpower,0,0,0.128912,0.41408
1513,val,texture,0,0,0.055623,0.410444
1514,val,colour,1,1,0.052277,0.881643
1514,val,packing,0,0,0.069088,0.081285
1514,val,price,0,0,0.077863,0.239342
1514,val,shipping,0,0,0.181857,0.100027
1514,val,smell,2,2,0.986476,0.009122
1514,val,stayingpower,0,0,0.102188,0.168053
1514,val,texture,0,2,0.413765,0.202903
1515,val,colour,1,1,0.012216,0.982958
1515,val,packing,0,0,0.025747,0.128939
1515,val,price,0,0,0.036826,0.067323
1515,val,shipping,0,0,0.027166,0.045394
1515,val,smell,0,0,0.014966,0.040294
1515,val,stayingpower,0,0,0.037203,0.085375
1515,val,texture,0,1,0.130845,0.483964
1516,val,colour,1,1,0.008195,0.968651
1516,val,packing,0,0,0.028991,0.047876
1516,val,price,0,0,0.041118,0.06089
1516,val,shipping,0,0,0.043199,0.081156
1516,val,smell,0,0,0.033887,0.110783
1516,val,stayingpower,1,1,0.065352,0.888834
1516,val,texture,0,0,0.062521,0.436289
1517,val,colour,0,0,0.074681,0.230194
1517,val,packing,0,0,0.1302,0.064089
1517,val,price,1,1,0.057038,0.907192
1517,val,shipping,0,0,0.048647,0.095229
1517,val,smell,2,1,0.273136,0.71565
1517,val,stayingpower,1,1,0.350854,0.545029
1517,val,texture,1,1,0.024899,0.946074
1518,val,colour,0,2,0.364478,0.276727
1518,val,packing,0,0,0.114203,0.052136
1518,val,price,0,0,0.081253,0.083887
1518,val,shipping,0,0,0.064736,0.036396
1518,val,smell,0,0,0.125843,0.056452
1518,val,stayingpower,0,0,0.144723,0.088988
1518,val,texture,2,2,0.990477,0.004159
1519,val,colour,0,1,0.04085,0.483624
1519,val,packing,0,0,0.021941,0.070095
1519,val,price,0,0,0.022946,0.026018
1519,val,shipping,0,0,0.027772,0.045782
1519,val,smell,0,0,0.021369,0.030548
1519,val,stayingpower,0,0,0.021217,0.029218
1519,val,texture,0,0,0.027499,0.04065
1520,val,colour,1,1,0.030907,0.936973
1520,val,packing,0,0,0.030587,0.045048
1520,val,price,0,0,0.041155,0.062855
1520,val,shipping,0,0,0.034017,0.047495
1520,val,smell,0,0,0.024382,0.066131
1520,val,stayingpower,1,2,0.508802,0.475424
1520,val,texture,0,1,0.301218,0.474304
1521,val,colour,0,0,0.067072,0.258342
1521,val,packing,1,1,0.119211,0.854924
1521,val,price,0,0,0.043989,0.020269
1521,val,shipping,2,2,0.957581,0.034914
1521,val,smell,0,0,0.051029,0.095779
1521,val,stayingpower,1,1,0.213133,0.674659
1521,val,texture,0,1,0.14819,0.555948
1522,val,colour,2,2,0.987382,0.007486
1522,val,packing,0,0,0.157689,0.073803
1522,val,price,0,0,0.098912,0.155279
1522,val,shipping,0,0,0.083425,0.092502
1522,val,smell,0,0,0.071104,0.036267
1522,val,stayingpower,0,0,0.180377,0.074611
1522,val,texture,0,2,0.90203,0.02465
1523,val,colour,1,1,0.008904,0.985063
1523,val,packing,0,0,0.015238,0.05201
1523,val,price,0,0,0.039749,0.08241
1523,val,shipping,0,0,0.048765,0.080239
1523,val,smell,0,0,0.024363,0.05424
1523,val,stayingpower,0,0,0.046764,0.059429
1523,val,texture,0,0,0.034585,0.047971
1524,val,colour,0,0,0.056765,0.146805
1524,val,packing,1,1,0.012288,0.983721
1524,val,price,0,0,0.051365,0.093948
1524,val,shipping,1,1,0.017026,0.962496
1524,val,smell,0,0,0.040564,0.047033
1524,val,stayingpower,0,0,0.038761,0.043585
1524,val,texture,0,0,0.043143,0.066021
1525,val,colour,0,0,0.033936,0.088597
1525,val,packing,0,0,0.06661,0.055702
1525,val,price,1,1,0.035483,0.9264
1525,val,shipping,2,2,0.985449,0.004667
1525,val,smell,0,0,0.045908,0.080671
1525,val,stayingpower,0,0,0.043627,0.062591
1525,val,texture,0,0,0.046357,0.093016
1526,val,colour,1,1,0.043065,0.865201
1526,val,packing,0,0,0.047027,0.045526
1526,val,price,0,0,0.063,0.066908
1526,val,shipping,0,0,0.040146,0.040366
1526,val,smell,1,1,0.032335,0.933426
1526,val,stayingpower,0,0,0.143601,0.233395
1526,val,texture,1,1,0.138963,0.85232
1527,val,colour,0,0,0.030548,0.091117
1527,val,packing,1,1,0.019781,0.970894
1527,val,price,0,0,0.049243,0.054445
1527,val,shipping,0,0,0.047883,0.121547
1527,val,smell,0,0,0.048757,0.080888
1527,val,stayingpower,0,0,0.03084,0.04814
1527,val,texture,0,0,0.035375,0.077396
1528,val,colour,1,1,0.01006,0.986522
1528,val,packing,0,0,0.014198,0.041466
1528,val,price,0,0,0.039517,0.08029
1528,val,shipping,0,0,0.052004,0.055507
1528,val,smell,0,0,0.029775,0.08297
1528,val,stayingpower,0,0,0.058486,0.079116
1528,val,texture,0,0,0.047591,0.066308
1529,val,colour,0,0,0.024536,0.197875
1529,val,packing,0,0,0.149747,0.306142
1529,val,price,0,0,0.062145,0.04216
1529,val,shipping,0,0,0.057372,0.253993
1529,val,smell,1,1,0.035313,0.949048
1529,val,stayingpower,1,1,0.024042,0.946711
1529,val,texture,0,1,0.035983,0.679748
1530,val,colour,1,1,0.013264,0.969156
1530,val,packing,0,0,0.052985,0.144745
1530,val,price,1,1,0.047252,0.895878
1530,val,shipping,2,2,0.986272,0.006901
1530,val,smell,0,0,0.045244,0.188166
1530,val,stayingpower,0,0,0.129817,0.24043
1530,val,texture,0,1,0.070005,0.876606
1531,val,colour,1,1,0.022988,0.961626
1531,val,packing,1,1,0.024587,0.952946
1531,val,price,0,0,0.069758,0.110731
1531,val,shipping,0,0,0.051968,0.154154
1531,val,smell,1,1,0.03741,0.931584
1531,val,stayingpower,0,0,0.050151,0.091058
1531,val,texture,0,0,0.059845,0.313722
1532,val,colour,1,1,0.007576,0.985912
1532,val,packing,0,1,0.029429,0.935034
1532,val,price,0,0,0.058717,0.068183
1532,val,shipping,0,0,0.071897,0.304339
1532,val,smell,0,0,0.034162,0.079082
1532,val,stayingpower,1,1,0.122349,0.758529
1532,val,texture,0,1,0.102527,0.482584
1533,val,colour,1,1,0.012033,0.969914
1533,val,packing,0,0,0.032619,0.047027
1533,val,price,1,1,0.039198,0.921365
1533,val,shipping,0,0,0.051475,0.066294
1533,val,smell,0,0,0.028821,0.090677
1533,val,stayingpower,1,1,0.236483,0.689045
1533,val,texture,1,1,0.042382,0.932677
1534,val,colour,1,1,0.011241,0.97725
1534,val,packing,1,1,0.015248,0.957828
1534,val,price,0,0,0.044888,0.066462
1534,val,shipping,0,0,0.070353,0.178889
1534,val,smell,0,0,0.033499,0.085374
1534,val,stayingpower,0,0,0.0484,0.064479
1534,val,texture,0,0,0.045463,0.088091
