chỉ số,split,khía cạnh,nhãn đúng,nhãn đoán,p(mã âm),p(mã dương)
0,test,colour,0,0,0.177885,0.208055
0,test,packing,1,1,0.052794,0.912555
0,test,price,0,0,0.146892,0.182303
0,test,shipping,0,0,0.174821,0.269423
0,test,smell,0,0,0.139169,0.131257
0,test,stayingpower,0,0,0.162826,0.137972
0,test,texture,0,0,0.13851,0.152647
1,test,colour,0,0,0.207875,0.206586
1,test,packing,1,1,0.071816,0.873727
1,test,price,0,0,0.171182,0.23216
1,test,shipping,1,1,0.046729,0.90721
1,test,smell,0,0,0.168092,0.178894
1,test,stayingpower,0,0,0.181689,0.175927
1,test,texture,0,0,0.163163,0.156964
2,test,colour,0,0,0.21162,0.255217
2,test,packing,0,0,0.11846,0.103686
2,test,price,0,0,0.128191,0.208914
2,test,shipping,0,0,0.11251,0.112365
2,test,smell,0,0,0.13234,0.40049
2,test,stayingpower,0,1,0.137607,0.532852
2,test,texture,1,1,0.04948,0.868296
3,test,colour,0,0,0.173799,0.15462
3,test,packing,1,1,0.059856,0.906489
3,test,price,0,0,0.154094,0.220175
3,test,shipping,0,0,0.165715,0.244107
3,test,smell,0,0,0.139779,0.142275
3,test,stayingpower,0,0,0.161514,0.134264
3,test,texture,0,0,0.136578,0.152766
4,test,colour,0,0,0.159575,0.105392
4,test,packing,0,0,0.133436,0.124604
4,test,price,0,0,0.127274,0.131099
4,test,shipping,0,0,0.138969,0.108591
4,test,smell,0,0,0.120131,0.09732
4,test,stayingpower,0,0,0.14649,0.127602
4,test,texture,0,0,0.133982,0.140562
5,test,colour,1,1,0.049505,0.892096
5,test,packing,0,0,0.128916,0.129415
5,test,price,0,0,0.139155,0.164481
5,test,shipping,0,0,0.156537,0.161363
5,test,smell,0,0,0.131234,0.104606
5,test,stayingpower,0,0,0.147069,0.155327
5,test,texture,0,0,0.188426,0.204202
6,test,colour,0,0,0.225685,0.143524
6,test,packing,0,0,0.124534,0.093025
6,test,price,0,0,0.128112,0.135331
6,test,shipping,0,0,0.156361,0.097657
6,test,smell,0,0,0.132807,0.104059
6,test,stayingpower,0,0,0.125115,0.106918
6,test,texture,0,0,0.134353,0.129374
7,test,colour,0,0,0.203668,0.231447
7,test,packing,0,0,0.172868,0.111488
7,test,price,1,1,0.082176,0.854772
7,test,shipping,0,0,0.16457,0.13323
7,test,smell,0,0,0.327252,0.141972
7,test,stayingpower,0,0,0.247966,0.167513
7,test,texture,2,2,0.872033,0.043107
8,test,colour,1,1,0.142693,0.723275
8,test,packing,0,0,0.181894,0.264638
8,test,price,0,0,0.17227,0.215934
8,test,shipping,2,2,0.963086,0.0165
8,test,smell,0,0,0.240999,0.207888
8,test,stayingpower,1,1,0.211755,0.512068
8,test,texture,3,1,0.13819,0.634463
9,test,colour,0,0,0.14824,0.121194
9,test,packing,0,0,0.133012,0.131774
9,test,price,0,0,0.125765,0.133017
9,test,shipping,0,0,0.123981,0.121925
9,test,smell,0,0,0.117516,0.096232
9,test,stayingpower,0,0,0.148346,0.114993
9,test,texture,0,0,0.127918,0.135213
10,test,colour,1,1,0.054145,0.900708
10,test,packing,0,0,0.112136,0.111959
10,test,price,0,0,0.138216,0.192736
10,test,shipping,0,0,0.129421,0.147993
10,test,smell,0,0,0.137424,0.235834
10,test,stayingpower,0,1,0.153458,0.440904
10,test,texture,1,1,0.099979,0.734864
11,test,colour,1,1,0.132728,0.720691
11,test,packing,1,1,0.191542,0.505664
11,test,price,0,0,0.211665,0.234636
11,test,shipping,0,2,0.376136,0.290866
11,test,smell,1,2,0.922802,0.03962
11,test,stayingpower,0,0,0.18489,0.258393
11,test,texture,0,0,0.332785,0.230933
12,test,colour,1,1,0.06295,0.852313
12,test,packing,0,0,0.139618,0.115649
12,test,price,0,0,0.17499,0.228361
12,test,shipping,0,0,0.226637,0.138747
12,test,smell,0,0,0.31806,0.255142
12,test,stayingpower,0,1,0.256667,0.44868
12,test,texture,3,2,0.824246,0.145255
13,test,colour,1,1,0.108765,0.66955
13,test,packing,0,0,0.143066,0.191155
13,test,price,0,0,0.163304,0.209854
13,test,shipping,0,0,0.179401,0.129703
13,test,smell,0,0,0.147921,0.22059
13,test,stayingpower,1,1,0.193032,0.740047
13,test,texture,1,1,0.050737,0.891968
14,test,colour,0,0,0.224868,0.207878
14,test,packing,0,0,0.182804,0.217811
14,test,price,0,0,0.159421,0.185411
14,test,shipping,2,2,0.942899,0.034238
14,test,smell,0,0,0.171167,0.141239
14,test,stayingpower,0,0,0.154291,0.195464
14,test,texture,0,0,0.145362,0.185799
15,test,colour,0,0,0.160977,0.158353
15,test,packing,0,0,0.131344,0.161242
15,test,price,0,0,0.113835,0.107471
15,test,shipping,2,2,0.605923,0.205105
15,test,smell,0,0,0.138045,0.128973
15,test,stayingpower,0,0,0.105999,0.110393
15,test,texture,0,0,0.095637,0.113454
16,test,colour,2,2,0.928426,0.033719
16,test,packing,0,0,0.155715,0.219237
16,test,price,0,0,0.153043,0.223977
16,test,shipping,0,0,0.220829,0.242555
16,test,smell,0,0,0.173315,0.35043
16,test,stayingpower,0,0,0.242964,0.351181
16,test,texture,1,1,0.096408,0.670276
17,test,colour,0,0,0.163902,0.129142
17,test,packing,0,0,0.129003,0.121074
17,test,price,0,0,0.127777,0.125444
17,test,shipping,0,0,0.129308,0.11071
17,test,smell,0,0,0.116186,0.092684
17,test,stayingpower,0,0,0.145534,0.119733
17,test,texture,0,0,0.130809,0.14061
18,test,colour,0,0,0.197379,0.216383
18,test,packing,1,1,0.053938,0.911411
18,test,price,0,0,0.155223,0.177701
18,test,shipping,3,1,0.096778,0.774767
18,test,smell,0,0,0.161264,0.15201
18,test,stayingpower,0,0,0.172312,0.151174
18,test,texture,0,0,0.142771,0.138608
19,test,colour,1,1,0.077771,0.82587
19,test,packing,0,0,0.182628,0.129801
19,test,price,0,0,0.15577,0.189963
19,test,shipping,0,0,0.123388,0.193797
19,test,smell,1,1,0.076043,0.863637
19,test,stayingpower,0,0,0.107059,0.201605
19,test,texture,0,1,0.13972,0.599705
20,test,colour,0,0,0.140927,0.281136
20,test,packing,0,0,0.113079,0.109724
20,test,price,0,0,0.114327,0.135657
20,test,shipping,0,0,0.093304,0.101884
20,test,smell,0,0,0.099355,0.098386
20,test,stayingpower,0,0,0.131725,0.126356
20,test,texture,0,0,0.134196,0.195066
21,test,colour,1,1,0.432556,0.47512
21,test,packing,0,0,0.159824,0.156564
21,test,price,0,0,0.203627,0.262249
21,test,shipping,0,0,0.238776,0.206307
21,test,smell,0,0,0.28727,0.13679
21,test,stayingpower,0,2,0.594237,0.168453
21,test,texture,2,2,0.937699,0.029417
22,test,colour,0,0,0.193566,0.244416
22,test,packing,0,0,0.127561,0.201924
22,test,price,0,0,0.145043,0.181558
22,test,shipping,1,1,0.038052,0.9107
22,test,smell,0,0,0.149016,0.149985
22,test,stayingpower,0,0,0.149902,0.134509
22,test,texture,0,0,0.134695,0.144
23,test,colour,0,0,0.145087,0.144048
23,test,packing,0,0,0.127078,0.138139
23,test,price,0,0,0.118057,0.147626
23,test,shipping,0,0,0.101645,0.127462
23,test,smell,0,0,0.123456,0.107411
23,test,stayingpower,0,0,0.156872,0.116085
23,test,texture,0,0,0.124856,0.154309
24,test,colour,0,0,0.21201,0.201051
24,test,packing,1,1,0.06396,0.898308
24,test,price,0,0,0.170134,0.17179
24,test,shipping,1,1,0.074827,0.860231
24,test,smell,0,0,0.167285,0.178395
24,test,stayingpower,0,0,0.192462,0.177436
24,test,texture,0,0,0.151552,0.154416
25,test,colour,0,1,0.072791,0.806418
25,test,packing,0,0,0.156156,0.105622
25,test,price,1,1,0.096228,0.786729
25,test,shipping,0,0,0.127718,0.12894
25,test,smell,0,0,0.186149,0.272916
25,test,stayingpower,0,1,0.372364,0.393853
25,test,texture,1,2,0.687837,0.271021
26,test,colour,0,0,0.22147,0.198534
26,test,packing,0,0,0.13714,0.284625
26,test,price,0,0,0.160676,0.204387
26,test,shipping,1,1,0.032881,0.935111
26,test,smell,0,0,0.1618,0.143015
26,test,stayingpower,0,0,0.180069,0.155467
26,test,texture,0,0,0.153496,0.144889
27,test,colour,0,2,0.456123,0.265302
27,test,packing,1,1,0.32365,0.623675
27,test,price,1,1,0.17494,0.733945
27,test,shipping,0,2,0.429498,0.265585
27,test,smell,1,1,0.123245,0.836671
27,test,stayingpower,0,0,0.214978,0.193271
27,test,texture,0,2,0.595077,0.209213
28,test,colour,0,0,0.144543,0.146595
28,test,packing,0,0,0.126108,0.138196
28,test,price,0,0,0.120897,0.131536
28,test,shipping,0,0,0.117456,0.159679
28,test,smell,0,0,0.115847,0.101826
28,test,stayingpower,0,0,0.137532,0.103638
28,test,texture,0,0,0.116355,0.123762
29,test,colour,0,0,0.150706,0.132927
29,test,packing,0,0,0.131362,0.123091
29,test,price,0,0,0.122589,0.130396
29,test,shipping,0,0,0.119333,0.11303
29,test,smell,0,0,0.120706,0.099287
29,test,stayingpower,0,0,0.142181,0.117977
29,test,texture,0,0,0.129098,0.146881
30,test,colour,1,1,0.139301,0.755145
30,test,packing,0,0,0.197427,0.244765
30,test,price,1,1,0.122661,0.763515
30,test,shipping,1,1,0.089869,0.772338
30,test,smell,0,0,0.24711,0.195033
30,test,stayingpower,0,0,0.352271,0.202114
30,test,texture,2,2,0.869432,0.047643
31,test,colour,1,1,0.073452,0.868378
31,test,packing,0,0,0.142022,0.243519
31,test,price,0,0,0.156034,0.166192
31,test,shipping,1,1,0.061532,0.876234
31,test,smell,0,0,0.180415,0.178998
31,test,stayingpower,0,0,0.151797,0.168493
31,test,texture,0,0,0.189164,0.180605
32,test,colour,1,1,0.038277,0.90815
32,test,packing,0,0,0.146278,0.130678
32,test,price,1,1,0.089255,0.823974
32,test,shipping,0,0,0.153968,0.192636
32,test,smell,0,0,0.158958,0.146774
32,test,stayingpower,0,0,0.176008,0.203737
32,test,texture,0,0,0.235782,0.312834
33,test,colour,0,0,0.27363,0.278163
33,test,packing,0,0,0.262776,0.219886
33,test,price,0,0,0.212339,0.217027
33,test,shipping,2,2,0.89111,0.053841
33,test,smell,2,2,0.864862,0.092175
33,test,stayingpower,0,0,0.129923,0.217105
33,test,texture,0,0,0.260949,0.279116
34,test,colour,2,2,0.942846,0.036419
34,test,packing,0,0,0.167099,0.214051
34,test,price,0,0,0.160623,0.20087
34,test,shipping,0,0,0.15759,0.243451
34,test,smell,0,0,0.23412,0.230186
34,test,stayingpower,0,0,0.174134,0.178289
34,test,texture,0,0,0.167185,0.251314
35,test,colour,3,2,0.870379,0.086562
35,test,packing,0,0,0.163064,0.187778
35,test,price,0,0,0.186709,0.212025
35,test,shipping,0,0,0.137237,0.227945
35,test,smell,0,0,0.259071,0.201033
35,test,stayingpower,0,2,0.486227,0.257134
35,test,texture,2,2,0.831358,0.105157
36,test,colour,1,1,0.143389,0.649809
36,test,packing,2,2,0.66085,0.253253
36,test,price,0,0,0.223767,0.279393
36,test,shipping,1,1,0.219205,0.732038
36,test,smell,0,0,0.265419,0.292209
36,test,stayingpower,0,0,0.410054,0.158488
36,test,texture,0,2,0.445477,0.140172
37,test,colour,0,2,0.372994,0.321342
37,test,packing,0,0,0.184461,0.174101
37,test,price,0,0,0.22565,0.243237
37,test,shipping,0,0,0.261806,0.212344
37,test,smell,2,2,0.945008,0.03482
37,test,stayingpower,0,0,0.194254,0.259449
37,test,texture,3,2,0.660055,0.169619
38,test,colour,0,0,0.209721,0.185431
38,test,packing,0,0,0.128668,0.183738
38,test,price,0,0,0.155834,0.227433
38,test,shipping,1,1,0.039739,0.917666
38,test,smell,0,0,0.157167,0.147349
38,test,stayingpower,0,0,0.166123,0.146011
38,test,texture,0,0,0.146147,0.148667
39,test,colour,0,0,0.200822,0.182981
39,test,packing,0,0,0.141951,0.225874
39,test,price,1,1,0.061416,0.885785
39,test,shipping,1,1,0.06013,0.864909
39,test,smell,0,0,0.15871,0.147342
39,test,stayingpower,0,0,0.184101,0.14828
39,test,texture,0,0,0.193486,0.165255
40,test,colour,1,1,0.045538,0.921245
40,test,packing,0,0,0.128554,0.143816
40,test,price,0,0,0.142562,0.159351
40,test,shipping,0,0,0.146424,0.186441
40,test,smell,0,0,0.143268,0.118143
40,test,stayingpower,0,0,0.174715,0.189283
40,test,texture,0,0,0.20568,0.269501
41,test,colour,1,1,0.100569,0.833807
41,test,packing,0,0,0.127356,0.157636
41,test,price,0,0,0.152024,0.15734
41,test,shipping,0,0,0.149472,0.13733
41,test,smell,0,0,0.156716,0.22336
41,test,stayingpower,1,1,0.165117,0.674526
41,test,texture,1,1,0.064039,0.852251
42,test,colour,0,0,0.176468,0.163942
42,test,packing,0,0,0.124534,0.121914
42,test,price,0,0,0.125477,0.150933
42,test,shipping,0,0,0.112489,0.113184
42,test,smell,0,0,0.108372,0.081369
42,test,stayingpower,0,0,0.143838,0.110341
42,test,texture,0,0,0.128918,0.130879
43,test,colour,1,1,0.082881,0.822161
43,test,packing,0,0,0.2214,0.228075
43,test,price,1,1,0.111913,0.783447
43,test,shipping,2,2,0.918659,0.03358
43,test,smell,0,0,0.225651,0.222855
43,test,stayingpower,0,0,0.172333,0.255941
43,test,texture,0,0,0.263479,0.312147
44,test,colour,0,0,0.335373,0.229637
44,test,packing,0,0,0.202447,0.151887
44,test,price,1,1,0.14808,0.719556
44,test,shipping,0,0,0.144784,0.179212
44,test,smell,0,0,0.285433,0.183289
44,test,stayingpower,0,2,0.434458,0.165599
44,test,texture,0,2,0.943903,0.021901
45,test,colour,2,1,0.41704,0.524278
45,test,packing,0,0,0.204836,0.210965
45,test,price,0,0,0.16154,0.159469
45,test,shipping,2,2,0.924249,0.03155
45,test,smell,0,0,0.213894,0.157122
45,test,stayingpower,0,0,0.17577,0.214828
45,test,texture,0,0,0.321647,0.202643
46,test,colour,2,2,0.892956,0.073004
46,test,packing,1,1,0.175438,0.682273
46,test,price,1,1,0.183263,0.641676
46,test,shipping,1,1,0.149101,0.711062
46,test,smell,0,1,0.265148,0.374007
46,test,stayingpower,0,2,0.431129,0.222095
46,test,texture,0,2,0.681728,0.1353
47,test,colour,1,1,0.036673,0.924554
47,test,packing,0,0,0.13795,0.166395
47,test,price,0,0,0.144777,0.162236
47,test,shipping,0,0,0.175204,0.207988
47,test,smell,0,0,0.141613,0.106376
47,test,stayingpower,0,0,0.175567,0.180251
47,test,texture,0,0,0.199946,0.231991
48,test,colour,1,1,0.092356,0.825953
48,test,packing,1,1,0.102973,0.792658
48,test,price,0,0,0.18192,0.191941
48,test,shipping,1,1,0.064156,0.879559
48,test,smell,0,0,0.185267,0.17055
48,test,stayingpower,0,0,0.187652,0.193316
48,test,texture,0,0,0.206734,0.17299
49,test,colour,1,1,0.056987,0.881315
49,test,packing,0,0,0.11799,0.113039
49,test,price,0,0,0.146355,0.230061
49,test,shipping,0,0,0.140462,0.145523
49,test,smell,0,0,0.141594,0.280131
49,test,stayingpower,0,1,0.161579,0.555397
49,test,texture,1,1,0.075774,0.833488
50,test,colour,1,1,0.258388,0.637687
50,test,packing,0,0,0.162068,0.16672
50,test,price,0,0,0.192968,0.215988
50,test,shipping,0,0,0.252309,0.239868
50,test,smell,2,2,0.917817,0.034416
50,test,stayingpower,0,0,0.162566,0.209427
50,test,texture,0,0,0.349437,0.229488
51,test,colour,0,0,0.188313,0.17098
51,test,packing,0,0,0.121408,0.125498
51,test,price,0,0,0.122319,0.13315
51,test,shipping,0,0,0.125162,0.111108
51,test,smell,0,0,0.112982,0.100175
51,test,stayingpower,0,0,0.124557,0.104336
51,test,texture,0,0,0.122849,0.136636
52,test,colour,0,2,0.384669,0.242094
52,test,packing,0,0,0.315069,0.281754
52,test,price,2,1,0.216697,0.450897
52,test,shipping,2,2,0.920505,0.047144
52,test,smell,0,0,0.292665,0.165456
52,test,stayingpower,2,2,0.893741,0.057353
52,test,texture,0,2,0.382832,0.313165
53,test,colour,0,0,0.168427,0.161499
53,test,packing,0,0,0.118622,0.104155
53,test,price,0,0,0.117884,0.149898
53,test,shipping,0,0,0.101598,0.097394
53,test,smell,0,0,0.116309,0.120785
53,test,stayingpower,0,0,0.128077,0.113587
53,test,texture,0,0,0.133138,0.168695
54,test,colour,1,1,0.161278,0.70023
54,test,packing,1,1,0.242325,0.611901
54,test,price,1,1,0.170896,0.662887
54,test,shipping,2,2,0.918989,0.04556
54,test,smell,0,0,0.266158,0.347187
54,test,stayingpower,3,2,0.467546,0.400109
54,test,texture,1,1,0.439443,0.468089
55,test,colour,1,2,0.619173,0.315294
55,test,packing,0,0,0.134867,0.139755
55,test,price,1,1,0.103348,0.745057
55,test,shipping,0,0,0.134098,0.223689
55,test,smell,0,1,0.196946,0.425881
55,test,stayingpower,0,1,0.276122,0.470091
55,test,texture,1,1,0.068818,0.852861
56,test,colour,0,0,0.173694,0.178416
56,test,packing,0,2,0.687446,0.189734
56,test,price,0,0,0.203106,0.289424
56,test,shipping,0,0,0.316003,0.143322
56,test,smell,0,0,0.160374,0.224901
56,test,stayingpower,0,0,0.27799,0.119616
56,test,texture,0,0,0.372289,0.140347
57,test,colour,0,0,0.118105,0.191998
57,test,packing,0,0,0.110946,0.117484
57,test,price,0,0,0.12553,0.285764
57,test,shipping,0,0,0.114589,0.310818
57,test,smell,0,0,0.102428,0.111846
57,test,stayingpower,0,0,0.110336,0.079849
57,test,texture,0,0,0.106672,0.133474
58,test,colour,1,1,0.111821,0.772523
58,test,packing,0,0,0.311455,0.278758
58,test,price,1,1,0.143994,0.728921
58,test,shipping,2,2,0.925566,0.043003
58,test,smell,1,1,0.155282,0.755049
58,test,stayingpower,0,0,0.142613,0.302263
58,test,texture,0,1,0.216735,0.507047
59,test,colour,0,0,0.122298,0.107244
59,test,packing,0,0,0.121436,0.122176
59,test,price,0,0,0.127685,0.320665
59,test,shipping,0,0,0.101972,0.144367
59,test,smell,0,0,0.102431,0.117668
59,test,stayingpower,0,0,0.132105,0.101232
59,test,texture,0,0,0.113604,0.158052
60,test,colour,0,0,0.171704,0.267341
60,test,packing,1,1,0.046807,0.915298
60,test,price,0,0,0.138113,0.189102
60,test,shipping,0,0,0.152688,0.186821
60,test,smell,0,0,0.107995,0.1488
60,test,stayingpower,0,0,0.189829,0.293052
60,test,texture,0,0,0.12318,0.433056
61,test,colour,0,0,0.228978,0.291795
61,test,packing,2,2,0.610354,0.226562
61,test,price,0,0,0.229185,0.32438
61,test,shipping,1,2,0.809936,0.083982
61,test,smell,0,0,0.272891,0.252328
61,test,stayingpower,2,2,0.908621,0.050854
61,test,texture,1,1,0.308549,0.384922
62,test,colour,0,0,0.214004,0.294549
62,test,packing,0,0,0.206659,0.165217
62,test,price,0,0,0.17055,0.241029
62,test,shipping,0,0,0.157859,0.198498
62,test,smell,1,1,0.054716,0.918131
62,test,stayingpower,0,1,0.141338,0.460428
62,test,texture,1,1,0.064055,0.862123
63,test,colour,0,0,0.224971,0.19895
63,test,packing,0,0,0.246946,0.230679
63,test,price,1,1,0.13844,0.725233
63,test,shipping,2,2,0.963355,0.014656
63,test,smell,0,0,0.227412,0.204081
63,test,stayingpower,0,0,0.160151,0.232895
63,test,texture,0,0,0.214488,0.255835
64,test,colour,0,0,0.179064,0.127063
64,test,packing,0,0,0.131156,0.124411
64,test,price,0,0,0.127627,0.142477
64,test,shipping,0,0,0.120503,0.108653
64,test,smell,0,0,0.111049,0.090795
64,test,stayingpower,0,0,0.140826,0.117636
64,test,texture,0,0,0.125707,0.133393
65,test,colour,1,1,0.042752,0.920968
65,test,packing,0,0,0.136522,0.171767
65,test,price,0,0,0.146161,0.170801
65,test,shipping,0,0,0.161607,0.194789
65,test,smell,0,0,0.150443,0.122885
65,test,stayingpower,0,0,0.166053,0.172387
65,test,texture,0,0,0.193396,0.223194
66,test,colour,1,1,0.221492,0.598979
66,test,packing,0,0,0.199291,0.190375
66,test,price,0,0,0.231485,0.296597
66,test,shipping,0,0,0.226601,0.222223
66,test,smell,0,0,0.30242,0.171768
66,test,stayingpower,2,2,0.774446,0.112442
66,test,texture,2,2,0.949823,0.027901
67,test,colour,0,0,0.145029,0.267205
67,test,packing,0,0,0.257692,0.134227
67,test,price,0,0,0.182366,0.266017
67,test,shipping,0,0,0.070968,0.117
67,test,smell,1,1,0.081813,0.848993
67,test,stayingpower,0,2,0.386249,0.330934
67,test,texture,1,1,0.19307,0.728799
68,test,colour,1,1,0.069224,0.881666
68,test,packing,0,0,0.140798,0.199203
68,test,price,0,0,0.153064,0.210262
68,test,shipping,3,1,0.07142,0.853275
68,test,smell,0,0,0.17305,0.175601
68,test,stayingpower,0,0,0.146589,0.161782
68,test,texture,0,0,0.190396,0.190212
69,test,colour,0,0,0.188479,0.183705
69,test,packing,0,0,0.126376,0.117926
69,test,price,0,0,0.121081,0.136711
69,test,shipping,0,0,0.115143,0.110704
69,test,smell,0,0,0.115415,0.099927
69,test,stayingpower,0,0,0.124134,0.096134
69,test,texture,0,0,0.12812,0.129863
70,test,colour,1,1,0.055058,0.904207
70,test,packing,0,0,0.196209,0.19252
70,test,price,0,0,0.165388,0.174827
70,test,shipping,0,0,0.168446,0.202217
70,test,smell,1,1,0.089488,0.828751
70,test,stayingpower,0,0,0.124807,0.246945
70,test,texture,0,1,0.151689,0.573281
71,test,colour,0,1,0.272979,0.365256
71,test,packing,0,0,0.2185,0.242523
71,test,price,0,0,0.175816,0.230932
71,test,shipping,1,1,0.088639,0.813561
71,test,smell,0,0,0.291222,0.331771
71,test,stayingpower,0,2,0.36761,0.308184
71,test,texture,3,2,0.883766,0.076427
72,test,colour,0,0,0.139046,0.128796
72,test,packing,0,0,0.126389,0.124074
72,test,price,0,0,0.125449,0.169135
72,test,shipping,0,0,0.108161,0.120288
72,test,smell,0,0,0.118381,0.11674
72,test,stayingpower,0,0,0.13737,0.103494
72,test,texture,0,0,0.122753,0.142133
73,test,colour,0,0,0.201454,0.233044
73,test,packing,1,1,0.156537,0.727963
73,test,price,0,0,0.16565,0.174165
73,test,shipping,2,2,0.949356,0.027229
73,test,smell,0,0,0.171567,0.165093
73,test,stayingpower,0,0,0.172705,0.23475
73,test,texture,0,0,0.143146,0.226836
74,test,colour,1,1,0.119131,0.778937
74,test,packing,0,0,0.290549,0.246841
74,test,price,1,1,0.15149,0.692231
74,test,shipping,2,2,0.932236,0.035023
74,test,smell,1,1,0.158556,0.738016
74,test,stayingpower,0,0,0.143867,0.302755
74,test,texture,0,1,0.20624,0.531455
75,test,colour,1,1,0.089033,0.771437
75,test,packing,0,0,0.171642,0.186997
75,test,price,1,1,0.097617,0.8016
75,test,shipping,0,0,0.167617,0.192554
75,test,smell,0,0,0.160071,0.145065
75,test,stayingpower,3,2,0.877362,0.086931
75,test,texture,0,1,0.302708,0.522788
76,test,colour,0,0,0.164619,0.146424
76,test,packing,0,0,0.120357,0.112144
76,test,price,0,0,0.126406,0.140171
76,test,shipping,0,0,0.121826,0.126075
76,test,smell,0,0,0.111441,0.098809
76,test,stayingpower,0,0,0.134373,0.109215
76,test,texture,0,0,0.126424,0.133457
77,test,colour,0,0,0.16212,0.153359
77,test,packing,0,0,0.124758,0.124282
77,test,price,0,0,0.119578,0.136366
77,test,shipping,0,0,0.109932,0.118289
77,test,smell,0,0,0.11662,0.113211
77,test,stayingpower,0,0,0.131445,0.103347
77,test,texture,0,0,0.119855,0.141806
78,test,colour,1,1,0.102485,0.82757
78,test,packing,0,0,0.201093,0.250354
78,test,price,0,0,0.182361,0.225076
78,test,shipping,1,1,0.06347,0.869322
78,test,smell,1,1,0.119933,0.80254
78,test,stayingpower,0,0,0.103444,0.170226
78,test,texture,0,0,0.177763,0.345511
79,test,colour,3,1,0.384269,0.418137
79,test,packing,0,0,0.18691,0.246531
79,test,price,0,0,0.198007,0.267534
79,test,shipping,0,0,0.205016,0.230123
79,test,smell,0,0,0.172687,0.194152
79,test,stayingpower,2,2,0.960926,0.026745
79,test,texture,0,1,0.216153,0.549096
80,test,colour,1,1,0.036636,0.919087
80,test,packing,0,0,0.132598,0.14185
80,test,price,0,0,0.140582,0.15557
80,test,shipping,0,0,0.158932,0.188285
80,test,smell,0,0,0.144162,0.121928
80,test,stayingpower,0,0,0.162048,0.182061
80,test,texture,0,0,0.18761,0.256489
81,test,colour,1,1,0.04726,0.891504
81,test,packing,0,0,0.126033,0.127785
81,test,price,0,0,0.137774,0.163226
81,test,shipping,0,0,0.147442,0.162544
81,test,smell,0,0,0.123365,0.094182
81,test,stayingpower,0,0,0.15957,0.163808
81,test,texture,0,0,0.193465,0.21918
82,test,colour,0,0,0.205698,0.26367
82,test,packing,1,1,0.049586,0.919765
82,test,price,0,0,0.159849,0.179048
82,test,shipping,0,1,0.102131,0.777312
82,test,smell,0,0,0.165063,0.140883
82,test,stayingpower,0,0,0.179446,0.163743
82,test,texture,0,0,0.153739,0.141212
83,test,colour,0,0,0.124853,0.090079
83,test,packing,0,0,0.122045,0.130266
83,test,price,0,0,0.139836,0.383522
83,test,shipping,0,0,0.144068,0.18177
83,test,smell,0,0,0.102083,0.09939
83,test,stayingpower,0,0,0.122157,0.100943
83,test,texture,0,0,0.110747,0.118006
84,test,colour,0,0,0.175226,0.172975
84,test,packing,1,1,0.057752,0.906112
84,test,price,0,0,0.142097,0.191867
84,test,shipping,0,0,0.177421,0.231582
84,test,smell,0,0,0.129683,0.119655
84,test,stayingpower,0,0,0.172222,0.147997
84,test,texture,0,0,0.138821,0.158703
85,test,colour,0,0,0.168102,0.32839
85,test,packing,0,0,0.139587,0.199561
85,test,price,1,1,0.047324,0.918038
85,test,shipping,1,1,0.069112,0.810585
85,test,smell,0,0,0.144533,0.216615
85,test,stayingpower,0,0,0.136146,0.136404
85,test,texture,0,0,0.192575,0.210362
86,test,colour,0,0,0.207188,0.261106
86,test,packing,0,0,0.239109,0.211194
86,test,price,1,1,0.089215,0.824695
86,test,shipping,0,0,0.173611,0.158411
86,test,smell,1,1,0.052909,0.909251
86,test,stayingpower,0,0,0.113941,0.336738
86,test,texture,1,1,0.087841,0.784423
87,test,colour,0,1,0.188949,0.51871
87,test,packing,0,0,0.243793,0.375582
87,test,price,0,0,0.1968,0.244405
87,test,shipping,2,2,0.924539,0.046452
87,test,smell,1,1,0.121439,0.796185
87,test,stayingpower,1,1,0.170907,0.624899
87,test,texture,0,1,0.059579,0.853862
88,test,colour,2,2,0.898813,0.051792
88,test,packing,0,0,0.245856,0.323096
88,test,price,0,0,0.217777,0.231773
88,test,shipping,0,0,0.161953,0.314667
88,test,smell,2,1,0.130899,0.784667
88,test,stayingpower,2,2,0.594609,0.255402
88,test,texture,1,1,0.117665,0.746764
89,test,colour,0,0,0.146751,0.342517
89,test,packing,0,0,0.128778,0.159484
89,test,price,0,0,0.142726,0.196218
89,test,shipping,0,0,0.151271,0.095604
89,test,smell,0,0,0.116751,0.161049
89,test,stayingpower,1,1,0.186601,0.713626
89,test,texture,1,1,0.068351,0.844429
90,test,colour,0,0,0.142713,0.103773
90,test,packing,0,0,0.135511,0.229816
90,test,price,0,0,0.117124,0.132722
90,test,shipping,0,1,0.16846,0.46814
90,test,smell,0,0,0.118978,0.11134
90,test,stayingpower,0,0,0.113749,0.092047
90,test,texture,0,0,0.095373,0.099919
91,test,colour,0,0,0.163244,0.119148
91,test,packing,0,0,0.125394,0.119263
91,test,price,0,0,0.127758,0.139897
91,test,shipping,0,0,0.138222,0.127121
91,test,smell,0,0,0.119437,0.093242
91,test,stayingpower,0,0,0.132684,0.112522
91,test,texture,0,0,0.132105,0.128633
92,test,colour,1,1,0.050267,0.872229
92,test,packing,0,0,0.124068,0.117494
92,test,price,0,0,0.146948,0.23815
92,test,shipping,0,0,0.133887,0.123042
92,test,smell,0,0,0.140751,0.283956
92,test,stayingpower,0,1,0.140361,0.530854
92,test,texture,1,1,0.07403,0.819021
93,test,colour,1,1,0.088508,0.821466
93,test,packing,0,0,0.185938,0.147367
93,test,price,0,0,0.166834,0.17955
93,test,shipping,0,0,0.17254,0.185166
93,test,smell,1,1,0.080379,0.863045
93,test,stayingpower,0,1,0.132637,0.442078
93,test,texture,1,1,0.076314,0.834754
94,test,colour,1,2,0.944926,0.025913
94,test,packing,0,0,0.173143,0.197646
94,test,price,0,0,0.180677,0.199041
94,test,shipping,0,0,0.144039,0.216674
94,test,smell,0,0,0.251839,0.212848
94,test,stayingpower,0,0,0.190476,0.181929
94,test,texture,0,0,0.169406,0.226428
95,test,colour,3,2,0.743251,0.1418
95,test,packing,0,0,0.141403,0.126531
95,test,price,1,1,0.062076,0.883112
95,test,shipping,0,0,0.107258,0.172466
95,test,smell,0,0,0.174569,0.247501
95,test,stayingpower,0,0,0.137741,0.147867
95,test,texture,0,0,0.217088,0.252536
96,test,colour,0,0,0.138733,0.158647
96,test,packing,0,0,0.122869,0.118087
96,test,price,0,0,0.115617,0.132449
96,test,shipping,0,0,0.10589,0.10911
96,test,smell,0,0,0.109102,0.108646
96,test,stayingpower,0,0,0.139956,0.124167
96,test,texture,0,0,0.130582,0.18649
97,test,colour,0,0,0.210899,0.240335
97,test,packing,1,1,0.056897,0.902469
97,test,price,0,0,0.163542,0.187718
97,test,shipping,1,1,0.065487,0.85913
97,test,smell,0,0,0.172863,0.158602
97,test,stayingpower,0,0,0.181173,0.172257
97,test,texture,0,0,0.15899,0.149867
98,test,colour,0,0,0.210556,0.190441
98,test,packing,1,1,0.07567,0.866301
98,test,price,0,0,0.164627,0.181965
98,test,shipping,1,1,0.042473,0.902858
98,test,smell,0,0,0.177339,0.193009
98,test,stayingpower,0,0,0.188029,0.177215
98,test,texture,0,0,0.154809,0.159437
99,test,colour,0,0,0.140821,0.390528
99,test,packing,0,0,0.143477,0.177771
99,test,price,1,1,0.072832,0.839792
99,test,shipping,0,0,0.139767,0.169373
99,test,smell,0,0,0.128844,0.159184
99,test,stayingpower,1,1,0.248202,0.626137
99,test,texture,1,1,0.069493,0.841752
100,test,colour,0,0,0.1398,0.204759
100,test,packing,0,0,0.142977,0.154683
100,test,price,1,1,0.044497,0.924564
100,test,shipping,0,0,0.129402,0.171316
100,test,smell,0,0,0.135505,0.148907
100,test,stayingpower,0,0,0.133065,0.130844
100,test,texture,0,0,0.18008,0.180149
101,test,colour,0,0,0.225181,0.266355
101,test,packing,0,0,0.185457,0.24504
101,test,price,0,0,0.158886,0.204874
101,test,shipping,1,1,0.097122,0.79731
101,test,smell,1,1,0.096223,0.823625
101,test,stayingpower,1,1,0.138113,0.566076
101,test,texture,1,1,0.056057,0.858998
102,test,colour,0,0,0.160646,0.15279
102,test,packing,0,0,0.122942,0.124145
102,test,price,0,0,0.123972,0.158561
102,test,shipping,0,0,0.10875,0.121837
102,test,smell,0,0,0.109016,0.101547
102,test,stayingpower,0,0,0.133623,0.104045
102,test,texture,0,0,0.116782,0.134549
103,test,colour,1,1,0.125614,0.765913
103,test,packing,1,1,0.13563,0.781038
103,test,price,0,0,0.18737,0.166192
103,test,shipping,1,1,0.127611,0.739227
103,test,smell,1,1,0.079269,0.858774
103,test,stayingpower,0,0,0.151494,0.375289
103,test,texture,1,1,0.099035,0.717081
104,test,colour,2,2,0.734802,0.220478
104,test,packing,0,0,0.117014,0.139215
104,test,price,0,0,0.117306,0.118543
104,test,shipping,0,0,0.105492,0.162846
104,test,smell,0,0,0.146777,0.2327
104,test,stayingpower,0,0,0.194487,0.343513
104,test,texture,1,1,0.176276,0.605646
105,test,colour,0,0,0.149222,0.199196
105,test,packing,0,0,0.122772,0.129035
105,test,price,0,0,0.12155,0.133079
105,test,shipping,0,0,0.114421,0.133567
105,test,smell,0,0,0.110493,0.095624
105,test,stayingpower,0,0,0.132519,0.101159
105,test,texture,0,0,0.118138,0.128225
106,test,colour,1,1,0.096604,0.805551
106,test,packing,1,1,0.087743,0.816868
106,test,price,0,0,0.166137,0.167722
106,test,shipping,1,1,0.065713,0.867259
106,test,smell,0,0,0.175525,0.195653
106,test,stayingpower,0,0,0.172145,0.187243
106,test,texture,0,0,0.170394,0.192778
107,test,colour,1,1,0.088448,0.811518
107,test,packing,0,0,0.19569,0.235177
107,test,price,0,0,0.16652,0.208626
107,test,shipping,2,2,0.93969,0.029182
107,test,smell,0,0,0.210114,0.139588
107,test,stayingpower,0,0,0.170446,0.232146
107,test,texture,0,0,0.221606,0.233225
108,test,colour,1,1,0.080408,0.847837
108,test,packing,0,0,0.320027,0.194085
108,test,price,0,0,0.177411,0.194036
108,test,shipping,0,0,0.176856,0.16656
108,test,smell,0,0,0.17079,0.112467
108,test,stayingpower,0,0,0.333096,0.14002
108,test,texture,0,2,0.689955,0.075063
109,test,colour,0,0,0.154061,0.149794
109,test,packing,0,0,0.131772,0.137521
109,test,price,0,0,0.122999,0.128373
109,test,shipping,0,0,0.118819,0.115855
109,test,smell,0,0,0.116588,0.094193
109,test,stayingpower,0,0,0.143105,0.108311
109,test,texture,0,0,0.124081,0.134554
110,test,colour,1,1,0.093424,0.839749
110,test,packing,0,0,0.289375,0.259602
110,test,price,1,1,0.156697,0.686417
110,test,shipping,2,2,0.933298,0.033464
110,test,smell,1,1,0.216645,0.635874
110,test,stayingpower,0,1,0.204663,0.434178
110,test,texture,1,1,0.224532,0.617499
111,test,colour,0,0,0.33037,0.258258
111,test,packing,0,0,0.190385,0.170358
111,test,price,0,0,0.192476,0.210583
111,test,shipping,0,0,0.190988,0.185959
111,test,smell,2,2,0.921172,0.041882
111,test,stayingpower,0,0,0.132509,0.177655
111,test,texture,0,0,0.290097,0.217987
112,test,colour,0,0,0.135248,0.260394
112,test,packing,0,0,0.116412,0.099401
112,test,price,0,0,0.121929,0.163339
112,test,shipping,0,0,0.100117,0.107863
112,test,smell,0,0,0.111131,0.122101
112,test,stayingpower,0,0,0.121966,0.106056
112,test,texture,0,0,0.11944,0.166661
113,test,colour,1,1,0.057565,0.868083
113,test,packing,0,0,0.123196,0.134701
113,test,price,0,0,0.15074,0.204389
113,test,shipping,0,0,0.140705,0.134018
113,test,smell,0,0,0.146449,0.305713
113,test,stayingpower,0,1,0.155794,0.620059
113,test,texture,1,1,0.07082,0.851934
114,test,colour,0,0,0.146565,0.15885
114,test,packing,0,0,0.125393,0.120371
114,test,price,0,0,0.119114,0.140037
114,test,shipping,0,0,0.105254,0.116102
114,test,smell,0,0,0.114705,0.106243
114,test,stayingpower,0,0,0.141901,0.110197
114,test,texture,0,0,0.122487,0.151775
115,test,colour,0,1,0.069971,0.878005
115,test,packing,0,0,0.139592,0.233563
115,test,price,0,0,0.14516,0.165122
115,test,shipping,3,1,0.087946,0.769369
115,test,smell,0,0,0.157147,0.136839
115,test,stayingpower,0,0,0.139674,0.129898
115,test,texture,0,0,0.175156,0.142679
116,test,colour,0,0,0.146876,0.125339
116,test,packing,0,0,0.132098,0.124153
116,test,price,0,0,0.12589,0.135871
116,test,shipping,0,0,0.122806,0.120255
116,test,smell,0,0,0.119756,0.096389
116,test,stayingpower,0,0,0.147246,0.119214
116,test,texture,0,0,0.12685,0.137618
117,test,colour,3,2,0.696263,0.232557
117,test,packing,0,0,0.191377,0.190471
117,test,price,0,0,0.181634,0.202562
117,test,shipping,0,0,0.120834,0.248004
117,test,smell,1,1,0.06506,0.889335
117,test,stayingpower,0,0,0.184386,0.367615
117,test,texture,1,1,0.070379,0.802247
118,test,colour,1,1,0.093446,0.836944
118,test,packing,0,0,0.192554,0.146695
118,test,price,0,0,0.16618,0.238205
118,test,shipping,0,0,0.142138,0.227406
118,test,smell,1,1,0.153133,0.799426
118,test,stayingpower,0,0,0.077206,0.134887
118,test,texture,0,0,0.207748,0.395262
119,test,colour,0,0,0.207052,0.207959
119,test,packing,0,0,0.129208,0.206009
119,test,price,0,0,0.145857,0.160923
119,test,shipping,1,1,0.042635,0.907151
119,test,smell,0,0,0.148004,0.142056
119,test,stayingpower,0,0,0.161954,0.142401
119,test,texture,0,0,0.135777,0.143692
120,test,colour,0,0,0.154222,0.102747
120,test,packing,0,0,0.132508,0.11566
120,test,price,0,0,0.126668,0.146254
120,test,shipping,0,0,0.288632,0.127192
120,test,smell,0,0,0.118744,0.089403
120,test,stayingpower,0,0,0.126894,0.121783
120,test,texture,0,0,0.118523,0.125027
121,test,colour,0,0,0.17082,0.169717
121,test,packing,1,1,0.062027,0.892781
121,test,price,0,0,0.140201,0.172297
121,test,shipping,0,0,0.171615,0.19836
121,test,smell,0,0,0.130226,0.122445
121,test,stayingpower,0,0,0.163699,0.146337
121,test,texture,0,0,0.13112,0.160437
122,test,colour,1,1,0.059077,0.857094
122,test,packing,0,0,0.113485,0.08938
122,test,price,0,1,0.134437,0.476061
122,test,shipping,0,0,0.140656,0.170162
122,test,smell,0,0,0.135846,0.320022
122,test,stayingpower,0,1,0.149796,0.565759
122,test,texture,1,1,0.069895,0.850912
123,test,colour,0,0,0.208024,0.216849
123,test,packing,1,1,0.106765,0.810602
123,test,price,1,1,0.082531,0.843959
123,test,shipping,1,1,0.057133,0.877806
123,test,smell,0,0,0.171118,0.206048
123,test,stayingpower,0,0,0.186845,0.172672
123,test,texture,0,0,0.192675,0.182538
124,test,colour,3,1,0.205535,0.569419
124,test,packing,1,1,0.070304,0.873935
124,test,price,0,0,0.144778,0.155653
124,test,shipping,0,0,0.171326,0.217118
124,test,smell,0,0,0.127157,0.112354
124,test,stayingpower,0,0,0.157601,0.134746
124,test,texture,0,0,0.136549,0.144329
125,test,colour,0,0,0.158658,0.346056
125,test,packing,0,0,0.257088,0.169795
125,test,price,0,0,0.220008,0.245477
125,test,shipping,0,0,0.09395,0.144462
125,test,smell,1,1,0.184942,0.711091
125,test,stayingpower,3,2,0.496622,0.258533
125,test,texture,2,2,0.861653,0.101801
126,test,colour,1,1,0.084581,0.807767
126,test,packing,0,0,0.196197,0.23557
126,test,price,0,0,0.167386,0.227355
126,test,shipping,2,2,0.94059,0.032624
126,test,smell,0,0,0.205517,0.163455
126,test,stayingpower,0,0,0.15563,0.225655
126,test,texture,0,0,0.207057,0.236592
127,test,colour,0,0,0.152136,0.13216
127,test,packing,0,0,0.12687,0.121312
127,test,price,0,0,0.125009,0.141969
127,test,shipping,0,0,0.117995,0.12391
127,test,smell,0,0,0.115518,0.098233
127,test,stayingpower,0,0,0.139727,0.110764
127,test,texture,0,0,0.125892,0.135589
128,test,colour,0,0,0.155673,0.149271
128,test,packing,0,0,0.123167,0.12278
128,test,price,0,0,0.118859,0.139455
128,test,shipping,0,0,0.106766,0.119349
128,test,smell,0,0,0.115684,0.109286
128,test,stayingpower,0,0,0.134819,0.113165
128,test,texture,0,0,0.118827,0.150115
129,test,colour,0,0,0.16768,0.167898
129,test,packing,0,0,0.135158,0.130118
129,test,price,1,1,0.049848,0.909553
129,test,shipping,0,0,0.158079,0.153315
129,test,smell,0,0,0.122504,0.115648
129,test,stayingpower,0,0,0.142647,0.12749
129,test,texture,0,0,0.192157,0.168789
130,test,colour,3,2,0.910013,0.058645
130,test,packing,0,0,0.166646,0.195758
130,test,price,1,1,0.095568,0.817452
130,test,shipping,0,0,0.153055,0.223942
130,test,smell,0,0,0.244541,0.254621
130,test,stayingpower,0,0,0.281588,0.181433
130,test,texture,0,0,0.294063,0.281291
131,test,colour,1,1,0.057321,0.891796
131,test,packing,0,0,0.136567,0.214887
131,test,price,0,0,0.150111,0.172236
131,test,shipping,1,1,0.057949,0.868391
131,test,smell,0,0,0.165299,0.180788
131,test,stayingpower,0,0,0.165814,0.215497
131,test,texture,0,0,0.196881,0.267486
132,test,colour,1,1,0.074441,0.79676
132,test,packing,0,0,0.19669,0.208511
132,test,price,1,1,0.122054,0.754601
132,test,shipping,0,0,0.2034,0.242787
132,test,smell,0,0,0.195553,0.182638
132,test,stayingpower,2,2,0.923425,0.043426
132,test,texture,0,1,0.375563,0.414151
133,test,colour,0,0,0.191917,0.234383
133,test,packing,0,0,0.207187,0.242034
133,test,price,0,0,0.168657,0.178005
133,test,shipping,2,2,0.952206,0.024089
133,test,smell,0,0,0.195925,0.161407
133,test,stayingpower,0,0,0.138556,0.192311
133,test,texture,0,0,0.150941,0.183289
134,test,colour,0,0,0.181918,0.109518
134,test,packing,0,0,0.146297,0.131987
134,test,price,1,1,0.061967,0.888736
134,test,shipping,0,0,0.150926,0.138334
134,test,smell,0,0,0.145651,0.108166
134,test,stayingpower,0,0,0.158371,0.138663
134,test,texture,0,0,0.199348,0.144168
135,test,colour,1,1,0.036458,0.921381
135,test,packing,0,0,0.127091,0.127974
135,test,price,0,0,0.134499,0.146363
135,test,shipping,0,0,0.152266,0.160764
135,test,smell,0,0,0.137222,0.137561
135,test,stayingpower,0,0,0.164449,0.233956
135,test,texture,0,0,0.182723,0.373135
136,test,colour,0,0,0.161394,0.118766
136,test,packing,0,0,0.130746,0.122765
136,test,price,0,0,0.129001,0.143239
136,test,shipping,0,0,0.129229,0.112746
136,test,smell,0,0,0.116739,0.092396
136,test,stayingpower,0,0,0.143087,0.116873
136,test,texture,0,0,0.131212,0.135846
137,test,colour,1,1,0.072273,0.830345
137,test,packing,1,1,0.110064,0.795792
137,test,price,1,1,0.088214,0.846725
137,test,shipping,0,0,0.236088,0.306589
137,test,smell,0,0,0.184024,0.18318
137,test,stayingpower,0,0,0.20956,0.21609
137,test,texture,0,0,0.243996,0.282997
138,test,colour,0,0,0.163568,0.129654
138,test,packing,0,0,0.146258,0.153986
138,test,price,1,1,0.050658,0.910452
138,test,shipping,0,0,0.138623,0.166458
138,test,smell,0,0,0.132124,0.113339
138,test,stayingpower,0,0,0.156416,0.135909
138,test,texture,0,0,0.182521,0.157512
139,test,colour,0,1,0.164982,0.536087
139,test,packing,0,0,0.198163,0.314659
139,test,price,0,0,0.174639,0.263847
139,test,shipping,2,2,0.955483,0.01801
139,test,smell,0,0,0.229008,0.266089
139,test,stayingpower,1,1,0.234336,0.636928
139,test,texture,1,1,0.088576,0.801698
140,test,colour,0,1,0.215493,0.426949
140,test,packing,0,0,0.214379,0.264645
140,test,price,0,0,0.186765,0.233428
140,test,shipping,1,1,0.058315,0.865117
140,test,smell,1,1,0.056426,0.913539
140,test,stayingpower,0,0,0.135431,0.315156
140,test,texture,1,1,0.112498,0.707506
141,test,colour,1,1,0.084422,0.80548
141,test,packing,1,1,0.122437,0.758628
141,test,price,1,1,0.077283,0.866757
141,test,shipping,1,1,0.105278,0.789622
141,test,smell,0,0,0.176307,0.354869
141,test,stayingpower,0,0,0.215777,0.351162
141,test,texture,1,1,0.185435,0.52576
142,test,colour,1,1,0.075666,0.8508
142,test,packing,1,1,0.090283,0.819421
142,test,price,0,0,0.178579,0.186155
142,test,shipping,1,1,0.079193,0.846222
142,test,smell,0,0,0.192243,0.178838
142,test,stayingpower,0,0,0.191944,0.213568
142,test,texture,0,0,0.206387,0.195379
143,test,colour,0,1,0.176614,0.447174
143,test,packing,0,0,0.176019,0.149809
143,test,price,1,1,0.126624,0.752613
143,test,shipping,0,0,0.181238,0.164037
143,test,smell,0,0,0.269964,0.162165
143,test,stayingpower,1,2,0.600035,0.236946
143,test,texture,2,2,0.924323,0.050002
144,test,colour,1,1,0.086009,0.824164
144,test,packing,0,0,0.215236,0.175097
144,test,price,0,0,0.183185,0.190865
144,test,shipping,0,0,0.182965,0.286473
144,test,smell,1,2,0.763435,0.199926
144,test,stayingpower,0,0,0.100654,0.194498
144,test,texture,0,2,0.456111,0.243446
145,test,colour,0,0,0.233795,0.280697
145,test,packing,0,0,0.256523,0.205597
145,test,price,1,1,0.096223,0.807661
145,test,shipping,0,0,0.146975,0.256107
145,test,smell,1,1,0.051938,0.924484
145,test,stayingpower,0,0,0.086742,0.139805
145,test,texture,0,1,0.176783,0.492097
146,test,colour,1,1,0.047725,0.891457
146,test,packing,0,0,0.146787,0.154232
146,test,price,1,1,0.073976,0.8629
146,test,shipping,0,0,0.172246,0.196927
146,test,smell,0,0,0.168636,0.129194
146,test,stayingpower,0,0,0.1802,0.198861
146,test,texture,0,0,0.254191,0.277383
147,test,colour,0,0,0.227491,0.20311
147,test,packing,1,1,0.204339,0.709749
147,test,price,0,0,0.19073,0.189729
147,test,shipping,0,0,0.198476,0.274613
147,test,smell,1,1,0.066646,0.912759
147,test,stayingpower,0,0,0.12951,0.199847
147,test,texture,0,1,0.140227,0.49376
148,test,colour,0,0,0.214309,0.226153
148,test,packing,1,1,0.055414,0.904738
148,test,price,0,0,0.16989,0.184045
148,test,shipping,1,1,0.075897,0.840957
148,test,smell,0,0,0.173757,0.173112
148,test,stayingpower,0,0,0.173991,0.14998
148,test,texture,0,0,0.145947,0.135991
149,test,colour,2,2,0.885025,0.044106
149,test,packing,0,2,0.430766,0.312894
149,test,price,0,0,0.187479,0.154116
149,test,shipping,1,1,0.215246,0.733694
149,test,smell,0,0,0.265878,0.364923
149,test,stayingpower,0,0,0.215228,0.150749
149,test,texture,0,0,0.39138,0.142106
150,test,colour,0,1,0.066432,0.862779
150,test,packing,0,0,0.132908,0.123563
150,test,price,0,0,0.131936,0.136984
150,test,shipping,0,0,0.162014,0.149748
150,test,smell,0,0,0.120675,0.084757
150,test,stayingpower,0,0,0.146773,0.155938
150,test,texture,0,0,0.194252,0.190113
151,test,colour,0,0,0.114327,0.231208
151,test,packing,0,1,0.154413,0.507259
151,test,price,0,0,0.103518,0.130324
151,test,shipping,1,0,0.257884,0.1443
151,test,smell,0,0,0.077565,0.126372
151,test,stayingpower,1,1,0.200889,0.631748
151,test,texture,0,1,0.072146,0.751418
152,test,colour,0,0,0.206698,0.262917
152,test,packing,1,1,0.060565,0.890817
152,test,price,0,0,0.169805,0.179329
152,test,shipping,1,1,0.055083,0.884924
152,test,smell,0,0,0.174411,0.177994
152,test,stayingpower,0,0,0.176472,0.168531
152,test,texture,0,0,0.151353,0.154767
153,test,colour,1,1,0.259263,0.692176
153,test,packing,0,0,0.113648,0.126878
153,test,price,0,0,0.136625,0.162043
153,test,shipping,0,0,0.147679,0.167402
153,test,smell,0,0,0.166892,0.345737
153,test,stayingpower,0,1,0.149174,0.542212
153,test,texture,1,1,0.068092,0.845686
154,test,colour,1,1,0.037206,0.934249
154,test,packing,0,0,0.149668,0.222587
154,test,price,2,1,0.148584,0.535776
154,test,shipping,1,1,0.113633,0.761966
154,test,smell,0,0,0.172738,0.189072
154,test,stayingpower,0,0,0.162619,0.198445
154,test,texture,0,0,0.213841,0.25344
155,test,colour,1,2,0.71569,0.223342
155,test,packing,1,1,0.167311,0.753833
155,test,price,0,0,0.208479,0.126761
155,test,shipping,1,1,0.281751,0.496681
155,test,smell,1,1,0.09817,0.831983
155,test,stayingpower,1,2,0.494059,0.356959
155,test,texture,3,1,0.166159,0.722831
156,test,colour,1,1,0.036948,0.926204
156,test,packing,0,0,0.149993,0.15625
156,test,price,1,1,0.106204,0.77213
156,test,shipping,0,0,0.165985,0.206479
156,test,smell,0,0,0.155839,0.120845
156,test,stayingpower,0,0,0.192557,0.194554
156,test,texture,0,0,0.280359,0.26449
157,test,colour,1,1,0.11083,0.758345
157,test,packing,0,0,0.266102,0.296512
157,test,price,0,0,0.22359,0.31631
157,test,shipping,0,0,0.205449,0.241172
157,test,smell,1,1,0.204542,0.57307
157,test,stayingpower,2,2,0.939035,0.034737
157,test,texture,0,1,0.321902,0.495532
158,test,colour,1,1,0.076084,0.843101
158,test,packing,0,0,0.199708,0.162428
158,test,price,0,0,0.178634,0.229871
158,test,shipping,0,0,0.162671,0.210815
158,test,smell,1,1,0.059887,0.896897
158,test,stayingpower,0,0,0.135208,0.36364
158,test,texture,1,1,0.104635,0.782924
159,test,colour,1,1,0.031244,0.943718
159,test,packing,0,0,0.132761,0.213355
159,test,price,0,0,0.147797,0.16745
159,test,shipping,1,1,0.171248,0.531736
159,test,smell,0,0,0.147961,0.235739
159,test,stayingpower,3,1,0.168083,0.558228
159,test,texture,2,1,0.133709,0.695049
160,test,colour,1,1,0.038743,0.912326
160,test,packing,0,0,0.124194,0.124997
160,test,price,0,0,0.148351,0.200166
160,test,shipping,0,0,0.148108,0.149371
160,test,smell,0,0,0.142971,0.235704
160,test,stayingpower,0,1,0.162788,0.509183
160,test,texture,1,1,0.099055,0.774048
161,test,colour,1,1,0.251794,0.694728
161,test,packing,0,0,0.183105,0.148759
161,test,price,0,0,0.170609,0.182112
161,test,shipping,0,0,0.123756,0.236818
161,test,smell,1,1,0.098978,0.857701
161,test,stayingpower,0,0,0.105875,0.172378
161,test,texture,0,1,0.154967,0.514086
162,test,colour,0,0,0.169071,0.139995
162,test,packing,0,0,0.122784,0.125469
162,test,price,0,0,0.119579,0.137378
162,test,shipping,0,0,0.115036,0.152242
162,test,smell,0,0,0.12341,0.096746
162,test,stayingpower,0,0,0.147286,0.104946
162,test,texture,0,0,0.122745,0.126534
163,test,colour,0,0,0.17594,0.140129
163,test,packing,0,0,0.12818,0.115693
163,test,price,0,0,0.129744,0.166409
163,test,shipping,0,0,0.121961,0.135417
163,test,smell,0,0,0.111229,0.104079
163,test,stayingpower,0,0,0.122714,0.094541
163,test,texture,0,0,0.117498,0.11656
164,test,colour,0,0,0.138519,0.253384
164,test,packing,0,0,0.123792,0.132817
164,test,price,0,0,0.112312,0.123703
164,test,shipping,0,0,0.110498,0.150637
164,test,smell,0,0,0.128864,0.12495
164,test,stayingpower,0,0,0.127377,0.090156
164,test,texture,0,0,0.117921,0.131694
165,test,colour,0,0,0.151537,0.120859
165,test,packing,0,0,0.131161,0.124559
165,test,price,0,0,0.127702,0.137429
165,test,shipping,0,0,0.124776,0.1167
165,test,smell,0,0,0.118027,0.094135
165,test,stayingpower,0,0,0.146011,0.119941
165,test,texture,0,0,0.132099,0.135949
166,test,colour,0,0,0.136527,0.19202
166,test,packing,0,0,0.116452,0.107719
166,test,price,0,0,0.117163,0.14713
166,test,shipping,0,0,0.100182,0.118996
166,test,smell,0,0,0.116701,0.134845
166,test,stayingpower,0,0,0.12658,0.108159
166,test,texture,0,0,0.119244,0.170132
167,test,colour,0,0,0.231449,0.294998
167,test,packing,0,0,0.225024,0.268823
167,test,price,1,1,0.124869,0.693757
167,test,shipping,1,1,0.085795,0.811796
167,test,smell,1,1,0.055099,0.913447
167,test,stayingpower,0,0,0.10723,0.266701
167,test,texture,1,1,0.097478,0.696219
168,test,colour,1,1,0.170258,0.68368
168,test,packing,1,1,0.197296,0.528936
168,test,price,0,0,0.22353,0.227803
168,test,shipping,0,2,0.432959,0.282047
168,test,smell,2,2,0.930187,0.034394
168,test,stayingpower,0,0,0.206985,0.272355
168,test,texture,0,0,0.313173,0.245026
169,test,colour,1,1,0.054645,0.887265
169,test,packing,0,0,0.130745,0.152828
169,test,price,0,0,0.134869,0.149968
169,test,shipping,0,0,0.167857,0.215936
169,test,smell,0,0,0.127797,0.088797
169,test,stayingpower,0,0,0.15143,0.140541
169,test,texture,0,0,0.174613,0.172856
170,test,colour,0,0,0.137474,0.271611
170,test,packing,0,0,0.116909,0.120168
170,test,price,0,0,0.11232,0.122172
170,test,shipping,0,0,0.110345,0.123442
170,test,smell,0,0,0.108553,0.105793
170,test,stayingpower,0,0,0.128733,0.105417
170,test,texture,0,0,0.124504,0.165027
171,test,colour,0,0,0.158524,0.12324
171,test,packing,0,0,0.12837,0.121794
171,test,price,0,0,0.126831,0.141166
171,test,shipping,0,0,0.131391,0.117263
171,test,smell,0,0,0.114701,0.091579
171,test,stayingpower,0,0,0.141593,0.116859
171,test,texture,0,0,0.130025,0.138382
172,test,colour,1,1,0.085827,0.84675
172,test,packing,0,0,0.211373,0.18937
172,test,price,0,0,0.171085,0.186466
172,test,shipping,0,0,0.163084,0.263733
172,test,smell,1,1,0.077241,0.884383
172,test,stayingpower,0,0,0.109037,0.181658
172,test,texture,0,1,0.156,0.510551
173,test,colour,0,0,0.23647,0.319142
173,test,packing,0,0,0.257491,0.185897
173,test,price,0,0,0.206667,0.239751
173,test,shipping,0,0,0.151719,0.169619
173,test,smell,1,1,0.149294,0.705791
173,test,stayingpower,3,2,0.563944,0.287732
173,test,texture,2,2,0.850661,0.125461
174,test,colour,1,1,0.189842,0.615338
174,test,packing,0,1,0.240259,0.575118
174,test,price,0,0,0.233016,0.267028
174,test,shipping,2,2,0.925338,0.042209
174,test,smell,2,2,0.726639,0.194928
174,test,stayingpower,3,1,0.402372,0.447447
174,test,texture,1,1,0.155936,0.709872
175,test,colour,1,1,0.140694,0.734888
175,test,packing,0,0,0.143225,0.14336
175,test,price,1,1,0.075114,0.852669
175,test,shipping,0,0,0.141972,0.174323
175,test,smell,0,0,0.181591,0.326576
175,test,stayingpower,1,1,0.23743,0.586279
175,test,texture,1,1,0.067491,0.870566
176,test,colour,1,1,0.058389,0.872015
176,test,packing,1,1,0.083983,0.827838
176,test,price,0,0,0.151955,0.156092
176,test,shipping,0,0,0.231412,0.339347
176,test,smell,0,0,0.16053,0.14312
176,test,stayingpower,0,0,0.160079,0.180357
176,test,texture,0,0,0.16478,0.203685
177,test,colour,1,1,0.110114,0.775202
177,test,packing,0,0,0.209184,0.234184
177,test,price,0,0,0.175134,0.221426
177,test,shipping,2,2,0.958022,0.021863
177,test,smell,0,0,0.246774,0.154693
177,test,stayingpower,0,0,0.19014,0.261797
177,test,texture,0,0,0.249038,0.252068
178,test,colour,0,0,0.158075,0.117491
178,test,packing,0,0,0.123383,0.129604
178,test,price,0,0,0.124277,0.137405
178,test,shipping,0,0,0.124376,0.125776
178,test,smell,0,0,0.123094,0.101099
178,test,stayingpower,0,0,0.15678,0.117646
178,test,texture,0,0,0.144875,0.148632
179,test,colour,1,1,0.056946,0.81658
179,test,packing,0,0,0.229141,0.211119
179,test,price,0,0,0.195906,0.317274
179,test,shipping,0,0,0.155259,0.209172
179,test,smell,1,0,0.151536,0.377908
179,test,stayingpower,2,2,0.915409,0.053646
179,test,texture,1,1,0.279802,0.550585
180,test,colour,1,2,0.483333,0.447379
180,test,packing,0,0,0.109408,0.105905
180,test,price,0,0,0.128159,0.133146
180,test,shipping,0,0,0.097465,0.133222
180,test,smell,0,0,0.132719,0.12271
180,test,stayingpower,0,0,0.126903,0.151379
180,test,texture,0,0,0.144061,0.212013
181,test,colour,1,2,0.891994,0.068055
181,test,packing,0,0,0.212824,0.270518
181,test,price,0,0,0.189256,0.205768
181,test,shipping,0,0,0.166927,0.320176
181,test,smell,1,1,0.092584,0.845325
181,test,stayingpower,0,0,0.203393,0.33678
181,test,texture,1,1,0.078851,0.728144
182,test,colour,2,2,0.929079,0.025854
182,test,packing,0,0,0.19917,0.2019
182,test,price,0,0,0.185681,0.251231
182,test,shipping,2,2,0.706659,0.097425
182,test,smell,0,0,0.271503,0.180694
182,test,stayingpower,0,0,0.1661,0.208234
182,test,texture,0,0,0.205561,0.196136
183,test,colour,1,1,0.110736,0.764446
183,test,packing,0,0,0.182209,0.283097
183,test,price,0,0,0.156593,0.169956
183,test,shipping,2,2,0.956572,0.022236
183,test,smell,0,0,0.209337,0.153321
183,test,stayingpower,1,1,0.225973,0.491873
183,test,texture,0,1,0.162258,0.548305
184,test,colour,0,0,0.169878,0.185956
184,test,packing,1,1,0.065882,0.884609
184,test,price,0,0,0.133069,0.161663
184,test,shipping,0,0,0.165317,0.214786
184,test,smell,0,0,0.117193,0.110747
184,test,stayingpower,0,0,0.159397,0.145953
184,test,texture,0,0,0.124651,0.165223
185,test,colour,0,0,0.19212,0.278334
185,test,packing,1,1,0.058298,0.89173
185,test,price,0,0,0.157337,0.17949
185,test,shipping,0,1,0.071248,0.852157
185,test,smell,0,0,0.154388,0.15488
185,test,stayingpower,0,0,0.164838,0.16801
185,test,texture,0,0,0.146891,0.151572
186,test,colour,0,0,0.200501,0.220576
186,test,packing,0,0,0.146941,0.232749
186,test,price,1,1,0.066051,0.872788
186,test,shipping,1,1,0.047967,0.887354
186,test,smell,0,0,0.161886,0.163429
186,test,stayingpower,0,0,0.164808,0.140501
186,test,texture,0,0,0.181262,0.163351
187,test,colour,1,1,0.143666,0.726289
187,test,packing,1,1,0.139284,0.767484
187,test,price,0,0,0.208041,0.183861
187,test,shipping,1,1,0.094639,0.826408
187,test,smell,1,1,0.086373,0.862063
187,test,stayingpower,3,1,0.14843,0.454015
187,test,texture,1,1,0.108301,0.724493
188,test,colour,0,0,0.175437,0.149688
188,test,packing,1,1,0.058413,0.906147
188,test,price,0,0,0.151895,0.204726
188,test,shipping,0,0,0.164302,0.217809
188,test,smell,0,0,0.138564,0.145798
188,test,stayingpower,0,0,0.16306,0.142892
188,test,texture,0,0,0.138464,0.165995
189,test,colour,0,0,0.153265,0.325521
189,test,packing,0,0,0.139616,0.138988
189,test,price,1,1,0.086908,0.769459
189,test,shipping,0,0,0.119723,0.126423
189,test,smell,0,0,0.135353,0.219982
189,test,stayingpower,1,1,0.254604,0.617671
189,test,texture,1,1,0.070815,0.866102
190,test,colour,0,0,0.153165,0.124489
190,test,packing,0,0,0.135792,0.132095
190,test,price,0,0,0.125497,0.145997
190,test,shipping,0,0,0.12396,0.116266
190,test,smell,0,0,0.119975,0.100676
190,test,stayingpower,0,0,0.137794,0.107361
190,test,texture,0,0,0.122691,0.128339
191,test,colour,0,0,0.224484,0.17646
191,test,packing,0,0,0.157278,0.198478
191,test,price,1,1,0.043848,0.927507
191,test,shipping,1,1,0.082883,0.791992
191,test,smell,0,0,0.146691,0.167281
191,test,stayingpower,0,0,0.181405,0.151565
191,test,texture,0,0,0.280128,0.178156
192,test,colour,0,0,0.167559,0.167617
192,test,packing,0,0,0.123122,0.126572
192,test,price,0,0,0.126586,0.161986
192,test,shipping,0,0,0.108352,0.137871
192,test,smell,0,0,0.112839,0.094041
192,test,stayingpower,0,0,0.129777,0.09496
192,test,texture,0,0,0.117841,0.114687
193,test,colour,0,0,0.21467,0.257883
193,test,packing,1,1,0.066191,0.875483
193,test,price,0,0,0.162477,0.175438
193,test,shipping,1,1,0.051747,0.897398
193,test,smell,0,0,0.169649,0.170925
193,test,stayingpower,0,0,0.175896,0.172027
193,test,texture,0,0,0.156425,0.149924
194,test,colour,0,0,0.104619,0.25028
194,test,packing,0,0,0.112128,0.117396
194,test,price,0,0,0.118144,0.306736
194,test,shipping,0,0,0.07285,0.079939
194,test,smell,0,0,0.093814,0.180623
194,test,stayingpower,0,0,0.138633,0.212365
194,test,texture,0,1,0.102844,0.492488
195,test,colour,0,0,0.170381,0.131247
195,test,packing,0,0,0.126371,0.120721
195,test,price,0,0,0.130736,0.134882
195,test,shipping,0,0,0.127448,0.136595
195,test,smell,0,0,0.112164,0.094503
195,test,stayingpower,0,0,0.13954,0.106854
195,test,texture,0,0,0.125482,0.126317
196,test,colour,1,1,0.050652,0.869708
196,test,packing,0,0,0.152465,0.145496
196,test,price,1,1,0.074628,0.856249
196,test,shipping,0,0,0.161137,0.176856
196,test,smell,0,0,0.168074,0.307768
196,test,stayingpower,0,1,0.193849,0.52753
196,test,texture,0,1,0.113948,0.785961
197,test,colour,0,0,0.164183,0.139192
197,test,packing,0,0,0.11317,0.131733
197,test,price,0,0,0.113563,0.127966
197,test,shipping,0,0,0.119309,0.113732
197,test,smell,0,0,0.10635,0.104455
197,test,stayingpower,0,0,0.147723,0.13769
197,test,texture,0,0,0.120212,0.191704
198,test,colour,1,1,0.085265,0.834069
198,test,packing,1,1,0.094856,0.802851
198,test,price,0,0,0.174985,0.195643
198,test,shipping,1,1,0.113598,0.796384
198,test,smell,0,0,0.173129,0.284612
198,test,stayingpower,1,1,0.216716,0.603027
198,test,texture,1,1,0.099125,0.746366
199,test,colour,1,1,0.056359,0.872321
199,test,packing,1,1,0.088418,0.820666
199,test,price,0,0,0.153076,0.156291
199,test,shipping,0,0,0.207357,0.258764
199,test,smell,0,0,0.139095,0.111723
199,test,stayingpower,0,0,0.195283,0.220466
199,test,texture,0,0,0.172316,0.265979
200,test,colour,0,0,0.189571,0.252654
200,test,packing,0,0,0.139486,0.241161
200,test,price,1,1,0.056615,0.897739
200,test,shipping,1,1,0.05669,0.859491
200,test,smell,0,0,0.148913,0.147317
200,test,stayingpower,0,0,0.170819,0.153677
200,test,texture,0,0,0.180104,0.182974
201,test,colour,0,0,0.195713,0.217752
201,test,packing,0,0,0.133419,0.269536
201,test,price,0,0,0.118839,0.149277
201,test,shipping,1,1,0.078011,0.846291
201,test,smell,0,0,0.124825,0.156807
201,test,stayingpower,1,1,0.226497,0.577635
201,test,texture,1,1,0.124953,0.654456
202,test,colour,1,1,0.059569,0.849329
202,test,packing,0,1,0.177418,0.475377
202,test,price,1,1,0.05455,0.911855
202,test,shipping,0,0,0.258531,0.357702
202,test,smell,0,0,0.161308,0.203202
202,test,stayingpower,0,0,0.160408,0.211305
202,test,texture,0,0,0.195281,0.29465
203,test,colour,0,0,0.195908,0.313383
203,test,packing,1,1,0.055598,0.906881
203,test,price,0,0,0.149109,0.140432
203,test,shipping,1,1,0.105099,0.718102
203,test,smell,0,0,0.160622,0.14326
203,test,stayingpower,0,0,0.164314,0.137962
203,test,texture,0,0,0.137475,0.125094
204,test,colour,0,0,0.175674,0.143344
204,test,packing,0,0,0.128147,0.125619
204,test,price,0,0,0.123604,0.132785
204,test,shipping,0,0,0.118188,0.121539
204,test,smell,0,0,0.113196,0.090374
204,test,stayingpower,0,0,0.136448,0.112573
204,test,texture,0,0,0.124634,0.130523
205,test,colour,3,1,0.166484,0.737563
205,test,packing,0,0,0.092673,0.07661
205,test,price,0,0,0.131983,0.152183
205,test,shipping,0,0,0.11488,0.105385
205,test,smell,0,0,0.144755,0.24614
205,test,stayingpower,0,1,0.208137,0.542852
205,test,texture,3,1,0.084568,0.81716
206,test,colour,1,1,0.10099,0.811614
206,test,packing,1,1,0.082906,0.820538
206,test,price,0,0,0.168834,0.180243
206,test,shipping,1,1,0.082953,0.855581
206,test,smell,0,0,0.162337,0.275938
206,test,stayingpower,0,1,0.202281,0.537917
206,test,texture,1,1,0.12539,0.669386
207,test,colour,1,2,0.856521,0.115657
207,test,packing,0,0,0.142773,0.206424
207,test,price,0,0,0.148735,0.187808
207,test,shipping,0,0,0.151455,0.227627
207,test,smell,0,0,0.172917,0.378708
207,test,stayingpower,0,1,0.235897,0.438942
207,test,texture,1,1,0.080881,0.756077
208,test,colour,1,1,0.113094,0.786901
208,test,packing,0,0,0.243776,0.169818
208,test,price,0,0,0.217147,0.246516
208,test,shipping,0,0,0.129931,0.210122
208,test,smell,1,1,0.160225,0.740675
208,test,stayingpower,0,0,0.278265,0.262698
208,test,texture,2,2,0.860754,0.096326
209,test,colour,1,1,0.034084,0.926231
209,test,packing,0,0,0.133052,0.154102
209,test,price,0,0,0.139864,0.155609
209,test,shipping,0,0,0.153198,0.177499
209,test,smell,0,0,0.136487,0.117446
209,test,stayingpower,0,0,0.169445,0.218132
209,test,texture,0,0,0.194243,0.304889
210,test,colour,0,0,0.143104,0.081724
210,test,packing,0,0,0.152841,0.13694
210,test,price,0,0,0.113756,0.137511
210,test,shipping,0,0,0.12407,0.08001
210,test,smell,0,0,0.105303,0.109141
210,test,stayingpower,0,0,0.187227,0.180389
210,test,texture,0,0,0.206559,0.243133
211,test,colour,0,0,0.212584,0.382765
211,test,packing,0,0,0.251631,0.255673
211,test,price,1,1,0.138147,0.707318
211,test,shipping,0,0,0.217736,0.207364
211,test,smell,1,2,0.766229,0.214738
211,test,stayingpower,1,1,0.199534,0.418636
211,test,texture,0,1,0.194823,0.663907
212,test,colour,1,1,0.051952,0.855496
212,test,packing,0,0,0.122587,0.148389
212,test,price,0,0,0.146707,0.180793
212,test,shipping,0,0,0.187447,0.140498
212,test,smell,0,0,0.130176,0.182438
212,test,stayingpower,1,1,0.190068,0.68961
212,test,texture,3,1,0.088353,0.821536
213,test,colour,2,2,0.904659,0.051366
213,test,packing,0,0,0.259919,0.34552
213,test,price,0,0,0.2234,0.210693
213,test,shipping,2,2,0.797382,0.134148
213,test,smell,1,1,0.175689,0.754892
213,test,stayingpower,0,0,0.268047,0.340064
213,test,texture,1,1,0.116834,0.60948
214,test,colour,0,1,0.299399,0.463906
214,test,packing,0,0,0.191169,0.18408
214,test,price,0,0,0.208401,0.260884
214,test,shipping,1,1,0.140672,0.552701
214,test,smell,0,0,0.331558,0.224493
214,test,stayingpower,0,0,0.329641,0.183981
214,test,texture,2,2,0.952882,0.01735
215,test,colour,1,2,0.591861,0.206883
215,test,packing,0,0,0.25523,0.277081
215,test,price,0,0,0.225194,0.283533
215,test,shipping,2,2,0.93956,0.03166
215,test,smell,0,0,0.273399,0.154854
215,test,stayingpower,2,2,0.845445,0.082394
215,test,texture,0,2,0.359547,0.322269
216,test,colour,0,0,0.138239,0.115708
216,test,packing,0,0,0.126077,0.12093
216,test,price,1,1,0.059858,0.882667
216,test,shipping,0,0,0.123891,0.151446
216,test,smell,0,0,0.122074,0.118329
216,test,stayingpower,0,0,0.147672,0.138088
216,test,texture,0,0,0.169621,0.187197
217,test,colour,1,1,0.061425,0.85295
217,test,packing,0,0,0.148826,0.201983
217,test,price,1,1,0.075348,0.848142
217,test,shipping,1,1,0.084525,0.777425
217,test,smell,0,0,0.166826,0.358886
217,test,stayingpower,0,1,0.188513,0.440715
217,test,texture,1,1,0.134934,0.707905
218,test,colour,0,0,0.267883,0.219382
218,test,packing,0,0,0.244672,0.172732
218,test,price,1,1,0.077044,0.866821
218,test,shipping,0,0,0.180285,0.189062
218,test,smell,1,1,0.083728,0.878726
218,test,stayingpower,0,0,0.083605,0.131
218,test,texture,0,1,0.228628,0.387113
219,test,colour,0,0,0.154614,0.117927
219,test,packing,0,0,0.128892,0.124477
219,test,price,0,0,0.128978,0.140836
219,test,shipping,0,0,0.122245,0.115857
219,test,smell,0,0,0.116746,0.097349
219,test,stayingpower,0,0,0.14246,0.117446
219,test,texture,0,0,0.129504,0.136447
220,test,colour,0,0,0.16235,0.131182
220,test,packing,1,1,0.074576,0.882665
220,test,price,0,0,0.147303,0.195646
220,test,shipping,0,0,0.164064,0.18389
220,test,smell,0,0,0.125917,0.132063
220,test,stayingpower,0,0,0.165927,0.143297
220,test,texture,0,0,0.138643,0.160137
221,test,colour,1,1,0.071235,0.851723
221,test,packing,1,1,0.080111,0.840921
221,test,price,0,0,0.156322,0.163486
221,test,shipping,0,0,0.204819,0.268373
221,test,smell,0,0,0.146333,0.120208
221,test,stayingpower,0,0,0.184506,0.199687
221,test,texture,0,0,0.166271,0.220364
222,test,colour,1,1,0.076824,0.87313
222,test,packing,0,0,0.147013,0.145527
222,test,price,1,1,0.074212,0.862829
222,test,shipping,0,0,0.149118,0.189701
222,test,smell,0,0,0.187574,0.147357
222,test,stayingpower,0,0,0.196389,0.180045
222,test,texture,0,0,0.255478,0.27734
223,test,colour,1,1,0.094174,0.803497
223,test,packing,0,0,0.128559,0.154376
223,test,price,0,0,0.153579,0.182717
223,test,shipping,0,0,0.153957,0.131444
223,test,smell,0,0,0.143443,0.235784
223,test,stayingpower,1,1,0.183317,0.694848
223,test,texture,1,1,0.054541,0.879668
224,test,colour,0,0,0.159221,0.119101
224,test,packing,0,0,0.131985,0.122809
224,test,price,0,0,0.129565,0.143085
224,test,shipping,0,0,0.125935,0.105149
224,test,smell,0,0,0.114523,0.093249
224,test,stayingpower,0,0,0.151738,0.122976
224,test,texture,0,0,0.133763,0.137175
225,test,colour,0,0,0.16471,0.161059
225,test,packing,1,1,0.064361,0.884129
225,test,price,0,0,0.136875,0.187281
225,test,shipping,0,0,0.150183,0.198299
225,test,smell,0,0,0.120857,0.12821
225,test,stayingpower,0,0,0.155139,0.145324
225,test,texture,0,0,0.12432,0.169932
226,test,colour,1,1,0.046972,0.914788
226,test,packing,0,0,0.141471,0.244272
226,test,price,0,0,0.157221,0.171725
226,test,shipping,1,1,0.072315,0.842493
226,test,smell,0,0,0.164282,0.175883
226,test,stayingpower,0,0,0.17353,0.228126
226,test,texture,0,0,0.198469,0.290509
227,test,colour,0,0,0.192514,0.235272
227,test,packing,0,0,0.200412,0.209022
227,test,price,0,0,0.175218,0.249964
227,test,shipping,0,0,0.186119,0.147401
227,test,smell,1,1,0.103747,0.762247
227,test,stayingpower,1,1,0.220309,0.666081
227,test,texture,1,1,0.040617,0.922742
228,test,colour,1,1,0.067331,0.877216
228,test,packing,0,0,0.209134,0.256815
228,test,price,1,1,0.123892,0.727304
228,test,shipping,1,1,0.085541,0.826395
228,test,smell,1,1,0.140274,0.748767
228,test,stayingpower,0,0,0.119196,0.184203
228,test,texture,0,1,0.218812,0.399293
229,test,colour,1,1,0.050309,0.900148
229,test,packing,0,0,0.141604,0.209911
229,test,price,0,0,0.150189,0.188268
229,test,shipping,1,1,0.079067,0.83383
229,test,smell,0,0,0.176473,0.198405
229,test,stayingpower,0,0,0.145986,0.170271
229,test,texture,0,0,0.181047,0.217208
230,test,colour,1,1,0.056474,0.910086
230,test,packing,0,0,0.182814,0.15683
230,test,price,0,0,0.169526,0.206062
230,test,shipping,0,0,0.251532,0.247849
230,test,smell,2,2,0.569372,0.374016
230,test,stayingpower,0,0,0.111186,0.258139
230,test,texture,0,1,0.229307,0.475003
231,test,colour,0,0,0.160316,0.126632
231,test,packing,0,0,0.126867,0.118941
231,test,price,0,0,0.127454,0.132676
231,test,shipping,0,0,0.127552,0.109946
231,test,smell,0,0,0.11464,0.092865
231,test,stayingpower,0,0,0.145147,0.120612
231,test,texture,0,0,0.134602,0.144182
232,test,colour,0,0,0.151246,0.131215
232,test,packing,0,0,0.126065,0.121297
232,test,price,0,0,0.12131,0.129306
232,test,shipping,0,0,0.120916,0.122474
232,test,smell,0,0,0.118085,0.103659
232,test,stayingpower,0,0,0.143846,0.113175
232,test,texture,0,0,0.130539,0.146566
233,test,colour,1,1,0.04183,0.910136
233,test,packing,0,0,0.146783,0.152759
233,test,price,1,1,0.080203,0.84815
233,test,shipping,0,0,0.162071,0.192878
233,test,smell,0,0,0.181644,0.159096
233,test,stayingpower,0,0,0.181068,0.207311
233,test,texture,0,0,0.278384,0.291966
234,test,colour,0,0,0.141337,0.313103
234,test,packing,1,1,0.068077,0.865041
234,test,price,0,0,0.138969,0.20328
234,test,shipping,0,0,0.181404,0.185501
234,test,smell,0,0,0.087817,0.107115
234,test,stayingpower,1,1,0.241031,0.503141
234,test,texture,0,1,0.088806,0.602931
235,test,colour,0,0,0.170224,0.146329
235,test,packing,1,1,0.066248,0.90355
235,test,price,0,0,0.156898,0.229524
235,test,shipping,0,0,0.171773,0.175228
235,test,smell,0,0,0.123909,0.130221
235,test,stayingpower,0,0,0.203395,0.181295
235,test,texture,0,0,0.148099,0.206305
236,test,colour,0,0,0.158075,0.117491
236,test,packing,0,0,0.123383,0.129604
236,test,price,0,0,0.124277,0.137405
236,test,shipping,0,0,0.124376,0.125776
236,test,smell,0,0,0.123094,0.101099
236,test,stayingpower,0,0,0.15678,0.117646
236,test,texture,0,0,0.144875,0.148632
237,test,colour,1,1,0.09067,0.816378
237,test,packing,0,0,0.26075,0.258688
237,test,price,0,0,0.182588,0.215052
237,test,shipping,2,2,0.919344,0.042316
237,test,smell,1,1,0.152874,0.735415
237,test,stayingpower,0,0,0.112903,0.232155
237,test,texture,0,1,0.183847,0.411086
238,test,colour,0,0,0.232465,0.244905
238,test,packing,0,0,0.251364,0.180221
238,test,price,1,1,0.096686,0.801689
238,test,shipping,0,0,0.160782,0.214063
238,test,smell,1,1,0.049019,0.926614
238,test,stayingpower,0,0,0.121985,0.30393
238,test,texture,1,1,0.10156,0.764104
239,test,colour,1,1,0.051935,0.874995
239,test,packing,0,0,0.141114,0.123371
239,test,price,1,1,0.080779,0.836529
239,test,shipping,0,0,0.139169,0.183193
239,test,smell,0,0,0.158945,0.143559
239,test,stayingpower,0,0,0.154168,0.16005
239,test,texture,0,0,0.22729,0.251234
240,test,colour,0,0,0.212813,0.193625
240,test,packing,1,1,0.17112,0.741352
240,test,price,0,0,0.18836,0.195704
240,test,shipping,2,2,0.949211,0.023089
240,test,smell,0,0,0.18829,0.173019
240,test,stayingpower,0,0,0.18324,0.229745
240,test,texture,0,0,0.152239,0.210645
241,test,colour,0,0,0.199684,0.122245
241,test,packing,0,0,0.13471,0.115126
241,test,price,0,0,0.125604,0.139981
241,test,shipping,2,0,0.26167,0.136202
241,test,smell,0,0,0.107388,0.08305
241,test,stayingpower,0,0,0.122091,0.102844
241,test,texture,0,0,0.143579,0.111564
242,test,colour,0,0,0.217644,0.29024
242,test,packing,0,0,0.243628,0.254592
242,test,price,0,0,0.178113,0.249371
242,test,shipping,2,2,0.905762,0.048834
242,test,smell,1,1,0.091595,0.84683
242,test,stayingpower,0,1,0.130032,0.477031
242,test,texture,1,1,0.070654,0.81369
243,test,colour,0,0,0.239145,0.214608
243,test,packing,0,0,0.230751,0.165786
243,test,price,1,1,0.089987,0.820007
243,test,shipping,0,0,0.154031,0.181611
243,test,smell,1,1,0.049513,0.915312
243,test,stayingpower,0,0,0.114819,0.282505
243,test,texture,1,1,0.10616,0.757424
244,test,colour,0,1,0.059514,0.877096
244,test,packing,0,0,0.126317,0.129268
244,test,price,0,0,0.137134,0.162129
244,test,shipping,0,0,0.14126,0.162085
244,test,smell,0,0,0.12928,0.097222
244,test,stayingpower,0,0,0.149439,0.150202
244,test,texture,0,0,0.178267,0.191787
245,test,colour,0,0,0.157692,0.127377
245,test,packing,0,0,0.126969,0.120169
245,test,price,0,0,0.125361,0.129061
245,test,shipping,0,0,0.128513,0.113491
245,test,smell,0,0,0.117906,0.09276
245,test,stayingpower,0,0,0.146213,0.123232
245,test,texture,0,0,0.131679,0.144383
246,test,colour,0,0,0.164305,0.310358
246,test,packing,0,0,0.128656,0.214074
246,test,price,0,0,0.135413,0.252353
246,test,shipping,1,1,0.050422,0.892763
246,test,smell,0,0,0.143532,0.356021
246,test,stayingpower,0,1,0.167779,0.440663
246,test,texture,1,1,0.083561,0.743947
247,test,colour,0,0,0.141934,0.188679
247,test,packing,0,0,0.132101,0.138507
247,test,price,1,1,0.046502,0.917067
247,test,shipping,0,0,0.120064,0.171813
247,test,smell,0,0,0.127018,0.139174
247,test,stayingpower,0,0,0.140828,0.130525
247,test,texture,0,0,0.173027,0.187554
248,test,colour,1,1,0.106252,0.771367
248,test,packing,0,0,0.188609,0.237843
248,test,price,0,0,0.158693,0.184726
248,test,shipping,2,2,0.944383,0.026729
248,test,smell,0,0,0.191245,0.139833
248,test,stayingpower,0,0,0.163955,0.237135
248,test,texture,0,0,0.216892,0.238946
249,test,colour,0,0,0.186694,0.158251
249,test,packing,0,0,0.130141,0.124122
249,test,price,0,0,0.124791,0.139249
249,test,shipping,0,0,0.11465,0.120643
249,test,smell,0,0,0.111997,0.091609
249,test,stayingpower,0,0,0.131722,0.104097
249,test,texture,0,0,0.120128,0.123367
250,test,colour,2,2,0.898314,0.04471
250,test,packing,0,0,0.225555,0.20898
250,test,price,2,1,0.197518,0.637454
250,test,shipping,0,0,0.235935,0.264823
250,test,smell,0,2,0.463203,0.188507
250,test,stayingpower,0,2,0.452031,0.178228
250,test,texture,2,2,0.885957,0.046196
251,test,colour,1,1,0.102451,0.78475
251,test,packing,1,1,0.077715,0.846589
251,test,price,0,0,0.180475,0.186812
251,test,shipping,1,1,0.087195,0.842257
251,test,smell,0,0,0.155208,0.238599
251,test,stayingpower,1,1,0.221499,0.558251
251,test,texture,0,1,0.115514,0.647709
252,test,colour,0,0,0.158415,0.180822
252,test,packing,0,0,0.126195,0.132723
252,test,price,0,0,0.121043,0.128357
252,test,shipping,0,0,0.106885,0.130766
252,test,smell,0,0,0.11436,0.093697
252,test,stayingpower,0,0,0.135998,0.104049
252,test,texture,0,0,0.120454,0.130072
253,test,colour,1,1,0.068558,0.838543
253,test,packing,0,0,0.143818,0.111069
253,test,price,1,1,0.073445,0.858493
253,test,shipping,0,0,0.163335,0.149665
253,test,smell,0,1,0.18478,0.410661
253,test,stayingpower,0,1,0.187572,0.500914
253,test,texture,1,1,0.096936,0.822671
254,test,colour,0,0,0.20419,0.291451
254,test,packing,0,0,0.129151,0.222974
254,test,price,0,0,0.141276,0.157695
254,test,shipping,1,1,0.036971,0.91383
254,test,smell,0,0,0.14935,0.147954
254,test,stayingpower,0,0,0.148095,0.125693
254,test,texture,0,0,0.138822,0.134265
255,test,colour,0,0,0.142472,0.204634
255,test,packing,0,0,0.122196,0.132838
255,test,price,0,0,0.120849,0.139823
255,test,shipping,0,0,0.112518,0.128458
255,test,smell,0,0,0.111404,0.10727
255,test,stayingpower,0,0,0.122261,0.098064
255,test,texture,0,0,0.117079,0.134814
256,test,colour,1,1,0.039199,0.90471
256,test,packing,0,0,0.14629,0.168341
256,test,price,1,1,0.082364,0.837905
256,test,shipping,0,0,0.159651,0.211178
256,test,smell,0,0,0.160566,0.130081
256,test,stayingpower,0,0,0.169383,0.202139
256,test,texture,0,0,0.254637,0.277895
257,test,colour,3,1,0.193227,0.673931
257,test,packing,0,0,0.244776,0.188041
257,test,price,1,1,0.103826,0.81274
257,test,shipping,0,0,0.158286,0.230561
257,test,smell,1,1,0.0691,0.903839
257,test,stayingpower,0,0,0.115613,0.193451
257,test,texture,0,1,0.205872,0.552959
258,test,colour,0,0,0.160323,0.132687
258,test,packing,0,0,0.124864,0.12422
258,test,price,0,0,0.12968,0.145274
258,test,shipping,0,0,0.12698,0.121745
258,test,smell,0,0,0.112288,0.085911
258,test,stayingpower,0,0,0.143209,0.115697
258,test,texture,0,0,0.127255,0.128988
259,test,colour,3,2,0.821764,0.10205
259,test,packing,0,0,0.159614,0.171035
259,test,price,0,0,0.198789,0.248616
259,test,shipping,0,0,0.142371,0.213727
259,test,smell,0,0,0.198348,0.133359
259,test,stayingpower,0,2,0.414924,0.182392
259,test,texture,2,2,0.877628,0.04618
260,test,colour,0,0,0.158258,0.282606
260,test,packing,0,0,0.120399,0.184651
260,test,price,0,0,0.12618,0.212031
260,test,shipping,1,1,0.056658,0.861938
260,test,smell,0,0,0.133952,0.319751
260,test,stayingpower,0,1,0.172363,0.426562
260,test,texture,1,1,0.08427,0.738766
261,test,colour,1,1,0.041078,0.911306
261,test,packing,0,0,0.126252,0.12387
261,test,price,0,0,0.134935,0.189021
261,test,shipping,0,0,0.14472,0.136185
261,test,smell,0,0,0.126055,0.1187
261,test,stayingpower,0,0,0.166002,0.206623
261,test,texture,0,0,0.188027,0.297222
262,test,colour,0,0,0.199663,0.239113
262,test,packing,1,1,0.10369,0.809992
262,test,price,1,1,0.083706,0.841823
262,test,shipping,1,1,0.062462,0.87815
262,test,smell,0,0,0.170456,0.180873
262,test,stayingpower,0,0,0.202035,0.183122
262,test,texture,0,0,0.202128,0.184844
263,test,colour,0,0,0.180012,0.175762
263,test,packing,1,1,0.055076,0.915293
263,test,price,0,0,0.147622,0.199826
263,test,shipping,0,0,0.189148,0.231349
263,test,smell,0,0,0.135723,0.132153
263,test,stayingpower,0,0,0.1779,0.151057
263,test,texture,0,0,0.147401,0.169683
264,test,colour,1,1,0.03781,0.892698
264,test,packing,0,0,0.162712,0.143099
264,test,price,0,0,0.186725,0.279687
264,test,shipping,0,0,0.274253,0.142718
264,test,smell,0,0,0.236536,0.152061
264,test,stayingpower,0,2,0.537263,0.226322
264,test,texture,3,2,0.86622,0.078998
265,test,colour,0,0,0.160651,0.131659
265,test,packing,0,0,0.129801,0.118538
265,test,price,0,0,0.124137,0.126491
265,test,shipping,0,0,0.123135,0.109293
265,test,smell,0,0,0.120425,0.099953
265,test,stayingpower,0,0,0.14569,0.119581
265,test,texture,0,0,0.129643,0.14979
266,test,colour,1,1,0.081421,0.851125
266,test,packing,0,0,0.125442,0.13044
266,test,price,0,0,0.136066,0.172332
266,test,shipping,0,0,0.144754,0.158778
266,test,smell,0,0,0.121908,0.079696
266,test,stayingpower,0,0,0.148288,0.137061
266,test,texture,0,0,0.172216,0.165408
267,test,colour,0,0,0.153292,0.118623
267,test,packing,0,0,0.128093,0.118838
267,test,price,0,0,0.127467,0.146321
267,test,shipping,0,0,0.129734,0.118765
267,test,smell,0,0,0.113443,0.090894
267,test,stayingpower,0,0,0.144757,0.118814
267,test,texture,0,0,0.129435,0.1357
268,test,colour,0,0,0.131014,0.147975
268,test,packing,0,0,0.131348,0.167999
268,test,price,0,0,0.112729,0.153602
268,test,shipping,0,0,0.093101,0.10061
268,test,smell,0,0,0.106885,0.128179
268,test,stayingpower,0,0,0.141984,0.124338
268,test,texture,0,0,0.11471,0.215125
269,test,colour,0,0,0.220591,0.217032
269,test,packing,1,1,0.079212,0.850645
269,test,price,0,0,0.173747,0.197735
269,test,shipping,1,1,0.043999,0.916057
269,test,smell,0,0,0.174675,0.161799
269,test,stayingpower,0,0,0.189373,0.17102
269,test,texture,0,0,0.158359,0.142091
270,test,colour,0,0,0.421154,0.077172
270,test,packing,0,2,0.448934,0.285937
270,test,price,0,1,0.114923,0.78074
270,test,shipping,0,0,0.386186,0.186487
270,test,smell,0,0,0.30766,0.173002
270,test,stayingpower,0,0,0.221976,0.118591
270,test,texture,0,2,0.540324,0.104189
271,test,colour,0,1,0.067304,0.878597
271,test,packing,0,0,0.123748,0.162694
271,test,price,0,0,0.134799,0.155365
271,test,shipping,1,1,0.098704,0.830822
271,test,smell,0,0,0.178522,0.274854
271,test,stayingpower,0,0,0.265095,0.348921
271,test,texture,3,2,0.455221,0.370921
272,test,colour,0,0,0.158025,0.139824
272,test,packing,0,0,0.140087,0.132251
272,test,price,1,1,0.049347,0.913316
272,test,shipping,0,0,0.142829,0.165232
272,test,smell,0,0,0.137761,0.121223
272,test,stayingpower,0,0,0.149752,0.130999
272,test,texture,0,0,0.185799,0.164237
273,test,colour,0,0,0.130608,0.250699
273,test,packing,0,0,0.122005,0.135755
273,test,price,0,0,0.119989,0.151588
273,test,shipping,0,0,0.105522,0.134509
273,test,smell,0,0,0.109386,0.097799
273,test,stayingpower,0,0,0.135961,0.095404
273,test,texture,0,0,0.123966,0.132232
274,test,colour,1,1,0.137402,0.703148
274,test,packing,0,0,0.212952,0.319502
274,test,price,0,0,0.187294,0.238806
274,test,shipping,1,1,0.122483,0.768697
274,test,smell,1,1,0.084658,0.842761
274,test,stayingpower,1,1,0.149399,0.667203
274,test,texture,1,1,0.05232,0.892686
275,test,colour,1,1,0.087561,0.822206
275,test,packing,0,0,0.151152,0.153337
275,test,price,0,0,0.183006,0.192869
275,test,shipping,0,0,0.237181,0.154219
275,test,smell,0,0,0.337918,0.192466
275,test,stayingpower,3,1,0.330091,0.416032
275,test,texture,3,2,0.898689,0.07423
276,test,colour,0,0,0.143127,0.294544
276,test,packing,0,0,0.127067,0.113746
276,test,price,0,0,0.130869,0.211543
276,test,shipping,0,0,0.125894,0.105613
276,test,smell,0,0,0.12829,0.359014
276,test,stayingpower,0,1,0.157037,0.577197
276,test,texture,1,1,0.048002,0.879436
277,test,colour,1,1,0.051381,0.873674
277,test,packing,0,0,0.152017,0.126218
277,test,price,0,0,0.184502,0.272941
277,test,shipping,0,0,0.231955,0.149207
277,test,smell,0,0,0.24647,0.120539
277,test,stayingpower,0,0,0.310941,0.241079
277,test,texture,2,2,0.877109,0.054774
278,test,colour,1,1,0.08421,0.818657
278,test,packing,0,0,0.197955,0.239276
278,test,price,0,0,0.168823,0.209097
278,test,shipping,2,2,0.939068,0.029474
278,test,smell,0,0,0.218724,0.140335
278,test,stayingpower,0,0,0.169991,0.229691
278,test,texture,0,0,0.227838,0.225845
279,test,colour,0,0,0.185631,0.298047
279,test,packing,0,0,0.143757,0.266272
279,test,price,1,1,0.084711,0.824667
279,test,shipping,1,1,0.037252,0.920891
279,test,smell,0,0,0.158225,0.183595
279,test,stayingpower,0,0,0.16116,0.152049
279,test,texture,0,0,0.180299,0.17694
280,test,colour,1,0,0.221623,0.164173
280,test,packing,1,2,0.818728,0.129535
280,test,price,0,0,0.251154,0.338447
280,test,shipping,0,2,0.56326,0.161131
280,test,smell,0,0,0.265729,0.294324
280,test,stayingpower,0,0,0.370448,0.144018
280,test,texture,0,0,0.404217,0.172746
281,test,colour,1,1,0.068395,0.874157
281,test,packing,0,0,0.214708,0.169252
281,test,price,1,1,0.114741,0.769593
281,test,shipping,0,0,0.188648,0.241784
281,test,smell,1,1,0.098765,0.838818
281,test,stayingpower,0,0,0.138369,0.334007
281,test,texture,1,1,0.124613,0.750375
282,test,colour,1,1,0.066277,0.866055
282,test,packing,1,1,0.096799,0.783558
282,test,price,0,0,0.162451,0.176694
282,test,shipping,0,0,0.22059,0.232052
282,test,smell,0,0,0.155493,0.282905
282,test,stayingpower,0,1,0.195004,0.583445
282,test,texture,1,1,0.085263,0.808095
283,test,colour,1,2,0.768888,0.202649
283,test,packing,0,0,0.148702,0.210593
283,test,price,0,0,0.150442,0.180681
283,test,shipping,0,0,0.140541,0.216418
283,test,smell,0,1,0.168604,0.479998
283,test,stayingpower,0,1,0.21239,0.441366
283,test,texture,1,1,0.071144,0.789751
284,test,colour,1,1,0.072538,0.842641
284,test,packing,0,0,0.194974,0.246071
284,test,price,0,0,0.167199,0.20507
284,test,shipping,2,2,0.933625,0.032863
284,test,smell,0,0,0.211376,0.158005
284,test,stayingpower,0,0,0.167808,0.233405
284,test,texture,0,0,0.218043,0.247743
285,test,colour,1,1,0.0963,0.758678
285,test,packing,1,1,0.175379,0.707857
285,test,price,0,0,0.201661,0.217739
285,test,shipping,2,2,0.947859,0.025724
285,test,smell,0,0,0.217272,0.328101
285,test,stayingpower,0,1,0.249286,0.523072
285,test,texture,1,1,0.12462,0.700089
286,test,colour,0,2,0.916283,0.059526
286,test,packing,0,0,0.156431,0.185939
286,test,price,0,0,0.147422,0.168879
286,test,shipping,0,0,0.122167,0.228066
286,test,smell,0,0,0.183678,0.197507
286,test,stayingpower,0,0,0.23691,0.168183
286,test,texture,0,0,0.164636,0.254358
287,test,colour,0,1,0.120262,0.484142
287,test,packing,0,0,0.107967,0.12504
287,test,price,0,0,0.109407,0.158282
287,test,shipping,0,0,0.087823,0.074051
287,test,smell,0,0,0.090973,0.113104
287,test,stayingpower,0,0,0.133243,0.295753
287,test,texture,1,1,0.101323,0.51922
288,test,colour,0,0,0.143198,0.132101
288,test,packing,0,0,0.131578,0.137169
288,test,price,0,0,0.124106,0.136976
288,test,shipping,0,0,0.107665,0.125993
288,test,smell,0,0,0.122019,0.11591
288,test,stayingpower,0,0,0.13706,0.104919
288,test,texture,0,0,0.120405,0.136255
289,test,colour,0,0,0.212144,0.260143
289,test,packing,1,1,0.191393,0.68922
289,test,price,1,1,0.13623,0.723822
289,test,shipping,2,2,0.950233,0.021933
289,test,smell,0,0,0.209008,0.203806
289,test,stayingpower,0,0,0.177582,0.247389
289,test,texture,0,0,0.173852,0.28356
290,test,colour,2,2,0.827928,0.122878
290,test,packing,0,0,0.198109,0.182507
290,test,price,1,1,0.131784,0.697309
290,test,shipping,0,0,0.119295,0.274877
290,test,smell,1,1,0.114196,0.829196
290,test,stayingpower,0,0,0.142804,0.197045
290,test,texture,0,1,0.13939,0.566964
291,test,colour,0,1,0.167895,0.636774
291,test,packing,0,0,0.185328,0.153766
291,test,price,0,0,0.206497,0.199224
291,test,shipping,0,0,0.108792,0.171353
291,test,smell,3,1,0.217739,0.676628
291,test,stayingpower,1,1,0.301894,0.436201
291,test,texture,2,2,0.818596,0.153698
292,test,colour,2,2,0.528145,0.275024
292,test,packing,0,0,0.161346,0.201524
292,test,price,0,0,0.172223,0.238633
292,test,shipping,0,0,0.275541,0.207757
292,test,smell,2,2,0.86287,0.097622
292,test,stayingpower,0,1,0.187102,0.47441
292,test,texture,1,1,0.097518,0.770763
293,test,colour,1,1,0.072286,0.833622
293,test,packing,0,0,0.178152,0.219426
293,test,price,0,0,0.19102,0.278078
293,test,shipping,0,0,0.204899,0.198708
293,test,smell,0,0,0.151914,0.139911
293,test,stayingpower,2,2,0.923187,0.04733
293,test,texture,0,1,0.273789,0.457708
294,test,colour,1,1,0.040927,0.910302
294,test,packing,0,0,0.132899,0.146787
294,test,price,0,0,0.144914,0.173744
294,test,shipping,0,0,0.158024,0.185958
294,test,smell,0,0,0.133664,0.104093
294,test,stayingpower,0,0,0.159365,0.166367
294,test,texture,0,0,0.186384,0.218556
295,test,colour,1,0,0.164682,0.221198
295,test,packing,0,1,0.060019,0.903837
295,test,price,1,0,0.146959,0.207115
295,test,shipping,0,0,0.159619,0.200389
295,test,smell,0,0,0.127829,0.143271
295,test,stayingpower,0,0,0.15262,0.14869
295,test,texture,0,0,0.136461,0.177402
296,test,colour,0,0,0.198833,0.150122
296,test,packing,0,2,0.505568,0.38007
296,test,price,0,0,0.210857,0.266538
296,test,shipping,2,2,0.956542,0.022495
296,test,smell,0,0,0.193485,0.22335
296,test,stayingpower,0,0,0.218838,0.198766
296,test,texture,0,0,0.192925,0.193963
297,test,colour,2,2,0.936263,0.030257
297,test,packing,1,1,0.136412,0.736025
297,test,price,0,0,0.174547,0.163926
297,test,shipping,0,0,0.247265,0.319549
297,test,smell,0,0,0.215307,0.29475
297,test,stayingpower,0,0,0.212749,0.211068
297,test,texture,0,0,0.148018,0.242319
298,test,colour,1,1,0.193393,0.69935
298,test,packing,0,0,0.153718,0.130908
298,test,price,0,0,0.167136,0.219494
298,test,shipping,0,0,0.1525,0.207125
298,test,smell,1,1,0.071222,0.858313
298,test,stayingpower,0,1,0.115997,0.463271
298,test,texture,1,1,0.052135,0.867339
299,test,colour,1,1,0.099531,0.820671
299,test,packing,0,0,0.237438,0.233259
299,test,price,0,0,0.195592,0.227751
299,test,shipping,2,2,0.952921,0.021104
299,test,smell,0,0,0.279391,0.195986
299,test,stayingpower,0,1,0.310808,0.355381
299,test,texture,3,2,0.610061,0.223917
300,test,colour,0,1,0.162776,0.506023
300,test,packing,0,0,0.137482,0.093804
300,test,price,1,1,0.042069,0.928927
300,test,shipping,0,0,0.106468,0.124383
300,test,smell,0,0,0.161698,0.28219
300,test,stayingpower,0,0,0.196838,0.268094
300,test,texture,1,2,0.537414,0.317136
301,test,colour,1,1,0.089374,0.850495
301,test,packing,0,0,0.116759,0.106625
301,test,price,0,0,0.135002,0.158217
301,test,shipping,0,0,0.126339,0.138162
301,test,smell,0,0,0.127112,0.090887
301,test,stayingpower,0,0,0.162056,0.159668
301,test,texture,0,0,0.18298,0.20023
302,test,colour,1,1,0.095984,0.762501
302,test,packing,0,0,0.190985,0.184442
302,test,price,0,0,0.182273,0.20592
302,test,shipping,0,0,0.198239,0.15297
302,test,smell,1,1,0.111157,0.766595
302,test,stayingpower,1,1,0.148579,0.714288
302,test,texture,0,1,0.041368,0.915268
303,test,colour,0,0,0.246064,0.317199
303,test,packing,0,0,0.329624,0.282613
303,test,price,1,1,0.145268,0.718399
303,test,shipping,2,2,0.943378,0.032223
303,test,smell,0,0,0.285895,0.188554
303,test,stayingpower,2,2,0.792654,0.113122
303,test,texture,0,1,0.306264,0.369265
304,test,colour,3,1,0.171354,0.782195
304,test,packing,0,0,0.103263,0.108565
304,test,price,0,0,0.12086,0.125466
304,test,shipping,0,0,0.121869,0.15183
304,test,smell,0,0,0.143331,0.181453
304,test,stayingpower,2,1,0.208516,0.51314
304,test,texture,0,1,0.134166,0.725641
305,test,colour,3,2,0.728261,0.21784
305,test,packing,0,0,0.215403,0.189929
305,test,price,1,1,0.14277,0.660636
305,test,shipping,0,0,0.134078,0.294569
305,test,smell,1,1,0.091534,0.862102
305,test,stayingpower,0,0,0.122159,0.18609
305,test,texture,0,1,0.122425,0.544703
306,test,colour,1,0,0.142357,0.304449
306,test,packing,0,0,0.13533,0.156338
306,test,price,1,1,0.055867,0.894437
306,test,shipping,0,0,0.107785,0.15865
306,test,smell,0,0,0.118053,0.108659
306,test,stayingpower,0,0,0.130198,0.113788
306,test,texture,0,0,0.163961,0.147516
307,test,colour,0,0,0.224298,0.21844
307,test,packing,0,0,0.223417,0.180098
307,test,price,0,0,0.168543,0.209034
307,test,shipping,0,0,0.15524,0.211136
307,test,smell,1,1,0.043582,0.932732
307,test,stayingpower,0,0,0.139697,0.357579
307,test,texture,1,1,0.088681,0.795391
308,test,colour,0,0,0.142106,0.18761
308,test,packing,0,0,0.135978,0.174761
308,test,price,0,0,0.137299,0.188681
308,test,shipping,0,0,0.166225,0.091429
308,test,smell,0,0,0.099946,0.108909
308,test,stayingpower,3,1,0.303897,0.600521
308,test,texture,3,1,0.109949,0.752399
309,test,colour,1,1,0.052851,0.857439
309,test,packing,0,0,0.142004,0.138454
309,test,price,1,1,0.083633,0.830336
309,test,shipping,0,0,0.158481,0.16922
309,test,smell,0,0,0.144047,0.11125
309,test,stayingpower,0,0,0.15771,0.155342
309,test,texture,0,0,0.225881,0.207715
310,test,colour,1,1,0.344384,0.446666
310,test,packing,1,1,0.239236,0.569425
310,test,price,0,0,0.181497,0.269608
310,test,shipping,1,1,0.100139,0.753214
310,test,smell,0,0,0.147958,0.287324
310,test,stayingpower,2,2,0.940526,0.038313
310,test,texture,3,1,0.338125,0.456693
311,test,colour,0,0,0.142342,0.236012
311,test,packing,0,0,0.129578,0.14379
311,test,price,0,0,0.135322,0.210631
311,test,shipping,0,0,0.151552,0.093497
311,test,smell,0,0,0.09773,0.116612
311,test,stayingpower,1,1,0.336635,0.564669
311,test,texture,0,1,0.082873,0.782401
312,test,colour,0,0,0.218553,0.195878
312,test,packing,0,0,0.12853,0.208434
312,test,price,0,0,0.145078,0.168316
312,test,shipping,1,1,0.045445,0.903161
312,test,smell,0,0,0.148333,0.13043
312,test,stayingpower,0,0,0.158001,0.134428
312,test,texture,0,0,0.140893,0.127679
313,test,colour,0,0,0.218141,0.22183
313,test,packing,0,0,0.138876,0.416058
313,test,price,0,0,0.159114,0.167753
313,test,shipping,1,1,0.030816,0.939564
313,test,smell,0,0,0.173153,0.15858
313,test,stayingpower,0,0,0.172945,0.151209
313,test,texture,0,0,0.145511,0.136551
314,test,colour,0,0,0.200784,0.203173
314,test,packing,1,1,0.116317,0.817794
314,test,price,0,0,0.147595,0.141684
314,test,shipping,0,0,0.146645,0.312206
314,test,smell,1,1,0.081775,0.837173
314,test,stayingpower,0,0,0.112556,0.159795
314,test,texture,0,0,0.127077,0.417985
315,test,colour,1,1,0.075792,0.83196
315,test,packing,0,0,0.141401,0.123792
315,test,price,1,1,0.065349,0.885775
315,test,shipping,0,0,0.145359,0.153691
315,test,smell,0,0,0.159954,0.133268
315,test,stayingpower,0,0,0.172843,0.17347
315,test,texture,0,0,0.281239,0.249135
316,test,colour,0,0,0.15727,0.191875
316,test,packing,0,0,0.124542,0.12267
316,test,price,0,0,0.118113,0.120363
316,test,shipping,0,0,0.112747,0.12203
316,test,smell,0,0,0.118874,0.101114
316,test,stayingpower,0,0,0.139152,0.106482
316,test,texture,0,0,0.121459,0.138082
317,test,colour,1,1,0.085143,0.858221
317,test,packing,0,0,0.126543,0.205967
317,test,price,0,0,0.136009,0.169886
317,test,shipping,1,1,0.063733,0.854294
317,test,smell,0,0,0.156781,0.348492
317,test,stayingpower,0,0,0.144609,0.405727
317,test,texture,1,1,0.115605,0.647242
318,test,colour,0,0,0.2162,0.234765
318,test,packing,1,1,0.083149,0.835896
318,test,price,0,0,0.172419,0.188851
318,test,shipping,1,1,0.03927,0.923395
318,test,smell,0,0,0.177604,0.172751
318,test,stayingpower,0,0,0.184186,0.170101
318,test,texture,0,0,0.151722,0.149797
319,test,colour,0,0,0.169015,0.114541
319,test,packing,0,0,0.138386,0.137615
319,test,price,1,1,0.059359,0.887398
319,test,shipping,0,0,0.134971,0.160914
319,test,smell,0,0,0.132683,0.110675
319,test,stayingpower,0,0,0.144779,0.128308
319,test,texture,0,0,0.174173,0.14274
320,test,colour,1,2,0.390461,0.275682
320,test,packing,0,0,0.209031,0.172396
320,test,price,0,0,0.20601,0.204816
320,test,shipping,0,0,0.265643,0.185817
320,test,smell,2,2,0.940873,0.02872
320,test,stayingpower,0,0,0.144984,0.211398
320,test,texture,3,2,0.491504,0.175603
321,test,colour,1,1,0.071143,0.893417
321,test,packing,1,1,0.118014,0.726786
321,test,price,0,0,0.158402,0.15838
321,test,shipping,1,1,0.130656,0.76517
321,test,smell,0,0,0.179591,0.204327
321,test,stayingpower,0,0,0.166197,0.187914
321,test,texture,0,0,0.192525,0.192323
322,test,colour,1,1,0.055518,0.872471
322,test,packing,0,0,0.117815,0.12279
322,test,price,0,0,0.140936,0.185649
322,test,shipping,0,0,0.1389,0.153417
322,test,smell,0,0,0.135095,0.264564
322,test,stayingpower,0,1,0.152655,0.546876
322,test,texture,1,1,0.074495,0.827489
323,test,colour,2,2,0.9033,0.043702
323,test,packing,1,1,0.146992,0.66161
323,test,price,0,0,0.181608,0.165736
323,test,shipping,3,1,0.13555,0.744176
323,test,smell,0,1,0.18906,0.54848
323,test,stayingpower,0,1,0.238426,0.42917
323,test,texture,1,1,0.091775,0.660673
324,test,colour,0,0,0.211771,0.235952
324,test,packing,0,0,0.277076,0.281591
324,test,price,0,0,0.192376,0.254655
324,test,shipping,2,2,0.91643,0.039416
324,test,smell,1,1,0.094604,0.859349
324,test,stayingpower,0,0,0.124769,0.413241
324,test,texture,1,1,0.086553,0.75266
325,test,colour,0,0,0.205027,0.201928
325,test,packing,0,0,0.125655,0.19038
325,test,price,0,0,0.13975,0.148724
325,test,shipping,1,1,0.046262,0.887628
325,test,smell,0,0,0.149174,0.141599
325,test,stayingpower,0,0,0.148884,0.127318
325,test,texture,0,0,0.133832,0.131569
326,test,colour,1,1,0.037718,0.918321
326,test,packing,0,0,0.134317,0.14901
326,test,price,0,0,0.144872,0.176831
326,test,shipping,0,0,0.163144,0.190116
326,test,smell,0,0,0.136903,0.103253
326,test,stayingpower,0,0,0.168884,0.174567
326,test,texture,0,0,0.200071,0.235059
327,test,colour,1,1,0.033632,0.927793
327,test,packing,0,0,0.140075,0.142728
327,test,price,1,1,0.101848,0.775365
327,test,shipping,0,0,0.154237,0.213337
327,test,smell,0,0,0.159074,0.143745
327,test,stayingpower,0,0,0.183242,0.209867
327,test,texture,0,0,0.24196,0.313846
328,test,colour,0,1,0.171629,0.447913
328,test,packing,1,1,0.275659,0.564636
328,test,price,0,0,0.230335,0.307114
328,test,shipping,0,0,0.199832,0.329533
328,test,smell,1,1,0.15738,0.653218
328,test,stayingpower,2,2,0.924482,0.048815
328,test,texture,1,1,0.157836,0.670465
329,test,colour,1,1,0.06843,0.831902
329,test,packing,0,0,0.191236,0.120502
329,test,price,0,0,0.18915,0.256359
329,test,shipping,0,0,0.138264,0.136031
329,test,smell,1,1,0.14447,0.772155
329,test,stayingpower,0,1,0.22061,0.393469
329,test,texture,1,2,0.634142,0.316157
330,test,colour,0,0,0.164394,0.281585
330,test,packing,0,0,0.129504,0.145197
330,test,price,0,0,0.145737,0.227473
330,test,shipping,0,0,0.148803,0.090925
330,test,smell,0,0,0.121522,0.166618
330,test,stayingpower,1,1,0.204516,0.676646
330,test,texture,0,1,0.058591,0.854813
331,test,colour,3,1,0.087895,0.806736
331,test,packing,0,0,0.122855,0.096592
331,test,price,0,0,0.132722,0.150263
331,test,shipping,0,0,0.10708,0.11967
331,test,smell,0,0,0.105123,0.071235
331,test,stayingpower,0,0,0.210207,0.165926
331,test,texture,0,2,0.493493,0.146087
332,test,colour,0,0,0.167977,0.139445
332,test,packing,0,0,0.124967,0.116915
332,test,price,0,0,0.119416,0.140284
332,test,shipping,0,0,0.22971,0.308293
332,test,smell,0,0,0.108924,0.087163
332,test,stayingpower,0,0,0.115249,0.094289
332,test,texture,0,0,0.107561,0.101316
333,test,colour,1,1,0.042788,0.906102
333,test,packing,0,0,0.131666,0.145041
333,test,price,0,0,0.145956,0.18268
333,test,shipping,0,0,0.158785,0.192471
333,test,smell,0,0,0.135346,0.103321
333,test,stayingpower,0,0,0.153041,0.152503
333,test,texture,0,0,0.191907,0.19504
334,test,colour,2,2,0.958953,0.01931
334,test,packing,0,0,0.214107,0.284921
334,test,price,0,0,0.199197,0.268844
334,test,shipping,0,0,0.283734,0.262495
334,test,smell,0,0,0.21101,0.208436
334,test,stayingpower,2,2,0.679458,0.140649
334,test,texture,0,0,0.31055,0.3327
335,test,colour,0,0,0.283868,0.319811
335,test,packing,0,0,0.160963,0.119962
335,test,price,0,0,0.198073,0.300954
335,test,shipping,0,0,0.192245,0.137856
335,test,smell,0,0,0.312091,0.123517
335,test,stayingpower,0,0,0.297519,0.20013
335,test,texture,2,2,0.943704,0.021117
336,test,colour,0,0,0.221413,0.226742
336,test,packing,0,0,0.128333,0.223583
336,test,price,0,0,0.140317,0.14824
336,test,shipping,1,1,0.04151,0.902069
336,test,smell,0,0,0.144897,0.129548
336,test,stayingpower,0,0,0.155309,0.130113
336,test,texture,0,0,0.13602,0.127408
337,test,colour,0,0,0.209645,0.296642
337,test,packing,1,1,0.053453,0.908167
337,test,price,0,0,0.167928,0.183277
337,test,shipping,1,1,0.065126,0.872348
337,test,smell,0,0,0.174673,0.166127
337,test,stayingpower,0,0,0.188141,0.182519
337,test,texture,0,0,0.165473,0.167626
338,test,colour,0,0,0.200767,0.184996
338,test,packing,0,0,0.132362,0.183054
338,test,price,0,0,0.151193,0.217575
338,test,shipping,1,1,0.045611,0.907213
338,test,smell,0,0,0.14939,0.136474
338,test,stayingpower,0,0,0.165728,0.135633
338,test,texture,0,0,0.145258,0.136393
339,test,colour,1,1,0.117917,0.80448
339,test,packing,1,1,0.111381,0.825621
339,test,price,0,0,0.226844,0.200446
339,test,shipping,1,1,0.081172,0.863274
339,test,smell,1,1,0.139678,0.751831
339,test,stayingpower,0,0,0.151697,0.258314
339,test,texture,0,0,0.183564,0.388971
340,test,colour,1,1,0.092315,0.845801
340,test,packing,0,0,0.231457,0.213692
340,test,price,0,0,0.192872,0.27084
340,test,shipping,2,2,0.941419,0.030721
340,test,smell,3,2,0.541812,0.227231
340,test,stayingpower,0,0,0.165741,0.250407
340,test,texture,0,0,0.244093,0.30896
341,test,colour,3,2,0.51067,0.318573
341,test,packing,0,0,0.128195,0.283241
341,test,price,0,0,0.140419,0.150873
341,test,shipping,1,1,0.025988,0.940483
341,test,smell,0,0,0.139553,0.201956
341,test,stayingpower,0,0,0.176468,0.211679
341,test,texture,0,0,0.151519,0.281881
342,test,colour,0,0,0.14755,0.262132
342,test,packing,0,0,0.128579,0.11119
342,test,price,1,1,0.065519,0.859546
342,test,shipping,0,0,0.106443,0.142643
342,test,smell,0,0,0.146613,0.253106
342,test,stayingpower,0,1,0.200496,0.503912
342,test,texture,1,1,0.081559,0.829671
343,test,colour,3,2,0.920646,0.048658
343,test,packing,0,0,0.142502,0.196281
343,test,price,0,0,0.147325,0.181886
343,test,shipping,0,0,0.161895,0.215811
343,test,smell,0,0,0.202185,0.318496
343,test,stayingpower,0,0,0.202878,0.36262
343,test,texture,1,1,0.105778,0.632243
344,test,colour,2,1,0.394503,0.466687
344,test,packing,0,0,0.167506,0.142649
344,test,price,0,0,0.164007,0.194978
344,test,shipping,0,0,0.144188,0.216687
344,test,smell,1,1,0.064965,0.891752
344,test,stayingpower,0,0,0.117469,0.368405
344,test,texture,1,1,0.054898,0.840575
345,test,colour,0,0,0.159312,0.124769
345,test,packing,0,0,0.127466,0.121975
345,test,price,0,0,0.126204,0.134032
345,test,shipping,0,0,0.129929,0.117519
345,test,smell,0,0,0.116113,0.090904
345,test,stayingpower,0,0,0.142818,0.120155
345,test,texture,0,0,0.130072,0.135322
346,test,colour,1,1,0.103471,0.814868
346,test,packing,0,0,0.163581,0.154584
346,test,price,0,0,0.196912,0.222163
346,test,shipping,0,0,0.169636,0.225973
346,test,smell,0,0,0.25717,0.131031
346,test,stayingpower,0,0,0.352402,0.19897
346,test,texture,2,2,0.911866,0.034532
347,test,colour,0,0,0.152541,0.15241
347,test,packing,0,0,0.120307,0.118641
347,test,price,0,0,0.118213,0.135979
347,test,shipping,0,0,0.110679,0.118553
347,test,smell,0,0,0.117275,0.115431
347,test,stayingpower,0,0,0.13174,0.110068
347,test,texture,0,0,0.120619,0.157689
348,test,colour,0,0,0.220107,0.251652
348,test,packing,0,0,0.188919,0.238973
348,test,price,0,0,0.161261,0.171139
348,test,shipping,2,2,0.95129,0.021584
348,test,smell,0,0,0.177388,0.156003
348,test,stayingpower,0,0,0.136099,0.196628
348,test,texture,0,0,0.142345,0.200426
349,test,colour,3,1,0.094183,0.796853
349,test,packing,0,0,0.131211,0.123138
349,test,price,1,1,0.067018,0.871307
349,test,shipping,0,0,0.129589,0.171996
349,test,smell,0,0,0.140028,0.093863
349,test,stayingpower,0,0,0.172787,0.166938
349,test,texture,0,0,0.222367,0.225295
350,test,colour,1,1,0.144565,0.75597
350,test,packing,0,0,0.201029,0.148084
350,test,price,0,0,0.179057,0.214531
350,test,shipping,0,0,0.13918,0.228206
350,test,smell,1,1,0.07445,0.89742
350,test,stayingpower,0,0,0.098233,0.171779
350,test,texture,0,1,0.152929,0.51473
351,test,colour,1,1,0.064834,0.880937
351,test,packing,0,0,0.115834,0.132144
351,test,price,0,0,0.144722,0.163329
351,test,shipping,0,0,0.172461,0.132359
351,test,smell,0,0,0.136821,0.172236
351,test,stayingpower,1,1,0.220391,0.632493
351,test,texture,3,1,0.105958,0.793597
352,test,colour,0,0,0.310342,0.246391
352,test,packing,0,0,0.206617,0.191569
352,test,price,0,0,0.165419,0.168183
352,test,shipping,0,0,0.136729,0.223456
352,test,smell,2,2,0.729299,0.240468
352,test,stayingpower,0,0,0.093493,0.164778
352,test,texture,0,0,0.180539,0.338316
353,test,colour,0,0,0.194327,0.155769
353,test,packing,1,1,0.152822,0.758923
353,test,price,0,0,0.166589,0.186612
353,test,shipping,1,2,0.931432,0.032463
353,test,smell,0,0,0.16119,0.17483
353,test,stayingpower,0,0,0.16796,0.211172
353,test,texture,0,0,0.140369,0.218029
354,test,colour,0,0,0.165635,0.132567
354,test,packing,0,0,0.125398,0.115002
354,test,price,0,0,0.124017,0.135832
354,test,shipping,0,0,0.121814,0.111493
354,test,smell,0,0,0.117635,0.094617
354,test,stayingpower,0,0,0.14236,0.117294
354,test,texture,0,0,0.133381,0.141379
355,test,colour,1,1,0.082996,0.843177
355,test,packing,1,1,0.093023,0.819927
355,test,price,0,0,0.180578,0.17634
355,test,shipping,1,1,0.078451,0.859637
355,test,smell,0,0,0.207647,0.208044
355,test,stayingpower,0,0,0.18332,0.206796
355,test,texture,0,0,0.193656,0.196944
356,test,colour,0,0,0.149015,0.14833
356,test,packing,0,0,0.121058,0.127649
356,test,price,0,0,0.120992,0.146637
356,test,shipping,0,0,0.111442,0.129522
356,test,smell,0,0,0.114316,0.114459
356,test,stayingpower,0,0,0.131312,0.103661
356,test,texture,0,0,0.115678,0.143493
357,test,colour,0,0,0.175197,0.14699
357,test,packing,1,1,0.067805,0.886825
357,test,price,0,0,0.129867,0.167581
357,test,shipping,0,0,0.1615,0.123151
357,test,smell,0,0,0.108576,0.162404
357,test,stayingpower,0,0,0.288475,0.331834
357,test,texture,3,1,0.153218,0.511313
358,test,colour,0,0,0.221202,0.210435
358,test,packing,1,1,0.070035,0.880476
358,test,price,0,0,0.164268,0.178836
358,test,shipping,1,1,0.052801,0.887937
358,test,smell,0,0,0.173996,0.172968
358,test,stayingpower,0,0,0.181018,0.170711
358,test,texture,0,0,0.152024,0.145863
359,test,colour,0,0,0.223802,0.187477
359,test,packing,0,0,0.130909,0.230367
359,test,price,0,0,0.152019,0.177957
359,test,shipping,1,1,0.040338,0.915539
359,test,smell,0,0,0.152437,0.135271
359,test,stayingpower,0,0,0.167919,0.145855
359,test,texture,0,0,0.138913,0.135
360,test,colour,0,0,0.086499,0.305838
360,test,packing,0,0,0.123265,0.172264
360,test,price,0,1,0.088597,0.70991
360,test,shipping,0,0,0.083565,0.196947
360,test,smell,0,0,0.096268,0.24524
360,test,stayingpower,0,0,0.084211,0.097701
360,test,texture,0,0,0.130148,0.267951
361,test,colour,0,0,0.204398,0.199375
361,test,packing,0,0,0.195215,0.219439
361,test,price,0,0,0.164384,0.183311
361,test,shipping,2,2,0.948181,0.021093
361,test,smell,0,0,0.174523,0.140239
361,test,stayingpower,0,0,0.148626,0.214614
361,test,texture,0,0,0.150833,0.195318
362,test,colour,0,0,0.137709,0.408667
362,test,packing,0,0,0.131687,0.142807
362,test,price,1,1,0.068175,0.863018
362,test,shipping,0,0,0.154538,0.127352
362,test,smell,0,0,0.160823,0.176595
362,test,stayingpower,1,1,0.261331,0.610764
362,test,texture,1,1,0.102166,0.814069
363,test,colour,0,0,0.216741,0.216773
363,test,packing,1,1,0.149404,0.753352
363,test,price,0,0,0.183341,0.199576
363,test,shipping,2,2,0.950908,0.023098
363,test,smell,0,0,0.184935,0.174033
363,test,stayingpower,0,0,0.178805,0.24028
363,test,texture,0,0,0.149534,0.23401
364,test,colour,1,1,0.039478,0.912467
364,test,packing,0,0,0.128037,0.136823
364,test,price,0,0,0.140125,0.166152
364,test,shipping,0,0,0.141892,0.17756
364,test,smell,0,0,0.129336,0.106279
364,test,stayingpower,0,0,0.163816,0.187051
364,test,texture,0,0,0.201926,0.261548
365,test,colour,0,0,0.138141,0.150146
365,test,packing,0,0,0.125052,0.127099
365,test,price,0,0,0.119444,0.145148
365,test,shipping,0,0,0.107969,0.112363
365,test,smell,0,0,0.119934,0.127157
365,test,stayingpower,0,0,0.132553,0.107126
365,test,texture,0,0,0.118177,0.163434
366,test,colour,0,0,0.17684,0.246515
366,test,packing,1,1,0.049491,0.919566
366,test,price,0,0,0.146598,0.200961
366,test,shipping,0,0,0.146684,0.188719
366,test,smell,0,0,0.126566,0.142501
366,test,stayingpower,0,0,0.185505,0.198529
366,test,texture,0,0,0.155218,0.246632
367,test,colour,0,0,0.168874,0.134719
367,test,packing,0,0,0.129936,0.13861
367,test,price,0,0,0.124629,0.133693
367,test,shipping,0,0,0.116672,0.131259
367,test,smell,0,0,0.108996,0.084742
367,test,stayingpower,0,0,0.147046,0.116533
367,test,texture,0,0,0.122883,0.126106
368,test,colour,0,0,0.166651,0.360558
368,test,packing,1,1,0.18151,0.707806
368,test,price,0,0,0.187226,0.234982
368,test,shipping,2,2,0.963669,0.016019
368,test,smell,0,0,0.205093,0.223127
368,test,stayingpower,1,1,0.235342,0.515675
368,test,texture,1,1,0.136763,0.589409
369,test,colour,0,0,0.154312,0.125722
369,test,packing,0,0,0.131444,0.121662
369,test,price,0,0,0.126988,0.134405
369,test,shipping,0,0,0.122518,0.111408
369,test,smell,0,0,0.119373,0.096534
369,test,stayingpower,0,0,0.146023,0.119794
369,test,texture,0,0,0.132362,0.137138
370,test,colour,2,2,0.790716,0.115155
370,test,packing,1,1,0.292492,0.465093
370,test,price,1,1,0.220938,0.601676
370,test,shipping,0,0,0.176155,0.39047
370,test,smell,1,1,0.235892,0.659715
370,test,stayingpower,2,2,0.808009,0.081134
370,test,texture,2,2,0.81047,0.11285
371,test,colour,0,0,0.15361,0.138278
371,test,packing,0,0,0.122077,0.116225
371,test,price,0,0,0.125235,0.148283
371,test,shipping,0,0,0.114747,0.12099
371,test,smell,0,0,0.119758,0.111259
371,test,stayingpower,0,0,0.131821,0.10835
371,test,texture,0,0,0.120099,0.140195
372,test,colour,1,1,0.087247,0.811867
372,test,packing,0,0,0.183682,0.145575
372,test,price,1,1,0.119194,0.786089
372,test,shipping,0,0,0.237057,0.19015
372,test,smell,0,0,0.326906,0.172553
372,test,stayingpower,0,0,0.341874,0.217138
372,test,texture,2,2,0.913084,0.041069
373,test,colour,1,1,0.05896,0.89733
373,test,packing,0,0,0.132616,0.198639
373,test,price,0,0,0.136992,0.16974
373,test,shipping,0,1,0.124858,0.632389
373,test,smell,0,0,0.153999,0.139329
373,test,stayingpower,0,0,0.131044,0.124158
373,test,texture,0,0,0.172512,0.154988
374,test,colour,1,1,0.061603,0.86897
374,test,packing,1,1,0.087771,0.825115
374,test,price,0,0,0.159935,0.170835
374,test,shipping,0,0,0.201878,0.283121
374,test,smell,0,0,0.153911,0.130966
374,test,stayingpower,0,0,0.181305,0.190751
374,test,texture,0,0,0.162082,0.214618
375,test,colour,1,1,0.091492,0.80976
375,test,packing,0,0,0.187939,0.234104
375,test,price,0,0,0.162001,0.191725
375,test,shipping,2,2,0.936414,0.028761
375,test,smell,0,0,0.195871,0.13277
375,test,stayingpower,0,0,0.168578,0.237731
375,test,texture,0,0,0.210486,0.242676
376,test,colour,1,1,0.054735,0.884003
376,test,packing,0,0,0.129663,0.153886
376,test,price,0,0,0.155469,0.200136
376,test,shipping,0,0,0.166725,0.142763
376,test,smell,0,0,0.140492,0.187118
376,test,stayingpower,1,1,0.19078,0.661301
376,test,texture,1,1,0.075523,0.828817
377,test,colour,2,2,0.943216,0.020495
377,test,packing,0,0,0.196743,0.198253
377,test,price,1,1,0.122938,0.756806
377,test,shipping,0,0,0.245771,0.210993
377,test,smell,0,0,0.336413,0.266613
377,test,stayingpower,0,0,0.231391,0.191304
377,test,texture,0,0,0.285786,0.237244
378,test,colour,0,1,0.199259,0.449341
378,test,packing,1,1,0.317045,0.577377
378,test,price,0,1,0.231695,0.385321
378,test,shipping,1,1,0.139366,0.710907
378,test,smell,1,1,0.177563,0.570953
378,test,stayingpower,2,2,0.910919,0.044802
378,test,texture,0,1,0.284593,0.426322
379,test,colour,0,0,0.142836,0.211893
379,test,packing,0,0,0.116708,0.194422
379,test,price,0,0,0.107025,0.181455
379,test,shipping,1,1,0.078698,0.735044
379,test,smell,0,0,0.107067,0.293883
379,test,stayingpower,0,0,0.139726,0.318969
379,test,texture,0,1,0.077619,0.636406
380,test,colour,1,1,0.127286,0.815451
380,test,packing,0,0,0.241892,0.235143
380,test,price,0,0,0.188147,0.272311
380,test,shipping,1,1,0.070754,0.860455
380,test,smell,3,1,0.086929,0.845426
380,test,stayingpower,0,0,0.115729,0.176096
380,test,texture,0,0,0.240498,0.344676
381,test,colour,0,0,0.175488,0.164335
381,test,packing,0,0,0.113692,0.094109
381,test,price,0,0,0.126015,0.155245
381,test,shipping,0,0,0.10159,0.102038
381,test,smell,0,0,0.120716,0.10127
381,test,stayingpower,0,0,0.142172,0.11475
381,test,texture,0,0,0.139034,0.154034
382,test,colour,1,1,0.042143,0.89891
382,test,packing,0,0,0.128097,0.14932
382,test,price,0,0,0.137513,0.182922
382,test,shipping,0,0,0.149431,0.16705
382,test,smell,0,0,0.120769,0.109324
382,test,stayingpower,0,0,0.140939,0.170082
382,test,texture,0,0,0.168631,0.24068
383,test,colour,1,1,0.037438,0.910219
383,test,packing,0,0,0.136222,0.130254
383,test,price,1,1,0.078492,0.843884
383,test,shipping,0,0,0.161235,0.194629
383,test,smell,0,0,0.150044,0.123437
383,test,stayingpower,0,0,0.208111,0.279779
383,test,texture,0,1,0.251685,0.410625
384,test,colour,0,0,0.171372,0.192844
384,test,packing,0,0,0.121227,0.159862
384,test,price,0,0,0.129141,0.147239
384,test,shipping,3,1,0.073825,0.805315
384,test,smell,0,0,0.133096,0.120658
384,test,stayingpower,0,0,0.142344,0.106807
384,test,texture,0,0,0.118522,0.117821
385,test,colour,1,1,0.041493,0.910871
385,test,packing,0,0,0.12558,0.135888
385,test,price,0,0,0.130723,0.150475
385,test,shipping,0,0,0.152658,0.163516
385,test,smell,0,0,0.10194,0.083097
385,test,stayingpower,0,0,0.209012,0.229694
385,test,texture,0,0,0.247377,0.292007
386,test,colour,0,0,0.1483,0.151685
386,test,packing,0,0,0.130073,0.159257
386,test,price,0,0,0.115066,0.123337
386,test,shipping,0,0,0.113979,0.147573
386,test,smell,0,0,0.115122,0.107663
386,test,stayingpower,0,0,0.125413,0.102219
386,test,texture,0,0,0.119307,0.129108
387,test,colour,1,1,0.078969,0.760627
387,test,packing,0,0,0.183544,0.212168
387,test,price,0,0,0.175629,0.278682
387,test,shipping,0,0,0.178434,0.19227
387,test,smell,0,0,0.138901,0.168479
387,test,stayingpower,2,2,0.922503,0.058428
387,test,texture,0,1,0.185517,0.622795
388,test,colour,0,0,0.164909,0.34385
388,test,packing,0,0,0.126878,0.177277
388,test,price,0,0,0.127472,0.221942
388,test,shipping,1,1,0.069583,0.819864
388,test,smell,0,0,0.134398,0.410064
388,test,stayingpower,0,1,0.154967,0.497186
388,test,texture,1,1,0.060647,0.824856
389,test,colour,1,1,0.03543,0.929396
389,test,packing,0,0,0.132738,0.140648
389,test,price,0,0,0.14245,0.164848
389,test,shipping,0,0,0.160055,0.169007
389,test,smell,0,0,0.15187,0.145722
389,test,stayingpower,0,0,0.163712,0.208726
389,test,texture,0,0,0.186272,0.315273
390,test,colour,0,0,0.199133,0.182007
390,test,packing,0,0,0.120827,0.17223
390,test,price,0,0,0.152174,0.270842
390,test,shipping,2,1,0.090723,0.864763
390,test,smell,0,0,0.141019,0.121591
390,test,stayingpower,0,0,0.152506,0.131778
390,test,texture,0,0,0.135651,0.129249
391,test,colour,0,2,0.367623,0.292213
391,test,packing,0,0,0.181976,0.158225
391,test,price,0,0,0.21116,0.268259
391,test,shipping,0,0,0.177787,0.179492
391,test,smell,0,0,0.378823,0.137802
391,test,stayingpower,0,0,0.348323,0.203413
391,test,texture,2,2,0.954107,0.01824
392,test,colour,1,1,0.129831,0.761264
392,test,packing,0,0,0.196614,0.203545
392,test,price,1,1,0.127482,0.723617
392,test,shipping,0,0,0.18164,0.218257
392,test,smell,0,0,0.202113,0.179698
392,test,stayingpower,2,2,0.930761,0.039593
392,test,texture,0,1,0.387495,0.393224
393,test,colour,1,1,0.189248,0.65492
393,test,packing,0,0,0.177537,0.275097
393,test,price,0,0,0.160854,0.207011
393,test,shipping,2,2,0.955728,0.01977
393,test,smell,0,0,0.226996,0.307033
393,test,stayingpower,1,1,0.179642,0.576877
393,test,texture,1,1,0.096875,0.76325
394,test,colour,1,1,0.098133,0.783081
394,test,packing,0,0,0.163079,0.139823
394,test,price,0,0,0.202119,0.25502
394,test,shipping,0,0,0.224127,0.175903
394,test,smell,0,0,0.292361,0.134113
394,test,stayingpower,0,0,0.349058,0.246215
394,test,texture,2,2,0.935129,0.031086
395,test,colour,0,0,0.16474,0.144128
395,test,packing,0,0,0.114011,0.123884
395,test,price,0,0,0.122718,0.155303
395,test,shipping,0,0,0.115608,0.121064
395,test,smell,0,0,0.110676,0.110075
395,test,stayingpower,0,0,0.126479,0.11417
395,test,texture,0,0,0.122972,0.152823
396,test,colour,1,1,0.057375,0.835137
396,test,packing,0,0,0.157942,0.141542
396,test,price,0,0,0.173259,0.204497
396,test,shipping,0,0,0.292264,0.137609
396,test,smell,0,0,0.249623,0.161187
396,test,stayingpower,1,2,0.490137,0.350588
396,test,texture,2,2,0.860213,0.098837
397,test,colour,1,1,0.065919,0.85892
397,test,packing,0,0,0.151969,0.199033
397,test,price,1,1,0.088589,0.814949
397,test,shipping,2,1,0.120573,0.792336
397,test,smell,0,0,0.186573,0.210047
397,test,stayingpower,0,0,0.143959,0.154825
397,test,texture,0,0,0.219471,0.203706
398,test,colour,0,0,0.147453,0.151376
398,test,packing,0,0,0.12277,0.136454
398,test,price,0,0,0.119577,0.12857
398,test,shipping,0,0,0.11956,0.153864
398,test,smell,0,0,0.114667,0.106386
398,test,stayingpower,0,0,0.131466,0.103253
398,test,texture,0,0,0.115803,0.132785
399,test,colour,1,1,0.152703,0.686725
399,test,packing,0,1,0.241071,0.570533
399,test,price,0,0,0.224125,0.217492
399,test,shipping,2,2,0.928349,0.039682
399,test,smell,1,1,0.138845,0.79014
399,test,stayingpower,0,1,0.157084,0.544273
399,test,texture,1,1,0.083075,0.808624
400,test,colour,0,0,0.142334,0.299944
400,test,packing,0,0,0.107469,0.104218
400,test,price,0,0,0.117029,0.194634
400,test,shipping,0,0,0.096255,0.074727
400,test,smell,0,0,0.104947,0.205957
400,test,stayingpower,0,1,0.152972,0.435827
400,test,texture,1,1,0.072464,0.748519
401,test,colour,0,1,0.172137,0.498252
401,test,packing,1,1,0.069235,0.862217
401,test,price,0,0,0.16791,0.206951
401,test,shipping,1,1,0.077297,0.86996
401,test,smell,0,0,0.134984,0.177665
401,test,stayingpower,1,1,0.231103,0.561063
401,test,texture,0,1,0.122,0.610496
402,test,colour,0,0,0.167907,0.277979
402,test,packing,0,0,0.161972,0.240939
402,test,price,0,0,0.129102,0.141455
402,test,shipping,2,2,0.931836,0.03441
402,test,smell,0,0,0.178906,0.268045
402,test,stayingpower,0,0,0.10673,0.236043
402,test,texture,0,0,0.115768,0.388965
403,test,colour,1,1,0.047702,0.912494
403,test,packing,0,0,0.146248,0.232182
403,test,price,0,0,0.161921,0.214307
403,test,shipping,1,1,0.077452,0.838365
403,test,smell,0,0,0.18346,0.203989
403,test,stayingpower,0,0,0.153485,0.179422
403,test,texture,0,0,0.188723,0.228839
404,test,colour,0,0,0.135736,0.191471
404,test,packing,0,0,0.14313,0.176678
404,test,price,0,0,0.136094,0.226211
404,test,shipping,0,0,0.143395,0.088823
404,test,smell,0,0,0.10157,0.120619
404,test,stayingpower,1,1,0.262112,0.607106
404,test,texture,0,1,0.07503,0.781916
405,test,colour,0,0,0.168523,0.102499
405,test,packing,0,0,0.123363,0.120937
405,test,price,0,0,0.126279,0.16524
405,test,shipping,0,0,0.114359,0.128861
405,test,smell,0,0,0.124566,0.129586
405,test,stayingpower,0,0,0.128825,0.110268
405,test,texture,0,0,0.129366,0.14095
406,test,colour,1,1,0.08814,0.822375
406,test,packing,0,0,0.173194,0.152136
406,test,price,1,1,0.143619,0.694664
406,test,shipping,0,0,0.168116,0.221601
406,test,smell,0,0,0.188702,0.165339
406,test,stayingpower,2,2,0.601647,0.223541
406,test,texture,2,2,0.893532,0.068858
407,test,colour,2,2,0.942882,0.030306
407,test,packing,1,1,0.14431,0.714644
407,test,price,0,0,0.18307,0.155175
407,test,shipping,0,0,0.18949,0.359493
407,test,smell,0,0,0.223282,0.299674
407,test,stayingpower,0,0,0.261893,0.219714
407,test,texture,0,0,0.180627,0.271287
408,test,colour,0,0,0.143415,0.178029
408,test,packing,0,0,0.137606,0.134403
408,test,price,1,1,0.045347,0.92114
408,test,shipping,0,0,0.111858,0.166197
408,test,smell,0,0,0.134787,0.157706
408,test,stayingpower,0,0,0.14313,0.131727
408,test,texture,0,0,0.187247,0.197767
409,test,colour,2,2,0.665745,0.298544
409,test,packing,0,0,0.193166,0.206866
409,test,price,0,0,0.16597,0.195518
409,test,shipping,0,0,0.109043,0.300475
409,test,smell,1,1,0.115189,0.818686
409,test,stayingpower,0,0,0.110111,0.153472
409,test,texture,0,1,0.128998,0.436048
410,test,colour,1,1,0.039055,0.904356
410,test,packing,0,0,0.129404,0.128457
410,test,price,1,1,0.081043,0.828006
410,test,shipping,0,0,0.185416,0.194155
410,test,smell,0,0,0.146233,0.192873
410,test,stayingpower,0,1,0.221205,0.467748
410,test,texture,1,1,0.164183,0.693883
411,test,colour,0,0,0.204703,0.216752
411,test,packing,0,0,0.234074,0.188328
411,test,price,1,1,0.093945,0.797292
411,test,shipping,0,2,0.42181,0.157667
411,test,smell,1,1,0.055375,0.893136
411,test,stayingpower,0,0,0.119294,0.42188
411,test,texture,1,1,0.061936,0.848959
412,test,colour,1,1,0.041447,0.909277
412,test,packing,0,0,0.148382,0.139865
412,test,price,1,1,0.077878,0.850889
412,test,shipping,0,0,0.170086,0.186463
412,test,smell,0,0,0.178372,0.291496
412,test,stayingpower,0,1,0.210365,0.435592
412,test,texture,1,1,0.151541,0.710845
413,test,colour,1,1,0.039246,0.919141
413,test,packing,0,0,0.135627,0.140782
413,test,price,0,0,0.141771,0.157394
413,test,shipping,0,0,0.158185,0.177945
413,test,smell,0,0,0.138541,0.120615
413,test,stayingpower,0,0,0.173087,0.185692
413,test,texture,0,0,0.190405,0.257913
414,test,colour,0,0,0.136918,0.180769
414,test,packing,0,0,0.127105,0.132902
414,test,price,0,0,0.122415,0.146092
414,test,shipping,0,0,0.115872,0.129238
414,test,smell,0,0,0.111566,0.112405
414,test,stayingpower,0,0,0.124434,0.097217
414,test,texture,0,0,0.115555,0.132627
415,test,colour,0,0,0.242644,0.201929
415,test,packing,0,0,0.194083,0.238873
415,test,price,0,0,0.158529,0.183458
415,test,shipping,1,1,0.049415,0.881735
415,test,smell,1,1,0.095512,0.834235
415,test,stayingpower,0,0,0.102547,0.160751
415,test,texture,0,0,0.123882,0.360655
416,test,colour,0,0,0.167826,0.273555
416,test,packing,0,0,0.122956,0.130013
416,test,price,0,0,0.121717,0.134758
416,test,shipping,0,0,0.105656,0.116506
416,test,smell,0,0,0.106279,0.083363
416,test,stayingpower,0,0,0.128731,0.10207
416,test,texture,0,0,0.121736,0.130439
417,test,colour,0,0,0.208722,0.301413
417,test,packing,1,1,0.10339,0.795689
417,test,price,0,1,0.14426,0.619329
417,test,shipping,1,1,0.036714,0.935606
417,test,smell,0,0,0.163489,0.18192
417,test,stayingpower,0,0,0.186845,0.176973
417,test,texture,0,0,0.168191,0.159218
418,test,colour,1,1,0.045375,0.905509
418,test,packing,0,0,0.129309,0.137041
418,test,price,0,0,0.143581,0.179335
418,test,shipping,0,0,0.157123,0.184088
418,test,smell,0,0,0.133186,0.09707
418,test,stayingpower,0,0,0.153865,0.162293
418,test,texture,0,0,0.18892,0.214132
419,test,colour,1,1,0.10657,0.823149
419,test,packing,1,1,0.113807,0.816724
419,test,price,0,0,0.226702,0.201113
419,test,shipping,1,1,0.08373,0.860115
419,test,smell,1,1,0.154104,0.72705
419,test,stayingpower,0,0,0.153611,0.244303
419,test,texture,0,0,0.192674,0.343786
420,test,colour,2,2,0.962133,0.017594
420,test,packing,0,0,0.195934,0.231214
420,test,price,0,0,0.196007,0.252991
420,test,shipping,0,0,0.200348,0.234818
420,test,smell,0,0,0.244598,0.219744
420,test,stayingpower,0,0,0.231451,0.19117
420,test,texture,0,0,0.256531,0.228433
421,test,colour,0,2,0.465872,0.217231
421,test,packing,0,0,0.173614,0.135528
421,test,price,0,0,0.194424,0.2522
421,test,shipping,0,0,0.133019,0.190335
421,test,smell,0,0,0.279839,0.115552
421,test,stayingpower,0,0,0.390775,0.177286
421,test,texture,2,2,0.935125,0.023705
422,test,colour,0,0,0.180802,0.211303
422,test,packing,1,1,0.203759,0.718277
422,test,price,1,1,0.13884,0.736969
422,test,shipping,2,2,0.937226,0.028063
422,test,smell,0,0,0.215015,0.233489
422,test,stayingpower,0,0,0.178272,0.256496
422,test,texture,0,0,0.185692,0.303475
423,test,colour,0,0,0.222369,0.254488
423,test,packing,1,1,0.062483,0.893042
423,test,price,0,0,0.178215,0.202724
423,test,shipping,1,1,0.054303,0.898945
423,test,smell,0,0,0.182031,0.16458
423,test,stayingpower,0,0,0.195668,0.182853
423,test,texture,0,0,0.17036,0.156059
424,test,colour,0,1,0.143539,0.467266
424,test,packing,1,1,0.114011,0.746504
424,test,price,1,1,0.056511,0.903063
424,test,shipping,0,0,0.162865,0.290982
424,test,smell,0,0,0.151667,0.367618
424,test,stayingpower,0,1,0.204751,0.467431
424,test,texture,1,1,0.092209,0.777591
425,test,colour,0,0,0.233035,0.147078
425,test,packing,0,0,0.112936,0.100525
425,test,price,0,0,0.125832,0.129252
425,test,shipping,0,0,0.109417,0.103553
425,test,smell,0,0,0.120806,0.084239
425,test,stayingpower,0,0,0.157309,0.12998
425,test,texture,0,0,0.145627,0.149609
426,test,colour,1,1,0.089604,0.770999
426,test,packing,1,1,0.070532,0.885522
426,test,price,0,0,0.149269,0.175189
426,test,shipping,0,0,0.242931,0.25187
426,test,smell,0,0,0.142719,0.124283
426,test,stayingpower,0,0,0.183624,0.186957
426,test,texture,0,0,0.179254,0.210897
427,test,colour,0,0,0.160813,0.40227
427,test,packing,0,0,0.122369,0.213831
427,test,price,0,0,0.135504,0.256072
427,test,shipping,1,1,0.045445,0.886984
427,test,smell,0,0,0.137137,0.293654
427,test,stayingpower,0,1,0.166048,0.49856
427,test,texture,1,1,0.084911,0.763202
428,test,colour,0,0,0.238936,0.145338
428,test,packing,2,2,0.794046,0.156074
428,test,price,0,0,0.239753,0.290952
428,test,shipping,0,2,0.498435,0.186104
428,test,smell,0,0,0.246444,0.276633
428,test,stayingpower,0,0,0.34596,0.145027
428,test,texture,0,0,0.369646,0.1675
429,test,colour,0,0,0.270419,0.100162
429,test,packing,0,0,0.142951,0.129037
429,test,price,0,0,0.118927,0.137792
429,test,shipping,0,2,0.504512,0.139466
429,test,smell,0,0,0.104034,0.094072
429,test,stayingpower,0,0,0.109715,0.120013
429,test,texture,0,0,0.136929,0.122261
430,test,colour,1,1,0.129529,0.775874
430,test,packing,0,0,0.195981,0.253113
430,test,price,1,1,0.147801,0.680686
430,test,shipping,1,1,0.21565,0.673327
430,test,smell,2,2,0.871947,0.083657
430,test,stayingpower,0,0,0.175068,0.246517
430,test,texture,0,2,0.363925,0.289993
431,test,colour,0,0,0.216105,0.227441
431,test,packing,1,1,0.060212,0.897287
431,test,price,0,0,0.168528,0.190507
431,test,shipping,1,1,0.061297,0.868678
431,test,smell,0,0,0.172861,0.154147
431,test,stayingpower,0,0,0.183289,0.171187
431,test,texture,0,0,0.15809,0.144498
432,test,colour,0,0,0.182315,0.11909
432,test,packing,0,0,0.127597,0.124331
432,test,price,0,0,0.125975,0.145137
432,test,shipping,0,0,0.12732,0.120655
432,test,smell,0,0,0.119343,0.101136
432,test,stayingpower,0,0,0.128186,0.109488
432,test,texture,0,0,0.124936,0.129283
433,test,colour,0,0,0.196038,0.246388
433,test,packing,0,1,0.132785,0.562435
433,test,price,0,0,0.143947,0.151298
433,test,shipping,1,1,0.031118,0.927243
433,test,smell,0,0,0.159925,0.174025
433,test,stayingpower,0,0,0.152258,0.138554
433,test,texture,0,0,0.131827,0.132023
434,test,colour,0,1,0.069201,0.888177
434,test,packing,0,0,0.234888,0.342095
434,test,price,0,0,0.203853,0.241717
434,test,shipping,3,1,0.168307,0.685992
434,test,smell,1,1,0.070831,0.889872
434,test,stayingpower,0,0,0.1292,0.355105
434,test,texture,1,1,0.122071,0.695648
435,test,colour,0,0,0.214523,0.26671
435,test,packing,1,1,0.061416,0.894524
435,test,price,0,0,0.17027,0.194497
435,test,shipping,1,1,0.055764,0.892054
435,test,smell,0,0,0.180855,0.1632
435,test,stayingpower,0,0,0.186896,0.18571
435,test,texture,0,0,0.163952,0.15803
436,test,colour,1,1,0.046178,0.890612
436,test,packing,0,0,0.114165,0.102421
436,test,price,0,0,0.131858,0.179294
436,test,shipping,0,0,0.146768,0.149229
436,test,smell,0,0,0.140959,0.264233
436,test,stayingpower,0,1,0.152615,0.494156
436,test,texture,1,1,0.09857,0.78117
437,test,colour,0,0,0.158261,0.113386
437,test,packing,0,0,0.130547,0.126109
437,test,price,0,0,0.129605,0.135386
437,test,shipping,0,0,0.138748,0.108168
437,test,smell,0,0,0.114984,0.094509
437,test,stayingpower,0,0,0.147003,0.120637
437,test,texture,0,0,0.131213,0.147473
438,test,colour,1,1,0.071091,0.856226
438,test,packing,0,0,0.165001,0.235829
438,test,price,0,0,0.146063,0.168777
438,test,shipping,2,2,0.923807,0.033163
438,test,smell,0,0,0.201801,0.201748
438,test,stayingpower,0,1,0.171697,0.466336
438,test,texture,1,1,0.145207,0.622357
439,test,colour,0,0,0.157209,0.364028
439,test,packing,0,0,0.226951,0.230353
439,test,price,0,0,0.188429,0.277027
439,test,shipping,0,0,0.162309,0.206939
439,test,smell,0,0,0.15359,0.255705
439,test,stayingpower,1,2,0.945175,0.041338
439,test,texture,1,1,0.214653,0.618364
440,test,colour,1,1,0.119935,0.846405
440,test,packing,0,0,0.118713,0.136064
440,test,price,0,0,0.133296,0.12769
440,test,shipping,0,0,0.120816,0.188557
440,test,smell,0,0,0.14627,0.112993
440,test,stayingpower,0,0,0.158014,0.169858
440,test,texture,0,0,0.233747,0.234552
441,test,colour,2,2,0.9336,0.029705
441,test,packing,0,0,0.198349,0.22714
441,test,price,0,0,0.194366,0.197267
441,test,shipping,0,0,0.143953,0.206493
441,test,smell,0,0,0.220574,0.335864
441,test,stayingpower,2,2,0.49267,0.349494
441,test,texture,1,1,0.198272,0.651556
442,test,colour,1,1,0.052475,0.88102
442,test,packing,0,0,0.125955,0.124007
442,test,price,0,0,0.142408,0.202588
442,test,shipping,0,0,0.145074,0.164403
442,test,smell,0,0,0.131778,0.104205
442,test,stayingpower,0,0,0.141445,0.13901
442,test,texture,0,0,0.173349,0.182978
443,test,colour,0,0,0.145158,0.338534
443,test,packing,0,0,0.133746,0.180476
443,test,price,0,0,0.140006,0.194083
443,test,shipping,0,0,0.173766,0.108299
443,test,smell,0,0,0.107887,0.127262
443,test,stayingpower,1,1,0.298668,0.634544
443,test,texture,1,1,0.079581,0.826194
444,test,colour,0,0,0.16157,0.131673
444,test,packing,0,0,0.129273,0.125621
444,test,price,0,0,0.122629,0.120494
444,test,shipping,0,0,0.119881,0.116225
444,test,smell,0,0,0.120279,0.100306
444,test,stayingpower,0,0,0.145278,0.117459
444,test,texture,0,0,0.130797,0.140379
445,test,colour,0,1,0.091772,0.791358
445,test,packing,0,0,0.259955,0.271952
445,test,price,1,1,0.134455,0.748969
445,test,shipping,0,0,0.224631,0.260533
445,test,smell,1,1,0.251101,0.538318
445,test,stayingpower,2,2,0.903219,0.057934
445,test,texture,0,1,0.232707,0.616021
446,test,colour,0,0,0.187457,0.253202
446,test,packing,0,0,0.131486,0.220986
446,test,price,0,0,0.147832,0.181373
446,test,shipping,1,1,0.035427,0.921076
446,test,smell,0,0,0.15452,0.181256
446,test,stayingpower,0,0,0.149727,0.135408
446,test,texture,0,0,0.138261,0.158133
447,test,colour,1,1,0.101702,0.757016
447,test,packing,0,0,0.116651,0.115845
447,test,price,0,0,0.120691,0.138625
447,test,shipping,0,0,0.127318,0.155046
447,test,smell,0,0,0.130651,0.124812
447,test,stayingpower,0,0,0.113863,0.104296
447,test,texture,0,0,0.137591,0.152272
448,test,colour,1,1,0.033276,0.929632
448,test,packing,0,0,0.142411,0.131231
448,test,price,1,1,0.083948,0.827461
448,test,shipping,0,0,0.174884,0.242762
448,test,smell,0,0,0.173074,0.29454
448,test,stayingpower,0,0,0.172621,0.339677
448,test,texture,1,1,0.191323,0.58236
449,test,colour,0,0,0.155002,0.229228
449,test,packing,0,0,0.13782,0.176873
449,test,price,0,0,0.139329,0.233693
449,test,shipping,0,0,0.148024,0.094929
449,test,smell,1,0,0.137575,0.196476
449,test,stayingpower,1,1,0.226258,0.659408
449,test,texture,0,1,0.057048,0.86019
450,test,colour,0,1,0.178385,0.556575
450,test,packing,0,0,0.251536,0.293947
450,test,price,0,0,0.220048,0.309432
450,test,shipping,0,0,0.18118,0.246789
450,test,smell,3,1,0.173922,0.642466
450,test,stayingpower,2,2,0.932547,0.046612
450,test,texture,1,1,0.157206,0.694613
451,test,colour,0,0,0.263191,0.278166
451,test,packing,0,0,0.25829,0.267054
451,test,price,0,0,0.185063,0.236893
451,test,shipping,2,2,0.924257,0.041049
451,test,smell,1,1,0.093954,0.854842
451,test,stayingpower,0,1,0.126658,0.459191
451,test,texture,1,1,0.089515,0.763241
452,test,colour,0,0,0.167556,0.149431
452,test,packing,1,1,0.063804,0.889709
452,test,price,0,0,0.142963,0.179103
452,test,shipping,0,0,0.150805,0.227995
452,test,smell,0,0,0.133553,0.130111
452,test,stayingpower,0,0,0.162769,0.134211
452,test,texture,0,0,0.131172,0.151861
453,test,colour,0,0,0.23001,0.206805
453,test,packing,0,0,0.207048,0.22884
453,test,price,1,0,0.169704,0.237917
453,test,shipping,2,2,0.940794,0.043199
453,test,smell,0,0,0.17681,0.148409
453,test,stayingpower,0,0,0.159808,0.195436
453,test,texture,0,0,0.158648,0.184646
454,test,colour,0,0,0.158805,0.136625
454,test,packing,0,0,0.129835,0.119886
454,test,price,0,0,0.122511,0.121301
454,test,shipping,0,0,0.123873,0.1207
454,test,smell,0,0,0.120809,0.098779
454,test,stayingpower,0,0,0.144624,0.115173
454,test,texture,0,0,0.128178,0.139666
455,test,colour,0,0,0.286748,0.278482
455,test,packing,0,0,0.293341,0.310357
455,test,price,0,0,0.197025,0.215937
455,test,shipping,2,2,0.937832,0.035148
455,test,smell,1,1,0.096679,0.845661
455,test,stayingpower,0,0,0.113672,0.269648
455,test,texture,0,1,0.120256,0.525344
456,test,colour,1,1,0.094149,0.813878
456,test,packing,0,0,0.214434,0.170838
456,test,price,0,0,0.18012,0.233352
456,test,shipping,0,0,0.178639,0.212159
456,test,smell,1,1,0.049157,0.91771
456,test,stayingpower,0,0,0.145794,0.402575
456,test,texture,1,1,0.104523,0.793369
457,test,colour,0,0,0.156814,0.128649
457,test,packing,0,0,0.129015,0.122279
457,test,price,0,0,0.126396,0.134092
457,test,shipping,0,0,0.126672,0.120186
457,test,smell,0,0,0.117497,0.091432
457,test,stayingpower,0,0,0.144476,0.11751
457,test,texture,0,0,0.129375,0.137033
458,test,colour,1,1,0.094823,0.721125
458,test,packing,0,0,0.221083,0.235304
458,test,price,0,0,0.19901,0.288327
458,test,shipping,0,0,0.20315,0.20973
458,test,smell,0,0,0.162607,0.194262
458,test,stayingpower,2,2,0.955296,0.02875
458,test,texture,0,1,0.324625,0.440331
459,test,colour,0,0,0.180072,0.158564
459,test,packing,0,0,0.124061,0.121567
459,test,price,0,0,0.120747,0.122763
459,test,shipping,0,0,0.116741,0.124907
459,test,smell,0,0,0.114485,0.096024
459,test,stayingpower,0,0,0.138227,0.108548
459,test,texture,0,0,0.121068,0.133572
460,test,colour,0,2,0.573157,0.336807
460,test,packing,0,0,0.228811,0.227911
460,test,price,0,0,0.208009,0.223669
460,test,shipping,2,2,0.800103,0.09557
460,test,smell,2,2,0.856897,0.117147
460,test,stayingpower,0,1,0.213258,0.401564
460,test,texture,1,1,0.187678,0.615607
461,test,colour,3,1,0.072249,0.877629
461,test,packing,0,0,0.11622,0.106604
461,test,price,0,0,0.137184,0.210922
461,test,shipping,0,0,0.127881,0.149576
461,test,smell,0,0,0.12286,0.101898
461,test,stayingpower,0,0,0.154111,0.165796
461,test,texture,0,0,0.182141,0.236594
462,test,colour,0,0,0.212263,0.260685
462,test,packing,1,1,0.050055,0.918773
462,test,price,0,0,0.173292,0.215219
462,test,shipping,1,1,0.080226,0.845404
462,test,smell,0,0,0.175255,0.161129
462,test,stayingpower,0,0,0.189266,0.173931
462,test,texture,0,0,0.167765,0.156605
463,test,colour,0,0,0.148876,0.290625
463,test,packing,0,0,0.13441,0.130864
463,test,price,0,0,0.14032,0.270022
463,test,shipping,0,0,0.130039,0.108774
463,test,smell,0,0,0.139753,0.323235
463,test,stayingpower,0,1,0.175138,0.611486
463,test,texture,1,1,0.050898,0.893163
464,test,colour,0,0,0.149592,0.190993
464,test,packing,0,0,0.132858,0.171162
464,test,price,0,0,0.134965,0.229268
464,test,shipping,0,0,0.137652,0.106884
464,test,smell,0,0,0.11263,0.143506
464,test,stayingpower,1,1,0.238242,0.628574
464,test,texture,2,1,0.07144,0.81983
465,test,colour,0,0,0.23729,0.245274
465,test,packing,0,0,0.212657,0.280938
465,test,price,1,1,0.068835,0.866726
465,test,shipping,1,1,0.063121,0.862975
465,test,smell,1,1,0.103547,0.807786
465,test,stayingpower,0,0,0.102096,0.155229
465,test,texture,0,0,0.166783,0.385758
466,test,colour,0,0,0.167879,0.14356
466,test,packing,1,1,0.076413,0.88096
466,test,price,0,0,0.144448,0.205343
466,test,shipping,0,0,0.157526,0.168233
466,test,smell,0,0,0.119719,0.124799
466,test,stayingpower,0,0,0.178524,0.153855
466,test,texture,0,0,0.137242,0.176371
467,test,colour,0,0,0.158075,0.117491
467,test,packing,0,0,0.123383,0.129604
467,test,price,0,0,0.124277,0.137405
467,test,shipping,0,0,0.124376,0.125776
467,test,smell,0,0,0.123094,0.101099
467,test,stayingpower,0,0,0.15678,0.117646
467,test,texture,0,0,0.144875,0.148632
468,test,colour,1,1,0.193112,0.604018
468,test,packing,1,1,0.212347,0.504585
468,test,price,1,1,0.120304,0.790811
468,test,shipping,0,2,0.393141,0.289631
468,test,smell,2,2,0.90656,0.044058
468,test,stayingpower,0,0,0.201248,0.245486
468,test,texture,0,2,0.44989,0.196639
469,test,colour,0,0,0.218877,0.194118
469,test,packing,0,0,0.134955,0.23527
469,test,price,0,0,0.153674,0.185294
469,test,shipping,1,1,0.03506,0.923322
469,test,smell,0,0,0.161372,0.141223
469,test,stayingpower,0,0,0.171622,0.142891
469,test,texture,0,0,0.14791,0.139311
470,test,colour,0,0,0.181536,0.253328
470,test,packing,0,0,0.13287,0.239882
470,test,price,0,0,0.128747,0.233323
470,test,shipping,1,1,0.051569,0.886079
470,test,smell,0,0,0.144085,0.342431
470,test,stayingpower,0,1,0.165229,0.443102
470,test,texture,1,1,0.08233,0.737731
471,test,colour,0,0,0.219967,0.236873
471,test,packing,1,1,0.065384,0.881993
471,test,price,0,0,0.171507,0.187549
471,test,shipping,1,1,0.053549,0.892018
471,test,smell,0,0,0.174377,0.155374
471,test,stayingpower,0,0,0.18687,0.168042
471,test,texture,0,0,0.160215,0.140479
472,test,colour,0,0,0.19197,0.317767
472,test,packing,0,0,0.211019,0.244377
472,test,price,1,1,0.111756,0.754837
472,test,shipping,2,2,0.952995,0.017783
472,test,smell,0,0,0.216692,0.247613
472,test,stayingpower,1,1,0.256298,0.528109
472,test,texture,3,1,0.13611,0.692571
473,test,colour,0,0,0.174241,0.138775
473,test,packing,0,0,0.114929,0.1064
473,test,price,0,0,0.1205,0.143842
473,test,shipping,0,0,0.102208,0.122858
473,test,smell,0,0,0.112166,0.113275
473,test,stayingpower,0,0,0.145458,0.12056
473,test,texture,0,0,0.125233,0.17176
474,test,colour,0,0,0.218653,0.126736
474,test,packing,0,0,0.13054,0.12929
474,test,price,0,0,0.127429,0.140781
474,test,shipping,0,0,0.117227,0.11326
474,test,smell,0,0,0.120507,0.093359
474,test,stayingpower,0,0,0.127689,0.106347
474,test,texture,0,0,0.132408,0.121943
475,test,colour,1,2,0.616686,0.291298
475,test,packing,0,0,0.199886,0.174418
475,test,price,1,1,0.082156,0.85295
475,test,shipping,0,0,0.128692,0.24352
475,test,smell,1,1,0.168656,0.779065
475,test,stayingpower,0,0,0.128141,0.248207
475,test,texture,1,1,0.152624,0.656317
476,test,colour,0,0,0.167484,0.151831
476,test,packing,0,0,0.127807,0.117348
476,test,price,0,0,0.121238,0.131259
476,test,shipping,0,0,0.10618,0.114677
476,test,smell,0,0,0.119091,0.110539
476,test,stayingpower,0,0,0.140579,0.107596
476,test,texture,0,0,0.126804,0.142378
477,test,colour,1,1,0.164421,0.81142
477,test,packing,0,0,0.126809,0.145297
477,test,price,0,0,0.134884,0.169145
477,test,shipping,0,0,0.109675,0.223057
477,test,smell,0,0,0.138193,0.14894
477,test,stayingpower,0,0,0.216809,0.166813
477,test,texture,0,0,0.298073,0.241292
478,test,colour,1,1,0.035637,0.909384
478,test,packing,0,0,0.144645,0.136194
478,test,price,1,1,0.0848,0.830069
478,test,shipping,0,0,0.160991,0.199182
478,test,smell,0,0,0.167953,0.167805
478,test,stayingpower,0,0,0.164029,0.189223
478,test,texture,0,0,0.25097,0.304059
479,test,colour,0,0,0.205692,0.177161
479,test,packing,0,0,0.14123,0.22457
479,test,price,1,1,0.070248,0.859484
479,test,shipping,1,1,0.057989,0.862039
479,test,smell,0,0,0.149303,0.141577
479,test,stayingpower,0,0,0.152429,0.1264
479,test,texture,0,0,0.173682,0.13984
480,test,colour,1,1,0.08559,0.877874
480,test,packing,0,0,0.130169,0.142222
480,test,price,0,0,0.133865,0.140574
480,test,shipping,0,0,0.133307,0.196051
480,test,smell,0,0,0.147786,0.133394
480,test,stayingpower,0,0,0.141608,0.149196
480,test,texture,0,0,0.176183,0.236915
481,test,colour,0,0,0.158075,0.117491
481,test,packing,0,0,0.123383,0.129604
481,test,price,0,0,0.124277,0.137405
481,test,shipping,0,0,0.124376,0.125776
481,test,smell,0,0,0.123094,0.101099
481,test,stayingpower,0,0,0.15678,0.117646
481,test,texture,0,0,0.144875,0.148632
482,test,colour,0,0,0.147264,0.1844
482,test,packing,0,0,0.126695,0.141995
482,test,price,0,0,0.11759,0.140172
482,test,shipping,0,0,0.112593,0.133654
482,test,smell,0,0,0.11097,0.100428
482,test,stayingpower,0,0,0.132692,0.09806
482,test,texture,0,0,0.112457,0.129288
483,test,colour,0,0,0.160123,0.140538
483,test,packing,0,0,0.13052,0.123452
483,test,price,0,0,0.119793,0.111604
483,test,shipping,0,0,0.121643,0.12322
483,test,smell,0,0,0.129824,0.10453
483,test,stayingpower,0,0,0.146791,0.117429
483,test,texture,0,0,0.125325,0.14856
484,test,colour,1,1,0.076247,0.818149
484,test,packing,0,0,0.129543,0.150646
484,test,price,0,0,0.151725,0.182549
484,test,shipping,0,0,0.164104,0.124031
484,test,smell,0,0,0.1476,0.223233
484,test,stayingpower,1,1,0.170501,0.694506
484,test,texture,1,1,0.05892,0.871636
485,test,colour,0,0,0.127843,0.169939
485,test,packing,0,0,0.115075,0.108589
485,test,price,0,0,0.129649,0.207628
485,test,shipping,0,0,0.100829,0.109188
485,test,smell,0,0,0.100317,0.091222
485,test,stayingpower,0,0,0.141039,0.120123
485,test,texture,0,0,0.124361,0.161767
486,test,colour,3,2,0.644229,0.29518
486,test,packing,0,1,0.20267,0.41544
486,test,price,0,0,0.179026,0.314856
486,test,shipping,1,1,0.20717,0.715343
486,test,smell,0,0,0.132027,0.223379
486,test,stayingpower,2,2,0.86602,0.062269
486,test,texture,0,1,0.290374,0.378369
487,test,colour,0,0,0.148696,0.225983
487,test,packing,0,0,0.119037,0.128527
487,test,price,0,0,0.105847,0.126331
487,test,shipping,0,0,0.094871,0.096147
487,test,smell,0,0,0.097799,0.098204
487,test,stayingpower,0,0,0.134678,0.136279
487,test,texture,0,0,0.141857,0.206428
488,test,colour,0,0,0.252284,0.173212
488,test,packing,0,0,0.132416,0.182915
488,test,price,0,0,0.149274,0.199493
488,test,shipping,1,1,0.045615,0.90255
488,test,smell,0,0,0.152206,0.141844
488,test,stayingpower,0,0,0.153445,0.12248
488,test,texture,0,0,0.140777,0.118575
489,test,colour,1,1,0.059959,0.859197
489,test,packing,0,0,0.122885,0.141
489,test,price,0,0,0.14614,0.192571
489,test,shipping,0,0,0.231102,0.132886
489,test,smell,0,0,0.126546,0.178934
489,test,stayingpower,1,1,0.217028,0.675193
489,test,texture,3,1,0.087237,0.834273
490,test,colour,0,0,0.176795,0.185609
490,test,packing,0,0,0.135171,0.23688
490,test,price,0,0,0.130625,0.129478
490,test,shipping,1,1,0.062653,0.861173
490,test,smell,0,0,0.150725,0.16283
490,test,stayingpower,0,0,0.13655,0.113564
490,test,texture,0,0,0.119084,0.12477
491,test,colour,1,1,0.087909,0.805411
491,test,packing,0,0,0.244548,0.261914
491,test,price,0,0,0.171598,0.212205
491,test,shipping,3,2,0.91491,0.064514
491,test,smell,1,1,0.176021,0.657447
491,test,stayingpower,0,0,0.118287,0.254792
491,test,texture,0,0,0.161626,0.414585
492,test,colour,0,0,0.128321,0.124189
492,test,packing,0,0,0.129491,0.128825
492,test,price,0,0,0.122675,0.146483
492,test,shipping,0,0,0.105586,0.1133
492,test,smell,0,0,0.123215,0.125841
492,test,stayingpower,0,0,0.148358,0.112176
492,test,texture,0,0,0.128804,0.162724
493,test,colour,1,1,0.07108,0.838381
493,test,packing,0,0,0.194588,0.154927
493,test,price,0,0,0.179339,0.252873
493,test,shipping,0,0,0.133938,0.152515
493,test,smell,0,0,0.13359,0.100054
493,test,stayingpower,0,2,0.458149,0.151356
493,test,texture,0,2,0.785311,0.07893
494,test,colour,1,1,0.224611,0.692079
494,test,packing,0,0,0.127513,0.105476
494,test,price,0,0,0.143149,0.150805
494,test,shipping,0,0,0.106058,0.170148
494,test,smell,0,0,0.24012,0.25613
494,test,stayingpower,0,1,0.359727,0.374121
494,test,texture,1,2,0.793142,0.168188
495,test,colour,0,0,0.203903,0.13881
495,test,packing,0,0,0.124693,0.126418
495,test,price,0,0,0.122755,0.126009
495,test,shipping,0,0,0.128898,0.126561
495,test,smell,0,0,0.117892,0.097376
495,test,stayingpower,0,0,0.132029,0.110236
495,test,texture,0,0,0.127757,0.127738
496,test,colour,0,0,0.253575,0.246805
496,test,packing,0,0,0.243523,0.211437
496,test,price,1,1,0.086573,0.836145
496,test,shipping,0,0,0.151729,0.178367
496,test,smell,1,1,0.059399,0.909399
496,test,stayingpower,0,0,0.089421,0.160511
496,test,texture,0,1,0.159999,0.512955
497,test,colour,1,1,0.048436,0.862411
497,test,packing,0,0,0.143767,0.154067
497,test,price,1,1,0.070748,0.864677
497,test,shipping,0,0,0.146311,0.196272
497,test,smell,0,0,0.14623,0.147144
497,test,stayingpower,0,0,0.150005,0.18776
497,test,texture,0,0,0.217944,0.28387
498,test,colour,1,2,0.759023,0.206323
498,test,packing,0,0,0.219719,0.219899
498,test,price,1,1,0.127793,0.758909
498,test,shipping,0,0,0.125,0.253915
498,test,smell,1,1,0.146828,0.757464
498,test,stayingpower,0,2,0.340647,0.334587
498,test,texture,1,1,0.299931,0.604696
499,test,colour,0,1,0.164895,0.449777
499,test,packing,0,0,0.194042,0.226335
499,test,price,1,1,0.114726,0.749967
499,test,shipping,0,0,0.185308,0.2448
499,test,smell,0,0,0.173068,0.216
499,test,stayingpower,2,2,0.919866,0.058833
499,test,texture,1,1,0.136618,0.715461
500,test,colour,0,0,0.146684,0.236374
500,test,packing,0,0,0.125246,0.167951
500,test,price,0,0,0.130775,0.166644
500,test,shipping,0,0,0.152724,0.090201
500,test,smell,0,0,0.093168,0.09216
500,test,stayingpower,3,1,0.23473,0.637379
500,test,texture,3,1,0.094879,0.733081
501,test,colour,1,1,0.06712,0.860708
501,test,packing,0,0,0.145476,0.309053
501,test,price,0,0,0.161486,0.232125
501,test,shipping,1,1,0.135663,0.747065
501,test,smell,0,0,0.148246,0.212831
501,test,stayingpower,3,1,0.268598,0.642584
501,test,texture,1,1,0.093719,0.815325
502,test,colour,0,0,0.217654,0.1304
502,test,packing,0,0,0.120523,0.107637
502,test,price,0,0,0.129352,0.148351
502,test,shipping,0,0,0.12069,0.107259
502,test,smell,0,0,0.112784,0.087074
502,test,stayingpower,0,0,0.133593,0.119292
502,test,texture,0,0,0.145983,0.138069
503,test,colour,1,1,0.159168,0.675758
503,test,packing,0,0,0.219351,0.300791
503,test,price,0,0,0.193009,0.235592
503,test,shipping,2,2,0.762796,0.151736
503,test,smell,0,0,0.205971,0.189258
503,test,stayingpower,2,2,0.926969,0.049474
503,test,texture,0,1,0.254338,0.504387
504,test,colour,1,1,0.142698,0.579227
504,test,packing,0,0,0.125593,0.089612
504,test,price,1,1,0.079753,0.821801
504,test,shipping,0,0,0.129412,0.124521
504,test,smell,0,0,0.164013,0.37069
504,test,stayingpower,0,1,0.202481,0.576329
504,test,texture,1,1,0.063524,0.881476
505,test,colour,0,0,0.206232,0.258522
505,test,packing,1,1,0.084656,0.859493
505,test,price,1,1,0.093523,0.823621
505,test,shipping,1,1,0.074895,0.844914
505,test,smell,0,0,0.173667,0.189567
505,test,stayingpower,0,0,0.188448,0.171839
505,test,texture,0,0,0.196256,0.176352
506,test,colour,1,1,0.069362,0.855837
506,test,packing,0,0,0.216879,0.232426
506,test,price,1,1,0.117019,0.771374
506,test,shipping,2,2,0.921991,0.03573
506,test,smell,0,0,0.24888,0.299244
506,test,stayingpower,0,1,0.228242,0.421013
506,test,texture,0,1,0.196741,0.591248
507,test,colour,0,0,0.138685,0.144666
507,test,packing,0,0,0.124957,0.126542
507,test,price,0,0,0.118798,0.139697
507,test,shipping,0,0,0.126088,0.20571
507,test,smell,0,0,0.115547,0.101349
507,test,stayingpower,0,0,0.131052,0.096596
507,test,texture,0,0,0.117874,0.119467
508,test,colour,1,1,0.116891,0.773706
508,test,packing,0,0,0.209128,0.173125
508,test,price,0,0,0.218585,0.225582
508,test,shipping,0,0,0.187108,0.180387
508,test,smell,1,1,0.240651,0.651976
508,test,stayingpower,0,0,0.240365,0.330792
508,test,texture,2,2,0.892991,0.078342
509,test,colour,1,1,0.045532,0.926214
509,test,packing,0,0,0.130552,0.256682
509,test,price,0,0,0.133687,0.125811
509,test,shipping,1,1,0.125135,0.716551
509,test,smell,0,0,0.156044,0.211077
509,test,stayingpower,1,1,0.187803,0.515784
509,test,texture,0,1,0.148783,0.62388
510,test,colour,0,0,0.164922,0.124424
510,test,packing,0,0,0.129857,0.126423
510,test,price,0,0,0.126594,0.14234
510,test,shipping,0,0,0.12469,0.119553
510,test,smell,0,0,0.11615,0.095819
510,test,stayingpower,0,0,0.134173,0.110184
510,test,texture,0,0,0.126134,0.130614
511,test,colour,0,0,0.202103,0.247029
511,test,packing,0,1,0.213957,0.618771
511,test,price,0,0,0.173856,0.202449
511,test,shipping,2,2,0.968946,0.01419
511,test,smell,0,0,0.193488,0.377445
511,test,stayingpower,0,1,0.199513,0.435801
511,test,texture,3,1,0.111955,0.614203
512,test,colour,0,1,0.172542,0.458373
512,test,packing,0,0,0.205925,0.234197
512,test,price,0,0,0.190646,0.274831
512,test,shipping,0,0,0.163762,0.194314
512,test,smell,0,0,0.144125,0.241903
512,test,stayingpower,2,2,0.947057,0.038935
512,test,texture,1,1,0.153829,0.671657
513,test,colour,1,1,0.085067,0.878078
513,test,packing,0,0,0.116418,0.110116
513,test,price,0,0,0.144137,0.189971
513,test,shipping,0,0,0.133364,0.168217
513,test,smell,0,0,0.162197,0.317978
513,test,stayingpower,0,1,0.166488,0.50419
513,test,texture,1,1,0.081793,0.805537
514,test,colour,2,2,0.624827,0.175114
514,test,packing,0,0,0.204796,0.247308
514,test,price,0,0,0.196922,0.222579
514,test,shipping,0,0,0.19506,0.219629
514,test,smell,0,0,0.173681,0.189709
514,test,stayingpower,2,2,0.959991,0.023636
514,test,texture,3,2,0.427807,0.342095
515,test,colour,0,0,0.185033,0.214176
515,test,packing,0,0,0.125866,0.172945
515,test,price,0,0,0.1407,0.175199
515,test,shipping,3,1,0.083602,0.856858
515,test,smell,0,0,0.140721,0.128836
515,test,stayingpower,0,0,0.149513,0.124396
515,test,texture,0,0,0.123554,0.128303
516,test,colour,0,0,0.190136,0.193622
516,test,packing,0,0,0.165423,0.199373
516,test,price,0,0,0.149807,0.311925
516,test,shipping,2,2,0.941422,0.022172
516,test,smell,0,0,0.188766,0.299666
516,test,stayingpower,0,1,0.1582,0.494349
516,test,texture,1,1,0.091427,0.722007
517,test,colour,1,1,0.074849,0.8722
517,test,packing,0,0,0.146571,0.233326
517,test,price,0,0,0.151457,0.166264
517,test,shipping,1,1,0.051767,0.88172
517,test,smell,0,0,0.162788,0.20406
517,test,stayingpower,0,0,0.15668,0.190615
517,test,texture,0,0,0.183564,0.235019
518,test,colour,0,0,0.208581,0.370714
518,test,packing,0,0,0.186493,0.155434
518,test,price,0,0,0.183709,0.195337
518,test,shipping,0,0,0.128404,0.131256
518,test,smell,0,0,0.135669,0.1475
518,test,stayingpower,3,2,0.8073,0.121723
518,test,texture,1,2,0.863702,0.088067
519,test,colour,1,1,0.040312,0.913957
519,test,packing,0,0,0.118589,0.122648
519,test,price,0,0,0.14102,0.186987
519,test,shipping,0,0,0.149564,0.148052
519,test,smell,0,0,0.135503,0.196769
519,test,stayingpower,0,0,0.154131,0.410551
519,test,texture,1,1,0.111509,0.689023
520,test,colour,0,0,0.16141,0.158598
520,test,packing,0,0,0.160312,0.17045
520,test,price,0,0,0.110835,0.128944
520,test,shipping,0,0,0.080367,0.091707
520,test,smell,0,0,0.100392,0.10464
520,test,stayingpower,0,0,0.150328,0.124945
520,test,texture,0,0,0.160338,0.172885
521,test,colour,1,1,0.123418,0.765552
521,test,packing,0,0,0.231643,0.176032
521,test,price,1,1,0.091159,0.842022
521,test,shipping,0,0,0.18947,0.170709
521,test,smell,1,1,0.076861,0.86675
521,test,stayingpower,0,0,0.138609,0.365119
521,test,texture,1,1,0.116038,0.767112
522,test,colour,0,0,0.12253,0.224459
522,test,packing,0,0,0.131228,0.152911
522,test,price,1,1,0.067572,0.858197
522,test,shipping,0,0,0.084259,0.122534
522,test,smell,0,0,0.11486,0.12548
522,test,stayingpower,0,0,0.12843,0.120093
522,test,texture,0,0,0.154693,0.170834
523,test,colour,0,0,0.160188,0.131063
523,test,packing,0,0,0.12662,0.123547
523,test,price,0,0,0.123862,0.131984
523,test,shipping,0,0,0.130105,0.115161
523,test,smell,0,0,0.116193,0.092117
523,test,stayingpower,0,0,0.143768,0.119899
523,test,texture,0,0,0.129925,0.13807
524,test,colour,1,1,0.062609,0.858013
524,test,packing,1,1,0.128451,0.740753
524,test,price,1,1,0.085361,0.85437
524,test,shipping,0,0,0.204213,0.300668
524,test,smell,0,0,0.175895,0.210278
524,test,stayingpower,0,0,0.195429,0.228773
524,test,texture,0,0,0.219707,0.328234
525,test,colour,1,1,0.093112,0.77444
525,test,packing,0,0,0.234162,0.214253
525,test,price,1,1,0.145029,0.678538
525,test,shipping,2,2,0.956799,0.01933
525,test,smell,0,0,0.246068,0.191539
525,test,stayingpower,0,0,0.19307,0.293786
525,test,texture,0,0,0.268647,0.336624
526,test,colour,0,1,0.085145,0.812909
526,test,packing,0,0,0.12089,0.138216
526,test,price,0,0,0.150563,0.205249
526,test,shipping,0,0,0.157468,0.130786
526,test,smell,0,0,0.144278,0.244681
526,test,stayingpower,0,1,0.177626,0.702357
526,test,texture,0,1,0.064215,0.873673
527,test,colour,1,1,0.067164,0.818009
527,test,packing,0,0,0.150516,0.166164
527,test,price,1,1,0.083389,0.833362
527,test,shipping,0,0,0.171139,0.181232
527,test,smell,0,0,0.172101,0.220027
527,test,stayingpower,1,1,0.238533,0.614396
527,test,texture,1,1,0.086565,0.838216
528,test,colour,1,2,0.844984,0.085281
528,test,packing,0,0,0.128456,0.143425
528,test,price,0,0,0.147788,0.174458
528,test,shipping,0,0,0.112831,0.184358
528,test,smell,0,0,0.15959,0.38465
528,test,stayingpower,0,1,0.233717,0.403907
528,test,texture,1,1,0.072135,0.760859
529,test,colour,0,0,0.138247,0.21658
529,test,packing,0,0,0.118725,0.117321
529,test,price,0,0,0.119199,0.137956
529,test,shipping,0,0,0.115761,0.145865
529,test,smell,0,0,0.116082,0.107736
529,test,stayingpower,0,0,0.123163,0.097574
529,test,texture,0,0,0.118344,0.133873
530,test,colour,1,1,0.070208,0.796388
530,test,packing,0,0,0.136335,0.110175
530,test,price,1,1,0.069398,0.861737
530,test,shipping,0,0,0.125466,0.159262
530,test,smell,0,0,0.16107,0.355239
530,test,stayingpower,0,1,0.174408,0.492967
530,test,texture,1,1,0.090797,0.815983
531,test,colour,0,0,0.156149,0.239636
531,test,packing,0,0,0.111523,0.084174
531,test,price,0,0,0.12736,0.232572
531,test,shipping,0,0,0.103848,0.108452
531,test,smell,0,0,0.124441,0.319881
531,test,stayingpower,0,1,0.163759,0.491213
531,test,texture,1,1,0.062229,0.841574
532,test,colour,0,1,0.16033,0.427129
532,test,packing,0,0,0.205905,0.278751
532,test,price,0,0,0.16981,0.289752
532,test,shipping,2,2,0.961132,0.018629
532,test,smell,0,1,0.207791,0.455073
532,test,stayingpower,0,1,0.176667,0.54278
532,test,texture,1,1,0.083949,0.783582
533,test,colour,0,0,0.214286,0.212122
533,test,packing,0,0,0.132464,0.242843
533,test,price,0,0,0.155502,0.214091
533,test,shipping,1,1,0.033306,0.92769
533,test,smell,0,0,0.156924,0.15527
533,test,stayingpower,0,0,0.158821,0.135384
533,test,texture,0,0,0.140936,0.137399
534,test,colour,0,0,0.243356,0.176585
534,test,packing,0,0,0.233195,0.198015
534,test,price,1,1,0.135629,0.727334
534,test,shipping,2,2,0.963502,0.016503
534,test,smell,0,0,0.237566,0.198381
534,test,stayingpower,0,0,0.181336,0.247498
534,test,texture,0,0,0.225927,0.270178
535,test,colour,0,0,0.196255,0.198153
535,test,packing,0,0,0.202065,0.251576
535,test,price,0,0,0.180287,0.219616
535,test,shipping,2,2,0.954198,0.020905
535,test,smell,0,0,0.178902,0.141197
535,test,stayingpower,0,0,0.149398,0.212776
535,test,texture,0,0,0.147927,0.195407
536,test,colour,0,0,0.233908,0.214786
536,test,packing,0,0,0.183623,0.266412
536,test,price,0,0,0.157316,0.158715
536,test,shipping,1,1,0.042453,0.897909
536,test,smell,1,1,0.102406,0.79884
536,test,stayingpower,0,0,0.102447,0.14929
536,test,texture,0,0,0.128248,0.326107
537,test,colour,2,2,0.885307,0.085397
537,test,packing,0,0,0.13982,0.193688
537,test,price,0,0,0.149995,0.243221
537,test,shipping,0,0,0.130876,0.260959
537,test,smell,0,1,0.170178,0.435282
537,test,stayingpower,0,0,0.188043,0.364802
537,test,texture,1,1,0.086181,0.689056
538,test,colour,2,2,0.833911,0.072976
538,test,packing,1,1,0.124312,0.778876
538,test,price,0,0,0.210262,0.140788
538,test,shipping,0,0,0.127588,0.307741
538,test,smell,0,0,0.267349,0.245955
538,test,stayingpower,0,0,0.238765,0.19614
538,test,texture,0,2,0.588709,0.134865
539,test,colour,1,1,0.062789,0.882406
539,test,packing,1,1,0.089314,0.831718
539,test,price,0,0,0.189992,0.193186
539,test,shipping,1,1,0.097075,0.846203
539,test,smell,0,0,0.204663,0.254002
539,test,stayingpower,0,0,0.211208,0.363229
539,test,texture,0,1,0.198568,0.413672
540,test,colour,0,1,0.167914,0.4624
540,test,packing,0,0,0.259837,0.246371
540,test,price,0,0,0.202277,0.28104
540,test,shipping,0,0,0.170069,0.216914
540,test,smell,1,1,0.154564,0.546016
540,test,stayingpower,2,2,0.930263,0.050938
540,test,texture,1,1,0.12345,0.73951
541,test,colour,0,0,0.216275,0.274126
541,test,packing,1,1,0.060356,0.900745
541,test,price,0,0,0.157037,0.167388
541,test,shipping,1,1,0.069249,0.852039
541,test,smell,0,0,0.169805,0.161233
541,test,stayingpower,0,0,0.175519,0.16486
541,test,texture,0,0,0.156568,0.140592
542,test,colour,2,2,0.882554,0.051685
542,test,packing,0,0,0.192824,0.251481
542,test,price,0,0,0.195025,0.256714
542,test,shipping,0,0,0.249152,0.221925
542,test,smell,0,0,0.1655,0.18834
542,test,stayingpower,2,2,0.892009,0.057061
542,test,texture,0,1,0.30265,0.400751
543,test,colour,1,1,0.056725,0.860744
543,test,packing,0,0,0.119297,0.104533
543,test,price,0,0,0.145566,0.240805
543,test,shipping,0,0,0.138313,0.138795
543,test,smell,0,0,0.143831,0.287033
543,test,stayingpower,0,1,0.159842,0.593061
543,test,texture,1,1,0.073835,0.84988
544,test,colour,0,0,0.200858,0.176762
544,test,packing,0,0,0.127277,0.172421
544,test,price,0,0,0.141554,0.164174
544,test,shipping,1,1,0.060128,0.858641
544,test,smell,0,0,0.141145,0.125329
544,test,stayingpower,0,0,0.150808,0.115789
544,test,texture,0,0,0.126598,0.117322
545,test,colour,0,0,0.128262,0.099741
545,test,packing,0,0,0.133549,0.137401
545,test,price,0,1,0.09294,0.754781
545,test,shipping,0,0,0.124668,0.149745
545,test,smell,0,0,0.111917,0.126435
545,test,stayingpower,0,0,0.125134,0.117223
545,test,texture,0,0,0.128768,0.139639
546,test,colour,1,1,0.055566,0.902878
546,test,packing,0,0,0.170752,0.156168
546,test,price,0,0,0.144799,0.149004
546,test,shipping,0,0,0.146868,0.227359
546,test,smell,1,1,0.117933,0.752191
546,test,stayingpower,0,0,0.117828,0.208916
546,test,texture,0,1,0.13721,0.55115
547,test,colour,1,1,0.10708,0.756542
547,test,packing,1,1,0.108755,0.756804
547,test,price,0,0,0.152117,0.209518
547,test,shipping,0,0,0.193892,0.239891
547,test,smell,0,1,0.139051,0.484339
547,test,stayingpower,0,1,0.160786,0.584405
547,test,texture,1,1,0.041105,0.885442
548,test,colour,1,1,0.048421,0.876305
548,test,packing,0,0,0.125628,0.121386
548,test,price,0,0,0.147544,0.256675
548,test,shipping,0,0,0.161475,0.181947
548,test,smell,0,0,0.120865,0.089383
548,test,stayingpower,0,0,0.138698,0.133581
548,test,texture,0,0,0.170933,0.169811
549,test,colour,0,0,0.142723,0.207797
549,test,packing,0,0,0.111056,0.118836
549,test,price,0,0,0.120546,0.138561
549,test,shipping,0,0,0.104026,0.118957
549,test,smell,0,0,0.094419,0.088746
549,test,stayingpower,0,0,0.137131,0.132623
549,test,texture,0,0,0.128028,0.186688
550,test,colour,0,1,0.074867,0.789414
550,test,packing,0,0,0.130968,0.167664
550,test,price,0,0,0.15237,0.175324
550,test,shipping,0,0,0.167338,0.121058
550,test,smell,0,0,0.130077,0.154638
550,test,stayingpower,1,1,0.187051,0.716748
550,test,texture,3,1,0.075599,0.834341
551,test,colour,3,1,0.14807,0.774239
551,test,packing,0,0,0.181233,0.131965
551,test,price,0,0,0.177117,0.219897
551,test,shipping,0,0,0.148474,0.211823
551,test,smell,1,1,0.069435,0.880709
551,test,stayingpower,0,0,0.151211,0.424276
551,test,texture,1,1,0.069088,0.842062
552,test,colour,1,1,0.189535,0.734393
552,test,packing,0,0,0.204082,0.149754
552,test,price,0,0,0.176314,0.21025
552,test,shipping,0,0,0.150586,0.170534
552,test,smell,1,1,0.07371,0.879469
552,test,stayingpower,0,0,0.168698,0.336344
552,test,texture,1,2,0.50326,0.419243
553,test,colour,0,0,0.173651,0.137137
553,test,packing,1,1,0.063853,0.898943
553,test,price,0,0,0.150091,0.197841
553,test,shipping,0,0,0.174531,0.201336
553,test,smell,0,0,0.136436,0.139292
553,test,stayingpower,0,0,0.165694,0.141517
553,test,texture,0,0,0.139949,0.1578
554,test,colour,1,1,0.04068,0.911455
554,test,packing,0,0,0.181663,0.242788
554,test,price,0,0,0.208492,0.24239
554,test,shipping,1,1,0.342109,0.445795
554,test,smell,0,0,0.285102,0.291485
554,test,stayingpower,3,2,0.412158,0.396408
554,test,texture,3,2,0.848096,0.114007
555,test,colour,0,0,0.225512,0.215871
555,test,packing,0,0,0.134405,0.200534
555,test,price,0,0,0.155891,0.212812
555,test,shipping,1,1,0.035904,0.924971
555,test,smell,0,0,0.158703,0.144558
555,test,stayingpower,0,0,0.166859,0.13882
555,test,texture,0,0,0.146612,0.137109
556,test,colour,0,0,0.110271,0.117652
556,test,packing,0,0,0.121827,0.111901
556,test,price,0,1,0.09923,0.686302
556,test,shipping,0,0,0.120938,0.229973
556,test,smell,0,0,0.102181,0.133552
556,test,stayingpower,0,0,0.106973,0.085561
556,test,texture,0,0,0.130361,0.142068
557,test,colour,0,0,0.215566,0.228802
557,test,packing,1,1,0.059397,0.901131
557,test,price,0,0,0.166125,0.184412
557,test,shipping,1,1,0.06708,0.863688
557,test,smell,0,0,0.171442,0.156329
557,test,stayingpower,0,0,0.187683,0.16955
557,test,texture,0,0,0.160615,0.147068
558,test,colour,0,0,0.208647,0.219928
558,test,packing,0,0,0.13759,0.218301
558,test,price,1,1,0.095319,0.791622
558,test,shipping,1,1,0.040878,0.914898
558,test,smell,0,0,0.155465,0.139902
558,test,stayingpower,0,0,0.174998,0.150819
558,test,texture,0,0,0.172557,0.163818
559,test,colour,1,1,0.105406,0.737441
559,test,packing,0,0,0.280812,0.267569
559,test,price,0,0,0.209822,0.33777
559,test,shipping,0,0,0.179671,0.274252
559,test,smell,1,1,0.147038,0.691747
559,test,stayingpower,2,2,0.915021,0.052922
559,test,texture,0,1,0.212837,0.630605
560,test,colour,1,1,0.102007,0.841674
560,test,packing,0,0,0.178507,0.210717
560,test,price,0,0,0.165248,0.163259
560,test,shipping,1,1,0.073005,0.84494
560,test,smell,1,1,0.123632,0.772927
560,test,stayingpower,0,0,0.108617,0.178932
560,test,texture,0,0,0.165791,0.37438
561,test,colour,0,0,0.15454,0.138974
561,test,packing,0,0,0.120802,0.119531
561,test,price,0,0,0.13419,0.201602
561,test,shipping,0,0,0.110918,0.154937
561,test,smell,0,0,0.111306,0.093679
561,test,stayingpower,0,0,0.132318,0.096357
561,test,texture,0,0,0.117578,0.111415
562,test,colour,1,1,0.086637,0.822967
562,test,packing,0,0,0.131581,0.096927
562,test,price,0,0,0.12691,0.155487
562,test,shipping,0,0,0.171178,0.110338
562,test,smell,0,0,0.101824,0.087643
562,test,stayingpower,0,0,0.170478,0.162607
562,test,texture,0,0,0.373145,0.163516
563,test,colour,0,0,0.153,0.118791
563,test,packing,0,0,0.131112,0.128575
563,test,price,0,0,0.127579,0.143807
563,test,shipping,0,0,0.126553,0.116668
563,test,smell,0,0,0.1173,0.093117
563,test,stayingpower,0,0,0.141603,0.116378
563,test,texture,0,0,0.127861,0.136254
564,test,colour,0,0,0.200841,0.245648
564,test,packing,0,0,0.186701,0.222526
564,test,price,0,0,0.158143,0.175293
564,test,shipping,2,2,0.94551,0.022285
564,test,smell,0,0,0.172654,0.145665
564,test,stayingpower,0,0,0.132452,0.197839
564,test,texture,0,0,0.138021,0.206064
565,test,colour,0,0,0.312687,0.29869
565,test,packing,0,0,0.149806,0.214557
565,test,price,0,0,0.164949,0.16485
565,test,shipping,1,1,0.029702,0.917671
565,test,smell,0,0,0.186534,0.202682
565,test,stayingpower,0,0,0.225143,0.196301
565,test,texture,0,2,0.649317,0.105949
566,test,colour,1,1,0.052694,0.87502
566,test,packing,0,0,0.119985,0.119051
566,test,price,0,0,0.138779,0.185321
566,test,shipping,0,0,0.146213,0.138316
566,test,smell,0,0,0.143914,0.271775
566,test,stayingpower,0,1,0.151006,0.54911
566,test,texture,1,1,0.077936,0.824703
567,test,colour,0,0,0.163958,0.122888
567,test,packing,0,0,0.126901,0.116315
567,test,price,0,0,0.131842,0.155561
567,test,shipping,0,0,0.121494,0.105742
567,test,smell,0,0,0.112908,0.090203
567,test,stayingpower,0,0,0.147501,0.119557
567,test,texture,0,0,0.132445,0.138127
568,test,colour,1,1,0.086838,0.825592
568,test,packing,1,1,0.098512,0.801715
568,test,price,0,0,0.180186,0.196664
568,test,shipping,1,1,0.062711,0.88959
568,test,smell,0,0,0.198381,0.204364
568,test,stayingpower,0,0,0.184004,0.211305
568,test,texture,0,0,0.202188,0.195928
569,test,colour,0,0,0.141084,0.127127
569,test,packing,0,0,0.124876,0.135223
569,test,price,0,0,0.131671,0.181117
569,test,shipping,0,0,0.128045,0.176291
569,test,smell,0,0,0.112174,0.087671
569,test,stayingpower,0,0,0.135097,0.097884
569,test,texture,0,0,0.11689,0.108847
570,test,colour,0,0,0.134794,0.182766
570,test,packing,0,0,0.158696,0.136383
570,test,price,1,1,0.04547,0.910748
570,test,shipping,0,0,0.143267,0.230799
570,test,smell,0,1,0.122165,0.443038
570,test,stayingpower,0,0,0.181662,0.396662
570,test,texture,1,1,0.086842,0.777382
571,test,colour,0,0,0.149075,0.247762
571,test,packing,0,0,0.119887,0.123205
571,test,price,0,0,0.116604,0.125333
571,test,shipping,0,0,0.115891,0.118623
571,test,smell,0,0,0.109517,0.088012
571,test,stayingpower,0,0,0.129668,0.108781
571,test,texture,0,0,0.125695,0.147653
572,test,colour,0,0,0.146137,0.12362
572,test,packing,0,0,0.127608,0.120456
572,test,price,0,0,0.125737,0.150611
572,test,shipping,0,0,0.11873,0.11169
572,test,smell,0,0,0.114192,0.103097
572,test,stayingpower,0,0,0.139752,0.116112
572,test,texture,0,0,0.128154,0.146033
573,test,colour,0,0,0.130982,0.122477
573,test,packing,1,0,0.13816,0.208211
573,test,price,0,0,0.123775,0.218182
573,test,shipping,0,0,0.129419,0.142792
573,test,smell,0,0,0.096359,0.091679
573,test,stayingpower,0,0,0.12439,0.095646
573,test,texture,0,0,0.113606,0.116796
574,test,colour,0,0,0.133573,0.244265
574,test,packing,0,0,0.11894,0.12517
574,test,price,0,0,0.123756,0.151794
574,test,shipping,0,0,0.108224,0.135984
574,test,smell,0,0,0.108251,0.100658
574,test,stayingpower,0,0,0.12552,0.096441
574,test,texture,0,0,0.116424,0.132133
575,test,colour,0,0,0.34115,0.306368
575,test,packing,1,1,0.193411,0.581857
575,test,price,0,0,0.220091,0.190081
575,test,shipping,0,2,0.379847,0.240764
575,test,smell,2,2,0.933518,0.037563
575,test,stayingpower,0,0,0.153756,0.257082
575,test,texture,0,0,0.306591,0.230974
576,test,colour,1,1,0.04224,0.896575
576,test,packing,0,0,0.144378,0.139431
576,test,price,1,1,0.082971,0.83356
576,test,shipping,0,0,0.153325,0.179732
576,test,smell,0,0,0.155728,0.144954
576,test,stayingpower,0,0,0.158806,0.193082
576,test,texture,0,0,0.235273,0.287159
577,test,colour,1,1,0.049105,0.903918
577,test,packing,1,1,0.11389,0.750854
577,test,price,0,0,0.151722,0.188615
577,test,shipping,0,2,0.42269,0.248397
577,test,smell,0,0,0.147987,0.110407
577,test,stayingpower,0,0,0.170749,0.200241
577,test,texture,0,0,0.185371,0.221095
578,test,colour,1,1,0.039783,0.913116
578,test,packing,0,0,0.141464,0.120071
578,test,price,1,1,0.072606,0.863983
578,test,shipping,0,0,0.159682,0.20216
578,test,smell,0,0,0.164537,0.222924
578,test,stayingpower,0,0,0.198655,0.301188
578,test,texture,1,1,0.243395,0.49631
579,test,colour,1,1,0.094459,0.817522
579,test,packing,0,0,0.194635,0.217048
579,test,price,0,0,0.154881,0.179886
579,test,shipping,2,2,0.938251,0.032838
579,test,smell,0,0,0.219749,0.18721
579,test,stayingpower,0,0,0.165348,0.228824
579,test,texture,0,0,0.218043,0.26701
580,test,colour,1,1,0.071971,0.876935
580,test,packing,1,1,0.081521,0.842195
580,test,price,0,0,0.183739,0.192415
580,test,shipping,1,1,0.133394,0.729216
580,test,smell,0,0,0.188433,0.184972
580,test,stayingpower,0,0,0.192203,0.188699
580,test,texture,0,0,0.201457,0.193712
581,test,colour,1,1,0.050683,0.894466
581,test,packing,1,1,0.134402,0.726189
581,test,price,0,0,0.141771,0.130732
581,test,shipping,3,2,0.535343,0.368419
581,test,smell,0,0,0.174425,0.213965
581,test,stayingpower,0,0,0.138552,0.178861
581,test,texture,0,0,0.165758,0.203888
582,test,colour,0,1,0.248024,0.438524
582,test,packing,1,1,0.140671,0.749818
582,test,price,1,1,0.101986,0.824967
582,test,shipping,1,1,0.192742,0.684316
582,test,smell,2,2,0.728759,0.213673
582,test,stayingpower,0,0,0.179381,0.224216
582,test,texture,0,0,0.275695,0.325112
583,test,colour,0,0,0.207116,0.199772
583,test,packing,0,0,0.130477,0.201744
583,test,price,0,0,0.153495,0.195266
583,test,shipping,1,1,0.039712,0.917011
583,test,smell,0,0,0.161166,0.144456
583,test,stayingpower,0,0,0.166988,0.142991
583,test,texture,0,0,0.142415,0.140876
584,test,colour,0,0,0.298995,0.186453
584,test,packing,0,0,0.256482,0.263134
584,test,price,0,0,0.196649,0.203895
584,test,shipping,2,2,0.968867,0.015599
584,test,smell,1,1,0.201755,0.59928
584,test,stayingpower,0,0,0.140134,0.283627
584,test,texture,0,0,0.148676,0.415016
585,test,colour,0,0,0.277086,0.138659
585,test,packing,3,2,0.605356,0.274921
585,test,price,0,0,0.232817,0.259342
585,test,shipping,2,2,0.963373,0.017051
585,test,smell,0,0,0.227872,0.255534
585,test,stayingpower,0,0,0.275147,0.205182
585,test,texture,0,0,0.315367,0.196889
586,test,colour,0,0,0.208668,0.201373
586,test,packing,0,0,0.224724,0.195628
586,test,price,1,1,0.071406,0.860437
586,test,shipping,0,0,0.138848,0.218483
586,test,smell,1,1,0.062752,0.887028
586,test,stayingpower,0,0,0.08614,0.135514
586,test,texture,0,1,0.154174,0.462882
587,test,colour,0,0,0.205315,0.264329
587,test,packing,1,1,0.065289,0.878204
587,test,price,0,0,0.156497,0.164153
587,test,shipping,1,1,0.050377,0.885199
587,test,smell,0,0,0.164274,0.175531
587,test,stayingpower,0,0,0.170118,0.17331
587,test,texture,0,0,0.147497,0.158404
588,test,colour,2,2,0.829723,0.135997
588,test,packing,0,0,0.125599,0.192065
588,test,price,0,0,0.145773,0.181818
588,test,shipping,0,0,0.12863,0.243761
588,test,smell,0,0,0.169248,0.325177
588,test,stayingpower,0,1,0.234417,0.394598
588,test,texture,1,1,0.073742,0.748056
589,test,colour,1,1,0.081022,0.814876
589,test,packing,0,0,0.191637,0.216
589,test,price,0,0,0.167529,0.226601
589,test,shipping,2,2,0.942282,0.026886
589,test,smell,0,0,0.210115,0.152391
589,test,stayingpower,0,0,0.166098,0.240763
589,test,texture,0,0,0.221917,0.257581
590,test,colour,0,0,0.221698,0.219913
590,test,packing,0,0,0.210521,0.178715
590,test,price,0,0,0.155966,0.173804
590,test,shipping,0,0,0.122618,0.220248
590,test,smell,1,1,0.066861,0.897156
590,test,stayingpower,0,0,0.085853,0.120784
590,test,texture,0,0,0.134769,0.379549
591,test,colour,0,0,0.130242,0.169246
591,test,packing,0,0,0.122534,0.121473
591,test,price,0,0,0.124409,0.203021
591,test,shipping,0,0,0.105296,0.147363
591,test,smell,0,0,0.111305,0.12961
591,test,stayingpower,0,0,0.116441,0.08738
591,test,texture,0,0,0.116192,0.136943
592,test,colour,1,1,0.046974,0.890236
592,test,packing,0,0,0.129713,0.133617
592,test,price,0,0,0.144193,0.216246
592,test,shipping,0,0,0.146343,0.178831
592,test,smell,0,0,0.126268,0.097336
592,test,stayingpower,0,0,0.138092,0.144003
592,test,texture,0,0,0.174587,0.193774
593,test,colour,0,0,0.13553,0.182489
593,test,packing,0,0,0.143346,0.199188
593,test,price,0,0,0.131533,0.198236
593,test,shipping,0,0,0.137242,0.099141
593,test,smell,0,0,0.102059,0.122811
593,test,stayingpower,1,1,0.28457,0.586844
593,test,texture,0,1,0.075715,0.780197
594,test,colour,1,1,0.136251,0.77053
594,test,packing,0,0,0.118432,0.095814
594,test,price,1,1,0.052141,0.9009
594,test,shipping,0,0,0.111054,0.141459
594,test,smell,0,0,0.15422,0.273159
594,test,stayingpower,0,0,0.190644,0.309918
594,test,texture,0,1,0.195206,0.597362
595,test,colour,1,1,0.044138,0.90109
595,test,packing,0,0,0.126879,0.145549
595,test,price,0,0,0.142214,0.177513
595,test,shipping,0,0,0.1533,0.177954
595,test,smell,0,0,0.126504,0.087958
595,test,stayingpower,0,0,0.158441,0.166373
595,test,texture,0,0,0.196664,0.212437
596,test,colour,0,0,0.158588,0.265881
596,test,packing,0,0,0.114966,0.090467
596,test,price,0,0,0.131793,0.30239
596,test,shipping,0,0,0.115167,0.115705
596,test,smell,0,0,0.128007,0.286066
596,test,stayingpower,0,1,0.171474,0.566199
596,test,texture,1,1,0.058709,0.871237
597,test,colour,3,2,0.947821,0.023836
597,test,packing,0,0,0.188003,0.198708
597,test,price,0,0,0.180168,0.206054
597,test,shipping,0,0,0.145827,0.202279
597,test,smell,0,0,0.204269,0.190524
597,test,stayingpower,0,0,0.24412,0.169282
597,test,texture,0,0,0.322898,0.18591
598,test,colour,0,0,0.22023,0.24844
598,test,packing,1,1,0.063662,0.883757
598,test,price,0,0,0.16861,0.186413
598,test,shipping,1,1,0.055536,0.889824
598,test,smell,0,0,0.172404,0.148565
598,test,stayingpower,0,0,0.187051,0.17535
598,test,texture,0,0,0.156255,0.143399
599,test,colour,0,0,0.189483,0.382847
599,test,packing,0,0,0.19161,0.231424
599,test,price,1,1,0.087426,0.832413
599,test,shipping,2,2,0.923453,0.030191
599,test,smell,0,0,0.250532,0.23365
599,test,stayingpower,1,1,0.244797,0.587935
599,test,texture,1,1,0.139177,0.723526
600,test,colour,1,1,0.132785,0.745199
600,test,packing,1,1,0.07446,0.863072
600,test,price,0,0,0.185577,0.187278
600,test,shipping,1,1,0.065296,0.879235
600,test,smell,0,0,0.201854,0.197578
600,test,stayingpower,0,0,0.185297,0.190107
600,test,texture,0,0,0.18601,0.168234
601,test,colour,0,0,0.211254,0.212013
601,test,packing,1,1,0.072232,0.878227
601,test,price,0,0,0.162829,0.173976
601,test,shipping,1,1,0.058723,0.873456
601,test,smell,0,0,0.175981,0.198705
601,test,stayingpower,0,0,0.171195,0.14545
601,test,texture,0,0,0.147544,0.133189
602,test,colour,1,1,0.028917,0.937813
602,test,packing,0,0,0.123463,0.131899
602,test,price,0,0,0.14593,0.203627
602,test,shipping,0,0,0.173364,0.189771
602,test,smell,0,0,0.137499,0.133537
602,test,stayingpower,0,0,0.178209,0.364313
602,test,texture,1,1,0.154388,0.566416
603,test,colour,0,0,0.19711,0.178144
603,test,packing,0,0,0.122663,0.115023
603,test,price,0,0,0.116383,0.123618
603,test,shipping,0,0,0.134005,0.101469
603,test,smell,0,0,0.107562,0.085528
603,test,stayingpower,0,0,0.136816,0.116835
603,test,texture,0,0,0.12901,0.14729
604,test,colour,0,0,0.202096,0.314595
604,test,packing,0,0,0.120834,0.14727
604,test,price,0,0,0.130493,0.181414
604,test,shipping,0,0,0.135122,0.100027
604,test,smell,0,0,0.079221,0.102198
604,test,stayingpower,3,2,0.497402,0.435308
604,test,texture,3,1,0.129466,0.740544
605,test,colour,0,0,0.173737,0.197337
605,test,packing,1,1,0.061979,0.894959
605,test,price,0,0,0.142277,0.184438
605,test,shipping,0,0,0.182422,0.206691
605,test,smell,0,0,0.120489,0.100699
605,test,stayingpower,0,0,0.17394,0.152792
605,test,texture,0,0,0.141996,0.153398
606,test,colour,0,0,0.238085,0.189134
606,test,packing,0,0,0.202171,0.227892
606,test,price,0,0,0.179278,0.213008
606,test,shipping,2,2,0.957835,0.017405
606,test,smell,0,0,0.187664,0.145715
606,test,stayingpower,0,0,0.158213,0.21934
606,test,texture,0,0,0.160795,0.206684
607,test,colour,0,0,0.222951,0.136881
607,test,packing,1,1,0.384481,0.576958
607,test,price,0,0,0.196506,0.230622
607,test,shipping,3,1,0.132194,0.818238
607,test,smell,0,0,0.179635,0.238127
607,test,stayingpower,0,0,0.242154,0.172232
607,test,texture,0,0,0.224696,0.157113
608,test,colour,0,0,0.17942,0.383278
608,test,packing,1,1,0.087446,0.815013
608,test,price,0,0,0.164731,0.262591
608,test,shipping,1,1,0.115079,0.789924
608,test,smell,0,0,0.15131,0.29832
608,test,stayingpower,1,1,0.210662,0.658164
608,test,texture,1,1,0.06695,0.832573
609,test,colour,3,2,0.648682,0.215495
609,test,packing,0,0,0.191717,0.258892
609,test,price,0,0,0.19269,0.23007
609,test,shipping,0,0,0.179132,0.218771
609,test,smell,0,0,0.189335,0.184415
609,test,stayingpower,2,2,0.952642,0.028327
609,test,texture,0,1,0.266936,0.45921
610,test,colour,0,0,0.123144,0.220345
610,test,packing,0,0,0.117811,0.117637
610,test,price,0,0,0.120907,0.171622
610,test,shipping,0,0,0.10108,0.142793
610,test,smell,0,0,0.110186,0.11788
610,test,stayingpower,0,0,0.121775,0.095566
610,test,texture,0,0,0.118736,0.146957
611,test,colour,1,1,0.083408,0.838643
611,test,packing,0,0,0.155387,0.107979
611,test,price,0,0,0.135973,0.131081
611,test,shipping,0,0,0.100387,0.096297
611,test,smell,0,0,0.118075,0.232947
611,test,stayingpower,0,2,0.404889,0.380277
611,test,texture,1,2,0.46083,0.452986
612,test,colour,0,0,0.156975,0.145134
612,test,packing,0,0,0.124663,0.122178
612,test,price,0,0,0.119154,0.134689
612,test,shipping,0,0,0.111202,0.139541
612,test,smell,0,0,0.121217,0.112844
612,test,stayingpower,0,0,0.134756,0.099915
612,test,texture,0,0,0.121076,0.132504
613,test,colour,1,1,0.146757,0.70087
613,test,packing,0,0,0.267095,0.242037
613,test,price,0,1,0.170657,0.551091
613,test,shipping,0,1,0.122181,0.563462
613,test,smell,1,1,0.155681,0.604069
613,test,stayingpower,2,2,0.910188,0.053468
613,test,texture,2,2,0.694879,0.229599
614,test,colour,0,0,0.158075,0.117491
614,test,packing,0,0,0.123383,0.129604
614,test,price,0,0,0.124277,0.137405
614,test,shipping,0,0,0.124376,0.125776
614,test,smell,0,0,0.123094,0.101099
614,test,stayingpower,0,0,0.15678,0.117646
614,test,texture,0,0,0.144875,0.148632
615,test,colour,0,0,0.164571,0.155765
615,test,packing,0,0,0.128383,0.133569
615,test,price,0,0,0.123315,0.133663
615,test,shipping,0,0,0.11145,0.117102
615,test,smell,0,0,0.124165,0.101723
615,test,stayingpower,0,0,0.137408,0.102499
615,test,texture,0,0,0.122463,0.136731
616,test,colour,3,1,0.135799,0.730614
616,test,packing,0,0,0.160899,0.256676
616,test,price,0,0,0.161797,0.222428
616,test,shipping,2,2,0.943234,0.028332
616,test,smell,0,0,0.220302,0.212142
616,test,stayingpower,2,1,0.256529,0.589498
616,test,texture,1,1,0.109017,0.752511
617,test,colour,0,2,0.364046,0.305371
617,test,packing,0,0,0.265282,0.18694
617,test,price,0,0,0.225512,0.237536
617,test,shipping,2,2,0.918475,0.029914
617,test,smell,0,0,0.422216,0.127763
617,test,stayingpower,0,0,0.263468,0.252703
617,test,texture,2,2,0.868892,0.049537
618,test,colour,2,2,0.916027,0.03675
618,test,packing,0,0,0.290639,0.314691
618,test,price,0,0,0.214462,0.197368
618,test,shipping,2,2,0.774423,0.133848
618,test,smell,1,1,0.151228,0.77836
618,test,stayingpower,0,0,0.149837,0.226712
618,test,texture,0,0,0.170396,0.37987
619,test,colour,1,1,0.123418,0.686049
619,test,packing,0,0,0.208206,0.275751
619,test,price,1,1,0.107241,0.770392
619,test,shipping,1,1,0.165002,0.589938
619,test,smell,0,0,0.221845,0.253791
619,test,stayingpower,2,2,0.9132,0.059958
619,test,texture,1,1,0.169764,0.662432
620,test,colour,0,0,0.194526,0.251178
620,test,packing,0,0,0.129833,0.213199
620,test,price,0,0,0.152596,0.195819
620,test,shipping,1,1,0.034799,0.924705
620,test,smell,0,0,0.149729,0.1564
620,test,stayingpower,0,0,0.166463,0.15188
620,test,texture,0,0,0.144942,0.168054
621,test,colour,0,0,0.137159,0.131942
621,test,packing,0,0,0.124283,0.121794
621,test,price,0,0,0.142559,0.255676
621,test,shipping,0,0,0.109305,0.136823
621,test,smell,0,0,0.108264,0.091728
621,test,stayingpower,0,0,0.133645,0.102174
621,test,texture,0,0,0.116427,0.114463
622,test,colour,0,0,0.160606,0.131433
622,test,packing,0,0,0.125768,0.120445
622,test,price,0,0,0.129743,0.14682
622,test,shipping,0,0,0.121197,0.109509
622,test,smell,0,0,0.111878,0.086112
622,test,stayingpower,0,0,0.149118,0.120759
622,test,texture,0,0,0.129849,0.139895
623,test,colour,2,2,0.901596,0.045169
623,test,packing,0,0,0.194132,0.212798
623,test,price,0,0,0.22444,0.28614
623,test,shipping,0,0,0.207048,0.24323
623,test,smell,0,0,0.333964,0.172452
623,test,stayingpower,0,2,0.480893,0.186627
623,test,texture,2,2,0.884303,0.048798
624,test,colour,0,0,0.177221,0.191566
624,test,packing,0,0,0.125517,0.179284
624,test,price,0,0,0.130807,0.156504
624,test,shipping,1,1,0.065464,0.812541
624,test,smell,0,0,0.135873,0.131462
624,test,stayingpower,0,0,0.134586,0.100629
624,test,texture,0,0,0.11515,0.105058
625,test,colour,0,0,0.141162,0.099559
625,test,packing,0,0,0.117942,0.096796
625,test,price,0,0,0.128317,0.188591
625,test,shipping,0,0,0.117248,0.078218
625,test,smell,0,0,0.121894,0.182254
625,test,stayingpower,0,1,0.21063,0.39821
625,test,texture,0,1,0.119743,0.629823
626,test,colour,0,1,0.20638,0.469627
626,test,packing,0,0,0.167366,0.154682
626,test,price,0,0,0.1766,0.192093
626,test,shipping,0,0,0.144653,0.15972
626,test,smell,0,0,0.224051,0.170728
626,test,stayingpower,1,2,0.661961,0.199573
626,test,texture,2,2,0.9237,0.050019
627,test,colour,0,0,0.210595,0.219148
627,test,packing,1,1,0.065855,0.876695
627,test,price,0,0,0.168696,0.17764
627,test,shipping,1,1,0.058709,0.883027
627,test,smell,0,0,0.170197,0.14868
627,test,stayingpower,0,0,0.18184,0.164428
627,test,texture,0,0,0.150606,0.140637
628,test,colour,0,0,0.155499,0.12547
628,test,packing,0,0,0.127586,0.125942
628,test,price,0,0,0.123405,0.134131
628,test,shipping,0,0,0.13262,0.119404
628,test,smell,0,0,0.113159,0.089985
628,test,stayingpower,0,0,0.145589,0.121688
628,test,texture,0,0,0.129305,0.139029
629,test,colour,1,1,0.051379,0.871127
629,test,packing,0,0,0.151054,0.146601
629,test,price,1,1,0.065502,0.885836
629,test,shipping,0,0,0.18085,0.21162
629,test,smell,0,0,0.177601,0.144808
629,test,stayingpower,0,0,0.174908,0.176929
629,test,texture,0,0,0.26647,0.246435
630,test,colour,2,2,0.564486,0.38714
630,test,packing,0,0,0.125288,0.147948
630,test,price,0,0,0.112508,0.132642
630,test,shipping,0,0,0.122742,0.13698
630,test,smell,0,0,0.135097,0.344756
630,test,stayingpower,0,0,0.184978,0.319022
630,test,texture,1,1,0.083602,0.672642
631,test,colour,0,1,0.164825,0.509231
631,test,packing,0,0,0.174489,0.229359
631,test,price,0,0,0.161184,0.24156
631,test,shipping,2,2,0.957917,0.018524
631,test,smell,0,0,0.215197,0.363919
631,test,stayingpower,0,1,0.158167,0.527196
631,test,texture,1,1,0.090212,0.757005
632,test,colour,0,0,0.211728,0.314101
632,test,packing,0,0,0.184999,0.27974
632,test,price,0,0,0.162324,0.24276
632,test,shipping,2,2,0.961147,0.015318
632,test,smell,0,0,0.217887,0.218154
632,test,stayingpower,1,1,0.215542,0.57048
632,test,texture,1,1,0.105057,0.713486
633,test,colour,2,2,0.928047,0.032597
633,test,packing,0,0,0.159275,0.217961
633,test,price,0,0,0.162432,0.216343
633,test,shipping,0,0,0.169801,0.216096
633,test,smell,0,0,0.211633,0.374965
633,test,stayingpower,0,1,0.20727,0.415228
633,test,texture,1,1,0.10447,0.692221
634,test,colour,1,1,0.066985,0.886151
634,test,packing,0,0,0.207215,0.196573
634,test,price,0,0,0.175866,0.191417
634,test,shipping,0,0,0.171365,0.240283
634,test,smell,1,1,0.063271,0.880753
634,test,stayingpower,0,0,0.131618,0.314123
634,test,texture,1,1,0.129581,0.679665
635,test,colour,1,1,0.149639,0.656397
635,test,packing,0,0,0.212594,0.286555
635,test,price,0,0,0.186349,0.288537
635,test,shipping,0,2,0.857208,0.068179
635,test,smell,0,0,0.210265,0.18783
635,test,stayingpower,2,2,0.868974,0.102262
635,test,texture,1,1,0.145553,0.680726
636,test,colour,0,0,0.117515,0.186422
636,test,packing,0,0,0.118625,0.124968
636,test,price,0,0,0.13158,0.342454
636,test,shipping,0,0,0.095942,0.120116
636,test,smell,0,0,0.104526,0.114122
636,test,stayingpower,0,0,0.11524,0.093313
636,test,texture,0,0,0.119442,0.131385
637,test,colour,1,1,0.062392,0.890306
637,test,packing,0,0,0.140898,0.310962
637,test,price,0,0,0.162227,0.186432
637,test,shipping,1,1,0.065048,0.883826
637,test,smell,0,0,0.167155,0.213675
637,test,stayingpower,1,1,0.203168,0.497961
637,test,texture,0,1,0.152721,0.582865
638,test,colour,1,1,0.069278,0.87933
638,test,packing,0,0,0.149192,0.118109
638,test,price,0,0,0.163151,0.208579
638,test,shipping,0,0,0.151348,0.171902
638,test,smell,3,1,0.14313,0.717422
638,test,stayingpower,0,1,0.143437,0.523376
638,test,texture,1,1,0.082224,0.84742
639,test,colour,0,0,0.244976,0.332145
639,test,packing,0,1,0.252087,0.451317
639,test,price,0,0,0.176885,0.204387
639,test,shipping,0,0,0.261517,0.278363
639,test,smell,1,2,0.790772,0.191143
639,test,stayingpower,0,0,0.098684,0.190647
639,test,texture,0,0,0.204658,0.32047
640,test,colour,1,1,0.080989,0.828474
640,test,packing,0,0,0.151323,0.124446
640,test,price,0,0,0.168304,0.198069
640,test,shipping,0,0,0.153317,0.167944
640,test,smell,0,0,0.206149,0.109863
640,test,stayingpower,1,0,0.301399,0.218705
640,test,texture,2,2,0.870892,0.050641
641,test,colour,0,0,0.158011,0.173053
641,test,packing,0,0,0.122414,0.121873
641,test,price,0,0,0.121807,0.15354
641,test,shipping,0,0,0.103324,0.12417
641,test,smell,0,0,0.11328,0.106238
641,test,stayingpower,0,0,0.127463,0.101378
641,test,texture,0,0,0.11692,0.135248
642,test,colour,0,0,0.140073,0.338405
642,test,packing,0,0,0.152107,0.169849
642,test,price,1,1,0.088685,0.799419
642,test,shipping,0,0,0.163093,0.182449
642,test,smell,0,0,0.155293,0.209891
642,test,stayingpower,1,1,0.382951,0.541049
642,test,texture,1,1,0.071881,0.863005
643,test,colour,0,0,0.203834,0.207481
643,test,packing,0,0,0.226221,0.206729
643,test,price,1,1,0.118819,0.754389
643,test,shipping,2,2,0.953751,0.021001
643,test,smell,0,0,0.205952,0.184586
643,test,stayingpower,0,0,0.152624,0.222944
643,test,texture,0,0,0.181802,0.247055
644,test,colour,0,0,0.212199,0.239646
644,test,packing,0,0,0.234573,0.169483
644,test,price,1,1,0.098279,0.801526
644,test,shipping,0,0,0.162432,0.193337
644,test,smell,1,1,0.053596,0.91017
644,test,stayingpower,0,0,0.150255,0.405459
644,test,texture,1,1,0.081252,0.840354
645,test,colour,0,0,0.150567,0.111255
645,test,packing,0,0,0.130822,0.130484
645,test,price,0,0,0.125387,0.126495
645,test,shipping,0,0,0.139518,0.122809
645,test,smell,0,0,0.123606,0.099094
645,test,stayingpower,0,0,0.145942,0.121512
645,test,texture,0,0,0.127555,0.134811
646,test,colour,1,1,0.097627,0.805429
646,test,packing,0,0,0.189451,0.17183
646,test,price,0,0,0.172112,0.16412
646,test,shipping,0,0,0.239116,0.152799
646,test,smell,1,1,0.096682,0.809258
646,test,stayingpower,1,1,0.133994,0.67624
646,test,texture,3,1,0.06218,0.887015
647,test,colour,0,0,0.156238,0.177661
647,test,packing,0,0,0.122646,0.119727
647,test,price,0,0,0.12094,0.153275
647,test,shipping,0,0,0.11786,0.116543
647,test,smell,0,0,0.112554,0.099532
647,test,stayingpower,0,0,0.127709,0.101492
647,test,texture,0,0,0.118785,0.136541
648,test,colour,0,0,0.1468,0.163556
648,test,packing,0,0,0.128849,0.120136
648,test,price,1,1,0.053621,0.900887
648,test,shipping,0,0,0.132707,0.144127
648,test,smell,0,0,0.133504,0.134666
648,test,stayingpower,0,0,0.134585,0.122761
648,test,texture,0,0,0.17756,0.173835
649,test,colour,0,0,0.201666,0.225252
649,test,packing,1,1,0.089854,0.836595
649,test,price,1,1,0.099874,0.804624
649,test,shipping,1,1,0.058051,0.874302
649,test,smell,0,0,0.164706,0.184657
649,test,stayingpower,0,0,0.19339,0.16803
649,test,texture,0,0,0.1807,0.170704
650,test,colour,1,1,0.052157,0.902436
650,test,packing,0,0,0.130437,0.226492
650,test,price,0,0,0.151602,0.179254
650,test,shipping,1,1,0.08228,0.828068
650,test,smell,0,0,0.166668,0.306503
650,test,stayingpower,0,1,0.162208,0.46922
650,test,texture,1,1,0.118646,0.686266
651,test,colour,1,1,0.056825,0.847206
651,test,packing,0,0,0.146476,0.127793
651,test,price,1,1,0.068844,0.872037
651,test,shipping,0,0,0.157903,0.188609
651,test,smell,0,0,0.174209,0.298175
651,test,stayingpower,0,1,0.22765,0.517571
651,test,texture,1,1,0.12101,0.794328
652,test,colour,1,1,0.055773,0.855957
652,test,packing,0,0,0.132298,0.136059
652,test,price,0,0,0.155976,0.256483
652,test,shipping,0,0,0.160739,0.159771
652,test,smell,0,0,0.138908,0.267166
652,test,stayingpower,1,1,0.172172,0.678667
652,test,texture,1,1,0.060633,0.876038
653,test,colour,0,0,0.110054,0.335938
653,test,packing,0,0,0.097249,0.130266
653,test,price,0,0,0.105201,0.188162
653,test,shipping,0,0,0.101847,0.143883
653,test,smell,0,0,0.088621,0.11231
653,test,stayingpower,0,0,0.119709,0.173321
653,test,texture,0,0,0.108782,0.302849
654,test,colour,1,1,0.099443,0.805834
654,test,packing,0,0,0.20721,0.171526
654,test,price,0,0,0.188234,0.221198
654,test,shipping,0,0,0.186396,0.201237
654,test,smell,1,1,0.061843,0.902181
654,test,stayingpower,0,1,0.136956,0.452772
654,test,texture,1,1,0.079493,0.839034
655,test,colour,0,0,0.162511,0.125035
655,test,packing,0,0,0.125069,0.109901
655,test,price,1,0,0.137822,0.22447
655,test,shipping,0,0,0.140482,0.110283
655,test,smell,0,0,0.105063,0.081776
655,test,stayingpower,0,0,0.143403,0.107658
655,test,texture,0,0,0.126676,0.121287
656,test,colour,0,0,0.156696,0.132542
656,test,packing,0,0,0.123475,0.105573
656,test,price,0,0,0.135265,0.241893
656,test,shipping,0,0,0.11068,0.159751
656,test,smell,0,0,0.116471,0.110941
656,test,stayingpower,0,0,0.126093,0.086061
656,test,texture,0,0,0.116509,0.10719
657,test,colour,0,0,0.156541,0.168378
657,test,packing,0,0,0.129313,0.138359
657,test,price,0,0,0.125095,0.144389
657,test,shipping,0,0,0.119518,0.120016
657,test,smell,0,0,0.116296,0.09581
657,test,stayingpower,0,0,0.131917,0.097855
657,test,texture,0,0,0.123554,0.115602
658,test,colour,0,0,0.162024,0.134431
658,test,packing,0,0,0.106961,0.106956
658,test,price,0,0,0.116238,0.134376
658,test,shipping,0,0,0.131499,0.108954
658,test,smell,0,0,0.10643,0.094704
658,test,stayingpower,0,0,0.14315,0.150647
658,test,texture,0,0,0.133006,0.206183
659,test,colour,0,0,0.19248,0.225771
659,test,packing,0,0,0.221016,0.224241
659,test,price,0,0,0.176483,0.270192
659,test,shipping,0,0,0.187018,0.169492
659,test,smell,1,1,0.063375,0.870525
659,test,stayingpower,1,1,0.176652,0.620071
659,test,texture,1,1,0.044053,0.910183
660,test,colour,1,1,0.096459,0.719124
660,test,packing,0,0,0.212002,0.236268
660,test,price,0,0,0.20059,0.29899
660,test,shipping,0,0,0.173326,0.238744
660,test,smell,0,0,0.144289,0.161276
660,test,stayingpower,2,2,0.950674,0.030073
660,test,texture,0,1,0.275278,0.440018
661,test,colour,0,2,0.470722,0.187943
661,test,packing,0,0,0.195872,0.1801
661,test,price,0,0,0.16948,0.202015
661,test,shipping,0,0,0.15672,0.22182
661,test,smell,3,2,0.758599,0.206752
661,test,stayingpower,0,0,0.095201,0.165436
661,test,texture,0,0,0.139692,0.350641
662,test,colour,0,0,0.160458,0.293867
662,test,packing,0,0,0.205851,0.12894
662,test,price,0,0,0.182999,0.258353
662,test,shipping,0,0,0.124122,0.119907
662,test,smell,1,1,0.115533,0.798352
662,test,stayingpower,0,0,0.320703,0.293578
662,test,texture,3,2,0.773453,0.176922
663,test,colour,0,1,0.19893,0.414577
663,test,packing,0,0,0.197136,0.235778
663,test,price,0,0,0.19468,0.294711
663,test,shipping,0,0,0.17812,0.203078
663,test,smell,0,0,0.169651,0.24664
663,test,stayingpower,2,2,0.9487,0.038421
663,test,texture,1,1,0.145142,0.684522
664,test,colour,0,0,0.146021,0.209099
664,test,packing,0,0,0.122688,0.132744
664,test,price,0,0,0.119049,0.135116
664,test,shipping,0,0,0.115097,0.129114
664,test,smell,0,0,0.11091,0.100071
664,test,stayingpower,0,0,0.126326,0.100055
664,test,texture,0,0,0.116262,0.134717
665,test,colour,0,0,0.211897,0.19462
665,test,packing,0,0,0.253258,0.273578
665,test,price,0,0,0.178507,0.204201
665,test,shipping,2,2,0.962815,0.017086
665,test,smell,0,0,0.211098,0.153345
665,test,stayingpower,0,0,0.159179,0.213306
665,test,texture,0,0,0.176196,0.184743
666,test,colour,1,1,0.071411,0.830433
666,test,packing,0,0,0.136963,0.129804
666,test,price,0,0,0.15542,0.228799
666,test,shipping,0,0,0.143042,0.127232
666,test,smell,0,0,0.146134,0.398824
666,test,stayingpower,0,1,0.159059,0.650252
666,test,texture,1,1,0.055202,0.888163
667,test,colour,3,2,0.608904,0.353489
667,test,packing,0,0,0.121022,0.141513
667,test,price,0,0,0.133819,0.162756
667,test,shipping,0,0,0.114567,0.179427
667,test,smell,0,0,0.137383,0.121692
667,test,stayingpower,0,0,0.14544,0.150187
667,test,texture,0,0,0.193629,0.201585
668,test,colour,1,1,0.039182,0.904981
668,test,packing,0,0,0.144114,0.139136
668,test,price,1,1,0.094057,0.803037
668,test,shipping,0,0,0.1546,0.162894
668,test,smell,0,0,0.152355,0.133829
668,test,stayingpower,0,0,0.16631,0.194054
668,test,texture,0,0,0.242995,0.281945
669,test,colour,1,1,0.115995,0.784541
669,test,packing,0,0,0.27594,0.286121
669,test,price,0,0,0.196386,0.212265
669,test,shipping,2,2,0.925202,0.04008
669,test,smell,1,1,0.138206,0.793291
669,test,stayingpower,0,0,0.128384,0.279805
669,test,texture,0,1,0.173518,0.487229
670,test,colour,0,0,0.161545,0.131984
670,test,packing,0,0,0.127737,0.126933
670,test,price,0,0,0.123373,0.128855
670,test,shipping,0,0,0.126008,0.120656
670,test,smell,0,0,0.116484,0.089106
670,test,stayingpower,0,0,0.142502,0.120611
670,test,texture,0,0,0.128244,0.136317
671,test,colour,1,0,0.123343,0.237448
671,test,packing,0,0,0.130817,0.201349
671,test,price,0,0,0.104223,0.126253
671,test,shipping,0,0,0.088586,0.102467
671,test,smell,0,0,0.094353,0.09136
671,test,stayingpower,0,0,0.141659,0.155281
671,test,texture,0,0,0.112556,0.220913
672,test,colour,0,0,0.185133,0.148932
672,test,packing,0,0,0.203354,0.171385
672,test,price,0,0,0.146694,0.199946
672,test,shipping,0,0,0.127517,0.201977
672,test,smell,1,1,0.06024,0.897024
672,test,stayingpower,0,0,0.091876,0.160224
672,test,texture,0,1,0.120272,0.524557
673,test,colour,0,0,0.154944,0.173293
673,test,packing,0,0,0.123916,0.129304
673,test,price,0,0,0.121822,0.145542
673,test,shipping,0,0,0.111537,0.156041
673,test,smell,0,0,0.117008,0.100539
673,test,stayingpower,0,0,0.12954,0.094201
673,test,texture,0,0,0.114882,0.114648
674,test,colour,1,1,0.205718,0.621572
674,test,packing,0,0,0.282657,0.208645
674,test,price,1,1,0.158192,0.71364
674,test,shipping,2,2,0.919928,0.041492
674,test,smell,2,2,0.828492,0.083612
674,test,stayingpower,0,0,0.227593,0.242464
674,test,texture,0,2,0.446699,0.230135
675,test,colour,0,0,0.208533,0.223826
675,test,packing,1,1,0.146008,0.785786
675,test,price,0,0,0.185105,0.202374
675,test,shipping,3,2,0.942616,0.030259
675,test,smell,0,0,0.184941,0.182268
675,test,stayingpower,0,0,0.17578,0.219971
675,test,texture,0,0,0.147212,0.215285
676,test,colour,0,0,0.204009,0.187543
676,test,packing,0,0,0.138232,0.22342
676,test,price,1,1,0.069154,0.861767
676,test,shipping,1,1,0.055994,0.871388
676,test,smell,0,0,0.140806,0.13144
676,test,stayingpower,0,0,0.171082,0.143634
676,test,texture,0,0,0.180948,0.163779
677,test,colour,0,0,0.148174,0.159935
677,test,packing,0,0,0.125284,0.12108
677,test,price,0,0,0.130203,0.167649
677,test,shipping,0,0,0.104773,0.119978
677,test,smell,0,0,0.112359,0.09433
677,test,stayingpower,0,0,0.135604,0.103561
677,test,texture,0,0,0.124771,0.126752
678,test,colour,0,0,0.145558,0.186641
678,test,packing,0,0,0.127345,0.13483
678,test,price,0,0,0.119138,0.127021
678,test,shipping,0,0,0.113551,0.130717
678,test,smell,0,0,0.116279,0.10652
678,test,stayingpower,0,0,0.13007,0.101816
678,test,texture,0,0,0.116619,0.127645
679,test,colour,0,0,0.157286,0.250525
679,test,packing,1,1,0.08396,0.811828
679,test,price,0,0,0.125685,0.189568
679,test,shipping,0,0,0.135402,0.131521
679,test,smell,0,0,0.12192,0.337769
679,test,stayingpower,0,1,0.16636,0.464878
679,test,texture,1,1,0.065128,0.772213
680,test,colour,1,1,0.063104,0.879499
680,test,packing,0,0,0.182234,0.143163
680,test,price,0,0,0.154359,0.199598
680,test,shipping,0,0,0.140674,0.243807
680,test,smell,1,1,0.098701,0.822654
680,test,stayingpower,0,0,0.096982,0.155845
680,test,texture,0,1,0.180485,0.45799
681,test,colour,0,0,0.179197,0.141135
681,test,packing,0,0,0.129739,0.120462
681,test,price,0,0,0.123032,0.126657
681,test,shipping,0,0,0.117276,0.125907
681,test,smell,0,0,0.120033,0.096945
681,test,stayingpower,0,0,0.134036,0.109945
681,test,texture,0,0,0.123381,0.128517
682,test,colour,1,1,0.054597,0.901173
682,test,packing,0,0,0.144892,0.217337
682,test,price,0,0,0.15364,0.169894
682,test,shipping,1,1,0.078815,0.822198
682,test,smell,0,0,0.167562,0.179647
682,test,stayingpower,0,0,0.149018,0.168186
682,test,texture,0,0,0.18339,0.205103
683,test,colour,0,0,0.172406,0.165233
683,test,packing,1,1,0.058659,0.907746
683,test,price,0,0,0.140147,0.174104
683,test,shipping,0,0,0.147694,0.169621
683,test,smell,0,0,0.132473,0.170198
683,test,stayingpower,0,0,0.187131,0.193865
683,test,texture,0,0,0.153453,0.263627
684,test,colour,1,1,0.053536,0.831212
684,test,packing,0,0,0.17051,0.133578
684,test,price,0,0,0.178604,0.280316
684,test,shipping,0,0,0.261308,0.136029
684,test,smell,0,0,0.238605,0.221286
684,test,stayingpower,0,2,0.586737,0.244853
684,test,texture,2,2,0.871185,0.096346
685,test,colour,1,1,0.108335,0.769876
685,test,packing,0,0,0.193823,0.222365
685,test,price,0,0,0.153637,0.167148
685,test,shipping,2,2,0.942231,0.02504
685,test,smell,0,0,0.192679,0.147836
685,test,stayingpower,0,0,0.166606,0.230026
685,test,texture,0,0,0.221588,0.239827
686,test,colour,1,1,0.058158,0.869655
686,test,packing,1,1,0.085103,0.824901
686,test,price,0,0,0.156267,0.158406
686,test,shipping,0,0,0.210727,0.280091
686,test,smell,0,0,0.152471,0.129017
686,test,stayingpower,0,0,0.17605,0.196904
686,test,texture,0,0,0.170205,0.22959
687,test,colour,0,0,0.271048,0.32874
687,test,packing,0,0,0.304183,0.276124
687,test,price,1,1,0.158544,0.693153
687,test,shipping,2,2,0.91573,0.04873
687,test,smell,0,0,0.299172,0.198514
687,test,stayingpower,3,2,0.877038,0.067373
687,test,texture,0,2,0.400749,0.331576
688,test,colour,0,0,0.207561,0.220826
688,test,packing,1,1,0.185228,0.706205
688,test,price,0,0,0.192652,0.200034
688,test,shipping,2,2,0.963076,0.017823
688,test,smell,0,0,0.193445,0.195508
688,test,stayingpower,0,0,0.20423,0.260643
688,test,texture,0,0,0.178587,0.25164
689,test,colour,1,1,0.093088,0.818008
689,test,packing,0,0,0.212249,0.146151
689,test,price,1,1,0.086324,0.839237
689,test,shipping,0,0,0.152833,0.181833
689,test,smell,1,1,0.105512,0.812452
689,test,stayingpower,0,0,0.108651,0.217361
689,test,texture,0,1,0.170053,0.576954
690,test,colour,0,0,0.168033,0.12778
690,test,packing,0,0,0.131562,0.132154
690,test,price,0,0,0.128982,0.139937
690,test,shipping,0,0,0.115594,0.135049
690,test,smell,0,0,0.11951,0.09288
690,test,stayingpower,0,0,0.156686,0.111625
690,test,texture,0,0,0.124103,0.127547
691,test,colour,1,1,0.049247,0.892943
691,test,packing,0,0,0.130271,0.131607
691,test,price,0,0,0.13868,0.156026
691,test,shipping,0,0,0.156588,0.161726
691,test,smell,0,0,0.128032,0.098627
691,test,stayingpower,0,0,0.157184,0.159656
691,test,texture,0,0,0.186674,0.216167
692,test,colour,0,0,0.142713,0.103773
692,test,packing,0,0,0.135511,0.229816
692,test,price,0,0,0.117124,0.132722
692,test,shipping,0,1,0.16846,0.46814
692,test,smell,0,0,0.118978,0.11134
692,test,stayingpower,0,0,0.113749,0.092047
692,test,texture,0,0,0.095373,0.099919
693,test,colour,0,2,0.545982,0.177668
693,test,packing,0,0,0.234125,0.194339
693,test,price,2,1,0.210077,0.56561
693,test,shipping,0,0,0.244931,0.234462
693,test,smell,2,2,0.895157,0.048824
693,test,stayingpower,2,2,0.762983,0.107209
693,test,texture,0,2,0.758663,0.142187
694,test,colour,0,0,0.156932,0.165112
694,test,packing,0,0,0.125557,0.113815
694,test,price,0,0,0.128016,0.147766
694,test,shipping,0,0,0.119757,0.125075
694,test,smell,0,0,0.118423,0.100295
694,test,stayingpower,0,0,0.13321,0.104777
694,test,texture,0,0,0.12327,0.128278
695,test,colour,0,0,0.170882,0.236077
695,test,packing,0,0,0.11957,0.123964
695,test,price,0,0,0.133338,0.191709
695,test,shipping,0,0,0.11034,0.083291
695,test,smell,0,0,0.117184,0.208235
695,test,stayingpower,0,1,0.20216,0.61355
695,test,texture,1,1,0.071999,0.836546
696,test,colour,0,0,0.203761,0.257375
696,test,packing,1,1,0.055947,0.904475
696,test,price,0,0,0.169218,0.185727
696,test,shipping,1,1,0.064492,0.870296
696,test,smell,0,0,0.174386,0.19462
696,test,stayingpower,0,0,0.177448,0.17168
696,test,texture,0,0,0.153809,0.162587
697,test,colour,1,2,0.939029,0.029676
697,test,packing,0,0,0.247636,0.278309
697,test,price,0,0,0.249983,0.276734
697,test,shipping,3,1,0.386771,0.452442
697,test,smell,0,2,0.435889,0.2049
697,test,stayingpower,0,2,0.446263,0.183628
697,test,texture,2,2,0.808886,0.068895
698,test,colour,1,1,0.105323,0.768588
698,test,packing,0,0,0.240211,0.217568
698,test,price,1,1,0.145287,0.691855
698,test,shipping,2,2,0.958596,0.019251
698,test,smell,0,0,0.270435,0.209482
698,test,stayingpower,0,0,0.201674,0.290162
698,test,texture,0,0,0.296122,0.308824
699,test,colour,1,1,0.133806,0.698819
699,test,packing,0,1,0.338487,0.386149
699,test,price,1,1,0.192157,0.631532
699,test,shipping,2,2,0.933797,0.034299
699,test,smell,0,2,0.410571,0.187515
699,test,stayingpower,0,0,0.357793,0.282214
699,test,texture,2,2,0.823646,0.086857
700,test,colour,0,0,0.129153,0.161092
700,test,packing,0,0,0.126341,0.135705
700,test,price,0,0,0.121836,0.166764
700,test,shipping,0,0,0.098474,0.140978
700,test,smell,0,0,0.107694,0.118237
700,test,stayingpower,0,0,0.130281,0.100968
700,test,texture,0,0,0.115537,0.141013
701,test,colour,2,2,0.889652,0.048389
701,test,packing,0,0,0.154636,0.185527
701,test,price,0,0,0.15617,0.196044
701,test,shipping,0,0,0.161943,0.208882
701,test,smell,1,1,0.189755,0.497815
701,test,stayingpower,0,1,0.201524,0.424256
701,test,texture,1,1,0.068575,0.776153
702,test,colour,0,0,0.202566,0.197023
702,test,packing,0,0,0.127578,0.202632
702,test,price,0,0,0.147429,0.182759
702,test,shipping,1,1,0.042931,0.90056
702,test,smell,0,0,0.142565,0.133882
702,test,stayingpower,0,0,0.156257,0.130582
702,test,texture,0,0,0.13599,0.131802
703,test,colour,1,1,0.149058,0.794809
703,test,packing,0,0,0.115457,0.104502
703,test,price,0,0,0.137729,0.171143
703,test,shipping,0,0,0.12461,0.141596
703,test,smell,0,0,0.130467,0.086656
703,test,stayingpower,0,0,0.160938,0.140432
703,test,texture,0,0,0.184198,0.182357
704,test,colour,1,1,0.062637,0.859232
704,test,packing,0,0,0.159411,0.120795
704,test,price,1,1,0.066348,0.875635
704,test,shipping,0,0,0.131724,0.146246
704,test,smell,3,1,0.257393,0.454794
704,test,stayingpower,0,0,0.12113,0.202877
704,test,texture,0,1,0.248507,0.39678
705,test,colour,0,0,0.155951,0.140558
705,test,packing,0,0,0.127776,0.131069
705,test,price,0,0,0.121977,0.144437
705,test,shipping,0,0,0.116725,0.110279
705,test,smell,0,0,0.11424,0.103252
705,test,stayingpower,0,0,0.132305,0.106587
705,test,texture,0,0,0.125657,0.138881
706,test,colour,3,2,0.840043,0.086223
706,test,packing,0,0,0.191909,0.297961
706,test,price,0,0,0.202248,0.242301
706,test,shipping,0,0,0.218584,0.239954
706,test,smell,0,0,0.244594,0.202486
706,test,stayingpower,2,2,0.929754,0.04069
706,test,texture,2,2,0.504702,0.305677
707,test,colour,1,1,0.045801,0.899519
707,test,packing,0,0,0.139807,0.136165
707,test,price,1,1,0.077314,0.843872
707,test,shipping,0,0,0.16414,0.227314
707,test,smell,0,0,0.165442,0.156256
707,test,stayingpower,0,0,0.166353,0.189106
707,test,texture,0,0,0.226948,0.295855
708,test,colour,1,1,0.10008,0.774659
708,test,packing,0,0,0.197672,0.178511
708,test,price,0,0,0.184059,0.213626
708,test,shipping,0,0,0.200808,0.17769
708,test,smell,1,1,0.075936,0.859998
708,test,stayingpower,1,1,0.142942,0.641273
708,test,texture,1,1,0.057572,0.893058
709,test,colour,0,0,0.322674,0.30595
709,test,packing,0,0,0.19353,0.182755
709,test,price,0,0,0.20306,0.243812
709,test,shipping,0,0,0.267215,0.221616
709,test,smell,2,2,0.934621,0.03723
709,test,stayingpower,0,0,0.125107,0.186592
709,test,texture,0,0,0.28001,0.231651
710,test,colour,1,1,0.061885,0.880471
710,test,packing,0,0,0.133465,0.190559
710,test,price,0,0,0.132263,0.139354
710,test,shipping,1,1,0.15292,0.475976
710,test,smell,0,0,0.138833,0.107399
710,test,stayingpower,0,0,0.135129,0.116302
710,test,texture,0,0,0.154986,0.136098
711,test,colour,0,1,0.134087,0.691078
711,test,packing,1,1,0.164083,0.655919
711,test,price,0,0,0.233062,0.209192
711,test,shipping,1,1,0.212722,0.686921
711,test,smell,0,1,0.316776,0.348115
711,test,stayingpower,1,1,0.36343,0.483657
711,test,texture,3,2,0.807465,0.152945
712,test,colour,1,1,0.038918,0.914469
712,test,packing,0,0,0.129394,0.132628
712,test,price,0,0,0.141788,0.171846
712,test,shipping,0,0,0.152907,0.176774
712,test,smell,0,0,0.140938,0.121715
712,test,stayingpower,0,0,0.155905,0.173801
712,test,texture,0,0,0.185768,0.258483
713,test,colour,0,0,0.175011,0.136089
713,test,packing,0,0,0.128306,0.128466
713,test,price,0,0,0.128434,0.163703
713,test,shipping,0,0,0.115953,0.132182
713,test,smell,0,0,0.114003,0.094034
713,test,stayingpower,0,0,0.132821,0.100265
713,test,texture,0,0,0.119362,0.118231
714,test,colour,0,0,0.143401,0.254864
714,test,packing,0,0,0.119279,0.114256
714,test,price,0,0,0.123123,0.16265
714,test,shipping,0,0,0.111087,0.111752
714,test,smell,0,0,0.113077,0.111282
714,test,stayingpower,0,0,0.11665,0.093214
714,test,texture,0,0,0.126137,0.136375
715,test,colour,0,0,0.223837,0.177249
715,test,packing,0,0,0.135543,0.218305
715,test,price,0,0,0.144733,0.170598
715,test,shipping,1,1,0.042635,0.901228
715,test,smell,0,0,0.14914,0.133068
715,test,stayingpower,0,0,0.158722,0.128582
715,test,texture,0,0,0.132975,0.120742
716,test,colour,1,1,0.077665,0.861294
716,test,packing,1,1,0.143589,0.748385
716,test,price,0,0,0.199933,0.191966
716,test,shipping,1,1,0.090267,0.832696
716,test,smell,1,1,0.133137,0.76146
716,test,stayingpower,0,0,0.123317,0.244719
716,test,texture,0,0,0.176788,0.402501
717,test,colour,0,0,0.211459,0.195783
717,test,packing,0,0,0.129531,0.211521
717,test,price,0,0,0.148745,0.175864
717,test,shipping,1,1,0.038879,0.911119
717,test,smell,0,0,0.150058,0.146131
717,test,stayingpower,0,0,0.160532,0.137576
717,test,texture,0,0,0.138204,0.140879
718,test,colour,0,0,0.162843,0.186072
718,test,packing,0,0,0.11834,0.111072
718,test,price,0,0,0.121877,0.155411
718,test,shipping,0,0,0.096024,0.102861
718,test,smell,0,0,0.106119,0.100243
718,test,stayingpower,0,0,0.132272,0.108431
718,test,texture,0,0,0.135223,0.155846
719,test,colour,0,0,0.265387,0.227354
719,test,packing,0,0,0.145527,0.174855
719,test,price,1,1,0.085633,0.828433
719,test,shipping,1,1,0.051945,0.899543
719,test,smell,0,0,0.198612,0.144638
719,test,stayingpower,0,0,0.172059,0.133136
719,test,texture,0,0,0.196084,0.152422
720,test,colour,0,0,0.189652,0.216748
720,test,packing,1,1,0.196272,0.694891
720,test,price,3,1,0.203869,0.422311
720,test,shipping,2,2,0.963584,0.017205
720,test,smell,0,0,0.197367,0.213136
720,test,stayingpower,0,0,0.171483,0.247016
720,test,texture,0,0,0.164318,0.255245
721,test,colour,0,0,0.197253,0.18846
721,test,packing,0,0,0.20189,0.17771
721,test,price,0,0,0.145898,0.211464
721,test,shipping,0,0,0.12371,0.207317
721,test,smell,1,1,0.064233,0.895374
721,test,stayingpower,0,0,0.078441,0.116931
721,test,texture,0,0,0.131066,0.415647
722,test,colour,0,0,0.186956,0.178471
722,test,packing,0,0,0.106881,0.08095
722,test,price,0,0,0.118345,0.142059
722,test,shipping,0,0,0.100505,0.08176
722,test,smell,0,0,0.119199,0.114368
722,test,stayingpower,0,0,0.13252,0.132382
722,test,texture,0,0,0.160224,0.213885
723,test,colour,0,0,0.2179,0.228128
723,test,packing,0,0,0.131134,0.221953
723,test,price,0,0,0.147728,0.168989
723,test,shipping,1,1,0.036643,0.920341
723,test,smell,0,0,0.154556,0.143379
723,test,stayingpower,0,0,0.164529,0.140568
723,test,texture,0,0,0.14444,0.142071
724,test,colour,0,0,0.211174,0.201518
724,test,packing,0,0,0.133796,0.223853
724,test,price,0,0,0.156657,0.205136
724,test,shipping,1,1,0.033606,0.925998
724,test,smell,0,0,0.158497,0.155672
724,test,stayingpower,0,0,0.166947,0.146213
724,test,texture,0,0,0.141433,0.146769
725,test,colour,3,2,0.645615,0.294472
725,test,packing,1,1,0.103995,0.802493
725,test,price,0,0,0.186882,0.114453
725,test,shipping,1,1,0.056085,0.886936
725,test,smell,0,0,0.205621,0.271627
725,test,stayingpower,0,0,0.212237,0.223864
725,test,texture,2,0,0.380088,0.172919
726,test,colour,1,1,0.04155,0.906467
726,test,packing,0,0,0.132097,0.146596
726,test,price,0,0,0.140869,0.165687
726,test,shipping,0,0,0.166333,0.181559
726,test,smell,0,0,0.133606,0.101142
726,test,stayingpower,0,0,0.15844,0.165881
726,test,texture,0,0,0.185134,0.213082
727,test,colour,1,1,0.230476,0.686268
727,test,packing,0,0,0.161179,0.146823
727,test,price,0,0,0.174451,0.201046
727,test,shipping,0,0,0.288233,0.277686
727,test,smell,1,2,0.835338,0.126434
727,test,stayingpower,0,0,0.089688,0.211443
727,test,texture,0,2,0.339524,0.323359
728,test,colour,1,1,0.112575,0.738331
728,test,packing,0,0,0.185903,0.212499
728,test,price,0,0,0.158631,0.209471
728,test,shipping,2,2,0.944844,0.030614
728,test,smell,0,0,0.196313,0.147154
728,test,stayingpower,0,0,0.154629,0.222173
728,test,texture,0,0,0.192978,0.228499
729,test,colour,1,1,0.127414,0.742507
729,test,packing,1,1,0.109123,0.786725
729,test,price,1,1,0.111456,0.785941
729,test,shipping,1,1,0.060355,0.878444
729,test,smell,0,0,0.191265,0.236234
729,test,stayingpower,0,0,0.199904,0.195146
729,test,texture,0,0,0.209637,0.207862
730,test,colour,0,0,0.140258,0.140263
730,test,packing,0,0,0.122435,0.12559
730,test,price,0,0,0.125361,0.158986
730,test,shipping,0,0,0.119273,0.171803
730,test,smell,0,0,0.114756,0.108421
730,test,stayingpower,0,0,0.12995,0.09673
730,test,texture,0,0,0.113536,0.122464
731,test,colour,1,1,0.071214,0.883973
731,test,packing,1,1,0.113513,0.812021
731,test,price,0,0,0.220522,0.223058
731,test,shipping,1,1,0.113513,0.792638
731,test,smell,1,1,0.1588,0.700435
731,test,stayingpower,0,0,0.164687,0.26545
731,test,texture,0,1,0.18332,0.422256
732,test,colour,1,1,0.082779,0.797158
732,test,packing,0,0,0.203254,0.229225
732,test,price,1,1,0.139421,0.70044
732,test,shipping,0,0,0.238854,0.239328
732,test,smell,0,0,0.205525,0.175712
732,test,stayingpower,2,2,0.938108,0.034854
732,test,texture,0,2,0.420932,0.374287
733,test,colour,1,1,0.054757,0.868821
733,test,packing,2,2,0.355434,0.308025
733,test,price,0,0,0.184506,0.248858
733,test,shipping,1,1,0.088624,0.851046
733,test,smell,0,0,0.201729,0.260703
733,test,stayingpower,0,0,0.229119,0.173646
733,test,texture,0,2,0.487984,0.12931
734,test,colour,0,0,0.16532,0.415733
734,test,packing,0,0,0.24646,0.245483
734,test,price,0,0,0.191899,0.312103
734,test,shipping,0,0,0.154283,0.233786
734,test,smell,0,0,0.156194,0.363812
734,test,stayingpower,2,2,0.950032,0.033056
734,test,texture,0,1,0.164182,0.626168
735,test,colour,0,0,0.127884,0.113894
735,test,packing,0,0,0.127524,0.136338
735,test,price,0,0,0.120723,0.151068
735,test,shipping,0,0,0.107626,0.123049
735,test,smell,0,0,0.119256,0.141536
735,test,stayingpower,0,0,0.133298,0.107092
735,test,texture,0,0,0.124451,0.168328
736,test,colour,0,0,0.156937,0.112957
736,test,packing,0,0,0.130536,0.120734
736,test,price,0,0,0.129763,0.136553
736,test,shipping,0,0,0.128706,0.109521
736,test,smell,0,0,0.119986,0.09735
736,test,stayingpower,0,0,0.142778,0.123366
736,test,texture,0,0,0.133538,0.139714
737,test,colour,1,1,0.195474,0.677728
737,test,packing,0,0,0.180201,0.171744
737,test,price,0,0,0.20804,0.254495
737,test,shipping,0,0,0.264798,0.250004
737,test,smell,2,2,0.930135,0.031298
737,test,stayingpower,0,0,0.198836,0.21037
737,test,texture,0,0,0.349304,0.223905
738,test,colour,0,0,0.148712,0.114806
738,test,packing,0,0,0.131378,0.129931
738,test,price,0,0,0.12388,0.133295
738,test,shipping,0,0,0.130461,0.126313
738,test,smell,0,0,0.119454,0.096154
738,test,stayingpower,0,0,0.145277,0.120405
738,test,texture,0,0,0.126482,0.137394
739,test,colour,1,1,0.129668,0.716921
739,test,packing,0,0,0.157185,0.198945
739,test,price,0,0,0.191514,0.250152
739,test,shipping,0,0,0.315537,0.191418
739,test,smell,2,2,0.907035,0.048248
739,test,stayingpower,3,1,0.294256,0.46713
739,test,texture,1,1,0.200552,0.643273
740,test,colour,0,0,0.218377,0.294564
740,test,packing,0,0,0.234349,0.171485
740,test,price,0,0,0.173286,0.232233
740,test,shipping,0,0,0.142833,0.216585
740,test,smell,1,1,0.035071,0.945888
740,test,stayingpower,0,0,0.113515,0.241942
740,test,texture,1,1,0.126348,0.657054
741,test,colour,0,0,0.157765,0.151687
741,test,packing,0,0,0.119442,0.108143
741,test,price,0,0,0.123235,0.146448
741,test,shipping,0,0,0.115779,0.108788
741,test,smell,0,0,0.115516,0.102381
741,test,stayingpower,0,0,0.139298,0.111991
741,test,texture,0,0,0.131292,0.149051
742,test,colour,0,0,0.14105,0.156283
742,test,packing,0,0,0.126799,0.123003
742,test,price,0,0,0.122588,0.143111
742,test,shipping,0,0,0.115156,0.117872
742,test,smell,0,0,0.116454,0.108742
742,test,stayingpower,0,0,0.1319,0.103391
742,test,texture,0,0,0.127166,0.137899
743,test,colour,1,1,0.211351,0.536901
743,test,packing,0,0,0.199668,0.322103
743,test,price,0,0,0.180511,0.214093
743,test,shipping,1,1,0.066385,0.879933
743,test,smell,0,1,0.090416,0.848435
743,test,stayingpower,1,1,0.136379,0.555367
743,test,texture,0,1,0.075733,0.806386
744,test,colour,0,1,0.198345,0.42701
744,test,packing,0,0,0.184694,0.131614
744,test,price,0,0,0.181617,0.197577
744,test,shipping,0,0,0.097114,0.158196
744,test,smell,1,1,0.106791,0.826433
744,test,stayingpower,0,0,0.16501,0.207723
744,test,texture,3,2,0.759849,0.148179
745,test,colour,0,0,0.176782,0.373387
745,test,packing,0,0,0.195521,0.167412
745,test,price,0,0,0.14831,0.180364
745,test,shipping,0,0,0.113452,0.194031
745,test,smell,1,1,0.052029,0.909572
745,test,stayingpower,0,0,0.082795,0.154999
745,test,texture,0,1,0.119642,0.53535
746,test,colour,0,0,0.144054,0.177767
746,test,packing,0,0,0.12426,0.12713
746,test,price,0,0,0.123667,0.14402
746,test,shipping,0,0,0.120454,0.114602
746,test,smell,0,0,0.105077,0.089339
746,test,stayingpower,0,0,0.137987,0.109047
746,test,texture,0,0,0.121926,0.140526
747,test,colour,1,1,0.063838,0.882656
747,test,packing,0,0,0.143376,0.229678
747,test,price,0,0,0.154031,0.191576
747,test,shipping,1,1,0.056209,0.873971
747,test,smell,0,0,0.163451,0.177808
747,test,stayingpower,0,0,0.163311,0.185763
747,test,texture,0,0,0.186683,0.234727
748,test,colour,0,0,0.138706,0.118111
748,test,packing,0,0,0.134848,0.129585
748,test,price,0,0,0.121968,0.138182
748,test,shipping,0,0,0.11341,0.127978
748,test,smell,0,0,0.111228,0.102782
748,test,stayingpower,0,0,0.144671,0.114742
748,test,texture,0,0,0.133242,0.144738
749,test,colour,0,0,0.323806,0.248195
749,test,packing,0,0,0.16196,0.105713
749,test,price,0,0,0.197672,0.286627
749,test,shipping,0,0,0.093764,0.154726
749,test,smell,0,0,0.267653,0.136325
749,test,stayingpower,0,2,0.552779,0.136047
749,test,texture,2,2,0.915898,0.035311
750,test,colour,0,0,0.16354,0.136273
750,test,packing,0,0,0.12202,0.114008
750,test,price,0,0,0.12707,0.143302
750,test,shipping,0,0,0.124781,0.097098
750,test,smell,0,0,0.119108,0.101602
750,test,stayingpower,0,0,0.145272,0.117978
750,test,texture,0,0,0.134002,0.149289
751,test,colour,0,0,0.257529,0.138185
751,test,packing,0,0,0.208153,0.179788
751,test,price,0,0,0.147473,0.156274
751,test,shipping,0,0,0.113565,0.19819
751,test,smell,1,1,0.09208,0.859788
751,test,stayingpower,0,0,0.084299,0.123613
751,test,texture,0,0,0.132557,0.368398
752,test,colour,0,0,0.223407,0.209782
752,test,packing,0,0,0.134842,0.24327
752,test,price,0,0,0.156302,0.205271
752,test,shipping,1,1,0.034119,0.932929
752,test,smell,0,0,0.161813,0.1446
752,test,stayingpower,0,0,0.177688,0.153403
752,test,texture,0,0,0.154893,0.14799
753,test,colour,0,0,0.143966,0.127045
753,test,packing,0,0,0.142904,0.129754
753,test,price,1,1,0.04884,0.914511
753,test,shipping,0,0,0.131806,0.16904
753,test,smell,0,0,0.131564,0.136773
753,test,stayingpower,0,0,0.155983,0.136571
753,test,texture,0,0,0.186352,0.189687
754,test,colour,0,0,0.244634,0.238402
754,test,packing,0,0,0.184742,0.263509
754,test,price,0,0,0.164955,0.167481
754,test,shipping,1,1,0.041333,0.912811
754,test,smell,1,1,0.108055,0.798088
754,test,stayingpower,0,0,0.110099,0.162049
754,test,texture,0,0,0.134235,0.327296
755,test,colour,0,0,0.262054,0.253284
755,test,packing,0,0,0.211564,0.320424
755,test,price,0,0,0.161807,0.187833
755,test,shipping,1,1,0.07764,0.826057
755,test,smell,1,1,0.081563,0.837149
755,test,stayingpower,3,1,0.271655,0.530837
755,test,texture,0,1,0.074208,0.840965
756,test,colour,1,1,0.096954,0.826073
756,test,packing,1,1,0.104383,0.839059
756,test,price,0,0,0.207989,0.171723
756,test,shipping,1,1,0.146326,0.713135
756,test,smell,1,1,0.129874,0.763124
756,test,stayingpower,0,0,0.129113,0.201332
756,test,texture,0,0,0.188507,0.329702
757,test,colour,0,0,0.154987,0.114583
757,test,packing,0,0,0.13222,0.119769
757,test,price,0,0,0.129616,0.143309
757,test,shipping,0,0,0.130828,0.108559
757,test,smell,0,0,0.117244,0.094404
757,test,stayingpower,0,0,0.143777,0.119976
757,test,texture,0,0,0.134987,0.14064
758,test,colour,1,2,0.910638,0.024534
758,test,packing,3,1,0.450466,0.467228
758,test,price,0,0,0.240844,0.248171
758,test,shipping,0,2,0.486478,0.228454
758,test,smell,0,1,0.238235,0.392872
758,test,stayingpower,0,0,0.378007,0.152202
758,test,texture,0,0,0.320448,0.18512
759,test,colour,1,2,0.641207,0.28748
759,test,packing,0,0,0.222034,0.207792
759,test,price,0,0,0.221583,0.321291
759,test,shipping,0,0,0.319268,0.267491
759,test,smell,2,2,0.934004,0.043891
759,test,stayingpower,0,0,0.167539,0.204503
759,test,texture,0,2,0.39597,0.248798
760,test,colour,1,1,0.03707,0.922749
760,test,packing,0,0,0.138356,0.158324
760,test,price,0,0,0.149424,0.189341
760,test,shipping,0,0,0.169756,0.213075
760,test,smell,0,0,0.141787,0.104731
760,test,stayingpower,0,0,0.169682,0.168373
760,test,texture,0,0,0.20705,0.214244
761,test,colour,1,1,0.067107,0.855802
761,test,packing,0,0,0.128175,0.189793
761,test,price,0,0,0.147458,0.205418
761,test,shipping,1,1,0.064835,0.858352
761,test,smell,0,0,0.160227,0.316247
761,test,stayingpower,0,1,0.154391,0.495174
761,test,texture,1,1,0.115869,0.720109
762,test,colour,1,1,0.195548,0.769019
762,test,packing,0,0,0.127035,0.157869
762,test,price,0,0,0.139286,0.147093
762,test,shipping,0,0,0.139066,0.195862
762,test,smell,0,0,0.151493,0.333088
762,test,stayingpower,0,1,0.168716,0.518624
762,test,texture,1,1,0.069892,0.814831
763,test,colour,0,0,0.250135,0.233306
763,test,packing,0,0,0.312641,0.275295
763,test,price,1,1,0.120729,0.776339
763,test,shipping,2,2,0.930282,0.030862
763,test,smell,1,1,0.127305,0.77776
763,test,stayingpower,0,0,0.097987,0.221639
763,test,texture,0,1,0.171494,0.428791
764,test,colour,0,2,0.392752,0.26483
764,test,packing,0,0,0.220141,0.19849
764,test,price,0,0,0.228516,0.250904
764,test,shipping,0,0,0.315007,0.216446
764,test,smell,2,2,0.94971,0.029118
764,test,stayingpower,0,0,0.15596,0.210029
764,test,texture,0,0,0.362743,0.232824
765,test,colour,1,1,0.226676,0.559657
765,test,packing,0,0,0.297215,0.34557
765,test,price,0,0,0.218143,0.256819
765,test,shipping,2,2,0.910083,0.047018
765,test,smell,1,1,0.300062,0.47781
765,test,stayingpower,3,2,0.864489,0.10058
765,test,texture,1,1,0.227282,0.643927
766,test,colour,0,1,0.100616,0.810082
766,test,packing,0,0,0.170808,0.159363
766,test,price,1,1,0.103291,0.784026
766,test,shipping,0,0,0.211539,0.177826
766,test,smell,0,2,0.552456,0.374187
766,test,stayingpower,1,1,0.165361,0.497535
766,test,texture,1,1,0.097524,0.818765
767,test,colour,0,0,0.185186,0.261209
767,test,packing,0,0,0.137282,0.231952
767,test,price,0,0,0.131132,0.200767
767,test,shipping,1,1,0.076828,0.855973
767,test,smell,0,0,0.153751,0.280978
767,test,stayingpower,1,1,0.17189,0.625621
767,test,texture,1,1,0.084093,0.772905
768,test,colour,1,1,0.160423,0.66649
768,test,packing,0,0,0.190535,0.229818
768,test,price,0,0,0.158164,0.195892
768,test,shipping,3,2,0.937966,0.043703
768,test,smell,0,0,0.195632,0.155322
768,test,stayingpower,0,0,0.156881,0.191117
768,test,texture,0,0,0.191311,0.182961
769,test,colour,0,1,0.170454,0.445723
769,test,packing,0,0,0.181052,0.13684
769,test,price,0,0,0.160229,0.201965
769,test,shipping,0,0,0.160659,0.184662
769,test,smell,1,2,0.522569,0.447994
769,test,stayingpower,0,0,0.086581,0.202549
769,test,texture,0,1,0.155767,0.485192
770,test,colour,0,0,0.165976,0.132164
770,test,packing,0,0,0.124313,0.118198
770,test,price,0,0,0.138557,0.215593
770,test,shipping,0,0,0.102321,0.128785
770,test,smell,0,0,0.114457,0.092378
770,test,stayingpower,0,0,0.137415,0.099886
770,test,texture,0,0,0.122148,0.113227
771,test,colour,0,0,0.220205,0.1403
771,test,packing,0,0,0.161128,0.114398
771,test,price,1,1,0.068688,0.858153
771,test,shipping,0,0,0.125573,0.142493
771,test,smell,3,2,0.53358,0.326964
771,test,stayingpower,0,0,0.085093,0.120291
771,test,texture,0,0,0.179058,0.282391
772,test,colour,3,1,0.139554,0.675255
772,test,packing,0,0,0.211813,0.156848
772,test,price,1,1,0.111801,0.743463
772,test,shipping,0,0,0.131862,0.174661
772,test,smell,1,1,0.091643,0.752966
772,test,stayingpower,1,2,0.451115,0.446408
772,test,texture,1,1,0.075886,0.887641
773,test,colour,1,1,0.038609,0.906312
773,test,packing,0,0,0.146916,0.231195
773,test,price,0,0,0.138461,0.157963
773,test,shipping,0,0,0.170268,0.199348
773,test,smell,0,0,0.130056,0.098191
773,test,stayingpower,0,0,0.149047,0.1577
773,test,texture,0,0,0.172558,0.197325
774,test,colour,0,0,0.175195,0.162907
774,test,packing,0,0,0.125471,0.127402
774,test,price,0,0,0.121225,0.139431
774,test,shipping,0,0,0.108117,0.138969
774,test,smell,0,0,0.118465,0.099177
774,test,stayingpower,0,0,0.132131,0.096636
774,test,texture,0,0,0.118681,0.118672
775,test,colour,1,1,0.074668,0.813851
775,test,packing,0,1,0.119438,0.769279
775,test,price,1,1,0.085175,0.850875
775,test,shipping,0,0,0.24397,0.270025
775,test,smell,0,0,0.177633,0.140775
775,test,stayingpower,0,0,0.215873,0.201762
775,test,texture,0,0,0.239166,0.24072
776,test,colour,1,1,0.054291,0.873755
776,test,packing,1,1,0.135698,0.725201
776,test,price,1,1,0.098231,0.820567
776,test,shipping,0,0,0.230681,0.266414
776,test,smell,0,0,0.1821,0.343692
776,test,stayingpower,0,1,0.26586,0.460487
776,test,texture,1,1,0.119629,0.739726
777,test,colour,1,1,0.150664,0.744926
777,test,packing,0,0,0.15167,0.136451
777,test,price,0,0,0.194216,0.246883
777,test,shipping,0,0,0.205698,0.165319
777,test,smell,0,0,0.293623,0.140941
777,test,stayingpower,0,0,0.278725,0.223772
777,test,texture,2,2,0.928065,0.029411
778,test,colour,0,0,0.166146,0.148469
778,test,packing,0,0,0.134629,0.215487
778,test,price,0,0,0.134495,0.169483
778,test,shipping,1,1,0.054719,0.845139
778,test,smell,0,0,0.127378,0.127516
778,test,stayingpower,0,0,0.155785,0.124377
778,test,texture,0,0,0.11753,0.127159
779,test,colour,0,0,0.159915,0.150498
779,test,packing,0,0,0.131416,0.123725
779,test,price,0,0,0.12253,0.136231
779,test,shipping,0,0,0.10568,0.104019
779,test,smell,0,0,0.124741,0.115706
779,test,stayingpower,0,0,0.137823,0.110854
779,test,texture,0,0,0.132396,0.141543
780,test,colour,1,1,0.116235,0.560212
780,test,packing,0,0,0.174357,0.189662
780,test,price,0,0,0.16278,0.256633
780,test,shipping,0,0,0.163614,0.176408
780,test,smell,0,0,0.119274,0.19693
780,test,stayingpower,1,2,0.85572,0.121326
780,test,texture,1,1,0.10101,0.785306
781,test,colour,1,1,0.071801,0.879702
781,test,packing,0,0,0.187983,0.173617
781,test,price,0,0,0.161538,0.169935
781,test,shipping,0,0,0.153286,0.229952
781,test,smell,1,1,0.102668,0.81565
781,test,stayingpower,0,0,0.099735,0.16239
781,test,texture,0,1,0.160564,0.435715
782,test,colour,0,0,0.262208,0.225895
782,test,packing,1,1,0.121651,0.806359
782,test,price,0,0,0.199202,0.220619
782,test,shipping,1,1,0.070296,0.853586
782,test,smell,1,1,0.07362,0.878083
782,test,stayingpower,0,0,0.141732,0.321424
782,test,texture,1,1,0.108736,0.624626
783,test,colour,0,0,0.129192,0.255103
783,test,packing,0,0,0.123287,0.118072
783,test,price,1,1,0.039528,0.930748
783,test,shipping,0,0,0.101116,0.156209
783,test,smell,0,0,0.123087,0.190319
783,test,stayingpower,0,0,0.144253,0.188851
783,test,texture,0,0,0.184367,0.370634
784,test,colour,0,0,0.154284,0.132781
784,test,packing,0,0,0.129054,0.12641
784,test,price,0,0,0.122122,0.126349
784,test,shipping,0,0,0.119488,0.117588
784,test,smell,0,0,0.120785,0.09867
784,test,stayingpower,0,0,0.142519,0.119486
784,test,texture,0,0,0.126218,0.13799
785,test,colour,1,1,0.074308,0.870305
785,test,packing,0,0,0.169456,0.177863
785,test,price,1,1,0.109723,0.774449
785,test,shipping,3,1,0.212925,0.645711
785,test,smell,0,0,0.273252,0.248513
785,test,stayingpower,0,0,0.221743,0.203545
785,test,texture,2,2,0.803861,0.078664
786,test,colour,0,0,0.161444,0.185444
786,test,packing,0,0,0.124874,0.130453
786,test,price,0,0,0.12169,0.14164
786,test,shipping,0,0,0.106792,0.135615
786,test,smell,0,0,0.111715,0.09503
786,test,stayingpower,0,0,0.132602,0.09716
786,test,texture,0,0,0.119467,0.120625
787,test,colour,0,0,0.144703,0.1946
787,test,packing,0,1,0.136438,0.496669
787,test,price,0,0,0.107363,0.120778
787,test,shipping,0,0,0.097685,0.148226
787,test,smell,0,0,0.107116,0.114786
787,test,stayingpower,0,0,0.128219,0.101003
787,test,texture,0,0,0.105054,0.126307
788,test,colour,0,0,0.219722,0.225655
788,test,packing,0,0,0.172939,0.194301
788,test,price,0,0,0.163429,0.176423
788,test,shipping,2,2,0.947693,0.027365
788,test,smell,0,0,0.194942,0.138281
788,test,stayingpower,0,0,0.151865,0.212608
788,test,texture,0,0,0.157045,0.202639
789,test,colour,0,0,0.208992,0.186912
789,test,packing,1,1,0.118876,0.830508
789,test,price,0,0,0.178212,0.196026
789,test,shipping,0,0,0.170313,0.262894
789,test,smell,1,1,0.07254,0.869741
789,test,stayingpower,0,0,0.113342,0.173318
789,test,texture,0,0,0.137089,0.41557
790,test,colour,1,1,0.057479,0.894977
790,test,packing,1,1,0.089241,0.817968
790,test,price,0,0,0.189433,0.200246
790,test,shipping,1,1,0.101155,0.827269
790,test,smell,0,0,0.205697,0.287368
790,test,stayingpower,0,1,0.212922,0.415749
790,test,texture,1,1,0.167529,0.543565
791,test,colour,0,0,0.202084,0.211573
791,test,packing,0,0,0.128415,0.201131
791,test,price,0,0,0.15481,0.209301
791,test,shipping,1,1,0.040972,0.919914
791,test,smell,0,0,0.158174,0.156317
791,test,stayingpower,0,0,0.166623,0.145971
791,test,texture,0,0,0.141095,0.153967
792,test,colour,2,2,0.949619,0.017213
792,test,packing,0,0,0.19702,0.210737
792,test,price,0,0,0.179833,0.224159
792,test,shipping,0,0,0.210058,0.221001
792,test,smell,0,0,0.207301,0.209152
792,test,stayingpower,0,0,0.201712,0.174848
792,test,texture,0,0,0.203757,0.214655
793,test,colour,0,0,0.188939,0.14651
793,test,packing,0,0,0.121016,0.111782
793,test,price,0,0,0.115682,0.109224
793,test,shipping,0,0,0.132731,0.244884
793,test,smell,0,0,0.115101,0.105604
793,test,stayingpower,0,0,0.126464,0.105567
793,test,texture,0,0,0.115549,0.125283
794,test,colour,1,1,0.127422,0.78127
794,test,packing,0,0,0.134616,0.243665
794,test,price,0,0,0.153262,0.166389
794,test,shipping,1,1,0.044697,0.906372
794,test,smell,0,0,0.162318,0.136574
794,test,stayingpower,0,0,0.166073,0.167677
794,test,texture,0,0,0.177652,0.160496
795,test,colour,1,1,0.127081,0.790819
795,test,packing,0,0,0.209312,0.18122
795,test,price,0,0,0.169724,0.186869
795,test,shipping,0,0,0.135226,0.243979
795,test,smell,1,1,0.060432,0.9027
795,test,stayingpower,0,0,0.104393,0.192697
795,test,texture,0,1,0.13655,0.563819
796,test,colour,0,0,0.208364,0.279343
796,test,packing,0,0,0.14469,0.221615
796,test,price,1,1,0.07094,0.86401
796,test,shipping,1,1,0.051099,0.899371
796,test,smell,0,0,0.165803,0.143359
796,test,stayingpower,0,0,0.178381,0.152902
796,test,texture,0,0,0.191788,0.168993
797,test,colour,1,1,0.037849,0.920004
797,test,packing,0,0,0.128915,0.120708
797,test,price,0,0,0.150954,0.314753
797,test,shipping,0,0,0.142142,0.154318
797,test,smell,0,0,0.127893,0.112736
797,test,stayingpower,0,0,0.148579,0.182056
797,test,texture,0,0,0.20191,0.277092
798,test,colour,0,0,0.162076,0.181903
798,test,packing,0,0,0.125475,0.132486
798,test,price,0,0,0.116951,0.116716
798,test,shipping,0,0,0.107939,0.118645
798,test,smell,0,0,0.116669,0.100687
798,test,stayingpower,0,0,0.134125,0.108257
798,test,texture,0,0,0.123626,0.141646
799,test,colour,0,0,0.173326,0.151677
799,test,packing,1,1,0.070209,0.892063
799,test,price,0,0,0.118418,0.123447
799,test,shipping,0,0,0.338487,0.133962
799,test,smell,0,0,0.119978,0.179063
799,test,stayingpower,0,0,0.188824,0.267146
799,test,texture,3,0,0.127647,0.417341
800,test,colour,2,2,0.956146,0.019949
800,test,packing,0,0,0.188221,0.283768
800,test,price,0,0,0.176742,0.19491
800,test,shipping,0,0,0.276713,0.222222
800,test,smell,0,0,0.253623,0.252106
800,test,stayingpower,1,1,0.288177,0.374372
800,test,texture,0,1,0.150347,0.528776
801,test,colour,3,1,0.308564,0.53341
801,test,packing,0,0,0.114376,0.141622
801,test,price,0,0,0.145823,0.187629
801,test,shipping,0,0,0.148148,0.141957
801,test,smell,0,0,0.139803,0.181147
801,test,stayingpower,3,1,0.410068,0.515796
801,test,texture,1,1,0.055305,0.879447
802,test,colour,1,1,0.08884,0.844261
802,test,packing,0,0,0.201681,0.182678
802,test,price,0,0,0.168982,0.207652
802,test,shipping,0,0,0.143696,0.244518
802,test,smell,1,1,0.074755,0.878698
802,test,stayingpower,0,0,0.102707,0.166232
802,test,texture,0,1,0.156367,0.486359
803,test,colour,1,1,0.051763,0.892451
803,test,packing,1,1,0.088654,0.802197
803,test,price,0,0,0.149685,0.147554
803,test,shipping,0,0,0.227054,0.334792
803,test,smell,0,0,0.148889,0.107241
803,test,stayingpower,0,0,0.188397,0.221761
803,test,texture,0,0,0.188953,0.245321
804,test,colour,0,0,0.23669,0.205204
804,test,packing,0,0,0.194705,0.217489
804,test,price,0,0,0.178103,0.209953
804,test,shipping,2,2,0.958748,0.018753
804,test,smell,0,0,0.188892,0.146211
804,test,stayingpower,0,0,0.159098,0.221381
804,test,texture,0,0,0.164474,0.20704
805,test,colour,1,2,0.845609,0.10681
805,test,packing,1,1,0.162392,0.682302
805,test,price,0,0,0.193366,0.129748
805,test,shipping,0,0,0.217188,0.368699
805,test,smell,1,1,0.082361,0.850096
805,test,stayingpower,1,0,0.203881,0.384955
805,test,texture,3,1,0.086912,0.698513
806,test,colour,3,0,0.176124,0.374117
806,test,packing,0,0,0.19862,0.319434
806,test,price,0,0,0.16754,0.239101
806,test,shipping,2,2,0.959496,0.017351
806,test,smell,0,0,0.203918,0.213852
806,test,stayingpower,1,1,0.226626,0.615074
806,test,texture,1,1,0.105885,0.737247
807,test,colour,1,1,0.265107,0.561519
807,test,packing,0,0,0.191013,0.238701
807,test,price,0,0,0.19698,0.254451
807,test,shipping,0,0,0.200724,0.219741
807,test,smell,0,0,0.15039,0.154983
807,test,stayingpower,2,2,0.961965,0.020867
807,test,texture,0,2,0.499204,0.286782
808,test,colour,2,2,0.870678,0.057463
808,test,packing,0,0,0.189332,0.263186
808,test,price,0,0,0.16256,0.150501
808,test,shipping,1,1,0.055533,0.852885
808,test,smell,1,1,0.184749,0.633187
808,test,stayingpower,0,0,0.124736,0.164282
808,test,texture,0,0,0.115797,0.285474
809,test,colour,1,1,0.089714,0.820345
809,test,packing,0,0,0.150559,0.180337
809,test,price,1,1,0.057919,0.89489
809,test,shipping,1,1,0.110741,0.67952
809,test,smell,0,0,0.158773,0.170705
809,test,stayingpower,0,0,0.158244,0.16647
809,test,texture,0,0,0.212394,0.231412
810,test,colour,1,1,0.14949,0.560946
810,test,packing,0,0,0.194056,0.208503
810,test,price,0,0,0.18511,0.240306
810,test,shipping,0,0,0.193431,0.157855
810,test,smell,1,1,0.102585,0.789813
810,test,stayingpower,3,1,0.155724,0.723568
810,test,texture,1,1,0.0379,0.933499
811,test,colour,1,1,0.383086,0.417109
811,test,packing,0,0,0.222662,0.264139
811,test,price,0,0,0.195307,0.265611
811,test,shipping,0,0,0.191564,0.21847
811,test,smell,1,1,0.164872,0.631787
811,test,stayingpower,2,2,0.871818,0.101631
811,test,texture,1,1,0.064361,0.851256
812,test,colour,0,0,0.283627,0.289615
812,test,packing,0,0,0.183942,0.142391
812,test,price,0,0,0.192391,0.239636
812,test,shipping,0,0,0.152848,0.138617
812,test,smell,0,0,0.299808,0.146002
812,test,stayingpower,0,0,0.275606,0.197891
812,test,texture,2,2,0.937276,0.023775
813,test,colour,2,2,0.965483,0.017285
813,test,packing,0,0,0.226839,0.280768
813,test,price,0,0,0.222271,0.212617
813,test,shipping,0,0,0.240268,0.270709
813,test,smell,1,1,0.249751,0.553148
813,test,stayingpower,3,2,0.360358,0.350807
813,test,texture,3,1,0.176929,0.56655
814,test,colour,1,1,0.257572,0.50452
814,test,packing,0,0,0.250226,0.287858
814,test,price,0,0,0.204693,0.240715
814,test,shipping,1,2,0.879713,0.055533
814,test,smell,0,0,0.225193,0.147151
814,test,stayingpower,2,2,0.921433,0.051277
814,test,texture,0,1,0.288123,0.421406
815,test,colour,0,0,0.15249,0.287402
815,test,packing,0,0,0.13129,0.104903
815,test,price,1,1,0.062609,0.861627
815,test,shipping,0,0,0.119804,0.136518
815,test,smell,0,0,0.142707,0.322442
815,test,stayingpower,0,1,0.16493,0.491489
815,test,texture,1,1,0.071091,0.838943
816,test,colour,0,1,0.093241,0.809782
816,test,packing,0,0,0.136128,0.10762
816,test,price,0,0,0.154166,0.202214
816,test,shipping,0,0,0.152606,0.149153
816,test,smell,1,1,0.139956,0.58237
816,test,stayingpower,0,1,0.150021,0.580329
816,test,texture,1,1,0.04884,0.895158
817,test,colour,0,0,0.204484,0.244555
817,test,packing,0,0,0.243322,0.326871
817,test,price,1,1,0.05821,0.903421
817,test,shipping,0,0,0.141494,0.245889
817,test,smell,1,1,0.074085,0.86627
817,test,stayingpower,0,0,0.091917,0.139711
817,test,texture,0,1,0.184689,0.413478
818,test,colour,0,0,0.152108,0.13256
818,test,packing,0,0,0.128205,0.115671
818,test,price,0,0,0.123835,0.134091
818,test,shipping,0,0,0.116806,0.113233
818,test,smell,0,0,0.121788,0.11152
818,test,stayingpower,0,0,0.141205,0.113785
818,test,texture,0,0,0.125187,0.144184
819,test,colour,1,1,0.111732,0.535039
819,test,packing,0,0,0.107339,0.094929
819,test,price,1,1,0.048105,0.908458
819,test,shipping,0,0,0.091105,0.141254
819,test,smell,0,0,0.123443,0.199166
819,test,stayingpower,0,0,0.148668,0.274377
819,test,texture,1,1,0.15111,0.566324
820,test,colour,0,2,0.840398,0.131587
820,test,packing,0,0,0.151505,0.138816
820,test,price,0,0,0.151734,0.165539
820,test,shipping,0,0,0.139218,0.141888
820,test,smell,0,0,0.176125,0.164596
820,test,stayingpower,0,0,0.35624,0.153475
820,test,texture,0,0,0.285605,0.255132
821,test,colour,0,0,0.202286,0.211705
821,test,packing,0,0,0.244421,0.226938
821,test,price,1,1,0.113479,0.788639
821,test,shipping,2,2,0.957519,0.020253
821,test,smell,0,0,0.22372,0.210722
821,test,stayingpower,0,0,0.16187,0.23722
821,test,texture,0,0,0.207802,0.266427
822,test,colour,0,0,0.176545,0.123997
822,test,packing,0,0,0.131052,0.116807
822,test,price,0,0,0.123283,0.130395
822,test,shipping,0,0,0.127858,0.108435
822,test,smell,0,0,0.118344,0.096083
822,test,stayingpower,0,0,0.142459,0.117541
822,test,texture,0,0,0.135664,0.137003
823,test,colour,0,0,0.173008,0.151291
823,test,packing,0,0,0.125831,0.118476
823,test,price,0,0,0.12194,0.124054
823,test,shipping,0,0,0.119104,0.11121
823,test,smell,0,0,0.115429,0.100197
823,test,stayingpower,0,0,0.144973,0.114873
823,test,texture,0,0,0.126381,0.146797
824,test,colour,1,1,0.076047,0.853023
824,test,packing,0,0,0.138566,0.250937
824,test,price,0,0,0.158177,0.230804
824,test,shipping,1,1,0.048181,0.888782
824,test,smell,0,0,0.162738,0.20309
824,test,stayingpower,0,0,0.142209,0.155445
824,test,texture,0,0,0.164102,0.186567
825,test,colour,0,0,0.210352,0.214884
825,test,packing,0,0,0.124901,0.19091
825,test,price,0,0,0.129498,0.139425
825,test,shipping,1,1,0.055801,0.847208
825,test,smell,0,0,0.137896,0.127458
825,test,stayingpower,0,0,0.139081,0.108084
825,test,texture,0,0,0.119503,0.112344
826,test,colour,0,0,0.203417,0.222537
826,test,packing,0,0,0.224163,0.292712
826,test,price,0,0,0.150267,0.180033
826,test,shipping,0,0,0.117193,0.207274
826,test,smell,1,1,0.05433,0.904617
826,test,stayingpower,0,0,0.076869,0.109627
826,test,texture,0,0,0.127768,0.357788
827,test,colour,0,0,0.254415,0.314696
827,test,packing,1,1,0.093216,0.859163
827,test,price,0,0,0.20077,0.198118
827,test,shipping,1,1,0.097849,0.81903
827,test,smell,1,1,0.088194,0.83581
827,test,stayingpower,1,1,0.170665,0.503595
827,test,texture,0,1,0.086291,0.744979
828,test,colour,1,1,0.067133,0.858102
828,test,packing,0,0,0.145353,0.230723
828,test,price,0,0,0.159299,0.223356
828,test,shipping,1,1,0.082844,0.836703
828,test,smell,0,1,0.166023,0.418082
828,test,stayingpower,0,1,0.153794,0.574587
828,test,texture,1,1,0.085919,0.802848
829,test,colour,1,1,0.041238,0.904465
829,test,packing,1,0,0.13611,0.209587
829,test,price,0,0,0.143934,0.172036
829,test,shipping,0,0,0.180895,0.139434
829,test,smell,0,0,0.126988,0.126258
829,test,stayingpower,1,1,0.181994,0.621893
829,test,texture,0,1,0.10054,0.734354
830,test,colour,1,1,0.056873,0.90504
830,test,packing,0,0,0.108599,0.096444
830,test,price,0,0,0.13393,0.164842
830,test,shipping,0,0,0.148391,0.140888
830,test,smell,0,0,0.147467,0.21654
830,test,stayingpower,0,1,0.188025,0.484556
830,test,texture,1,1,0.146132,0.724866
831,test,colour,1,1,0.140166,0.667753
831,test,packing,1,1,0.221575,0.550619
831,test,price,1,1,0.140517,0.702905
831,test,shipping,1,1,0.178049,0.633317
831,test,smell,0,0,0.198035,0.22456
831,test,stayingpower,2,2,0.940888,0.033673
831,test,texture,0,2,0.439318,0.336915
832,test,colour,0,0,0.13478,0.146255
832,test,packing,0,0,0.108838,0.122471
832,test,price,0,0,0.120283,0.175108
832,test,shipping,0,0,0.143371,0.234108
832,test,smell,0,0,0.102784,0.112274
832,test,stayingpower,0,0,0.113498,0.100084
832,test,texture,0,0,0.107155,0.145588
833,test,colour,0,0,0.138588,0.148368
833,test,packing,0,0,0.123958,0.118806
833,test,price,1,0,0.127896,0.196109
833,test,shipping,0,0,0.103027,0.11798
833,test,smell,0,0,0.108987,0.11673
833,test,stayingpower,0,0,0.128791,0.098342
833,test,texture,0,0,0.119039,0.140296
834,test,colour,1,1,0.105355,0.781314
834,test,packing,0,0,0.162668,0.154665
834,test,price,0,0,0.198507,0.256355
834,test,shipping,0,0,0.287374,0.232804
834,test,smell,2,2,0.920905,0.037277
834,test,stayingpower,0,0,0.184325,0.270787
834,test,texture,1,2,0.385433,0.283325
835,test,colour,1,1,0.185923,0.659273
835,test,packing,0,0,0.305061,0.343143
835,test,price,0,0,0.230592,0.259937
835,test,shipping,2,2,0.936189,0.034934
835,test,smell,1,1,0.256225,0.558417
835,test,stayingpower,2,2,0.769864,0.157443
835,test,texture,0,1,0.184872,0.642479
836,test,colour,0,1,0.134651,0.460459
836,test,packing,0,0,0.124009,0.159025
836,test,price,0,0,0.143655,0.183502
836,test,shipping,0,0,0.148778,0.103372
836,test,smell,0,0,0.115788,0.1291
836,test,stayingpower,1,1,0.223934,0.691845
836,test,texture,3,1,0.073969,0.837433
837,test,colour,0,0,0.1701,0.150379
837,test,packing,1,1,0.061384,0.900764
837,test,price,0,0,0.146788,0.191858
837,test,shipping,0,0,0.174128,0.197545
837,test,smell,0,0,0.133094,0.132761
837,test,stayingpower,0,0,0.168703,0.149108
837,test,texture,0,0,0.137562,0.16458
838,test,colour,1,1,0.042333,0.904532
838,test,packing,0,0,0.139878,0.178313
838,test,price,0,0,0.158714,0.204242
838,test,shipping,0,0,0.175184,0.13992
838,test,smell,0,0,0.135062,0.16687
838,test,stayingpower,1,1,0.185266,0.647037
838,test,texture,0,1,0.089155,0.787471
839,test,colour,0,0,0.172672,0.377551
839,test,packing,0,0,0.21558,0.251087
839,test,price,0,0,0.191542,0.30293
839,test,shipping,0,0,0.164721,0.210476
839,test,smell,0,0,0.146804,0.228316
839,test,stayingpower,2,2,0.944583,0.040575
839,test,texture,1,1,0.148457,0.665079
840,test,colour,0,0,0.197605,0.192257
840,test,packing,0,0,0.222261,0.197066
840,test,price,1,1,0.10204,0.80172
840,test,shipping,2,2,0.943869,0.031796
840,test,smell,0,0,0.220228,0.198554
840,test,stayingpower,0,0,0.161209,0.218336
840,test,texture,0,0,0.193875,0.258629
841,test,colour,1,1,0.197768,0.530267
841,test,packing,0,0,0.184041,0.126324
841,test,price,1,1,0.120647,0.789886
841,test,shipping,0,0,0.164785,0.232322
841,test,smell,0,0,0.334641,0.146496
841,test,stayingpower,0,2,0.461581,0.159654
841,test,texture,2,2,0.938757,0.024852
842,test,colour,1,1,0.063597,0.884658
842,test,packing,0,0,0.149153,0.257501
842,test,price,0,0,0.157765,0.289995
842,test,shipping,1,1,0.071326,0.861276
842,test,smell,0,0,0.171093,0.182579
842,test,stayingpower,0,0,0.14177,0.151763
842,test,texture,0,0,0.1866,0.174201
843,test,colour,0,0,0.161575,0.130936
843,test,packing,0,0,0.128507,0.113295
843,test,price,0,0,0.125795,0.130975
843,test,shipping,0,0,0.12808,0.109013
843,test,smell,0,0,0.120574,0.096445
843,test,stayingpower,0,0,0.142186,0.116868
843,test,texture,0,0,0.135802,0.138581
844,test,colour,0,0,0.194144,0.206114
844,test,packing,0,0,0.183265,0.150911
844,test,price,0,0,0.135924,0.141497
844,test,shipping,0,0,0.119501,0.180377
844,test,smell,1,1,0.076668,0.859922
844,test,stayingpower,0,0,0.081103,0.125732
844,test,texture,0,0,0.128171,0.415008
845,test,colour,1,1,0.045162,0.897576
845,test,packing,0,0,0.129255,0.143447
845,test,price,0,0,0.138989,0.166128
845,test,shipping,0,0,0.150924,0.173147
845,test,smell,0,0,0.121663,0.090181
845,test,stayingpower,0,0,0.155413,0.169876
845,test,texture,0,0,0.185758,0.22524
846,test,colour,0,0,0.19102,0.182451
846,test,packing,0,0,0.195389,0.171931
846,test,price,0,0,0.137727,0.158059
846,test,shipping,0,0,0.122267,0.208668
846,test,smell,1,1,0.071157,0.87301
846,test,stayingpower,0,0,0.081041,0.113525
846,test,texture,0,0,0.13179,0.379027
847,test,colour,1,1,0.059593,0.881707
847,test,packing,0,0,0.123397,0.145038
847,test,price,0,0,0.139104,0.152749
847,test,shipping,0,0,0.157773,0.136859
847,test,smell,0,0,0.128638,0.171595
847,test,stayingpower,1,1,0.194102,0.632127
847,test,texture,0,1,0.090551,0.792307
848,test,colour,0,0,0.132588,0.085309
848,test,packing,0,0,0.148938,0.236981
848,test,price,0,0,0.118405,0.186479
848,test,shipping,0,0,0.143623,0.141197
848,test,smell,0,0,0.096324,0.115932
848,test,stayingpower,0,0,0.133972,0.120861
848,test,texture,0,0,0.109569,0.145242
849,test,colour,3,2,0.446623,0.404928
849,test,packing,0,0,0.185309,0.254806
849,test,price,0,0,0.19092,0.2415
849,test,shipping,0,0,0.199068,0.209267
849,test,smell,0,0,0.162669,0.178524
849,test,stayingpower,2,2,0.958827,0.024408
849,test,texture,0,1,0.305867,0.432427
850,test,colour,0,0,0.164253,0.232726
850,test,packing,0,1,0.100374,0.773133
850,test,price,0,0,0.141313,0.261666
850,test,shipping,0,0,0.128593,0.172039
850,test,smell,0,0,0.112974,0.315308
850,test,stayingpower,0,1,0.194448,0.569996
850,test,texture,1,1,0.051654,0.852715
851,test,colour,1,1,0.051073,0.898262
851,test,packing,0,0,0.182734,0.231655
851,test,price,0,0,0.159171,0.195735
851,test,shipping,2,2,0.89271,0.049773
851,test,smell,0,0,0.198653,0.144398
851,test,stayingpower,0,0,0.18112,0.246346
851,test,texture,0,0,0.222933,0.273184
852,test,colour,0,0,0.180886,0.164263
852,test,packing,0,0,0.136299,0.216095
852,test,price,1,1,0.065688,0.868199
852,test,shipping,1,1,0.067905,0.812145
852,test,smell,0,0,0.13657,0.133569
852,test,stayingpower,0,0,0.153996,0.121107
852,test,texture,0,0,0.158828,0.139174
853,test,colour,0,0,0.191771,0.157081
853,test,packing,1,1,0.057209,0.906111
853,test,price,0,0,0.152627,0.186739
853,test,shipping,0,0,0.17923,0.235228
853,test,smell,0,0,0.138194,0.12677
853,test,stayingpower,0,0,0.163847,0.144797
853,test,texture,0,0,0.140542,0.153524
854,test,colour,1,1,0.050871,0.901558
854,test,packing,0,0,0.167773,0.150021
854,test,price,0,0,0.151405,0.170637
854,test,shipping,0,0,0.15719,0.221567
854,test,smell,1,1,0.121899,0.742789
854,test,stayingpower,0,0,0.099006,0.155883
854,test,texture,0,0,0.173309,0.409185
855,test,colour,1,1,0.091724,0.809632
855,test,packing,0,0,0.237065,0.207399
855,test,price,0,0,0.214463,0.258835
855,test,shipping,2,2,0.917213,0.036175
855,test,smell,0,0,0.37074,0.135516
855,test,stayingpower,1,2,0.35954,0.320753
855,test,texture,2,2,0.81321,0.095849
856,test,colour,1,1,0.089798,0.780299
856,test,packing,0,0,0.128376,0.134411
856,test,price,0,0,0.153493,0.207494
856,test,shipping,0,0,0.155342,0.136555
856,test,smell,0,0,0.142538,0.245882
856,test,stayingpower,1,1,0.168217,0.719146
856,test,texture,1,1,0.055626,0.883794
857,test,colour,0,0,0.235069,0.188485
857,test,packing,0,0,0.213666,0.252867
857,test,price,0,0,0.183404,0.200217
857,test,shipping,2,2,0.960063,0.017442
857,test,smell,0,0,0.190142,0.150113
857,test,stayingpower,0,0,0.161276,0.21872
857,test,texture,0,0,0.160509,0.199183
858,test,colour,1,1,0.047874,0.894601
858,test,packing,0,0,0.12168,0.120599
858,test,price,0,0,0.143836,0.195078
858,test,shipping,0,0,0.144352,0.152998
858,test,smell,0,0,0.141686,0.324419
858,test,stayingpower,0,1,0.145879,0.515588
858,test,texture,1,1,0.079108,0.811304
859,test,colour,1,1,0.141826,0.686508
859,test,packing,0,0,0.103721,0.105949
859,test,price,0,0,0.111264,0.101046
859,test,shipping,0,0,0.115764,0.107094
859,test,smell,1,0,0.116523,0.279935
859,test,stayingpower,0,1,0.141266,0.51183
859,test,texture,2,1,0.082979,0.772343
860,test,colour,0,0,0.183612,0.217517
860,test,packing,0,0,0.13961,0.206518
860,test,price,1,1,0.065035,0.867696
860,test,shipping,3,1,0.101929,0.798195
860,test,smell,0,0,0.131657,0.125177
860,test,stayingpower,0,0,0.136557,0.11705
860,test,texture,0,0,0.138043,0.130538
861,test,colour,0,0,0.189475,0.286758
861,test,packing,1,1,0.070892,0.889485
861,test,price,0,0,0.167005,0.199898
861,test,shipping,0,0,0.270967,0.246098
861,test,smell,0,0,0.095662,0.148741
861,test,stayingpower,3,2,0.521999,0.346
861,test,texture,3,1,0.134244,0.626339
862,test,colour,0,0,0.185546,0.21062
862,test,packing,0,0,0.184121,0.241424
862,test,price,0,0,0.15015,0.197942
862,test,shipping,3,2,0.901359,0.075642
862,test,smell,0,0,0.144705,0.175834
862,test,stayingpower,0,0,0.134735,0.18155
862,test,texture,0,0,0.116273,0.200445
863,test,colour,0,1,0.240259,0.419583
863,test,packing,0,1,0.346925,0.354198
863,test,price,0,0,0.236607,0.284911
863,test,shipping,2,2,0.880134,0.060764
863,test,smell,1,1,0.253601,0.558308
863,test,stayingpower,2,2,0.898795,0.065608
863,test,texture,0,1,0.253395,0.55374
864,test,colour,1,1,0.075778,0.817311
864,test,packing,0,0,0.123631,0.14375
864,test,price,0,0,0.153728,0.196242
864,test,shipping,0,0,0.164621,0.138386
864,test,smell,0,0,0.146284,0.207767
864,test,stayingpower,1,1,0.181179,0.703955
864,test,texture,1,1,0.060578,0.869386
865,test,colour,1,1,0.042822,0.906256
865,test,packing,0,0,0.130794,0.140347
865,test,price,0,0,0.143833,0.178575
865,test,shipping,0,0,0.149387,0.174386
865,test,smell,0,0,0.125468,0.093974
865,test,stayingpower,0,0,0.166893,0.164647
865,test,texture,0,0,0.212859,0.217166
866,test,colour,0,0,0.15028,0.413931
866,test,packing,0,0,0.156101,0.128299
866,test,price,0,0,0.14685,0.211129
866,test,shipping,0,0,0.140022,0.13292
866,test,smell,1,1,0.103831,0.72515
866,test,stayingpower,0,1,0.145467,0.58213
866,test,texture,0,1,0.042101,0.909386
867,test,colour,1,1,0.092294,0.777859
867,test,packing,1,1,0.118378,0.730049
867,test,price,1,1,0.103903,0.77363
867,test,shipping,1,1,0.112097,0.741462
867,test,smell,0,0,0.159162,0.296445
867,test,stayingpower,1,1,0.229649,0.572489
867,test,texture,1,1,0.091352,0.793473
868,test,colour,1,1,0.072231,0.744345
868,test,packing,0,0,0.187339,0.207665
868,test,price,0,0,0.173562,0.229206
868,test,shipping,0,0,0.16963,0.182819
868,test,smell,0,0,0.135866,0.227299
868,test,stayingpower,2,2,0.879029,0.100948
868,test,texture,3,1,0.158532,0.720283
869,test,colour,0,0,0.168349,0.134893
869,test,packing,0,0,0.127261,0.123939
869,test,price,0,0,0.129045,0.155545
869,test,shipping,0,0,0.11122,0.123205
869,test,smell,0,0,0.114107,0.092469
869,test,stayingpower,0,0,0.13525,0.108228
869,test,texture,0,0,0.123521,0.126863
870,test,colour,1,1,0.113031,0.704129
870,test,packing,0,0,0.189593,0.23004
870,test,price,1,1,0.129606,0.737419
870,test,shipping,0,0,0.222372,0.260094
870,test,smell,0,0,0.211747,0.159268
870,test,stayingpower,2,2,0.939331,0.039534
870,test,texture,0,1,0.272309,0.504666
871,test,colour,1,1,0.13196,0.74592
871,test,packing,0,0,0.252811,0.202775
871,test,price,0,0,0.220165,0.272917
871,test,shipping,2,2,0.916045,0.048114
871,test,smell,2,2,0.843346,0.092479
871,test,stayingpower,0,0,0.200953,0.270448
871,test,texture,0,2,0.405598,0.280827
872,test,colour,0,0,0.19367,0.216719
872,test,packing,0,0,0.141005,0.186709
872,test,price,1,1,0.078092,0.84085
872,test,shipping,1,1,0.059131,0.884169
872,test,smell,0,0,0.154326,0.154911
872,test,stayingpower,0,0,0.16651,0.140511
872,test,texture,0,0,0.16999,0.171115
873,test,colour,1,1,0.100736,0.778597
873,test,packing,0,0,0.205781,0.263174
873,test,price,0,0,0.166426,0.195752
873,test,shipping,2,2,0.953734,0.024829
873,test,smell,0,0,0.219525,0.15745
873,test,stayingpower,0,0,0.179871,0.252998
873,test,texture,0,0,0.215856,0.259074
874,test,colour,1,1,0.294727,0.632497
874,test,packing,0,0,0.215757,0.243603
874,test,price,1,1,0.157202,0.62192
874,test,shipping,1,1,0.12479,0.71005
874,test,smell,1,1,0.066565,0.902844
874,test,stayingpower,0,0,0.149574,0.408066
874,test,texture,1,1,0.091906,0.800626
875,test,colour,1,1,0.085,0.851456
875,test,packing,0,0,0.113548,0.108188
875,test,price,0,0,0.142841,0.194307
875,test,shipping,0,0,0.14062,0.151373
875,test,smell,0,0,0.149785,0.282303
875,test,stayingpower,0,1,0.158593,0.581657
875,test,texture,1,1,0.072374,0.849397
876,test,colour,2,2,0.685279,0.251389
876,test,packing,0,0,0.267511,0.25145
876,test,price,0,0,0.274379,0.24797
876,test,shipping,0,0,0.189178,0.32873
876,test,smell,3,2,0.614715,0.302961
876,test,stayingpower,0,2,0.402416,0.255051
876,test,texture,2,2,0.929328,0.040584
877,test,colour,0,0,0.150203,0.117966
877,test,packing,0,0,0.12612,0.119984
877,test,price,0,0,0.125979,0.135548
877,test,shipping,0,0,0.13099,0.122481
877,test,smell,0,0,0.118066,0.09212
877,test,stayingpower,0,0,0.147455,0.122433
877,test,texture,0,0,0.131485,0.140726
878,test,colour,1,1,0.088043,0.822441
878,test,packing,0,0,0.19732,0.179657
878,test,price,0,0,0.183423,0.228498
878,test,shipping,0,0,0.166321,0.208273
878,test,smell,1,1,0.061492,0.896289
878,test,stayingpower,0,1,0.136662,0.438135
878,test,texture,1,1,0.083459,0.830144
879,test,colour,1,1,0.061928,0.855947
879,test,packing,0,0,0.116544,0.122968
879,test,price,0,0,0.140944,0.189278
879,test,shipping,0,0,0.132841,0.135391
879,test,smell,0,0,0.137215,0.254136
879,test,stayingpower,0,1,0.153943,0.561785
879,test,texture,1,1,0.071998,0.835491
880,test,colour,1,1,0.08225,0.839879
880,test,packing,1,1,0.13168,0.80025
880,test,price,0,1,0.159706,0.622628
880,test,shipping,0,0,0.209032,0.271421
880,test,smell,1,1,0.122379,0.74496
880,test,stayingpower,0,0,0.128992,0.188577
880,test,texture,0,1,0.176436,0.411786
881,test,colour,1,1,0.039917,0.91671
881,test,packing,0,0,0.131428,0.125373
881,test,price,0,0,0.143875,0.175138
881,test,shipping,0,0,0.163074,0.142171
881,test,smell,0,0,0.140251,0.22148
881,test,stayingpower,0,1,0.1622,0.49976
881,test,texture,1,1,0.117638,0.731673
882,test,colour,1,1,0.054137,0.882944
882,test,packing,1,1,0.108249,0.776837
882,test,price,1,1,0.128341,0.727709
882,test,shipping,0,0,0.227733,0.362162
882,test,smell,0,0,0.147701,0.159289
882,test,stayingpower,1,1,0.285156,0.488456
882,test,texture,0,1,0.138421,0.632604
883,test,colour,0,0,0.195539,0.259861
883,test,packing,0,0,0.133296,0.218137
883,test,price,0,0,0.145541,0.195289
883,test,shipping,1,1,0.039487,0.920512
883,test,smell,0,0,0.150627,0.147621
883,test,stayingpower,0,0,0.15607,0.136425
883,test,texture,0,0,0.140022,0.1426
884,test,colour,0,0,0.139521,0.141831
884,test,packing,0,0,0.133235,0.156776
884,test,price,0,0,0.125561,0.170635
884,test,shipping,0,0,0.110627,0.118952
884,test,smell,0,0,0.11094,0.112137
884,test,stayingpower,0,0,0.125403,0.092264
884,test,texture,0,0,0.133865,0.122455
885,test,colour,0,0,0.142279,0.244297
885,test,packing,0,0,0.142345,0.131251
885,test,price,1,1,0.035,0.939959
885,test,shipping,0,0,0.133668,0.186388
885,test,smell,0,0,0.125012,0.216208
885,test,stayingpower,0,0,0.157222,0.255232
885,test,texture,0,1,0.145407,0.497483
886,test,colour,1,1,0.074032,0.85305
886,test,packing,1,1,0.078881,0.834369
886,test,price,0,0,0.157683,0.138511
886,test,shipping,3,1,0.131928,0.680911
886,test,smell,0,0,0.17211,0.153986
886,test,stayingpower,0,0,0.170691,0.178911
886,test,texture,0,0,0.176172,0.182022
887,test,colour,0,0,0.201076,0.306411
887,test,packing,1,1,0.059245,0.894798
887,test,price,0,0,0.15893,0.152281
887,test,shipping,1,1,0.069771,0.858653
887,test,smell,0,0,0.169535,0.188745
887,test,stayingpower,0,0,0.168347,0.160501
887,test,texture,0,0,0.140717,0.151506
888,test,colour,0,0,0.190542,0.156018
888,test,packing,1,1,0.081975,0.864855
888,test,price,1,1,0.09277,0.802629
888,test,shipping,0,0,0.20967,0.230644
888,test,smell,0,0,0.137441,0.130099
888,test,stayingpower,0,0,0.158953,0.137069
888,test,texture,0,0,0.170481,0.14961
889,test,colour,0,0,0.227985,0.212311
889,test,packing,0,0,0.132186,0.226196
889,test,price,0,0,0.147863,0.173715
889,test,shipping,1,1,0.037431,0.919402
889,test,smell,0,0,0.160148,0.147581
889,test,stayingpower,0,0,0.159825,0.133236
889,test,texture,0,0,0.141878,0.129686
890,test,colour,0,0,0.138568,0.272078
890,test,packing,0,0,0.151418,0.163833
890,test,price,1,1,0.068581,0.857674
890,test,shipping,0,0,0.12719,0.149832
890,test,smell,0,0,0.138648,0.301998
890,test,stayingpower,0,1,0.20141,0.560038
890,test,texture,1,1,0.068163,0.857297
891,test,colour,1,1,0.28028,0.421672
891,test,packing,0,0,0.234285,0.245762
891,test,price,1,1,0.1196,0.783265
891,test,shipping,0,0,0.272954,0.242181
891,test,smell,2,2,0.850489,0.098408
891,test,stayingpower,2,2,0.791508,0.112311
891,test,texture,1,1,0.323058,0.527372
892,test,colour,1,0,0.149881,0.22925
892,test,packing,0,0,0.134055,0.131304
892,test,price,1,1,0.044937,0.924149
892,test,shipping,0,0,0.125733,0.171412
892,test,smell,0,0,0.130786,0.142173
892,test,stayingpower,0,0,0.135335,0.128055
892,test,texture,0,0,0.193527,0.187502
893,test,colour,1,1,0.055328,0.877918
893,test,packing,0,0,0.112518,0.105003
893,test,price,0,0,0.138919,0.173804
893,test,shipping,0,0,0.157485,0.132048
893,test,smell,0,0,0.146207,0.230333
893,test,stayingpower,0,1,0.162796,0.570221
893,test,texture,1,1,0.09486,0.808695
894,test,colour,1,1,0.045948,0.910779
894,test,packing,0,0,0.127432,0.169168
894,test,price,0,0,0.150108,0.164278
894,test,shipping,0,0,0.167758,0.141801
894,test,smell,0,0,0.145048,0.156809
894,test,stayingpower,1,1,0.185218,0.605374
894,test,texture,0,1,0.10163,0.746466
895,test,colour,1,1,0.040947,0.91046
895,test,packing,0,0,0.126681,0.129651
895,test,price,0,0,0.13765,0.156704
895,test,shipping,0,0,0.150494,0.159808
895,test,smell,0,0,0.129595,0.103121
895,test,stayingpower,0,0,0.166762,0.210519
895,test,texture,0,0,0.185159,0.295176
896,test,colour,1,1,0.250011,0.711354
896,test,packing,0,0,0.13679,0.135781
896,test,price,0,0,0.139553,0.149159
896,test,shipping,0,0,0.097933,0.168726
896,test,smell,0,0,0.156367,0.12576
896,test,stayingpower,0,0,0.145072,0.135244
896,test,texture,0,0,0.319814,0.175746
897,test,colour,0,1,0.102423,0.808874
897,test,packing,0,0,0.130744,0.210369
897,test,price,0,0,0.14294,0.152697
897,test,shipping,1,1,0.042228,0.903782
897,test,smell,0,0,0.162433,0.185692
897,test,stayingpower,0,0,0.153251,0.181485
897,test,texture,0,0,0.184542,0.206599
898,test,colour,3,1,0.303045,0.498013
898,test,packing,0,0,0.123758,0.205734
898,test,price,0,0,0.129429,0.110541
898,test,shipping,1,1,0.032451,0.909147
898,test,smell,0,0,0.18271,0.230083
898,test,stayingpower,0,0,0.114364,0.131797
898,test,texture,0,0,0.132964,0.156848
899,test,colour,0,1,0.175982,0.421333
899,test,packing,0,1,0.296173,0.453904
899,test,price,0,0,0.221863,0.295502
899,test,shipping,0,0,0.172743,0.297601
899,test,smell,1,1,0.134539,0.634313
899,test,stayingpower,2,2,0.941837,0.036854
899,test,texture,1,1,0.20438,0.62514
900,test,colour,0,1,0.141654,0.459841
900,test,packing,0,0,0.129553,0.15989
900,test,price,0,0,0.148858,0.214388
900,test,shipping,0,0,0.145109,0.114207
900,test,smell,0,0,0.125192,0.198938
900,test,stayingpower,1,1,0.184135,0.716815
900,test,texture,1,1,0.051215,0.886776
901,test,colour,0,0,0.16618,0.139867
901,test,packing,0,0,0.125149,0.090396
901,test,price,0,0,0.1287,0.13372
901,test,shipping,0,0,0.161409,0.112174
901,test,smell,0,0,0.228689,0.178536
901,test,stayingpower,0,0,0.092663,0.112865
901,test,texture,0,0,0.249021,0.161136
902,test,colour,1,1,0.077528,0.823624
902,test,packing,0,0,0.151671,0.16875
902,test,price,1,1,0.066917,0.875906
902,test,shipping,1,1,0.101353,0.754628
902,test,smell,0,0,0.17894,0.194648
902,test,stayingpower,0,0,0.14973,0.14698
902,test,texture,0,0,0.241858,0.196885
903,test,colour,1,1,0.15409,0.611236
903,test,packing,0,0,0.188045,0.20926
903,test,price,0,0,0.171276,0.173867
903,test,shipping,0,0,0.184738,0.136948
903,test,smell,1,1,0.102662,0.758972
903,test,stayingpower,1,1,0.143402,0.738971
903,test,texture,1,1,0.038484,0.922998
904,test,colour,2,2,0.905727,0.035794
904,test,packing,0,0,0.222532,0.188614
904,test,price,1,1,0.172673,0.664906
904,test,shipping,0,0,0.229998,0.218754
904,test,smell,0,2,0.440174,0.186544
904,test,stayingpower,0,0,0.40414,0.185167
904,test,texture,2,2,0.848232,0.058359
905,test,colour,1,1,0.060271,0.879435
905,test,packing,0,0,0.115018,0.110135
905,test,price,0,0,0.150085,0.204507
905,test,shipping,0,0,0.158134,0.138299
905,test,smell,0,0,0.193916,0.275588
905,test,stayingpower,0,1,0.262342,0.577485
905,test,texture,1,1,0.348168,0.600408
906,test,colour,0,0,0.198312,0.214064
906,test,packing,0,0,0.213494,0.20394
906,test,price,0,0,0.172057,0.233568
906,test,shipping,0,0,0.17384,0.148535
906,test,smell,1,1,0.06936,0.86755
906,test,stayingpower,1,1,0.156501,0.58402
906,test,texture,1,1,0.045481,0.900533
907,test,colour,1,1,0.155512,0.631743
907,test,packing,0,0,0.204278,0.227565
907,test,price,0,0,0.190456,0.251084
907,test,shipping,0,0,0.174892,0.200778
907,test,smell,0,0,0.141199,0.211982
907,test,stayingpower,2,2,0.956846,0.029961
907,test,texture,1,1,0.283031,0.517607
908,test,colour,1,1,0.048253,0.910771
908,test,packing,0,0,0.142643,0.248087
908,test,price,0,0,0.161059,0.187912
908,test,shipping,1,1,0.081498,0.835533
908,test,smell,0,0,0.171787,0.323691
908,test,stayingpower,0,1,0.173675,0.487259
908,test,texture,1,1,0.127327,0.692927
909,test,colour,1,1,0.068492,0.830254
909,test,packing,0,0,0.126889,0.141528
909,test,price,0,0,0.145301,0.174381
909,test,shipping,0,0,0.163067,0.123682
909,test,smell,0,0,0.132709,0.226252
909,test,stayingpower,1,1,0.174809,0.693963
909,test,texture,3,1,0.07206,0.851483
910,test,colour,1,1,0.044133,0.895975
910,test,packing,0,0,0.136491,0.132491
910,test,price,1,1,0.113487,0.722245
910,test,shipping,0,0,0.13328,0.15334
910,test,smell,0,0,0.133816,0.105829
910,test,stayingpower,0,0,0.155352,0.175416
910,test,texture,0,0,0.220519,0.248363
911,test,colour,0,0,0.128769,0.264593
911,test,packing,0,0,0.138355,0.318549
911,test,price,0,0,0.100213,0.112475
911,test,shipping,0,0,0.091668,0.10535
911,test,smell,0,0,0.096866,0.109688
911,test,stayingpower,0,0,0.128465,0.135724
911,test,texture,0,0,0.108771,0.191986
912,test,colour,0,0,0.142849,0.167602
912,test,packing,0,0,0.121414,0.119806
912,test,price,0,0,0.120342,0.153236
912,test,shipping,0,0,0.123287,0.146796
912,test,smell,0,0,0.10962,0.094117
912,test,stayingpower,0,0,0.135252,0.098947
912,test,texture,0,0,0.119714,0.129097
913,test,colour,1,1,0.185281,0.587992
913,test,packing,0,0,0.208997,0.251857
913,test,price,0,0,0.209119,0.289102
913,test,shipping,0,0,0.209691,0.211799
913,test,smell,3,2,0.396732,0.340283
913,test,stayingpower,2,2,0.945055,0.041337
913,test,texture,1,1,0.167246,0.691789
914,test,colour,1,1,0.069683,0.821726
914,test,packing,0,0,0.159012,0.137073
914,test,price,0,0,0.201942,0.286769
914,test,shipping,0,0,0.220276,0.154427
914,test,smell,0,0,0.317057,0.182284
914,test,stayingpower,3,2,0.396299,0.342704
914,test,texture,2,2,0.919387,0.055013
915,test,colour,0,0,0.216619,0.222339
915,test,packing,0,0,0.187836,0.270569
915,test,price,0,0,0.159763,0.185409
915,test,shipping,2,2,0.903069,0.081658
915,test,smell,0,0,0.170942,0.170951
915,test,stayingpower,0,0,0.155318,0.200127
915,test,texture,0,0,0.136056,0.193753
916,test,colour,1,1,0.072987,0.840333
916,test,packing,0,0,0.130884,0.193237
916,test,price,0,0,0.150654,0.24012
916,test,shipping,1,1,0.072044,0.835428
916,test,smell,0,0,0.149968,0.354203
916,test,stayingpower,0,1,0.165951,0.549553
916,test,texture,1,1,0.09017,0.792081
917,test,colour,1,1,0.084334,0.790261
917,test,packing,0,0,0.185529,0.156552
917,test,price,1,1,0.140147,0.720536
917,test,shipping,0,0,0.285553,0.234588
917,test,smell,2,2,0.902487,0.05441
917,test,stayingpower,0,0,0.190432,0.225942
917,test,texture,0,2,0.52154,0.228317
918,test,colour,1,1,0.128738,0.710343
918,test,packing,1,1,0.248127,0.567778
918,test,price,0,0,0.235902,0.231006
918,test,shipping,0,0,0.212149,0.290555
918,test,smell,0,0,0.239366,0.154675
918,test,stayingpower,0,2,0.503692,0.181245
918,test,texture,0,2,0.917354,0.031494
919,test,colour,1,1,0.067362,0.864453
919,test,packing,0,0,0.23817,0.174959
919,test,price,0,0,0.217945,0.20282
919,test,shipping,0,0,0.173503,0.174885
919,test,smell,1,1,0.167091,0.717012
919,test,stayingpower,0,1,0.34403,0.468075
919,test,texture,2,2,0.700825,0.25849
920,test,colour,1,1,0.095491,0.816286
920,test,packing,0,0,0.279003,0.281621
920,test,price,0,0,0.198705,0.235973
920,test,shipping,2,2,0.929393,0.039059
920,test,smell,1,1,0.141095,0.768954
920,test,stayingpower,0,0,0.127396,0.292705
920,test,texture,0,1,0.176595,0.507784
921,test,colour,0,0,0.158746,0.328138
921,test,packing,0,0,0.130402,0.214458
921,test,price,0,0,0.129102,0.221438
921,test,shipping,1,1,0.040054,0.903387
921,test,smell,0,0,0.143727,0.398293
921,test,stayingpower,0,0,0.145401,0.358329
921,test,texture,1,1,0.092403,0.649642
922,test,colour,1,1,0.035365,0.926151
922,test,packing,0,0,0.131811,0.133294
922,test,price,0,0,0.143653,0.168576
922,test,shipping,0,0,0.159563,0.186241
922,test,smell,0,0,0.148808,0.134058
922,test,stayingpower,0,0,0.162376,0.18636
922,test,texture,0,0,0.20173,0.260267
923,test,colour,1,1,0.034216,0.921223
923,test,packing,0,0,0.150136,0.156771
923,test,price,1,1,0.100807,0.78713
923,test,shipping,0,0,0.185868,0.223083
923,test,smell,0,0,0.176397,0.13633
923,test,stayingpower,0,0,0.164277,0.171622
923,test,texture,0,0,0.262993,0.230216
924,test,colour,1,1,0.088356,0.84571
924,test,packing,0,0,0.204519,0.159311
924,test,price,1,1,0.118767,0.766917
924,test,shipping,0,0,0.173742,0.198192
924,test,smell,1,1,0.10495,0.823507
924,test,stayingpower,0,1,0.162529,0.445528
924,test,texture,1,1,0.089191,0.827762
925,test,colour,1,1,0.077048,0.80097
925,test,packing,0,0,0.13315,0.169268
925,test,price,0,0,0.158257,0.195788
925,test,shipping,0,0,0.182738,0.130557
925,test,smell,0,0,0.139698,0.207152
925,test,stayingpower,1,1,0.183317,0.72343
925,test,texture,1,1,0.061544,0.87434
926,test,colour,2,2,0.93895,0.031421
926,test,packing,0,0,0.237571,0.266152
926,test,price,0,0,0.194428,0.203969
926,test,shipping,0,0,0.177391,0.300367
926,test,smell,1,1,0.125659,0.791799
926,test,stayingpower,0,0,0.186767,0.207197
926,test,texture,0,1,0.140871,0.452249
927,test,colour,1,1,0.039973,0.908716
927,test,packing,0,0,0.133077,0.147269
927,test,price,0,0,0.142788,0.171663
927,test,shipping,0,0,0.174352,0.17501
927,test,smell,0,0,0.130955,0.099851
927,test,stayingpower,0,0,0.152078,0.170197
927,test,texture,0,0,0.182988,0.222804
928,test,colour,1,1,0.090663,0.755523
928,test,packing,0,0,0.139373,0.216404
928,test,price,0,0,0.152953,0.183103
928,test,shipping,0,0,0.193133,0.120909
928,test,smell,0,0,0.131104,0.190175
928,test,stayingpower,1,1,0.18896,0.728908
928,test,texture,1,1,0.060634,0.875304
929,test,colour,0,0,0.179182,0.179244
929,test,packing,1,1,0.055307,0.914545
929,test,price,0,0,0.148274,0.205781
929,test,shipping,0,0,0.189055,0.227481
929,test,smell,0,0,0.134929,0.131253
929,test,stayingpower,0,0,0.177919,0.148601
929,test,texture,0,0,0.148649,0.167036
930,test,colour,1,1,0.091538,0.82901
930,test,packing,1,1,0.070709,0.873449
930,test,price,0,0,0.193635,0.189974
930,test,shipping,1,1,0.093984,0.833606
930,test,smell,0,0,0.202402,0.190955
930,test,stayingpower,0,0,0.210396,0.23932
930,test,texture,0,0,0.210658,0.22609
931,test,colour,0,0,0.146149,0.164236
931,test,packing,0,0,0.124822,0.120911
931,test,price,0,0,0.118988,0.137554
931,test,shipping,0,0,0.107528,0.118033
931,test,smell,0,0,0.113855,0.109802
931,test,stayingpower,0,0,0.137982,0.105645
931,test,texture,0,0,0.126824,0.149459
932,test,colour,0,0,0.170239,0.336038
932,test,packing,1,1,0.187768,0.683942
932,test,price,0,0,0.178621,0.187422
932,test,shipping,2,2,0.963873,0.019559
932,test,smell,0,0,0.201229,0.283187
932,test,stayingpower,1,1,0.247663,0.528674
932,test,texture,1,1,0.127022,0.631995
933,test,colour,1,1,0.046658,0.916033
933,test,packing,0,0,0.142641,0.123741
933,test,price,0,0,0.138888,0.153034
933,test,shipping,0,0,0.137844,0.17162
933,test,smell,0,0,0.121483,0.126628
933,test,stayingpower,0,0,0.189921,0.205957
933,test,texture,0,0,0.347146,0.264927
934,test,colour,0,0,0.141951,0.16128
934,test,packing,0,0,0.125419,0.124559
934,test,price,0,0,0.126225,0.162779
934,test,shipping,0,0,0.10973,0.112162
934,test,smell,0,0,0.108164,0.098073
934,test,stayingpower,0,0,0.136468,0.105555
934,test,texture,0,0,0.122399,0.139338
935,test,colour,0,0,0.153329,0.30388
935,test,packing,0,0,0.137621,0.192391
935,test,price,0,0,0.144142,0.209096
935,test,shipping,0,0,0.179064,0.10487
935,test,smell,0,0,0.123408,0.171024
935,test,stayingpower,1,1,0.185092,0.724833
935,test,texture,1,1,0.060938,0.857852
936,test,colour,1,1,0.054355,0.912756
936,test,packing,0,0,0.117421,0.118817
936,test,price,0,0,0.138829,0.175198
936,test,shipping,0,0,0.131945,0.162951
936,test,smell,0,0,0.123558,0.10622
936,test,stayingpower,0,0,0.193179,0.226531
936,test,texture,0,0,0.224078,0.325679
937,test,colour,1,1,0.040199,0.915431
937,test,packing,0,0,0.132343,0.140491
937,test,price,0,0,0.143377,0.171096
937,test,shipping,0,0,0.158982,0.176498
937,test,smell,0,0,0.137983,0.105658
937,test,stayingpower,0,0,0.160849,0.178973
937,test,texture,0,0,0.19253,0.244314
938,test,colour,0,0,0.165172,0.324438
938,test,packing,0,0,0.125456,0.42299
938,test,price,0,0,0.118088,0.180501
938,test,shipping,1,1,0.042246,0.893567
938,test,smell,0,0,0.133187,0.334898
938,test,stayingpower,0,1,0.146801,0.440153
938,test,texture,1,1,0.084753,0.696215
939,test,colour,0,0,0.184104,0.318067
939,test,packing,1,1,0.204333,0.701111
939,test,price,0,0,0.198023,0.198102
939,test,shipping,0,0,0.215046,0.193019
939,test,smell,1,1,0.069434,0.861879
939,test,stayingpower,3,1,0.331549,0.536531
939,test,texture,1,1,0.075411,0.860606
940,test,colour,0,0,0.208272,0.214168
940,test,packing,0,0,0.193033,0.226457
940,test,price,0,0,0.169189,0.186107
940,test,shipping,2,2,0.953031,0.022778
940,test,smell,0,0,0.181488,0.161712
940,test,stayingpower,0,0,0.14293,0.209141
940,test,texture,0,0,0.144514,0.206001
941,test,colour,0,0,0.15968,0.366082
941,test,packing,0,0,0.268017,0.184491
941,test,price,0,0,0.195604,0.267608
941,test,shipping,0,0,0.158806,0.1627
941,test,smell,1,1,0.122334,0.771052
941,test,stayingpower,2,2,0.745898,0.190936
941,test,texture,1,1,0.087294,0.839048
942,test,colour,1,1,0.082297,0.831419
942,test,packing,0,0,0.192011,0.15223
942,test,price,0,0,0.162165,0.205454
942,test,shipping,0,0,0.155636,0.214264
942,test,smell,1,1,0.077053,0.869543
942,test,stayingpower,0,0,0.091838,0.16109
942,test,texture,0,1,0.141457,0.514022
943,test,colour,0,0,0.17457,0.294739
943,test,packing,0,0,0.130511,0.270305
943,test,price,0,0,0.123505,0.220558
943,test,shipping,1,1,0.093994,0.8087
943,test,smell,1,0,0.122881,0.184964
943,test,stayingpower,3,1,0.170528,0.668145
943,test,texture,3,1,0.088846,0.78072
944,test,colour,0,0,0.163344,0.329532
944,test,packing,0,0,0.127637,0.193598
944,test,price,0,0,0.124367,0.189925
944,test,shipping,1,1,0.063007,0.848594
944,test,smell,0,0,0.143305,0.337022
944,test,stayingpower,0,1,0.150995,0.463873
944,test,texture,1,1,0.073091,0.761476
945,test,colour,1,1,0.042373,0.930338
945,test,packing,0,0,0.140104,0.255003
945,test,price,0,0,0.166361,0.196621
945,test,shipping,1,1,0.115023,0.771635
945,test,smell,0,0,0.159502,0.179679
945,test,stayingpower,1,1,0.22177,0.519955
945,test,texture,0,1,0.141783,0.636836
946,test,colour,0,0,0.184466,0.118165
946,test,packing,0,0,0.126845,0.137177
946,test,price,0,0,0.127595,0.151679
946,test,shipping,0,0,0.138806,0.126476
946,test,smell,0,0,0.105866,0.090542
946,test,stayingpower,0,0,0.133004,0.112443
946,test,texture,0,0,0.122674,0.125406
947,test,colour,0,0,0.150969,0.282184
947,test,packing,0,0,0.145863,0.15447
947,test,price,1,1,0.038574,0.937966
947,test,shipping,0,0,0.131971,0.187419
947,test,smell,0,0,0.13646,0.137434
947,test,stayingpower,0,0,0.148272,0.149138
947,test,texture,0,0,0.190456,0.206464
948,test,colour,0,0,0.193967,0.241357
948,test,packing,0,0,0.192172,0.152111
948,test,price,0,0,0.160996,0.249098
948,test,shipping,0,0,0.143191,0.17608
948,test,smell,1,1,0.059082,0.894065
948,test,stayingpower,0,1,0.143493,0.445855
948,test,texture,1,1,0.058164,0.871613
949,test,colour,1,1,0.145317,0.694479
949,test,packing,0,0,0.275306,0.174311
949,test,price,1,1,0.148243,0.724096
949,test,shipping,2,2,0.865996,0.066727
949,test,smell,2,2,0.846331,0.098657
949,test,stayingpower,0,0,0.218258,0.274496
949,test,texture,0,2,0.652267,0.203029
950,test,colour,0,0,0.211793,0.217128
950,test,packing,1,1,0.063623,0.887823
950,test,price,0,0,0.169619,0.190338
950,test,shipping,1,1,0.048582,0.895116
950,test,smell,0,0,0.180669,0.198205
950,test,stayingpower,0,0,0.181878,0.174856
950,test,texture,0,0,0.155545,0.16847
951,test,colour,1,1,0.17478,0.789035
951,test,packing,0,0,0.17854,0.171096
951,test,price,0,0,0.156076,0.164162
951,test,shipping,0,0,0.123089,0.259498
951,test,smell,1,1,0.086674,0.833715
951,test,stayingpower,0,0,0.126869,0.197165
951,test,texture,0,1,0.150074,0.518071
952,test,colour,3,1,0.216803,0.583572
952,test,packing,0,1,0.067426,0.881302
952,test,price,0,0,0.147298,0.15215
952,test,shipping,0,0,0.187688,0.227461
952,test,smell,0,0,0.139315,0.119006
952,test,stayingpower,0,0,0.163809,0.14489
952,test,texture,0,0,0.139889,0.149
953,test,colour,0,0,0.170212,0.207781
953,test,packing,0,0,0.13589,0.113116
953,test,price,1,1,0.056803,0.881614
953,test,shipping,0,0,0.135809,0.148004
953,test,smell,0,0,0.15612,0.278168
953,test,stayingpower,0,1,0.190845,0.509261
953,test,texture,1,1,0.089745,0.814251
954,test,colour,0,0,0.210761,0.194039
954,test,packing,0,0,0.229765,0.245663
954,test,price,0,0,0.187681,0.201449
954,test,shipping,2,2,0.961994,0.018075
954,test,smell,0,0,0.205573,0.165031
954,test,stayingpower,0,0,0.154851,0.222387
954,test,texture,0,0,0.16682,0.202133
955,test,colour,0,0,0.174751,0.146716
955,test,packing,1,1,0.091403,0.843133
955,test,price,1,1,0.074971,0.861489
955,test,shipping,0,0,0.185815,0.23651
955,test,smell,0,0,0.142234,0.152137
955,test,stayingpower,0,0,0.179019,0.167556
955,test,texture,0,0,0.174729,0.199913
956,test,colour,0,0,0.131337,0.255396
956,test,packing,0,0,0.118776,0.125263
956,test,price,0,0,0.116028,0.14714
956,test,shipping,0,0,0.105412,0.128289
956,test,smell,0,0,0.107307,0.12145
956,test,stayingpower,0,0,0.114764,0.099689
956,test,texture,0,0,0.114168,0.156548
957,test,colour,1,1,0.040625,0.90054
957,test,packing,0,0,0.14703,0.160578
957,test,price,1,1,0.084154,0.83346
957,test,shipping,0,0,0.157745,0.204074
957,test,smell,0,0,0.159715,0.125322
957,test,stayingpower,0,0,0.176205,0.192766
957,test,texture,0,0,0.251963,0.25551
958,test,colour,1,1,0.131319,0.730404
958,test,packing,0,0,0.160353,0.126959
958,test,price,0,0,0.192318,0.238734
958,test,shipping,0,0,0.168727,0.179353
958,test,smell,0,0,0.305267,0.117424
958,test,stayingpower,0,2,0.429268,0.21052
958,test,texture,2,2,0.934588,0.030153
959,test,colour,1,1,0.088629,0.775195
959,test,packing,1,1,0.133432,0.724136
959,test,price,1,1,0.085093,0.847143
959,test,shipping,0,0,0.206032,0.243236
959,test,smell,0,0,0.142918,0.144273
959,test,stayingpower,3,2,0.50644,0.333212
959,test,texture,0,1,0.170735,0.600336
960,test,colour,1,1,0.066189,0.877864
960,test,packing,0,0,0.142934,0.240329
960,test,price,0,0,0.155559,0.168532
960,test,shipping,1,1,0.060272,0.874157
960,test,smell,0,0,0.167477,0.169035
960,test,stayingpower,0,0,0.164286,0.186571
960,test,texture,0,0,0.185627,0.209163
961,test,colour,0,1,0.26023,0.500793
961,test,packing,0,0,0.298308,0.271409
961,test,price,0,1,0.131465,0.760089
961,test,shipping,2,2,0.924988,0.03641
961,test,smell,0,0,0.300569,0.186384
961,test,stayingpower,2,2,0.831272,0.100498
961,test,texture,0,1,0.358164,0.383581
962,test,colour,0,0,0.214123,0.200073
962,test,packing,1,1,0.16498,0.755678
962,test,price,0,0,0.183083,0.184498
962,test,shipping,0,0,0.16829,0.327572
962,test,smell,1,1,0.062735,0.900782
962,test,stayingpower,0,0,0.104106,0.143767
962,test,texture,0,0,0.137656,0.368136
963,test,colour,0,0,0.209106,0.276838
963,test,packing,1,1,0.057853,0.8999
963,test,price,0,0,0.165226,0.184768
963,test,shipping,1,1,0.051662,0.890173
963,test,smell,0,0,0.160194,0.164251
963,test,stayingpower,0,0,0.200084,0.213202
963,test,texture,0,0,0.170494,0.202442
964,test,colour,0,0,0.179564,0.144803
964,test,packing,0,0,0.132584,0.130853
964,test,price,0,0,0.118447,0.158759
964,test,shipping,0,0,0.122652,0.117853
964,test,smell,0,0,0.119717,0.098292
964,test,stayingpower,0,0,0.153212,0.105613
964,test,texture,0,0,0.12321,0.138222
965,test,colour,2,2,0.878643,0.061267
965,test,packing,0,0,0.198295,0.312133
965,test,price,0,0,0.195453,0.225759
965,test,shipping,0,0,0.223622,0.264502
965,test,smell,0,0,0.197221,0.232648
965,test,stayingpower,2,2,0.890178,0.064937
965,test,texture,0,1,0.194918,0.5178
966,test,colour,0,0,0.205086,0.188093
966,test,packing,0,0,0.128924,0.214277
966,test,price,0,0,0.140692,0.156507
966,test,shipping,1,1,0.04352,0.892325
966,test,smell,0,0,0.144043,0.142447
966,test,stayingpower,0,0,0.1536,0.130124
966,test,texture,0,0,0.130559,0.141547
967,test,colour,1,1,0.032732,0.93829
967,test,packing,0,0,0.133462,0.174758
967,test,price,0,0,0.147817,0.160688
967,test,shipping,0,0,0.167683,0.165039
967,test,smell,0,0,0.141713,0.117712
967,test,stayingpower,1,1,0.200504,0.412012
967,test,texture,0,1,0.16361,0.511217
968,test,colour,0,0,0.228005,0.22294
968,test,packing,1,1,0.068788,0.878105
968,test,price,0,0,0.17284,0.186413
968,test,shipping,1,1,0.049536,0.899192
968,test,smell,0,0,0.176591,0.159832
968,test,stayingpower,0,0,0.187433,0.172637
968,test,texture,0,0,0.15905,0.147084
969,test,colour,0,0,0.210119,0.209816
969,test,packing,0,0,0.244221,0.222193
969,test,price,1,1,0.098109,0.821898
969,test,shipping,2,2,0.947945,0.028876
969,test,smell,0,0,0.228988,0.192054
969,test,stayingpower,0,0,0.168988,0.223641
969,test,texture,0,0,0.207919,0.246906
970,test,colour,1,1,0.083548,0.838559
970,test,packing,1,1,0.076067,0.86256
970,test,price,0,0,0.188986,0.190195
970,test,shipping,1,1,0.093735,0.836888
970,test,smell,0,0,0.197637,0.176972
970,test,stayingpower,0,0,0.211691,0.248249
970,test,texture,0,0,0.209532,0.235263
971,test,colour,0,0,0.212743,0.27104
971,test,packing,1,1,0.053543,0.909464
971,test,price,0,0,0.173826,0.204942
971,test,shipping,1,1,0.065829,0.869263
971,test,smell,0,0,0.175808,0.161942
971,test,stayingpower,0,0,0.190225,0.175453
971,test,texture,0,0,0.166875,0.155336
972,test,colour,1,1,0.028743,0.928168
972,test,packing,0,0,0.153457,0.140202
972,test,price,0,0,0.15066,0.392674
972,test,shipping,0,0,0.130403,0.158575
972,test,smell,0,0,0.100232,0.190969
972,test,stayingpower,1,1,0.360489,0.41913
972,test,texture,3,2,0.481502,0.422857
973,test,colour,1,1,0.115506,0.803267
973,test,packing,1,1,0.139207,0.772999
973,test,price,0,0,0.216758,0.181702
973,test,shipping,1,1,0.082182,0.853605
973,test,smell,1,1,0.124098,0.798129
973,test,stayingpower,0,0,0.133216,0.226487
973,test,texture,0,0,0.183226,0.357289
974,test,colour,1,1,0.123321,0.762701
974,test,packing,0,0,0.190862,0.181366
974,test,price,1,1,0.141371,0.715605
974,test,shipping,0,0,0.271457,0.241181
974,test,smell,2,2,0.908699,0.048257
974,test,stayingpower,0,0,0.178631,0.216501
974,test,texture,0,2,0.408358,0.252374
975,test,colour,0,0,0.2099,0.191933
975,test,packing,0,0,0.129232,0.210842
975,test,price,0,0,0.147708,0.179919
975,test,shipping,1,1,0.039695,0.909083
975,test,smell,0,0,0.149227,0.145459
975,test,stayingpower,0,0,0.157362,0.137326
975,test,texture,0,0,0.137677,0.137405
976,test,colour,1,1,0.371288,0.458934
976,test,packing,0,2,0.376155,0.292779
976,test,price,1,1,0.182276,0.667742
976,test,shipping,2,2,0.906325,0.04708
976,test,smell,1,1,0.28747,0.494298
976,test,stayingpower,2,2,0.858098,0.07456
976,test,texture,0,2,0.52763,0.310224
977,test,colour,2,2,0.824339,0.127302
977,test,packing,0,0,0.163614,0.140596
977,test,price,0,0,0.187932,0.176539
977,test,shipping,0,0,0.177121,0.208451
977,test,smell,0,0,0.36619,0.145658
977,test,stayingpower,0,0,0.328581,0.195709
977,test,texture,2,2,0.861182,0.049658
978,test,colour,0,0,0.137082,0.323117
978,test,packing,0,0,0.141818,0.133441
978,test,price,1,1,0.035821,0.942766
978,test,shipping,0,0,0.116391,0.163475
978,test,smell,0,0,0.130192,0.19527
978,test,stayingpower,0,0,0.156394,0.202239
978,test,texture,0,0,0.180308,0.373543
979,test,colour,1,1,0.095273,0.783514
979,test,packing,0,0,0.155917,0.178264
979,test,price,0,0,0.188844,0.253785
979,test,shipping,0,0,0.237146,0.198751
979,test,smell,2,2,0.814201,0.132024
979,test,stayingpower,0,1,0.240274,0.535148
979,test,texture,1,1,0.113856,0.780061
980,test,colour,0,0,0.16014,0.116203
980,test,packing,0,0,0.127561,0.11717
980,test,price,0,0,0.126614,0.131304
980,test,shipping,0,0,0.134491,0.116742
980,test,smell,0,0,0.117089,0.09696
980,test,stayingpower,0,0,0.148441,0.121376
980,test,texture,0,0,0.136139,0.142731
981,test,colour,0,0,0.149542,0.150454
981,test,packing,0,0,0.125379,0.153077
981,test,price,0,0,0.123206,0.143283
981,test,shipping,0,0,0.108885,0.120666
981,test,smell,0,0,0.116695,0.111993
981,test,stayingpower,0,0,0.124994,0.10319
981,test,texture,0,0,0.121141,0.13513
982,test,colour,0,0,0.219182,0.257704
982,test,packing,1,1,0.068205,0.871976
982,test,price,0,0,0.171951,0.188962
982,test,shipping,1,1,0.049656,0.9035
982,test,smell,0,0,0.177267,0.160413
982,test,stayingpower,0,0,0.184699,0.168137
982,test,texture,0,0,0.156941,0.145429
983,test,colour,1,2,0.50199,0.460083
983,test,packing,0,0,0.243718,0.271181
983,test,price,1,1,0.167008,0.606247
983,test,shipping,1,1,0.088567,0.816331
983,test,smell,1,1,0.102895,0.850479
983,test,stayingpower,0,0,0.185163,0.230879
983,test,texture,0,1,0.209193,0.495467
984,test,colour,0,0,0.163148,0.297762
984,test,packing,1,1,0.07313,0.860643
984,test,price,0,1,0.087951,0.791631
984,test,shipping,1,1,0.087719,0.802895
984,test,smell,0,0,0.123826,0.34524
984,test,stayingpower,0,1,0.2097,0.397002
984,test,texture,1,1,0.113206,0.641223
985,test,colour,0,0,0.194356,0.182145
985,test,packing,0,0,0.122653,0.159425
985,test,price,0,0,0.136401,0.157889
985,test,shipping,1,1,0.051473,0.857282
985,test,smell,0,0,0.142646,0.13501
985,test,stayingpower,0,0,0.145991,0.126062
985,test,texture,0,0,0.131883,0.128642
986,test,colour,0,0,0.159408,0.126143
986,test,packing,0,0,0.129959,0.13004
986,test,price,0,0,0.128064,0.144776
986,test,shipping,0,0,0.124747,0.120842
986,test,smell,0,0,0.112871,0.088898
986,test,stayingpower,0,0,0.139439,0.114121
986,test,texture,0,0,0.12514,0.130228
987,test,colour,0,1,0.173626,0.665009
987,test,packing,0,0,0.11253,0.114412
987,test,price,0,0,0.122397,0.139988
987,test,shipping,0,0,0.111336,0.112836
987,test,smell,0,0,0.135588,0.351502
987,test,stayingpower,0,1,0.139902,0.550614
987,test,texture,1,1,0.052505,0.863159
988,test,colour,1,1,0.108675,0.672986
988,test,packing,0,0,0.17636,0.144883
988,test,price,1,1,0.124612,0.752125
988,test,shipping,0,0,0.171248,0.170647
988,test,smell,0,0,0.284152,0.253719
988,test,stayingpower,1,2,0.557141,0.304339
988,test,texture,2,2,0.880401,0.097233
989,test,colour,0,0,0.19993,0.382775
989,test,packing,0,0,0.249631,0.27452
989,test,price,0,0,0.221193,0.316653
989,test,shipping,0,0,0.238804,0.247806
989,test,smell,0,0,0.193778,0.210355
989,test,stayingpower,2,2,0.968694,0.020028
989,test,texture,0,1,0.287269,0.443317
990,test,colour,0,0,0.151803,0.235575
990,test,packing,0,0,0.126412,0.128604
990,test,price,0,0,0.130241,0.228772
990,test,shipping,0,0,0.111232,0.104975
990,test,smell,0,0,0.123223,0.299619
990,test,stayingpower,0,1,0.15496,0.56835
990,test,texture,1,1,0.053635,0.861854
991,test,colour,0,0,0.162821,0.117948
991,test,packing,0,0,0.130778,0.119438
991,test,price,0,0,0.129536,0.149481
991,test,shipping,0,0,0.126806,0.10465
991,test,smell,0,0,0.115122,0.091565
991,test,stayingpower,0,0,0.146654,0.122214
991,test,texture,0,0,0.13368,0.137308
992,test,colour,1,1,0.115524,0.714181
992,test,packing,0,0,0.143081,0.15391
992,test,price,0,0,0.156224,0.203494
992,test,shipping,0,0,0.129326,0.156027
992,test,smell,0,0,0.095368,0.122476
992,test,stayingpower,0,2,0.875027,0.095309
992,test,texture,3,1,0.37659,0.494893
993,test,colour,0,0,0.15315,0.335194
993,test,packing,0,0,0.125908,0.168965
993,test,price,0,0,0.141097,0.197136
993,test,shipping,0,0,0.172744,0.104474
993,test,smell,0,0,0.114269,0.142145
993,test,stayingpower,1,1,0.199098,0.711228
993,test,texture,3,1,0.067202,0.843036
994,test,colour,0,0,0.18438,0.148452
994,test,packing,0,0,0.12603,0.129925
994,test,price,0,0,0.117883,0.137983
994,test,shipping,0,0,0.128125,0.121312
994,test,smell,0,0,0.115196,0.094085
994,test,stayingpower,0,0,0.148573,0.108814
994,test,texture,0,0,0.120947,0.139028
995,test,colour,0,0,0.259284,0.211399
995,test,packing,0,0,0.194186,0.153343
995,test,price,0,0,0.162384,0.222112
995,test,shipping,0,0,0.163057,0.141342
995,test,smell,3,1,0.106408,0.82861
995,test,stayingpower,3,1,0.227055,0.558375
995,test,texture,1,1,0.047141,0.90115
996,test,colour,0,0,0.166578,0.152418
996,test,packing,1,1,0.062208,0.900217
996,test,price,0,0,0.143344,0.204816
996,test,shipping,0,0,0.180788,0.200214
996,test,smell,0,0,0.130536,0.137444
996,test,stayingpower,0,0,0.170207,0.140142
996,test,texture,0,0,0.144566,0.165683
997,test,colour,0,0,0.217879,0.223725
997,test,packing,0,0,0.144183,0.228841
997,test,price,0,0,0.14361,0.208388
997,test,shipping,1,1,0.056179,0.910515
997,test,smell,0,0,0.139366,0.142109
997,test,stayingpower,0,0,0.160496,0.138252
997,test,texture,0,0,0.132785,0.14119
998,test,colour,1,1,0.162598,0.582185
998,test,packing,0,0,0.200159,0.246006
998,test,price,0,0,0.191628,0.293768
998,test,shipping,0,0,0.192161,0.211008
998,test,smell,0,0,0.151388,0.220091
998,test,stayingpower,2,2,0.942509,0.043897
998,test,texture,1,1,0.128074,0.681621
999,test,colour,1,1,0.106809,0.744648
999,test,packing,0,0,0.157504,0.258075
999,test,price,1,1,0.059485,0.887898
999,test,shipping,1,1,0.118132,0.775348
999,test,smell,0,0,0.172081,0.207061
999,test,stayingpower,3,1,0.344499,0.491772
999,test,texture,3,1,0.180761,0.676128
1000,test,colour,0,1,0.206763,0.439103
1000,test,packing,1,1,0.334634,0.386276
1000,test,price,1,1,0.113687,0.799561
1000,test,shipping,1,1,0.224078,0.57073
1000,test,smell,0,0,0.242744,0.23228
1000,test,stayingpower,2,2,0.883363,0.052014
1000,test,texture,2,2,0.846429,0.075029
1001,test,colour,1,1,0.034487,0.92748
1001,test,packing,0,0,0.133499,0.143341
1001,test,price,0,0,0.14595,0.171383
1001,test,shipping,0,0,0.161122,0.192741
1001,test,smell,0,0,0.146368,0.124865
1001,test,stayingpower,0,0,0.166969,0.191558
1001,test,texture,0,0,0.190385,0.275776
1002,test,colour,0,0,0.180012,0.175762
1002,test,packing,1,1,0.055076,0.915293
1002,test,price,0,0,0.147622,0.199826
1002,test,shipping,0,0,0.189148,0.231349
1002,test,smell,0,0,0.135723,0.132153
1002,test,stayingpower,0,0,0.1779,0.151057
1002,test,texture,0,0,0.147401,0.169683
1003,test,colour,0,0,0.165141,0.184161
1003,test,packing,1,1,0.06313,0.893961
1003,test,price,0,0,0.139238,0.189492
1003,test,shipping,0,0,0.160049,0.189346
1003,test,smell,0,0,0.123342,0.121973
1003,test,stayingpower,0,0,0.167051,0.148666
1003,test,texture,0,0,0.132635,0.171428
1004,test,colour,1,1,0.068216,0.866262
1004,test,packing,0,0,0.147182,0.359705
1004,test,price,0,0,0.156582,0.168047
1004,test,shipping,1,1,0.056508,0.883252
1004,test,smell,0,0,0.173118,0.167242
1004,test,stayingpower,0,0,0.15172,0.177463
1004,test,texture,0,0,0.178316,0.182959
1005,test,colour,0,0,0.174774,0.283762
1005,test,packing,0,0,0.121982,0.175837
1005,test,price,0,0,0.121556,0.14465
1005,test,shipping,1,1,0.047699,0.885989
1005,test,smell,0,0,0.147573,0.199039
1005,test,stayingpower,0,0,0.139902,0.124806
1005,test,texture,0,0,0.128113,0.173336
1006,test,colour,0,0,0.174637,0.36014
1006,test,packing,0,0,0.178371,0.179232
1006,test,price,0,0,0.16679,0.214915
1006,test,shipping,0,0,0.180098,0.145227
1006,test,smell,1,1,0.112293,0.717738
1006,test,stayingpower,1,1,0.157496,0.712154
1006,test,texture,1,1,0.034872,0.930055
1007,test,colour,0,0,0.167671,0.370128
1007,test,packing,0,0,0.128181,0.158017
1007,test,price,0,0,0.136671,0.238802
1007,test,shipping,1,1,0.058226,0.869989
1007,test,smell,0,1,0.146906,0.432855
1007,test,stayingpower,0,1,0.156997,0.467414
1007,test,texture,1,1,0.07586,0.784251
1008,test,colour,3,1,0.176856,0.659388
1008,test,packing,1,1,0.083055,0.836941
1008,test,price,0,0,0.166284,0.168588
1008,test,shipping,1,1,0.050939,0.904582
1008,test,smell,0,0,0.187871,0.235015
1008,test,stayingpower,0,0,0.15913,0.175178
1008,test,texture,0,0,0.165805,0.155823
1009,test,colour,0,0,0.214748,0.207218
1009,test,packing,0,0,0.13312,0.204891
1009,test,price,0,0,0.159576,0.246614
1009,test,shipping,1,1,0.036794,0.927238
1009,test,smell,0,0,0.154989,0.152002
1009,test,stayingpower,0,0,0.165748,0.145786
1009,test,texture,0,0,0.145267,0.150168
1010,test,colour,1,1,0.068741,0.830379
1010,test,packing,0,0,0.119917,0.14532
1010,test,price,0,0,0.143078,0.189954
1010,test,shipping,0,0,0.135791,0.138937
1010,test,smell,0,0,0.137992,0.238491
1010,test,stayingpower,0,1,0.160704,0.630163
1010,test,texture,1,1,0.063247,0.85955
1011,test,colour,0,0,0.17805,0.31658
1011,test,packing,0,0,0.125382,0.202023
1011,test,price,0,0,0.134108,0.14933
1011,test,shipping,1,1,0.032786,0.906728
1011,test,smell,0,0,0.144473,0.166278
1011,test,stayingpower,0,0,0.153397,0.141084
1011,test,texture,0,0,0.142346,0.166444
1012,test,colour,0,0,0.206021,0.228836
1012,test,packing,0,0,0.199649,0.163833
1012,test,price,0,0,0.15219,0.176408
1012,test,shipping,0,0,0.131938,0.198223
1012,test,smell,1,1,0.061933,0.900904
1012,test,stayingpower,0,0,0.084741,0.13431
1012,test,texture,0,1,0.126096,0.445755
1013,test,colour,0,0,0.14499,0.416387
1013,test,packing,0,0,0.103319,0.162581
1013,test,price,0,0,0.117751,0.146934
1013,test,shipping,3,1,0.062918,0.872836
1013,test,smell,0,0,0.132703,0.214674
1013,test,stayingpower,0,0,0.153555,0.333966
1013,test,texture,1,1,0.108439,0.565477
1014,test,colour,1,1,0.054006,0.899159
1014,test,packing,1,1,0.102479,0.749417
1014,test,price,0,0,0.160077,0.171832
1014,test,shipping,0,0,0.206501,0.250997
1014,test,smell,0,0,0.166155,0.256771
1014,test,stayingpower,0,1,0.167983,0.523446
1014,test,texture,1,1,0.089161,0.75234
1015,test,colour,0,0,0.20088,0.189406
1015,test,packing,0,0,0.184301,0.146026
1015,test,price,0,0,0.149072,0.166812
1015,test,shipping,0,0,0.146772,0.167742
1015,test,smell,1,1,0.058681,0.897711
1015,test,stayingpower,0,0,0.115305,0.297961
1015,test,texture,1,1,0.087303,0.751779
1016,test,colour,1,1,0.064375,0.871113
1016,test,packing,0,0,0.146835,0.190535
1016,test,price,1,1,0.106228,0.757651
1016,test,shipping,1,1,0.06702,0.852357
1016,test,smell,0,0,0.168866,0.189864
1016,test,stayingpower,0,0,0.166862,0.181048
1016,test,texture,0,0,0.227941,0.239793
1017,test,colour,0,0,0.12877,0.380826
1017,test,packing,0,0,0.134048,0.123811
1017,test,price,1,1,0.047708,0.91089
1017,test,shipping,0,0,0.111326,0.144623
1017,test,smell,0,0,0.129464,0.297988
1017,test,stayingpower,0,1,0.182622,0.419465
1017,test,texture,1,1,0.096851,0.782312
1018,test,colour,1,1,0.114733,0.782057
1018,test,packing,1,1,0.132569,0.80237
1018,test,price,0,0,0.23408,0.258141
1018,test,shipping,0,1,0.238133,0.404051
1018,test,smell,1,1,0.06925,0.893013
1018,test,stayingpower,0,0,0.124476,0.24599
1018,test,texture,0,1,0.150028,0.538999
1019,test,colour,1,1,0.08203,0.802519
1019,test,packing,1,1,0.079267,0.848512
1019,test,price,0,0,0.147059,0.164399
1019,test,shipping,0,0,0.20582,0.232902
1019,test,smell,0,0,0.143043,0.124648
1019,test,stayingpower,0,0,0.161421,0.175692
1019,test,texture,0,0,0.155933,0.194328
1020,test,colour,3,1,0.276938,0.592685
1020,test,packing,0,0,0.178223,0.146864
1020,test,price,0,0,0.175867,0.211746
1020,test,shipping,0,0,0.149606,0.196904
1020,test,smell,1,1,0.068362,0.88956
1020,test,stayingpower,0,1,0.143976,0.494685
1020,test,texture,1,1,0.051743,0.885414
1021,test,colour,0,1,0.176513,0.48831
1021,test,packing,0,0,0.202271,0.17063
1021,test,price,0,0,0.157409,0.19311
1021,test,shipping,0,0,0.128501,0.233707
1021,test,smell,1,1,0.044604,0.928616
1021,test,stayingpower,0,0,0.095133,0.184709
1021,test,texture,1,1,0.110688,0.618832
1022,test,colour,1,1,0.115034,0.739927
1022,test,packing,0,0,0.194237,0.229107
1022,test,price,0,0,0.162246,0.211578
1022,test,shipping,2,2,0.949588,0.022946
1022,test,smell,0,0,0.204524,0.142619
1022,test,stayingpower,0,0,0.161721,0.227774
1022,test,texture,0,0,0.20329,0.22896
1023,test,colour,0,0,0.178914,0.164051
1023,test,packing,0,0,0.134403,0.217602
1023,test,price,1,1,0.057451,0.8893
1023,test,shipping,3,1,0.069939,0.807894
1023,test,smell,0,0,0.139901,0.145791
1023,test,stayingpower,0,0,0.162037,0.133381
1023,test,texture,0,0,0.1663,0.157763
1024,test,colour,1,1,0.103931,0.777214
1024,test,packing,0,0,0.289389,0.27403
1024,test,price,1,1,0.173182,0.645079
1024,test,shipping,2,2,0.95394,0.023989
1024,test,smell,1,1,0.208336,0.646263
1024,test,stayingpower,0,0,0.158462,0.304848
1024,test,texture,0,1,0.239319,0.454178
1025,test,colour,0,0,0.142713,0.103773
1025,test,packing,0,0,0.135511,0.229816
1025,test,price,0,0,0.117124,0.132722
1025,test,shipping,0,1,0.16846,0.46814
1025,test,smell,0,0,0.118978,0.11134
1025,test,stayingpower,0,0,0.113749,0.092047
1025,test,texture,0,0,0.095373,0.099919
1026,test,colour,1,1,0.061717,0.897877
1026,test,packing,0,0,0.12678,0.259511
1026,test,price,0,0,0.15746,0.199354
1026,test,shipping,1,1,0.118553,0.808164
1026,test,smell,0,0,0.161773,0.242833
1026,test,stayingpower,1,1,0.207156,0.550473
1026,test,texture,0,1,0.120368,0.684307
1027,test,colour,0,1,0.153847,0.531169
1027,test,packing,0,0,0.226876,0.244143
1027,test,price,0,0,0.195148,0.268738
1027,test,shipping,0,0,0.185831,0.201017
1027,test,smell,1,1,0.165155,0.597956
1027,test,stayingpower,2,2,0.901407,0.079548
1027,test,texture,3,1,0.112518,0.78351
1028,test,colour,0,0,0.208521,0.202282
1028,test,packing,0,0,0.210063,0.236764
1028,test,price,0,0,0.183266,0.210803
1028,test,shipping,2,2,0.95985,0.018533
1028,test,smell,0,0,0.195972,0.146369
1028,test,stayingpower,0,0,0.161971,0.221171
1028,test,texture,0,0,0.164139,0.199644
1029,test,colour,0,0,0.139808,0.331787
1029,test,packing,0,0,0.138578,0.186016
1029,test,price,0,0,0.145047,0.194022
1029,test,shipping,0,0,0.174747,0.10665
1029,test,smell,0,0,0.128312,0.180187
1029,test,stayingpower,1,1,0.178936,0.725303
1029,test,texture,1,1,0.063558,0.865067
1030,test,colour,0,0,0.151846,0.136939
1030,test,packing,0,0,0.12926,0.139396
1030,test,price,0,0,0.121258,0.130989
1030,test,shipping,0,0,0.112619,0.149856
1030,test,smell,0,0,0.116539,0.107053
1030,test,stayingpower,0,0,0.133549,0.103407
1030,test,texture,0,0,0.119342,0.128682
1031,test,colour,1,1,0.091995,0.804226
1031,test,packing,0,0,0.192085,0.198488
1031,test,price,1,1,0.147297,0.691956
1031,test,shipping,1,1,0.350023,0.448561
1031,test,smell,2,2,0.906771,0.048683
1031,test,stayingpower,0,0,0.205882,0.22895
1031,test,texture,0,2,0.456477,0.229596
1032,test,colour,1,1,0.090955,0.796534
1032,test,packing,0,0,0.141112,0.157869
1032,test,price,0,0,0.190402,0.207871
1032,test,shipping,0,0,0.245104,0.171831
1032,test,smell,1,2,0.797618,0.109078
1032,test,stayingpower,1,1,0.37408,0.460263
1032,test,texture,0,1,0.112855,0.741577
1033,test,colour,0,1,0.16792,0.495327
1033,test,packing,1,1,0.049765,0.912876
1033,test,price,0,0,0.148356,0.176041
1033,test,shipping,1,1,0.075278,0.837375
1033,test,smell,0,0,0.148672,0.242048
1033,test,stayingpower,0,0,0.180971,0.376621
1033,test,texture,1,1,0.129302,0.485628
1034,test,colour,2,2,0.904024,0.053166
1034,test,packing,1,1,0.113747,0.795634
1034,test,price,0,0,0.16332,0.136517
1034,test,shipping,0,0,0.210934,0.31808
1034,test,smell,0,0,0.209503,0.283513
1034,test,stayingpower,0,0,0.204645,0.221165
1034,test,texture,0,0,0.136024,0.268124
1035,test,colour,0,0,0.163168,0.113571
1035,test,packing,1,1,0.070022,0.898143
1035,test,price,0,0,0.14616,0.17578
1035,test,shipping,0,0,0.222581,0.272146
1035,test,smell,0,0,0.129654,0.139372
1035,test,stayingpower,0,0,0.170268,0.147845
1035,test,texture,0,0,0.138097,0.164175
1036,test,colour,0,0,0.268934,0.150086
1036,test,packing,0,0,0.227072,0.213896
1036,test,price,0,0,0.191624,0.198472
1036,test,shipping,2,2,0.961618,0.016625
1036,test,smell,0,0,0.229083,0.171422
1036,test,stayingpower,0,0,0.168824,0.221172
1036,test,texture,0,0,0.187295,0.206881
1037,test,colour,1,1,0.094339,0.801044
1037,test,packing,1,1,0.120174,0.769424
1037,test,price,1,1,0.120605,0.770941
1037,test,shipping,1,1,0.078769,0.859576
1037,test,smell,0,0,0.201859,0.191587
1037,test,stayingpower,0,0,0.223002,0.207446
1037,test,texture,0,0,0.239083,0.208483
1038,test,colour,1,1,0.206363,0.750004
1038,test,packing,0,0,0.143927,0.175182
1038,test,price,0,0,0.191207,0.167833
1038,test,shipping,0,0,0.163408,0.233418
1038,test,smell,0,0,0.271416,0.221048
1038,test,stayingpower,1,2,0.434942,0.377694
1038,test,texture,2,2,0.848876,0.11438
1039,test,colour,0,0,0.187859,0.125495
1039,test,packing,0,0,0.196722,0.169429
1039,test,price,0,0,0.143228,0.176403
1039,test,shipping,0,0,0.125008,0.187031
1039,test,smell,1,1,0.069706,0.872961
1039,test,stayingpower,0,0,0.090702,0.14358
1039,test,texture,0,1,0.119877,0.455988
1040,test,colour,0,0,0.225964,0.271874
1040,test,packing,0,0,0.222476,0.3022
1040,test,price,1,1,0.076532,0.851499
1040,test,shipping,1,1,0.113323,0.717642
1040,test,smell,1,1,0.069017,0.885558
1040,test,stayingpower,0,0,0.136487,0.324942
1040,test,texture,1,1,0.086883,0.781913
1041,test,colour,0,0,0.22034,0.266479
1041,test,packing,1,1,0.059795,0.895015
1041,test,price,0,0,0.173986,0.180736
1041,test,shipping,1,1,0.05086,0.894731
1041,test,smell,0,0,0.184983,0.19473
1041,test,stayingpower,0,0,0.180919,0.174726
1041,test,texture,0,0,0.159244,0.160029
1042,test,colour,3,2,0.828404,0.111997
1042,test,packing,1,1,0.202893,0.628125
1042,test,price,1,1,0.135157,0.750628
1042,test,shipping,1,2,0.684686,0.182899
1042,test,smell,1,1,0.182348,0.712878
1042,test,stayingpower,1,1,0.230672,0.442617
1042,test,texture,1,1,0.117795,0.710123
1043,test,colour,0,0,0.156618,0.125146
1043,test,packing,0,0,0.131889,0.117564
1043,test,price,0,0,0.126145,0.141527
1043,test,shipping,0,0,0.123479,0.106821
1043,test,smell,0,0,0.118444,0.096373
1043,test,stayingpower,0,0,0.145313,0.118971
1043,test,texture,0,0,0.134241,0.140265
1044,test,colour,1,2,0.709894,0.23339
1044,test,packing,1,1,0.091662,0.818852
1044,test,price,0,0,0.166536,0.132048
1044,test,shipping,1,1,0.061928,0.856825
1044,test,smell,0,0,0.193998,0.298438
1044,test,stayingpower,0,0,0.180015,0.205037
1044,test,texture,0,0,0.145235,0.227402
1045,test,colour,1,1,0.191525,0.685112
1045,test,packing,0,0,0.184184,0.183768
1045,test,price,1,1,0.241074,0.43986
1045,test,shipping,0,0,0.258154,0.279157
1045,test,smell,2,2,0.899582,0.039943
1045,test,stayingpower,0,0,0.381075,0.214807
1045,test,texture,2,2,0.881914,0.056877
1046,test,colour,0,0,0.157606,0.129468
1046,test,packing,0,0,0.126952,0.124699
1046,test,price,0,0,0.12404,0.126753
1046,test,shipping,0,0,0.125418,0.120061
1046,test,smell,0,0,0.11673,0.093697
1046,test,stayingpower,0,0,0.146463,0.121461
1046,test,texture,0,0,0.126657,0.140871
1047,test,colour,1,1,0.098836,0.790884
1047,test,packing,1,1,0.082436,0.83793
1047,test,price,0,0,0.178181,0.210787
1047,test,shipping,1,1,0.055069,0.908025
1047,test,smell,0,0,0.177879,0.350508
1047,test,stayingpower,0,0,0.184175,0.345102
1047,test,texture,0,1,0.156205,0.450924
1048,test,colour,1,1,0.055582,0.889632
1048,test,packing,0,0,0.157252,0.237685
1048,test,price,1,1,0.080739,0.846917
1048,test,shipping,1,1,0.111358,0.714145
1048,test,smell,0,0,0.175681,0.168867
1048,test,stayingpower,0,0,0.166869,0.180514
1048,test,texture,0,0,0.240985,0.231233
1049,test,colour,0,0,0.169709,0.202372
1049,test,packing,0,0,0.125726,0.135783
1049,test,price,0,0,0.116813,0.121808
1049,test,shipping,0,0,0.109551,0.139801
1049,test,smell,0,0,0.117676,0.097618
1049,test,stayingpower,0,0,0.128969,0.097649
1049,test,texture,0,0,0.115381,0.12217
1050,test,colour,1,1,0.144351,0.788885
1050,test,packing,0,0,0.214453,0.162646
1050,test,price,0,0,0.176084,0.153609
1050,test,shipping,0,0,0.0742,0.22462
1050,test,smell,0,1,0.123656,0.80367
1050,test,stayingpower,0,0,0.171295,0.156747
1050,test,texture,0,2,0.557041,0.240631
1051,test,colour,0,0,0.198151,0.376705
1051,test,packing,0,0,0.184235,0.230845
1051,test,price,0,0,0.153594,0.166671
1051,test,shipping,2,2,0.961014,0.01781
1051,test,smell,0,0,0.18527,0.15784
1051,test,stayingpower,0,0,0.149619,0.252407
1051,test,texture,0,0,0.162572,0.268378
1052,test,colour,0,0,0.140093,0.257542
1052,test,packing,0,0,0.118542,0.131043
1052,test,price,0,0,0.109729,0.129585
1052,test,shipping,0,0,0.09842,0.104376
1052,test,smell,0,0,0.100981,0.09211
1052,test,stayingpower,0,0,0.141252,0.126789
1052,test,texture,0,0,0.11809,0.189872
1053,test,colour,1,1,0.055458,0.878578
1053,test,packing,0,0,0.134461,0.117927
1053,test,price,1,1,0.084548,0.830375
1053,test,shipping,0,0,0.142744,0.177901
1053,test,smell,0,0,0.148638,0.116189
1053,test,stayingpower,0,0,0.174694,0.187684
1053,test,texture,0,0,0.229736,0.276373
1054,test,colour,1,1,0.078872,0.852364
1054,test,packing,0,0,0.152863,0.243958
1054,test,price,0,0,0.14156,0.164093
1054,test,shipping,2,2,0.603849,0.356059
1054,test,smell,0,0,0.167236,0.16378
1054,test,stayingpower,0,0,0.144252,0.180339
1054,test,texture,0,0,0.17955,0.197457
1055,test,colour,0,0,0.203975,0.252144
1055,test,packing,0,0,0.264423,0.218909
1055,test,price,1,1,0.086553,0.850997
1055,test,shipping,2,2,0.953926,0.019233
1055,test,smell,0,0,0.226822,0.320576
1055,test,stayingpower,0,0,0.172715,0.286485
1055,test,texture,1,1,0.213376,0.407954
1056,test,colour,1,1,0.11203,0.819043
1056,test,packing,0,0,0.15084,0.148464
1056,test,price,0,0,0.188308,0.208597
1056,test,shipping,0,0,0.150141,0.19789
1056,test,smell,0,0,0.208131,0.11696
1056,test,stayingpower,0,0,0.301838,0.195015
1056,test,texture,2,2,0.882325,0.04328
1057,test,colour,0,0,0.241444,0.321864
1057,test,packing,0,0,0.228741,0.247855
1057,test,price,0,0,0.163947,0.186053
1057,test,shipping,0,1,0.136463,0.448576
1057,test,smell,1,1,0.031656,0.948855
1057,test,stayingpower,0,0,0.123433,0.309856
1057,test,texture,1,1,0.101305,0.737158
1058,test,colour,0,0,0.228416,0.150803
1058,test,packing,2,2,0.713075,0.200265
1058,test,price,0,0,0.206702,0.307994
1058,test,shipping,1,1,0.170413,0.752702
1058,test,smell,0,0,0.239867,0.2832
1058,test,stayingpower,0,0,0.307862,0.142985
1058,test,texture,0,0,0.355736,0.14659
1059,test,colour,0,0,0.172918,0.125681
1059,test,packing,0,1,0.089443,0.833473
1059,test,price,0,0,0.12763,0.119305
1059,test,shipping,0,1,0.104442,0.710089
1059,test,smell,0,0,0.141228,0.14547
1059,test,stayingpower,0,0,0.151713,0.12822
1059,test,texture,0,0,0.116851,0.120892
1060,test,colour,1,1,0.043053,0.897712
1060,test,packing,0,0,0.143325,0.126158
1060,test,price,1,1,0.083399,0.835379
1060,test,shipping,0,0,0.15761,0.190614
1060,test,smell,0,0,0.165755,0.170316
1060,test,stayingpower,0,0,0.15836,0.169825
1060,test,texture,0,0,0.248087,0.267677
1061,test,colour,0,0,0.216814,0.206739
1061,test,packing,1,1,0.075764,0.866307
1061,test,price,0,0,0.168803,0.198397
1061,test,shipping,1,1,0.050025,0.902348
1061,test,smell,0,0,0.177486,0.160073
1061,test,stayingpower,0,0,0.183777,0.17029
1061,test,texture,0,0,0.158704,0.141173
1062,test,colour,1,1,0.08419,0.810412
1062,test,packing,0,0,0.147221,0.323155
1062,test,price,0,0,0.166673,0.265138
1062,test,shipping,1,1,0.123558,0.740321
1062,test,smell,0,0,0.160993,0.32884
1062,test,stayingpower,1,1,0.165423,0.722787
1062,test,texture,1,1,0.061495,0.880559
1063,test,colour,0,0,0.171535,0.172502
1063,test,packing,0,0,0.132487,0.198013
1063,test,price,0,0,0.142845,0.201162
1063,test,shipping,1,1,0.050261,0.880105
1063,test,smell,0,0,0.143812,0.177845
1063,test,stayingpower,0,0,0.138656,0.117864
1063,test,texture,0,0,0.120538,0.135123
1064,test,colour,3,2,0.846041,0.134002
1064,test,packing,0,0,0.151416,0.179195
1064,test,price,0,0,0.144972,0.160995
1064,test,shipping,0,0,0.133449,0.220279
1064,test,smell,0,0,0.20224,0.208309
1064,test,stayingpower,0,0,0.174034,0.171557
1064,test,texture,0,0,0.190624,0.240809
1065,test,colour,0,2,0.379429,0.288469
1065,test,packing,0,0,0.225755,0.209685
1065,test,price,0,0,0.239114,0.278995
1065,test,shipping,0,0,0.301992,0.21041
1065,test,smell,2,2,0.954814,0.025321
1065,test,stayingpower,0,0,0.286817,0.273563
1065,test,texture,2,2,0.720246,0.140213
1066,test,colour,0,0,0.14042,0.153511
1066,test,packing,0,0,0.134327,0.118656
1066,test,price,1,1,0.040499,0.928922
1066,test,shipping,0,0,0.119488,0.153551
1066,test,smell,0,0,0.132583,0.220642
1066,test,stayingpower,0,0,0.173264,0.280994
1066,test,texture,0,1,0.165462,0.53764
1067,test,colour,1,1,0.054338,0.876709
1067,test,packing,0,0,0.118398,0.1155
1067,test,price,0,0,0.13302,0.159345
1067,test,shipping,0,0,0.137177,0.142712
1067,test,smell,0,0,0.119147,0.090845
1067,test,stayingpower,0,0,0.162538,0.164345
1067,test,texture,0,0,0.199701,0.228911
1068,test,colour,1,1,0.060319,0.869048
1068,test,packing,0,0,0.12096,0.121561
1068,test,price,0,0,0.148285,0.200093
1068,test,shipping,0,0,0.138075,0.135254
1068,test,smell,0,0,0.150003,0.264271
1068,test,stayingpower,0,1,0.15327,0.614046
1068,test,texture,1,1,0.075631,0.841503
1069,test,colour,0,0,0.122209,0.411596
1069,test,packing,0,0,0.114766,0.102656
1069,test,price,0,0,0.129438,0.310948
1069,test,shipping,0,0,0.132685,0.140552
1069,test,smell,0,0,0.124931,0.34787
1069,test,stayingpower,0,1,0.128678,0.582844
1069,test,texture,1,1,0.044089,0.887453
1070,test,colour,1,1,0.078128,0.861265
1070,test,packing,0,0,0.221216,0.165458
1070,test,price,0,0,0.196232,0.255534
1070,test,shipping,0,0,0.188439,0.215674
1070,test,smell,1,1,0.069026,0.898029
1070,test,stayingpower,0,0,0.143189,0.381808
1070,test,texture,1,1,0.116987,0.774305
1071,test,colour,1,1,0.10458,0.815628
1071,test,packing,0,0,0.200893,0.275302
1071,test,price,0,0,0.184183,0.198882
1071,test,shipping,1,1,0.100168,0.781146
1071,test,smell,1,1,0.074276,0.875864
1071,test,stayingpower,0,1,0.138652,0.453772
1071,test,texture,1,1,0.088409,0.796634
1072,test,colour,0,0,0.138123,0.20071
1072,test,packing,0,0,0.133437,0.12236
1072,test,price,1,1,0.055592,0.884556
1072,test,shipping,0,0,0.101047,0.129256
1072,test,smell,0,0,0.134542,0.32567
1072,test,stayingpower,0,0,0.162296,0.418671
1072,test,texture,1,1,0.088394,0.768187
1073,test,colour,1,1,0.211116,0.676531
1073,test,packing,0,0,0.142129,0.108598
1073,test,price,1,1,0.114784,0.766526
1073,test,shipping,0,0,0.223687,0.176337
1073,test,smell,0,0,0.317703,0.180803
1073,test,stayingpower,0,2,0.581724,0.19626
1073,test,texture,2,2,0.905624,0.061575
1074,test,colour,1,1,0.064842,0.878457
1074,test,packing,0,0,0.140694,0.263784
1074,test,price,0,0,0.15381,0.173821
1074,test,shipping,1,1,0.062645,0.871865
1074,test,smell,0,0,0.167595,0.16157
1074,test,stayingpower,0,0,0.160622,0.183684
1074,test,texture,0,0,0.185349,0.201179
1075,test,colour,0,0,0.160366,0.146092
1075,test,packing,0,0,0.130189,0.134707
1075,test,price,0,0,0.122219,0.130261
1075,test,shipping,0,0,0.11581,0.118533
1075,test,smell,0,0,0.116955,0.095439
1075,test,stayingpower,0,0,0.141113,0.108104
1075,test,texture,0,0,0.12488,0.136006
1076,test,colour,1,1,0.107271,0.814462
1076,test,packing,0,0,0.114852,0.099448
1076,test,price,0,0,0.160274,0.381929
1076,test,shipping,0,0,0.110659,0.090498
1076,test,smell,0,0,0.195446,0.242347
1076,test,stayingpower,1,1,0.209203,0.633199
1076,test,texture,1,1,0.086619,0.818232
1077,test,colour,0,0,0.225433,0.21043
1077,test,packing,0,0,0.129336,0.193675
1077,test,price,0,0,0.144719,0.176689
1077,test,shipping,1,1,0.038397,0.907498
1077,test,smell,0,0,0.151513,0.14147
1077,test,stayingpower,0,0,0.155651,0.127916
1077,test,texture,0,0,0.139961,0.129298
1078,test,colour,0,0,0.149107,0.134504
1078,test,packing,0,0,0.127614,0.121714
1078,test,price,0,0,0.128569,0.152635
1078,test,shipping,0,0,0.120178,0.108973
1078,test,smell,0,0,0.110958,0.092016
1078,test,stayingpower,0,0,0.143618,0.115491
1078,test,texture,0,0,0.128167,0.13764
1079,test,colour,1,1,0.115223,0.726217
1079,test,packing,0,0,0.246103,0.200862
1079,test,price,1,1,0.137044,0.719603
1079,test,shipping,2,2,0.959997,0.021077
1079,test,smell,0,0,0.274981,0.214115
1079,test,stayingpower,0,0,0.201836,0.275159
1079,test,texture,0,0,0.286418,0.308041
1080,test,colour,1,1,0.094411,0.828602
1080,test,packing,0,0,0.189863,0.244629
1080,test,price,0,0,0.165474,0.173734
1080,test,shipping,1,1,0.059271,0.875756
1080,test,smell,1,1,0.125027,0.770961
1080,test,stayingpower,0,0,0.113788,0.168974
1080,test,texture,0,0,0.169432,0.350265
1081,test,colour,0,0,0.137186,0.165037
1081,test,packing,0,0,0.097821,0.090585
1081,test,price,0,0,0.117824,0.242896
1081,test,shipping,0,0,0.083455,0.065902
1081,test,smell,0,0,0.104028,0.161077
1081,test,stayingpower,0,0,0.160687,0.236437
1081,test,texture,0,1,0.126114,0.47441
1082,test,colour,1,1,0.063314,0.854406
1082,test,packing,1,1,0.201397,0.509776
1082,test,price,0,0,0.208681,0.199124
1082,test,shipping,0,0,0.260163,0.252964
1082,test,smell,0,0,0.372076,0.234243
1082,test,stayingpower,0,2,0.346687,0.327042
1082,test,texture,3,2,0.897928,0.065511
1083,test,colour,0,0,0.163758,0.120461
1083,test,packing,0,0,0.126109,0.121905
1083,test,price,0,0,0.127989,0.146958
1083,test,shipping,0,0,0.131929,0.119851
1083,test,smell,0,0,0.113994,0.090182
1083,test,stayingpower,0,0,0.143883,0.111485
1083,test,texture,0,0,0.129066,0.129052
1084,test,colour,3,1,0.408306,0.446093
1084,test,packing,0,0,0.214071,0.152604
1084,test,price,0,0,0.219459,0.226008
1084,test,shipping,0,0,0.107019,0.196478
1084,test,smell,3,1,0.308285,0.543993
1084,test,stayingpower,0,0,0.246707,0.221973
1084,test,texture,2,2,0.930903,0.036721
1085,test,colour,0,0,0.154375,0.121501
1085,test,packing,0,0,0.130285,0.118946
1085,test,price,0,0,0.129097,0.146292
1085,test,shipping,0,0,0.123823,0.109424
1085,test,smell,0,0,0.115039,0.092695
1085,test,stayingpower,0,0,0.14468,0.119846
1085,test,texture,0,0,0.131219,0.138603
1086,test,colour,1,1,0.05888,0.847878
1086,test,packing,0,0,0.127287,0.104315
1086,test,price,0,1,0.133784,0.576871
1086,test,shipping,0,0,0.151876,0.164179
1086,test,smell,0,0,0.136845,0.34527
1086,test,stayingpower,0,1,0.161828,0.622212
1086,test,texture,1,1,0.069234,0.871813
1087,test,colour,0,0,0.14042,0.153511
1087,test,packing,0,0,0.134327,0.118656
1087,test,price,1,1,0.040499,0.928922
1087,test,shipping,0,0,0.119488,0.153551
1087,test,smell,0,0,0.132583,0.220642
1087,test,stayingpower,0,0,0.173264,0.280994
1087,test,texture,0,1,0.165462,0.53764
1088,test,colour,0,0,0.176218,0.18848
1088,test,packing,1,1,0.058834,0.900456
1088,test,price,0,0,0.136991,0.170245
1088,test,shipping,0,0,0.170917,0.20879
1088,test,smell,0,0,0.124522,0.119004
1088,test,stayingpower,0,0,0.169526,0.15176
1088,test,texture,0,0,0.13752,0.167736
1089,test,colour,0,1,0.10831,0.766419
1089,test,packing,1,1,0.15014,0.784092
1089,test,price,1,1,0.097018,0.849455
1089,test,shipping,0,0,0.248741,0.355805
1089,test,smell,1,1,0.13558,0.713028
1089,test,stayingpower,0,0,0.15983,0.214025
1089,test,texture,0,1,0.224827,0.398279
1090,test,colour,0,0,0.147763,0.229576
1090,test,packing,0,0,0.112081,0.126134
1090,test,price,0,0,0.116725,0.132141
1090,test,shipping,0,0,0.104323,0.371961
1090,test,smell,0,0,0.109734,0.101153
1090,test,stayingpower,0,0,0.123606,0.094808
1090,test,texture,0,0,0.112257,0.112332
1091,test,colour,0,0,0.158669,0.121555
1091,test,packing,0,0,0.128846,0.130637
1091,test,price,0,0,0.128482,0.135388
1091,test,shipping,0,0,0.130331,0.114524
1091,test,smell,0,0,0.111248,0.089686
1091,test,stayingpower,0,0,0.146339,0.122959
1091,test,texture,0,0,0.130092,0.134681
1092,test,colour,1,1,0.107534,0.646351
1092,test,packing,0,0,0.129027,0.132052
1092,test,price,0,0,0.138578,0.165164
1092,test,shipping,0,0,0.147697,0.117887
1092,test,smell,0,0,0.099008,0.146681
1092,test,stayingpower,3,2,0.72157,0.240311
1092,test,texture,3,1,0.194274,0.694151
1093,test,colour,0,0,0.141657,0.132726
1093,test,packing,0,0,0.126251,0.1322
1093,test,price,0,0,0.120425,0.152305
1093,test,shipping,0,0,0.116724,0.123483
1093,test,smell,0,0,0.114381,0.10704
1093,test,stayingpower,0,0,0.133479,0.106452
1093,test,texture,0,0,0.119854,0.145143
1094,test,colour,0,1,0.133679,0.60979
1094,test,packing,0,1,0.218179,0.588271
1094,test,price,1,1,0.151753,0.696658
1094,test,shipping,2,2,0.951893,0.023844
1094,test,smell,0,0,0.246905,0.291068
1094,test,stayingpower,1,1,0.375537,0.482081
1094,test,texture,0,1,0.141851,0.687249
1095,test,colour,0,0,0.141255,0.103138
1095,test,packing,0,0,0.136816,0.226326
1095,test,price,0,0,0.116842,0.129488
1095,test,shipping,0,1,0.178529,0.445597
1095,test,smell,0,0,0.119366,0.111818
1095,test,stayingpower,0,0,0.112288,0.092529
1095,test,texture,0,0,0.095074,0.100374
1096,test,colour,0,1,0.041562,0.909111
1096,test,packing,0,0,0.131493,0.225063
1096,test,price,0,0,0.135004,0.168637
1096,test,shipping,1,1,0.082198,0.737441
1096,test,smell,0,0,0.14354,0.235508
1096,test,stayingpower,0,0,0.1226,0.184589
1096,test,texture,0,0,0.156819,0.298589
1097,test,colour,1,0,0.214921,0.229252
1097,test,packing,1,1,0.056262,0.90607
1097,test,price,0,0,0.166561,0.192963
1097,test,shipping,0,1,0.068162,0.8633
1097,test,smell,0,0,0.175057,0.166509
1097,test,stayingpower,0,0,0.183414,0.173406
1097,test,texture,0,0,0.160603,0.154478
1098,test,colour,0,0,0.233426,0.273327
1098,test,packing,0,0,0.269162,0.249878
1098,test,price,0,0,0.19343,0.284072
1098,test,shipping,2,2,0.948136,0.024121
1098,test,smell,1,1,0.115543,0.802185
1098,test,stayingpower,0,0,0.102682,0.242555
1098,test,texture,0,1,0.142565,0.455309
1099,test,colour,2,2,0.931826,0.039181
1099,test,packing,0,0,0.167185,0.178184
1099,test,price,0,0,0.171293,0.187705
1099,test,shipping,0,0,0.139083,0.185966
1099,test,smell,0,0,0.227802,0.192453
1099,test,stayingpower,0,0,0.156108,0.167825
1099,test,texture,0,0,0.19223,0.205893
1100,test,colour,1,1,0.073537,0.841702
1100,test,packing,0,0,0.152491,0.22128
1100,test,price,1,1,0.086228,0.827918
1100,test,shipping,1,1,0.065593,0.852828
1100,test,smell,0,0,0.180947,0.190498
1100,test,stayingpower,0,0,0.166546,0.177194
1100,test,texture,0,0,0.230014,0.232492
1101,test,colour,1,1,0.038022,0.878136
1101,test,packing,0,0,0.158198,0.137648
1101,test,price,0,0,0.178672,0.237513
1101,test,shipping,0,0,0.276707,0.132407
1101,test,smell,0,0,0.198233,0.169189
1101,test,stayingpower,1,2,0.427775,0.374724
1101,test,texture,2,2,0.819534,0.132641
1102,test,colour,0,0,0.147568,0.121702
1102,test,packing,0,0,0.12276,0.133199
1102,test,price,0,0,0.115516,0.153066
1102,test,shipping,0,0,0.101395,0.095476
1102,test,smell,0,0,0.098629,0.107229
1102,test,stayingpower,0,0,0.152883,0.156691
1102,test,texture,0,0,0.121082,0.253804
1103,test,colour,3,2,0.658065,0.248998
1103,test,packing,0,0,0.179587,0.18007
1103,test,price,0,0,0.177931,0.18565
1103,test,shipping,0,0,0.134386,0.209875
1103,test,smell,1,1,0.076995,0.878368
1103,test,stayingpower,0,0,0.137578,0.394562
1103,test,texture,1,1,0.058358,0.820816
1104,test,colour,0,0,0.15297,0.213116
1104,test,packing,0,0,0.118279,0.118505
1104,test,price,0,0,0.128305,0.211057
1104,test,shipping,0,0,0.11493,0.102484
1104,test,smell,0,0,0.117965,0.207873
1104,test,stayingpower,0,1,0.170579,0.554201
1104,test,texture,1,1,0.063771,0.827569
1105,test,colour,0,0,0.155304,0.110917
1105,test,packing,0,0,0.139367,0.147843
1105,test,price,0,0,0.128595,0.152219
1105,test,shipping,0,0,0.12925,0.129185
1105,test,smell,0,0,0.115403,0.10046
1105,test,stayingpower,0,0,0.129717,0.105101
1105,test,texture,0,0,0.119248,0.119567
1106,test,colour,1,1,0.082224,0.794815
1106,test,packing,1,1,0.076671,0.86631
1106,test,price,0,0,0.150152,0.173792
1106,test,shipping,0,0,0.205704,0.229204
1106,test,smell,0,0,0.136187,0.116349
1106,test,stayingpower,0,0,0.1886,0.195766
1106,test,texture,0,0,0.172763,0.218648
1107,test,colour,0,0,0.152079,0.141239
1107,test,packing,0,0,0.124772,0.123687
1107,test,price,0,0,0.125413,0.170069
1107,test,shipping,0,0,0.104048,0.131906
1107,test,smell,0,0,0.110926,0.102537
1107,test,stayingpower,0,0,0.134382,0.100636
1107,test,texture,0,0,0.124731,0.127568
1108,test,colour,1,1,0.082282,0.835536
1108,test,packing,1,1,0.086295,0.834803
1108,test,price,0,0,0.185031,0.202515
1108,test,shipping,1,1,0.085351,0.852693
1108,test,smell,0,0,0.193332,0.167216
1108,test,stayingpower,0,0,0.200702,0.220605
1108,test,texture,0,0,0.197602,0.204529
1109,test,colour,0,0,0.168503,0.111192
1109,test,packing,0,0,0.142783,0.15788
1109,test,price,0,0,0.11968,0.123859
1109,test,shipping,0,0,0.14805,0.181404
1109,test,smell,0,0,0.114831,0.095332
1109,test,stayingpower,0,0,0.132199,0.094376
1109,test,texture,0,0,0.117772,0.108978
1110,test,colour,1,1,0.131861,0.789293
1110,test,packing,0,0,0.244076,0.251596
1110,test,price,1,1,0.08056,0.853616
1110,test,shipping,0,0,0.19912,0.391059
1110,test,smell,1,1,0.095838,0.8543
1110,test,stayingpower,2,0,0.127116,0.314444
1110,test,texture,1,1,0.137562,0.708662
1111,test,colour,1,1,0.129513,0.654744
1111,test,packing,0,0,0.200802,0.230446
1111,test,price,0,0,0.194572,0.30562
1111,test,shipping,0,0,0.208409,0.213992
1111,test,smell,0,0,0.191265,0.274904
1111,test,stayingpower,2,2,0.948995,0.036684
1111,test,texture,1,1,0.159614,0.669367
1112,test,colour,0,0,0.207175,0.186253
1112,test,packing,0,0,0.235652,0.186071
1112,test,price,1,1,0.086113,0.817836
1112,test,shipping,0,0,0.142939,0.219416
1112,test,smell,1,1,0.055222,0.909977
1112,test,stayingpower,0,0,0.092464,0.151027
1112,test,texture,0,1,0.153402,0.539997
1113,test,colour,0,0,0.152873,0.185302
1113,test,packing,0,0,0.130008,0.155158
1113,test,price,0,0,0.136337,0.168649
1113,test,shipping,0,0,0.17686,0.094199
1113,test,smell,0,0,0.10387,0.12039
1113,test,stayingpower,0,1,0.286944,0.613028
1113,test,texture,0,1,0.109448,0.765541
1114,test,colour,1,1,0.071742,0.818189
1114,test,packing,0,0,0.289916,0.181479
1114,test,price,0,0,0.190158,0.267237
1114,test,shipping,0,0,0.129146,0.167209
1114,test,smell,1,1,0.070697,0.87066
1114,test,stayingpower,0,2,0.447853,0.246733
1114,test,texture,0,2,0.546042,0.353933
1115,test,colour,0,0,0.214003,0.265731
1115,test,packing,1,1,0.057489,0.898223
1115,test,price,0,0,0.163847,0.187138
1115,test,shipping,0,1,0.061943,0.875735
1115,test,smell,0,0,0.172158,0.16239
1115,test,stayingpower,0,0,0.182091,0.170789
1115,test,texture,0,0,0.16236,0.151862
1116,test,colour,0,0,0.202455,0.197792
1116,test,packing,0,0,0.194733,0.236011
1116,test,price,0,0,0.167249,0.176347
1116,test,shipping,2,2,0.947264,0.02389
1116,test,smell,0,0,0.174182,0.151668
1116,test,stayingpower,0,0,0.140365,0.201299
1116,test,texture,0,0,0.140908,0.195302
1117,test,colour,1,1,0.065126,0.835602
1117,test,packing,0,0,0.114903,0.105844
1117,test,price,0,0,0.134706,0.170101
1117,test,shipping,0,0,0.11833,0.126071
1117,test,smell,0,0,0.135818,0.286438
1117,test,stayingpower,0,1,0.157656,0.529049
1117,test,texture,1,1,0.073973,0.825452
1118,test,colour,0,0,0.204507,0.28156
1118,test,packing,0,0,0.207957,0.209483
1118,test,price,0,0,0.160823,0.175225
1118,test,shipping,0,0,0.166434,0.160546
1118,test,smell,1,1,0.055805,0.899632
1118,test,stayingpower,1,1,0.127923,0.511255
1118,test,texture,0,1,0.049675,0.862801
1119,test,colour,3,2,0.853265,0.059522
1119,test,packing,0,0,0.150539,0.139281
1119,test,price,0,0,0.14166,0.114414
1119,test,shipping,0,0,0.100704,0.154914
1119,test,smell,0,0,0.207701,0.202082
1119,test,stayingpower,0,0,0.129582,0.141459
1119,test,texture,0,0,0.144986,0.208323
1120,test,colour,1,1,0.078323,0.842529
1120,test,packing,0,0,0.185373,0.194528
1120,test,price,0,0,0.162676,0.250465
1120,test,shipping,2,2,0.933467,0.032018
1120,test,smell,0,0,0.20703,0.159906
1120,test,stayingpower,0,0,0.171084,0.24124
1120,test,texture,0,0,0.220036,0.276073
1121,test,colour,0,0,0.202457,0.281147
1121,test,packing,0,0,0.203933,0.240227
1121,test,price,0,0,0.165938,0.173166
1121,test,shipping,2,2,0.96178,0.018103
1121,test,smell,0,0,0.193431,0.163764
1121,test,stayingpower,0,0,0.155467,0.232829
1121,test,texture,0,0,0.158821,0.241213
1122,test,colour,1,1,0.044593,0.902602
1122,test,packing,0,0,0.127952,0.118706
1122,test,price,0,0,0.141508,0.175435
1122,test,shipping,0,0,0.156482,0.160123
1122,test,smell,0,0,0.138965,0.123392
1122,test,stayingpower,0,0,0.151642,0.158978
1122,test,texture,0,0,0.194831,0.229232
1123,test,colour,1,1,0.111004,0.742221
1123,test,packing,0,0,0.212208,0.224555
1123,test,price,1,1,0.152076,0.668481
1123,test,shipping,0,0,0.21331,0.262995
1123,test,smell,0,0,0.213755,0.205796
1123,test,stayingpower,2,2,0.952114,0.025506
1123,test,texture,0,2,0.466564,0.329264
1124,test,colour,0,0,0.158236,0.122972
1124,test,packing,0,0,0.126462,0.123622
1124,test,price,0,0,0.125019,0.138998
1124,test,shipping,0,0,0.133107,0.118807
1124,test,smell,0,0,0.115315,0.091572
1124,test,stayingpower,0,0,0.142287,0.118232
1124,test,texture,0,0,0.12772,0.136298
1125,test,colour,1,1,0.155201,0.726901
1125,test,packing,1,1,0.181693,0.633457
1125,test,price,0,0,0.200749,0.160971
1125,test,shipping,0,0,0.344846,0.252885
1125,test,smell,1,2,0.562214,0.407406
1125,test,stayingpower,1,1,0.191543,0.567836
1125,test,texture,3,1,0.102332,0.792902
1126,test,colour,1,1,0.045407,0.903491
1126,test,packing,0,0,0.128201,0.14181
1126,test,price,0,0,0.139964,0.187072
1126,test,shipping,0,0,0.151876,0.184708
1126,test,smell,0,0,0.126559,0.102417
1126,test,stayingpower,0,0,0.141655,0.158031
1126,test,texture,0,0,0.189053,0.218099
1127,test,colour,0,0,0.21488,0.125755
1127,test,packing,0,2,0.771202,0.134127
1127,test,price,0,0,0.237694,0.294227
1127,test,shipping,2,2,0.813254,0.064023
1127,test,smell,0,0,0.257542,0.234286
1127,test,stayingpower,0,0,0.213596,0.154454
1127,test,texture,0,0,0.382831,0.129705
1128,test,colour,1,1,0.084577,0.835957
1128,test,packing,0,0,0.137867,0.194494
1128,test,price,0,0,0.15285,0.186097
1128,test,shipping,1,1,0.054811,0.884229
1128,test,smell,0,0,0.168849,0.178488
1128,test,stayingpower,0,0,0.143456,0.155294
1128,test,texture,0,0,0.175647,0.183117
1129,test,colour,1,1,0.092154,0.833019
1129,test,packing,1,1,0.086783,0.840124
1129,test,price,0,0,0.182988,0.187932
1129,test,shipping,1,1,0.091076,0.835171
1129,test,smell,0,0,0.190941,0.200823
1129,test,stayingpower,0,0,0.189192,0.192359
1129,test,texture,0,0,0.185262,0.184647
1130,test,colour,0,0,0.156924,0.155454
1130,test,packing,0,0,0.140253,0.133267
1130,test,price,1,1,0.046897,0.9196
1130,test,shipping,0,0,0.123325,0.166955
1130,test,smell,0,0,0.139582,0.144926
1130,test,stayingpower,0,0,0.146272,0.128525
1130,test,texture,0,0,0.192949,0.17799
1131,test,colour,0,0,0.202963,0.314587
1131,test,packing,0,0,0.203631,0.153993
1131,test,price,0,0,0.165392,0.206236
1131,test,shipping,0,0,0.154783,0.183163
1131,test,smell,1,1,0.049319,0.923365
1131,test,stayingpower,0,0,0.127995,0.383026
1131,test,texture,1,1,0.074262,0.82107
1132,test,colour,0,0,0.189913,0.175363
1132,test,packing,1,1,0.177317,0.75923
1132,test,price,0,0,0.183656,0.202422
1132,test,shipping,2,2,0.933417,0.033631
1132,test,smell,0,0,0.169141,0.172617
1132,test,stayingpower,0,0,0.187343,0.213153
1132,test,texture,0,0,0.139582,0.20591
1133,test,colour,1,1,0.043437,0.905549
1133,test,packing,0,0,0.12997,0.144439
1133,test,price,0,0,0.140462,0.160233
1133,test,shipping,0,0,0.158177,0.185943
1133,test,smell,0,0,0.132854,0.101551
1133,test,stayingpower,0,0,0.156404,0.167884
1133,test,texture,0,0,0.186178,0.22019
1134,test,colour,0,0,0.152944,0.126637
1134,test,packing,0,0,0.127102,0.120482
1134,test,price,0,0,0.129045,0.143899
1134,test,shipping,0,0,0.122217,0.112896
1134,test,smell,0,0,0.112088,0.088982
1134,test,stayingpower,0,0,0.150563,0.122261
1134,test,texture,0,0,0.132516,0.141448
1135,test,colour,1,1,0.07454,0.857854
1135,test,packing,0,0,0.198545,0.206254
1135,test,price,0,0,0.176514,0.190123
1135,test,shipping,0,0,0.196625,0.16768
1135,test,smell,1,1,0.098847,0.780639
1135,test,stayingpower,3,1,0.239836,0.587713
1135,test,texture,1,1,0.058056,0.888441
1136,test,colour,0,0,0.21337,0.188867
1136,test,packing,0,0,0.130959,0.216912
1136,test,price,0,0,0.147354,0.171502
1136,test,shipping,1,1,0.041196,0.90887
1136,test,smell,0,0,0.153873,0.134071
1136,test,stayingpower,0,0,0.161692,0.139739
1136,test,texture,0,0,0.142962,0.132935
1137,test,colour,0,0,0.175176,0.145754
1137,test,packing,0,0,0.122862,0.128949
1137,test,price,0,0,0.118459,0.124713
1137,test,shipping,0,0,0.120442,0.126028
1137,test,smell,0,0,0.104922,0.089096
1137,test,stayingpower,0,0,0.140101,0.131458
1137,test,texture,0,0,0.124577,0.148099
1138,test,colour,0,0,0.158075,0.117491
1138,test,packing,0,0,0.123383,0.129604
1138,test,price,0,0,0.124277,0.137405
1138,test,shipping,0,0,0.124376,0.125776
1138,test,smell,0,0,0.123094,0.101099
1138,test,stayingpower,0,0,0.15678,0.117646
1138,test,texture,0,0,0.144875,0.148632
1139,test,colour,0,0,0.107187,0.125702
1139,test,packing,1,1,0.125296,0.654772
1139,test,price,0,0,0.108864,0.186848
1139,test,shipping,0,0,0.092243,0.158233
1139,test,smell,0,0,0.093373,0.131464
1139,test,stayingpower,0,0,0.152381,0.142543
1139,test,texture,0,0,0.107039,0.229839
1140,test,colour,2,2,0.924547,0.030875
1140,test,packing,0,1,0.130691,0.76246
1140,test,price,0,0,0.179399,0.162085
1140,test,shipping,0,1,0.228246,0.401661
1140,test,smell,0,0,0.243685,0.290292
1140,test,stayingpower,0,0,0.168374,0.184604
1140,test,texture,0,0,0.158961,0.206991
1141,test,colour,0,0,0.17507,0.344574
1141,test,packing,0,0,0.20115,0.244346
1141,test,price,0,0,0.160553,0.184395
1141,test,shipping,2,2,0.956573,0.020035
1141,test,smell,0,0,0.187992,0.198953
1141,test,stayingpower,0,0,0.126827,0.197233
1141,test,texture,0,0,0.153319,0.217773
1142,test,colour,0,0,0.213464,0.189002
1142,test,packing,0,0,0.13251,0.251703
1142,test,price,0,0,0.153268,0.199398
1142,test,shipping,1,1,0.035197,0.923988
1142,test,smell,0,0,0.153185,0.145684
1142,test,stayingpower,0,0,0.166286,0.142897
1142,test,texture,0,0,0.145078,0.139758
1143,test,colour,1,1,0.059208,0.891644
1143,test,packing,0,0,0.143874,0.207986
1143,test,price,0,0,0.15382,0.1681
1143,test,shipping,1,1,0.059917,0.865735
1143,test,smell,0,0,0.177111,0.218638
1143,test,stayingpower,0,0,0.155756,0.185509
1143,test,texture,0,0,0.192932,0.24077
1144,test,colour,0,0,0.234771,0.281887
1144,test,packing,1,1,0.136941,0.80831
1144,test,price,1,1,0.085786,0.86344
1144,test,shipping,0,0,0.200364,0.301121
1144,test,smell,1,1,0.106718,0.793296
1144,test,stayingpower,0,0,0.120222,0.173941
1144,test,texture,0,0,0.213933,0.347601
1145,test,colour,0,0,0.282958,0.15762
1145,test,packing,2,2,0.827753,0.113514
1145,test,price,0,0,0.262581,0.313774
1145,test,shipping,0,2,0.821944,0.073386
1145,test,smell,0,0,0.35963,0.261355
1145,test,stayingpower,0,0,0.410273,0.151183
1145,test,texture,0,2,0.460271,0.151153
1146,test,colour,0,0,0.178069,0.133324
1146,test,packing,1,1,0.076643,0.88329
1146,test,price,0,0,0.146587,0.193121
1146,test,shipping,0,0,0.146589,0.177089
1146,test,smell,0,0,0.127721,0.138291
1146,test,stayingpower,0,0,0.176705,0.144977
1146,test,texture,0,0,0.141156,0.16642
1147,test,colour,0,0,0.12523,0.138938
1147,test,packing,0,0,0.125165,0.128692
1147,test,price,0,0,0.13065,0.258198
1147,test,shipping,0,0,0.107596,0.139152
1147,test,smell,0,0,0.102549,0.103235
1147,test,stayingpower,0,0,0.131116,0.095021
1147,test,texture,0,0,0.114419,0.126662
1148,test,colour,0,0,0.157851,0.21812
1148,test,packing,0,0,0.114393,0.117171
1148,test,price,0,0,0.125039,0.150599
1148,test,shipping,0,0,0.108589,0.119481
1148,test,smell,0,0,0.110736,0.104811
1148,test,stayingpower,0,0,0.117497,0.105069
1148,test,texture,0,0,0.117291,0.139203
1149,test,colour,1,1,0.079768,0.795079
1149,test,packing,0,0,0.155401,0.12599
1149,test,price,0,0,0.177738,0.218276
1149,test,shipping,0,0,0.160251,0.156594
1149,test,smell,0,0,0.249917,0.136673
1149,test,stayingpower,0,2,0.460191,0.259952
1149,test,texture,2,2,0.911861,0.051675
1150,test,colour,0,0,0.149281,0.17708
1150,test,packing,0,0,0.117707,0.14539
1150,test,price,0,0,0.107268,0.144185
1150,test,shipping,0,0,0.123332,0.100113
1150,test,smell,0,0,0.089674,0.150075
1150,test,stayingpower,0,1,0.181717,0.483406
1150,test,texture,0,1,0.095971,0.709109
1151,test,colour,1,1,0.071455,0.87625
1151,test,packing,0,0,0.196583,0.264973
1151,test,price,0,0,0.178798,0.194992
1151,test,shipping,1,1,0.06738,0.864894
1151,test,smell,1,1,0.138803,0.75167
1151,test,stayingpower,0,0,0.123381,0.188273
1151,test,texture,0,0,0.178583,0.380749
1152,test,colour,0,0,0.160212,0.126543
1152,test,packing,0,0,0.127622,0.125574
1152,test,price,0,0,0.125597,0.135623
1152,test,shipping,0,0,0.123925,0.121475
1152,test,smell,0,0,0.114007,0.091476
1152,test,stayingpower,0,0,0.148713,0.115468
1152,test,texture,0,0,0.127552,0.137579
1153,test,colour,1,1,0.043509,0.905951
1153,test,packing,0,0,0.118469,0.10128
1153,test,price,0,0,0.137345,0.183259
1153,test,shipping,0,0,0.159335,0.148154
1153,test,smell,0,0,0.149577,0.237405
1153,test,stayingpower,0,1,0.198112,0.550724
1153,test,texture,1,1,0.142372,0.766325
1154,test,colour,0,0,0.139089,0.149895
1154,test,packing,0,0,0.126665,0.118617
1154,test,price,0,0,0.125436,0.214956
1154,test,shipping,0,0,0.097384,0.099887
1154,test,smell,0,0,0.120779,0.159785
1154,test,stayingpower,0,0,0.116416,0.089859
1154,test,texture,0,0,0.12735,0.151433
1155,test,colour,0,0,0.144826,0.217065
1155,test,packing,0,0,0.122892,0.121982
1155,test,price,0,0,0.118978,0.139619
1155,test,shipping,0,0,0.113253,0.125249
1155,test,smell,0,0,0.115804,0.104813
1155,test,stayingpower,0,0,0.124681,0.098011
1155,test,texture,0,0,0.118345,0.131528
1156,test,colour,0,1,0.146616,0.480023
1156,test,packing,0,0,0.207058,0.243574
1156,test,price,0,0,0.184208,0.292577
1156,test,shipping,0,0,0.17307,0.19023
1156,test,smell,0,0,0.147018,0.31463
1156,test,stayingpower,2,2,0.918021,0.064298
1156,test,texture,1,1,0.095162,0.785291
1157,test,colour,1,1,0.11932,0.74899
1157,test,packing,0,0,0.171825,0.170026
1157,test,price,1,1,0.079012,0.848767
1157,test,shipping,0,0,0.272696,0.23401
1157,test,smell,2,2,0.612558,0.289064
1157,test,stayingpower,1,1,0.267542,0.517603
1157,test,texture,1,1,0.101874,0.837339
1158,test,colour,3,2,0.719918,0.227804
1158,test,packing,0,0,0.128984,0.126481
1158,test,price,0,0,0.139319,0.140753
1158,test,shipping,0,0,0.070413,0.131616
1158,test,smell,0,0,0.140304,0.134436
1158,test,stayingpower,0,0,0.173815,0.150138
1158,test,texture,0,0,0.302413,0.190455
1159,test,colour,0,0,0.222668,0.26031
1159,test,packing,1,1,0.063414,0.889225
1159,test,price,0,0,0.162791,0.190693
1159,test,shipping,1,1,0.062732,0.883494
1159,test,smell,0,0,0.165709,0.147887
1159,test,stayingpower,0,0,0.184725,0.180135
1159,test,texture,0,0,0.157185,0.14871
1160,test,colour,0,0,0.216637,0.229447
1160,test,packing,1,1,0.069528,0.876633
1160,test,price,0,0,0.172256,0.212968
1160,test,shipping,1,1,0.045767,0.906298
1160,test,smell,0,0,0.182679,0.172573
1160,test,stayingpower,0,0,0.188857,0.179071
1160,test,texture,0,0,0.16442,0.147416
1161,test,colour,1,1,0.051102,0.891493
1161,test,packing,0,0,0.134055,0.167411
1161,test,price,0,0,0.156497,0.168672
1161,test,shipping,0,0,0.172803,0.142216
1161,test,smell,0,0,0.149408,0.202812
1161,test,stayingpower,1,1,0.174816,0.647741
1161,test,texture,1,1,0.07715,0.824922
1162,test,colour,0,0,0.242364,0.177853
1162,test,packing,0,0,0.204576,0.240892
1162,test,price,0,0,0.183921,0.209049
1162,test,shipping,2,2,0.959021,0.019152
1162,test,smell,0,0,0.190976,0.151109
1162,test,stayingpower,0,0,0.163945,0.224567
1162,test,texture,0,0,0.152605,0.211691
1163,test,colour,0,0,0.162697,0.129911
1163,test,packing,0,0,0.124383,0.115978
1163,test,price,0,0,0.128166,0.149696
1163,test,shipping,0,0,0.125496,0.115702
1163,test,smell,0,0,0.114517,0.086456
1163,test,stayingpower,0,0,0.146524,0.120724
1163,test,texture,0,0,0.129539,0.139589
1164,test,colour,0,0,0.134488,0.220825
1164,test,packing,0,0,0.116063,0.127113
1164,test,price,0,0,0.122089,0.159533
1164,test,shipping,0,0,0.089689,0.108081
1164,test,smell,0,0,0.098049,0.091348
1164,test,stayingpower,0,0,0.138327,0.119625
1164,test,texture,0,0,0.128108,0.169722
1165,test,colour,0,0,0.210236,0.359874
1165,test,packing,0,0,0.269437,0.167353
1165,test,price,1,1,0.091043,0.828027
1165,test,shipping,0,0,0.138605,0.192905
1165,test,smell,1,1,0.046082,0.92724
1165,test,stayingpower,0,0,0.126257,0.242115
1165,test,texture,1,1,0.15862,0.6813
1166,test,colour,1,1,0.066687,0.843258
1166,test,packing,0,0,0.217597,0.227734
1166,test,price,1,1,0.120512,0.757845
1166,test,shipping,2,2,0.924896,0.036645
1166,test,smell,0,0,0.241627,0.222679
1166,test,stayingpower,0,0,0.173827,0.285634
1166,test,texture,0,0,0.249834,0.349762
1167,test,colour,1,1,0.068358,0.884503
1167,test,packing,0,0,0.160591,0.221894
1167,test,price,0,0,0.162783,0.197839
1167,test,shipping,1,1,0.082487,0.808073
1167,test,smell,0,0,0.212445,0.323724
1167,test,stayingpower,0,1,0.338241,0.408832
1167,test,texture,3,2,0.65528,0.271929
1168,test,colour,1,1,0.035696,0.930966
1168,test,packing,0,0,0.129598,0.137168
1168,test,price,0,0,0.141885,0.181491
1168,test,shipping,0,0,0.142791,0.175281
1168,test,smell,0,0,0.131342,0.126329
1168,test,stayingpower,0,0,0.175073,0.256302
1168,test,texture,0,0,0.180182,0.381469
1169,test,colour,1,1,0.104847,0.790377
1169,test,packing,0,0,0.156288,0.156919
1169,test,price,1,1,0.145401,0.666396
1169,test,shipping,0,0,0.232531,0.19752
1169,test,smell,2,2,0.857187,0.087934
1169,test,stayingpower,0,2,0.439917,0.334945
1169,test,texture,1,1,0.299214,0.61196
1170,test,colour,1,1,0.051276,0.887495
1170,test,packing,0,0,0.127764,0.113013
1170,test,price,0,0,0.146399,0.154252
1170,test,shipping,0,0,0.142876,0.143554
1170,test,smell,0,0,0.143227,0.298913
1170,test,stayingpower,0,1,0.180077,0.562734
1170,test,texture,1,1,0.088307,0.816387
1171,test,colour,3,2,0.636627,0.310924
1171,test,packing,0,0,0.13486,0.157479
1171,test,price,1,1,0.073512,0.857807
1171,test,shipping,0,0,0.13358,0.217306
1171,test,smell,0,0,0.170717,0.201621
1171,test,stayingpower,1,2,0.421293,0.297546
1171,test,texture,0,1,0.199997,0.546428
1172,test,colour,1,1,0.145272,0.754534
1172,test,packing,0,0,0.186946,0.25152
1172,test,price,0,0,0.20719,0.259534
1172,test,shipping,0,0,0.32591,0.291061
1172,test,smell,2,2,0.933834,0.031733
1172,test,stayingpower,0,0,0.192164,0.228865
1172,test,texture,0,2,0.384754,0.230682
1173,test,colour,1,1,0.065281,0.871205
1173,test,packing,1,1,0.119594,0.709528
1173,test,price,0,0,0.159914,0.150234
1173,test,shipping,1,1,0.066176,0.869337
1173,test,smell,0,0,0.178187,0.207337
1173,test,stayingpower,0,0,0.171362,0.21727
1173,test,texture,0,0,0.188849,0.217121
1174,test,colour,0,0,0.159096,0.400887
1174,test,packing,0,1,0.091709,0.806222
1174,test,price,0,0,0.154172,0.18591
1174,test,shipping,0,0,0.213732,0.180884
1174,test,smell,0,0,0.115907,0.171039
1174,test,stayingpower,1,1,0.283911,0.615101
1174,test,texture,1,1,0.068707,0.812116
1175,test,colour,1,1,0.067874,0.8585
1175,test,packing,0,0,0.120927,0.115892
1175,test,price,0,0,0.133196,0.145376
1175,test,shipping,0,0,0.147208,0.14197
1175,test,smell,0,0,0.126981,0.093293
1175,test,stayingpower,0,0,0.149641,0.152979
1175,test,texture,0,0,0.182812,0.189301
1176,test,colour,0,0,0.144081,0.246017
1176,test,packing,0,0,0.118711,0.104102
1176,test,price,0,0,0.133851,0.235418
1176,test,shipping,0,0,0.09344,0.088944
1176,test,smell,0,0,0.118824,0.239591
1176,test,stayingpower,0,1,0.184582,0.552453
1176,test,texture,1,1,0.067204,0.839183
1177,test,colour,0,0,0.162664,0.258126
1177,test,packing,0,0,0.116102,0.099156
1177,test,price,0,0,0.128682,0.204291
1177,test,shipping,0,0,0.120349,0.090954
1177,test,smell,0,0,0.126682,0.37151
1177,test,stayingpower,0,1,0.149957,0.532332
1177,test,texture,1,1,0.055297,0.853886
1178,test,colour,1,1,0.120074,0.741769
1178,test,packing,0,0,0.200804,0.219564
1178,test,price,0,0,0.160232,0.189583
1178,test,shipping,2,2,0.952612,0.02767
1178,test,smell,0,0,0.21906,0.164701
1178,test,stayingpower,0,0,0.176868,0.234747
1178,test,texture,0,0,0.224906,0.235035
1179,test,colour,1,1,0.110491,0.752122
1179,test,packing,0,0,0.214441,0.142462
1179,test,price,1,1,0.117748,0.780541
1179,test,shipping,0,0,0.183901,0.193428
1179,test,smell,1,1,0.129095,0.81818
1179,test,stayingpower,0,0,0.189955,0.359516
1179,test,texture,1,2,0.656831,0.293772
1180,test,colour,1,1,0.117922,0.725634
1180,test,packing,0,0,0.179281,0.355626
1180,test,price,0,0,0.18109,0.334305
1180,test,shipping,1,1,0.132621,0.713594
1180,test,smell,0,0,0.145957,0.187666
1180,test,stayingpower,2,2,0.913689,0.063168
1180,test,texture,0,1,0.213791,0.583196
1181,test,colour,0,0,0.186054,0.322726
1181,test,packing,0,0,0.129049,0.245821
1181,test,price,0,0,0.137191,0.148096
1181,test,shipping,1,1,0.04096,0.902648
1181,test,smell,0,0,0.147918,0.148274
1181,test,stayingpower,0,0,0.136502,0.118014
1181,test,texture,0,0,0.132304,0.125053
1182,test,colour,1,1,0.124498,0.763637
1182,test,packing,0,0,0.202345,0.155469
1182,test,price,0,0,0.184952,0.24833
1182,test,shipping,0,0,0.181246,0.194225
1182,test,smell,1,1,0.057514,0.90443
1182,test,stayingpower,0,1,0.147504,0.458094
1182,test,texture,1,1,0.066433,0.861681
1183,test,colour,2,2,0.957615,0.017101
1183,test,packing,0,0,0.200801,0.226753
1183,test,price,0,0,0.190418,0.217335
1183,test,shipping,0,0,0.222766,0.233042
1183,test,smell,0,0,0.240043,0.233196
1183,test,stayingpower,0,0,0.204293,0.196962
1183,test,texture,0,0,0.203209,0.234798
1184,test,colour,0,0,0.178411,0.196856
1184,test,packing,1,1,0.052078,0.91744
1184,test,price,0,0,0.147358,0.199636
1184,test,shipping,0,0,0.183884,0.243895
1184,test,smell,0,0,0.132806,0.124963
1184,test,stayingpower,0,0,0.179036,0.157319
1184,test,texture,0,0,0.142511,0.173828
1185,test,colour,0,0,0.157603,0.126517
1185,test,packing,0,0,0.128216,0.121514
1185,test,price,0,0,0.125715,0.130806
1185,test,shipping,0,0,0.123258,0.120403
1185,test,smell,0,0,0.119961,0.099795
1185,test,stayingpower,0,0,0.14082,0.11256
1185,test,texture,0,0,0.130662,0.133592
1186,test,colour,0,0,0.221032,0.245781
1186,test,packing,1,1,0.087817,0.820717
1186,test,price,0,0,0.178938,0.188361
1186,test,shipping,1,1,0.037627,0.932318
1186,test,smell,0,0,0.181171,0.174808
1186,test,stayingpower,0,0,0.192454,0.178231
1186,test,texture,0,0,0.15673,0.149038
1187,test,colour,0,0,0.151423,0.134012
1187,test,packing,0,0,0.12845,0.123355
1187,test,price,0,0,0.123496,0.131263
1187,test,shipping,0,0,0.116023,0.11744
1187,test,smell,0,0,0.117093,0.099926
1187,test,stayingpower,0,0,0.145508,0.115411
1187,test,texture,0,0,0.12757,0.141996
1188,test,colour,1,1,0.175112,0.657852
1188,test,packing,0,0,0.251033,0.231725
1188,test,price,0,0,0.232758,0.279488
1188,test,shipping,0,0,0.166017,0.219046
1188,test,smell,1,1,0.250356,0.47467
1188,test,stayingpower,2,2,0.933875,0.033122
1188,test,texture,2,2,0.772736,0.152039
1189,test,colour,1,1,0.267372,0.453979
1189,test,packing,0,0,0.121937,0.168868
1189,test,price,1,1,0.072913,0.838522
1189,test,shipping,1,1,0.049838,0.862822
1189,test,smell,0,0,0.130269,0.141782
1189,test,stayingpower,0,0,0.146128,0.131153
1189,test,texture,0,0,0.176225,0.173404
1190,test,colour,0,0,0.231359,0.37794
1190,test,packing,0,0,0.230754,0.184648
1190,test,price,1,1,0.12306,0.788586
1190,test,shipping,0,0,0.230081,0.22463
1190,test,smell,0,0,0.362645,0.177294
1190,test,stayingpower,2,2,0.907587,0.039604
1190,test,texture,2,2,0.86764,0.069874
1191,test,colour,0,0,0.166614,0.13514
1191,test,packing,1,1,0.063142,0.895823
1191,test,price,0,0,0.142038,0.176849
1191,test,shipping,0,0,0.167892,0.240692
1191,test,smell,0,0,0.13533,0.144195
1191,test,stayingpower,0,0,0.156297,0.136766
1191,test,texture,0,0,0.135102,0.159107
1192,test,colour,0,0,0.144432,0.133999
1192,test,packing,0,0,0.127953,0.127024
1192,test,price,0,0,0.130242,0.175867
1192,test,shipping,0,0,0.112716,0.147676
1192,test,smell,0,0,0.111217,0.100593
1192,test,stayingpower,0,0,0.133097,0.097689
1192,test,texture,0,0,0.118686,0.116516
1193,test,colour,1,1,0.193429,0.569656
1193,test,packing,1,1,0.233091,0.586476
1193,test,price,0,0,0.212641,0.238661
1193,test,shipping,2,2,0.94348,0.030482
1193,test,smell,0,0,0.222616,0.170964
1193,test,stayingpower,2,2,0.798376,0.128197
1193,test,texture,0,1,0.207446,0.467154
1194,test,colour,1,1,0.062945,0.883828
1194,test,packing,0,0,0.197324,0.152592
1194,test,price,0,0,0.175267,0.271157
1194,test,shipping,0,0,0.145532,0.236374
1194,test,smell,1,1,0.105611,0.835795
1194,test,stayingpower,0,0,0.099931,0.155563
1194,test,texture,0,1,0.195165,0.43253
1195,test,colour,0,0,0.149921,0.222103
1195,test,packing,0,0,0.136871,0.206567
1195,test,price,0,0,0.115055,0.189008
1195,test,shipping,0,0,0.122832,0.091852
1195,test,smell,0,0,0.115803,0.362811
1195,test,stayingpower,0,1,0.14477,0.525018
1195,test,texture,1,1,0.050353,0.846013
1196,test,colour,0,0,0.153635,0.116636
1196,test,packing,0,0,0.129333,0.137855
1196,test,price,0,0,0.125271,0.150627
1196,test,shipping,0,0,0.122396,0.111069
1196,test,smell,0,0,0.109694,0.09722
1196,test,stayingpower,0,0,0.139149,0.117154
1196,test,texture,0,0,0.128689,0.141086
1197,test,colour,2,2,0.782361,0.199591
1197,test,packing,0,0,0.148704,0.234862
1197,test,price,0,0,0.138604,0.150383
1197,test,shipping,0,0,0.155146,0.271386
1197,test,smell,0,0,0.184662,0.362683
1197,test,stayingpower,0,0,0.224716,0.354944
1197,test,texture,1,1,0.114884,0.641191
1198,test,colour,0,0,0.192817,0.166385
1198,test,packing,1,0,0.151692,0.386562
1198,test,price,1,1,0.080834,0.83809
1198,test,shipping,1,1,0.045238,0.892454
1198,test,smell,0,0,0.152365,0.143893
1198,test,stayingpower,0,0,0.159526,0.131045
1198,test,texture,0,0,0.168707,0.133405
1199,test,colour,1,1,0.316315,0.597199
1199,test,packing,0,0,0.212007,0.192436
1199,test,price,0,0,0.172695,0.197403
1199,test,shipping,0,0,0.154427,0.187798
1199,test,smell,1,1,0.057314,0.85114
1199,test,stayingpower,1,2,0.413222,0.408513
1199,test,texture,1,1,0.144508,0.801847
1200,test,colour,1,1,0.104326,0.798881
1200,test,packing,0,0,0.152429,0.252638
1200,test,price,1,1,0.094795,0.805769
1200,test,shipping,1,1,0.042758,0.904451
1200,test,smell,0,0,0.183395,0.207923
1200,test,stayingpower,0,0,0.183476,0.194021
1200,test,texture,0,0,0.231704,0.239448
1201,test,colour,0,0,0.140379,0.134734
1201,test,packing,0,0,0.122054,0.114733
1201,test,price,0,0,0.123419,0.16398
1201,test,shipping,0,0,0.109046,0.118369
1201,test,smell,0,0,0.112477,0.116479
1201,test,stayingpower,0,0,0.134769,0.108157
1201,test,texture,0,0,0.126113,0.153018
1202,test,colour,1,1,0.041379,0.909297
1202,test,packing,0,0,0.129072,0.135201
1202,test,price,0,0,0.14384,0.176201
1202,test,shipping,0,0,0.158645,0.176263
1202,test,smell,0,0,0.134269,0.103405
1202,test,stayingpower,0,0,0.156798,0.170948
1202,test,texture,0,0,0.187897,0.232912
1203,test,colour,0,0,0.193513,0.138767
1203,test,packing,0,0,0.194379,0.184872
1203,test,price,0,0,0.11546,0.123588
1203,test,shipping,0,0,0.125663,0.100576
1203,test,smell,0,0,0.122437,0.103653
1203,test,stayingpower,0,0,0.12361,0.096395
1203,test,texture,0,0,0.138695,0.112659
1204,test,colour,1,1,0.061732,0.823674
1204,test,packing,1,1,0.143734,0.715411
1204,test,price,1,1,0.075772,0.870771
1204,test,shipping,0,0,0.200002,0.244026
1204,test,smell,1,0,0.169677,0.213072
1204,test,stayingpower,0,0,0.181284,0.19574
1204,test,texture,0,0,0.231439,0.271331
1205,test,colour,0,0,0.130204,0.18558
1205,test,packing,0,0,0.138548,0.150713
1205,test,price,1,1,0.059193,0.884621
1205,test,shipping,0,0,0.105413,0.159579
1205,test,smell,0,0,0.117097,0.12569
1205,test,stayingpower,0,0,0.132375,0.11589
1205,test,texture,0,0,0.158293,0.154623
1206,test,colour,0,0,0.1688,0.140604
1206,test,packing,0,0,0.124795,0.122315
1206,test,price,0,0,0.136124,0.196184
1206,test,shipping,0,0,0.103487,0.133431
1206,test,smell,0,0,0.117454,0.096373
1206,test,stayingpower,0,0,0.133044,0.096815
1206,test,texture,0,0,0.117649,0.112713
1207,test,colour,1,1,0.053403,0.877053
1207,test,packing,0,0,0.160427,0.1437
1207,test,price,0,0,0.188357,0.262037
1207,test,shipping,0,0,0.153942,0.189928
1207,test,smell,0,0,0.199861,0.127513
1207,test,stayingpower,0,0,0.373894,0.216193
1207,test,texture,2,2,0.872444,0.055203
1208,test,colour,1,1,0.082196,0.83931
1208,test,packing,0,0,0.222087,0.17212
1208,test,price,1,1,0.105062,0.803935
1208,test,shipping,0,0,0.209847,0.223334
1208,test,smell,1,1,0.103941,0.838116
1208,test,stayingpower,0,1,0.159748,0.440539
1208,test,texture,1,1,0.104274,0.816428
1209,test,colour,0,1,0.140433,0.75016
1209,test,packing,0,0,0.169729,0.225741
1209,test,price,0,0,0.176993,0.228093
1209,test,shipping,0,1,0.228287,0.477745
1209,test,smell,1,2,0.898472,0.070751
1209,test,stayingpower,0,0,0.142193,0.326007
1209,test,texture,1,1,0.263719,0.454565
1210,test,colour,0,0,0.2155,0.27725
1210,test,packing,0,0,0.214096,0.144499
1210,test,price,1,1,0.091853,0.809018
1210,test,shipping,0,0,0.151927,0.16935
1210,test,smell,1,1,0.068574,0.887216
1210,test,stayingpower,0,0,0.133375,0.37963
1210,test,texture,1,1,0.071495,0.845741
1211,test,colour,0,0,0.180495,0.166186
1211,test,packing,1,1,0.168757,0.772192
1211,test,price,0,0,0.178944,0.204936
1211,test,shipping,2,2,0.921497,0.031849
1211,test,smell,0,0,0.164349,0.177217
1211,test,stayingpower,0,0,0.177971,0.210617
1211,test,texture,0,0,0.1358,0.215467
1212,test,colour,0,0,0.21837,0.225835
1212,test,packing,0,0,0.128674,0.228622
1212,test,price,0,0,0.144995,0.16054
1212,test,shipping,1,1,0.038564,0.910853
1212,test,smell,0,0,0.151647,0.135237
1212,test,stayingpower,0,0,0.158642,0.133916
1212,test,texture,0,0,0.137561,0.128857
1213,test,colour,1,1,0.056637,0.842997
1213,test,packing,0,0,0.13313,0.121115
1213,test,price,1,1,0.082279,0.828297
1213,test,shipping,0,0,0.133642,0.159051
1213,test,smell,0,0,0.160136,0.250658
1213,test,stayingpower,0,1,0.201213,0.526198
1213,test,texture,1,1,0.100395,0.805605
1214,test,colour,1,1,0.046791,0.906256
1214,test,packing,0,0,0.127977,0.124148
1214,test,price,0,0,0.139587,0.172885
1214,test,shipping,0,0,0.139655,0.168336
1214,test,smell,0,0,0.131642,0.105142
1214,test,stayingpower,0,0,0.164541,0.175954
1214,test,texture,0,0,0.193573,0.243632
1215,test,colour,0,0,0.157234,0.122115
1215,test,packing,0,0,0.128825,0.124174
1215,test,price,0,0,0.126009,0.137804
1215,test,shipping,0,0,0.130675,0.115227
1215,test,smell,0,0,0.114421,0.090358
1215,test,stayingpower,0,0,0.145621,0.121616
1215,test,texture,0,0,0.129198,0.136028
1216,test,colour,0,0,0.201486,0.106986
1216,test,packing,0,0,0.285423,0.155248
1216,test,price,0,0,0.152026,0.25065
1216,test,shipping,0,0,0.129889,0.153049
1216,test,smell,1,1,0.058045,0.88986
1216,test,stayingpower,0,0,0.13228,0.247994
1216,test,texture,1,1,0.15499,0.660169
1217,test,colour,0,0,0.212244,0.257127
1217,test,packing,0,0,0.206698,0.167316
1217,test,price,1,1,0.07444,0.874328
1217,test,shipping,0,0,0.251947,0.193895
1217,test,smell,2,2,0.862703,0.087668
1217,test,stayingpower,0,0,0.132225,0.183314
1217,test,texture,0,0,0.348353,0.271568
1218,test,colour,0,0,0.161957,0.153255
1218,test,packing,0,0,0.140616,0.148457
1218,test,price,1,1,0.044669,0.92461
1218,test,shipping,0,0,0.139233,0.164832
1218,test,smell,0,0,0.141081,0.130027
1218,test,stayingpower,0,0,0.154042,0.139696
1218,test,texture,0,0,0.19667,0.180688
1219,test,colour,1,1,0.068427,0.819736
1219,test,packing,0,0,0.221894,0.168663
1219,test,price,0,0,0.227101,0.309484
1219,test,shipping,0,0,0.20163,0.175356
1219,test,smell,3,1,0.283836,0.626717
1219,test,stayingpower,0,2,0.493263,0.291837
1219,test,texture,1,2,0.835603,0.13837
1220,test,colour,1,1,0.048577,0.891092
1220,test,packing,0,0,0.124232,0.122073
1220,test,price,0,0,0.150076,0.210396
1220,test,shipping,0,0,0.135353,0.139584
1220,test,smell,0,0,0.141976,0.328718
1220,test,stayingpower,0,1,0.141865,0.537283
1220,test,texture,1,1,0.077363,0.815162
1221,test,colour,0,0,0.130268,0.144345
1221,test,packing,0,0,0.122894,0.11091
1221,test,price,0,0,0.126663,0.201366
1221,test,shipping,0,0,0.115414,0.142548
1221,test,smell,0,0,0.108065,0.120893
1221,test,stayingpower,0,0,0.127626,0.095107
1221,test,texture,0,0,0.115153,0.138282
1222,test,colour,1,1,0.06995,0.843158
1222,test,packing,1,1,0.148358,0.699951
1222,test,price,0,0,0.172564,0.186705
1222,test,shipping,2,2,0.913151,0.041146
1222,test,smell,0,0,0.203104,0.15498
1222,test,stayingpower,0,0,0.183074,0.289656
1222,test,texture,0,0,0.194446,0.328687
1223,test,colour,2,2,0.633276,0.323306
1223,test,packing,0,0,0.121363,0.13877
1223,test,price,0,0,0.12858,0.138141
1223,test,shipping,0,0,0.118746,0.180417
1223,test,smell,0,0,0.15425,0.141306
1223,test,stayingpower,0,0,0.129139,0.132326
1223,test,texture,0,0,0.151278,0.188194
1224,test,colour,1,1,0.1148,0.764521
1224,test,packing,1,1,0.107082,0.794478
1224,test,price,1,1,0.112982,0.781174
1224,test,shipping,1,1,0.077332,0.866296
1224,test,smell,0,0,0.195875,0.201796
1224,test,stayingpower,0,0,0.215042,0.214088
1224,test,texture,0,0,0.242013,0.209834
1225,test,colour,1,1,0.040941,0.910427
1225,test,packing,0,0,0.123431,0.116586
1225,test,price,0,0,0.148821,0.18367
1225,test,shipping,0,0,0.153901,0.144177
1225,test,smell,0,0,0.148483,0.268837
1225,test,stayingpower,0,1,0.156432,0.510905
1225,test,texture,0,1,0.092768,0.773934
1226,test,colour,1,1,0.09274,0.842685
1226,test,packing,0,0,0.183,0.140451
1226,test,price,1,1,0.090273,0.827375
1226,test,shipping,0,0,0.148376,0.187324
1226,test,smell,1,1,0.112004,0.772012
1226,test,stayingpower,0,0,0.135769,0.290309
1226,test,texture,1,1,0.126711,0.711257
1227,test,colour,1,1,0.098366,0.691624
1227,test,packing,0,0,0.227885,0.235893
1227,test,price,0,0,0.19881,0.283361
1227,test,shipping,0,0,0.194323,0.240448
1227,test,smell,0,0,0.147991,0.168888
1227,test,stayingpower,2,2,0.951014,0.029696
1227,test,texture,0,1,0.251657,0.439989
1228,test,colour,0,2,0.478313,0.244212
1228,test,packing,0,0,0.22784,0.204293
1228,test,price,0,0,0.23215,0.214063
1228,test,shipping,0,0,0.312725,0.232101
1228,test,smell,2,2,0.946669,0.033837
1228,test,stayingpower,0,0,0.179364,0.227932
1228,test,texture,2,2,0.628626,0.153813
1229,test,colour,0,0,0.208716,0.23876
1229,test,packing,1,1,0.106726,0.810725
1229,test,price,1,1,0.084274,0.851603
1229,test,shipping,1,1,0.074512,0.857833
1229,test,smell,0,0,0.180991,0.168011
1229,test,stayingpower,0,0,0.204963,0.184729
1229,test,texture,0,0,0.199219,0.172116
1230,test,colour,0,0,0.209976,0.130146
1230,test,packing,0,0,0.136504,0.110713
1230,test,price,0,0,0.12177,0.129307
1230,test,shipping,0,0,0.156775,0.10473
1230,test,smell,0,0,0.127237,0.112911
1230,test,stayingpower,0,0,0.12477,0.105249
1230,test,texture,0,0,0.131317,0.12064
1231,test,colour,1,1,0.037342,0.918898
1231,test,packing,0,0,0.107542,0.080969
1231,test,price,0,0,0.133514,0.180821
1231,test,shipping,0,0,0.14918,0.137047
1231,test,smell,0,0,0.134213,0.164113
1231,test,stayingpower,0,0,0.176913,0.359264
1231,test,texture,0,1,0.349124,0.457703
1232,test,colour,1,1,0.065601,0.849544
1232,test,packing,1,1,0.151811,0.666624
1232,test,price,0,0,0.16654,0.190749
1232,test,shipping,1,2,0.895241,0.058144
1232,test,smell,0,0,0.187582,0.165604
1232,test,stayingpower,0,0,0.149673,0.243612
1232,test,texture,0,0,0.179443,0.270867
1233,test,colour,1,1,0.047198,0.9069
1233,test,packing,0,0,0.128813,0.169442
1233,test,price,0,0,0.125436,0.119383
1233,test,shipping,3,1,0.145309,0.573577
1233,test,smell,0,0,0.144052,0.137031
1233,test,stayingpower,0,0,0.138274,0.1619
1233,test,texture,0,0,0.173912,0.205314
1234,test,colour,1,1,0.17519,0.631837
1234,test,packing,0,0,0.194023,0.20796
1234,test,price,0,0,0.183798,0.231097
1234,test,shipping,0,0,0.138229,0.205264
1234,test,smell,0,0,0.128682,0.233789
1234,test,stayingpower,0,2,0.945136,0.037399
1234,test,texture,1,1,0.243635,0.594668
1235,test,colour,0,0,0.154688,0.143694
1235,test,packing,0,0,0.123463,0.118831
1235,test,price,0,0,0.123272,0.136526
1235,test,shipping,0,0,0.114568,0.120105
1235,test,smell,0,0,0.121996,0.112563
1235,test,stayingpower,0,0,0.131196,0.108237
1235,test,texture,0,0,0.121772,0.13846
1236,test,colour,1,1,0.07604,0.82034
1236,test,packing,0,0,0.224065,0.2168
1236,test,price,1,1,0.117305,0.764226
1236,test,shipping,2,2,0.928024,0.034805
1236,test,smell,0,0,0.227772,0.195656
1236,test,stayingpower,0,0,0.193243,0.260399
1236,test,texture,0,0,0.252535,0.308567
1237,test,colour,0,1,0.272932,0.420588
1237,test,packing,0,0,0.272699,0.198997
1237,test,price,0,0,0.204827,0.284953
1237,test,shipping,2,2,0.955278,0.019988
1237,test,smell,0,2,0.41505,0.259379
1237,test,stayingpower,0,1,0.300051,0.415126
1237,test,texture,3,2,0.757032,0.182077
1238,test,colour,0,0,0.234508,0.153312
1238,test,packing,0,0,0.213737,0.172732
1238,test,price,1,1,0.099776,0.795046
1238,test,shipping,3,2,0.938841,0.027183
1238,test,smell,0,0,0.194909,0.217865
1238,test,stayingpower,0,0,0.153599,0.200974
1238,test,texture,0,0,0.204588,0.257398
1239,test,colour,0,0,0.226243,0.272179
1239,test,packing,0,0,0.280133,0.278558
1239,test,price,0,0,0.192254,0.233364
1239,test,shipping,2,2,0.943056,0.028153
1239,test,smell,1,1,0.110416,0.822736
1239,test,stayingpower,0,0,0.10096,0.255044
1239,test,texture,0,1,0.136046,0.485005
1240,test,colour,0,0,0.188431,0.380032
1240,test,packing,0,0,0.230462,0.148057
1240,test,price,0,0,0.188078,0.224066
1240,test,shipping,0,0,0.112563,0.156911
1240,test,smell,1,1,0.160765,0.746554
1240,test,stayingpower,0,0,0.260204,0.323595
1240,test,texture,1,2,0.856037,0.112801
1241,test,colour,1,1,0.052996,0.881853
1241,test,packing,0,0,0.135436,0.184554
1241,test,price,0,0,0.144339,0.148136
1241,test,shipping,0,0,0.173215,0.153741
1241,test,smell,0,0,0.128258,0.157575
1241,test,stayingpower,3,1,0.241006,0.628272
1241,test,texture,0,1,0.079777,0.796722
1242,test,colour,0,0,0.24967,0.155078
1242,test,packing,0,0,0.237952,0.176955
1242,test,price,1,1,0.079029,0.841397
1242,test,shipping,0,0,0.13339,0.177708
1242,test,smell,1,1,0.079227,0.875486
1242,test,stayingpower,0,0,0.080846,0.124882
1242,test,texture,0,1,0.178319,0.432638
1243,test,colour,0,0,0.156207,0.094947
1243,test,packing,0,0,0.144404,0.141204
1243,test,price,1,1,0.057385,0.892656
1243,test,shipping,0,0,0.134709,0.21465
1243,test,smell,0,0,0.12843,0.11553
1243,test,stayingpower,0,0,0.159736,0.126949
1243,test,texture,0,0,0.17255,0.147018
1244,test,colour,1,1,0.043421,0.907873
1244,test,packing,0,0,0.136317,0.11494
1244,test,price,1,1,0.079726,0.83958
1244,test,shipping,0,0,0.140974,0.152641
1244,test,smell,0,0,0.174637,0.180436
1244,test,stayingpower,2,0,0.224837,0.321296
1244,test,texture,1,1,0.230258,0.523181
1245,test,colour,1,1,0.127492,0.773265
1245,test,packing,1,1,0.110391,0.822719
1245,test,price,0,0,0.226007,0.21372
1245,test,shipping,1,1,0.064196,0.892039
1245,test,smell,1,1,0.154523,0.722208
1245,test,stayingpower,0,0,0.144851,0.232019
1245,test,texture,0,0,0.194037,0.32497
1246,test,colour,0,0,0.216173,0.249949
1246,test,packing,1,1,0.058633,0.896761
1246,test,price,0,0,0.165578,0.172989
1246,test,shipping,1,1,0.059488,0.875594
1246,test,smell,0,0,0.178688,0.168954
1246,test,stayingpower,0,0,0.181625,0.168483
1246,test,texture,0,0,0.157323,0.149649
1247,test,colour,0,0,0.233595,0.21013
1247,test,packing,0,0,0.105847,0.100425
1247,test,price,0,0,0.118422,0.142265
1247,test,shipping,0,0,0.132002,0.138321
1247,test,smell,0,0,0.114218,0.08629
1247,test,stayingpower,0,0,0.115898,0.102734
1247,test,texture,0,0,0.144287,0.126769
1248,test,colour,0,0,0.159295,0.254564
1248,test,packing,0,0,0.142938,0.161887
1248,test,price,0,0,0.147207,0.248924
1248,test,shipping,0,0,0.150319,0.113901
1248,test,smell,0,0,0.131921,0.262919
1248,test,stayingpower,1,1,0.211162,0.668019
1248,test,texture,1,1,0.045433,0.897073
1249,test,colour,0,0,0.17698,0.390117
1249,test,packing,0,0,0.241068,0.247895
1249,test,price,0,0,0.203411,0.28435
1249,test,shipping,0,0,0.191388,0.24378
1249,test,smell,0,0,0.167826,0.24186
1249,test,stayingpower,2,2,0.961357,0.025564
1249,test,texture,1,1,0.235196,0.546634
1250,test,colour,1,1,0.061139,0.870908
1250,test,packing,0,0,0.179423,0.156668
1250,test,price,0,0,0.212071,0.298022
1250,test,shipping,0,0,0.295502,0.239898
1250,test,smell,2,2,0.821953,0.104379
1250,test,stayingpower,0,0,0.211037,0.252534
1250,test,texture,2,2,0.837414,0.084636
1251,test,colour,0,0,0.216418,0.362244
1251,test,packing,0,0,0.218272,0.243677
1251,test,price,0,0,0.197908,0.268301
1251,test,shipping,0,0,0.144896,0.230928
1251,test,smell,0,0,0.139066,0.16415
1251,test,stayingpower,2,2,0.959263,0.025249
1251,test,texture,0,1,0.26558,0.455042
1252,test,colour,3,2,0.818837,0.147037
1252,test,packing,0,0,0.234095,0.25787
1252,test,price,1,1,0.129789,0.736262
1252,test,shipping,1,1,0.123443,0.664098
1252,test,smell,1,1,0.132807,0.796511
1252,test,stayingpower,0,0,0.164224,0.246157
1252,test,texture,0,1,0.15371,0.533343
1253,test,colour,1,1,0.048235,0.880861
1253,test,packing,0,0,0.132111,0.124081
1253,test,price,1,1,0.091177,0.798449
1253,test,shipping,0,0,0.157866,0.144304
1253,test,smell,0,0,0.16537,0.247329
1253,test,stayingpower,0,1,0.194007,0.517583
1253,test,texture,1,1,0.107663,0.783266
1254,test,colour,0,0,0.1474,0.155926
1254,test,packing,0,0,0.127369,0.113292
1254,test,price,1,1,0.051019,0.906609
1254,test,shipping,0,0,0.128773,0.162398
1254,test,smell,0,0,0.133364,0.134314
1254,test,stayingpower,0,0,0.136606,0.123944
1254,test,texture,0,0,0.189251,0.175998
1255,test,colour,0,0,0.204503,0.187967
1255,test,packing,0,0,0.201417,0.231007
1255,test,price,0,0,0.169789,0.204749
1255,test,shipping,2,2,0.950288,0.020024
1255,test,smell,0,0,0.168364,0.13853
1255,test,stayingpower,0,0,0.154458,0.211413
1255,test,texture,0,0,0.149715,0.197099
1256,test,colour,0,1,0.281944,0.416262
1256,test,packing,1,1,0.223871,0.555598
1256,test,price,0,0,0.260103,0.282373
1256,test,shipping,1,1,0.116328,0.758035
1256,test,smell,0,2,0.409602,0.255964
1256,test,stayingpower,0,2,0.647196,0.169223
1256,test,texture,2,2,0.928598,0.035687
1257,test,colour,0,1,0.122971,0.742489
1257,test,packing,0,0,0.135257,0.289084
1257,test,price,0,0,0.146666,0.17656
1257,test,shipping,1,1,0.09629,0.850646
1257,test,smell,0,0,0.159146,0.249632
1257,test,stayingpower,1,1,0.196058,0.674855
1257,test,texture,3,1,0.100789,0.781491
1258,test,colour,1,1,0.157721,0.650329
1258,test,packing,0,0,0.222671,0.314685
1258,test,price,0,0,0.199411,0.349421
1258,test,shipping,1,1,0.203397,0.531251
1258,test,smell,0,0,0.167827,0.197454
1258,test,stayingpower,2,2,0.960065,0.023717
1258,test,texture,0,1,0.28255,0.436533
1259,test,colour,0,0,0.167444,0.30578
1259,test,packing,1,1,0.120448,0.748858
1259,test,price,1,1,0.068956,0.867287
1259,test,shipping,0,0,0.232424,0.252242
1259,test,smell,0,0,0.138043,0.195555
1259,test,stayingpower,1,1,0.312726,0.539295
1259,test,texture,3,1,0.11366,0.738271
1260,test,colour,1,1,0.154436,0.766386
1260,test,packing,0,0,0.240235,0.258396
1260,test,price,0,0,0.216942,0.243815
1260,test,shipping,2,2,0.879709,0.063229
1260,test,smell,0,0,0.326585,0.202169
1260,test,stayingpower,2,2,0.835952,0.106252
1260,test,texture,1,2,0.630431,0.260374
1261,test,colour,0,0,0.198247,0.246011
1261,test,packing,0,0,0.145019,0.214596
1261,test,price,1,1,0.060112,0.885006
1261,test,shipping,1,1,0.06559,0.865523
1261,test,smell,0,0,0.158364,0.150628
1261,test,stayingpower,0,0,0.165995,0.142438
1261,test,texture,0,0,0.170386,0.158854
1262,test,colour,0,0,0.130668,0.363603
1262,test,packing,0,0,0.108664,0.093003
1262,test,price,0,0,0.121039,0.166118
1262,test,shipping,0,0,0.094206,0.100509
1262,test,smell,0,0,0.106258,0.110271
1262,test,stayingpower,0,0,0.118209,0.108909
1262,test,texture,0,0,0.139125,0.189765
1263,test,colour,0,0,0.240506,0.199744
1263,test,packing,0,0,0.216937,0.258648
1263,test,price,0,0,0.182432,0.196503
1263,test,shipping,2,2,0.961162,0.016506
1263,test,smell,0,0,0.198273,0.147538
1263,test,stayingpower,0,0,0.158352,0.220868
1263,test,texture,0,0,0.166939,0.193977
1264,test,colour,0,0,0.146025,0.137055
1264,test,packing,0,0,0.132487,0.142946
1264,test,price,0,0,0.116591,0.149748
1264,test,shipping,0,0,0.100577,0.13197
1264,test,smell,0,0,0.134515,0.136005
1264,test,stayingpower,0,0,0.155208,0.106058
1264,test,texture,0,0,0.12038,0.149509
1265,test,colour,0,0,0.230447,0.357264
1265,test,packing,0,0,0.175857,0.12889
1265,test,price,0,0,0.188663,0.266756
1265,test,shipping,0,0,0.185082,0.149219
1265,test,smell,0,0,0.328434,0.143598
1265,test,stayingpower,0,0,0.305397,0.199089
1265,test,texture,2,2,0.944636,0.023414
1266,test,colour,0,0,0.213323,0.243876
1266,test,packing,1,1,0.051143,0.91547
1266,test,price,0,0,0.17682,0.221875
1266,test,shipping,1,1,0.074482,0.8606
1266,test,smell,0,0,0.177899,0.166142
1266,test,stayingpower,0,0,0.192138,0.179651
1266,test,texture,0,0,0.165212,0.159929
1267,test,colour,0,0,0.14333,0.297168
1267,test,packing,0,0,0.121985,0.111166
1267,test,price,1,1,0.043222,0.919865
1267,test,shipping,0,0,0.104723,0.133835
1267,test,smell,0,0,0.123972,0.17856
1267,test,stayingpower,0,0,0.17292,0.30807
1267,test,texture,0,1,0.132437,0.591212
1268,test,colour,0,1,0.173243,0.578975
1268,test,packing,0,0,0.152128,0.151581
1268,test,price,1,1,0.03773,0.936605
1268,test,shipping,1,1,0.150952,0.603246
1268,test,smell,0,0,0.215924,0.370334
1268,test,stayingpower,0,2,0.401456,0.372702
1268,test,texture,1,1,0.220873,0.699573
1269,test,colour,0,0,0.163168,0.113571
1269,test,packing,1,1,0.070022,0.898143
1269,test,price,0,0,0.14616,0.17578
1269,test,shipping,0,0,0.222581,0.272146
1269,test,smell,0,0,0.129654,0.139372
1269,test,stayingpower,0,0,0.170268,0.147845
1269,test,texture,0,0,0.138097,0.164175
1270,test,colour,1,1,0.078109,0.814373
1270,test,packing,0,0,0.185742,0.196054
1270,test,price,1,1,0.155532,0.645968
1270,test,shipping,0,0,0.25958,0.219324
1270,test,smell,1,2,0.704737,0.260311
1270,test,stayingpower,1,1,0.218585,0.499411
1270,test,texture,0,1,0.148076,0.75417
1271,test,colour,1,1,0.075163,0.823338
1271,test,packing,1,1,0.154851,0.721866
1271,test,price,0,0,0.171247,0.171177
1271,test,shipping,2,2,0.914581,0.043469
1271,test,smell,0,0,0.193696,0.150658
1271,test,stayingpower,0,0,0.192865,0.288173
1271,test,texture,0,0,0.182912,0.316581
1272,test,colour,1,1,0.03445,0.922653
1272,test,packing,0,0,0.13236,0.137631
1272,test,price,0,0,0.142043,0.175374
1272,test,shipping,0,0,0.151318,0.16447
1272,test,smell,0,0,0.136603,0.128121
1272,test,stayingpower,0,0,0.161741,0.208561
1272,test,texture,0,0,0.182184,0.32183
1273,test,colour,1,1,0.072302,0.80197
1273,test,packing,0,0,0.12842,0.154232
1273,test,price,0,0,0.144239,0.177784
1273,test,shipping,0,0,0.174796,0.119346
1273,test,smell,0,0,0.125575,0.173394
1273,test,stayingpower,1,1,0.184109,0.703468
1273,test,texture,1,1,0.072815,0.850147
1274,test,colour,0,2,0.601963,0.137266
1274,test,packing,0,0,0.135058,0.12441
1274,test,price,0,0,0.114179,0.094749
1274,test,shipping,0,0,0.092293,0.136264
1274,test,smell,0,0,0.127164,0.133218
1274,test,stayingpower,0,0,0.1153,0.105931
1274,test,texture,0,0,0.190513,0.159834
1275,test,colour,1,1,0.09578,0.736225
1275,test,packing,0,0,0.131486,0.154366
1275,test,price,0,0,0.157921,0.22496
1275,test,shipping,0,0,0.18118,0.130565
1275,test,smell,0,0,0.14723,0.24227
1275,test,stayingpower,1,1,0.172006,0.734969
1275,test,texture,1,1,0.054239,0.895729
1276,test,colour,0,0,0.158075,0.117491
1276,test,packing,0,0,0.123383,0.129604
1276,test,price,0,0,0.124277,0.137405
1276,test,shipping,0,0,0.124376,0.125776
1276,test,smell,0,0,0.123094,0.101099
1276,test,stayingpower,0,0,0.15678,0.117646
1276,test,texture,0,0,0.144875,0.148632
1277,test,colour,0,0,0.158004,0.160978
1277,test,packing,0,0,0.122222,0.131134
1277,test,price,0,0,0.122084,0.134656
1277,test,shipping,0,0,0.134923,0.139852
1277,test,smell,0,0,0.109582,0.095439
1277,test,stayingpower,0,0,0.124651,0.101754
1277,test,texture,0,0,0.117497,0.129279
1278,test,colour,1,1,0.110337,0.732133
1278,test,packing,1,1,0.191597,0.675688
1278,test,price,0,0,0.189019,0.205959
1278,test,shipping,2,2,0.955933,0.024321
1278,test,smell,0,0,0.214689,0.181038
1278,test,stayingpower,0,0,0.214329,0.278828
1278,test,texture,0,0,0.205887,0.298414
1279,test,colour,1,2,0.934119,0.043746
1279,test,packing,0,0,0.185353,0.302362
1279,test,price,0,0,0.181609,0.204402
1279,test,shipping,1,1,0.067357,0.831419
1279,test,smell,0,0,0.214066,0.329898
1279,test,stayingpower,0,2,0.404464,0.204077
1279,test,texture,3,2,0.421696,0.261538
1280,test,colour,0,0,0.158443,0.194895
1280,test,packing,0,0,0.142019,0.123948
1280,test,price,1,1,0.047179,0.920554
1280,test,shipping,0,0,0.134433,0.145426
1280,test,smell,0,0,0.139546,0.138075
1280,test,stayingpower,0,0,0.137018,0.133777
1280,test,texture,0,0,0.18813,0.184186
1281,test,colour,0,0,0.215449,0.262742
1281,test,packing,1,1,0.063315,0.887761
1281,test,price,0,0,0.1665,0.190237
1281,test,shipping,1,1,0.055077,0.893249
1281,test,smell,0,0,0.17553,0.162286
1281,test,stayingpower,0,0,0.183603,0.17763
1281,test,texture,0,0,0.164854,0.153108
1282,test,colour,0,0,0.182589,0.197521
1282,test,packing,0,0,0.125872,0.190164
1282,test,price,0,0,0.131081,0.142365
1282,test,shipping,3,1,0.067657,0.827624
1282,test,smell,0,0,0.137719,0.122979
1282,test,stayingpower,0,0,0.138281,0.106938
1282,test,texture,0,0,0.116089,0.107378
1283,test,colour,0,0,0.312451,0.149895
1283,test,packing,0,0,0.19765,0.202892
1283,test,price,2,1,0.098614,0.782438
1283,test,shipping,1,1,0.096366,0.854929
1283,test,smell,0,0,0.169701,0.134508
1283,test,stayingpower,0,0,0.128808,0.112893
1283,test,texture,0,0,0.198336,0.102293
1284,test,colour,3,2,0.783367,0.162958
1284,test,packing,0,0,0.197374,0.372611
1284,test,price,0,0,0.202915,0.273061
1284,test,shipping,1,1,0.215495,0.594106
1284,test,smell,1,1,0.346842,0.373632
1284,test,stayingpower,2,2,0.881747,0.08214
1284,test,texture,1,1,0.195916,0.642901
1285,test,colour,0,0,0.277484,0.336165
1285,test,packing,0,0,0.25831,0.176679
1285,test,price,0,0,0.205378,0.171801
1285,test,shipping,0,0,0.078121,0.170652
1285,test,smell,1,1,0.112804,0.850286
1285,test,stayingpower,0,0,0.237636,0.249656
1285,test,texture,0,2,0.723536,0.196048
1286,test,colour,0,0,0.210035,0.239613
1286,test,packing,1,1,0.058095,0.895513
1286,test,price,0,0,0.170528,0.20223
1286,test,shipping,1,1,0.067379,0.864881
1286,test,smell,0,0,0.163049,0.142684
1286,test,stayingpower,0,0,0.185771,0.168159
1286,test,texture,0,0,0.147438,0.138283
1287,test,colour,0,0,0.23113,0.202735
1287,test,packing,1,1,0.09375,0.825908
1287,test,price,0,0,0.166837,0.156025
1287,test,shipping,1,1,0.075824,0.890524
1287,test,smell,0,0,0.175178,0.188912
1287,test,stayingpower,0,0,0.164237,0.165262
1287,test,texture,0,0,0.144453,0.139384
1288,test,colour,0,0,0.219774,0.243975
1288,test,packing,1,1,0.081878,0.835025
1288,test,price,0,0,0.175222,0.197084
1288,test,shipping,1,1,0.041222,0.925504
1288,test,smell,0,0,0.18021,0.162763
1288,test,stayingpower,0,0,0.187899,0.174486
1288,test,texture,0,0,0.158403,0.143887
1289,test,colour,0,0,0.138486,0.133179
1289,test,packing,0,0,0.124409,0.115654
1289,test,price,0,0,0.137614,0.246574
1289,test,shipping,0,0,0.10439,0.12894
1289,test,smell,0,0,0.110734,0.107213
1289,test,stayingpower,0,0,0.128257,0.095973
1289,test,texture,0,0,0.116997,0.12604
1290,test,colour,0,1,0.130172,0.505605
1290,test,packing,0,0,0.122532,0.092043
1290,test,price,0,0,0.155611,0.248149
1290,test,shipping,0,0,0.132605,0.110546
1290,test,smell,0,0,0.254956,0.168062
1290,test,stayingpower,0,0,0.192436,0.228011
1290,test,texture,2,2,0.885635,0.058267
1291,test,colour,1,1,0.119382,0.741735
1291,test,packing,0,0,0.248508,0.251828
1291,test,price,1,1,0.107864,0.796443
1291,test,shipping,0,0,0.215182,0.268005
1291,test,smell,1,1,0.210991,0.52661
1291,test,stayingpower,2,2,0.898931,0.064312
1291,test,texture,1,1,0.166274,0.710433
1292,test,colour,0,0,0.239598,0.113642
1292,test,packing,0,0,0.129844,0.110651
1292,test,price,0,0,0.130425,0.126338
1292,test,shipping,0,0,0.177814,0.103196
1292,test,smell,0,0,0.127799,0.087108
1292,test,stayingpower,0,0,0.143086,0.122561
1292,test,texture,0,0,0.142043,0.132854
1293,test,colour,0,0,0.190742,0.184178
1293,test,packing,1,1,0.055919,0.912685
1293,test,price,0,0,0.142524,0.177311
1293,test,shipping,0,0,0.188048,0.233717
1293,test,smell,0,0,0.138265,0.131095
1293,test,stayingpower,0,0,0.170634,0.149689
1293,test,texture,0,0,0.142405,0.161408
1294,test,colour,0,0,0.219409,0.21451
1294,test,packing,0,0,0.12804,0.195294
1294,test,price,0,0,0.148791,0.177815
1294,test,shipping,1,1,0.039652,0.911435
1294,test,smell,0,0,0.151944,0.137714
1294,test,stayingpower,0,0,0.161316,0.137538
1294,test,texture,0,0,0.142716,0.134729
1295,test,colour,0,0,0.140702,0.164323
1295,test,packing,0,0,0.118252,0.11836
1295,test,price,0,0,0.123661,0.172012
1295,test,shipping,0,0,0.097349,0.123536
1295,test,smell,0,0,0.109826,0.10219
1295,test,stayingpower,0,0,0.138044,0.109049
1295,test,texture,0,0,0.122096,0.14656
1296,test,colour,0,0,0.170878,0.282192
1296,test,packing,1,1,0.094406,0.806775
1296,test,price,0,0,0.136252,0.170919
1296,test,shipping,0,0,0.196721,0.168672
1296,test,smell,0,0,0.0835,0.132716
1296,test,stayingpower,1,1,0.249215,0.582423
1296,test,texture,0,1,0.086682,0.736198
1297,test,colour,1,1,0.046529,0.89745
1297,test,packing,0,0,0.124203,0.138337
1297,test,price,0,0,0.132193,0.152034
1297,test,shipping,0,0,0.14036,0.155599
1297,test,smell,0,0,0.120951,0.096635
1297,test,stayingpower,0,0,0.160212,0.192181
1297,test,texture,0,0,0.181095,0.276829
1298,test,colour,1,1,0.050623,0.87438
1298,test,packing,0,0,0.150956,0.163259
1298,test,price,1,1,0.080338,0.842305
1298,test,shipping,0,0,0.165508,0.176165
1298,test,smell,0,0,0.132645,0.159548
1298,test,stayingpower,1,1,0.251366,0.519824
1298,test,texture,0,1,0.126192,0.71047
1299,test,colour,1,1,0.068599,0.844941
1299,test,packing,1,1,0.07529,0.85855
1299,test,price,0,0,0.149205,0.162393
1299,test,shipping,0,0,0.221578,0.263408
1299,test,smell,0,0,0.146787,0.123345
1299,test,stayingpower,0,0,0.197231,0.212549
1299,test,texture,0,0,0.191395,0.250631
1300,test,colour,0,0,0.153297,0.14463
1300,test,packing,0,0,0.145586,0.162649
1300,test,price,1,1,0.046697,0.92045
1300,test,shipping,0,0,0.137716,0.17226
1300,test,smell,0,0,0.139677,0.123404
1300,test,stayingpower,0,0,0.154058,0.14833
1300,test,texture,0,0,0.18729,0.179387
1301,test,colour,1,1,0.060355,0.856619
1301,test,packing,0,0,0.138996,0.084835
1301,test,price,0,1,0.104203,0.77538
1301,test,shipping,0,0,0.148488,0.147324
1301,test,smell,0,0,0.223562,0.292085
1301,test,stayingpower,0,1,0.341246,0.368231
1301,test,texture,1,2,0.73461,0.217741
1302,test,colour,0,0,0.260203,0.183348
1302,test,packing,0,0,0.111837,0.113547
1302,test,price,0,0,0.109474,0.12831
1302,test,shipping,0,0,0.113495,0.096461
1302,test,smell,0,0,0.102106,0.09038
1302,test,stayingpower,0,0,0.13829,0.130287
1302,test,texture,0,0,0.139719,0.174919
1303,test,colour,1,1,0.090914,0.821556
1303,test,packing,0,0,0.203532,0.150841
1303,test,price,0,0,0.176807,0.250496
1303,test,shipping,0,0,0.1683,0.212464
1303,test,smell,1,1,0.058265,0.904602
1303,test,stayingpower,0,0,0.117376,0.32683
1303,test,texture,1,1,0.10258,0.768722
1304,test,colour,0,0,0.173836,0.302401
1304,test,packing,0,0,0.126889,0.198849
1304,test,price,0,0,0.133387,0.239191
1304,test,shipping,1,1,0.058643,0.85579
1304,test,smell,0,0,0.14353,0.33824
1304,test,stayingpower,0,1,0.166911,0.494918
1304,test,texture,1,1,0.070139,0.794914
1305,test,colour,1,1,0.169775,0.698391
1305,test,packing,0,0,0.146399,0.199303
1305,test,price,1,1,0.075949,0.847245
1305,test,shipping,1,1,0.05772,0.867859
1305,test,smell,0,0,0.166935,0.154501
1305,test,stayingpower,0,0,0.16169,0.146173
1305,test,texture,0,0,0.208479,0.178511
1306,test,colour,1,1,0.06034,0.861266
1306,test,packing,0,0,0.145164,0.162338
1306,test,price,1,1,0.069883,0.873244
1306,test,shipping,0,0,0.176427,0.175295
1306,test,smell,0,0,0.169414,0.173013
1306,test,stayingpower,1,1,0.235705,0.537093
1306,test,texture,0,1,0.137711,0.715224
1307,test,colour,1,1,0.088059,0.789166
1307,test,packing,0,2,0.367353,0.316248
1307,test,price,0,0,0.184695,0.21282
1307,test,shipping,2,2,0.95348,0.020975
1307,test,smell,0,0,0.223737,0.206323
1307,test,stayingpower,0,0,0.1847,0.231717
1307,test,texture,0,0,0.26253,0.232351
1308,test,colour,0,0,0.167133,0.153601
1308,test,packing,0,0,0.114341,0.118826
1308,test,price,0,0,0.121807,0.14159
1308,test,shipping,0,0,0.121575,0.137671
1308,test,smell,0,0,0.109807,0.085952
1308,test,stayingpower,0,0,0.134401,0.113776
1308,test,texture,0,0,0.127017,0.137974
1309,test,colour,1,1,0.071805,0.848254
1309,test,packing,0,0,0.142312,0.287106
1309,test,price,0,0,0.1609,0.343874
1309,test,shipping,1,1,0.107736,0.802703
1309,test,smell,0,0,0.14503,0.280869
1309,test,stayingpower,1,1,0.181691,0.679435
1309,test,texture,1,1,0.086304,0.822284
1310,test,colour,1,1,0.105094,0.859787
1310,test,packing,0,0,0.12046,0.129501
1310,test,price,0,0,0.135408,0.162285
1310,test,shipping,0,0,0.129031,0.178223
1310,test,smell,0,0,0.130285,0.097569
1310,test,stayingpower,0,0,0.162372,0.171117
1310,test,texture,0,0,0.210654,0.228628
1311,test,colour,0,1,0.124373,0.725779
1311,test,packing,0,1,0.140386,0.742447
1311,test,price,0,0,0.187225,0.177038
1311,test,shipping,2,2,0.942921,0.028281
1311,test,smell,0,0,0.222319,0.247557
1311,test,stayingpower,1,1,0.24055,0.537121
1311,test,texture,0,1,0.116808,0.660741
1312,test,colour,1,1,0.068623,0.84781
1312,test,packing,1,1,0.165555,0.73873
1312,test,price,0,0,0.190619,0.190246
1312,test,shipping,2,2,0.90889,0.048501
1312,test,smell,0,0,0.218182,0.219807
1312,test,stayingpower,0,0,0.201786,0.265277
1312,test,texture,0,0,0.190273,0.313233
1313,test,colour,0,0,0.340481,0.080094
1313,test,packing,0,0,0.167408,0.09724
1313,test,price,0,0,0.138465,0.336945
1313,test,shipping,0,0,0.384202,0.082345
1313,test,smell,0,0,0.147502,0.108936
1313,test,stayingpower,0,0,0.111207,0.104741
1313,test,texture,0,0,0.195131,0.11847
1314,test,colour,1,1,0.046293,0.915298
1314,test,packing,0,0,0.127542,0.134925
1314,test,price,0,0,0.139389,0.174583
1314,test,shipping,0,0,0.139772,0.160838
1314,test,smell,0,0,0.127839,0.109474
1314,test,stayingpower,0,0,0.167725,0.20494
1314,test,texture,0,0,0.200504,0.286106
1315,test,colour,1,1,0.085678,0.809253
1315,test,packing,0,0,0.14323,0.268146
1315,test,price,0,0,0.148554,0.186808
1315,test,shipping,1,1,0.125892,0.740538
1315,test,smell,1,0,0.149234,0.302043
1315,test,stayingpower,3,1,0.191875,0.700085
1315,test,texture,3,1,0.065319,0.864929
1316,test,colour,0,0,0.181046,0.252364
1316,test,packing,0,0,0.127014,0.123437
1316,test,price,0,0,0.124471,0.176024
1316,test,shipping,0,0,0.144377,0.094131
1316,test,smell,0,0,0.132995,0.337901
1316,test,stayingpower,0,1,0.152841,0.565317
1316,test,texture,1,1,0.049511,0.864885
1317,test,colour,0,1,0.231441,0.414247
1317,test,packing,0,0,0.227937,0.239989
1317,test,price,0,0,0.209788,0.304746
1317,test,shipping,0,0,0.19865,0.223615
1317,test,smell,0,0,0.193498,0.239705
1317,test,stayingpower,2,2,0.970721,0.019481
1317,test,texture,3,1,0.363112,0.438599
1318,test,colour,1,1,0.412911,0.481816
1318,test,packing,0,0,0.185785,0.171535
1318,test,price,0,0,0.211841,0.259012
1318,test,shipping,0,0,0.284122,0.267803
1318,test,smell,2,2,0.942164,0.028374
1318,test,stayingpower,0,0,0.182409,0.19819
1318,test,texture,0,2,0.452313,0.19255
1319,test,colour,1,1,0.060637,0.883521
1319,test,packing,0,0,0.198476,0.166667
1319,test,price,0,0,0.166835,0.204629
1319,test,shipping,0,0,0.159848,0.262513
1319,test,smell,1,1,0.091013,0.852255
1319,test,stayingpower,0,0,0.102743,0.179041
1319,test,texture,0,1,0.167349,0.509276
1320,test,colour,2,2,0.924445,0.039134
1320,test,packing,0,0,0.155492,0.227258
1320,test,price,0,0,0.168436,0.241704
1320,test,shipping,0,0,0.168895,0.23633
1320,test,smell,0,0,0.206237,0.392332
1320,test,stayingpower,0,1,0.24091,0.433083
1320,test,texture,1,1,0.086956,0.743644
1321,test,colour,1,1,0.068196,0.875697
1321,test,packing,0,0,0.190656,0.161429
1321,test,price,0,0,0.167338,0.194365
1321,test,shipping,0,0,0.155095,0.25075
1321,test,smell,1,1,0.091836,0.847416
1321,test,stayingpower,0,0,0.105956,0.17804
1321,test,texture,0,1,0.161793,0.502118
1322,test,colour,0,0,0.151811,0.11627
1322,test,packing,0,0,0.136457,0.147528
1322,test,price,0,0,0.123732,0.139408
1322,test,shipping,0,0,0.147641,0.145531
1322,test,smell,0,0,0.110194,0.090805
1322,test,stayingpower,0,0,0.133449,0.113231
1322,test,texture,0,0,0.115696,0.125093
1323,test,colour,0,0,0.136973,0.222167
1323,test,packing,0,0,0.142218,0.189978
1323,test,price,0,0,0.140669,0.185067
1323,test,shipping,0,0,0.153543,0.105613
1323,test,smell,0,0,0.104124,0.117243
1323,test,stayingpower,1,1,0.413659,0.512017
1323,test,texture,0,1,0.090512,0.773875
1324,test,colour,1,1,0.083632,0.839903
1324,test,packing,1,1,0.096134,0.803181
1324,test,price,0,0,0.189029,0.195744
1324,test,shipping,1,1,0.060877,0.885694
1324,test,smell,0,0,0.201936,0.228326
1324,test,stayingpower,0,0,0.177415,0.211146
1324,test,texture,0,0,0.192153,0.203525
1325,test,colour,1,1,0.086623,0.832559
1325,test,packing,1,1,0.077375,0.865232
1325,test,price,0,0,0.181126,0.176873
1325,test,shipping,1,1,0.112931,0.803216
1325,test,smell,0,0,0.196718,0.199828
1325,test,stayingpower,0,0,0.193732,0.203506
1325,test,texture,0,0,0.191951,0.193427
1326,test,colour,0,1,0.146852,0.451125
1326,test,packing,0,0,0.228117,0.268669
1326,test,price,0,0,0.194349,0.269657
1326,test,shipping,0,0,0.191275,0.223726
1326,test,smell,0,0,0.143411,0.213064
1326,test,stayingpower,2,2,0.945491,0.041685
1326,test,texture,3,1,0.157637,0.627057
1327,test,colour,0,0,0.209561,0.19101
1327,test,packing,0,0,0.128373,0.215877
1327,test,price,0,0,0.149698,0.179037
1327,test,shipping,1,1,0.040073,0.908738
1327,test,smell,0,0,0.145168,0.13749
1327,test,stayingpower,0,0,0.162051,0.141835
1327,test,texture,0,0,0.133634,0.139835
1328,test,colour,0,0,0.18831,0.141623
1328,test,packing,0,0,0.124472,0.121894
1328,test,price,0,0,0.118013,0.109887
1328,test,shipping,0,0,0.134421,0.121468
1328,test,smell,0,0,0.111304,0.099872
1328,test,stayingpower,0,0,0.146744,0.124322
1328,test,texture,0,0,0.121489,0.161459
1329,test,colour,0,0,0.193206,0.130061
1329,test,packing,0,0,0.129731,0.115897
1329,test,price,1,1,0.111201,0.657103
1329,test,shipping,0,0,0.141091,0.129798
1329,test,smell,0,0,0.137224,0.103993
1329,test,stayingpower,0,0,0.097035,0.085996
1329,test,texture,0,0,0.120772,0.100579
1330,test,colour,0,0,0.19748,0.175541
1330,test,packing,0,0,0.130071,0.211155
1330,test,price,0,0,0.144882,0.163058
1330,test,shipping,1,1,0.04543,0.891687
1330,test,smell,0,0,0.144878,0.139493
1330,test,stayingpower,0,0,0.158043,0.133414
1330,test,texture,0,0,0.130125,0.131041
1331,test,colour,1,1,0.09505,0.797274
1331,test,packing,0,0,0.213486,0.206047
1331,test,price,0,0,0.199902,0.223837
1331,test,shipping,0,0,0.201812,0.203288
1331,test,smell,1,1,0.087614,0.852213
1331,test,stayingpower,1,1,0.16179,0.646663
1331,test,texture,1,1,0.049567,0.906862
1332,test,colour,3,1,0.128649,0.752124
1332,test,packing,1,1,0.078914,0.837745
1332,test,price,0,0,0.17035,0.183389
1332,test,shipping,1,1,0.05522,0.87191
1332,test,smell,0,0,0.174339,0.248431
1332,test,stayingpower,0,0,0.154269,0.170263
1332,test,texture,0,0,0.150859,0.178708
1333,test,colour,1,1,0.352497,0.600766
1333,test,packing,0,0,0.115904,0.132657
1333,test,price,0,0,0.124449,0.141585
1333,test,shipping,0,0,0.11849,0.179923
1333,test,smell,0,0,0.146753,0.133789
1333,test,stayingpower,0,0,0.127192,0.131923
1333,test,texture,0,0,0.146819,0.198214
1334,test,colour,1,1,0.067847,0.853981
1334,test,packing,0,0,0.234547,0.177226
1334,test,price,0,0,0.164909,0.293161
1334,test,shipping,0,0,0.095103,0.152209
1334,test,smell,1,1,0.063426,0.870754
1334,test,stayingpower,2,0,0.312215,0.32012
1334,test,texture,0,1,0.220079,0.657254
1335,test,colour,0,0,0.15859,0.127959
1335,test,packing,0,0,0.12761,0.117487
1335,test,price,0,0,0.124051,0.132757
1335,test,shipping,0,0,0.122792,0.113192
1335,test,smell,0,0,0.1188,0.100376
1335,test,stayingpower,0,0,0.143281,0.11675
1335,test,texture,0,0,0.131761,0.14164
1336,test,colour,1,1,0.057925,0.846852
1336,test,packing,0,0,0.143724,0.144351
1336,test,price,1,1,0.05907,0.895984
1336,test,shipping,0,0,0.149279,0.193491
1336,test,smell,0,0,0.174625,0.23057
1336,test,stayingpower,0,1,0.209499,0.463233
1336,test,texture,1,1,0.138553,0.715493
1337,test,colour,1,1,0.035237,0.929543
1337,test,packing,0,0,0.146731,0.205012
1337,test,price,1,1,0.105023,0.766529
1337,test,shipping,1,1,0.124279,0.665392
1337,test,smell,0,0,0.155324,0.156184
1337,test,stayingpower,0,0,0.173186,0.222978
1337,test,texture,0,0,0.247514,0.303452
1338,test,colour,1,1,0.259204,0.659776
1338,test,packing,0,0,0.271979,0.206582
1338,test,price,0,0,0.19585,0.177536
1338,test,shipping,2,2,0.884961,0.065196
1338,test,smell,0,0,0.342921,0.166677
1338,test,stayingpower,0,0,0.243409,0.230961
1338,test,texture,2,2,0.83852,0.057447
1339,test,colour,1,1,0.074973,0.857506
1339,test,packing,1,1,0.085794,0.840027
1339,test,price,0,0,0.19295,0.223452
1339,test,shipping,1,1,0.08367,0.845435
1339,test,smell,0,0,0.192116,0.196709
1339,test,stayingpower,0,0,0.196746,0.228289
1339,test,texture,0,0,0.20458,0.224724
1340,test,colour,0,0,0.22889,0.218654
1340,test,packing,0,0,0.123821,0.104385
1340,test,price,0,0,0.114049,0.114493
1340,test,shipping,2,0,0.151139,0.115357
1340,test,smell,0,0,0.11399,0.086072
1340,test,stayingpower,0,0,0.12034,0.103779
1340,test,texture,0,0,0.134981,0.120575
1341,test,colour,0,0,0.285735,0.350931
1341,test,packing,0,0,0.202173,0.265482
1341,test,price,1,1,0.10501,0.788334
1341,test,shipping,1,1,0.293856,0.497812
1341,test,smell,2,2,0.907157,0.064694
1341,test,stayingpower,0,0,0.236267,0.326165
1341,test,texture,1,1,0.26704,0.518752
1342,test,colour,0,0,0.149755,0.127411
1342,test,packing,0,0,0.126943,0.121969
1342,test,price,0,0,0.123285,0.130645
1342,test,shipping,0,0,0.12124,0.116425
1342,test,smell,0,0,0.119132,0.097219
1342,test,stayingpower,0,0,0.148071,0.121733
1342,test,texture,0,0,0.129509,0.143691
1343,test,colour,0,0,0.214364,0.256265
1343,test,packing,1,1,0.081988,0.839715
1343,test,price,0,0,0.171305,0.203106
1343,test,shipping,1,1,0.04835,0.917586
1343,test,smell,0,0,0.175437,0.159301
1343,test,stayingpower,0,0,0.181292,0.171168
1343,test,texture,0,0,0.162626,0.137193
1344,test,colour,1,1,0.090866,0.819379
1344,test,packing,0,0,0.152067,0.208239
1344,test,price,0,0,0.120393,0.116127
1344,test,shipping,1,1,0.052263,0.871214
1344,test,smell,0,0,0.140031,0.209964
1344,test,stayingpower,0,0,0.134514,0.183835
1344,test,texture,1,0,0.23732,0.229093
1345,test,colour,1,1,0.156759,0.654023
1345,test,packing,0,0,0.175252,0.211327
1345,test,price,0,0,0.180285,0.261176
1345,test,shipping,0,0,0.168591,0.202992
1345,test,smell,0,0,0.150548,0.23767
1345,test,stayingpower,3,2,0.914876,0.068547
1345,test,texture,1,1,0.114111,0.753536
1346,test,colour,0,0,0.149263,0.186015
1346,test,packing,0,0,0.130699,0.144915
1346,test,price,0,0,0.114599,0.117966
1346,test,shipping,0,0,0.114846,0.146635
1346,test,smell,0,0,0.118952,0.104378
1346,test,stayingpower,0,0,0.131512,0.097763
1346,test,texture,0,0,0.114301,0.12862
1347,test,colour,0,0,0.136757,0.133503
1347,test,packing,0,0,0.122801,0.126869
1347,test,price,0,0,0.126558,0.168338
1347,test,shipping,0,0,0.127418,0.145802
1347,test,smell,0,0,0.110935,0.097279
1347,test,stayingpower,0,0,0.132339,0.103544
1347,test,texture,0,0,0.116411,0.133683
1348,test,colour,0,0,0.178346,0.18784
1348,test,packing,1,1,0.055898,0.912002
1348,test,price,0,0,0.146113,0.203747
1348,test,shipping,0,0,0.179451,0.219756
1348,test,smell,0,0,0.132599,0.124986
1348,test,stayingpower,0,0,0.177892,0.153793
1348,test,texture,0,0,0.14755,0.168119
1349,test,colour,2,2,0.827406,0.122998
1349,test,packing,0,0,0.206143,0.271663
1349,test,price,0,0,0.185258,0.170472
1349,test,shipping,1,1,0.063913,0.813925
1349,test,smell,1,1,0.09983,0.844095
1349,test,stayingpower,0,0,0.152986,0.252214
1349,test,texture,0,1,0.12029,0.535356
1350,test,colour,0,0,0.159238,0.316763
1350,test,packing,1,1,0.110079,0.796866
1350,test,price,1,1,0.080706,0.835664
1350,test,shipping,0,0,0.196799,0.212212
1350,test,smell,0,0,0.122407,0.270794
1350,test,stayingpower,1,1,0.254767,0.557963
1350,test,texture,0,1,0.085367,0.766604
1351,test,colour,0,0,0.139391,0.163712
1351,test,packing,0,0,0.133557,0.120624
1351,test,price,0,0,0.132108,0.259791
1351,test,shipping,0,0,0.102095,0.110746
1351,test,smell,0,0,0.118906,0.279286
1351,test,stayingpower,0,1,0.17999,0.528956
1351,test,texture,1,1,0.059688,0.833209
1352,test,colour,0,0,0.172033,0.124859
1352,test,packing,1,1,0.067592,0.889042
1352,test,price,0,0,0.138491,0.165085
1352,test,shipping,0,0,0.169443,0.216737
1352,test,smell,0,0,0.12356,0.131457
1352,test,stayingpower,0,0,0.176641,0.15505
1352,test,texture,0,0,0.132994,0.175676
1353,test,colour,1,1,0.101693,0.798643
1353,test,packing,0,0,0.17809,0.126683
1353,test,price,0,0,0.195841,0.26121
1353,test,shipping,0,0,0.138566,0.166167
1353,test,smell,0,0,0.221867,0.134827
1353,test,stayingpower,0,2,0.419181,0.17786
1353,test,texture,2,2,0.906878,0.036584
1354,test,colour,0,0,0.153646,0.150458
1354,test,packing,0,0,0.122993,0.108272
1354,test,price,0,0,0.124774,0.154525
1354,test,shipping,0,0,0.101136,0.123973
1354,test,smell,0,0,0.119465,0.1279
1354,test,stayingpower,0,0,0.129668,0.103223
1354,test,texture,0,0,0.121228,0.143178
1355,test,colour,0,0,0.253113,0.159123
1355,test,packing,0,0,0.204571,0.17251
1355,test,price,0,0,0.17893,0.192815
1355,test,shipping,2,2,0.944132,0.019804
1355,test,smell,0,0,0.208212,0.138513
1355,test,stayingpower,0,0,0.135761,0.20336
1355,test,texture,0,0,0.194535,0.189008
1356,test,colour,0,0,0.135853,0.117711
1356,test,packing,0,0,0.127405,0.24351
1356,test,price,0,0,0.107748,0.148254
1356,test,shipping,0,0,0.07728,0.159218
1356,test,smell,0,0,0.107989,0.182496
1356,test,stayingpower,0,0,0.123024,0.122655
1356,test,texture,0,0,0.107987,0.222598
1357,test,colour,0,0,0.158085,0.11556
1357,test,packing,1,1,0.071717,0.885465
1357,test,price,0,0,0.142344,0.215889
1357,test,shipping,0,0,0.159016,0.218417
1357,test,smell,0,0,0.126691,0.141269
1357,test,stayingpower,0,0,0.161875,0.137023
1357,test,texture,0,0,0.13756,0.160374
1358,test,colour,1,1,0.09107,0.73914
1358,test,packing,0,0,0.189751,0.186519
1358,test,price,1,1,0.129275,0.701885
1358,test,shipping,0,0,0.180701,0.213683
1358,test,smell,0,0,0.226796,0.254812
1358,test,stayingpower,2,2,0.925674,0.054724
1358,test,texture,1,2,0.460081,0.444682
1359,test,colour,0,0,0.275992,0.243612
1359,test,packing,1,1,0.113234,0.830213
1359,test,price,0,0,0.198785,0.201205
1359,test,shipping,1,1,0.096007,0.828176
1359,test,smell,1,1,0.083848,0.85987
1359,test,stayingpower,0,1,0.161973,0.454223
1359,test,texture,1,1,0.096401,0.72679
1360,test,colour,0,0,0.150913,0.176951
1360,test,packing,0,0,0.122037,0.125619
1360,test,price,0,0,0.12528,0.142412
1360,test,shipping,0,0,0.119314,0.132503
1360,test,smell,0,0,0.110272,0.091839
1360,test,stayingpower,0,0,0.132583,0.10299
1360,test,texture,0,0,0.118195,0.126755
1361,test,colour,0,0,0.152759,0.246652
1361,test,packing,0,0,0.130488,0.117296
1361,test,price,0,0,0.134612,0.259151
1361,test,shipping,0,0,0.114059,0.114398
1361,test,smell,0,0,0.12238,0.340071
1361,test,stayingpower,1,1,0.170392,0.598795
1361,test,texture,1,1,0.050833,0.882406
1362,test,colour,0,0,0.129293,0.232433
1362,test,packing,0,0,0.110549,0.130026
1362,test,price,0,0,0.112381,0.136385
1362,test,shipping,0,0,0.088768,0.107689
1362,test,smell,0,0,0.103868,0.116392
1362,test,stayingpower,0,0,0.131368,0.134538
1362,test,texture,0,0,0.120222,0.223438
1363,test,colour,0,0,0.14367,0.104853
1363,test,packing,0,0,0.135036,0.226671
1363,test,price,0,0,0.11668,0.13086
1363,test,shipping,0,1,0.169447,0.455714
1363,test,smell,0,0,0.119037,0.110536
1363,test,stayingpower,0,0,0.113297,0.092424
1363,test,texture,0,0,0.095556,0.100032
1364,test,colour,0,0,0.154437,0.156368
1364,test,packing,0,0,0.141616,0.126665
1364,test,price,1,1,0.043022,0.927073
1364,test,shipping,0,0,0.138366,0.177024
1364,test,smell,0,0,0.143153,0.148765
1364,test,stayingpower,0,0,0.143752,0.134655
1364,test,texture,0,0,0.192932,0.192263
1365,test,colour,0,0,0.122535,0.135183
1365,test,packing,0,0,0.125086,0.123799
1365,test,price,0,0,0.125607,0.196015
1365,test,shipping,0,0,0.099346,0.121486
1365,test,smell,0,0,0.115687,0.148149
1365,test,stayingpower,0,0,0.120733,0.097432
1365,test,texture,0,0,0.12161,0.156939
1366,test,colour,1,1,0.153475,0.660403
1366,test,packing,0,0,0.209055,0.235221
1366,test,price,0,0,0.179343,0.22976
1366,test,shipping,2,2,0.968662,0.015687
1366,test,smell,0,0,0.242894,0.176632
1366,test,stayingpower,0,0,0.185326,0.269154
1366,test,texture,0,0,0.214013,0.272468
1367,test,colour,0,0,0.389697,0.204335
1367,test,packing,0,0,0.23276,0.157179
1367,test,price,1,1,0.12341,0.785325
1367,test,shipping,0,0,0.17399,0.192319
1367,test,smell,0,0,0.28405,0.153628
1367,test,stayingpower,0,2,0.489652,0.14142
1367,test,texture,2,2,0.933175,0.023901
1368,test,colour,0,0,0.140449,0.33397
1368,test,packing,0,0,0.135153,0.188517
1368,test,price,0,0,0.142016,0.20197
1368,test,shipping,0,0,0.166698,0.094263
1368,test,smell,0,0,0.125657,0.208363
1368,test,stayingpower,1,1,0.166275,0.721957
1368,test,texture,1,1,0.053502,0.872462
1369,test,colour,1,2,0.655874,0.288154
1369,test,packing,1,1,0.084442,0.843667
1369,test,price,0,0,0.13964,0.130998
1369,test,shipping,0,0,0.191033,0.334646
1369,test,smell,0,0,0.173071,0.23714
1369,test,stayingpower,0,0,0.164145,0.186066
1369,test,texture,0,0,0.125687,0.222661
1370,test,colour,1,1,0.039892,0.916826
1370,test,packing,0,0,0.137831,0.157381
1370,test,price,0,0,0.147647,0.192377
1370,test,shipping,0,0,0.169472,0.201109
1370,test,smell,0,0,0.142017,0.103334
1370,test,stayingpower,0,0,0.169843,0.163471
1370,test,texture,0,0,0.201,0.205532
1371,test,colour,0,0,0.130943,0.139045
1371,test,packing,0,0,0.11844,0.115519
1371,test,price,0,0,0.124019,0.201337
1371,test,shipping,0,0,0.107147,0.124991
1371,test,smell,0,0,0.11225,0.125191
1371,test,stayingpower,0,0,0.123701,0.103516
1371,test,texture,0,0,0.122238,0.157194
1372,test,colour,1,1,0.050364,0.88028
1372,test,packing,0,0,0.145091,0.136327
1372,test,price,1,1,0.061217,0.890828
1372,test,shipping,0,0,0.161672,0.186532
1372,test,smell,0,0,0.162914,0.237371
1372,test,stayingpower,0,0,0.181561,0.332584
1372,test,texture,0,1,0.185608,0.572216
1373,test,colour,1,1,0.074873,0.862153
1373,test,packing,0,0,0.132312,0.195778
1373,test,price,0,0,0.147265,0.165152
1373,test,shipping,1,1,0.06226,0.859367
1373,test,smell,0,0,0.169001,0.172415
1373,test,stayingpower,0,0,0.146188,0.162318
1373,test,texture,0,0,0.180331,0.190644
1374,test,colour,0,0,0.159706,0.117523
1374,test,packing,0,0,0.125644,0.118292
1374,test,price,0,0,0.12931,0.14144
1374,test,shipping,0,0,0.131206,0.113578
1374,test,smell,0,0,0.118723,0.093854
1374,test,stayingpower,0,0,0.143347,0.118728
1374,test,texture,0,0,0.131327,0.136225
1375,test,colour,1,1,0.049332,0.915394
1375,test,packing,1,1,0.093374,0.810852
1375,test,price,0,0,0.183611,0.176876
1375,test,shipping,1,1,0.12596,0.765451
1375,test,smell,0,0,0.202682,0.310007
1375,test,stayingpower,0,0,0.203197,0.382632
1375,test,texture,1,1,0.164422,0.528626
1376,test,colour,0,0,0.351834,0.243931
1376,test,packing,0,0,0.217606,0.151874
1376,test,price,1,1,0.175368,0.629339
1376,test,shipping,0,0,0.159837,0.186514
1376,test,smell,0,0,0.284115,0.170583
1376,test,stayingpower,2,2,0.841472,0.069792
1376,test,texture,2,2,0.928101,0.035295
1377,test,colour,1,1,0.057871,0.872744
1377,test,packing,0,0,0.118898,0.143312
1377,test,price,0,0,0.136545,0.142973
1377,test,shipping,0,0,0.142116,0.122215
1377,test,smell,0,0,0.104216,0.104649
1377,test,stayingpower,0,1,0.206703,0.572744
1377,test,texture,0,1,0.117349,0.676295
1378,test,colour,0,0,0.120872,0.207308
1378,test,packing,0,0,0.123333,0.143455
1378,test,price,0,0,0.108428,0.164244
1378,test,shipping,0,0,0.084805,0.099225
1378,test,smell,0,0,0.109121,0.132722
1378,test,stayingpower,0,0,0.133761,0.120083
1378,test,texture,0,0,0.117265,0.223981
1379,test,colour,0,0,0.140987,0.16468
1379,test,packing,0,0,0.121312,0.103427
1379,test,price,0,0,0.121703,0.175271
1379,test,shipping,0,0,0.110431,0.131044
1379,test,smell,0,0,0.116313,0.123533
1379,test,stayingpower,0,0,0.12799,0.095544
1379,test,texture,0,0,0.121237,0.13996
1380,test,colour,0,0,0.204426,0.228142
1380,test,packing,1,1,0.148254,0.768976
1380,test,price,0,0,0.175387,0.18295
1380,test,shipping,2,2,0.945017,0.023694
1380,test,smell,0,0,0.175811,0.173926
1380,test,stayingpower,0,0,0.180174,0.235625
1380,test,texture,0,0,0.148334,0.245169
1381,test,colour,1,1,0.095075,0.822107
1381,test,packing,0,0,0.168876,0.220926
1381,test,price,1,1,0.072215,0.864473
1381,test,shipping,1,1,0.231177,0.700306
1381,test,smell,0,0,0.174907,0.185126
1381,test,stayingpower,0,0,0.171278,0.178239
1381,test,texture,0,0,0.226473,0.222656
1382,test,colour,0,0,0.206583,0.278789
1382,test,packing,0,1,0.058671,0.891464
1382,test,price,0,0,0.162263,0.168541
1382,test,shipping,0,1,0.057831,0.87159
1382,test,smell,0,0,0.171746,0.164157
1382,test,stayingpower,0,0,0.172288,0.164597
1382,test,texture,0,0,0.150191,0.149435
1383,test,colour,1,1,0.043593,0.92616
1383,test,packing,0,0,0.149283,0.255602
1383,test,price,0,0,0.168438,0.210274
1383,test,shipping,1,1,0.065609,0.867435
1383,test,smell,0,0,0.174092,0.24583
1383,test,stayingpower,0,0,0.19683,0.321345
1383,test,texture,1,1,0.20571,0.432304
1384,test,colour,3,2,0.668757,0.178458
1384,test,packing,0,0,0.175127,0.120458
1384,test,price,0,0,0.154235,0.125301
1384,test,shipping,0,0,0.079592,0.12885
1384,test,smell,3,1,0.242097,0.696093
1384,test,stayingpower,0,0,0.210063,0.360937
1384,test,texture,3,1,0.318606,0.591901
1385,test,colour,1,1,0.044828,0.904469
1385,test,packing,0,0,0.127479,0.139932
1385,test,price,0,0,0.145941,0.168014
1385,test,shipping,0,0,0.145405,0.146722
1385,test,smell,0,0,0.140608,0.248039
1385,test,stayingpower,0,1,0.163949,0.530966
1385,test,texture,1,1,0.08854,0.787861
1386,test,colour,1,1,0.165624,0.706537
1386,test,packing,0,0,0.184012,0.183307
1386,test,price,0,0,0.220766,0.266078
1386,test,shipping,0,0,0.354221,0.252191
1386,test,smell,2,2,0.937815,0.028117
1386,test,stayingpower,0,0,0.193849,0.219844
1386,test,texture,0,2,0.472359,0.196119
1387,test,colour,1,1,0.078746,0.853525
1387,test,packing,1,1,0.140623,0.769517
1387,test,price,0,0,0.198299,0.17896
1387,test,shipping,0,0,0.211374,0.278132
1387,test,smell,1,1,0.102872,0.82568
1387,test,stayingpower,0,0,0.13961,0.228771
1387,test,texture,0,1,0.170517,0.457413
1388,test,colour,0,0,0.222447,0.215612
1388,test,packing,0,0,0.175956,0.223674
1388,test,price,0,0,0.170796,0.2083
1388,test,shipping,2,2,0.953372,0.022946
1388,test,smell,0,0,0.179797,0.151806
1388,test,stayingpower,0,0,0.152982,0.211707
1388,test,texture,0,0,0.14277,0.208725
1389,test,colour,0,0,0.287759,0.147091
1389,test,packing,0,0,0.190618,0.144781
1389,test,price,0,0,0.16695,0.253185
1389,test,shipping,0,2,0.8902,0.034584
1389,test,smell,0,0,0.137526,0.116244
1389,test,stayingpower,0,0,0.125643,0.152968
1389,test,texture,0,0,0.144668,0.147569
1390,test,colour,1,1,0.108988,0.800333
1390,test,packing,0,0,0.196274,0.162761
1390,test,price,0,0,0.184993,0.229668
1390,test,shipping,0,0,0.178768,0.211998
1390,test,smell,1,1,0.066497,0.896342
1390,test,stayingpower,0,0,0.132108,0.410363
1390,test,texture,1,1,0.073193,0.837855
1391,test,colour,1,1,0.062192,0.852438
1391,test,packing,0,0,0.118493,0.112875
1391,test,price,0,0,0.143814,0.200741
1391,test,shipping,0,0,0.138361,0.127465
1391,test,smell,0,0,0.138993,0.249488
1391,test,stayingpower,0,1,0.160127,0.589158
1391,test,texture,1,1,0.072389,0.842024
1392,test,colour,1,1,0.055359,0.864147
1392,test,packing,0,0,0.152658,0.153476
1392,test,price,1,1,0.062859,0.887591
1392,test,shipping,0,0,0.167254,0.209624
1392,test,smell,0,0,0.162582,0.147179
1392,test,stayingpower,0,0,0.165676,0.182985
1392,test,texture,0,0,0.239704,0.258938
1393,test,colour,1,1,0.075396,0.841212
1393,test,packing,0,0,0.139185,0.285395
1393,test,price,0,0,0.157402,0.211008
1393,test,shipping,1,1,0.107601,0.785434
1393,test,smell,0,0,0.15136,0.234801
1393,test,stayingpower,1,1,0.195092,0.672208
1393,test,texture,1,1,0.081588,0.826582
1394,test,colour,1,1,0.102979,0.775605
1394,test,packing,0,0,0.17453,0.151645
1394,test,price,0,0,0.198766,0.294373
1394,test,shipping,0,0,0.194063,0.196067
1394,test,smell,0,0,0.270178,0.108945
1394,test,stayingpower,0,2,0.4317,0.196959
1394,test,texture,2,2,0.93156,0.027996
1395,test,colour,0,0,0.214037,0.221598
1395,test,packing,0,0,0.133307,0.204406
1395,test,price,0,0,0.161345,0.229683
1395,test,shipping,1,1,0.038104,0.929726
1395,test,smell,0,0,0.160958,0.155931
1395,test,stayingpower,0,0,0.172897,0.15313
1395,test,texture,0,0,0.152053,0.158427
1396,test,colour,1,1,0.386518,0.474945
1396,test,packing,0,0,0.178243,0.207671
1396,test,price,0,0,0.21559,0.245645
1396,test,shipping,0,0,0.22728,0.21991
1396,test,smell,0,0,0.288048,0.152876
1396,test,stayingpower,2,2,0.839414,0.084128
1396,test,texture,2,2,0.92626,0.04179
1397,test,colour,0,0,0.193091,0.333505
1397,test,packing,1,1,0.158353,0.712472
1397,test,price,0,0,0.164998,0.231192
1397,test,shipping,3,2,0.943212,0.031628
1397,test,smell,0,1,0.173638,0.504341
1397,test,stayingpower,0,1,0.186764,0.520425
1397,test,texture,1,1,0.068696,0.797014
1398,test,colour,0,1,0.20441,0.412249
1398,test,packing,0,0,0.283376,0.280221
1398,test,price,0,0,0.206368,0.31902
1398,test,shipping,0,0,0.165162,0.243987
1398,test,smell,1,1,0.134475,0.658069
1398,test,stayingpower,2,2,0.943514,0.036283
1398,test,texture,1,1,0.216695,0.637333
1399,test,colour,1,1,0.186883,0.698995
1399,test,packing,0,0,0.158496,0.150617
1399,test,price,0,0,0.194875,0.382063
1399,test,shipping,0,0,0.209061,0.217026
1399,test,smell,2,2,0.920211,0.035909
1399,test,stayingpower,0,0,0.148751,0.217816
1399,test,texture,0,2,0.399061,0.224554
1400,test,colour,0,0,0.224547,0.114255
1400,test,packing,0,0,0.129359,0.083461
1400,test,price,0,0,0.135695,0.197736
1400,test,shipping,0,0,0.102487,0.092398
1400,test,smell,0,0,0.112826,0.088848
1400,test,stayingpower,0,0,0.150976,0.116952
1400,test,texture,0,0,0.21072,0.141437
1401,test,colour,3,2,0.489751,0.378296
1401,test,packing,0,0,0.204245,0.171883
1401,test,price,1,1,0.178829,0.608838
1401,test,shipping,0,0,0.148678,0.187361
1401,test,smell,1,1,0.226384,0.719891
1401,test,stayingpower,3,1,0.313514,0.462468
1401,test,texture,3,2,0.691009,0.282526
1402,test,colour,0,0,0.298617,0.309159
1402,test,packing,0,0,0.217945,0.218682
1402,test,price,0,0,0.209467,0.276149
1402,test,shipping,0,0,0.276801,0.237481
1402,test,smell,2,2,0.944316,0.035893
1402,test,stayingpower,0,0,0.168049,0.219069
1402,test,texture,0,0,0.311875,0.275982
1403,test,colour,1,0,0.138408,0.233872
1403,test,packing,0,0,0.111469,0.131008
1403,test,price,0,0,0.111373,0.129463
1403,test,shipping,0,0,0.123994,0.303063
1403,test,smell,0,0,0.103519,0.091466
1403,test,stayingpower,0,0,0.120748,0.097406
1403,test,texture,0,0,0.112265,0.124949
1404,test,colour,0,0,0.147598,0.145013
1404,test,packing,0,0,0.121089,0.120628
1404,test,price,0,0,0.116864,0.140517
1404,test,shipping,0,0,0.109535,0.111444
1404,test,smell,0,0,0.116081,0.120499
1404,test,stayingpower,0,0,0.136297,0.112603
1404,test,texture,0,0,0.121686,0.170616
1405,test,colour,1,1,0.062039,0.883845
1405,test,packing,0,0,0.138864,0.222381
1405,test,price,0,0,0.153027,0.168373
1405,test,shipping,1,1,0.061367,0.860597
1405,test,smell,0,0,0.170016,0.175567
1405,test,stayingpower,0,0,0.15598,0.17788
1405,test,texture,0,0,0.188578,0.211388
1406,test,colour,0,0,0.123633,0.076941
1406,test,packing,0,0,0.174056,0.140686
1406,test,price,0,0,0.14485,0.254244
1406,test,shipping,0,0,0.411959,0.102324
1406,test,smell,0,0,0.109717,0.08918
1406,test,stayingpower,0,0,0.138023,0.129408
1406,test,texture,0,0,0.137203,0.13171
1407,test,colour,0,0,0.173147,0.131179
1407,test,packing,0,0,0.127611,0.119352
1407,test,price,0,0,0.126072,0.143847
1407,test,shipping,0,0,0.117127,0.115344
1407,test,smell,0,0,0.115908,0.092833
1407,test,stayingpower,0,0,0.137914,0.112384
1407,test,texture,0,0,0.128683,0.129353
1408,test,colour,0,0,0.224807,0.214603
1408,test,packing,0,0,0.246014,0.221757
1408,test,price,1,1,0.133238,0.741192
1408,test,shipping,2,2,0.962146,0.017239
1408,test,smell,0,0,0.234013,0.188301
1408,test,stayingpower,0,0,0.160178,0.229317
1408,test,texture,0,0,0.213979,0.247586
1409,test,colour,1,1,0.079814,0.863323
1409,test,packing,0,0,0.197003,0.27909
1409,test,price,0,0,0.181259,0.188293
1409,test,shipping,1,1,0.061088,0.874246
1409,test,smell,1,1,0.126039,0.778925
1409,test,stayingpower,0,0,0.125468,0.199664
1409,test,texture,0,0,0.184409,0.39295
1410,test,colour,1,1,0.05979,0.883758
1410,test,packing,0,0,0.202107,0.147194
1410,test,price,1,1,0.096177,0.815092
1410,test,shipping,0,0,0.155891,0.227143
1410,test,smell,1,1,0.140199,0.747157
1410,test,stayingpower,0,0,0.114631,0.163456
1410,test,texture,0,1,0.2444,0.428526
1411,test,colour,0,0,0.145087,0.144048
1411,test,packing,0,0,0.127078,0.138139
1411,test,price,0,0,0.118057,0.147626
1411,test,shipping,0,0,0.101645,0.127462
1411,test,smell,0,0,0.123456,0.107411
1411,test,stayingpower,0,0,0.156872,0.116085
1411,test,texture,0,0,0.124856,0.154309
1412,test,colour,0,0,0.158662,0.144133
1412,test,packing,0,0,0.134782,0.1352
1412,test,price,1,1,0.054174,0.899621
1412,test,shipping,0,0,0.12155,0.150143
1412,test,smell,0,0,0.129973,0.106692
1412,test,stayingpower,0,0,0.15447,0.133376
1412,test,texture,0,0,0.183858,0.162199
1413,test,colour,1,1,0.047783,0.880895
1413,test,packing,0,0,0.146198,0.146399
1413,test,price,1,1,0.068447,0.878738
1413,test,shipping,0,0,0.164363,0.206873
1413,test,smell,0,0,0.166834,0.1255
1413,test,stayingpower,0,0,0.188694,0.20626
1413,test,texture,0,0,0.263179,0.287499
1414,test,colour,0,0,0.155645,0.148013
1414,test,packing,0,0,0.128007,0.13164
1414,test,price,0,0,0.121544,0.146211
1414,test,shipping,0,0,0.115674,0.128161
1414,test,smell,0,0,0.109447,0.10049
1414,test,stayingpower,0,0,0.131551,0.105187
1414,test,texture,0,0,0.11485,0.132596
1415,test,colour,0,0,0.170432,0.226492
1415,test,packing,1,1,0.059791,0.899973
1415,test,price,0,0,0.126235,0.146742
1415,test,shipping,0,0,0.147557,0.168138
1415,test,smell,0,0,0.116628,0.146024
1415,test,stayingpower,0,0,0.195699,0.225515
1415,test,texture,0,0,0.128099,0.303463
1416,test,colour,0,1,0.178872,0.422096
1416,test,packing,0,0,0.171894,0.139204
1416,test,price,0,0,0.178949,0.231818
1416,test,shipping,0,0,0.155711,0.132181
1416,test,smell,0,0,0.163254,0.151355
1416,test,stayingpower,3,2,0.817193,0.121215
1416,test,texture,3,2,0.858016,0.095502
1417,test,colour,0,2,0.456564,0.117208
1417,test,packing,0,0,0.208983,0.139169
1417,test,price,2,1,0.166222,0.668423
1417,test,shipping,0,0,0.116935,0.148528
1417,test,smell,0,0,0.254929,0.149496
1417,test,stayingpower,0,0,0.348508,0.157458
1417,test,texture,0,2,0.893255,0.03067
1418,test,colour,0,0,0.204901,0.223839
1418,test,packing,1,1,0.061053,0.89368
1418,test,price,0,0,0.160553,0.185053
1418,test,shipping,1,1,0.057827,0.875713
1418,test,smell,0,0,0.175478,0.180006
1418,test,stayingpower,0,0,0.177217,0.170373
1418,test,texture,0,0,0.157112,0.155751
1419,test,colour,0,0,0.234162,0.349102
1419,test,packing,0,0,0.139789,0.081257
1419,test,price,1,1,0.109679,0.771972
1419,test,shipping,0,0,0.170027,0.134308
1419,test,smell,0,0,0.278802,0.200941
1419,test,stayingpower,0,0,0.273515,0.273073
1419,test,texture,3,2,0.904368,0.063089
1420,test,colour,1,1,0.054602,0.868324
1420,test,packing,0,0,0.144571,0.149629
1420,test,price,1,1,0.07698,0.848041
1420,test,shipping,0,0,0.150896,0.212056
1420,test,smell,0,0,0.152113,0.133137
1420,test,stayingpower,0,0,0.152577,0.154195
1420,test,texture,0,0,0.225518,0.214885
1421,test,colour,0,0,0.158651,0.121041
1421,test,packing,0,0,0.12599,0.126593
1421,test,price,0,0,0.128226,0.135274
1421,test,shipping,0,0,0.135431,0.122373
1421,test,smell,0,0,0.114394,0.088826
1421,test,stayingpower,0,0,0.145133,0.119782
1421,test,texture,0,0,0.12926,0.131712
1422,test,colour,0,0,0.138916,0.185351
1422,test,packing,0,0,0.126799,0.147095
1422,test,price,0,0,0.122563,0.137239
1422,test,shipping,0,0,0.104916,0.139268
1422,test,smell,0,0,0.112436,0.101178
1422,test,stayingpower,0,0,0.13325,0.100676
1422,test,texture,0,0,0.119596,0.124088
1423,test,colour,0,0,0.247262,0.16053
1423,test,packing,0,0,0.243343,0.284382
1423,test,price,0,0,0.168534,0.201902
1423,test,shipping,2,2,0.958905,0.019584
1423,test,smell,0,0,0.179965,0.153634
1423,test,stayingpower,0,0,0.172522,0.207978
1423,test,texture,0,0,0.154881,0.198842
1424,test,colour,1,1,0.038669,0.850966
1424,test,packing,2,2,0.50129,0.372488
1424,test,price,0,0,0.191417,0.292579
1424,test,shipping,1,2,0.525643,0.170766
1424,test,smell,0,1,0.152408,0.456899
1424,test,stayingpower,0,2,0.440224,0.359235
1424,test,texture,1,1,0.183183,0.664596
1425,test,colour,0,0,0.134873,0.431961
1425,test,packing,0,0,0.141938,0.187128
1425,test,price,1,1,0.051071,0.894889
1425,test,shipping,1,1,0.063514,0.815028
1425,test,smell,0,0,0.139117,0.410413
1425,test,stayingpower,0,0,0.150327,0.317642
1425,test,texture,1,1,0.11936,0.662267
1426,test,colour,0,0,0.212617,0.25646
1426,test,packing,1,1,0.061138,0.893763
1426,test,price,0,0,0.170184,0.186535
1426,test,shipping,1,1,0.055444,0.882553
1426,test,smell,0,0,0.174615,0.16464
1426,test,stayingpower,0,0,0.181992,0.171798
1426,test,texture,0,0,0.15648,0.154806
1427,test,colour,1,1,0.055304,0.860099
1427,test,packing,0,0,0.157126,0.115852
1427,test,price,0,0,0.171105,0.213911
1427,test,shipping,0,0,0.175439,0.179438
1427,test,smell,0,0,0.2295,0.129291
1427,test,stayingpower,0,0,0.32786,0.228783
1427,test,texture,0,2,0.874421,0.055854
1428,test,colour,1,1,0.082049,0.795573
1428,test,packing,0,0,0.231884,0.316127
1428,test,price,1,1,0.09582,0.807096
1428,test,shipping,0,1,0.188804,0.417992
1428,test,smell,0,0,0.174503,0.193545
1428,test,stayingpower,2,2,0.913853,0.044317
1428,test,texture,0,2,0.469547,0.317257
1429,test,colour,1,1,0.045732,0.918378
1429,test,packing,0,0,0.145196,0.208423
1429,test,price,0,0,0.152877,0.174748
1429,test,shipping,3,1,0.125436,0.79804
1429,test,smell,0,0,0.176105,0.224438
1429,test,stayingpower,0,0,0.147793,0.199956
1429,test,texture,0,0,0.193907,0.260721
1430,test,colour,1,1,0.108775,0.774317
1430,test,packing,0,0,0.146983,0.140114
1430,test,price,1,1,0.102374,0.768202
1430,test,shipping,0,0,0.124031,0.192141
1430,test,smell,0,0,0.167723,0.247541
1430,test,stayingpower,3,2,0.841281,0.118457
1430,test,texture,1,1,0.257489,0.645268
1431,test,colour,1,1,0.050928,0.883325
1431,test,packing,1,0,0.117757,0.109013
1431,test,price,0,0,0.13888,0.180725
1431,test,shipping,0,0,0.13284,0.146335
1431,test,smell,0,0,0.137023,0.260854
1431,test,stayingpower,0,1,0.162841,0.517713
1431,test,texture,1,1,0.084044,0.801011
1432,test,colour,1,1,0.079652,0.816832
1432,test,packing,1,1,0.136341,0.729812
1432,test,price,0,0,0.159853,0.204268
1432,test,shipping,2,2,0.893531,0.063448
1432,test,smell,0,0,0.182345,0.14762
1432,test,stayingpower,0,0,0.167768,0.242176
1432,test,texture,0,0,0.173872,0.280246
1433,test,colour,1,1,0.046023,0.902403
1433,test,packing,0,0,0.130021,0.135317
1433,test,price,0,0,0.13776,0.158145
1433,test,shipping,0,0,0.151933,0.165155
1433,test,smell,0,0,0.126126,0.094983
1433,test,stayingpower,0,0,0.170352,0.181092
1433,test,texture,0,0,0.187493,0.241639
1434,test,colour,0,0,0.214099,0.266584
1434,test,packing,0,0,0.23102,0.221245
1434,test,price,1,1,0.108148,0.773576
1434,test,shipping,2,2,0.958045,0.01727
1434,test,smell,0,0,0.230353,0.35494
1434,test,stayingpower,0,1,0.177182,0.432213
1434,test,texture,1,1,0.129161,0.657484
1435,test,colour,0,0,0.214653,0.245085
1435,test,packing,1,1,0.067661,0.870458
1435,test,price,0,0,0.164637,0.176331
1435,test,shipping,1,1,0.04837,0.898266
1435,test,smell,0,0,0.168278,0.156523
1435,test,stayingpower,0,0,0.182314,0.171474
1435,test,texture,0,0,0.158054,0.147783
1436,test,colour,1,1,0.125268,0.67926
1436,test,packing,0,0,0.109501,0.106547
1436,test,price,0,0,0.130313,0.169415
1436,test,shipping,0,0,0.112534,0.112336
1436,test,smell,0,0,0.126703,0.259613
1436,test,stayingpower,1,1,0.155229,0.620324
1436,test,texture,1,1,0.055358,0.863427
1437,test,colour,0,0,0.155535,0.116323
1437,test,packing,0,0,0.131879,0.124151
1437,test,price,0,0,0.126769,0.137935
1437,test,shipping,0,0,0.130343,0.111737
1437,test,smell,0,0,0.115682,0.094135
1437,test,stayingpower,0,0,0.145628,0.119195
1437,test,texture,0,0,0.133771,0.138945
1438,test,colour,0,0,0.151609,0.112837
1438,test,packing,0,0,0.133458,0.130994
1438,test,price,0,0,0.127386,0.149807
1438,test,shipping,0,0,0.12536,0.118943
1438,test,smell,0,0,0.112748,0.091326
1438,test,stayingpower,0,0,0.146817,0.114709
1438,test,texture,0,0,0.127624,0.130538
1439,test,colour,0,0,0.200911,0.23187
1439,test,packing,1,1,0.076621,0.856845
1439,test,price,0,0,0.169779,0.266629
1439,test,shipping,1,1,0.039946,0.918171
1439,test,smell,0,0,0.171471,0.203157
1439,test,stayingpower,0,0,0.173569,0.158154
1439,test,texture,0,0,0.15664,0.148086
1440,test,colour,1,1,0.092941,0.826697
1440,test,packing,0,0,0.25002,0.257531
1440,test,price,0,0,0.222339,0.226881
1440,test,shipping,1,1,0.109482,0.756692
1440,test,smell,1,1,0.334338,0.499939
1440,test,stayingpower,0,2,0.389674,0.235175
1440,test,texture,2,2,0.893907,0.058361
1441,test,colour,0,0,0.167331,0.146864
1441,test,packing,0,0,0.125088,0.119568
1441,test,price,0,0,0.125066,0.139541
1441,test,shipping,0,0,0.114397,0.111215
1441,test,smell,0,0,0.118748,0.094959
1441,test,stayingpower,0,0,0.140926,0.114523
1441,test,texture,0,0,0.127265,0.141621
1442,test,colour,1,2,0.694113,0.113797
1442,test,packing,0,0,0.128164,0.129477
1442,test,price,1,1,0.075027,0.83024
1442,test,shipping,0,0,0.120259,0.198337
1442,test,smell,0,0,0.179867,0.330949
1442,test,stayingpower,0,1,0.229742,0.402248
1442,test,texture,1,1,0.088625,0.780384
1443,test,colour,1,1,0.073137,0.862294
1443,test,packing,1,1,0.085836,0.845635
1443,test,price,0,0,0.195241,0.203333
1443,test,shipping,1,1,0.092131,0.838004
1443,test,smell,0,0,0.191289,0.33018
1443,test,stayingpower,0,1,0.225085,0.446108
1443,test,texture,1,1,0.143591,0.607205
1444,test,colour,1,1,0.052778,0.874675
1444,test,packing,0,0,0.138548,0.119316
1444,test,price,1,1,0.08196,0.838296
1444,test,shipping,0,0,0.142814,0.163236
1444,test,smell,0,0,0.162608,0.141578
1444,test,stayingpower,0,0,0.155998,0.164843
1444,test,texture,0,0,0.25098,0.245384
1445,test,colour,0,0,0.158075,0.117491
1445,test,packing,0,0,0.123383,0.129604
1445,test,price,0,0,0.124277,0.137405
1445,test,shipping,0,0,0.124376,0.125776
1445,test,smell,0,0,0.123094,0.101099
1445,test,stayingpower,0,0,0.15678,0.117646
1445,test,texture,0,0,0.144875,0.148632
1446,test,colour,0,1,0.186949,0.649508
1446,test,packing,0,0,0.209271,0.37773
1446,test,price,0,0,0.184426,0.174758
1446,test,shipping,1,1,0.042785,0.904715
1446,test,smell,1,1,0.080854,0.862655
1446,test,stayingpower,0,0,0.107294,0.177168
1446,test,texture,0,0,0.137361,0.396347
1447,test,colour,0,0,0.143319,0.125232
1447,test,packing,0,0,0.127959,0.125434
1447,test,price,0,0,0.121741,0.139431
1447,test,shipping,0,0,0.113647,0.113869
1447,test,smell,0,0,0.121195,0.116205
1447,test,stayingpower,0,0,0.140711,0.115794
1447,test,texture,0,0,0.121048,0.156445
1448,test,colour,1,1,0.067913,0.842697
1448,test,packing,0,0,0.145081,0.136698
1448,test,price,1,1,0.066414,0.879441
1448,test,shipping,0,0,0.143527,0.165349
1448,test,smell,0,0,0.163466,0.171364
1448,test,stayingpower,0,0,0.14707,0.155459
1448,test,texture,0,0,0.249693,0.237249
1449,test,colour,1,1,0.043439,0.92315
1449,test,packing,0,0,0.142522,0.208379
1449,test,price,0,0,0.156921,0.23386
1449,test,shipping,1,1,0.081687,0.803127
1449,test,smell,0,0,0.159108,0.183226
1449,test,stayingpower,0,0,0.153998,0.200091
1449,test,texture,0,0,0.20011,0.263755
1450,test,colour,0,0,0.170205,0.172837
1450,test,packing,1,1,0.054304,0.911409
1450,test,price,0,0,0.141112,0.1889
1450,test,shipping,0,0,0.177096,0.27563
1450,test,smell,0,0,0.133721,0.140013
1450,test,stayingpower,0,0,0.164118,0.138653
1450,test,texture,0,0,0.136665,0.163043
1451,test,colour,0,1,0.123621,0.448434
1451,test,packing,0,0,0.141107,0.19637
1451,test,price,0,0,0.143728,0.181384
1451,test,shipping,0,0,0.157609,0.104771
1451,test,smell,0,0,0.123307,0.178885
1451,test,stayingpower,1,1,0.170837,0.733797
1451,test,texture,1,1,0.059379,0.866034
1452,test,colour,1,2,0.378583,0.335
1452,test,packing,0,0,0.10985,0.112766
1452,test,price,0,0,0.110744,0.111329
1452,test,shipping,0,0,0.089418,0.140123
1452,test,smell,0,0,0.135392,0.144779
1452,test,stayingpower,0,0,0.08893,0.087667
1452,test,texture,0,0,0.125426,0.150037
1453,test,colour,0,0,0.15985,0.126998
1453,test,packing,0,0,0.126835,0.125699
1453,test,price,0,0,0.122245,0.127266
1453,test,shipping,0,0,0.112865,0.106737
1453,test,smell,0,0,0.114595,0.100415
1453,test,stayingpower,0,0,0.145641,0.124672
1453,test,texture,0,0,0.13597,0.154893
1454,test,colour,1,1,0.089127,0.833866
1454,test,packing,0,0,0.274208,0.282119
1454,test,price,0,0,0.192048,0.214882
1454,test,shipping,2,2,0.937777,0.037311
1454,test,smell,1,1,0.191582,0.677125
1454,test,stayingpower,0,0,0.136805,0.27282
1454,test,texture,0,1,0.194225,0.433935
1455,test,colour,0,1,0.199572,0.444116
1455,test,packing,0,0,0.289286,0.280349
1455,test,price,0,0,0.221906,0.325329
1455,test,shipping,0,0,0.186577,0.245748
1455,test,smell,1,1,0.180836,0.564136
1455,test,stayingpower,2,2,0.951296,0.029417
1455,test,texture,0,1,0.206243,0.5706
1456,test,colour,3,2,0.53629,0.403997
1456,test,packing,0,0,0.18531,0.186092
1456,test,price,0,0,0.173583,0.181665
1456,test,shipping,0,0,0.140373,0.224111
1456,test,smell,1,1,0.079661,0.865622
1456,test,stayingpower,0,1,0.200705,0.441923
1456,test,texture,1,1,0.0661,0.850177
1457,test,colour,0,0,0.139336,0.132415
1457,test,packing,0,0,0.147799,0.138949
1457,test,price,1,1,0.043529,0.924995
1457,test,shipping,0,0,0.144728,0.200513
1457,test,smell,0,0,0.146349,0.209789
1457,test,stayingpower,0,0,0.127401,0.121378
1457,test,texture,0,0,0.182454,0.199001
1458,test,colour,0,0,0.123633,0.076941
1458,test,packing,0,0,0.174056,0.140686
1458,test,price,0,0,0.14485,0.254244
1458,test,shipping,0,0,0.411959,0.102324
1458,test,smell,0,0,0.109717,0.08918
1458,test,stayingpower,0,0,0.138023,0.129408
1458,test,texture,0,0,0.137203,0.13171
1459,test,colour,0,0,0.208809,0.183167
1459,test,packing,0,0,0.208719,0.180602
1459,test,price,0,0,0.14828,0.183369
1459,test,shipping,0,0,0.125399,0.2228
1459,test,smell,1,1,0.05749,0.906307
1459,test,stayingpower,0,0,0.084931,0.144149
1459,test,texture,0,1,0.126457,0.487104
1460,test,colour,3,2,0.714587,0.233121
1460,test,packing,0,0,0.131239,0.163037
1460,test,price,0,0,0.151874,0.205907
1460,test,shipping,0,0,0.139095,0.199007
1460,test,smell,0,1,0.200945,0.462518
1460,test,stayingpower,0,1,0.155202,0.580423
1460,test,texture,1,1,0.068391,0.846997
1461,test,colour,0,0,0.202919,0.252255
1461,test,packing,0,0,0.190968,0.217134
1461,test,price,0,0,0.163766,0.190144
1461,test,shipping,2,2,0.953309,0.020457
1461,test,smell,0,0,0.176604,0.164628
1461,test,stayingpower,0,0,0.1354,0.204602
1461,test,texture,0,0,0.149788,0.216473
1462,test,colour,0,0,0.142111,0.130022
1462,test,packing,0,0,0.12666,0.129818
1462,test,price,0,0,0.12319,0.14852
1462,test,shipping,0,0,0.110255,0.126156
1462,test,smell,0,0,0.12026,0.111609
1462,test,stayingpower,0,0,0.143557,0.106976
1462,test,texture,0,0,0.126634,0.137925
1463,test,colour,1,1,0.070518,0.877926
1463,test,packing,0,0,0.211504,0.150685
1463,test,price,1,1,0.122768,0.740368
1463,test,shipping,0,0,0.177262,0.222151
1463,test,smell,1,1,0.112669,0.820982
1463,test,stayingpower,0,0,0.112762,0.19158
1463,test,texture,0,1,0.205066,0.51371
1464,test,colour,1,1,0.084551,0.83082
1464,test,packing,1,1,0.087559,0.831207
1464,test,price,0,0,0.184831,0.185723
1464,test,shipping,1,1,0.072635,0.864202
1464,test,smell,0,0,0.196037,0.190688
1464,test,stayingpower,0,0,0.193072,0.210087
1464,test,texture,0,0,0.193663,0.197213
1465,test,colour,1,1,0.099455,0.795409
1465,test,packing,1,1,0.136888,0.726982
1465,test,price,1,1,0.069792,0.880092
1465,test,shipping,0,0,0.228464,0.229357
1465,test,smell,0,0,0.169677,0.39269
1465,test,stayingpower,0,1,0.232164,0.40225
1465,test,texture,1,1,0.117183,0.694549
1466,test,colour,1,1,0.112372,0.784248
1466,test,packing,0,0,0.20278,0.160855
1466,test,price,0,0,0.162071,0.191641
1466,test,shipping,0,0,0.157419,0.223662
1466,test,smell,1,1,0.076077,0.888266
1466,test,stayingpower,0,0,0.091426,0.153815
1466,test,texture,0,1,0.156233,0.480983
1467,test,colour,0,0,0.208093,0.340217
1467,test,packing,0,0,0.235835,0.222387
1467,test,price,1,1,0.116369,0.772066
1467,test,shipping,2,2,0.962098,0.014882
1467,test,smell,0,0,0.224168,0.214282
1467,test,stayingpower,0,0,0.159668,0.244237
1467,test,texture,0,0,0.213511,0.286547
1468,test,colour,0,0,0.195812,0.396138
1468,test,packing,1,1,0.076454,0.85117
1468,test,price,0,0,0.165113,0.206084
1468,test,shipping,1,1,0.056071,0.904797
1468,test,smell,0,0,0.163987,0.349353
1468,test,stayingpower,0,1,0.193707,0.516445
1468,test,texture,1,1,0.116272,0.648855
1469,test,colour,0,0,0.149469,0.193826
1469,test,packing,0,0,0.121986,0.117468
1469,test,price,0,0,0.12695,0.221191
1469,test,shipping,0,0,0.113592,0.106615
1469,test,smell,0,0,0.1277,0.285582
1469,test,stayingpower,0,1,0.167346,0.518695
1469,test,texture,1,1,0.057974,0.840526
1470,test,colour,0,0,0.193013,0.13828
1470,test,packing,1,1,0.081149,0.872194
1470,test,price,1,1,0.084208,0.837744
1470,test,shipping,0,0,0.190955,0.308077
1470,test,smell,0,0,0.149492,0.151314
1470,test,stayingpower,0,0,0.184714,0.17152
1470,test,texture,0,0,0.185685,0.188738
1471,test,colour,0,0,0.209966,0.114644
1471,test,packing,0,0,0.163958,0.093309
1471,test,price,1,1,0.063399,0.888811
1471,test,shipping,0,0,0.160258,0.125619
1471,test,smell,0,0,0.137866,0.107492
1471,test,stayingpower,0,0,0.184425,0.135078
1471,test,texture,0,0,0.330147,0.135601
1472,test,colour,0,0,0.176494,0.139132
1472,test,packing,0,0,0.129164,0.124006
1472,test,price,0,0,0.125377,0.139795
1472,test,shipping,0,0,0.114208,0.113814
1472,test,smell,0,0,0.114947,0.089682
1472,test,stayingpower,0,0,0.138815,0.114289
1472,test,texture,0,0,0.127639,0.129256
1473,test,colour,1,1,0.06699,0.857179
1473,test,packing,0,0,0.133504,0.118744
1473,test,price,1,1,0.084891,0.820926
1473,test,shipping,0,0,0.139439,0.161567
1473,test,smell,0,0,0.151207,0.119181
1473,test,stayingpower,0,0,0.145868,0.147983
1473,test,texture,0,0,0.274898,0.201727
1474,test,colour,0,0,0.153876,0.143689
1474,test,packing,0,0,0.126922,0.127104
1474,test,price,0,0,0.126132,0.139018
1474,test,shipping,0,0,0.122126,0.117078
1474,test,smell,0,0,0.113173,0.08772
1474,test,stayingpower,0,0,0.141541,0.116058
1474,test,texture,0,0,0.124476,0.13684
1475,test,colour,1,1,0.115734,0.47298
1475,test,packing,0,0,0.101759,0.107319
1475,test,price,0,0,0.105744,0.131783
1475,test,shipping,0,0,0.09584,0.097205
1475,test,smell,0,0,0.082411,0.080129
1475,test,stayingpower,0,0,0.14821,0.234503
1475,test,texture,0,0,0.13523,0.39847
1476,test,colour,1,1,0.086517,0.800607
1476,test,packing,0,0,0.17084,0.140039
1476,test,price,0,0,0.200738,0.270866
1476,test,shipping,0,0,0.22622,0.178224
1476,test,smell,0,0,0.290208,0.133175
1476,test,stayingpower,0,0,0.342813,0.231424
1476,test,texture,2,2,0.93091,0.030901
1477,test,colour,1,1,0.050225,0.859133
1477,test,packing,0,0,0.131855,0.137721
1477,test,price,0,0,0.143405,0.177998
1477,test,shipping,0,0,0.167202,0.133424
1477,test,smell,0,0,0.131184,0.215148
1477,test,stayingpower,1,1,0.169167,0.678167
1477,test,texture,1,1,0.080381,0.830303
1478,test,colour,1,1,0.196604,0.61797
1478,test,packing,0,1,0.312736,0.344103
1478,test,price,0,0,0.228364,0.248675
1478,test,shipping,2,2,0.94472,0.030148
1478,test,smell,1,1,0.256008,0.554914
1478,test,stayingpower,2,2,0.770551,0.165406
1478,test,texture,3,1,0.225415,0.625954
1479,test,colour,1,1,0.065613,0.824395
1479,test,packing,0,0,0.136577,0.168252
1479,test,price,0,0,0.159939,0.243748
1479,test,shipping,0,0,0.171766,0.142786
1479,test,smell,0,0,0.139374,0.211861
1479,test,stayingpower,1,1,0.203348,0.703276
1479,test,texture,1,1,0.064347,0.876085
1480,test,colour,1,1,0.05248,0.882393
1480,test,packing,0,0,0.132129,0.286924
1480,test,price,0,0,0.124858,0.117251
1480,test,shipping,1,1,0.187332,0.595798
1480,test,smell,0,0,0.135524,0.199211
1480,test,stayingpower,1,1,0.136904,0.671871
1480,test,texture,1,1,0.080609,0.78087
1481,test,colour,1,1,0.162226,0.719309
1481,test,packing,0,0,0.134186,0.100884
1481,test,price,1,1,0.088168,0.8182
1481,test,shipping,0,0,0.115848,0.110185
1481,test,smell,0,0,0.171827,0.257473
1481,test,stayingpower,1,2,0.489246,0.393653
1481,test,texture,1,1,0.193183,0.741329
1482,test,colour,1,1,0.044873,0.903951
1482,test,packing,0,0,0.131117,0.134633
1482,test,price,0,0,0.14033,0.170975
1482,test,shipping,0,0,0.150908,0.183392
1482,test,smell,0,0,0.132141,0.108414
1482,test,stayingpower,0,0,0.151998,0.1568
1482,test,texture,0,0,0.186144,0.225816
1483,test,colour,1,1,0.092905,0.839787
1483,test,packing,0,0,0.203146,0.295973
1483,test,price,0,0,0.191426,0.211701
1483,test,shipping,1,1,0.096887,0.802318
1483,test,smell,1,1,0.090543,0.836114
1483,test,stayingpower,1,1,0.166223,0.569492
1483,test,texture,1,1,0.089349,0.818017
1484,test,colour,1,1,0.065868,0.827805
1484,test,packing,0,0,0.147231,0.148979
1484,test,price,1,1,0.079172,0.843558
1484,test,shipping,0,0,0.14754,0.162046
1484,test,smell,0,0,0.162131,0.248391
1484,test,stayingpower,3,1,0.216799,0.604673
1484,test,texture,1,1,0.103166,0.817347
1485,test,colour,0,0,0.162043,0.133309
1485,test,packing,1,1,0.07076,0.887864
1485,test,price,0,0,0.147315,0.198356
1485,test,shipping,0,0,0.147122,0.194114
1485,test,smell,0,0,0.12869,0.129682
1485,test,stayingpower,0,0,0.180114,0.156941
1485,test,texture,0,0,0.135546,0.173156
1486,test,colour,1,1,0.068428,0.864843
1486,test,packing,0,0,0.148255,0.216205
1486,test,price,1,1,0.074821,0.853953
1486,test,shipping,1,1,0.098119,0.76284
1486,test,smell,0,0,0.172301,0.152333
1486,test,stayingpower,0,0,0.178076,0.183058
1486,test,texture,0,0,0.245782,0.23031
1487,test,colour,0,0,0.224015,0.172517
1487,test,packing,0,0,0.203054,0.1766
1487,test,price,0,0,0.142435,0.161737
1487,test,shipping,0,0,0.122521,0.207657
1487,test,smell,1,1,0.072924,0.88087
1487,test,stayingpower,0,0,0.079876,0.114553
1487,test,texture,0,0,0.133,0.381582
1488,test,colour,1,1,0.078941,0.851671
1488,test,packing,0,0,0.176938,0.22898
1488,test,price,0,0,0.166612,0.233363
1488,test,shipping,2,2,0.944064,0.024792
1488,test,smell,0,0,0.225554,0.208679
1488,test,stayingpower,0,1,0.187429,0.431572
1488,test,texture,1,1,0.172249,0.567402
1489,test,colour,0,0,0.158391,0.143421
1489,test,packing,0,0,0.127662,0.117115
1489,test,price,0,0,0.12663,0.145502
1489,test,shipping,0,0,0.128401,0.109984
1489,test,smell,0,0,0.110443,0.090218
1489,test,stayingpower,0,0,0.142188,0.115006
1489,test,texture,0,0,0.124674,0.138521
1490,test,colour,1,1,0.100366,0.753261
1490,test,packing,0,0,0.197593,0.211339
1490,test,price,1,1,0.089641,0.83249
1490,test,shipping,0,0,0.209362,0.262069
1490,test,smell,0,0,0.200628,0.182413
1490,test,stayingpower,2,2,0.91178,0.050075
1490,test,texture,0,1,0.340052,0.438016
1491,test,colour,0,0,0.128592,0.370065
1491,test,packing,0,0,0.116839,0.120483
1491,test,price,0,0,0.111557,0.12921
1491,test,shipping,0,0,0.105126,0.106278
1491,test,smell,0,0,0.100133,0.091124
1491,test,stayingpower,0,0,0.131331,0.121663
1491,test,texture,0,0,0.123263,0.198342
1492,test,colour,0,0,0.207452,0.259867
1492,test,packing,1,1,0.183876,0.74613
1492,test,price,0,0,0.207541,0.203843
1492,test,shipping,2,2,0.928599,0.043076
1492,test,smell,1,1,0.128653,0.756312
1492,test,stayingpower,0,0,0.121576,0.251118
1492,test,texture,0,0,0.122188,0.423946
1493,test,colour,1,1,0.108573,0.818109
1493,test,packing,1,1,0.173293,0.731789
1493,test,price,0,0,0.19291,0.161813
1493,test,shipping,2,1,0.44757,0.491016
1493,test,smell,3,1,0.100867,0.827395
1493,test,stayingpower,0,0,0.112329,0.259241
1493,test,texture,0,1,0.13927,0.450877
1494,test,colour,0,0,0.132627,0.249411
1494,test,packing,0,0,0.141387,0.193053
1494,test,price,0,0,0.133535,0.186526
1494,test,shipping,0,0,0.138558,0.086687
1494,test,smell,0,0,0.109645,0.134814
1494,test,stayingpower,1,1,0.207693,0.65757
1494,test,texture,0,1,0.065794,0.804163
1495,test,colour,1,1,0.038351,0.914644
1495,test,packing,0,0,0.140023,0.14239
1495,test,price,1,1,0.096294,0.795218
1495,test,shipping,0,0,0.152092,0.192279
1495,test,smell,0,0,0.152159,0.130802
1495,test,stayingpower,0,0,0.173139,0.200761
1495,test,texture,0,0,0.243858,0.291111
1496,test,colour,0,0,0.188816,0.385561
1496,test,packing,0,0,0.199648,0.156801
1496,test,price,1,1,0.081222,0.827542
1496,test,shipping,0,0,0.131919,0.191671
1496,test,smell,1,1,0.06373,0.875525
1496,test,stayingpower,0,0,0.122972,0.370834
1496,test,texture,1,1,0.067531,0.845638
1497,test,colour,0,0,0.210148,0.260996
1497,test,packing,1,1,0.062105,0.89012
1497,test,price,0,0,0.175451,0.227347
1497,test,shipping,1,1,0.050928,0.893877
1497,test,smell,0,0,0.170539,0.166229
1497,test,stayingpower,0,0,0.183128,0.166565
1497,test,texture,0,0,0.159708,0.148231
1498,test,colour,2,2,0.87591,0.060298
1498,test,packing,0,0,0.255103,0.236337
1498,test,price,1,1,0.219941,0.610566
1498,test,shipping,0,0,0.309498,0.258876
1498,test,smell,2,2,0.854681,0.091712
1498,test,stayingpower,0,0,0.361565,0.224327
1498,test,texture,2,2,0.819581,0.08562
1499,test,colour,0,0,0.142337,0.11996
1499,test,packing,0,0,0.132498,0.135063
1499,test,price,0,0,0.122598,0.204781
1499,test,shipping,0,0,0.097068,0.111137
1499,test,smell,0,0,0.115373,0.134636
1499,test,stayingpower,0,0,0.141417,0.10369
1499,test,texture,0,0,0.117926,0.150292
1500,test,colour,1,1,0.134133,0.814597
1500,test,packing,0,0,0.185579,0.17186
1500,test,price,0,0,0.171478,0.185178
1500,test,shipping,0,0,0.176943,0.214752
1500,test,smell,1,1,0.077508,0.856903
1500,test,stayingpower,0,1,0.14242,0.446675
1500,test,texture,1,1,0.072535,0.835537
1501,test,colour,1,1,0.062437,0.863902
1501,test,packing,1,1,0.076233,0.855955
1501,test,price,0,0,0.158508,0.167826
1501,test,shipping,0,0,0.234378,0.290457
1501,test,smell,0,0,0.15444,0.128685
1501,test,stayingpower,0,0,0.193701,0.213246
1501,test,texture,0,0,0.193129,0.243031
1502,test,colour,0,0,0.176019,0.410895
1502,test,packing,0,0,0.182118,0.30391
1502,test,price,0,0,0.164255,0.249482
1502,test,shipping,2,2,0.952978,0.019341
1502,test,smell,0,0,0.204458,0.174056
1502,test,stayingpower,1,1,0.249255,0.618204
1502,test,texture,3,1,0.112148,0.739438
1503,test,colour,1,1,0.059059,0.902893
1503,test,packing,0,0,0.101907,0.099282
1503,test,price,0,0,0.134424,0.189585
1503,test,shipping,0,0,0.124776,0.143029
1503,test,smell,0,0,0.119568,0.124705
1503,test,stayingpower,0,0,0.197079,0.306658
1503,test,texture,1,1,0.174203,0.520227
1504,test,colour,0,0,0.201265,0.25605
1504,test,packing,1,1,0.068294,0.876338
1504,test,price,0,0,0.171773,0.186083
1504,test,shipping,1,1,0.048885,0.897957
1504,test,smell,0,0,0.170957,0.18381
1504,test,stayingpower,0,0,0.179303,0.165214
1504,test,texture,0,0,0.148229,0.156038
1505,test,colour,1,1,0.140413,0.780483
1505,test,packing,1,1,0.195956,0.699699
1505,test,price,1,1,0.160242,0.735476
1505,test,shipping,1,1,0.103408,0.824584
1505,test,smell,1,1,0.203887,0.683711
1505,test,stayingpower,0,0,0.270752,0.273916
1505,test,texture,2,2,0.62001,0.213999
1506,test,colour,0,1,0.178084,0.483841
1506,test,packing,0,0,0.283185,0.301664
1506,test,price,1,1,0.157975,0.660432
1506,test,shipping,0,0,0.189662,0.273195
1506,test,smell,1,1,0.173187,0.597009
1506,test,stayingpower,2,2,0.942954,0.035695
1506,test,texture,1,1,0.17493,0.67472
1507,test,colour,1,1,0.174499,0.73776
1507,test,packing,0,0,0.153322,0.147413
1507,test,price,0,0,0.192126,0.223241
1507,test,shipping,0,0,0.238103,0.258862
1507,test,smell,2,2,0.898695,0.038842
1507,test,stayingpower,0,0,0.147291,0.199111
1507,test,texture,0,0,0.360975,0.206702
1508,test,colour,0,0,0.166614,0.13514
1508,test,packing,1,1,0.063142,0.895823
1508,test,price,0,0,0.142038,0.176849
1508,test,shipping,0,0,0.167892,0.240692
1508,test,smell,0,0,0.13533,0.144195
1508,test,stayingpower,0,0,0.156297,0.136766
1508,test,texture,0,0,0.135102,0.159107
1509,test,colour,0,0,0.148501,0.157868
1509,test,packing,0,0,0.119858,0.124261
1509,test,price,0,0,0.113362,0.132168
1509,test,shipping,0,0,0.115172,0.129472
1509,test,smell,0,0,0.115177,0.118792
1509,test,stayingpower,0,0,0.128625,0.109497
1509,test,texture,0,0,0.119916,0.158586
1510,test,colour,1,1,0.062638,0.888056
1510,test,packing,0,0,0.136538,0.249164
1510,test,price,0,0,0.149694,0.169119
1510,test,shipping,1,1,0.084311,0.831716
1510,test,smell,0,0,0.146079,0.206652
1510,test,stayingpower,1,1,0.196192,0.562171
1510,test,texture,0,1,0.119276,0.677004
1511,test,colour,0,0,0.1701,0.180363
1511,test,packing,1,1,0.055761,0.903409
1511,test,price,0,0,0.143814,0.167788
1511,test,shipping,0,0,0.160892,0.233252
1511,test,smell,0,0,0.128358,0.13143
1511,test,stayingpower,0,0,0.163521,0.154891
1511,test,texture,0,0,0.128478,0.184862
1512,test,colour,0,0,0.136943,0.092739
1512,test,packing,0,0,0.106406,0.103704
1512,test,price,0,1,0.128042,0.509799
1512,test,shipping,0,0,0.160893,0.286289
1512,test,smell,0,0,0.098657,0.099264
1512,test,stayingpower,0,0,0.114315,0.101917
1512,test,texture,0,0,0.119769,0.128671
1513,test,colour,0,0,0.215346,0.208345
1513,test,packing,0,0,0.115386,0.099885
1513,test,price,0,0,0.125854,0.129267
1513,test,shipping,0,0,0.125691,0.099634
1513,test,smell,0,0,0.111634,0.085105
1513,test,stayingpower,0,0,0.12521,0.114749
1513,test,texture,0,0,0.134127,0.138941
1514,test,colour,1,1,0.101011,0.826388
1514,test,packing,0,0,0.198847,0.331112
1514,test,price,0,0,0.189365,0.200332
1514,test,shipping,1,1,0.112291,0.789989
1514,test,smell,1,1,0.11031,0.789059
1514,test,stayingpower,1,1,0.154505,0.658228
1514,test,texture,3,1,0.074448,0.853708
1515,test,colour,0,0,0.138064,0.219022
1515,test,packing,0,0,0.134808,0.121492
1515,test,price,1,1,0.047998,0.915352
1515,test,shipping,0,0,0.107123,0.141072
1515,test,smell,0,0,0.13128,0.147614
1515,test,stayingpower,0,0,0.140743,0.132656
1515,test,texture,0,0,0.188144,0.204405
1516,test,colour,0,0,0.238957,0.335904
1516,test,packing,0,0,0.201828,0.247501
1516,test,price,0,0,0.172414,0.202392
1516,test,shipping,1,1,0.048143,0.894967
1516,test,smell,1,1,0.081767,0.870223
1516,test,stayingpower,0,0,0.102598,0.178856
1516,test,texture,0,0,0.134475,0.426169
1517,test,colour,0,0,0.14686,0.164547
1517,test,packing,0,0,0.119557,0.123717
1517,test,price,0,0,0.113121,0.127531
1517,test,shipping,0,0,0.096307,0.098883
1517,test,smell,0,0,0.104287,0.105714
1517,test,stayingpower,0,0,0.144551,0.143016
1517,test,texture,0,0,0.126265,0.207921
1518,test,colour,0,0,0.146904,0.123684
1518,test,packing,0,0,0.127996,0.128264
1518,test,price,0,0,0.124522,0.147032
1518,test,shipping,0,0,0.116014,0.117992
1518,test,smell,0,0,0.1132,0.099814
1518,test,stayingpower,0,0,0.140479,0.113875
1518,test,texture,0,0,0.125749,0.146912
1519,test,colour,1,1,0.10917,0.760263
1519,test,packing,2,2,0.584985,0.284425
1519,test,price,0,0,0.205138,0.248039
1519,test,shipping,1,1,0.19869,0.746781
1519,test,smell,0,0,0.208067,0.273881
1519,test,stayingpower,0,0,0.367584,0.163589
1519,test,texture,0,2,0.483984,0.131602
1520,test,colour,0,0,0.165259,0.178801
1520,test,packing,0,0,0.117064,0.107032
1520,test,price,0,0,0.129036,0.176744
1520,test,shipping,0,0,0.10775,0.134122
1520,test,smell,0,0,0.117485,0.101631
1520,test,stayingpower,0,0,0.131044,0.093495
1520,test,texture,0,0,0.118233,0.12112
1521,test,colour,0,0,0.139874,0.217017
1521,test,packing,0,0,0.132856,0.140111
1521,test,price,1,1,0.045785,0.919859
1521,test,shipping,0,0,0.121286,0.144181
1521,test,smell,0,0,0.129049,0.134091
1521,test,stayingpower,0,0,0.141952,0.142173
1521,test,texture,0,0,0.178082,0.203158
1522,test,colour,1,1,0.078373,0.833457
1522,test,packing,0,0,0.203477,0.246787
1522,test,price,0,0,0.167908,0.203237
1522,test,shipping,2,2,0.946507,0.024884
1522,test,smell,0,0,0.217846,0.15858
1522,test,stayingpower,0,0,0.186655,0.274846
1522,test,texture,0,0,0.231533,0.290497
1523,test,colour,0,0,0.160375,0.179991
1523,test,packing,0,0,0.122556,0.122779
1523,test,price,0,0,0.123118,0.145762
1523,test,shipping,0,0,0.110703,0.115793
1523,test,smell,0,0,0.11648,0.101361
1523,test,stayingpower,0,0,0.128954,0.098216
1523,test,texture,0,0,0.123217,0.129425
1524,test,colour,0,1,0.185278,0.459904
1524,test,packing,1,1,0.275021,0.567486
1524,test,price,1,1,0.117239,0.77746
1524,test,shipping,2,2,0.869358,0.095353
1524,test,smell,0,0,0.233795,0.301797
1524,test,stayingpower,2,2,0.776503,0.14728
1524,test,texture,1,1,0.216944,0.577238
1525,test,colour,0,0,0.197131,0.24963
1525,test,packing,1,1,0.075661,0.868983
1525,test,price,0,0,0.161517,0.196275
1525,test,shipping,1,1,0.051609,0.898405
1525,test,smell,0,0,0.164705,0.17972
1525,test,stayingpower,0,0,0.176122,0.165244
1525,test,texture,0,0,0.153606,0.150188
1526,test,colour,0,0,0.148915,0.141502
1526,test,packing,0,0,0.126941,0.13298
1526,test,price,0,0,0.122881,0.143633
1526,test,shipping,0,0,0.11957,0.134925
1526,test,smell,0,0,0.120595,0.107331
1526,test,stayingpower,0,0,0.133367,0.099644
1526,test,texture,0,0,0.119537,0.124211
1527,test,colour,0,2,0.598665,0.163773
1527,test,packing,0,0,0.159716,0.122358
1527,test,price,0,0,0.213154,0.286121
1527,test,shipping,0,0,0.109765,0.220834
1527,test,smell,0,0,0.336962,0.155225
1527,test,stayingpower,0,0,0.399757,0.188364
1527,test,texture,2,2,0.925451,0.033677
1528,test,colour,0,0,0.194963,0.215029
1528,test,packing,0,0,0.230972,0.214217
1528,test,price,1,1,0.095326,0.815665
1528,test,shipping,2,2,0.935378,0.041684
1528,test,smell,0,0,0.195856,0.238912
1528,test,stayingpower,0,0,0.139048,0.199415
1528,test,texture,0,0,0.177146,0.256675
1529,test,colour,0,0,0.193785,0.208402
1529,test,packing,0,0,0.176791,0.142938
1529,test,price,0,0,0.149436,0.211197
1529,test,shipping,0,0,0.142609,0.163737
1529,test,smell,1,1,0.06049,0.883799
1529,test,stayingpower,0,0,0.116344,0.355554
1529,test,texture,1,1,0.065477,0.822366
1530,test,colour,0,0,0.214969,0.253394
1530,test,packing,1,1,0.06482,0.882864
1530,test,price,0,0,0.171009,0.18556
1530,test,shipping,1,1,0.050152,0.894057
1530,test,smell,0,0,0.179059,0.163986
1530,test,stayingpower,0,0,0.182411,0.169756
1530,test,texture,0,0,0.154616,0.147699
1531,test,colour,1,1,0.156167,0.737511
1531,test,packing,0,0,0.175249,0.171307
1531,test,price,0,0,0.187357,0.205331
1531,test,shipping,0,0,0.2238,0.232849
1531,test,smell,1,2,0.915768,0.047125
1531,test,stayingpower,0,0,0.169684,0.220736
1531,test,texture,0,2,0.392196,0.247807
1532,test,colour,2,2,0.95542,0.022166
1532,test,packing,0,0,0.183703,0.218269
1532,test,price,0,0,0.181566,0.226355
1532,test,shipping,0,0,0.20083,0.216951
1532,test,smell,0,0,0.254554,0.223459
1532,test,stayingpower,0,0,0.192292,0.192392
1532,test,texture,0,0,0.18121,0.239831
1533,test,colour,0,0,0.178982,0.139411
1533,test,packing,0,0,0.140218,0.129692
1533,test,price,0,0,0.107366,0.116446
1533,test,shipping,1,2,0.535287,0.291236
1533,test,smell,0,0,0.136155,0.183921
1533,test,stayingpower,0,0,0.091032,0.097711
1533,test,texture,0,0,0.102811,0.138801
1534,test,colour,0,0,0.14816,0.103905
1534,test,packing,1,0,0.168285,0.24127
1534,test,price,0,0,0.115027,0.116878
1534,test,shipping,0,0,0.169141,0.172921
1534,test,smell,0,0,0.115266,0.098043
1534,test,stayingpower,0,0,0.127409,0.096105
1534,test,texture,0,0,0.108252,0.098572
1535,test,colour,0,0,0.189165,0.162071
1535,test,packing,0,0,0.125878,0.120398
1535,test,price,0,0,0.123652,0.144981
1535,test,shipping,0,0,0.112182,0.114794
1535,test,smell,0,0,0.109292,0.083918
1535,test,stayingpower,0,0,0.14002,0.108984
1535,test,texture,0,0,0.127391,0.130543
1536,test,colour,0,0,0.157674,0.293114
1536,test,packing,0,0,0.165359,0.195987
1536,test,price,0,0,0.158425,0.261355
1536,test,shipping,0,0,0.143855,0.14045
1536,test,smell,0,0,0.115185,0.201378
1536,test,stayingpower,3,2,0.675076,0.28606
1536,test,texture,1,1,0.074838,0.844481
1537,test,colour,0,0,0.27455,0.176649
1537,test,packing,0,0,0.123308,0.09779
1537,test,price,0,0,0.132137,0.110836
1537,test,shipping,0,0,0.070297,0.090205
1537,test,smell,0,0,0.144032,0.111978
1537,test,stayingpower,0,0,0.157398,0.139777
1537,test,texture,0,2,0.446161,0.130816
1538,test,colour,0,0,0.210834,0.270493
1538,test,packing,1,1,0.060606,0.892642
1538,test,price,0,0,0.171185,0.202213
1538,test,shipping,1,1,0.057205,0.890418
1538,test,smell,0,0,0.172694,0.165457
1538,test,stayingpower,0,0,0.183568,0.172956
1538,test,texture,0,0,0.165699,0.152696
1539,test,colour,1,1,0.083116,0.792591
1539,test,packing,0,0,0.175155,0.193369
1539,test,price,1,1,0.102621,0.786685
1539,test,shipping,0,0,0.177146,0.237116
1539,test,smell,0,0,0.15177,0.143591
1539,test,stayingpower,3,2,0.891383,0.065151
1539,test,texture,0,1,0.317554,0.456686
1540,test,colour,0,1,0.147485,0.700797
1540,test,packing,1,1,0.067217,0.88403
1540,test,price,0,0,0.17868,0.180522
1540,test,shipping,1,1,0.075236,0.862804
1540,test,smell,0,0,0.195944,0.167908
1540,test,stayingpower,0,0,0.199405,0.197563
1540,test,texture,0,0,0.189133,0.165143
1541,test,colour,1,1,0.095102,0.794856
1541,test,packing,1,1,0.093996,0.782484
1541,test,price,0,0,0.169012,0.192975
1541,test,shipping,1,1,0.090414,0.83453
1541,test,smell,0,0,0.156905,0.245379
1541,test,stayingpower,1,1,0.200934,0.620599
1541,test,texture,0,1,0.09654,0.738748
1542,test,colour,0,0,0.215832,0.216392
1542,test,packing,0,0,0.132052,0.222324
1542,test,price,0,0,0.147826,0.168022
1542,test,shipping,1,1,0.039381,0.912543
1542,test,smell,0,0,0.149519,0.145211
1542,test,stayingpower,0,0,0.154913,0.133198
1542,test,texture,0,0,0.140812,0.132616
1543,test,colour,1,1,0.103944,0.747236
1543,test,packing,0,0,0.186738,0.282453
1543,test,price,0,0,0.174783,0.226283
1543,test,shipping,2,2,0.955506,0.017446
1543,test,smell,0,0,0.229586,0.226617
1543,test,stayingpower,1,1,0.214257,0.602625
1543,test,texture,1,1,0.132731,0.713431
1544,test,colour,1,1,0.081556,0.826367
1544,test,packing,0,0,0.213263,0.232133
1544,test,price,1,1,0.125767,0.758227
1544,test,shipping,2,2,0.938863,0.034831
1544,test,smell,0,0,0.288373,0.286416
1544,test,stayingpower,0,1,0.234077,0.435984
1544,test,texture,1,1,0.221957,0.576518
1545,test,colour,3,1,0.363909,0.530383
1545,test,packing,0,0,0.202235,0.194568
1545,test,price,0,0,0.164905,0.16832
1545,test,shipping,0,0,0.114593,0.254719
1545,test,smell,1,1,0.052811,0.917457
1545,test,stayingpower,0,0,0.117968,0.194746
1545,test,texture,0,1,0.107974,0.594576
1546,test,colour,0,0,0.197587,0.317286
1546,test,packing,0,0,0.183143,0.230538
1546,test,price,0,0,0.154551,0.179639
1546,test,shipping,2,2,0.947109,0.029171
1546,test,smell,0,0,0.171695,0.14433
1546,test,stayingpower,0,0,0.139375,0.189491
1546,test,texture,0,0,0.141039,0.186999
1547,test,colour,0,0,0.136501,0.33485
1547,test,packing,0,0,0.114842,0.113613
1547,test,price,0,0,0.117953,0.135118
1547,test,shipping,0,0,0.106786,0.111981
1547,test,smell,0,0,0.11183,0.111423
1547,test,stayingpower,0,0,0.11793,0.101255
1547,test,texture,0,0,0.129137,0.155411
1548,test,colour,1,1,0.076359,0.82811
1548,test,packing,0,0,0.162161,0.122447
1548,test,price,1,1,0.133704,0.712729
1548,test,shipping,0,0,0.174831,0.206147
1548,test,smell,0,0,0.295211,0.239167
1548,test,stayingpower,0,2,0.462595,0.271928
1548,test,texture,2,2,0.900828,0.071763
1549,test,colour,0,0,0.173182,0.153463
1549,test,packing,1,1,0.05933,0.906267
1549,test,price,0,0,0.153281,0.206858
1549,test,shipping,0,0,0.169119,0.264192
1549,test,smell,0,0,0.139332,0.128531
1549,test,stayingpower,0,0,0.168571,0.136926
1549,test,texture,0,0,0.137739,0.145438
1550,test,colour,0,0,0.124707,0.334387
1550,test,packing,0,0,0.125628,0.310762
1550,test,price,0,0,0.097311,0.101658
1550,test,shipping,0,0,0.091935,0.130756
1550,test,smell,0,0,0.10028,0.105838
1550,test,stayingpower,0,0,0.123247,0.131804
1550,test,texture,0,0,0.111464,0.201949
1551,test,colour,0,1,0.409173,0.448811
1551,test,packing,0,0,0.108553,0.104877
1551,test,price,0,0,0.114497,0.103825
1551,test,shipping,0,0,0.088782,0.130573
1551,test,smell,0,0,0.13971,0.125136
1551,test,stayingpower,0,0,0.108781,0.118416
1551,test,texture,0,0,0.131224,0.180774
1552,test,colour,0,0,0.172932,0.356197
1552,test,packing,0,0,0.222084,0.213521
1552,test,price,1,1,0.070671,0.886883
1552,test,shipping,2,2,0.929321,0.031694
1552,test,smell,0,0,0.232639,0.220903
1552,test,stayingpower,0,0,0.162474,0.260162
1552,test,texture,0,0,0.222026,0.32652
1553,test,colour,0,0,0.147565,0.164352
1553,test,packing,0,0,0.128468,0.130206
1553,test,price,1,1,0.059188,0.883321
1553,test,shipping,0,0,0.125062,0.187759
1553,test,smell,0,0,0.111933,0.095867
1553,test,stayingpower,0,0,0.146425,0.129396
1553,test,texture,0,0,0.157,0.156521
1554,test,colour,0,0,0.117339,0.414772
1554,test,packing,0,0,0.137318,0.171559
1554,test,price,0,0,0.131188,0.194977
1554,test,shipping,0,0,0.238108,0.101469
1554,test,smell,0,0,0.103828,0.124316
1554,test,stayingpower,1,1,0.195446,0.701075
1554,test,texture,1,1,0.066243,0.845163
1555,test,colour,0,0,0.185794,0.235301
1555,test,packing,1,1,0.098788,0.806195
1555,test,price,1,1,0.102672,0.793401
1555,test,shipping,1,1,0.054139,0.894962
1555,test,smell,0,0,0.172315,0.195639
1555,test,stayingpower,0,0,0.179854,0.161168
1555,test,texture,0,0,0.185326,0.160185
1556,test,colour,0,0,0.161509,0.264976
1556,test,packing,0,0,0.100153,0.068372
1556,test,price,0,0,0.124461,0.191872
1556,test,shipping,0,0,0.077736,0.071553
1556,test,smell,0,0,0.148613,0.189135
1556,test,stayingpower,0,2,0.442702,0.339552
1556,test,texture,3,1,0.237929,0.653918
1557,test,colour,1,1,0.123479,0.790753
1557,test,packing,1,1,0.142409,0.714766
1557,test,price,1,1,0.108674,0.79814
1557,test,shipping,1,1,0.093534,0.793603
1557,test,smell,0,0,0.19007,0.377333
1557,test,stayingpower,0,2,0.545523,0.293058
1557,test,texture,3,1,0.322009,0.54025
1558,test,colour,1,1,0.125907,0.758394
1558,test,packing,1,1,0.155804,0.70422
1558,test,price,1,1,0.095232,0.828557
1558,test,shipping,1,1,0.146027,0.726626
1558,test,smell,1,1,0.122693,0.748753
1558,test,stayingpower,0,1,0.17703,0.485145
1558,test,texture,1,1,0.098211,0.782984
1559,test,colour,0,1,0.044111,0.906935
1559,test,packing,0,0,0.125329,0.106805
1559,test,price,0,1,0.085127,0.8243
1559,test,shipping,0,0,0.133815,0.18762
1559,test,smell,0,0,0.143343,0.118111
1559,test,stayingpower,0,0,0.271096,0.257391
1559,test,texture,0,2,0.404084,0.326108
1560,test,colour,1,1,0.065098,0.852834
1560,test,packing,0,0,0.213738,0.205666
1560,test,price,1,1,0.138248,0.690044
1560,test,shipping,2,2,0.932046,0.037588
1560,test,smell,0,0,0.231233,0.205168
1560,test,stayingpower,0,0,0.191137,0.278403
1560,test,texture,0,0,0.259754,0.335151
1561,test,colour,0,0,0.15888,0.125447
1561,test,packing,0,0,0.132395,0.121973
1561,test,price,0,0,0.128511,0.13016
1561,test,shipping,0,0,0.121596,0.109518
1561,test,smell,0,0,0.117164,0.097367
1561,test,stayingpower,0,0,0.14535,0.120609
1561,test,texture,0,0,0.131304,0.139358
1562,test,colour,3,2,0.820549,0.102659
1562,test,packing,0,0,0.227802,0.282135
1562,test,price,0,0,0.226685,0.227161
1562,test,shipping,0,0,0.206358,0.209534
1562,test,smell,3,2,0.515904,0.222505
1562,test,stayingpower,2,2,0.925205,0.045774
1562,test,texture,0,1,0.339094,0.439719
1563,test,colour,0,0,0.180608,0.147116
1563,test,packing,1,1,0.09999,0.822766
1563,test,price,1,1,0.066764,0.885261
1563,test,shipping,0,0,0.18273,0.260286
1563,test,smell,0,0,0.150143,0.166964
1563,test,stayingpower,0,0,0.171381,0.170367
1563,test,texture,0,0,0.188345,0.201228
1564,test,colour,2,2,0.839125,0.114115
1564,test,packing,1,1,0.111083,0.765736
1564,test,price,0,0,0.174731,0.153291
1564,test,shipping,1,1,0.059479,0.876143
1564,test,smell,0,0,0.204239,0.353737
1564,test,stayingpower,0,0,0.206985,0.222352
1564,test,texture,0,0,0.144655,0.265926
1565,test,colour,1,1,0.097076,0.836312
1565,test,packing,0,0,0.245867,0.29165
1565,test,price,0,0,0.205482,0.242527
1565,test,shipping,2,2,0.888948,0.065383
1565,test,smell,1,1,0.127637,0.801741
1565,test,stayingpower,0,1,0.154096,0.504169
1565,test,texture,1,1,0.108368,0.776388
1566,test,colour,0,0,0.18253,0.191971
1566,test,packing,0,0,0.221583,0.267677
1566,test,price,0,0,0.141324,0.153192
1566,test,shipping,0,0,0.108146,0.173534
1566,test,smell,1,1,0.052105,0.906773
1566,test,stayingpower,0,0,0.096227,0.187464
1566,test,texture,0,1,0.122318,0.547738
1567,test,colour,3,1,0.178776,0.57065
1567,test,packing,0,0,0.172105,0.195721
1567,test,price,0,0,0.174447,0.27124
1567,test,shipping,0,0,0.178741,0.17996
1567,test,smell,0,0,0.123952,0.152893
1567,test,stayingpower,2,2,0.938131,0.047136
1567,test,texture,1,1,0.179183,0.648938
1568,test,colour,1,1,0.038818,0.913398
1568,test,packing,0,0,0.147383,0.143595
1568,test,price,1,1,0.091804,0.809758
1568,test,shipping,0,0,0.157123,0.213516
1568,test,smell,0,0,0.15868,0.156165
1568,test,stayingpower,0,0,0.165493,0.177667
1568,test,texture,0,0,0.248739,0.264904
1569,test,colour,0,0,0.238367,0.193653
1569,test,packing,0,0,0.135546,0.19149
1569,test,price,0,0,0.14165,0.178733
1569,test,shipping,1,1,0.044734,0.896803
1569,test,smell,0,0,0.13862,0.123088
1569,test,stayingpower,0,0,0.156639,0.124167
1569,test,texture,0,0,0.138748,0.126319
1570,test,colour,0,0,0.166129,0.172418
1570,test,packing,1,1,0.059079,0.908459
1570,test,price,0,0,0.143146,0.201554
1570,test,shipping,0,0,0.180754,0.198472
1570,test,smell,0,0,0.120385,0.124344
1570,test,stayingpower,0,0,0.192472,0.178509
1570,test,texture,0,0,0.145269,0.2103
1571,test,colour,0,0,0.157383,0.126468
1571,test,packing,0,0,0.131144,0.129598
1571,test,price,1,1,0.050566,0.905101
1571,test,shipping,0,0,0.116798,0.15659
1571,test,smell,0,0,0.129335,0.140415
1571,test,stayingpower,0,0,0.147216,0.133772
1571,test,texture,0,0,0.181372,0.190646
1572,test,colour,0,2,0.690505,0.088512
1572,test,packing,0,0,0.116878,0.127501
1572,test,price,0,0,0.119339,0.089063
1572,test,shipping,0,0,0.186628,0.203523
1572,test,smell,0,2,0.530104,0.133191
1572,test,stayingpower,0,0,0.117268,0.171286
1572,test,texture,0,0,0.337898,0.206286
1573,test,colour,0,0,0.215932,0.109557
1573,test,packing,2,2,0.647647,0.266771
1573,test,price,0,0,0.208804,0.25068
1573,test,shipping,2,2,0.919503,0.038585
1573,test,smell,0,0,0.200617,0.256065
1573,test,stayingpower,0,0,0.240106,0.168683
1573,test,texture,0,0,0.217168,0.182113
1574,test,colour,1,1,0.048249,0.855293
1574,test,packing,0,0,0.23469,0.161256
1574,test,price,0,0,0.19649,0.283771
1574,test,shipping,0,0,0.389595,0.156065
1574,test,smell,1,1,0.216098,0.664806
1574,test,stayingpower,0,2,0.486988,0.305506
1574,test,texture,1,2,0.789785,0.177718
1575,test,colour,0,0,0.211347,0.221421
1575,test,packing,0,0,0.132491,0.251902
1575,test,price,0,0,0.15346,0.181787
1575,test,shipping,1,1,0.037328,0.925756
1575,test,smell,0,0,0.153181,0.140899
1575,test,stayingpower,0,0,0.168122,0.150716
1575,test,texture,0,0,0.144262,0.149235
1576,test,colour,1,1,0.056219,0.901722
1576,test,packing,0,0,0.137511,0.190857
1576,test,price,0,0,0.138297,0.152373
1576,test,shipping,3,1,0.166544,0.721157
1576,test,smell,0,0,0.159883,0.140192
1576,test,stayingpower,0,0,0.144257,0.169439
1576,test,texture,0,0,0.182129,0.188615
1577,test,colour,0,0,0.256137,0.33777
1577,test,packing,0,0,0.181875,0.138158
1577,test,price,1,1,0.160967,0.669673
1577,test,shipping,0,0,0.180425,0.18688
1577,test,smell,0,2,0.485684,0.158789
1577,test,stayingpower,0,0,0.36843,0.238561
1577,test,texture,2,2,0.957106,0.022875
1578,test,colour,0,0,0.180273,0.144514
1578,test,packing,0,0,0.131482,0.116154
1578,test,price,1,1,0.051079,0.906875
1578,test,shipping,0,0,0.174257,0.189022
1578,test,smell,0,0,0.143627,0.119993
1578,test,stayingpower,0,0,0.134344,0.113692
1578,test,texture,0,0,0.180354,0.137779
1579,test,colour,2,2,0.908651,0.041109
1579,test,packing,0,0,0.160658,0.256646
1579,test,price,0,0,0.172671,0.168346
1579,test,shipping,0,0,0.203354,0.194239
1579,test,smell,0,0,0.193859,0.243827
1579,test,stayingpower,1,1,0.301068,0.505773
1579,test,texture,3,1,0.105051,0.701586
1580,test,colour,2,2,0.916117,0.045591
1580,test,packing,0,0,0.166611,0.25114
1580,test,price,0,0,0.172523,0.216343
1580,test,shipping,0,0,0.19815,0.212004
1580,test,smell,0,0,0.189252,0.334758
1580,test,stayingpower,1,1,0.352058,0.444793
1580,test,texture,1,1,0.083882,0.770848
1581,test,colour,1,1,0.087733,0.787915
1581,test,packing,0,1,0.13544,0.771823
1581,test,price,0,0,0.177143,0.185638
1581,test,shipping,2,2,0.897035,0.068691
1581,test,smell,0,0,0.201739,0.194055
1581,test,stayingpower,0,0,0.171267,0.230729
1581,test,texture,0,0,0.169371,0.240087
1582,test,colour,0,0,0.179869,0.290854
1582,test,packing,0,0,0.125418,0.161471
1582,test,price,0,0,0.12325,0.203784
1582,test,shipping,1,1,0.152972,0.690515
1582,test,smell,0,1,0.143282,0.504325
1582,test,stayingpower,0,1,0.138326,0.556464
1582,test,texture,1,1,0.048284,0.872742
1583,test,colour,1,1,0.06722,0.844702
1583,test,packing,1,1,0.080813,0.8426
1583,test,price,0,0,0.148792,0.153982
1583,test,shipping,0,0,0.217438,0.281502
1583,test,smell,0,0,0.140629,0.106916
1583,test,stayingpower,0,0,0.19154,0.198581
1583,test,texture,0,0,0.170434,0.22435
1584,test,colour,0,0,0.168769,0.281794
1584,test,packing,0,1,0.171798,0.614453
1584,test,price,1,1,0.044572,0.928728
1584,test,shipping,1,1,0.091337,0.800719
1584,test,smell,0,0,0.16994,0.254328
1584,test,stayingpower,0,0,0.154506,0.155096
1584,test,texture,0,0,0.175978,0.188583
1585,test,colour,1,1,0.04745,0.910163
1585,test,packing,0,0,0.128392,0.137713
1585,test,price,0,0,0.140724,0.180266
1585,test,shipping,0,0,0.153663,0.172713
1585,test,smell,0,0,0.136373,0.108315
1585,test,stayingpower,0,0,0.151719,0.167047
1585,test,texture,0,0,0.199888,0.231348
1586,test,colour,1,1,0.033574,0.930093
1586,test,packing,0,0,0.141199,0.142016
1586,test,price,1,1,0.118036,0.720026
1586,test,shipping,0,0,0.155291,0.181878
1586,test,smell,0,0,0.155847,0.119885
1586,test,stayingpower,0,0,0.186537,0.21345
1586,test,texture,0,0,0.248755,0.29814
1587,test,colour,0,0,0.178382,0.138645
1587,test,packing,0,0,0.1352,0.293482
1587,test,price,0,0,0.154109,0.327629
1587,test,shipping,1,1,0.071976,0.885653
1587,test,smell,0,0,0.133951,0.142467
1587,test,stayingpower,0,0,0.142191,0.125394
1587,test,texture,0,0,0.126904,0.12754
1588,test,colour,0,0,0.187284,0.39099
1588,test,packing,1,1,0.136536,0.768156
1588,test,price,0,0,0.172539,0.214351
1588,test,shipping,0,0,0.169169,0.270634
1588,test,smell,1,1,0.057437,0.896686
1588,test,stayingpower,0,0,0.134492,0.423633
1588,test,texture,1,1,0.062089,0.828529
1589,test,colour,1,1,0.067959,0.878753
1589,test,packing,1,1,0.096,0.779994
1589,test,price,0,0,0.180743,0.195705
1589,test,shipping,1,1,0.097522,0.820968
1589,test,smell,0,0,0.185414,0.345022
1589,test,stayingpower,0,1,0.185253,0.477392
1589,test,texture,1,1,0.115652,0.686071
1590,test,colour,0,0,0.180234,0.106836
1590,test,packing,1,1,0.108558,0.847732
1590,test,price,0,0,0.153534,0.199888
1590,test,shipping,0,0,0.178043,0.153409
1590,test,smell,0,0,0.125336,0.132323
1590,test,stayingpower,0,0,0.18292,0.139544
1590,test,texture,0,0,0.154534,0.14246
1591,test,colour,0,0,0.155772,0.142039
1591,test,packing,0,0,0.132944,0.130906
1591,test,price,0,0,0.11874,0.114705
1591,test,shipping,0,0,0.117017,0.115897
1591,test,smell,0,0,0.128967,0.114705
1591,test,stayingpower,0,0,0.134854,0.10815
1591,test,texture,0,0,0.128458,0.144561
1592,test,colour,0,0,0.24246,0.282073
1592,test,packing,0,0,0.189642,0.282667
1592,test,price,0,0,0.162728,0.159742
1592,test,shipping,1,1,0.042732,0.906053
1592,test,smell,1,1,0.099535,0.813976
1592,test,stayingpower,0,0,0.098713,0.14445
1592,test,texture,0,0,0.12784,0.298191
1593,test,colour,1,1,0.068877,0.870737
1593,test,packing,1,1,0.183417,0.694286
1593,test,price,0,0,0.226945,0.197955
1593,test,shipping,0,0,0.262011,0.282357
1593,test,smell,1,1,0.085,0.857437
1593,test,stayingpower,0,1,0.184545,0.541745
1593,test,texture,0,1,0.094799,0.804715
1594,test,colour,0,0,0.243997,0.203565
1594,test,packing,0,0,0.259804,0.276616
1594,test,price,0,0,0.181507,0.198762
1594,test,shipping,2,2,0.954774,0.02031
1594,test,smell,1,1,0.157057,0.706941
1594,test,stayingpower,0,0,0.108861,0.246208
1594,test,texture,0,0,0.132232,0.421927
1595,test,colour,0,0,0.171594,0.142145
1595,test,packing,0,0,0.137141,0.126822
1595,test,price,0,1,0.052481,0.905637
1595,test,shipping,0,0,0.135712,0.157206
1595,test,smell,0,0,0.131889,0.123317
1595,test,stayingpower,0,0,0.136906,0.121522
1595,test,texture,0,0,0.185321,0.157675
1596,test,colour,1,1,0.046348,0.893575
1596,test,packing,0,0,0.12816,0.143751
1596,test,price,0,0,0.140725,0.197562
1596,test,shipping,0,0,0.196005,0.246272
1596,test,smell,0,0,0.124359,0.095826
1596,test,stayingpower,0,0,0.134753,0.134129
1596,test,texture,0,0,0.172714,0.164301
1597,test,colour,1,1,0.145279,0.731306
1597,test,packing,1,1,0.145515,0.688529
1597,test,price,0,0,0.218027,0.2227
1597,test,shipping,1,1,0.136588,0.807197
1597,test,smell,2,2,0.804007,0.119598
1597,test,stayingpower,0,0,0.154808,0.248267
1597,test,texture,0,0,0.275784,0.214239
1598,test,colour,0,0,0.191862,0.187207
1598,test,packing,1,1,0.058395,0.9095
1598,test,price,0,0,0.148997,0.183392
1598,test,shipping,0,0,0.189383,0.226553
1598,test,smell,0,0,0.135702,0.126508
1598,test,stayingpower,0,0,0.169275,0.142063
1598,test,texture,0,0,0.144291,0.155295
1599,test,colour,0,0,0.207592,0.215193
1599,test,packing,0,1,0.04292,0.931987
1599,test,price,0,0,0.160172,0.195537
1599,test,shipping,0,1,0.14751,0.601779
1599,test,smell,0,0,0.146026,0.126696
1599,test,stayingpower,0,0,0.186248,0.158397
1599,test,texture,0,0,0.148914,0.162184
1600,test,colour,1,1,0.078175,0.850713
1600,test,packing,0,0,0.135416,0.114877
1600,test,price,0,0,0.173826,0.231435
1600,test,shipping,0,0,0.151589,0.159808
1600,test,smell,0,0,0.214865,0.118237
1600,test,stayingpower,0,2,0.407392,0.238796
1600,test,texture,2,2,0.882776,0.059834
1601,test,colour,1,1,0.063165,0.847071
1601,test,packing,1,1,0.12878,0.734016
1601,test,price,1,1,0.090823,0.836321
1601,test,shipping,0,0,0.230759,0.230454
1601,test,smell,0,0,0.162665,0.121967
1601,test,stayingpower,0,0,0.244359,0.233326
1601,test,texture,0,0,0.307033,0.27597
1602,test,colour,1,1,0.099854,0.764241
1602,test,packing,0,0,0.175392,0.145007
1602,test,price,0,0,0.206682,0.270286
1602,test,shipping,0,0,0.243728,0.172913
1602,test,smell,0,0,0.321522,0.122473
1602,test,stayingpower,0,2,0.384123,0.234557
1602,test,texture,2,2,0.939169,0.027154
1603,test,colour,0,0,0.223181,0.175426
1603,test,packing,0,0,0.138858,0.152103
1603,test,price,0,0,0.139944,0.210782
1603,test,shipping,1,1,0.403131,0.56118
1603,test,smell,0,0,0.144176,0.149938
1603,test,stayingpower,0,0,0.135023,0.152594
1603,test,texture,0,0,0.144536,0.159233
1604,test,colour,3,1,0.134751,0.446704
1604,test,packing,0,0,0.150326,0.147487
1604,test,price,0,0,0.157289,0.186793
1604,test,shipping,0,0,0.110369,0.118137
1604,test,smell,0,0,0.136315,0.19167
1604,test,stayingpower,1,2,0.821248,0.152343
1604,test,texture,3,1,0.276186,0.614941
1605,test,colour,0,0,0.174567,0.183353
1605,test,packing,1,1,0.056608,0.91056
1605,test,price,0,0,0.145471,0.19412
1605,test,shipping,0,0,0.17596,0.241204
1605,test,smell,0,0,0.134002,0.129778
1605,test,stayingpower,0,0,0.166792,0.146944
1605,test,texture,0,0,0.136853,0.172779
1606,test,colour,1,1,0.054795,0.871309
1606,test,packing,0,0,0.16483,0.137565
1606,test,price,1,1,0.146121,0.70178
1606,test,shipping,0,0,0.244081,0.192737
1606,test,smell,0,0,0.324775,0.162127
1606,test,stayingpower,0,0,0.374395,0.249123
1606,test,texture,2,2,0.901984,0.052818
1607,test,colour,0,0,0.20323,0.12985
1607,test,packing,0,0,0.122568,0.102173
1607,test,price,0,0,0.131393,0.147988
1607,test,shipping,0,0,0.113416,0.109528
1607,test,smell,0,0,0.12572,0.097134
1607,test,stayingpower,0,0,0.126562,0.110778
1607,test,texture,0,0,0.143212,0.138016
1608,test,colour,0,0,0.17544,0.200817
1608,test,packing,0,0,0.11364,0.093651
1608,test,price,0,0,0.126052,0.247086
1608,test,shipping,0,0,0.104604,0.102966
1608,test,smell,0,0,0.117233,0.243471
1608,test,stayingpower,0,1,0.169343,0.508599
1608,test,texture,1,1,0.070787,0.826929
1609,test,colour,1,1,0.08875,0.86748
1609,test,packing,0,0,0.121453,0.132621
1609,test,price,0,0,0.139156,0.167271
1609,test,shipping,0,0,0.135809,0.169478
1609,test,smell,0,0,0.124112,0.086268
1609,test,stayingpower,0,0,0.163898,0.155999
1609,test,texture,0,0,0.209643,0.193435
1610,test,colour,1,1,0.052095,0.893637
1610,test,packing,0,0,0.183486,0.291331
1610,test,price,0,0,0.172211,0.254207
1610,test,shipping,3,2,0.896077,0.073443
1610,test,smell,0,0,0.206016,0.32095
1610,test,stayingpower,0,1,0.201254,0.531517
1610,test,texture,1,1,0.118025,0.722384
1611,test,colour,1,1,0.095016,0.807665
1611,test,packing,0,0,0.263266,0.286872
1611,test,price,0,0,0.198561,0.271455
1611,test,shipping,2,2,0.937746,0.037393
1611,test,smell,1,1,0.155857,0.738959
1611,test,stayingpower,0,0,0.126879,0.290343
1611,test,texture,0,1,0.173156,0.494118
1612,test,colour,0,0,0.277512,0.15766
1612,test,packing,2,2,0.816797,0.126075
1612,test,price,1,1,0.204552,0.63347
1612,test,shipping,0,2,0.499011,0.192615
1612,test,smell,0,0,0.324752,0.287229
1612,test,stayingpower,0,0,0.357024,0.139395
1612,test,texture,0,2,0.496103,0.155146
1613,test,colour,0,1,0.126371,0.45553
1613,test,packing,0,0,0.13717,0.216649
1613,test,price,0,0,0.143557,0.217314
1613,test,shipping,0,0,0.173918,0.114515
1613,test,smell,0,0,0.129946,0.186577
1613,test,stayingpower,3,1,0.154638,0.755839
1613,test,texture,3,1,0.056055,0.875533
1614,test,colour,0,0,0.15598,0.123022
1614,test,packing,0,0,0.12928,0.124083
1614,test,price,0,0,0.130062,0.148387
1614,test,shipping,0,0,0.126117,0.109015
1614,test,smell,0,0,0.110683,0.086965
1614,test,stayingpower,0,0,0.150633,0.121674
1614,test,texture,0,0,0.132854,0.13853
1615,test,colour,1,1,0.052298,0.883373
1615,test,packing,1,1,0.08659,0.828326
1615,test,price,0,0,0.158022,0.162924
1615,test,shipping,0,0,0.233515,0.254925
1615,test,smell,0,0,0.156579,0.133679
1615,test,stayingpower,0,0,0.188162,0.222079
1615,test,texture,0,0,0.17509,0.262408
1616,test,colour,0,0,0.15529,0.183906
1616,test,packing,0,0,0.126278,0.134774
1616,test,price,0,0,0.121833,0.125632
1616,test,shipping,0,0,0.132992,0.170605
1616,test,smell,0,0,0.112385,0.094345
1616,test,stayingpower,0,0,0.126808,0.092529
1616,test,texture,0,0,0.112939,0.112404
1617,test,colour,0,0,0.211439,0.252338
1617,test,packing,0,0,0.189624,0.251235
1617,test,price,0,0,0.160322,0.156073
1617,test,shipping,2,2,0.945294,0.033702
1617,test,smell,0,0,0.175819,0.149178
1617,test,stayingpower,0,0,0.148274,0.196283
1617,test,texture,0,0,0.146081,0.185922
1618,test,colour,1,1,0.038409,0.917628
1618,test,packing,0,0,0.131558,0.135857
1618,test,price,0,0,0.145216,0.173298
1618,test,shipping,0,0,0.161528,0.184045
1618,test,smell,0,0,0.139904,0.113146
1618,test,stayingpower,0,0,0.16289,0.17402
1618,test,texture,0,0,0.193195,0.238401
1619,test,colour,3,2,0.63857,0.323154
1619,test,packing,0,0,0.206263,0.217666
1619,test,price,1,1,0.13312,0.700497
1619,test,shipping,0,0,0.134257,0.27275
1619,test,smell,1,1,0.099896,0.831232
1619,test,stayingpower,0,0,0.123971,0.186707
1619,test,texture,0,1,0.166796,0.494312
1620,test,colour,0,2,0.378179,0.298395
1620,test,packing,1,1,0.146495,0.714962
1620,test,price,0,0,0.239115,0.239592
1620,test,shipping,1,1,0.160338,0.765535
1620,test,smell,2,2,0.8857,0.066052
1620,test,stayingpower,0,0,0.194229,0.259921
1620,test,texture,0,0,0.299978,0.211362
1621,test,colour,0,0,0.169317,0.311469
1621,test,packing,0,0,0.127228,0.079833
1621,test,price,0,0,0.12624,0.225999
1621,test,shipping,0,0,0.096914,0.085476
1621,test,smell,0,0,0.204695,0.223307
1621,test,stayingpower,0,1,0.248536,0.436174
1621,test,texture,1,2,0.551216,0.382886
1622,test,colour,1,1,0.044014,0.900847
1622,test,packing,1,0,0.127115,0.144729
1622,test,price,0,0,0.13833,0.169771
1622,test,shipping,0,0,0.15975,0.190896
1622,test,smell,0,0,0.124786,0.090171
1622,test,stayingpower,0,0,0.152374,0.166779
1622,test,texture,0,0,0.186148,0.212212
