chỉ số,split,khía cạnh,nhãn đúng,nhãn đoán,p(mã âm),p(mã dương)
0,test,colour,0,0,0.017781,0.092087
0,test,packing,1,1,0.012137,0.979564
0,test,price,0,0,0.025342,0.054066
0,test,shipping,0,0,0.04824,0.196775
0,test,smell,0,0,0.010219,0.049414
0,test,stayingpower,0,0,0.008002,0.012733
0,test,texture,0,0,0.004163,0.028482
1,test,colour,0,0,0.100612,0.055246
1,test,packing,1,1,0.074898,0.922861
1,test,price,0,0,0.02888,0.037392
1,test,shipping,1,1,0.032006,0.966404
1,test,smell,0,0,0.016331,0.028752
1,test,stayingpower,0,0,0.29012,0.153281
1,test,texture,0,0,0.180221,0.286801
2,test,colour,0,0,0.09579,0.170671
2,test,packing,0,0,0.019673,0.053528
2,test,price,0,0,0.018448,0.071762
2,test,shipping,0,0,0.010998,0.014238
2,test,smell,0,0,0.01315,0.130147
2,test,stayingpower,0,0,0.032826,0.193551
2,test,texture,1,1,0.003755,0.994126
3,test,colour,0,0,0.024388,0.051597
3,test,packing,1,1,0.016286,0.979242
3,test,price,0,0,0.027709,0.041156
3,test,shipping,0,0,0.067595,0.103883
3,test,smell,0,0,0.011608,0.02587
3,test,stayingpower,0,0,0.012897,0.020511
3,test,texture,0,0,0.005966,0.02241
4,test,colour,0,0,0.042861,0.020574
4,test,packing,0,0,0.020827,0.020711
4,test,price,0,0,0.010531,0.009081
4,test,shipping,0,0,0.020769,0.013284
4,test,smell,0,0,0.015807,0.01754
4,test,stayingpower,0,0,0.013574,0.010621
4,test,texture,0,0,0.017953,0.015825
5,test,colour,1,1,0.005819,0.992185
5,test,packing,0,0,0.016099,0.029683
5,test,price,0,0,0.025722,0.03676
5,test,shipping,0,0,0.033802,0.030121
5,test,smell,0,0,0.028853,0.037548
5,test,stayingpower,0,0,0.029595,0.029862
5,test,texture,0,0,0.027241,0.026539
6,test,colour,0,0,0.10915,0.032025
6,test,packing,0,0,0.018637,0.013484
6,test,price,0,0,0.011305,0.01381
6,test,shipping,0,0,0.015644,0.008638
6,test,smell,0,0,0.008828,0.009758
6,test,stayingpower,0,0,0.014681,0.018002
6,test,texture,0,0,0.029979,0.021682
7,test,colour,0,0,0.213297,0.020863
7,test,packing,0,0,0.093822,0.02769
7,test,price,1,1,0.019952,0.954282
7,test,shipping,0,0,0.059522,0.012502
7,test,smell,0,0,0.100428,0.020191
7,test,stayingpower,0,0,0.080888,0.084373
7,test,texture,2,2,0.966036,0.01643
8,test,colour,1,1,0.013393,0.965172
8,test,packing,0,0,0.030849,0.03575
8,test,price,0,0,0.040805,0.157508
8,test,shipping,2,2,0.989585,0.00413
8,test,smell,0,0,0.051241,0.142136
8,test,stayingpower,1,1,0.225196,0.753653
8,test,texture,3,1,0.241654,0.604142
9,test,colour,0,0,0.039081,0.027904
9,test,packing,0,0,0.018222,0.017673
9,test,price,0,0,0.009485,0.010776
9,test,shipping,0,0,0.019988,0.015831
9,test,smell,0,0,0.014438,0.019423
9,test,stayingpower,0,0,0.013598,0.011115
9,test,texture,0,0,0.017941,0.018996
10,test,colour,1,1,0.013296,0.982584
10,test,packing,0,0,0.011951,0.045372
10,test,price,0,0,0.016541,0.063572
10,test,shipping,0,0,0.021412,0.055145
10,test,smell,0,0,0.011859,0.093057
10,test,stayingpower,0,0,0.043126,0.186353
10,test,texture,1,1,0.003564,0.987262
11,test,colour,1,1,0.122001,0.868737
11,test,packing,1,1,0.333974,0.618794
11,test,price,0,0,0.125618,0.17715
11,test,shipping,0,0,0.220933,0.148673
11,test,smell,1,2,0.93378,0.060144
11,test,stayingpower,0,0,0.471498,0.033917
11,test,texture,0,2,0.509165,0.066414
12,test,colour,1,1,0.018742,0.976323
12,test,packing,0,0,0.030682,0.045623
12,test,price,0,0,0.029977,0.079577
12,test,shipping,0,0,0.05949,0.096053
12,test,smell,0,0,0.07194,0.095434
12,test,stayingpower,0,0,0.210462,0.171033
12,test,texture,3,1,0.408746,0.58823
13,test,colour,1,1,0.018963,0.942012
13,test,packing,0,1,0.114169,0.663038
13,test,price,0,0,0.051244,0.1309
13,test,shipping,0,0,0.158781,0.072964
13,test,smell,0,0,0.024134,0.212875
13,test,stayingpower,1,1,0.133004,0.865135
13,test,texture,1,1,0.026154,0.961409
14,test,colour,0,1,0.274862,0.703568
14,test,packing,0,0,0.18623,0.201659
14,test,price,0,0,0.024455,0.020961
14,test,shipping,2,2,0.958085,0.04049
14,test,smell,0,0,0.057185,0.028454
14,test,stayingpower,0,0,0.021832,0.015756
14,test,texture,0,0,0.140012,0.010639
15,test,colour,0,0,0.037104,0.070718
15,test,packing,0,1,0.097792,0.550507
15,test,price,0,0,0.011724,0.018816
15,test,shipping,2,0,0.310371,0.102847
15,test,smell,0,0,0.006468,0.009759
15,test,stayingpower,0,0,0.005741,0.005859
15,test,texture,0,0,0.003661,0.003663
16,test,colour,2,2,0.972636,0.02009
16,test,packing,0,0,0.18237,0.093357
16,test,price,0,0,0.034795,0.028406
16,test,shipping,0,2,0.548842,0.169075
16,test,smell,0,0,0.272194,0.067741
16,test,stayingpower,0,0,0.256664,0.02929
16,test,texture,1,1,0.452444,0.521464
17,test,colour,0,0,0.071349,0.031696
17,test,packing,0,0,0.016222,0.011255
17,test,price,0,0,0.010429,0.008454
17,test,shipping,0,0,0.020905,0.007777
17,test,smell,0,0,0.017125,0.017416
17,test,stayingpower,0,0,0.015266,0.013522
17,test,texture,0,0,0.025694,0.017007
18,test,colour,0,0,0.01963,0.054163
18,test,packing,1,1,0.01237,0.985997
18,test,price,0,0,0.032239,0.052514
18,test,shipping,3,1,0.059991,0.913911
18,test,smell,0,0,0.017643,0.048304
18,test,stayingpower,0,0,0.012132,0.023309
18,test,texture,0,0,0.007994,0.030896
19,test,colour,1,1,0.014684,0.973793
19,test,packing,0,0,0.013955,0.02254
19,test,price,0,0,0.031186,0.059892
19,test,shipping,0,0,0.015932,0.036117
19,test,smell,1,1,0.016786,0.968625
19,test,stayingpower,0,0,0.021148,0.034165
19,test,texture,0,0,0.015995,0.062297
20,test,colour,0,0,0.024191,0.096116
20,test,packing,0,0,0.008957,0.02062
20,test,price,0,0,0.008237,0.017914
20,test,shipping,0,0,0.011782,0.023769
20,test,smell,0,0,0.006334,0.031868
20,test,stayingpower,0,0,0.006714,0.015217
20,test,texture,0,0,0.011617,0.106588
21,test,colour,1,1,0.298675,0.698196
21,test,packing,0,0,0.043904,0.032615
21,test,price,0,0,0.055337,0.078582
21,test,shipping,0,0,0.055117,0.090533
21,test,smell,0,0,0.05592,0.022418
21,test,stayingpower,0,0,0.375873,0.117179
21,test,texture,2,2,0.973624,0.015103
22,test,colour,0,0,0.04608,0.073472
22,test,packing,0,0,0.020665,0.021102
22,test,price,0,0,0.014337,0.028983
22,test,shipping,1,1,0.023427,0.967836
22,test,smell,0,0,0.006887,0.012702
22,test,stayingpower,0,0,0.009434,0.018271
22,test,texture,0,0,0.011821,0.023671
23,test,colour,0,0,0.033601,0.022542
23,test,packing,0,0,0.014481,0.01301
23,test,price,0,0,0.011376,0.01821
23,test,shipping,0,0,0.015822,0.020648
23,test,smell,0,0,0.014169,0.02088
23,test,stayingpower,0,0,0.012336,0.010183
23,test,texture,0,0,0.016751,0.021754
24,test,colour,0,0,0.017663,0.026762
24,test,packing,1,1,0.030846,0.96601
24,test,price,0,0,0.030828,0.050332
24,test,shipping,1,1,0.136643,0.820479
24,test,smell,0,0,0.019554,0.036744
24,test,stayingpower,0,0,0.007771,0.009828
24,test,texture,0,0,0.009146,0.018601
25,test,colour,0,1,0.029818,0.964859
25,test,packing,0,0,0.04239,0.064129
25,test,price,1,1,0.01057,0.973653
25,test,shipping,0,0,0.069019,0.024101
25,test,smell,0,0,0.063088,0.117217
25,test,stayingpower,0,0,0.221879,0.171065
25,test,texture,1,1,0.087557,0.908102
26,test,colour,0,0,0.059325,0.051579
26,test,packing,0,0,0.038769,0.039522
26,test,price,0,0,0.022644,0.077274
26,test,shipping,1,1,0.006253,0.992182
26,test,smell,0,0,0.012444,0.02098
26,test,stayingpower,0,0,0.017828,0.018631
26,test,texture,0,0,0.030988,0.036795
27,test,colour,0,0,0.154076,0.026765
27,test,packing,1,1,0.381648,0.594942
27,test,price,1,1,0.028348,0.948731
27,test,shipping,0,0,0.231475,0.072416
27,test,smell,1,2,0.652053,0.34121
27,test,stayingpower,0,0,0.321377,0.04928
27,test,texture,0,0,0.35915,0.196462
28,test,colour,0,0,0.021122,0.117586
28,test,packing,0,0,0.01501,0.046997
28,test,price,0,0,0.012272,0.028587
28,test,shipping,0,0,0.049977,0.181786
28,test,smell,0,0,0.006614,0.019191
28,test,stayingpower,0,0,0.005027,0.006824
28,test,texture,0,0,0.003607,0.011516
29,test,colour,0,0,0.043198,0.029249
29,test,packing,0,0,0.018007,0.015523
29,test,price,0,0,0.009902,0.008311
29,test,shipping,0,0,0.027189,0.016833
29,test,smell,0,0,0.01654,0.018789
29,test,stayingpower,0,0,0.013577,0.010232
29,test,texture,0,0,0.016978,0.013587
30,test,colour,1,1,0.031812,0.963212
30,test,packing,0,0,0.078702,0.12605
30,test,price,1,1,0.013145,0.975511
30,test,shipping,1,0,0.066917,0.246724
30,test,smell,0,0,0.025592,0.028666
30,test,stayingpower,0,0,0.308872,0.241335
30,test,texture,2,2,0.844704,0.095463
31,test,colour,1,1,0.020798,0.969733
31,test,packing,0,0,0.021013,0.037669
31,test,price,0,0,0.028302,0.091152
31,test,shipping,1,1,0.006227,0.988729
31,test,smell,0,0,0.022284,0.054288
31,test,stayingpower,0,0,0.023668,0.020689
31,test,texture,0,0,0.021833,0.033512
32,test,colour,1,1,0.010808,0.985884
32,test,packing,0,0,0.020583,0.026221
32,test,price,1,1,0.011785,0.9768
32,test,shipping,0,0,0.025552,0.029597
32,test,smell,0,0,0.027082,0.067249
32,test,stayingpower,0,0,0.031705,0.036263
32,test,texture,0,0,0.04056,0.123016
33,test,colour,0,0,0.181385,0.196364
33,test,packing,0,0,0.163479,0.107312
33,test,price,0,0,0.062718,0.163427
33,test,shipping,2,2,0.983128,0.009229
33,test,smell,2,2,0.951644,0.046573
33,test,stayingpower,0,0,0.215105,0.076784
33,test,texture,0,0,0.275987,0.224641
34,test,colour,2,2,0.926235,0.065094
34,test,packing,0,0,0.040335,0.02466
34,test,price,0,0,0.01859,0.013496
34,test,shipping,0,0,0.069411,0.013288
34,test,smell,0,0,0.046998,0.012906
34,test,stayingpower,0,0,0.040941,0.019165
34,test,texture,0,0,0.139537,0.01627
35,test,colour,3,2,0.617351,0.374515
35,test,packing,0,0,0.072606,0.045126
35,test,price,0,0,0.062507,0.090442
35,test,shipping,0,0,0.063351,0.046548
35,test,smell,0,0,0.066082,0.043608
35,test,stayingpower,0,2,0.591019,0.206776
35,test,texture,2,2,0.9553,0.043347
36,test,colour,1,1,0.052446,0.933303
36,test,packing,2,1,0.045384,0.938444
36,test,price,0,0,0.020727,0.023075
36,test,shipping,1,1,0.010958,0.982896
36,test,smell,0,0,0.027509,0.042787
36,test,stayingpower,0,0,0.035942,0.02459
36,test,texture,0,0,0.027441,0.02541
37,test,colour,0,0,0.351524,0.236365
37,test,packing,0,0,0.040031,0.009457
37,test,price,0,0,0.058008,0.246214
37,test,shipping,0,0,0.15903,0.035344
37,test,smell,2,2,0.991847,0.007048
37,test,stayingpower,0,0,0.255652,0.138093
37,test,texture,3,2,0.587321,0.345256
38,test,colour,0,0,0.070206,0.080939
38,test,packing,0,0,0.03502,0.043741
38,test,price,0,0,0.019149,0.05656
38,test,shipping,1,1,0.015237,0.980401
38,test,smell,0,0,0.009327,0.01655
38,test,stayingpower,0,0,0.00994,0.011952
38,test,texture,0,0,0.008368,0.010476
39,test,colour,0,0,0.041249,0.080991
39,test,packing,0,0,0.048409,0.125143
39,test,price,1,1,0.014642,0.974092
39,test,shipping,1,1,0.010972,0.968822
39,test,smell,0,0,0.015798,0.045518
39,test,stayingpower,0,0,0.016292,0.025747
39,test,texture,0,0,0.010083,0.032462
40,test,colour,1,1,0.005181,0.993555
40,test,packing,0,0,0.009663,0.022969
40,test,price,0,0,0.022093,0.064687
40,test,shipping,0,0,0.035828,0.058683
40,test,smell,0,0,0.007656,0.012664
40,test,stayingpower,0,0,0.036196,0.068777
40,test,texture,0,0,0.037761,0.221373
41,test,colour,1,1,0.006798,0.987992
41,test,packing,0,0,0.012167,0.012717
41,test,price,0,0,0.027087,0.08094
41,test,shipping,0,0,0.043515,0.037241
41,test,smell,0,0,0.015895,0.060291
41,test,stayingpower,1,1,0.1359,0.844068
41,test,texture,1,1,0.101171,0.661102
42,test,colour,0,0,0.05291,0.033009
42,test,packing,0,0,0.012689,0.01258
42,test,price,0,0,0.012331,0.011837
42,test,shipping,0,0,0.012563,0.018551
42,test,smell,0,0,0.015113,0.028739
42,test,stayingpower,0,0,0.009267,0.007941
42,test,texture,0,0,0.020437,0.041339
43,test,colour,1,1,0.010959,0.985347
43,test,packing,0,0,0.06879,0.26446
43,test,price,1,1,0.03009,0.860315
43,test,shipping,2,2,0.982991,0.011247
43,test,smell,0,0,0.026952,0.02734
43,test,stayingpower,0,0,0.025247,0.040745
43,test,texture,0,0,0.019498,0.029345
44,test,colour,0,2,0.739497,0.070684
44,test,packing,0,0,0.127682,0.036434
44,test,price,1,1,0.028608,0.947397
44,test,shipping,0,0,0.074926,0.011226
44,test,smell,0,0,0.317944,0.045189
44,test,stayingpower,0,2,0.948121,0.023865
44,test,texture,0,2,0.929238,0.050886
45,test,colour,2,1,0.057696,0.939846
45,test,packing,0,0,0.052988,0.047451
45,test,price,0,0,0.023706,0.042437
45,test,shipping,2,2,0.995091,0.003352
45,test,smell,0,0,0.078679,0.048537
45,test,stayingpower,0,0,0.114534,0.050042
45,test,texture,0,0,0.36002,0.11422
46,test,colour,2,2,0.88069,0.08749
46,test,packing,1,1,0.280668,0.694326
46,test,price,1,0,0.112634,0.184831
46,test,shipping,1,1,0.182504,0.805285
46,test,smell,0,0,0.049944,0.050922
46,test,stayingpower,0,2,0.465916,0.343005
46,test,texture,0,2,0.930223,0.057644
47,test,colour,1,1,0.006786,0.991685
47,test,packing,0,0,0.016368,0.027182
47,test,price,0,0,0.026973,0.04302
47,test,shipping,0,0,0.037791,0.042729
47,test,smell,0,0,0.031895,0.031046
47,test,stayingpower,0,0,0.042763,0.030787
47,test,texture,0,0,0.032528,0.022136
48,test,colour,1,1,0.047174,0.935485
48,test,packing,1,1,0.029597,0.95636
48,test,price,0,0,0.018775,0.021787
48,test,shipping,1,1,0.011995,0.980377
48,test,smell,0,0,0.017127,0.042791
48,test,stayingpower,0,0,0.017747,0.023453
48,test,texture,0,0,0.019291,0.033787
49,test,colour,1,1,0.012479,0.976221
49,test,packing,0,0,0.011831,0.042301
49,test,price,0,0,0.013037,0.051645
49,test,shipping,0,0,0.023973,0.055015
49,test,smell,0,0,0.010967,0.054619
49,test,stayingpower,0,0,0.034847,0.160573
49,test,texture,1,1,0.004193,0.989286
50,test,colour,1,1,0.066217,0.930443
50,test,packing,0,0,0.051344,0.021681
50,test,price,0,0,0.057985,0.125596
50,test,shipping,0,0,0.058011,0.044078
50,test,smell,2,2,0.965956,0.030311
50,test,stayingpower,0,0,0.10756,0.048464
50,test,texture,0,2,0.505421,0.111405
51,test,colour,0,0,0.023546,0.011045
51,test,packing,0,0,0.04369,0.065045
51,test,price,0,0,0.043041,0.33955
51,test,shipping,0,2,0.528617,0.018907
51,test,smell,0,0,0.002108,0.002585
51,test,stayingpower,0,0,0.02219,0.082164
51,test,texture,0,0,0.01573,0.017233
52,test,colour,0,0,0.403188,0.111004
52,test,packing,0,0,0.213554,0.106784
52,test,price,2,1,0.082846,0.756408
52,test,shipping,2,1,0.220731,0.768069
52,test,smell,0,0,0.073957,0.041621
52,test,stayingpower,2,2,0.984837,0.008048
52,test,texture,0,0,0.332434,0.095826
53,test,colour,0,0,0.087544,0.02723
53,test,packing,0,0,0.019813,0.014737
53,test,price,0,0,0.017555,0.12271
53,test,shipping,0,0,0.01678,0.003116
53,test,smell,0,0,0.009118,0.006703
53,test,stayingpower,0,0,0.019147,0.013604
53,test,texture,0,0,0.03244,0.045922
54,test,colour,1,1,0.046403,0.922301
54,test,packing,1,1,0.150201,0.811149
54,test,price,1,1,0.060582,0.488136
54,test,shipping,2,2,0.991074,0.006796
54,test,smell,0,0,0.050693,0.101542
54,test,stayingpower,3,1,0.328552,0.545651
54,test,texture,1,2,0.779279,0.196602
55,test,colour,1,1,0.15769,0.836208
55,test,packing,0,0,0.03898,0.048394
55,test,price,1,1,0.026615,0.902374
55,test,shipping,0,0,0.021049,0.017092
55,test,smell,0,0,0.227825,0.210184
55,test,stayingpower,0,2,0.441269,0.206749
55,test,texture,1,1,0.408627,0.587848
56,test,colour,0,0,0.051672,0.04569
56,test,packing,0,1,0.103153,0.501294
56,test,price,0,0,0.032481,0.246644
56,test,shipping,0,0,0.009464,0.007313
56,test,smell,0,0,0.004561,0.007089
56,test,stayingpower,0,0,0.040343,0.03203
56,test,texture,0,0,0.022638,0.014756
57,test,colour,0,0,0.025939,0.023936
57,test,packing,0,0,0.012564,0.014409
57,test,price,0,0,0.011145,0.014634
57,test,shipping,0,0,0.029377,0.043505
57,test,smell,0,0,0.012886,0.028578
57,test,stayingpower,0,0,0.010913,0.008225
57,test,texture,0,0,0.009739,0.014529
58,test,colour,1,1,0.011557,0.981467
58,test,packing,0,0,0.057085,0.181011
58,test,price,1,1,0.02849,0.909445
58,test,shipping,2,2,0.983496,0.008899
58,test,smell,1,1,0.067453,0.91528
58,test,stayingpower,0,0,0.038366,0.056963
58,test,texture,0,0,0.069567,0.139086
59,test,colour,0,0,0.021933,0.010568
59,test,packing,0,0,0.0374,0.059316
59,test,price,0,1,0.02287,0.776271
59,test,shipping,0,0,0.069894,0.068893
59,test,smell,0,0,0.002575,0.004083
59,test,stayingpower,0,0,0.00635,0.009098
59,test,texture,0,0,0.023073,0.051846
60,test,colour,0,0,0.013179,0.035117
60,test,packing,1,1,0.010884,0.986664
60,test,price,0,0,0.026168,0.041922
60,test,shipping,0,0,0.109056,0.211841
60,test,smell,0,0,0.010813,0.029151
60,test,stayingpower,0,0,0.01582,0.024004
60,test,texture,0,0,0.007328,0.03442
61,test,colour,0,0,0.461211,0.04157
61,test,packing,2,2,0.583103,0.391394
61,test,price,0,0,0.060269,0.126456
61,test,shipping,1,2,0.973217,0.01889
61,test,smell,0,0,0.205598,0.123945
61,test,stayingpower,2,2,0.961777,0.021776
61,test,texture,1,2,0.667846,0.218524
62,test,colour,0,0,0.066414,0.227798
62,test,packing,0,0,0.024082,0.037524
62,test,price,0,0,0.031406,0.164988
62,test,shipping,0,0,0.015757,0.022499
62,test,smell,1,1,0.020623,0.974983
62,test,stayingpower,0,0,0.033897,0.154603
62,test,texture,1,1,0.002123,0.993153
63,test,colour,0,0,0.130835,0.018033
63,test,packing,0,0,0.217438,0.09878
63,test,price,1,1,0.012636,0.975687
63,test,shipping,2,2,0.996053,0.001552
63,test,smell,0,0,0.062374,0.042001
63,test,stayingpower,0,0,0.046786,0.033523
63,test,texture,0,0,0.292871,0.044018
64,test,colour,0,0,0.053692,0.052186
64,test,packing,0,0,0.01217,0.016556
64,test,price,0,0,0.01061,0.007419
64,test,shipping,0,0,0.017079,0.009448
64,test,smell,0,0,0.01107,0.019216
64,test,stayingpower,0,0,0.00957,0.017875
64,test,texture,0,0,0.019681,0.052233
65,test,colour,1,1,0.005812,0.992179
65,test,packing,0,0,0.016019,0.026845
65,test,price,0,0,0.023505,0.033933
65,test,shipping,0,0,0.032048,0.03337
65,test,smell,0,0,0.047714,0.0751
65,test,stayingpower,0,0,0.036026,0.024483
65,test,texture,0,0,0.026467,0.02298
66,test,colour,1,1,0.085067,0.907392
66,test,packing,0,0,0.071886,0.0466
66,test,price,0,0,0.113957,0.306336
66,test,shipping,0,0,0.073971,0.062188
66,test,smell,0,0,0.102098,0.056789
66,test,stayingpower,2,2,0.774917,0.192893
66,test,texture,2,2,0.982463,0.015356
67,test,colour,0,0,0.059613,0.07047
67,test,packing,0,0,0.02194,0.032054
67,test,price,0,0,0.021273,0.054242
67,test,shipping,0,0,0.007494,0.007826
67,test,smell,1,1,0.010452,0.98487
67,test,stayingpower,0,0,0.036389,0.07601
67,test,texture,1,1,0.013575,0.761762
68,test,colour,1,1,0.01421,0.978516
68,test,packing,0,0,0.034008,0.055777
68,test,price,0,0,0.02022,0.05515
68,test,shipping,3,1,0.034833,0.958794
68,test,smell,0,0,0.008697,0.015364
68,test,stayingpower,0,0,0.015558,0.022045
68,test,texture,0,0,0.02593,0.031048
69,test,colour,0,0,0.069938,0.037405
69,test,packing,0,0,0.017929,0.01506
69,test,price,0,0,0.011048,0.01162
69,test,shipping,0,0,0.012837,0.007493
69,test,smell,0,0,0.019894,0.027767
69,test,stayingpower,0,0,0.016075,0.00884
69,test,texture,0,0,0.017221,0.016215
70,test,colour,1,1,0.004994,0.993022
70,test,packing,0,0,0.023555,0.064157
70,test,price,0,0,0.041849,0.082239
70,test,shipping,0,0,0.053756,0.073836
70,test,smell,1,1,0.015101,0.979954
70,test,stayingpower,0,0,0.041863,0.138459
70,test,texture,0,0,0.031067,0.299362
71,test,colour,0,0,0.22088,0.073113
71,test,packing,0,0,0.132103,0.055867
71,test,price,0,0,0.035631,0.07795
71,test,shipping,1,1,0.370116,0.609703
71,test,smell,0,0,0.080646,0.047771
71,test,stayingpower,0,2,0.467962,0.174056
71,test,texture,3,2,0.531695,0.458119
72,test,colour,0,0,0.030066,0.029226
72,test,packing,0,0,0.013073,0.014781
72,test,price,0,0,0.009524,0.014833
72,test,shipping,0,0,0.017561,0.027869
72,test,smell,0,0,0.010557,0.016887
72,test,stayingpower,0,0,0.010955,0.011169
72,test,texture,0,0,0.015196,0.024685
73,test,colour,0,0,0.028869,0.078131
73,test,packing,1,1,0.086856,0.734511
73,test,price,0,0,0.023385,0.075948
73,test,shipping,2,2,0.992874,0.00668
73,test,smell,0,0,0.012168,0.024851
73,test,stayingpower,0,0,0.014716,0.032977
73,test,texture,0,0,0.020378,0.04024
74,test,colour,1,1,0.011202,0.979424
74,test,packing,0,0,0.083771,0.19041
74,test,price,1,1,0.025661,0.928549
74,test,shipping,2,2,0.962965,0.029816
74,test,smell,1,1,0.056155,0.930149
74,test,stayingpower,0,0,0.026394,0.040286
74,test,texture,0,0,0.06738,0.127492
75,test,colour,1,1,0.014013,0.978315
75,test,packing,0,0,0.06103,0.057341
75,test,price,1,1,0.020871,0.954334
75,test,shipping,0,0,0.46056,0.027773
75,test,smell,0,0,0.054938,0.10255
75,test,stayingpower,3,2,0.723101,0.270448
75,test,texture,0,1,0.363213,0.363296
76,test,colour,0,0,0.070756,0.056874
76,test,packing,0,0,0.024923,0.03337
76,test,price,0,0,0.006806,0.007252
76,test,shipping,0,0,0.055938,0.028062
76,test,smell,0,0,0.00546,0.008786
76,test,stayingpower,0,0,0.008285,0.018789
76,test,texture,0,0,0.014903,0.018888
77,test,colour,0,0,0.033694,0.044802
77,test,packing,0,0,0.008183,0.010742
77,test,price,0,0,0.011702,0.013025
77,test,shipping,0,0,0.010005,0.013231
77,test,smell,0,0,0.010685,0.029769
77,test,stayingpower,0,0,0.007421,0.013471
77,test,texture,0,0,0.016804,0.071589
78,test,colour,1,1,0.008495,0.983768
78,test,packing,0,0,0.024608,0.058077
78,test,price,0,0,0.04363,0.061924
78,test,shipping,1,1,0.013681,0.978391
78,test,smell,1,1,0.16653,0.796585
78,test,stayingpower,0,0,0.038682,0.05865
78,test,texture,0,0,0.023133,0.086373
79,test,colour,3,1,0.269009,0.714763
79,test,packing,0,0,0.075419,0.084792
79,test,price,0,0,0.072373,0.151405
79,test,shipping,0,0,0.049931,0.092896
79,test,smell,0,0,0.037423,0.067746
79,test,stayingpower,2,2,0.98501,0.013983
79,test,texture,0,2,0.405625,0.26959
80,test,colour,1,1,0.007023,0.990332
80,test,packing,0,0,0.014113,0.034047
80,test,price,0,0,0.027122,0.043962
80,test,shipping,0,0,0.026624,0.044977
80,test,smell,0,0,0.023178,0.04557
80,test,stayingpower,0,0,0.018838,0.017695
80,test,texture,0,0,0.013161,0.03139
81,test,colour,1,1,0.007421,0.989826
81,test,packing,0,0,0.012272,0.02588
81,test,price,0,0,0.018416,0.028954
81,test,shipping,0,0,0.026511,0.024533
81,test,smell,0,0,0.020116,0.033575
81,test,stayingpower,0,0,0.026035,0.027763
81,test,texture,0,0,0.023161,0.039864
82,test,colour,0,0,0.025276,0.060586
82,test,packing,1,1,0.014513,0.98154
82,test,price,0,0,0.030001,0.069901
82,test,shipping,0,1,0.01254,0.949551
82,test,smell,0,0,0.007982,0.036171
82,test,stayingpower,0,0,0.013841,0.019878
82,test,texture,0,0,0.005778,0.029648
83,test,colour,0,0,0.019955,0.014217
83,test,packing,0,0,0.103318,0.410639
83,test,price,0,0,0.033431,0.258378
83,test,shipping,0,0,0.038238,0.016789
83,test,smell,0,0,0.002614,0.005946
83,test,stayingpower,0,0,0.006155,0.018147
83,test,texture,0,0,0.011969,0.021911
84,test,colour,0,0,0.015994,0.063467
84,test,packing,1,1,0.01225,0.980636
84,test,price,0,0,0.037035,0.094895
84,test,shipping,0,0,0.047897,0.090429
84,test,smell,0,0,0.011466,0.040842
84,test,stayingpower,0,0,0.008892,0.016726
84,test,texture,0,0,0.004858,0.026408
85,test,colour,0,0,0.034614,0.086296
85,test,packing,0,0,0.026123,0.033641
85,test,price,1,1,0.010338,0.979133
85,test,shipping,1,1,0.04196,0.951522
85,test,smell,0,0,0.008473,0.019871
85,test,stayingpower,0,0,0.030538,0.071254
85,test,texture,0,0,0.036224,0.160971
86,test,colour,0,0,0.02242,0.061847
86,test,packing,0,0,0.027618,0.099449
86,test,price,1,1,0.029167,0.920835
86,test,shipping,0,0,0.019907,0.037351
86,test,smell,1,1,0.005739,0.988644
86,test,stayingpower,0,0,0.020946,0.094817
86,test,texture,1,1,0.006437,0.939458
87,test,colour,0,0,0.068433,0.381662
87,test,packing,0,0,0.140738,0.370655
87,test,price,0,0,0.056069,0.30797
87,test,shipping,2,2,0.974373,0.024492
87,test,smell,1,1,0.064769,0.925469
87,test,stayingpower,1,1,0.279364,0.591016
87,test,texture,0,1,0.05586,0.898217
88,test,colour,2,2,0.736984,0.245057
88,test,packing,0,0,0.054825,0.039146
88,test,price,0,0,0.035132,0.087295
88,test,shipping,0,0,0.053263,0.031045
88,test,smell,2,1,0.068044,0.922728
88,test,stayingpower,2,2,0.592477,0.332329
88,test,texture,1,1,0.084262,0.895845
89,test,colour,0,1,0.067324,0.619522
89,test,packing,0,0,0.020624,0.025034
89,test,price,0,0,0.010705,0.02468
89,test,shipping,0,0,0.055296,0.038681
89,test,smell,0,0,0.00269,0.012165
89,test,stayingpower,1,1,0.07014,0.911548
89,test,texture,1,1,0.115741,0.753056
90,test,colour,0,0,0.019085,0.016875
90,test,packing,0,0,0.03094,0.062665
90,test,price,0,0,0.0103,0.0202
90,test,shipping,0,0,0.145264,0.062432
90,test,smell,0,0,0.007431,0.016198
90,test,stayingpower,0,0,0.005134,0.00665
90,test,texture,0,0,0.006577,0.011499
91,test,colour,0,0,0.117144,0.050654
91,test,packing,0,0,0.015346,0.014275
91,test,price,0,0,0.009997,0.008385
91,test,shipping,0,0,0.02824,0.011066
91,test,smell,0,0,0.012205,0.008509
91,test,stayingpower,0,0,0.007423,0.013231
91,test,texture,0,0,0.034905,0.025726
92,test,colour,1,1,0.017945,0.968727
92,test,packing,0,0,0.00922,0.028794
92,test,price,0,0,0.019561,0.080966
92,test,shipping,0,0,0.024669,0.058606
92,test,smell,0,0,0.014377,0.072145
92,test,stayingpower,0,0,0.029692,0.117284
92,test,texture,1,1,0.002539,0.992882
93,test,colour,1,1,0.007957,0.988296
93,test,packing,0,0,0.008607,0.022282
93,test,price,0,0,0.030899,0.08762
93,test,shipping,0,0,0.014801,0.053123
93,test,smell,1,1,0.010592,0.971391
93,test,stayingpower,0,0,0.035792,0.143482
93,test,texture,1,1,0.010391,0.919907
94,test,colour,1,1,0.318672,0.678002
94,test,packing,0,0,0.011808,0.012814
94,test,price,0,0,0.024573,0.018796
94,test,shipping,0,0,0.077489,0.125648
94,test,smell,0,0,0.011949,0.007347
94,test,stayingpower,0,0,0.062695,0.035955
94,test,texture,0,0,0.144955,0.041273
95,test,colour,3,2,0.941813,0.054168
95,test,packing,0,0,0.050354,0.04365
95,test,price,1,0,0.107467,0.426759
95,test,shipping,0,0,0.040101,0.020873
95,test,smell,0,0,0.022819,0.010961
95,test,stayingpower,0,0,0.05347,0.027531
95,test,texture,0,2,0.656478,0.024714
96,test,colour,0,0,0.032633,0.039465
96,test,packing,0,0,0.013106,0.014903
96,test,price,0,0,0.009959,0.013207
96,test,shipping,0,0,0.015133,0.013327
96,test,smell,0,0,0.014002,0.028868
96,test,stayingpower,0,0,0.010656,0.008533
96,test,texture,0,0,0.014405,0.02258
97,test,colour,0,0,0.02981,0.046227
97,test,packing,1,1,0.021625,0.97199
97,test,price,0,0,0.029974,0.056024
97,test,shipping,1,1,0.009671,0.98153
97,test,smell,0,0,0.011006,0.038011
97,test,stayingpower,0,0,0.009494,0.014469
97,test,texture,0,0,0.008479,0.028513
98,test,colour,0,0,0.085747,0.114968
98,test,packing,1,0,0.067409,0.178277
98,test,price,0,0,0.012895,0.020675
98,test,shipping,1,1,0.006456,0.991641
98,test,smell,0,0,0.0064,0.011754
98,test,stayingpower,0,0,0.013163,0.018396
98,test,texture,0,0,0.018834,0.034676
99,test,colour,0,0,0.012947,0.193757
99,test,packing,0,0,0.021604,0.093156
99,test,price,1,1,0.007467,0.979414
99,test,shipping,0,0,0.049277,0.018071
99,test,smell,0,0,0.011293,0.188541
99,test,stayingpower,1,1,0.066248,0.848933
99,test,texture,1,1,0.004694,0.979743
100,test,colour,0,0,0.022993,0.122692
100,test,packing,0,0,0.022188,0.052447
100,test,price,1,1,0.009702,0.976902
100,test,shipping,0,0,0.014416,0.077377
100,test,smell,0,0,0.011128,0.040936
100,test,stayingpower,0,0,0.009522,0.01389
100,test,texture,0,0,0.008581,0.049621
101,test,colour,0,0,0.032466,0.183239
101,test,packing,0,0,0.034289,0.187012
101,test,price,0,0,0.039947,0.146799
101,test,shipping,1,1,0.004675,0.992304
101,test,smell,1,1,0.012087,0.966911
101,test,stayingpower,1,1,0.094821,0.652203
101,test,texture,1,1,0.005442,0.943625
102,test,colour,0,0,0.022367,0.044559
102,test,packing,0,0,0.010832,0.024706
102,test,price,0,0,0.012747,0.021017
102,test,shipping,0,0,0.02147,0.033832
102,test,smell,0,0,0.006139,0.015873
102,test,stayingpower,0,0,0.006408,0.01301
102,test,texture,0,0,0.008461,0.032389
103,test,colour,1,1,0.01107,0.982541
103,test,packing,1,1,0.055455,0.892639
103,test,price,0,0,0.043908,0.155368
103,test,shipping,1,1,0.141505,0.822189
103,test,smell,1,1,0.018359,0.954711
103,test,stayingpower,0,0,0.15836,0.339131
103,test,texture,1,1,0.005788,0.982206
104,test,colour,2,2,0.971379,0.02542
104,test,packing,0,0,0.137957,0.077093
104,test,price,0,0,0.054225,0.059022
104,test,shipping,0,0,0.058621,0.052142
104,test,smell,0,0,0.116221,0.025689
104,test,stayingpower,0,2,0.694373,0.036194
104,test,texture,1,2,0.830642,0.151661
105,test,colour,0,0,0.037722,0.124936
105,test,packing,0,0,0.010968,0.01983
105,test,price,0,0,0.011628,0.029549
105,test,shipping,0,0,0.012272,0.023546
105,test,smell,0,0,0.009247,0.024236
105,test,stayingpower,0,0,0.006071,0.007757
105,test,texture,0,0,0.007342,0.02358
106,test,colour,1,1,0.006188,0.991204
106,test,packing,1,1,0.026182,0.943746
106,test,price,0,0,0.017864,0.022675
106,test,shipping,1,1,0.01417,0.979526
106,test,smell,0,0,0.012394,0.071078
106,test,stayingpower,0,0,0.083184,0.248696
106,test,texture,0,0,0.032132,0.262408
107,test,colour,1,1,0.009048,0.986124
107,test,packing,0,0,0.027096,0.059265
107,test,price,0,0,0.021346,0.057989
107,test,shipping,2,2,0.989412,0.006633
107,test,smell,0,0,0.045251,0.060359
107,test,stayingpower,0,0,0.01926,0.028029
107,test,texture,0,0,0.031696,0.030021
108,test,colour,1,1,0.022808,0.976111
108,test,packing,0,0,0.058623,0.06652
108,test,price,0,1,0.051778,0.81288
108,test,shipping,0,0,0.032597,0.021706
108,test,smell,0,0,0.043415,0.020333
108,test,stayingpower,0,0,0.370245,0.056222
108,test,texture,0,2,0.737248,0.093543
109,test,colour,0,0,0.029811,0.019196
109,test,packing,0,0,0.017966,0.014831
109,test,price,0,0,0.010897,0.010603
109,test,shipping,0,0,0.026175,0.017384
109,test,smell,0,0,0.018872,0.02564
109,test,stayingpower,0,0,0.013762,0.008427
109,test,texture,0,0,0.016636,0.018142
110,test,colour,1,1,0.007334,0.990326
110,test,packing,0,0,0.041329,0.134436
110,test,price,1,1,0.013355,0.965823
110,test,shipping,2,2,0.986714,0.004424
110,test,smell,1,1,0.217151,0.592383
110,test,stayingpower,0,0,0.181929,0.189767
110,test,texture,1,1,0.107322,0.673402
111,test,colour,0,0,0.247386,0.051798
111,test,packing,0,0,0.068854,0.023008
111,test,price,0,0,0.059575,0.121902
111,test,shipping,0,0,0.054389,0.031804
111,test,smell,2,2,0.967795,0.026233
111,test,stayingpower,0,0,0.056847,0.025991
111,test,texture,0,0,0.171436,0.066531
112,test,colour,0,0,0.050953,0.063374
112,test,packing,0,0,0.011736,0.015165
112,test,price,0,0,0.010765,0.014931
112,test,shipping,0,0,0.039016,0.046248
112,test,smell,0,0,0.007491,0.015641
112,test,stayingpower,0,0,0.008142,0.010306
112,test,texture,0,0,0.006413,0.013837
113,test,colour,1,1,0.004304,0.994022
113,test,packing,0,0,0.00958,0.024582
113,test,price,0,0,0.01384,0.053076
113,test,shipping,0,0,0.023573,0.027238
113,test,smell,0,0,0.023025,0.116085
113,test,stayingpower,0,0,0.035888,0.09929
113,test,texture,1,1,0.017361,0.884186
114,test,colour,0,0,0.044393,0.129171
114,test,packing,0,0,0.007696,0.013089
114,test,price,0,0,0.012534,0.030571
114,test,shipping,0,0,0.005713,0.014107
114,test,smell,0,0,0.008264,0.016498
114,test,stayingpower,0,0,0.011553,0.013848
114,test,texture,0,0,0.015746,0.056532
115,test,colour,0,1,0.02182,0.970472
115,test,packing,0,0,0.051851,0.1454
115,test,price,0,0,0.010836,0.01225
115,test,shipping,3,1,0.065582,0.928364
115,test,smell,0,0,0.00997,0.013841
115,test,stayingpower,0,0,0.016423,0.021387
115,test,texture,0,0,0.035564,0.054555
116,test,colour,0,0,0.043682,0.026247
116,test,packing,0,0,0.022139,0.018299
116,test,price,0,0,0.011374,0.01021
116,test,shipping,0,0,0.022022,0.01372
116,test,smell,0,0,0.02072,0.021722
116,test,stayingpower,0,0,0.013948,0.010552
116,test,texture,0,0,0.022425,0.01403
117,test,colour,3,2,0.768878,0.191612
117,test,packing,0,0,0.028858,0.040916
117,test,price,0,0,0.026688,0.037853
117,test,shipping,0,0,0.018799,0.022348
117,test,smell,1,1,0.029327,0.949446
117,test,stayingpower,0,0,0.060146,0.099024
117,test,texture,1,1,0.011448,0.977319
118,test,colour,1,1,0.026272,0.966585
118,test,packing,0,0,0.034721,0.051902
118,test,price,0,0,0.038304,0.047825
118,test,shipping,0,0,0.027571,0.019992
118,test,smell,1,1,0.043214,0.947985
118,test,stayingpower,0,0,0.018678,0.022375
118,test,texture,0,0,0.029529,0.049792
119,test,colour,0,0,0.046535,0.056488
119,test,packing,0,0,0.036506,0.07584
119,test,price,0,0,0.02575,0.077266
119,test,shipping,1,1,0.003828,0.992386
119,test,smell,0,0,0.010617,0.032799
119,test,stayingpower,0,0,0.010972,0.013692
119,test,texture,0,0,0.011377,0.030535
120,test,colour,0,0,0.048569,0.00941
120,test,packing,0,0,0.045221,0.037134
120,test,price,0,0,0.01115,0.00862
120,test,shipping,0,0,0.08358,0.029453
120,test,smell,0,0,0.017945,0.011779
120,test,stayingpower,0,0,0.011774,0.007655
120,test,texture,0,0,0.020673,0.008988
121,test,colour,0,0,0.011954,0.038787
121,test,packing,1,1,0.00978,0.986932
121,test,price,0,0,0.029536,0.059
121,test,shipping,0,0,0.114618,0.23961
121,test,smell,0,0,0.011884,0.049694
121,test,stayingpower,0,0,0.010713,0.023677
121,test,texture,0,0,0.00513,0.029177
122,test,colour,1,1,0.019617,0.967815
122,test,packing,0,0,0.009677,0.026518
122,test,price,0,0,0.017882,0.085231
122,test,shipping,0,0,0.023795,0.064676
122,test,smell,0,0,0.014283,0.063608
122,test,stayingpower,0,0,0.044024,0.188312
122,test,texture,1,1,0.004888,0.992656
123,test,colour,0,0,0.043545,0.05702
123,test,packing,1,1,0.088006,0.865173
123,test,price,1,1,0.013036,0.971945
123,test,shipping,1,1,0.01399,0.97921
123,test,smell,0,0,0.014937,0.054387
123,test,stayingpower,0,0,0.012328,0.020654
123,test,texture,0,0,0.020453,0.062603
124,test,colour,3,1,0.049993,0.894781
124,test,packing,1,1,0.017764,0.975208
124,test,price,0,0,0.023438,0.018884
124,test,shipping,0,0,0.063587,0.122559
124,test,smell,0,0,0.014282,0.024758
124,test,stayingpower,0,0,0.033406,0.041788
124,test,texture,0,0,0.007014,0.018998
125,test,colour,0,0,0.291652,0.038259
125,test,packing,0,0,0.03197,0.013677
125,test,price,0,0,0.015152,0.023148
125,test,shipping,0,0,0.027205,0.003983
125,test,smell,1,1,0.161518,0.758366
125,test,stayingpower,3,1,0.176156,0.597485
125,test,texture,2,1,0.315487,0.645216
126,test,colour,1,1,0.014348,0.973028
126,test,packing,0,0,0.041835,0.081977
126,test,price,0,0,0.018767,0.064152
126,test,shipping,2,2,0.995039,0.00326
126,test,smell,0,0,0.021777,0.023814
126,test,stayingpower,0,0,0.028579,0.040916
126,test,texture,0,0,0.040604,0.031572
127,test,colour,0,0,0.027294,0.031037
127,test,packing,0,0,0.010701,0.014821
127,test,price,0,0,0.011295,0.021118
127,test,shipping,0,0,0.014001,0.022287
127,test,smell,0,0,0.009586,0.016704
127,test,stayingpower,0,0,0.00928,0.012559
127,test,texture,0,0,0.011769,0.022832
128,test,colour,0,0,0.042182,0.086859
128,test,packing,0,0,0.010497,0.019617
128,test,price,0,0,0.010395,0.018463
128,test,shipping,0,0,0.016128,0.011187
128,test,smell,0,0,0.007911,0.014615
128,test,stayingpower,0,0,0.008195,0.01529
128,test,texture,0,0,0.01188,0.030175
129,test,colour,0,0,0.041288,0.106927
129,test,packing,0,0,0.013969,0.020022
129,test,price,1,1,0.007287,0.986435
129,test,shipping,0,0,0.010914,0.015124
129,test,smell,0,0,0.012158,0.038448
129,test,stayingpower,0,0,0.011513,0.01296
129,test,texture,0,0,0.022091,0.098805
130,test,colour,3,2,0.978931,0.01654
130,test,packing,0,0,0.06865,0.017664
130,test,price,1,1,0.046074,0.928113
130,test,shipping,0,0,0.047223,0.012871
130,test,smell,0,0,0.119075,0.023203
130,test,stayingpower,0,0,0.234604,0.027083
130,test,texture,0,2,0.733197,0.03193
131,test,colour,1,1,0.008099,0.986005
131,test,packing,0,0,0.017267,0.052832
131,test,price,0,0,0.021317,0.049908
131,test,shipping,1,1,0.008393,0.980117
131,test,smell,0,0,0.014728,0.043143
131,test,stayingpower,0,0,0.019616,0.029749
131,test,texture,0,0,0.013185,0.054329
132,test,colour,1,1,0.048863,0.946087
132,test,packing,0,0,0.100652,0.061821
132,test,price,1,1,0.057869,0.907496
132,test,shipping,0,0,0.116514,0.065596
132,test,smell,0,0,0.405026,0.150595
132,test,stayingpower,2,2,0.981009,0.014688
132,test,texture,0,2,0.640806,0.097444
133,test,colour,0,0,0.03056,0.054509
133,test,packing,0,0,0.075408,0.152
133,test,price,0,0,0.019089,0.039094
133,test,shipping,2,2,0.98821,0.008671
133,test,smell,0,0,0.012491,0.012872
133,test,stayingpower,0,0,0.006966,0.011959
133,test,texture,0,0,0.013752,0.011714
134,test,colour,0,0,0.109146,0.007577
134,test,packing,0,0,0.054686,0.016399
134,test,price,1,1,0.012424,0.978285
134,test,shipping,0,0,0.017861,0.00461
134,test,smell,0,0,0.037778,0.017825
134,test,stayingpower,0,0,0.051765,0.019824
134,test,texture,0,0,0.203088,0.046972
135,test,colour,1,1,0.006337,0.990828
135,test,packing,0,0,0.011826,0.019613
135,test,price,0,0,0.017695,0.025511
135,test,shipping,0,0,0.023809,0.019659
135,test,smell,0,0,0.026197,0.033815
135,test,stayingpower,0,0,0.030319,0.029802
135,test,texture,0,0,0.038099,0.049566
136,test,colour,0,0,0.036372,0.026134
136,test,packing,0,0,0.016719,0.015006
136,test,price,0,0,0.01121,0.012014
136,test,shipping,0,0,0.018343,0.010717
136,test,smell,0,0,0.01678,0.021608
136,test,stayingpower,0,0,0.014277,0.011348
136,test,texture,0,0,0.015403,0.016222
137,test,colour,1,1,0.009202,0.983253
137,test,packing,1,1,0.050445,0.927223
137,test,price,1,1,0.014939,0.97109
137,test,shipping,0,0,0.113949,0.118955
137,test,smell,0,0,0.032488,0.07214
137,test,stayingpower,0,0,0.06616,0.049212
137,test,texture,0,0,0.069534,0.187527
138,test,colour,0,0,0.019695,0.019134
138,test,packing,0,0,0.03423,0.066117
138,test,price,1,1,0.00451,0.993163
138,test,shipping,0,0,0.019285,0.023484
138,test,smell,0,0,0.017746,0.061421
138,test,stayingpower,0,0,0.046515,0.156429
138,test,texture,0,0,0.034438,0.161369
139,test,colour,0,0,0.066769,0.362934
139,test,packing,0,0,0.050828,0.171282
139,test,price,0,0,0.038678,0.131234
139,test,shipping,2,2,0.991971,0.00463
139,test,smell,0,0,0.051482,0.150926
139,test,stayingpower,1,1,0.143847,0.781115
139,test,texture,1,1,0.016437,0.978446
140,test,colour,0,0,0.066411,0.166841
140,test,packing,0,0,0.047823,0.1347
140,test,price,0,0,0.028347,0.058556
140,test,shipping,1,1,0.007876,0.986799
140,test,smell,1,1,0.024081,0.961332
140,test,stayingpower,0,0,0.051925,0.120775
140,test,texture,1,1,0.006966,0.9381
141,test,colour,1,1,0.004728,0.990931
141,test,packing,1,1,0.032656,0.886109
141,test,price,1,1,0.016868,0.953164
141,test,shipping,1,1,0.030702,0.941754
141,test,smell,0,0,0.017629,0.091001
141,test,stayingpower,0,0,0.067463,0.231538
141,test,texture,1,1,0.036841,0.865399
142,test,colour,1,1,0.013504,0.968672
142,test,packing,1,1,0.019266,0.964444
142,test,price,0,0,0.026647,0.048753
142,test,shipping,1,1,0.009531,0.977549
142,test,smell,0,0,0.01659,0.073899
142,test,stayingpower,0,0,0.019779,0.028953
142,test,texture,0,0,0.008888,0.03721
143,test,colour,0,2,0.595904,0.129001
143,test,packing,0,0,0.183446,0.0704
143,test,price,1,1,0.047055,0.923239
143,test,shipping,0,0,0.080875,0.020875
143,test,smell,0,2,0.694523,0.101475
143,test,stayingpower,1,2,0.703782,0.218559
143,test,texture,2,2,0.977227,0.021649
144,test,colour,1,1,0.049608,0.945058
144,test,packing,0,0,0.046743,0.033757
144,test,price,0,0,0.053186,0.094277
144,test,shipping,0,0,0.040239,0.02817
144,test,smell,1,2,0.570925,0.424787
144,test,stayingpower,0,0,0.056194,0.022754
144,test,texture,0,0,0.17086,0.07449
145,test,colour,0,0,0.029284,0.07762
145,test,packing,0,0,0.023171,0.030317
145,test,price,1,1,0.015592,0.96086
145,test,shipping,0,0,0.015803,0.009415
145,test,smell,1,1,0.018169,0.973665
145,test,stayingpower,0,0,0.01573,0.021396
145,test,texture,0,0,0.028241,0.328287
146,test,colour,1,1,0.01348,0.980362
146,test,packing,0,0,0.041647,0.080893
146,test,price,1,1,0.008954,0.986108
146,test,shipping,0,0,0.058471,0.124633
146,test,smell,0,0,0.014962,0.033663
146,test,stayingpower,0,0,0.023174,0.023043
146,test,texture,0,0,0.052237,0.085757
147,test,colour,0,0,0.025628,0.050038
147,test,packing,1,1,0.051937,0.910299
147,test,price,0,0,0.035683,0.060718
147,test,shipping,0,0,0.071105,0.095603
147,test,smell,1,1,0.015658,0.975307
147,test,stayingpower,0,0,0.014459,0.01991
147,test,texture,0,0,0.009679,0.100518
148,test,colour,0,0,0.011515,0.015355
148,test,packing,1,1,0.039771,0.949554
148,test,price,0,0,0.020133,0.037393
148,test,shipping,1,1,0.189371,0.70838
148,test,smell,0,0,0.016693,0.036983
148,test,stayingpower,0,0,0.005472,0.008469
148,test,texture,0,0,0.004688,0.010203
149,test,colour,2,2,0.751835,0.202263
149,test,packing,0,0,0.096465,0.041066
149,test,price,0,0,0.02655,0.03214
149,test,shipping,1,1,0.022852,0.975183
149,test,smell,0,0,0.024707,0.02008
149,test,stayingpower,0,0,0.025453,0.012949
149,test,texture,0,0,0.11243,0.029287
150,test,colour,0,1,0.017143,0.973042
150,test,packing,0,0,0.013059,0.011833
150,test,price,0,0,0.015876,0.0255
150,test,shipping,0,1,0.456741,0.501214
150,test,smell,0,0,0.018663,0.022426
150,test,stayingpower,0,0,0.009067,0.016769
150,test,texture,0,0,0.023955,0.018772
151,test,colour,0,0,0.020718,0.042591
151,test,packing,0,0,0.01667,0.053786
151,test,price,0,0,0.015933,0.143975
151,test,shipping,1,0,0.072455,0.079115
151,test,smell,0,0,0.001208,0.006189
151,test,stayingpower,1,1,0.019458,0.662428
151,test,texture,0,1,0.034995,0.491612
152,test,colour,0,0,0.020039,0.083892
152,test,packing,1,1,0.015782,0.977922
152,test,price,0,1,0.044914,0.58543
152,test,shipping,1,1,0.00837,0.980663
152,test,smell,0,0,0.008346,0.040448
152,test,stayingpower,0,0,0.010585,0.020849
152,test,texture,0,0,0.0063,0.040824
153,test,colour,1,1,0.090335,0.905157
153,test,packing,0,0,0.013441,0.021252
153,test,price,0,0,0.015456,0.045644
153,test,shipping,0,0,0.033289,0.030393
153,test,smell,0,0,0.025701,0.03953
153,test,stayingpower,0,0,0.092708,0.076359
153,test,texture,1,1,0.036694,0.958149
154,test,colour,1,1,0.013034,0.98078
154,test,packing,0,0,0.063882,0.118745
154,test,price,2,1,0.013014,0.980564
154,test,shipping,1,1,0.03598,0.91861
154,test,smell,0,0,0.027099,0.091469
154,test,stayingpower,0,0,0.032755,0.017713
154,test,texture,0,0,0.040526,0.090102
155,test,colour,1,1,0.458322,0.497732
155,test,packing,1,1,0.131859,0.847356
155,test,price,0,0,0.055816,0.103693
155,test,shipping,1,2,0.946635,0.017853
155,test,smell,1,1,0.125142,0.841454
155,test,stayingpower,1,2,0.545679,0.407523
155,test,texture,3,1,0.235481,0.696425
156,test,colour,1,1,0.007015,0.992102
156,test,packing,0,0,0.03581,0.054485
156,test,price,1,1,0.016021,0.971852
156,test,shipping,0,0,0.039668,0.034429
156,test,smell,0,0,0.044013,0.087432
156,test,stayingpower,0,0,0.078108,0.057211
156,test,texture,0,0,0.106814,0.15151
157,test,colour,1,1,0.014154,0.982405
157,test,packing,0,0,0.077155,0.108277
157,test,price,0,0,0.041493,0.068457
157,test,shipping,0,0,0.03296,0.044109
157,test,smell,1,1,0.161732,0.779634
157,test,stayingpower,2,2,0.965523,0.028271
157,test,texture,0,0,0.326716,0.30566
158,test,colour,1,1,0.004182,0.992481
158,test,packing,0,0,0.016956,0.048124
158,test,price,0,0,0.026526,0.154187
158,test,shipping,0,0,0.020757,0.087498
158,test,smell,1,1,0.010141,0.979566
158,test,stayingpower,0,0,0.05147,0.215082
158,test,texture,1,1,0.008662,0.922195
159,test,colour,1,1,0.01206,0.980474
159,test,packing,0,0,0.013882,0.038241
159,test,price,0,0,0.014125,0.021294
159,test,shipping,1,1,0.092133,0.823953
159,test,smell,0,0,0.002497,0.021268
159,test,stayingpower,3,1,0.048753,0.872418
159,test,texture,2,1,0.071485,0.823978
160,test,colour,1,1,0.004828,0.992518
160,test,packing,0,0,0.011024,0.04114
160,test,price,0,0,0.023056,0.108668
160,test,shipping,0,0,0.024379,0.049104
160,test,smell,0,0,0.015826,0.138599
160,test,stayingpower,0,0,0.056571,0.243317
160,test,texture,1,1,0.003669,0.988322
161,test,colour,1,1,0.083393,0.913027
161,test,packing,0,0,0.024956,0.022206
161,test,price,0,0,0.027591,0.037413
161,test,shipping,0,0,0.060405,0.033221
161,test,smell,1,1,0.430261,0.54247
161,test,stayingpower,0,0,0.021713,0.025323
161,test,texture,0,0,0.042108,0.09728
162,test,colour,0,0,0.023164,0.018724
162,test,packing,0,0,0.010911,0.012582
162,test,price,0,0,0.014269,0.032362
162,test,shipping,0,0,0.01754,0.02896
162,test,smell,0,0,0.010648,0.016545
162,test,stayingpower,0,0,0.009407,0.011865
162,test,texture,0,0,0.014178,0.022175
163,test,colour,0,0,0.042916,0.02479
163,test,packing,0,0,0.011321,0.014142
163,test,price,0,0,0.024537,0.3398
163,test,shipping,0,0,0.004988,0.005842
163,test,smell,0,0,0.004548,0.008788
163,test,stayingpower,0,0,0.009202,0.034151
163,test,texture,0,1,0.050495,0.782617
164,test,colour,0,0,0.033669,0.042444
164,test,packing,0,0,0.014132,0.012954
164,test,price,0,0,0.010432,0.014961
164,test,shipping,0,0,0.020092,0.018415
164,test,smell,0,0,0.015589,0.026179
164,test,stayingpower,0,0,0.011634,0.008354
164,test,texture,0,0,0.016574,0.018282
165,test,colour,0,0,0.054036,0.017241
165,test,packing,0,0,0.023154,0.016663
165,test,price,0,0,0.011769,0.008597
165,test,shipping,0,0,0.031494,0.013487
165,test,smell,0,0,0.020417,0.017769
165,test,stayingpower,0,0,0.01465,0.009865
165,test,texture,0,0,0.024915,0.012209
166,test,colour,0,0,0.055092,0.047553
166,test,packing,0,0,0.010524,0.010473
166,test,price,0,0,0.01231,0.019803
166,test,shipping,0,0,0.013775,0.01629
166,test,smell,0,0,0.009075,0.016315
166,test,stayingpower,0,0,0.008248,0.00921
166,test,texture,0,0,0.014636,0.045325
167,test,colour,0,0,0.022521,0.160233
167,test,packing,0,0,0.059488,0.27898
167,test,price,1,1,0.017419,0.970757
167,test,shipping,1,1,0.276792,0.714958
167,test,smell,1,1,0.016677,0.97524
167,test,stayingpower,0,0,0.074103,0.339632
167,test,texture,1,1,0.027138,0.802966
168,test,colour,1,1,0.063255,0.924105
168,test,packing,1,1,0.294653,0.650261
168,test,price,0,0,0.104776,0.242073
168,test,shipping,0,2,0.44523,0.167708
168,test,smell,2,2,0.978296,0.020109
168,test,stayingpower,0,0,0.294048,0.07024
168,test,texture,0,0,0.426846,0.110243
169,test,colour,1,1,0.007492,0.989159
169,test,packing,0,0,0.014589,0.035355
169,test,price,0,0,0.024516,0.047961
169,test,shipping,0,0,0.105162,0.202263
169,test,smell,0,0,0.014794,0.02188
169,test,stayingpower,0,0,0.016511,0.025855
169,test,texture,0,0,0.006948,0.015787
170,test,colour,0,0,0.040893,0.053568
170,test,packing,0,0,0.012903,0.013472
170,test,price,0,0,0.012719,0.021694
170,test,shipping,0,0,0.007633,0.006557
170,test,smell,0,0,0.019115,0.044147
170,test,stayingpower,0,0,0.009725,0.008874
170,test,texture,0,0,0.01404,0.025892
171,test,colour,0,0,0.047756,0.024266
171,test,packing,0,0,0.021522,0.019844
171,test,price,0,0,0.010259,0.008267
171,test,shipping,0,0,0.031526,0.016909
171,test,smell,0,0,0.016168,0.018804
171,test,stayingpower,0,0,0.012434,0.009597
171,test,texture,0,0,0.014936,0.011335
172,test,colour,1,1,0.009908,0.983874
172,test,packing,0,0,0.01788,0.038424
172,test,price,0,0,0.028644,0.040781
172,test,shipping,0,0,0.021099,0.053816
172,test,smell,1,1,0.02605,0.95601
172,test,stayingpower,0,0,0.015357,0.024132
172,test,texture,0,0,0.016974,0.067843
173,test,colour,0,0,0.208062,0.054215
173,test,packing,0,0,0.188562,0.092415
173,test,price,0,0,0.030508,0.068379
173,test,shipping,0,0,0.246323,0.06319
173,test,smell,1,1,0.152392,0.841086
173,test,stayingpower,3,2,0.881256,0.090233
173,test,texture,2,1,0.060967,0.925251
174,test,colour,1,1,0.031237,0.930817
174,test,packing,0,1,0.095023,0.874352
174,test,price,0,0,0.071611,0.178737
174,test,shipping,2,2,0.982608,0.011836
174,test,smell,2,2,0.754486,0.233888
174,test,stayingpower,3,2,0.536193,0.296144
174,test,texture,1,1,0.168547,0.782081
175,test,colour,1,1,0.028693,0.950468
175,test,packing,0,0,0.022792,0.034097
175,test,price,1,1,0.028446,0.892931
175,test,shipping,0,0,0.014685,0.014598
175,test,smell,0,0,0.036077,0.206265
175,test,stayingpower,1,1,0.166281,0.824314
175,test,texture,1,1,0.110218,0.881556
176,test,colour,1,1,0.003711,0.982841
176,test,packing,1,1,0.032527,0.884787
176,test,price,0,0,0.020847,0.036012
176,test,shipping,0,1,0.384611,0.484764
176,test,smell,0,0,0.004637,0.023292
176,test,stayingpower,0,1,0.105551,0.804877
176,test,texture,0,0,0.023386,0.13192
177,test,colour,1,1,0.012144,0.983207
177,test,packing,0,0,0.049183,0.089138
177,test,price,0,0,0.028547,0.061811
177,test,shipping,2,2,0.996614,0.002489
177,test,smell,0,0,0.05923,0.056099
177,test,stayingpower,0,0,0.063224,0.102079
177,test,texture,0,0,0.131665,0.089362
178,test,colour,0,0,0.051011,0.009743
178,test,packing,0,0,0.023884,0.015389
178,test,price,0,0,0.017172,0.032195
178,test,shipping,0,0,0.021508,0.034466
178,test,smell,0,0,0.016621,0.010323
178,test,stayingpower,0,0,0.025036,0.012379
178,test,texture,0,0,0.071465,0.02309
179,test,colour,1,1,0.00299,0.996192
179,test,packing,0,0,0.006912,0.016585
179,test,price,0,0,0.021918,0.08147
179,test,shipping,0,0,0.021862,0.03589
179,test,smell,1,0,0.025565,0.091672
179,test,stayingpower,2,0,0.043158,0.065104
179,test,texture,1,1,0.016846,0.884516
180,test,colour,1,1,0.208238,0.78464
180,test,packing,0,0,0.016524,0.021949
180,test,price,0,0,0.020335,0.028491
180,test,shipping,0,0,0.028913,0.014445
180,test,smell,0,0,0.011989,0.011487
180,test,stayingpower,0,0,0.03077,0.030078
180,test,texture,0,0,0.040163,0.033891
181,test,colour,1,2,0.928733,0.056058
181,test,packing,0,0,0.056522,0.046429
181,test,price,0,0,0.033853,0.049593
181,test,shipping,0,0,0.024502,0.036921
181,test,smell,1,1,0.117687,0.861852
181,test,stayingpower,0,0,0.283854,0.079259
181,test,texture,1,1,0.038093,0.943392
182,test,colour,2,2,0.698354,0.260481
182,test,packing,0,0,0.027123,0.012574
182,test,price,0,0,0.024373,0.025308
182,test,shipping,2,2,0.916889,0.009952
182,test,smell,0,0,0.019933,0.007173
182,test,stayingpower,0,0,0.034807,0.035186
182,test,texture,0,0,0.047417,0.006634
183,test,colour,1,1,0.017441,0.940654
183,test,packing,0,0,0.036453,0.079992
183,test,price,0,0,0.027686,0.085532
183,test,shipping,2,2,0.977824,0.01796
183,test,smell,0,0,0.021028,0.054361
183,test,stayingpower,1,1,0.107539,0.83023
183,test,texture,0,0,0.068734,0.116939
184,test,colour,0,0,0.015499,0.019318
184,test,packing,1,1,0.056436,0.898052
184,test,price,0,0,0.012359,0.011252
184,test,shipping,0,0,0.323902,0.190279
184,test,smell,0,0,0.003176,0.006808
184,test,stayingpower,0,0,0.012934,0.032723
184,test,texture,0,0,0.007242,0.018131
185,test,colour,0,0,0.028003,0.090649
185,test,packing,1,1,0.021733,0.973027
185,test,price,0,0,0.023564,0.053488
185,test,shipping,0,1,0.010682,0.973435
185,test,smell,0,0,0.007857,0.024404
185,test,stayingpower,0,0,0.019121,0.0266
185,test,texture,0,0,0.006453,0.025724
186,test,colour,0,0,0.035663,0.093743
186,test,packing,0,0,0.049942,0.241698
186,test,price,1,1,0.012952,0.974756
186,test,shipping,1,1,0.009118,0.974349
186,test,smell,0,0,0.009978,0.032143
186,test,stayingpower,0,0,0.014493,0.026033
186,test,texture,0,0,0.010392,0.038589
187,test,colour,1,1,0.005758,0.981573
187,test,packing,1,1,0.053041,0.876934
187,test,price,0,0,0.04322,0.081486
187,test,shipping,1,1,0.115111,0.870469
187,test,smell,1,1,0.100714,0.885881
187,test,stayingpower,3,1,0.149518,0.550275
187,test,texture,1,1,0.012854,0.961528
188,test,colour,0,0,0.021508,0.04599
188,test,packing,1,1,0.021312,0.970905
188,test,price,0,0,0.029923,0.054627
188,test,shipping,0,0,0.058046,0.113397
188,test,smell,0,0,0.014559,0.038813
188,test,stayingpower,0,0,0.009139,0.013314
188,test,texture,0,0,0.004838,0.013963
189,test,colour,0,0,0.026055,0.178261
189,test,packing,0,0,0.036222,0.200116
189,test,price,1,1,0.006853,0.9853
189,test,shipping,0,0,0.041408,0.068931
189,test,smell,0,0,0.013088,0.152414
189,test,stayingpower,1,0,0.058913,0.275683
189,test,texture,1,1,0.002826,0.99421
190,test,colour,0,0,0.067658,0.010764
190,test,packing,0,0,0.047295,0.028294
190,test,price,0,0,0.012765,0.011892
190,test,shipping,0,0,0.036473,0.022543
190,test,smell,0,0,0.016299,0.011806
190,test,stayingpower,0,0,0.02991,0.013609
190,test,texture,0,0,0.025284,0.007574
191,test,colour,0,0,0.239003,0.040914
191,test,packing,0,0,0.171462,0.088722
191,test,price,1,1,0.026636,0.905266
191,test,shipping,1,1,0.01772,0.970165
191,test,smell,0,0,0.008425,0.011856
191,test,stayingpower,0,0,0.016296,0.009633
191,test,texture,0,0,0.081329,0.030035
192,test,colour,0,0,0.024227,0.027088
192,test,packing,0,0,0.013806,0.023032
192,test,price,0,0,0.01132,0.017283
192,test,shipping,0,0,0.017728,0.027824
192,test,smell,0,0,0.011029,0.028845
192,test,stayingpower,0,0,0.007376,0.008535
192,test,texture,0,0,0.008702,0.025546
193,test,colour,0,0,0.025162,0.060899
193,test,packing,1,1,0.021584,0.969676
193,test,price,0,0,0.032026,0.090405
193,test,shipping,1,1,0.005844,0.98905
193,test,smell,0,0,0.008951,0.036058
193,test,stayingpower,0,0,0.011013,0.021683
193,test,texture,0,0,0.007928,0.046709
194,test,colour,0,0,0.023928,0.017802
194,test,packing,0,0,0.016272,0.015097
194,test,price,0,0,0.016765,0.037322
194,test,shipping,0,0,0.012409,0.013677
194,test,smell,0,0,0.012438,0.018579
194,test,stayingpower,0,0,0.010278,0.008304
194,test,texture,0,0,0.016259,0.025919
195,test,colour,0,0,0.071962,0.026763
195,test,packing,0,0,0.020243,0.016384
195,test,price,0,0,0.01084,0.011705
195,test,shipping,0,0,0.052083,0.014992
195,test,smell,0,0,0.01166,0.008429
195,test,stayingpower,0,0,0.012863,0.012886
195,test,texture,0,0,0.023457,0.013146
196,test,colour,1,1,0.003011,0.995353
196,test,packing,0,0,0.015338,0.038793
196,test,price,1,1,0.025757,0.91956
196,test,shipping,0,0,0.028459,0.021937
196,test,smell,0,0,0.015877,0.076773
196,test,stayingpower,0,0,0.116799,0.24423
196,test,texture,0,1,0.020526,0.958953
197,test,colour,0,0,0.030876,0.019991
197,test,packing,0,0,0.015404,0.020693
197,test,price,0,0,0.009948,0.011034
197,test,shipping,0,0,0.024314,0.023755
197,test,smell,0,0,0.01172,0.02004
197,test,stayingpower,0,0,0.00802,0.010538
197,test,texture,0,0,0.015286,0.027508
198,test,colour,1,1,0.005245,0.987424
198,test,packing,1,1,0.025308,0.955269
198,test,price,0,0,0.024928,0.054411
198,test,shipping,1,1,0.019486,0.968398
198,test,smell,0,0,0.014472,0.192102
198,test,stayingpower,1,1,0.184251,0.71474
198,test,texture,1,1,0.010422,0.963724
199,test,colour,1,1,0.006727,0.987659
199,test,packing,1,1,0.025425,0.941126
199,test,price,0,0,0.029528,0.035675
199,test,shipping,0,0,0.073686,0.081656
199,test,smell,0,0,0.022324,0.049151
199,test,stayingpower,0,0,0.033219,0.028067
199,test,texture,0,0,0.011757,0.030726
200,test,colour,0,0,0.037609,0.101247
200,test,packing,0,0,0.041003,0.089411
200,test,price,1,1,0.01257,0.980195
200,test,shipping,1,1,0.00947,0.969324
200,test,smell,0,0,0.017552,0.055127
200,test,stayingpower,0,0,0.024531,0.041857
200,test,texture,0,0,0.013146,0.068506
201,test,colour,0,0,0.025803,0.217064
201,test,packing,0,0,0.029544,0.123568
201,test,price,0,0,0.01665,0.078811
201,test,shipping,1,1,0.007003,0.988876
201,test,smell,0,0,0.004813,0.057961
201,test,stayingpower,1,1,0.03936,0.927306
201,test,texture,1,1,0.017685,0.91281
202,test,colour,1,1,0.111009,0.858114
202,test,packing,0,1,0.166323,0.755488
202,test,price,1,1,0.013974,0.981289
202,test,shipping,0,2,0.967452,0.009044
202,test,smell,0,0,0.09833,0.109088
202,test,stayingpower,0,2,0.384909,0.265609
202,test,texture,0,1,0.320539,0.456606
203,test,colour,0,1,0.034659,0.905739
203,test,packing,1,1,0.017296,0.972094
203,test,price,0,0,0.01818,0.017745
203,test,shipping,1,1,0.090957,0.877686
203,test,smell,0,0,0.013223,0.034847
203,test,stayingpower,0,0,0.010192,0.014945
203,test,texture,0,0,0.005435,0.017064
204,test,colour,0,0,0.02712,0.031537
204,test,packing,0,0,0.021274,0.030464
204,test,price,0,0,0.01071,0.010535
204,test,shipping,0,0,0.067696,0.033701
204,test,smell,0,0,0.011123,0.016497
204,test,stayingpower,0,0,0.008683,0.008726
204,test,texture,0,0,0.007657,0.00871
205,test,colour,3,1,0.059428,0.931825
205,test,packing,0,0,0.006081,0.008464
205,test,price,0,0,0.011044,0.016621
205,test,shipping,0,0,0.011916,0.021965
205,test,smell,0,0,0.012863,0.042482
205,test,stayingpower,0,0,0.023761,0.054968
205,test,texture,3,1,0.03662,0.88002
206,test,colour,1,1,0.028421,0.948212
206,test,packing,1,1,0.014848,0.975245
206,test,price,0,0,0.016473,0.024844
206,test,shipping,1,1,0.00727,0.976223
206,test,smell,0,0,0.006199,0.053849
206,test,stayingpower,0,0,0.124051,0.226675
206,test,texture,1,1,0.012413,0.921878
207,test,colour,1,2,0.950369,0.046188
207,test,packing,0,0,0.031951,0.02726
207,test,price,0,0,0.03591,0.093734
207,test,shipping,0,0,0.011644,0.017458
207,test,smell,0,0,0.045411,0.032665
207,test,stayingpower,0,0,0.150459,0.097032
207,test,texture,1,1,0.428533,0.547763
208,test,colour,1,1,0.016806,0.981515
208,test,packing,0,0,0.026122,0.018795
208,test,price,0,0,0.038582,0.125945
208,test,shipping,0,0,0.039423,0.015994
208,test,smell,1,1,0.252841,0.728837
208,test,stayingpower,0,0,0.299024,0.199016
208,test,texture,2,2,0.656159,0.319139
209,test,colour,1,1,0.0084,0.990178
209,test,packing,0,0,0.010666,0.019572
209,test,price,0,0,0.022044,0.051177
209,test,shipping,0,0,0.024023,0.017728
209,test,smell,0,0,0.014658,0.024283
209,test,stayingpower,0,0,0.097728,0.130042
209,test,texture,0,0,0.075194,0.142037
210,test,colour,0,0,0.037387,0.022539
210,test,packing,0,0,0.011999,0.01247
210,test,price,0,0,0.010783,0.011212
210,test,shipping,0,0,0.01807,0.01938
210,test,smell,0,0,0.015156,0.019504
210,test,stayingpower,0,0,0.012715,0.013509
210,test,texture,0,0,0.014615,0.017418
211,test,colour,0,0,0.090201,0.087493
211,test,packing,0,0,0.082869,0.056555
211,test,price,1,1,0.02513,0.933857
211,test,shipping,0,0,0.074668,0.010393
211,test,smell,1,1,0.266662,0.688401
211,test,stayingpower,1,2,0.644905,0.32419
211,test,texture,0,0,0.202849,0.260852
212,test,colour,1,1,0.004215,0.986779
212,test,packing,0,0,0.010346,0.024999
212,test,price,0,0,0.019895,0.158487
212,test,shipping,0,0,0.021229,0.028497
212,test,smell,0,0,0.008885,0.066473
212,test,stayingpower,1,1,0.089791,0.854186
212,test,texture,3,1,0.014448,0.964721
213,test,colour,2,2,0.820877,0.111499
213,test,packing,0,0,0.181013,0.111884
213,test,price,0,0,0.049621,0.114863
213,test,shipping,2,2,0.983421,0.006305
213,test,smell,1,2,0.861986,0.133909
213,test,stayingpower,0,0,0.404459,0.084061
213,test,texture,1,1,0.359508,0.421346
214,test,colour,0,1,0.065115,0.927745
214,test,packing,0,0,0.140161,0.09074
214,test,price,0,0,0.086463,0.168034
214,test,shipping,1,2,0.456897,0.399372
214,test,smell,0,0,0.259357,0.067693
214,test,stayingpower,0,2,0.481586,0.178196
214,test,texture,2,2,0.992963,0.005237
215,test,colour,1,1,0.107967,0.880401
215,test,packing,0,0,0.103554,0.091931
215,test,price,0,0,0.032982,0.071914
215,test,shipping,2,2,0.974448,0.019352
215,test,smell,0,0,0.113453,0.063085
215,test,stayingpower,2,2,0.968665,0.020612
215,test,texture,0,0,0.236034,0.098915
216,test,colour,0,0,0.033783,0.094467
216,test,packing,0,0,0.023302,0.035909
216,test,price,1,1,0.005907,0.989835
216,test,shipping,0,0,0.017591,0.023338
216,test,smell,0,0,0.012187,0.026893
216,test,stayingpower,0,0,0.012078,0.015601
216,test,texture,0,0,0.021988,0.123662
217,test,colour,1,1,0.002029,0.995339
217,test,packing,0,0,0.022121,0.085564
217,test,price,1,1,0.010627,0.969859
217,test,shipping,1,1,0.022098,0.934072
217,test,smell,0,0,0.021885,0.117638
217,test,stayingpower,0,0,0.057225,0.135705
217,test,texture,1,0,0.041355,0.458098
218,test,colour,0,0,0.089872,0.016507
218,test,packing,0,0,0.046775,0.014775
218,test,price,1,1,0.021829,0.946658
218,test,shipping,0,0,0.036041,0.00648
218,test,smell,1,1,0.134551,0.855614
218,test,stayingpower,0,0,0.031996,0.024244
218,test,texture,0,0,0.134007,0.215461
219,test,colour,0,0,0.045561,0.048552
219,test,packing,0,0,0.018491,0.026272
219,test,price,0,0,0.008798,0.008091
219,test,shipping,0,0,0.04853,0.015091
219,test,smell,0,0,0.011496,0.013682
219,test,stayingpower,0,0,0.011027,0.012096
219,test,texture,0,0,0.012298,0.010788
220,test,colour,0,0,0.025336,0.059425
220,test,packing,1,1,0.014124,0.984639
220,test,price,0,0,0.034822,0.115559
220,test,shipping,0,0,0.081335,0.198039
220,test,smell,0,0,0.009186,0.016806
220,test,stayingpower,0,0,0.018074,0.027564
220,test,texture,0,0,0.012639,0.065593
221,test,colour,1,1,0.014448,0.958705
221,test,packing,1,1,0.012226,0.983386
221,test,price,0,0,0.030011,0.040769
221,test,shipping,0,0,0.070265,0.209747
221,test,smell,0,0,0.021083,0.050908
221,test,stayingpower,0,0,0.034902,0.052019
221,test,texture,0,0,0.008282,0.030623
222,test,colour,1,1,0.022376,0.971624
222,test,packing,0,0,0.055112,0.117401
222,test,price,1,1,0.013175,0.97724
222,test,shipping,0,0,0.044094,0.055043
222,test,smell,0,0,0.018686,0.0378
222,test,stayingpower,0,0,0.015442,0.013296
222,test,texture,0,0,0.035529,0.06211
223,test,colour,1,1,0.004792,0.987938
223,test,packing,0,0,0.010896,0.023985
223,test,price,0,0,0.024571,0.214817
223,test,shipping,0,0,0.026583,0.061905
223,test,smell,0,0,0.008636,0.063776
223,test,stayingpower,1,1,0.084011,0.87519
223,test,texture,1,1,0.006934,0.969286
224,test,colour,0,0,0.048631,0.019964
224,test,packing,0,0,0.023143,0.020068
224,test,price,0,0,0.010049,0.008754
224,test,shipping,0,0,0.029885,0.012905
224,test,smell,0,0,0.014844,0.014573
224,test,stayingpower,0,0,0.014125,0.012347
224,test,texture,0,0,0.022972,0.012092
225,test,colour,0,0,0.016434,0.041419
225,test,packing,1,1,0.013525,0.9823
225,test,price,0,0,0.02421,0.045412
225,test,shipping,0,0,0.092862,0.19548
225,test,smell,0,0,0.008665,0.025595
225,test,stayingpower,0,0,0.012282,0.03117
225,test,texture,0,0,0.005612,0.027964
226,test,colour,1,1,0.005891,0.990925
226,test,packing,0,0,0.0146,0.052373
226,test,price,0,0,0.018641,0.041933
226,test,shipping,1,1,0.007371,0.979985
226,test,smell,0,0,0.012494,0.047293
226,test,stayingpower,0,0,0.029307,0.050665
226,test,texture,0,0,0.02375,0.15051
227,test,colour,0,0,0.090123,0.261
227,test,packing,0,0,0.013488,0.015004
227,test,price,0,0,0.048421,0.265079
227,test,shipping,0,0,0.035415,0.061863
227,test,smell,1,1,0.02061,0.941548
227,test,stayingpower,1,1,0.396808,0.588827
227,test,texture,1,1,0.010348,0.974125
228,test,colour,1,1,0.00877,0.98621
228,test,packing,0,0,0.055072,0.114395
228,test,price,1,1,0.032167,0.919946
228,test,shipping,1,1,0.030993,0.935907
228,test,smell,1,1,0.032341,0.948481
228,test,stayingpower,0,0,0.03559,0.056287
228,test,texture,0,0,0.050541,0.108938
229,test,colour,1,1,0.00239,0.995484
229,test,packing,0,0,0.027729,0.101963
229,test,price,0,0,0.017017,0.042385
229,test,shipping,1,1,0.066789,0.886354
229,test,smell,0,0,0.019541,0.067195
229,test,stayingpower,0,0,0.014153,0.031572
229,test,texture,0,0,0.013979,0.052944
230,test,colour,1,1,0.230447,0.764897
230,test,packing,0,0,0.027886,0.013257
230,test,price,0,0,0.03842,0.049708
230,test,shipping,0,0,0.081539,0.029118
230,test,smell,2,2,0.900018,0.087885
230,test,stayingpower,0,0,0.028564,0.020793
230,test,texture,0,0,0.139142,0.078688
231,test,colour,0,0,0.031043,0.028021
231,test,packing,0,0,0.021151,0.028461
231,test,price,0,0,0.008945,0.011431
231,test,shipping,0,0,0.038115,0.037267
231,test,smell,0,0,0.009505,0.01544
231,test,stayingpower,0,0,0.009751,0.010544
231,test,texture,0,0,0.009062,0.012965
232,test,colour,0,0,0.042865,0.029702
232,test,packing,0,0,0.015774,0.016799
232,test,price,0,0,0.010693,0.012376
232,test,shipping,0,0,0.013263,0.015219
232,test,smell,0,0,0.014748,0.022933
232,test,stayingpower,0,0,0.013627,0.011793
232,test,texture,0,0,0.019918,0.023986
233,test,colour,1,1,0.014128,0.983271
233,test,packing,0,0,0.036095,0.072409
233,test,price,1,1,0.012675,0.975439
233,test,shipping,0,0,0.027775,0.055613
233,test,smell,0,0,0.018433,0.030067
233,test,stayingpower,0,0,0.09248,0.079329
233,test,texture,0,0,0.061214,0.070688
234,test,colour,0,1,0.015537,0.573016
234,test,packing,1,1,0.033811,0.893334
234,test,price,0,0,0.027685,0.132313
234,test,shipping,0,2,0.940125,0.013189
234,test,smell,0,0,0.007766,0.048996
234,test,stayingpower,1,1,0.022225,0.938614
234,test,texture,0,1,0.039018,0.723291
235,test,colour,0,0,0.022138,0.050239
235,test,packing,1,1,0.01679,0.980678
235,test,price,0,0,0.028556,0.044952
235,test,shipping,0,0,0.072425,0.101632
235,test,smell,0,0,0.011504,0.028881
235,test,stayingpower,0,0,0.016361,0.036284
235,test,texture,0,0,0.009268,0.040059
236,test,colour,0,0,0.051011,0.009743
236,test,packing,0,0,0.023884,0.015389
236,test,price,0,0,0.017172,0.032195
236,test,shipping,0,0,0.021508,0.034466
236,test,smell,0,0,0.016621,0.010323
236,test,stayingpower,0,0,0.025036,0.012379
236,test,texture,0,0,0.071465,0.02309
237,test,colour,1,1,0.023386,0.962425
237,test,packing,0,0,0.038088,0.084211
237,test,price,0,0,0.034584,0.068827
237,test,shipping,2,2,0.991683,0.004589
237,test,smell,1,1,0.128044,0.84761
237,test,stayingpower,0,0,0.037343,0.063533
237,test,texture,0,0,0.036754,0.068012
238,test,colour,0,0,0.016203,0.06704
238,test,packing,0,0,0.02073,0.078127
238,test,price,1,1,0.018048,0.950793
238,test,shipping,0,0,0.024694,0.032545
238,test,smell,1,1,0.005223,0.983173
238,test,stayingpower,0,0,0.017181,0.067911
238,test,texture,1,1,0.008832,0.790301
239,test,colour,1,1,0.010705,0.983984
239,test,packing,0,0,0.025407,0.044758
239,test,price,1,1,0.006975,0.989763
239,test,shipping,0,0,0.036726,0.052923
239,test,smell,0,0,0.021591,0.043349
239,test,stayingpower,0,0,0.070649,0.073797
239,test,texture,0,0,0.064088,0.14516
240,test,colour,0,0,0.034422,0.043084
240,test,packing,1,1,0.046207,0.948567
240,test,price,0,0,0.027224,0.032457
240,test,shipping,2,2,0.984101,0.01011
240,test,smell,0,0,0.021623,0.029844
240,test,stayingpower,0,0,0.017296,0.023166
240,test,texture,0,0,0.019291,0.030795
241,test,colour,0,1,0.021253,0.961312
241,test,packing,0,0,0.023749,0.058814
241,test,price,0,0,0.012669,0.016851
241,test,shipping,2,2,0.507165,0.471426
241,test,smell,0,0,0.020378,0.018529
241,test,stayingpower,0,0,0.008558,0.015474
241,test,texture,0,0,0.011513,0.011997
242,test,colour,0,0,0.048038,0.232144
242,test,packing,0,0,0.075934,0.377828
242,test,price,0,0,0.067175,0.208174
242,test,shipping,2,2,0.980397,0.015416
242,test,smell,1,1,0.046711,0.94322
242,test,stayingpower,0,1,0.187256,0.411906
242,test,texture,1,1,0.008149,0.980475
243,test,colour,0,0,0.018692,0.054822
243,test,packing,0,0,0.020261,0.062277
243,test,price,1,1,0.012954,0.959229
243,test,shipping,0,0,0.017061,0.029411
243,test,smell,1,1,0.011193,0.972951
243,test,stayingpower,0,0,0.026737,0.129889
243,test,texture,1,1,0.0055,0.97066
244,test,colour,0,1,0.052698,0.928801
244,test,packing,0,0,0.013662,0.027801
244,test,price,0,0,0.022381,0.022911
244,test,shipping,0,0,0.021885,0.016079
244,test,smell,0,0,0.018871,0.022916
244,test,stayingpower,0,0,0.014426,0.011108
244,test,texture,0,0,0.009902,0.017981
245,test,colour,0,0,0.040298,0.022109
245,test,packing,0,0,0.022329,0.018821
245,test,price,0,0,0.010467,0.008959
245,test,shipping,0,0,0.019491,0.011875
245,test,smell,0,0,0.020219,0.025748
245,test,stayingpower,0,0,0.014128,0.009525
245,test,texture,0,0,0.020176,0.01493
246,test,colour,0,0,0.046021,0.115196
246,test,packing,0,1,0.026519,0.956964
246,test,price,0,0,0.021097,0.062422
246,test,shipping,1,1,0.010801,0.962389
246,test,smell,0,0,0.012973,0.089988
246,test,stayingpower,0,0,0.026898,0.086302
246,test,texture,1,1,0.004928,0.96635
247,test,colour,0,0,0.016576,0.090237
247,test,packing,0,0,0.019073,0.050376
247,test,price,1,1,0.004341,0.992755
247,test,shipping,0,0,0.013208,0.02978
247,test,smell,0,0,0.015212,0.081549
247,test,stayingpower,0,0,0.018041,0.041295
247,test,texture,0,0,0.023512,0.435803
248,test,colour,1,1,0.034751,0.963586
248,test,packing,0,0,0.037254,0.056568
248,test,price,0,0,0.028018,0.04831
248,test,shipping,2,2,0.992854,0.003803
248,test,smell,0,0,0.054576,0.041469
248,test,stayingpower,0,0,0.064317,0.083903
248,test,texture,0,0,0.173717,0.083965
249,test,colour,0,0,0.047056,0.039426
249,test,packing,0,0,0.010472,0.011623
249,test,price,0,0,0.012645,0.015943
249,test,shipping,0,0,0.007736,0.011835
249,test,smell,0,0,0.010757,0.026797
249,test,stayingpower,0,0,0.008147,0.012022
249,test,texture,0,0,0.020365,0.06548
250,test,colour,2,2,0.95943,0.022919
250,test,packing,0,0,0.140992,0.04058
250,test,price,2,1,0.073037,0.862644
250,test,shipping,0,0,0.109851,0.036168
250,test,smell,0,0,0.277539,0.041592
250,test,stayingpower,0,2,0.500859,0.083479
250,test,texture,2,2,0.991032,0.006175
251,test,colour,1,1,0.00712,0.972933
251,test,packing,1,1,0.03814,0.865225
251,test,price,0,0,0.024162,0.05761
251,test,shipping,1,1,0.027624,0.95204
251,test,smell,0,0,0.004886,0.051
251,test,stayingpower,1,1,0.067127,0.914767
251,test,texture,0,1,0.03519,0.679843
252,test,colour,0,0,0.02876,0.07543
252,test,packing,0,0,0.012309,0.028129
252,test,price,0,0,0.008585,0.010594
252,test,shipping,0,0,0.010799,0.019839
252,test,smell,0,0,0.008185,0.023856
252,test,stayingpower,0,0,0.007242,0.011675
252,test,texture,0,0,0.013168,0.080658
253,test,colour,1,1,0.015279,0.972776
253,test,packing,0,0,0.030576,0.080226
253,test,price,1,1,0.008718,0.98433
253,test,shipping,0,0,0.129547,0.051275
253,test,smell,0,0,0.047125,0.204383
253,test,stayingpower,0,0,0.081065,0.152763
253,test,texture,1,1,0.01148,0.984415
254,test,colour,0,0,0.034485,0.124653
254,test,packing,0,0,0.027725,0.084309
254,test,price,0,0,0.014143,0.034742
254,test,shipping,1,1,0.005355,0.990565
254,test,smell,0,0,0.005956,0.014981
254,test,stayingpower,0,0,0.010462,0.023699
254,test,texture,0,0,0.010585,0.045058
255,test,colour,0,0,0.055552,0.100633
255,test,packing,0,0,0.010498,0.014721
255,test,price,0,0,0.030411,0.185184
255,test,shipping,0,0,0.014122,0.006582
255,test,smell,0,0,0.006276,0.011084
255,test,stayingpower,0,0,0.005597,0.007335
255,test,texture,0,0,0.009261,0.018935
256,test,colour,1,1,0.006484,0.9906
256,test,packing,0,0,0.027152,0.070314
256,test,price,1,1,0.007156,0.987447
256,test,shipping,0,0,0.042393,0.050581
256,test,smell,0,0,0.015564,0.04207
256,test,stayingpower,0,0,0.066146,0.100661
256,test,texture,0,0,0.07617,0.348109
257,test,colour,3,2,0.691279,0.227955
257,test,packing,0,0,0.043753,0.022919
257,test,price,1,1,0.088719,0.71154
257,test,shipping,0,0,0.029106,0.015895
257,test,smell,1,1,0.097111,0.868941
257,test,stayingpower,0,0,0.025687,0.012257
257,test,texture,0,0,0.030128,0.020188
258,test,colour,0,0,0.067486,0.012657
258,test,packing,0,0,0.031092,0.015568
258,test,price,0,0,0.014347,0.015156
258,test,shipping,0,0,0.058031,0.01161
258,test,smell,0,0,0.015395,0.008489
258,test,stayingpower,0,0,0.021883,0.016531
258,test,texture,0,0,0.034167,0.010163
259,test,colour,3,2,0.84952,0.132298
259,test,packing,0,0,0.036479,0.019934
259,test,price,0,0,0.032854,0.040066
259,test,shipping,0,0,0.031987,0.037793
259,test,smell,0,0,0.034049,0.012767
259,test,stayingpower,0,0,0.410588,0.13222
259,test,texture,2,2,0.968563,0.026866
260,test,colour,0,0,0.035282,0.148989
260,test,packing,0,0,0.015688,0.063327
260,test,price,0,0,0.017664,0.056435
260,test,shipping,1,1,0.005355,0.980437
260,test,smell,0,0,0.015055,0.112512
260,test,stayingpower,0,0,0.012924,0.05081
260,test,texture,1,1,0.005439,0.927554
261,test,colour,1,1,0.014719,0.983741
261,test,packing,0,0,0.016715,0.019975
261,test,price,0,0,0.0254,0.045796
261,test,shipping,0,0,0.12004,0.052969
261,test,smell,0,0,0.020157,0.022121
261,test,stayingpower,0,0,0.022813,0.021597
261,test,texture,0,0,0.0264,0.020714
262,test,colour,0,0,0.042763,0.098432
262,test,packing,1,1,0.035454,0.959482
262,test,price,1,1,0.020624,0.960215
262,test,shipping,1,1,0.022287,0.968465
262,test,smell,0,0,0.017674,0.074372
262,test,stayingpower,0,0,0.02341,0.034454
262,test,texture,0,0,0.030358,0.183267
263,test,colour,0,0,0.017573,0.035937
263,test,packing,1,1,0.015837,0.97843
263,test,price,0,0,0.033076,0.072486
263,test,shipping,0,0,0.036757,0.090685
263,test,smell,0,0,0.011635,0.037923
263,test,stayingpower,0,0,0.010522,0.01518
263,test,texture,0,0,0.006414,0.028928
264,test,colour,1,1,0.00734,0.991808
264,test,packing,0,0,0.015863,0.026867
264,test,price,0,0,0.023858,0.049933
264,test,shipping,0,0,0.054625,0.152136
264,test,smell,0,0,0.027165,0.03886
264,test,stayingpower,0,0,0.08045,0.101519
264,test,texture,3,2,0.635192,0.200788
265,test,colour,0,0,0.044188,0.018687
265,test,packing,0,0,0.022109,0.01635
265,test,price,0,0,0.010089,0.009526
265,test,shipping,0,0,0.026167,0.014224
265,test,smell,0,0,0.017102,0.02109
265,test,stayingpower,0,0,0.014004,0.0101
265,test,texture,0,0,0.020997,0.016017
266,test,colour,1,1,0.021437,0.971504
266,test,packing,0,0,0.019915,0.048662
266,test,price,0,0,0.020319,0.02017
266,test,shipping,0,0,0.036806,0.041977
266,test,smell,0,0,0.029452,0.033779
266,test,stayingpower,0,0,0.014936,0.014048
266,test,texture,0,0,0.009554,0.013836
267,test,colour,0,0,0.044097,0.025315
267,test,packing,0,0,0.023643,0.025164
267,test,price,0,0,0.011516,0.010899
267,test,shipping,0,0,0.022033,0.014672
267,test,smell,0,0,0.014254,0.019103
267,test,stayingpower,0,0,0.010351,0.008346
267,test,texture,0,0,0.013222,0.01214
268,test,colour,0,0,0.030115,0.020173
268,test,packing,0,0,0.019822,0.016207
268,test,price,0,0,0.01071,0.01466
268,test,shipping,0,0,0.024477,0.021531
268,test,smell,0,0,0.01311,0.020014
268,test,stayingpower,0,0,0.013915,0.010058
268,test,texture,0,0,0.015654,0.015246
269,test,colour,0,0,0.030594,0.03435
269,test,packing,1,1,0.029252,0.961033
269,test,price,0,0,0.02858,0.055593
269,test,shipping,1,1,0.006455,0.988649
269,test,smell,0,0,0.014921,0.05394
269,test,stayingpower,0,0,0.012666,0.015205
269,test,texture,0,0,0.009575,0.032536
270,test,colour,0,0,0.341984,0.011264
270,test,packing,0,0,0.062276,0.007185
270,test,price,0,1,0.024127,0.952561
270,test,shipping,0,0,0.031636,0.008715
270,test,smell,0,0,0.09627,0.010846
270,test,stayingpower,0,0,0.129957,0.027393
270,test,texture,0,2,0.713216,0.058533
271,test,colour,0,1,0.009682,0.980999
271,test,packing,0,0,0.017662,0.063406
271,test,price,0,0,0.016158,0.041194
271,test,shipping,1,1,0.048235,0.938456
271,test,smell,0,0,0.008614,0.050212
271,test,stayingpower,0,0,0.017247,0.095598
271,test,texture,3,1,0.019966,0.922897
272,test,colour,0,0,0.02157,0.019885
272,test,packing,0,0,0.043777,0.096549
272,test,price,1,1,0.004379,0.993805
272,test,shipping,0,0,0.040381,0.070262
272,test,smell,0,0,0.016508,0.039315
272,test,stayingpower,0,0,0.012904,0.023517
272,test,texture,0,0,0.023963,0.075969
273,test,colour,0,0,0.032025,0.05691
273,test,packing,0,0,0.009331,0.011718
273,test,price,0,0,0.011632,0.020103
273,test,shipping,0,0,0.01618,0.034909
273,test,smell,0,0,0.011906,0.024536
273,test,stayingpower,0,0,0.013973,0.010681
273,test,texture,0,0,0.010274,0.017818
274,test,colour,1,1,0.018507,0.891967
274,test,packing,0,0,0.030868,0.15704
274,test,price,0,0,0.026596,0.13179
274,test,shipping,1,1,0.012884,0.978183
274,test,smell,1,1,0.0073,0.957406
274,test,stayingpower,1,1,0.054006,0.924148
274,test,texture,1,1,0.013566,0.930614
275,test,colour,1,1,0.073938,0.917596
275,test,packing,0,0,0.019632,0.020146
275,test,price,0,0,0.035253,0.074702
275,test,shipping,0,0,0.077481,0.068078
275,test,smell,0,0,0.013135,0.044086
275,test,stayingpower,3,1,0.180438,0.785123
275,test,texture,3,2,0.857434,0.127773
276,test,colour,0,0,0.027057,0.159248
276,test,packing,0,0,0.015735,0.068095
276,test,price,0,0,0.018151,0.09349
276,test,shipping,0,0,0.011605,0.039375
276,test,smell,0,0,0.009199,0.080881
276,test,stayingpower,0,0,0.021043,0.245086
276,test,texture,1,1,0.001233,0.995848
277,test,colour,1,1,0.03382,0.962892
277,test,packing,0,0,0.029892,0.015933
277,test,price,0,0,0.037335,0.09905
277,test,shipping,0,0,0.081497,0.040516
277,test,smell,0,0,0.098742,0.030047
277,test,stayingpower,0,0,0.1093,0.072107
277,test,texture,2,2,0.943327,0.018252
278,test,colour,1,1,0.00875,0.988835
278,test,packing,0,0,0.029427,0.067483
278,test,price,0,0,0.026131,0.053226
278,test,shipping,2,2,0.985833,0.010818
278,test,smell,0,0,0.048736,0.063621
278,test,stayingpower,0,0,0.024621,0.04664
278,test,texture,0,0,0.041678,0.035597
279,test,colour,0,0,0.031917,0.068886
279,test,packing,0,0,0.093229,0.355553
279,test,price,1,1,0.009251,0.983287
279,test,shipping,1,1,0.013346,0.978695
279,test,smell,0,0,0.014465,0.043713
279,test,stayingpower,0,0,0.014531,0.026263
279,test,texture,0,0,0.014079,0.065237
280,test,colour,1,1,0.187003,0.804514
280,test,packing,1,1,0.412948,0.429423
280,test,price,0,0,0.045561,0.05227
280,test,shipping,0,0,0.340589,0.081779
280,test,smell,0,0,0.189637,0.020886
280,test,stayingpower,0,0,0.217018,0.054275
280,test,texture,0,2,0.951036,0.004075
281,test,colour,1,1,0.004818,0.993031
281,test,packing,0,0,0.024899,0.056647
281,test,price,1,1,0.019312,0.949016
281,test,shipping,0,0,0.060273,0.058731
281,test,smell,1,1,0.024784,0.942616
281,test,stayingpower,0,0,0.027589,0.079738
281,test,texture,1,1,0.015518,0.91058
282,test,colour,1,1,0.013665,0.978944
282,test,packing,1,1,0.015842,0.978303
282,test,price,0,0,0.034962,0.081593
282,test,shipping,0,0,0.085946,0.158315
282,test,smell,0,0,0.018366,0.085054
282,test,stayingpower,0,0,0.10758,0.255945
282,test,texture,1,1,0.009949,0.974711
283,test,colour,1,2,0.977457,0.020576
283,test,packing,0,0,0.060147,0.041915
283,test,price,0,0,0.049625,0.065518
283,test,shipping,0,0,0.039398,0.045026
283,test,smell,0,0,0.114163,0.042842
283,test,stayingpower,0,0,0.403266,0.034868
283,test,texture,1,2,0.745458,0.216825
284,test,colour,1,1,0.03147,0.955902
284,test,packing,0,0,0.032394,0.05896
284,test,price,0,0,0.025548,0.040956
284,test,shipping,2,2,0.996216,0.001943
284,test,smell,0,0,0.050795,0.035955
284,test,stayingpower,0,0,0.030229,0.043035
284,test,texture,0,0,0.050708,0.035221
285,test,colour,1,1,0.007486,0.988212
285,test,packing,1,1,0.036039,0.914825
285,test,price,0,0,0.029625,0.108244
285,test,shipping,2,2,0.988277,0.008947
285,test,smell,0,0,0.04525,0.207349
285,test,stayingpower,0,0,0.12762,0.179132
285,test,texture,1,1,0.044898,0.778631
286,test,colour,0,1,0.042068,0.953099
286,test,packing,0,0,0.011772,0.027092
286,test,price,0,0,0.014661,0.031134
286,test,shipping,0,0,0.019535,0.069243
286,test,smell,0,0,0.006125,0.011445
286,test,stayingpower,0,0,0.041975,0.039465
286,test,texture,0,0,0.029641,0.075837
287,test,colour,0,0,0.043285,0.299891
287,test,packing,0,0,0.005565,0.017326
287,test,price,0,0,0.01754,0.09714
287,test,shipping,0,0,0.004976,0.022592
287,test,smell,0,0,0.006092,0.031057
287,test,stayingpower,0,0,0.010289,0.07705
287,test,texture,1,1,0.007567,0.949595
288,test,colour,0,0,0.040114,0.045448
288,test,packing,0,0,0.025054,0.018084
288,test,price,0,0,0.021195,0.049624
288,test,shipping,0,0,0.026673,0.045283
288,test,smell,0,0,0.012945,0.03167
288,test,stayingpower,0,1,0.188184,0.499517
288,test,texture,0,0,0.019243,0.022819
289,test,colour,0,0,0.095786,0.029549
289,test,packing,1,1,0.270768,0.658433
289,test,price,1,1,0.027496,0.927179
289,test,shipping,2,2,0.996982,0.001941
289,test,smell,0,0,0.097604,0.066127
289,test,stayingpower,0,0,0.183981,0.054237
289,test,texture,0,0,0.078622,0.03566
290,test,colour,2,2,0.890497,0.066151
290,test,packing,0,0,0.060845,0.039917
290,test,price,1,1,0.063695,0.597183
290,test,shipping,0,0,0.031668,0.003787
290,test,smell,1,1,0.106857,0.880583
290,test,stayingpower,0,0,0.035552,0.029924
290,test,texture,0,0,0.129629,0.133755
291,test,colour,0,2,0.551211,0.218247
291,test,packing,0,0,0.060098,0.015237
291,test,price,0,0,0.059317,0.285043
291,test,shipping,0,0,0.085488,0.031653
291,test,smell,3,2,0.873181,0.105872
291,test,stayingpower,1,2,0.487758,0.370964
291,test,texture,2,2,0.925402,0.071184
292,test,colour,2,1,0.344316,0.602342
292,test,packing,0,0,0.112596,0.070593
292,test,price,0,0,0.044182,0.144294
292,test,shipping,0,2,0.410699,0.204917
292,test,smell,2,2,0.841289,0.157429
292,test,stayingpower,0,0,0.231473,0.078472
292,test,texture,1,1,0.057003,0.925215
293,test,colour,1,1,0.086056,0.906633
293,test,packing,0,0,0.04784,0.042272
293,test,price,0,0,0.067894,0.07883
293,test,shipping,0,0,0.032715,0.044941
293,test,smell,0,0,0.069526,0.051413
293,test,stayingpower,2,2,0.983075,0.0069
293,test,texture,0,0,0.198162,0.091745
294,test,colour,1,1,0.008203,0.988977
294,test,packing,0,0,0.013717,0.034384
294,test,price,0,0,0.025092,0.051309
294,test,shipping,0,0,0.020854,0.037978
294,test,smell,0,0,0.015877,0.025491
294,test,stayingpower,0,0,0.021783,0.022709
294,test,texture,0,0,0.016248,0.042382
295,test,colour,1,1,0.004722,0.987373
295,test,packing,0,1,0.008567,0.9863
295,test,price,1,0,0.027309,0.044584
295,test,shipping,0,0,0.191979,0.252469
295,test,smell,0,0,0.014241,0.051473
295,test,stayingpower,0,0,0.052232,0.119916
295,test,texture,0,0,0.01524,0.096545
296,test,colour,0,0,0.062698,0.035368
296,test,packing,0,1,0.207533,0.752953
296,test,price,0,0,0.026829,0.056243
296,test,shipping,2,2,0.996277,0.001764
296,test,smell,0,0,0.033314,0.017393
296,test,stayingpower,0,0,0.022374,0.015316
296,test,texture,0,0,0.036073,0.016407
297,test,colour,2,2,0.975619,0.011504
297,test,packing,1,2,0.504755,0.41819
297,test,price,0,1,0.094575,0.791089
297,test,shipping,0,0,0.060538,0.020094
297,test,smell,0,0,0.272493,0.041403
297,test,stayingpower,0,0,0.193845,0.01837
297,test,texture,0,2,0.818451,0.019222
298,test,colour,1,1,0.05723,0.932517
298,test,packing,0,0,0.046257,0.185609
298,test,price,0,0,0.027742,0.085159
298,test,shipping,0,0,0.119196,0.109106
298,test,smell,1,1,0.016886,0.973929
298,test,stayingpower,0,0,0.064273,0.20886
298,test,texture,1,1,0.0029,0.98941
299,test,colour,1,1,0.038903,0.95688
299,test,packing,0,0,0.095542,0.09931
299,test,price,0,0,0.041054,0.124342
299,test,shipping,2,2,0.985394,0.00995
299,test,smell,0,0,0.083794,0.064696
299,test,stayingpower,0,2,0.373947,0.342619
299,test,texture,3,2,0.878742,0.111813
300,test,colour,0,0,0.246791,0.025713
300,test,packing,0,0,0.067045,0.030142
300,test,price,1,1,0.004349,0.994447
300,test,shipping,0,0,0.056106,0.006643
300,test,smell,0,0,0.07594,0.062763
300,test,stayingpower,0,0,0.043249,0.072152
300,test,texture,1,1,0.345517,0.56747
301,test,colour,1,1,0.044612,0.942841
301,test,packing,0,0,0.009747,0.02037
301,test,price,0,0,0.042794,0.21345
301,test,shipping,0,0,0.020798,0.014618
301,test,smell,0,0,0.009708,0.01878
301,test,stayingpower,0,0,0.012076,0.020917
301,test,texture,0,0,0.011712,0.020836
302,test,colour,1,1,0.004292,0.988607
302,test,packing,0,0,0.015361,0.039986
302,test,price,0,0,0.029758,0.096079
302,test,shipping,0,0,0.047589,0.071175
302,test,smell,1,1,0.016085,0.938119
302,test,stayingpower,1,1,0.061317,0.919091
302,test,texture,0,1,0.030463,0.844231
303,test,colour,0,0,0.123352,0.072549
303,test,packing,0,0,0.194967,0.13225
303,test,price,1,1,0.021269,0.954024
303,test,shipping,2,2,0.992265,0.006118
303,test,smell,0,0,0.195354,0.124059
303,test,stayingpower,2,2,0.874922,0.059862
303,test,texture,0,0,0.128945,0.103542
304,test,colour,3,1,0.03522,0.963552
304,test,packing,0,0,0.032279,0.044335
304,test,price,0,1,0.048073,0.885036
304,test,shipping,0,0,0.1127,0.03597
304,test,smell,0,0,0.026044,0.038166
304,test,stayingpower,2,2,0.584952,0.335427
304,test,texture,0,2,0.552968,0.430206
305,test,colour,3,1,0.051985,0.946142
305,test,packing,0,0,0.059125,0.062254
305,test,price,1,1,0.02021,0.964734
305,test,shipping,0,0,0.051162,0.054424
305,test,smell,1,1,0.045859,0.847394
305,test,stayingpower,0,0,0.041989,0.039584
305,test,texture,0,0,0.140351,0.202539
306,test,colour,1,1,0.004498,0.991726
306,test,packing,0,0,0.024875,0.071217
306,test,price,1,1,0.015376,0.965963
306,test,shipping,0,0,0.02023,0.061612
306,test,smell,0,0,0.01767,0.048285
306,test,stayingpower,0,0,0.031456,0.02753
306,test,texture,0,0,0.024832,0.109796
307,test,colour,0,0,0.123234,0.112146
307,test,packing,0,0,0.026894,0.04767
307,test,price,0,0,0.020032,0.053446
307,test,shipping,0,0,0.017469,0.030463
307,test,smell,1,1,0.02173,0.974256
307,test,stayingpower,0,0,0.032297,0.090744
307,test,texture,1,1,0.004264,0.981514
308,test,colour,0,0,0.045875,0.065128
308,test,packing,0,0,0.025863,0.027872
308,test,price,0,0,0.008157,0.009314
308,test,shipping,0,0,0.05971,0.035374
308,test,smell,0,0,0.004939,0.017602
308,test,stayingpower,3,1,0.056437,0.888446
308,test,texture,3,1,0.100377,0.479556
309,test,colour,1,1,0.008825,0.98853
309,test,packing,0,0,0.037756,0.055513
309,test,price,1,1,0.01428,0.969774
309,test,shipping,0,0,0.042351,0.023018
309,test,smell,0,0,0.032401,0.045582
309,test,stayingpower,0,0,0.036538,0.018236
309,test,texture,0,0,0.067595,0.055545
310,test,colour,1,2,0.504438,0.47987
310,test,packing,1,1,0.12515,0.862012
310,test,price,0,0,0.052203,0.059859
310,test,shipping,1,1,0.048225,0.939718
310,test,smell,0,0,0.074693,0.209772
310,test,stayingpower,2,2,0.924985,0.05776
310,test,texture,3,1,0.361169,0.554984
311,test,colour,0,0,0.216279,0.013964
311,test,packing,0,0,0.14051,0.043623
311,test,price,0,1,0.02015,0.964535
311,test,shipping,0,0,0.145788,0.006241
311,test,smell,0,0,0.033207,0.023522
311,test,stayingpower,1,2,0.691569,0.22719
311,test,texture,0,2,0.792212,0.15998
312,test,colour,0,0,0.050394,0.06941
312,test,packing,0,0,0.034661,0.080482
312,test,price,0,0,0.019673,0.046619
312,test,shipping,1,1,0.00602,0.990566
312,test,smell,0,0,0.009271,0.021739
312,test,stayingpower,0,0,0.007867,0.012781
312,test,texture,0,0,0.011162,0.026506
313,test,colour,0,0,0.033554,0.046818
313,test,packing,0,0,0.037817,0.136289
313,test,price,0,0,0.021637,0.055718
313,test,shipping,1,1,0.004384,0.992243
313,test,smell,0,0,0.010341,0.030082
313,test,stayingpower,0,0,0.007747,0.013524
313,test,texture,0,0,0.009385,0.029875
314,test,colour,0,0,0.021565,0.048334
314,test,packing,1,1,0.013188,0.984269
314,test,price,0,0,0.038835,0.04725
314,test,shipping,0,0,0.098598,0.265571
314,test,smell,1,1,0.022966,0.936613
314,test,stayingpower,0,0,0.030816,0.059196
314,test,texture,0,0,0.015879,0.121996
315,test,colour,1,1,0.110736,0.884533
315,test,packing,0,0,0.027021,0.014516
315,test,price,1,1,0.021525,0.963856
315,test,shipping,0,0,0.02316,0.008906
315,test,smell,0,0,0.027058,0.016852
315,test,stayingpower,0,0,0.129964,0.032768
315,test,texture,0,0,0.331896,0.050478
316,test,colour,0,0,0.028746,0.038413
316,test,packing,0,0,0.013106,0.016869
316,test,price,0,0,0.011205,0.016562
316,test,shipping,0,0,0.024855,0.018386
316,test,smell,0,0,0.014431,0.029434
316,test,stayingpower,0,0,0.009004,0.007057
316,test,texture,0,0,0.009944,0.018344
317,test,colour,1,1,0.024385,0.963006
317,test,packing,0,0,0.013544,0.046706
317,test,price,0,0,0.015523,0.047291
317,test,shipping,1,1,0.008181,0.982845
317,test,smell,0,0,0.005902,0.036746
317,test,stayingpower,0,0,0.01977,0.104451
317,test,texture,1,1,0.016148,0.821611
318,test,colour,0,0,0.030139,0.070735
318,test,packing,1,1,0.025948,0.955568
318,test,price,0,0,0.02585,0.054142
318,test,shipping,1,1,0.004386,0.992881
318,test,smell,0,0,0.010669,0.045807
318,test,stayingpower,0,0,0.012024,0.016723
318,test,texture,0,0,0.010201,0.052007
319,test,colour,0,0,0.015153,0.017186
319,test,packing,0,0,0.028839,0.043129
319,test,price,1,1,0.007535,0.984573
319,test,shipping,0,0,0.02929,0.035369
319,test,smell,0,0,0.013152,0.0278
319,test,stayingpower,0,0,0.01117,0.024
319,test,texture,0,0,0.027376,0.054372
320,test,colour,1,1,0.079623,0.909068
320,test,packing,0,0,0.085501,0.03217
320,test,price,0,1,0.093558,0.609984
320,test,shipping,0,0,0.259911,0.07142
320,test,smell,2,2,0.989093,0.009989
320,test,stayingpower,0,2,0.497623,0.09467
320,test,texture,3,2,0.789155,0.081797
321,test,colour,1,1,0.004591,0.994452
321,test,packing,1,1,0.023929,0.96333
321,test,price,0,0,0.041965,0.071174
321,test,shipping,1,0,0.184051,0.295447
321,test,smell,0,0,0.025607,0.066694
321,test,stayingpower,0,0,0.058841,0.057223
321,test,texture,0,0,0.028401,0.077543
322,test,colour,1,1,0.00426,0.992214
322,test,packing,0,0,0.008594,0.029629
322,test,price,0,0,0.02052,0.099827
322,test,shipping,0,0,0.015639,0.05322
322,test,smell,0,0,0.012372,0.124575
322,test,stayingpower,0,0,0.048864,0.183624
322,test,texture,1,1,0.003538,0.979923
323,test,colour,2,2,0.867625,0.11701
323,test,packing,1,1,0.254657,0.727202
323,test,price,0,0,0.085502,0.093266
323,test,shipping,3,1,0.293785,0.691701
323,test,smell,0,0,0.244158,0.207824
323,test,stayingpower,0,2,0.908751,0.026658
323,test,texture,1,1,0.269827,0.67483
324,test,colour,0,0,0.050459,0.126453
324,test,packing,0,0,0.048326,0.163736
324,test,price,0,0,0.043677,0.17386
324,test,shipping,2,2,0.982586,0.007282
324,test,smell,1,1,0.039013,0.94973
324,test,stayingpower,0,0,0.049621,0.126424
324,test,texture,1,1,0.00943,0.940009
325,test,colour,0,0,0.036567,0.036268
325,test,packing,0,0,0.034439,0.101185
325,test,price,0,1,0.044852,0.657905
325,test,shipping,1,1,0.004012,0.990908
325,test,smell,0,0,0.010406,0.032402
325,test,stayingpower,0,0,0.009,0.021047
325,test,texture,0,0,0.014228,0.046799
326,test,colour,1,1,0.0048,0.993515
326,test,packing,0,0,0.012588,0.021958
326,test,price,0,0,0.026518,0.045123
326,test,shipping,0,0,0.027763,0.030497
326,test,smell,0,0,0.039534,0.065866
326,test,stayingpower,0,0,0.037839,0.028233
326,test,texture,0,0,0.024959,0.039766
327,test,colour,1,1,0.009856,0.987396
327,test,packing,0,0,0.0329,0.062857
327,test,price,1,1,0.007713,0.988553
327,test,shipping,0,0,0.029354,0.047794
327,test,smell,0,0,0.030448,0.086699
327,test,stayingpower,0,0,0.080743,0.039921
327,test,texture,0,0,0.068451,0.241878
328,test,colour,0,0,0.185062,0.169131
328,test,packing,1,1,0.21417,0.760196
328,test,price,0,0,0.098287,0.251664
328,test,shipping,0,0,0.170389,0.168872
328,test,smell,1,1,0.321656,0.666796
328,test,stayingpower,2,2,0.965401,0.024926
328,test,texture,1,1,0.027987,0.931673
329,test,colour,1,1,0.006908,0.991297
329,test,packing,0,0,0.014926,0.026542
329,test,price,0,0,0.029058,0.124239
329,test,shipping,0,0,0.031301,0.073034
329,test,smell,1,1,0.044803,0.904129
329,test,stayingpower,0,0,0.1025,0.218713
329,test,texture,1,1,0.135525,0.853828
330,test,colour,0,0,0.020829,0.063855
330,test,packing,0,0,0.041063,0.048819
330,test,price,0,0,0.031937,0.262988
330,test,shipping,0,0,0.017702,0.018619
330,test,smell,0,1,0.09061,0.508404
330,test,stayingpower,1,1,0.078327,0.917072
330,test,texture,0,1,0.036405,0.9331
331,test,colour,3,1,0.082666,0.916193
331,test,packing,0,0,0.024795,0.020384
331,test,price,0,0,0.017568,0.018043
331,test,shipping,0,0,0.080691,0.020317
331,test,smell,0,0,0.035402,0.014465
331,test,stayingpower,0,0,0.063352,0.031253
331,test,texture,0,0,0.237725,0.080995
332,test,colour,0,0,0.091152,0.018137
332,test,packing,0,0,0.046329,0.03469
332,test,price,0,0,0.017508,0.014456
332,test,shipping,0,0,0.063494,0.029672
332,test,smell,0,0,0.01401,0.008204
332,test,stayingpower,0,0,0.112682,0.034152
332,test,texture,0,0,0.017286,0.007691
333,test,colour,1,1,0.006087,0.991427
333,test,packing,0,0,0.011119,0.023121
333,test,price,0,0,0.02033,0.03052
333,test,shipping,0,0,0.020263,0.032836
333,test,smell,0,0,0.027139,0.055291
333,test,stayingpower,0,0,0.02792,0.026631
333,test,texture,0,0,0.017432,0.046088
334,test,colour,2,2,0.926336,0.065626
334,test,packing,0,0,0.038788,0.029364
334,test,price,0,0,0.056009,0.055778
334,test,shipping,0,0,0.035124,0.03897
334,test,smell,0,0,0.032372,0.040051
334,test,stayingpower,2,2,0.96774,0.016596
334,test,texture,0,2,0.446772,0.123564
335,test,colour,0,0,0.282961,0.065698
335,test,packing,0,0,0.060279,0.025989
335,test,price,0,0,0.033248,0.073308
335,test,shipping,0,0,0.055141,0.037674
335,test,smell,0,0,0.037195,0.007918
335,test,stayingpower,0,0,0.066993,0.079207
335,test,texture,2,2,0.962725,0.03141
336,test,colour,0,1,0.098896,0.855152
336,test,packing,0,0,0.022182,0.066302
336,test,price,0,0,0.01732,0.032032
336,test,shipping,1,1,0.003699,0.98919
336,test,smell,0,0,0.009735,0.018467
336,test,stayingpower,0,0,0.011526,0.014809
336,test,texture,0,0,0.021953,0.049278
337,test,colour,0,0,0.028428,0.085915
337,test,packing,1,1,0.015444,0.981514
337,test,price,0,0,0.036379,0.083614
337,test,shipping,1,1,0.006378,0.989503
337,test,smell,0,0,0.011125,0.050013
337,test,stayingpower,0,0,0.02014,0.02675
337,test,texture,0,0,0.011487,0.060004
338,test,colour,0,0,0.03982,0.036685
338,test,packing,0,0,0.056278,0.142209
338,test,price,0,0,0.026143,0.08875
338,test,shipping,1,1,0.003465,0.994866
338,test,smell,0,0,0.010041,0.022712
338,test,stayingpower,0,0,0.013895,0.015865
338,test,texture,0,0,0.016102,0.040012
339,test,colour,1,1,0.024485,0.956524
339,test,packing,1,1,0.035762,0.949611
339,test,price,0,0,0.048659,0.063729
339,test,shipping,1,1,0.014073,0.972358
339,test,smell,1,1,0.01848,0.958668
339,test,stayingpower,0,0,0.042509,0.065309
339,test,texture,0,0,0.025176,0.08619
340,test,colour,1,1,0.032164,0.960679
340,test,packing,0,0,0.08397,0.104945
340,test,price,0,0,0.054579,0.155078
340,test,shipping,2,2,0.987352,0.006004
340,test,smell,3,2,0.812458,0.180167
340,test,stayingpower,0,0,0.071192,0.050978
340,test,texture,0,0,0.12858,0.094222
341,test,colour,3,0,0.086253,0.18467
341,test,packing,0,0,0.026929,0.046943
341,test,price,0,0,0.01808,0.045907
341,test,shipping,1,1,0.004391,0.991821
341,test,smell,0,0,0.009231,0.027426
341,test,stayingpower,0,0,0.010077,0.015175
341,test,texture,0,0,0.018553,0.077609
342,test,colour,0,0,0.101979,0.085275
342,test,packing,0,0,0.045884,0.083761
342,test,price,1,1,0.008651,0.982967
342,test,shipping,0,0,0.043372,0.020587
342,test,smell,0,0,0.077364,0.137985
342,test,stayingpower,0,0,0.140972,0.251247
342,test,texture,1,1,0.011483,0.987724
343,test,colour,3,2,0.697286,0.295427
343,test,packing,0,0,0.014681,0.015722
343,test,price,0,0,0.018228,0.021499
343,test,shipping,0,0,0.019518,0.034148
343,test,smell,0,0,0.008875,0.007959
343,test,stayingpower,0,0,0.153948,0.063311
343,test,texture,1,1,0.230371,0.71935
344,test,colour,2,2,0.649205,0.340294
344,test,packing,0,0,0.026277,0.026028
344,test,price,0,0,0.023317,0.028346
344,test,shipping,0,0,0.018757,0.013934
344,test,smell,1,1,0.084215,0.881043
344,test,stayingpower,0,0,0.135939,0.092551
344,test,texture,1,1,0.035522,0.951953
345,test,colour,0,0,0.065737,0.030146
345,test,packing,0,0,0.022487,0.021473
345,test,price,0,0,0.009516,0.007791
345,test,shipping,0,0,0.033625,0.01088
345,test,smell,0,0,0.016241,0.01506
345,test,stayingpower,0,0,0.012473,0.011674
345,test,texture,0,0,0.019242,0.012909
346,test,colour,1,1,0.030417,0.967482
346,test,packing,0,0,0.048388,0.030877
346,test,price,0,0,0.05211,0.107677
346,test,shipping,0,0,0.323302,0.161109
346,test,smell,0,0,0.116075,0.046201
346,test,stayingpower,0,0,0.370181,0.190565
346,test,texture,2,2,0.976726,0.019978
347,test,colour,0,0,0.032344,0.067474
347,test,packing,0,0,0.010789,0.022371
347,test,price,0,0,0.011725,0.020967
347,test,shipping,0,0,0.018814,0.042704
347,test,smell,0,0,0.007536,0.016304
347,test,stayingpower,0,0,0.004945,0.008064
347,test,texture,0,0,0.007782,0.025559
348,test,colour,0,0,0.082112,0.057527
348,test,packing,0,0,0.036482,0.034926
348,test,price,0,0,0.022514,0.058675
348,test,shipping,2,2,0.995562,0.001938
348,test,smell,0,0,0.030252,0.025783
348,test,stayingpower,0,0,0.010945,0.010834
348,test,texture,0,0,0.026629,0.013555
349,test,colour,3,1,0.034258,0.955057
349,test,packing,0,0,0.030571,0.043029
349,test,price,1,1,0.011954,0.982838
349,test,shipping,0,0,0.026921,0.052082
349,test,smell,0,0,0.022864,0.043156
349,test,stayingpower,0,0,0.022406,0.015631
349,test,texture,0,0,0.037583,0.060765
350,test,colour,1,1,0.013325,0.982671
350,test,packing,0,0,0.024368,0.033371
350,test,price,0,0,0.045127,0.089735
350,test,shipping,0,0,0.026833,0.016077
350,test,smell,1,1,0.275106,0.66699
350,test,stayingpower,0,0,0.017197,0.016974
350,test,texture,0,0,0.017529,0.048981
351,test,colour,1,1,0.009028,0.986372
351,test,packing,0,0,0.021835,0.048066
351,test,price,0,0,0.023784,0.06687
351,test,shipping,0,0,0.041375,0.044399
351,test,smell,0,0,0.006807,0.028875
351,test,stayingpower,1,1,0.106111,0.869038
351,test,texture,3,1,0.077317,0.854796
352,test,colour,0,0,0.210621,0.066353
352,test,packing,0,0,0.036724,0.019944
352,test,price,0,0,0.053263,0.059297
352,test,shipping,0,0,0.036089,0.016567
352,test,smell,2,2,0.636348,0.35738
352,test,stayingpower,0,0,0.025168,0.016846
352,test,texture,0,0,0.061201,0.075865
353,test,colour,0,0,0.038308,0.038805
353,test,packing,1,1,0.089789,0.906527
353,test,price,0,0,0.029371,0.088743
353,test,shipping,1,2,0.972755,0.013947
353,test,smell,0,0,0.016663,0.009359
353,test,stayingpower,0,0,0.014148,0.01375
353,test,texture,0,0,0.044424,0.031644
354,test,colour,0,0,0.037014,0.024512
354,test,packing,0,0,0.022144,0.019706
354,test,price,0,0,0.009946,0.009013
354,test,shipping,0,0,0.026962,0.014924
354,test,smell,0,0,0.016256,0.019563
354,test,stayingpower,0,0,0.01225,0.009804
354,test,texture,0,0,0.016011,0.013031
355,test,colour,1,1,0.009989,0.980683
355,test,packing,1,1,0.018465,0.963063
355,test,price,0,0,0.023925,0.032624
355,test,shipping,1,1,0.007831,0.98424
355,test,smell,0,0,0.020146,0.077695
355,test,stayingpower,0,0,0.037566,0.043452
355,test,texture,0,0,0.014833,0.078233
356,test,colour,0,0,0.019318,0.053901
356,test,packing,0,0,0.012432,0.036019
356,test,price,0,0,0.013168,0.036068
356,test,shipping,0,0,0.02675,0.075424
356,test,smell,0,0,0.007427,0.015152
356,test,stayingpower,0,0,0.004236,0.008319
356,test,texture,0,0,0.006054,0.026882
357,test,colour,0,0,0.017604,0.024823
357,test,packing,1,1,0.019535,0.975295
357,test,price,0,0,0.016984,0.027336
357,test,shipping,0,0,0.050046,0.037678
357,test,smell,0,0,0.008074,0.047588
357,test,stayingpower,0,0,0.026151,0.121511
357,test,texture,3,1,0.022625,0.857334
358,test,colour,0,0,0.02615,0.035967
358,test,packing,1,1,0.030504,0.958235
358,test,price,0,0,0.04003,0.290436
358,test,shipping,1,1,0.005933,0.979245
358,test,smell,0,0,0.010639,0.050879
358,test,stayingpower,0,0,0.009241,0.012314
358,test,texture,0,0,0.006845,0.037017
359,test,colour,0,0,0.049335,0.050737
359,test,packing,0,0,0.028981,0.051717
359,test,price,0,0,0.021174,0.05957
359,test,shipping,1,1,0.005708,0.991173
359,test,smell,0,0,0.011076,0.025764
359,test,stayingpower,0,0,0.01383,0.016833
359,test,texture,0,0,0.012784,0.024173
360,test,colour,0,0,0.014324,0.045947
360,test,packing,0,0,0.012736,0.045245
360,test,price,0,0,0.016297,0.051069
360,test,shipping,0,0,0.013212,0.047286
360,test,smell,0,0,0.006504,0.022473
360,test,stayingpower,0,0,0.008691,0.019899
360,test,texture,0,0,0.004764,0.025291
361,test,colour,0,0,0.103217,0.047897
361,test,packing,0,0,0.065711,0.049045
361,test,price,0,0,0.019063,0.028983
361,test,shipping,2,2,0.997275,0.001493
361,test,smell,0,0,0.042658,0.02431
361,test,stayingpower,0,0,0.032882,0.027286
361,test,texture,0,0,0.074308,0.023983
362,test,colour,0,0,0.099041,0.178722
362,test,packing,0,0,0.028107,0.028889
362,test,price,1,1,0.015704,0.933999
362,test,shipping,0,0,0.036083,0.009739
362,test,smell,0,0,0.007922,0.02067
362,test,stayingpower,1,1,0.170793,0.814416
362,test,texture,1,1,0.135617,0.849347
363,test,colour,0,0,0.071929,0.04423
363,test,packing,1,1,0.151816,0.831038
363,test,price,0,0,0.033644,0.072133
363,test,shipping,2,2,0.99517,0.003007
363,test,smell,0,0,0.034771,0.022407
363,test,stayingpower,0,0,0.014832,0.013401
363,test,texture,0,0,0.036885,0.017383
364,test,colour,1,1,0.005818,0.99165
364,test,packing,0,0,0.014271,0.047572
364,test,price,0,0,0.016294,0.026515
364,test,shipping,0,0,0.035459,0.069382
364,test,smell,0,0,0.012826,0.022252
364,test,stayingpower,0,0,0.028661,0.032128
364,test,texture,0,0,0.026534,0.084249
365,test,colour,0,0,0.038519,0.03917
365,test,packing,0,0,0.013518,0.012205
365,test,price,0,0,0.013656,0.015294
365,test,shipping,0,0,0.021963,0.017233
365,test,smell,0,0,0.019309,0.02922
365,test,stayingpower,0,0,0.012043,0.008601
365,test,texture,0,0,0.014137,0.012541
366,test,colour,0,0,0.019505,0.038226
366,test,packing,1,1,0.017622,0.974262
366,test,price,0,0,0.027344,0.049721
366,test,shipping,0,0,0.026827,0.051511
366,test,smell,0,0,0.012351,0.036604
366,test,stayingpower,0,0,0.012714,0.020105
366,test,texture,0,0,0.007267,0.032363
367,test,colour,0,0,0.025007,0.022203
367,test,packing,0,0,0.020504,0.04477
367,test,price,0,0,0.011604,0.013837
367,test,shipping,0,0,0.068081,0.033522
367,test,smell,0,0,0.008004,0.01114
367,test,stayingpower,0,0,0.007473,0.009439
367,test,texture,0,0,0.009591,0.014709
368,test,colour,0,0,0.034986,0.169253
368,test,packing,1,1,0.050865,0.925911
368,test,price,0,0,0.033783,0.073862
368,test,shipping,2,2,0.994326,0.003984
368,test,smell,0,0,0.018433,0.067503
368,test,stayingpower,1,1,0.094806,0.795624
368,test,texture,1,1,0.118922,0.646103
369,test,colour,0,0,0.068442,0.023286
369,test,packing,0,0,0.02288,0.015241
369,test,price,0,0,0.011816,0.009337
369,test,shipping,0,0,0.032466,0.010597
369,test,smell,0,0,0.018247,0.014548
369,test,stayingpower,0,0,0.011741,0.010077
369,test,texture,0,0,0.022093,0.012286
370,test,colour,2,2,0.683183,0.227919
370,test,packing,1,1,0.361199,0.388803
370,test,price,1,1,0.068713,0.67817
370,test,shipping,0,2,0.795785,0.040721
370,test,smell,1,1,0.326158,0.484948
370,test,stayingpower,2,2,0.944682,0.052567
370,test,texture,2,2,0.956711,0.034697
371,test,colour,0,0,0.035784,0.066743
371,test,packing,0,0,0.008487,0.010877
371,test,price,0,0,0.011958,0.025804
371,test,shipping,0,0,0.013699,0.023846
371,test,smell,0,0,0.006749,0.012852
371,test,stayingpower,0,0,0.006602,0.012012
371,test,texture,0,0,0.014807,0.047578
372,test,colour,1,1,0.028098,0.966241
372,test,packing,0,0,0.073046,0.047441
372,test,price,1,1,0.024392,0.944894
372,test,shipping,0,0,0.085649,0.054467
372,test,smell,0,0,0.085206,0.054531
372,test,stayingpower,0,0,0.184724,0.144546
372,test,texture,2,2,0.955144,0.024755
373,test,colour,1,1,0.00619,0.991631
373,test,packing,0,0,0.015759,0.033993
373,test,price,0,0,0.02169,0.037073
373,test,shipping,0,1,0.071303,0.8769
373,test,smell,0,0,0.018802,0.038363
373,test,stayingpower,0,0,0.013401,0.022302
373,test,texture,0,0,0.017457,0.039643
374,test,colour,1,1,0.009318,0.984127
374,test,packing,1,1,0.024537,0.938147
374,test,price,0,0,0.033525,0.040419
374,test,shipping,0,0,0.063232,0.087307
374,test,smell,0,0,0.025181,0.078486
374,test,stayingpower,0,0,0.02848,0.034685
374,test,texture,0,0,0.007658,0.029898
375,test,colour,1,1,0.052391,0.925132
375,test,packing,0,0,0.028964,0.041721
375,test,price,0,0,0.017418,0.058652
375,test,shipping,2,2,0.996113,0.00225
375,test,smell,0,0,0.025697,0.02635
375,test,stayingpower,0,0,0.015898,0.037952
375,test,texture,0,0,0.055104,0.051415
376,test,colour,1,1,0.004833,0.98666
376,test,packing,0,0,0.008991,0.021232
376,test,price,0,0,0.017821,0.09489
376,test,shipping,0,0,0.029116,0.05366
376,test,smell,0,0,0.008915,0.074765
376,test,stayingpower,1,1,0.047216,0.906042
376,test,texture,1,1,0.011631,0.935629
377,test,colour,2,2,0.983102,0.008068
377,test,packing,0,0,0.100236,0.024851
377,test,price,1,1,0.073622,0.865647
377,test,shipping,0,0,0.031509,0.009663
377,test,smell,0,0,0.084111,0.019708
377,test,stayingpower,0,0,0.243117,0.033619
377,test,texture,0,2,0.804621,0.022186
378,test,colour,0,0,0.176682,0.117573
378,test,packing,1,1,0.190512,0.800974
378,test,price,0,0,0.095191,0.123807
378,test,shipping,1,1,0.110381,0.868689
378,test,smell,1,1,0.224629,0.752412
378,test,stayingpower,2,2,0.917687,0.064883
378,test,texture,0,1,0.162718,0.717355
379,test,colour,0,0,0.010249,0.059026
379,test,packing,0,0,0.040469,0.30739
379,test,price,0,0,0.02055,0.086657
379,test,shipping,1,1,0.043944,0.935127
379,test,smell,0,0,0.006799,0.024034
379,test,stayingpower,0,0,0.003641,0.011337
379,test,texture,0,0,0.004174,0.028808
380,test,colour,1,1,0.043792,0.945813
380,test,packing,0,0,0.074058,0.068241
380,test,price,0,0,0.034811,0.055648
380,test,shipping,1,1,0.108245,0.880049
380,test,smell,3,2,0.858837,0.129666
380,test,stayingpower,0,0,0.055355,0.047377
380,test,texture,0,0,0.190221,0.09236
381,test,colour,0,0,0.120199,0.025647
381,test,packing,0,0,0.041749,0.036943
381,test,price,0,0,0.011762,0.01513
381,test,shipping,0,0,0.021566,0.0139
381,test,smell,0,0,0.004223,0.004437
381,test,stayingpower,0,0,0.048571,0.018813
381,test,texture,0,0,0.059401,0.040098
382,test,colour,1,1,0.027829,0.96666
382,test,packing,0,0,0.019665,0.03875
382,test,price,0,0,0.018449,0.016303
382,test,shipping,0,0,0.034927,0.058601
382,test,smell,0,0,0.023498,0.018555
382,test,stayingpower,0,0,0.017487,0.008346
382,test,texture,0,0,0.018444,0.016493
383,test,colour,1,1,0.00608,0.99033
383,test,packing,0,0,0.035274,0.083766
383,test,price,1,1,0.008643,0.987487
383,test,shipping,0,0,0.033512,0.060864
383,test,smell,0,0,0.022739,0.075518
383,test,stayingpower,0,0,0.050836,0.044766
383,test,texture,0,0,0.060264,0.281729
384,test,colour,0,0,0.019866,0.030961
384,test,packing,0,0,0.04868,0.201665
384,test,price,0,0,0.012467,0.014822
384,test,shipping,3,1,0.04615,0.939812
384,test,smell,0,0,0.010799,0.024572
384,test,stayingpower,0,0,0.005221,0.011419
384,test,texture,0,0,0.007648,0.015249
385,test,colour,1,1,0.006958,0.990727
385,test,packing,0,0,0.013015,0.020353
385,test,price,0,0,0.013376,0.015682
385,test,shipping,0,0,0.08128,0.050138
385,test,smell,0,0,0.020393,0.026339
385,test,stayingpower,0,0,0.035828,0.038406
385,test,texture,0,0,0.039101,0.037499
386,test,colour,0,0,0.034138,0.031176
386,test,packing,0,0,0.018434,0.024703
386,test,price,0,0,0.015932,0.029089
386,test,shipping,0,0,0.021555,0.02811
386,test,smell,0,0,0.009598,0.014246
386,test,stayingpower,0,0,0.007824,0.007938
386,test,texture,0,0,0.008166,0.012491
387,test,colour,1,1,0.021779,0.969986
387,test,packing,0,0,0.042879,0.042989
387,test,price,0,0,0.057746,0.119437
387,test,shipping,0,0,0.035509,0.08462
387,test,smell,0,0,0.039871,0.049228
387,test,stayingpower,2,2,0.967086,0.029153
387,test,texture,0,0,0.17755,0.209817
388,test,colour,0,0,0.015432,0.0558
388,test,packing,0,0,0.034306,0.1555
388,test,price,0,1,0.013545,0.93526
388,test,shipping,1,1,0.009502,0.929197
388,test,smell,0,0,0.009552,0.063545
388,test,stayingpower,0,0,0.017528,0.082922
388,test,texture,1,1,0.005646,0.963968
389,test,colour,1,1,0.006898,0.991016
389,test,packing,0,0,0.011463,0.036259
389,test,price,0,0,0.033009,0.051222
389,test,shipping,0,0,0.026056,0.041109
389,test,smell,0,0,0.021086,0.045086
389,test,stayingpower,0,0,0.022836,0.032747
389,test,texture,0,0,0.011386,0.058409
390,test,colour,0,0,0.131285,0.042149
390,test,packing,0,0,0.198628,0.07868
390,test,price,0,0,0.024167,0.049933
390,test,shipping,2,2,0.96999,0.029212
390,test,smell,0,0,0.023271,0.013512
390,test,stayingpower,0,0,0.121557,0.061696
390,test,texture,0,0,0.074537,0.022648
391,test,colour,0,2,0.536636,0.041222
391,test,packing,0,0,0.086989,0.022514
391,test,price,0,0,0.061157,0.144498
391,test,shipping,0,0,0.031783,0.017838
391,test,smell,0,0,0.195716,0.026065
391,test,stayingpower,0,0,0.15431,0.121044
391,test,texture,2,2,0.991523,0.006629
392,test,colour,1,1,0.034926,0.964257
392,test,packing,0,0,0.115686,0.123013
392,test,price,1,1,0.033892,0.894799
392,test,shipping,0,2,0.695636,0.015354
392,test,smell,0,0,0.051227,0.090552
392,test,stayingpower,2,2,0.821718,0.128245
392,test,texture,0,2,0.570908,0.123264
393,test,colour,1,1,0.025178,0.869229
393,test,packing,0,0,0.045944,0.201666
393,test,price,0,1,0.03526,0.666074
393,test,shipping,2,2,0.980197,0.010261
393,test,smell,0,0,0.042853,0.290084
393,test,stayingpower,1,1,0.242891,0.715427
393,test,texture,1,1,0.006532,0.989759
394,test,colour,1,1,0.062907,0.929291
394,test,packing,0,0,0.061702,0.023786
394,test,price,0,0,0.066247,0.122165
394,test,shipping,0,0,0.157305,0.095236
394,test,smell,0,0,0.107138,0.033194
394,test,stayingpower,0,0,0.276488,0.200654
394,test,texture,2,2,0.989504,0.005574
395,test,colour,0,0,0.050329,0.012867
395,test,packing,0,0,0.038279,0.035806
395,test,price,0,0,0.009809,0.01013
395,test,shipping,0,0,0.245682,0.035022
395,test,smell,0,0,0.004038,0.003706
395,test,stayingpower,0,0,0.018449,0.03071
395,test,texture,0,0,0.02596,0.014607
396,test,colour,1,1,0.00675,0.987602
396,test,packing,0,0,0.016527,0.026313
396,test,price,0,0,0.026364,0.08062
396,test,shipping,0,0,0.078499,0.071297
396,test,smell,0,0,0.010989,0.029007
396,test,stayingpower,1,1,0.122519,0.814614
396,test,texture,2,2,0.551236,0.384194
397,test,colour,1,1,0.004269,0.989773
397,test,packing,0,0,0.035182,0.085213
397,test,price,1,1,0.012078,0.967281
397,test,shipping,2,2,0.715008,0.255891
397,test,smell,0,0,0.021156,0.054241
397,test,stayingpower,0,0,0.017113,0.027298
397,test,texture,0,0,0.019721,0.048358
398,test,colour,0,0,0.027915,0.059951
398,test,packing,0,0,0.011918,0.026905
398,test,price,0,0,0.012663,0.029566
398,test,shipping,0,0,0.016041,0.056418
398,test,smell,0,0,0.00795,0.020785
398,test,stayingpower,0,0,0.00451,0.00705
398,test,texture,0,0,0.007359,0.0301
399,test,colour,1,1,0.025404,0.954592
399,test,packing,0,1,0.059753,0.906689
399,test,price,0,0,0.065975,0.151739
399,test,shipping,2,2,0.992086,0.004499
399,test,smell,1,1,0.0762,0.870889
399,test,stayingpower,0,0,0.135681,0.229303
399,test,texture,1,1,0.041283,0.882644
400,test,colour,0,0,0.037315,0.246227
400,test,packing,0,0,0.01486,0.046817
400,test,price,0,0,0.012549,0.045588
400,test,shipping,0,0,0.020842,0.030743
400,test,smell,0,0,0.002085,0.012583
400,test,stayingpower,0,1,0.028172,0.6378
400,test,texture,1,1,0.007753,0.98182
401,test,colour,0,0,0.037896,0.195451
401,test,packing,1,1,0.025853,0.96349
401,test,price,0,0,0.019538,0.023883
401,test,shipping,1,1,0.007743,0.988536
401,test,smell,0,0,0.005996,0.051938
401,test,stayingpower,1,1,0.075484,0.794472
401,test,texture,0,1,0.034411,0.6418
402,test,colour,0,0,0.030563,0.051932
402,test,packing,0,0,0.106643,0.26445
402,test,price,0,0,0.027172,0.091211
402,test,shipping,2,2,0.996444,0.001785
402,test,smell,0,0,0.078237,0.083602
402,test,stayingpower,0,0,0.058953,0.148261
402,test,texture,0,1,0.042734,0.88745
403,test,colour,1,1,0.012444,0.980306
403,test,packing,0,0,0.022983,0.081191
403,test,price,0,0,0.015687,0.029238
403,test,shipping,1,1,0.00837,0.983727
403,test,smell,0,0,0.011433,0.046149
403,test,stayingpower,0,0,0.018209,0.043369
403,test,texture,0,0,0.015875,0.080475
404,test,colour,0,0,0.024072,0.086382
404,test,packing,0,0,0.026661,0.026475
404,test,price,0,0,0.015304,0.044512
404,test,shipping,0,0,0.023873,0.09027
404,test,smell,0,0,0.006748,0.03034
404,test,stayingpower,1,1,0.09561,0.841957
404,test,texture,0,0,0.030942,0.128239
405,test,colour,0,0,0.032192,0.010798
405,test,packing,0,0,0.057475,0.047824
405,test,price,0,1,0.031376,0.879643
405,test,shipping,0,0,0.166455,0.01558
405,test,smell,0,0,0.006189,0.005974
405,test,stayingpower,0,0,0.008613,0.00854
405,test,texture,0,0,0.014654,0.009408
406,test,colour,1,1,0.044842,0.950516
406,test,packing,0,0,0.076961,0.040184
406,test,price,1,1,0.016948,0.967938
406,test,shipping,0,0,0.19546,0.051616
406,test,smell,0,0,0.079894,0.057344
406,test,stayingpower,2,2,0.668285,0.233591
406,test,texture,2,2,0.958739,0.018546
407,test,colour,2,2,0.939764,0.048277
407,test,packing,1,1,0.276219,0.680455
407,test,price,0,0,0.033321,0.025307
407,test,shipping,0,0,0.138092,0.037085
407,test,smell,0,0,0.079529,0.022918
407,test,stayingpower,0,0,0.183465,0.019506
407,test,texture,0,0,0.191022,0.022053
408,test,colour,0,0,0.050667,0.011117
408,test,packing,0,0,0.046494,0.038619
408,test,price,1,1,0.007569,0.985332
408,test,shipping,0,0,0.022635,0.012159
408,test,smell,0,0,0.009771,0.012183
408,test,stayingpower,0,0,0.03361,0.037958
408,test,texture,0,0,0.077044,0.065682
409,test,colour,2,1,0.133564,0.865345
409,test,packing,0,0,0.069792,0.037396
409,test,price,0,0,0.050021,0.128689
409,test,shipping,0,0,0.138677,0.072165
409,test,smell,1,2,0.955673,0.03651
409,test,stayingpower,0,0,0.250258,0.043687
409,test,texture,0,2,0.620171,0.089206
410,test,colour,1,1,0.004769,0.993527
410,test,packing,0,0,0.015481,0.03659
410,test,price,1,1,0.006122,0.983547
410,test,shipping,0,0,0.05497,0.19032
410,test,smell,0,0,0.02266,0.058952
410,test,stayingpower,0,0,0.128791,0.138214
410,test,texture,1,1,0.028431,0.933307
411,test,colour,0,0,0.04642,0.073806
411,test,packing,0,0,0.105877,0.301736
411,test,price,1,1,0.022905,0.932318
411,test,shipping,0,2,0.932584,0.012666
411,test,smell,1,1,0.034664,0.95579
411,test,stayingpower,0,0,0.083859,0.213797
411,test,texture,1,1,0.007378,0.98069
412,test,colour,1,1,0.008024,0.986509
412,test,packing,0,0,0.035157,0.068192
412,test,price,1,1,0.004706,0.993182
412,test,shipping,0,0,0.03454,0.056357
412,test,smell,0,0,0.067697,0.171802
412,test,stayingpower,0,0,0.076773,0.083784
412,test,texture,1,1,0.042662,0.877636
413,test,colour,1,1,0.004998,0.992066
413,test,packing,0,0,0.010892,0.020144
413,test,price,0,0,0.01997,0.028676
413,test,shipping,0,0,0.040051,0.03641
413,test,smell,0,0,0.031459,0.058357
413,test,stayingpower,0,0,0.031057,0.037362
413,test,texture,0,0,0.021691,0.028212
414,test,colour,0,0,0.030159,0.100317
414,test,packing,0,0,0.011004,0.023607
414,test,price,0,0,0.013604,0.028472
414,test,shipping,0,0,0.014144,0.027985
414,test,smell,0,0,0.00964,0.026487
414,test,stayingpower,0,0,0.006314,0.007786
414,test,texture,0,0,0.006111,0.019585
415,test,colour,0,0,0.101726,0.05216
415,test,packing,0,0,0.066251,0.124749
415,test,price,0,0,0.040811,0.046448
415,test,shipping,1,1,0.00938,0.979759
415,test,smell,1,1,0.03285,0.942675
415,test,stayingpower,0,0,0.025335,0.02756
415,test,texture,0,0,0.018296,0.059752
416,test,colour,0,0,0.041173,0.119564
416,test,packing,0,0,0.008161,0.014513
416,test,price,0,0,0.010417,0.014271
416,test,shipping,0,0,0.006087,0.008169
416,test,smell,0,0,0.008067,0.023347
416,test,stayingpower,0,0,0.009279,0.022484
416,test,texture,0,0,0.027935,0.31328
417,test,colour,0,0,0.046763,0.113421
417,test,packing,1,1,0.052402,0.934631
417,test,price,0,1,0.025587,0.91879
417,test,shipping,1,1,0.009198,0.989029
417,test,smell,0,0,0.020469,0.093708
417,test,stayingpower,0,0,0.017397,0.034287
417,test,texture,0,0,0.03847,0.154699
418,test,colour,1,1,0.013954,0.983126
418,test,packing,0,0,0.014685,0.021791
418,test,price,0,0,0.023507,0.036484
418,test,shipping,0,0,0.023784,0.014971
418,test,smell,0,0,0.025917,0.038283
418,test,stayingpower,0,0,0.019214,0.017511
418,test,texture,0,0,0.033713,0.031776
419,test,colour,1,1,0.016579,0.967387
419,test,packing,1,1,0.028628,0.957503
419,test,price,0,0,0.045546,0.04511
419,test,shipping,1,1,0.020852,0.9564
419,test,smell,1,1,0.023684,0.955272
419,test,stayingpower,0,0,0.046847,0.084287
419,test,texture,0,0,0.023327,0.089938
420,test,colour,2,2,0.98544,0.010986
420,test,packing,0,0,0.033421,0.018504
420,test,price,0,0,0.039417,0.027809
420,test,shipping,0,0,0.036886,0.01901
420,test,smell,0,0,0.040599,0.018264
420,test,stayingpower,0,0,0.202662,0.040833
420,test,texture,0,2,0.480477,0.073481
421,test,colour,0,2,0.56722,0.040425
421,test,packing,0,0,0.077853,0.027306
421,test,price,0,0,0.046524,0.149147
421,test,shipping,0,0,0.022464,0.020472
421,test,smell,0,0,0.109254,0.023482
421,test,stayingpower,0,0,0.412815,0.110907
421,test,texture,2,2,0.918514,0.079878
422,test,colour,0,0,0.03796,0.031239
422,test,packing,1,1,0.113111,0.871049
422,test,price,1,1,0.013738,0.967542
422,test,shipping,2,2,0.992488,0.00489
422,test,smell,0,0,0.042448,0.051536
422,test,stayingpower,0,0,0.02052,0.031192
422,test,texture,0,0,0.070386,0.072965
423,test,colour,0,0,0.052386,0.069009
423,test,packing,1,1,0.029683,0.965699
423,test,price,0,0,0.033317,0.061328
423,test,shipping,1,1,0.006683,0.990815
423,test,smell,0,0,0.017668,0.059759
423,test,stayingpower,0,0,0.017944,0.019725
423,test,texture,0,0,0.014511,0.032321
424,test,colour,0,0,0.027555,0.298659
424,test,packing,1,1,0.022158,0.9645
424,test,price,1,1,0.008966,0.982308
424,test,shipping,0,0,0.054688,0.180652
424,test,smell,0,0,0.027511,0.190017
424,test,stayingpower,0,0,0.032891,0.097722
424,test,texture,1,1,0.003907,0.965418
425,test,colour,0,0,0.056498,0.014733
425,test,packing,0,0,0.190005,0.130153
425,test,price,0,0,0.017572,0.022367
425,test,shipping,0,0,0.354505,0.048903
425,test,smell,0,0,0.008884,0.007457
425,test,stayingpower,0,0,0.009292,0.006354
425,test,texture,0,0,0.011362,0.005325
426,test,colour,1,1,0.007614,0.985198
426,test,packing,1,1,0.0146,0.974951
426,test,price,0,0,0.019613,0.046145
426,test,shipping,0,0,0.059338,0.148715
426,test,smell,0,0,0.008551,0.037445
426,test,stayingpower,0,0,0.051526,0.107917
426,test,texture,0,0,0.018921,0.164332
427,test,colour,0,0,0.02299,0.324638
427,test,packing,0,0,0.030451,0.211024
427,test,price,0,0,0.018701,0.078815
427,test,shipping,1,1,0.001934,0.995744
427,test,smell,0,0,0.028364,0.40222
427,test,stayingpower,0,0,0.042133,0.230337
427,test,texture,1,1,0.005972,0.919979
428,test,colour,0,0,0.171084,0.01284
428,test,packing,2,2,0.604405,0.38115
428,test,price,0,0,0.034291,0.052878
428,test,shipping,0,2,0.8706,0.038259
428,test,smell,0,0,0.141278,0.017113
428,test,stayingpower,0,0,0.02476,0.009585
428,test,texture,0,0,0.188837,0.009738
429,test,colour,0,0,0.025371,0.0296
429,test,packing,0,1,0.094043,0.885723
429,test,price,0,0,0.031216,0.267049
429,test,shipping,0,0,0.413145,0.108476
429,test,smell,0,0,0.007177,0.008241
429,test,stayingpower,0,0,0.006431,0.010756
429,test,texture,0,0,0.013365,0.015542
430,test,colour,1,1,0.011813,0.981592
430,test,packing,0,0,0.0754,0.074277
430,test,price,1,1,0.034686,0.916138
430,test,shipping,1,1,0.107682,0.874028
430,test,smell,2,2,0.63355,0.355243
430,test,stayingpower,0,0,0.072962,0.069004
430,test,texture,0,0,0.161665,0.124827
431,test,colour,0,0,0.033817,0.052272
431,test,packing,1,1,0.023963,0.968606
431,test,price,0,0,0.026988,0.044425
431,test,shipping,1,1,0.007652,0.986173
431,test,smell,0,0,0.010911,0.031624
431,test,stayingpower,0,0,0.013732,0.019848
431,test,texture,0,0,0.007759,0.024981
432,test,colour,0,0,0.050071,0.031326
432,test,packing,0,0,0.040248,0.059118
432,test,price,0,0,0.016365,0.030024
432,test,shipping,0,0,0.086974,0.012795
432,test,smell,0,0,0.007181,0.010064
432,test,stayingpower,0,0,0.005858,0.007458
432,test,texture,0,0,0.010136,0.009782
433,test,colour,0,0,0.029748,0.120715
433,test,packing,0,0,0.041066,0.169886
433,test,price,0,0,0.018186,0.066397
433,test,shipping,1,1,0.003408,0.992569
433,test,smell,0,0,0.004683,0.015141
433,test,stayingpower,0,0,0.008806,0.019069
433,test,texture,0,0,0.011956,0.122721
434,test,colour,0,1,0.004852,0.991611
434,test,packing,0,0,0.025418,0.067308
434,test,price,0,0,0.027414,0.073108
434,test,shipping,3,1,0.042889,0.932244
434,test,smell,1,1,0.025517,0.952386
434,test,stayingpower,0,0,0.040406,0.110177
434,test,texture,1,1,0.027172,0.869657
435,test,colour,0,0,0.029003,0.054325
435,test,packing,1,1,0.014498,0.983537
435,test,price,0,0,0.028913,0.048696
435,test,shipping,1,1,0.01164,0.979928
435,test,smell,0,0,0.011257,0.041559
435,test,stayingpower,0,0,0.018675,0.02708
435,test,texture,0,0,0.010552,0.050182
436,test,colour,1,1,0.005389,0.990267
436,test,packing,0,0,0.008913,0.029914
436,test,price,0,0,0.015821,0.053584
436,test,shipping,0,0,0.016614,0.062781
436,test,smell,0,0,0.008409,0.037459
436,test,stayingpower,0,0,0.051349,0.190502
436,test,texture,1,1,0.021728,0.958699
437,test,colour,0,0,0.034002,0.018483
437,test,packing,0,0,0.020433,0.017547
437,test,price,0,0,0.008567,0.007447
437,test,shipping,0,0,0.035535,0.01875
437,test,smell,0,0,0.01726,0.020843
437,test,stayingpower,0,0,0.013228,0.010958
437,test,texture,0,0,0.017566,0.015564
438,test,colour,1,1,0.002381,0.995771
438,test,packing,0,0,0.031119,0.138647
438,test,price,0,0,0.01629,0.048728
438,test,shipping,2,2,0.905503,0.086695
438,test,smell,0,0,0.037023,0.133948
438,test,stayingpower,0,1,0.09141,0.498494
438,test,texture,1,1,0.050187,0.829655
439,test,colour,0,2,0.499002,0.164578
439,test,packing,0,0,0.070248,0.04912
439,test,price,0,0,0.070533,0.215768
439,test,shipping,0,0,0.042271,0.151966
439,test,smell,0,0,0.077496,0.11588
439,test,stayingpower,1,2,0.977567,0.021747
439,test,texture,1,2,0.645069,0.320273
440,test,colour,1,1,0.01824,0.979895
440,test,packing,0,0,0.013304,0.016746
440,test,price,0,0,0.017787,0.024197
440,test,shipping,0,0,0.038341,0.025538
440,test,smell,0,0,0.028956,0.044571
440,test,stayingpower,0,0,0.04332,0.029459
440,test,texture,0,0,0.062631,0.023548
441,test,colour,2,2,0.953821,0.036076
441,test,packing,0,0,0.078818,0.137019
441,test,price,0,0,0.095303,0.272242
441,test,shipping,0,0,0.035648,0.03198
441,test,smell,0,0,0.040275,0.074025
441,test,stayingpower,2,2,0.845056,0.102055
441,test,texture,1,1,0.1311,0.863697
442,test,colour,1,1,0.006269,0.990159
442,test,packing,0,0,0.014585,0.034249
442,test,price,0,0,0.017128,0.02043
442,test,shipping,0,0,0.037497,0.045566
442,test,smell,0,0,0.025151,0.040205
442,test,stayingpower,0,0,0.026064,0.030066
442,test,texture,0,0,0.019154,0.022924
443,test,colour,0,0,0.042812,0.0912
443,test,packing,0,0,0.032604,0.0425
443,test,price,0,0,0.010891,0.019403
443,test,shipping,0,0,0.066153,0.032073
443,test,smell,0,0,0.005093,0.027904
443,test,stayingpower,1,1,0.044653,0.935387
443,test,texture,1,1,0.083425,0.828112
444,test,colour,0,0,0.03275,0.03455
444,test,packing,0,0,0.019678,0.027317
444,test,price,0,0,0.010226,0.010273
444,test,shipping,0,0,0.025711,0.013361
444,test,smell,0,0,0.009407,0.013554
444,test,stayingpower,0,0,0.010469,0.011495
444,test,texture,0,0,0.012522,0.02039
445,test,colour,0,1,0.032223,0.962469
445,test,packing,0,0,0.072853,0.055689
445,test,price,1,1,0.039741,0.919572
445,test,shipping,0,0,0.024786,0.049593
445,test,smell,1,1,0.250052,0.68755
445,test,stayingpower,2,2,0.963663,0.031203
445,test,texture,0,0,0.255848,0.26315
446,test,colour,0,0,0.044488,0.082933
446,test,packing,0,0,0.033016,0.086187
446,test,price,0,0,0.017151,0.041868
446,test,shipping,1,1,0.00302,0.992492
446,test,smell,0,0,0.010115,0.028815
446,test,stayingpower,0,0,0.011895,0.016156
446,test,texture,0,0,0.010699,0.050286
447,test,colour,1,0,0.089592,0.032513
447,test,packing,0,0,0.01533,0.011889
447,test,price,0,0,0.00952,0.00692
447,test,shipping,0,0,0.021865,0.012304
447,test,smell,0,0,0.019992,0.026066
447,test,stayingpower,0,0,0.009869,0.010408
447,test,texture,0,0,0.024647,0.015385
448,test,colour,1,1,0.00473,0.993772
448,test,packing,0,0,0.026326,0.078743
448,test,price,1,1,0.01429,0.961189
448,test,shipping,0,0,0.025721,0.028657
448,test,smell,0,0,0.01565,0.061585
448,test,stayingpower,0,0,0.130436,0.258616
448,test,texture,1,1,0.036716,0.91571
449,test,colour,0,0,0.010626,0.233141
449,test,packing,0,0,0.015234,0.021562
449,test,price,0,0,0.027577,0.154983
449,test,shipping,0,0,0.027185,0.044614
449,test,smell,1,1,0.064765,0.723138
449,test,stayingpower,1,1,0.038038,0.942832
449,test,texture,0,1,0.035019,0.704324
450,test,colour,0,0,0.136185,0.143717
450,test,packing,0,0,0.079138,0.059309
450,test,price,0,0,0.052201,0.185333
450,test,shipping,0,0,0.040211,0.164548
450,test,smell,3,1,0.298887,0.627386
450,test,stayingpower,2,2,0.987626,0.010742
450,test,texture,1,1,0.026123,0.923741
451,test,colour,0,0,0.064857,0.05333
451,test,packing,0,0,0.071221,0.109141
451,test,price,0,0,0.051327,0.269168
451,test,shipping,2,2,0.613358,0.352243
451,test,smell,1,1,0.020357,0.966276
451,test,stayingpower,0,0,0.057073,0.184608
451,test,texture,1,1,0.010374,0.984704
452,test,colour,0,0,0.016783,0.032525
452,test,packing,1,1,0.022589,0.965615
452,test,price,0,0,0.024115,0.039497
452,test,shipping,0,0,0.049896,0.075737
452,test,smell,0,0,0.012878,0.045069
452,test,stayingpower,0,0,0.011319,0.01542
452,test,texture,0,0,0.005722,0.021585
453,test,colour,0,0,0.029504,0.035889
453,test,packing,0,0,0.05147,0.122268
453,test,price,1,1,0.034799,0.719245
453,test,shipping,2,2,0.997101,0.001863
453,test,smell,0,0,0.026462,0.031875
453,test,stayingpower,0,0,0.013363,0.016282
453,test,texture,0,0,0.020555,0.025785
454,test,colour,0,0,0.033156,0.019411
454,test,packing,0,0,0.017685,0.015589
454,test,price,0,0,0.011347,0.01102
454,test,shipping,0,0,0.021973,0.016851
454,test,smell,0,0,0.018565,0.025483
454,test,stayingpower,0,0,0.014919,0.010944
454,test,texture,0,0,0.017247,0.0144
455,test,colour,0,0,0.080955,0.077151
455,test,packing,0,0,0.090124,0.109057
455,test,price,0,0,0.025649,0.039264
455,test,shipping,2,2,0.477241,0.062338
455,test,smell,1,1,0.039623,0.95743
455,test,stayingpower,0,0,0.036356,0.025419
455,test,texture,0,0,0.027499,0.088663
456,test,colour,1,1,0.004727,0.988482
456,test,packing,0,0,0.017374,0.066531
456,test,price,0,0,0.030593,0.184859
456,test,shipping,0,0,0.013465,0.084763
456,test,smell,1,1,0.007882,0.977524
456,test,stayingpower,0,0,0.038348,0.144273
456,test,texture,1,1,0.007187,0.961661
457,test,colour,0,0,0.03757,0.022469
457,test,packing,0,0,0.018368,0.013934
457,test,price,0,0,0.011482,0.011713
457,test,shipping,0,0,0.019849,0.012392
457,test,smell,0,0,0.019987,0.023377
457,test,stayingpower,0,0,0.014144,0.00961
457,test,texture,0,0,0.020801,0.015868
458,test,colour,1,1,0.046106,0.937655
458,test,packing,0,0,0.085101,0.08292
458,test,price,0,0,0.110388,0.285186
458,test,shipping,0,0,0.070449,0.085776
458,test,smell,0,0,0.164938,0.152142
458,test,stayingpower,2,2,0.989901,0.009221
458,test,texture,0,0,0.266815,0.240116
459,test,colour,0,0,0.035656,0.0261
459,test,packing,0,0,0.008415,0.008412
459,test,price,0,0,0.016073,0.030028
459,test,shipping,0,0,0.006729,0.008499
459,test,smell,0,0,0.010284,0.025657
459,test,stayingpower,0,0,0.007502,0.017246
459,test,texture,0,0,0.026894,0.1395
460,test,colour,0,1,0.045951,0.93488
460,test,packing,0,0,0.153418,0.185253
460,test,price,0,0,0.076689,0.209034
460,test,shipping,2,2,0.848913,0.128374
460,test,smell,2,2,0.908633,0.089349
460,test,stayingpower,0,0,0.419069,0.102251
460,test,texture,1,1,0.164583,0.678952
461,test,colour,3,1,0.028269,0.969712
461,test,packing,0,0,0.024763,0.034719
461,test,price,0,1,0.03114,0.895382
461,test,shipping,0,0,0.03854,0.032594
461,test,smell,0,0,0.018936,0.041526
461,test,stayingpower,0,0,0.016972,0.011529
461,test,texture,0,0,0.029647,0.055757
462,test,colour,0,0,0.033832,0.043874
462,test,packing,1,1,0.023514,0.973056
462,test,price,0,0,0.033166,0.054714
462,test,shipping,1,1,0.009691,0.984307
462,test,smell,0,0,0.012915,0.039682
462,test,stayingpower,0,0,0.016447,0.019796
462,test,texture,0,0,0.010233,0.031002
463,test,colour,0,0,0.071265,0.126281
463,test,packing,0,0,0.0162,0.037825
463,test,price,0,0,0.021167,0.100447
463,test,shipping,0,0,0.010843,0.020942
463,test,smell,0,0,0.027583,0.173396
463,test,stayingpower,0,0,0.023964,0.121019
463,test,texture,1,1,0.002341,0.99637
464,test,colour,0,0,0.020272,0.037943
464,test,packing,0,0,0.018201,0.01917
464,test,price,0,0,0.015579,0.062927
464,test,shipping,0,0,0.011127,0.0131
464,test,smell,0,0,0.009091,0.041603
464,test,stayingpower,1,1,0.059166,0.889624
464,test,texture,2,1,0.103366,0.559406
465,test,colour,0,0,0.055799,0.08973
465,test,packing,0,0,0.069706,0.110291
465,test,price,1,1,0.021241,0.952537
465,test,shipping,1,1,0.018714,0.967604
465,test,smell,1,1,0.023517,0.952999
465,test,stayingpower,0,0,0.022213,0.040227
465,test,texture,0,0,0.029954,0.091191
466,test,colour,0,0,0.01848,0.04387
466,test,packing,1,1,0.030849,0.959914
466,test,price,0,0,0.01724,0.031674
466,test,shipping,0,0,0.303104,0.116115
466,test,smell,0,0,0.003963,0.006647
466,test,stayingpower,0,0,0.011694,0.025524
466,test,texture,0,0,0.007981,0.03149
467,test,colour,0,0,0.051011,0.009743
467,test,packing,0,0,0.023884,0.015389
467,test,price,0,0,0.017172,0.032195
467,test,shipping,0,0,0.021508,0.034466
467,test,smell,0,0,0.016621,0.010323
467,test,stayingpower,0,0,0.025036,0.012379
467,test,texture,0,0,0.071465,0.02309
468,test,colour,1,1,0.025459,0.970807
468,test,packing,1,1,0.346695,0.456968
468,test,price,1,1,0.024324,0.941134
468,test,shipping,0,0,0.401285,0.037491
468,test,smell,2,2,0.861037,0.114682
468,test,stayingpower,0,0,0.101219,0.044464
468,test,texture,0,2,0.576365,0.091354
469,test,colour,0,0,0.036208,0.048563
469,test,packing,0,0,0.043117,0.096591
469,test,price,0,0,0.021858,0.060635
469,test,shipping,1,1,0.004916,0.991964
469,test,smell,0,0,0.008453,0.021215
469,test,stayingpower,0,0,0.008701,0.013849
469,test,texture,0,0,0.010862,0.029527
470,test,colour,0,0,0.036701,0.095418
470,test,packing,0,0,0.026363,0.095089
470,test,price,0,0,0.017163,0.04352
470,test,shipping,1,1,0.002956,0.989664
470,test,smell,0,0,0.007589,0.053426
470,test,stayingpower,0,0,0.012535,0.060951
470,test,texture,1,1,0.013081,0.858967
471,test,colour,0,0,0.037876,0.028057
471,test,packing,1,1,0.046526,0.943238
471,test,price,0,0,0.028653,0.0445
471,test,shipping,1,1,0.010858,0.986068
471,test,smell,0,0,0.015511,0.031692
471,test,stayingpower,0,0,0.016228,0.017743
471,test,texture,0,0,0.011205,0.021838
472,test,colour,0,0,0.035432,0.099838
472,test,packing,0,0,0.065881,0.136866
472,test,price,1,1,0.007156,0.98178
472,test,shipping,2,2,0.996048,0.001253
472,test,smell,0,0,0.037275,0.061799
472,test,stayingpower,1,1,0.222318,0.417085
472,test,texture,3,0,0.231282,0.267614
473,test,colour,0,0,0.097084,0.012943
473,test,packing,0,0,0.044471,0.025865
473,test,price,0,0,0.012717,0.019255
473,test,shipping,0,0,0.032511,0.011469
473,test,smell,0,0,0.009885,0.006423
473,test,stayingpower,0,0,0.013663,0.011317
473,test,texture,0,0,0.039746,0.014134
474,test,colour,0,0,0.320512,0.048266
474,test,packing,0,0,0.034836,0.013746
474,test,price,0,0,0.012299,0.012182
474,test,shipping,0,0,0.226113,0.023456
474,test,smell,0,0,0.008475,0.004903
474,test,stayingpower,0,0,0.008874,0.008763
474,test,texture,0,0,0.079181,0.011698
475,test,colour,1,1,0.325235,0.66093
475,test,packing,0,0,0.05412,0.033698
475,test,price,1,1,0.019017,0.963595
475,test,shipping,0,0,0.083513,0.015673
475,test,smell,1,1,0.05709,0.934666
475,test,stayingpower,0,0,0.058693,0.074977
475,test,texture,1,1,0.125373,0.776054
476,test,colour,0,0,0.037126,0.018306
476,test,packing,0,0,0.016495,0.010685
476,test,price,0,0,0.011391,0.015949
476,test,shipping,0,0,0.014984,0.012404
476,test,smell,0,0,0.021697,0.023993
476,test,stayingpower,0,0,0.018664,0.013791
476,test,texture,0,0,0.026853,0.02112
477,test,colour,1,1,0.067952,0.92876
477,test,packing,0,0,0.014673,0.021043
477,test,price,0,0,0.016106,0.017128
477,test,shipping,0,0,0.058031,0.019896
477,test,smell,0,0,0.027271,0.018901
477,test,stayingpower,0,0,0.025544,0.019838
477,test,texture,0,0,0.051722,0.022318
478,test,colour,1,1,0.008451,0.987834
478,test,packing,0,0,0.036505,0.067017
478,test,price,1,1,0.010435,0.98209
478,test,shipping,0,0,0.022482,0.025923
478,test,smell,0,0,0.026196,0.059792
478,test,stayingpower,0,0,0.055347,0.036211
478,test,texture,0,0,0.064896,0.10981
479,test,colour,0,0,0.261238,0.020026
479,test,packing,0,0,0.131818,0.028483
479,test,price,1,1,0.021035,0.960675
479,test,shipping,1,1,0.106977,0.850451
479,test,smell,0,0,0.043772,0.018157
479,test,stayingpower,0,0,0.040054,0.015702
479,test,texture,0,0,0.155649,0.013117
480,test,colour,1,1,0.021799,0.975884
480,test,packing,0,0,0.013431,0.022277
480,test,price,0,0,0.018611,0.027818
480,test,shipping,0,0,0.033735,0.019786
480,test,smell,0,0,0.021084,0.015186
480,test,stayingpower,0,0,0.019687,0.021482
480,test,texture,0,0,0.077882,0.064605
481,test,colour,0,0,0.051011,0.009743
481,test,packing,0,0,0.023884,0.015389
481,test,price,0,0,0.017172,0.032195
481,test,shipping,0,0,0.021508,0.034466
481,test,smell,0,0,0.016621,0.010323
481,test,stayingpower,0,0,0.025036,0.012379
481,test,texture,0,0,0.071465,0.02309
482,test,colour,0,0,0.019082,0.035764
482,test,packing,0,0,0.011385,0.026323
482,test,price,0,0,0.015046,0.036531
482,test,shipping,0,0,0.0146,0.049764
482,test,smell,0,0,0.00857,0.027144
482,test,stayingpower,0,0,0.005966,0.008111
482,test,texture,0,0,0.008032,0.027194
483,test,colour,0,0,0.038221,0.017529
483,test,packing,0,0,0.017468,0.009837
483,test,price,0,0,0.013379,0.016944
483,test,shipping,0,0,0.017591,0.013148
483,test,smell,0,0,0.026789,0.030184
483,test,stayingpower,0,0,0.016468,0.010147
483,test,texture,0,0,0.030512,0.019267
484,test,colour,1,1,0.006055,0.98359
484,test,packing,0,0,0.014265,0.02422
484,test,price,0,0,0.024111,0.153247
484,test,shipping,0,0,0.032699,0.061803
484,test,smell,0,0,0.010518,0.068785
484,test,stayingpower,1,1,0.063006,0.911351
484,test,texture,1,1,0.009387,0.972161
485,test,colour,0,0,0.312069,0.029305
485,test,packing,0,0,0.056743,0.020095
485,test,price,0,0,0.012404,0.009566
485,test,shipping,0,0,0.01479,0.00962
485,test,smell,0,0,0.012841,0.00631
485,test,stayingpower,0,0,0.048277,0.014048
485,test,texture,0,0,0.089142,0.036115
486,test,colour,3,1,0.393641,0.601586
486,test,packing,0,0,0.133574,0.068451
486,test,price,0,0,0.049269,0.093981
486,test,shipping,1,0,0.318662,0.082996
486,test,smell,0,0,0.030611,0.016457
486,test,stayingpower,2,2,0.972384,0.020294
486,test,texture,0,2,0.798834,0.023726
487,test,colour,0,0,0.016782,0.057567
487,test,packing,0,0,0.025722,0.134906
487,test,price,0,0,0.009715,0.014423
487,test,shipping,0,0,0.066034,0.169977
487,test,smell,0,0,0.007358,0.023413
487,test,stayingpower,0,0,0.004973,0.00679
487,test,texture,0,0,0.005021,0.015101
488,test,colour,0,0,0.078126,0.031094
488,test,packing,0,0,0.046839,0.072142
488,test,price,0,0,0.017277,0.030091
488,test,shipping,1,1,0.008061,0.984478
488,test,smell,0,0,0.011927,0.018604
488,test,stayingpower,0,0,0.009532,0.01227
488,test,texture,0,0,0.019737,0.02614
489,test,colour,1,1,0.015817,0.974924
489,test,packing,0,0,0.012427,0.018725
489,test,price,0,0,0.029641,0.214435
489,test,shipping,0,0,0.090936,0.047571
489,test,smell,0,0,0.005811,0.024131
489,test,stayingpower,1,1,0.07325,0.914061
489,test,texture,3,1,0.175922,0.72401
490,test,colour,0,0,0.012212,0.069006
490,test,packing,0,0,0.03461,0.151623
490,test,price,0,0,0.01693,0.046899
490,test,shipping,1,1,0.045471,0.902447
490,test,smell,0,0,0.006165,0.014585
490,test,stayingpower,0,0,0.004364,0.015685
490,test,texture,0,0,0.004513,0.018868
491,test,colour,1,1,0.004766,0.987574
491,test,packing,0,0,0.041275,0.142285
491,test,price,0,0,0.049422,0.350075
491,test,shipping,3,2,0.972917,0.022555
491,test,smell,1,1,0.031874,0.9413
491,test,stayingpower,0,0,0.034558,0.087921
491,test,texture,0,0,0.027512,0.208953
492,test,colour,0,0,0.019702,0.014617
492,test,packing,0,0,0.021673,0.016703
492,test,price,0,0,0.011655,0.020621
492,test,shipping,0,0,0.024083,0.013281
492,test,smell,0,0,0.016676,0.021009
492,test,stayingpower,0,0,0.015077,0.013033
492,test,texture,0,0,0.028663,0.030395
493,test,colour,1,1,0.03137,0.966387
493,test,packing,0,0,0.025224,0.03389
493,test,price,0,0,0.016235,0.013023
493,test,shipping,0,0,0.061845,0.037181
493,test,smell,0,0,0.029706,0.01229
493,test,stayingpower,0,0,0.133194,0.021627
493,test,texture,0,0,0.150761,0.034936
494,test,colour,1,1,0.422301,0.573079
494,test,packing,0,0,0.038796,0.034197
494,test,price,0,0,0.023075,0.031895
494,test,shipping,0,0,0.040918,0.047995
494,test,smell,0,0,0.062359,0.04022
494,test,stayingpower,0,0,0.236748,0.106348
494,test,texture,1,2,0.637905,0.356415
495,test,colour,0,0,0.127267,0.030972
495,test,packing,0,0,0.026038,0.023126
495,test,price,0,0,0.014934,0.024248
495,test,shipping,0,0,0.030168,0.009386
495,test,smell,0,0,0.010196,0.007226
495,test,stayingpower,0,0,0.008428,0.008838
495,test,texture,0,0,0.023773,0.009754
496,test,colour,0,0,0.015581,0.028143
496,test,packing,0,0,0.022665,0.042585
496,test,price,1,1,0.026434,0.88821
496,test,shipping,0,0,0.020406,0.017317
496,test,smell,1,1,0.01281,0.976292
496,test,stayingpower,0,0,0.009743,0.021406
496,test,texture,0,0,0.014655,0.196572
497,test,colour,1,1,0.005603,0.991323
497,test,packing,0,0,0.07404,0.345803
497,test,price,1,1,0.038241,0.792259
497,test,shipping,0,0,0.025335,0.053847
497,test,smell,0,0,0.01365,0.020098
497,test,stayingpower,0,0,0.022092,0.012974
497,test,texture,0,0,0.019133,0.031655
498,test,colour,1,1,0.026808,0.969451
498,test,packing,0,0,0.041744,0.059231
498,test,price,1,1,0.021589,0.937127
498,test,shipping,0,0,0.064779,0.025691
498,test,smell,1,1,0.317172,0.615414
498,test,stayingpower,0,2,0.604204,0.173238
498,test,texture,1,1,0.067552,0.929607
499,test,colour,0,0,0.096872,0.158707
499,test,packing,0,0,0.035618,0.052826
499,test,price,1,1,0.01385,0.979161
499,test,shipping,0,0,0.034164,0.092299
499,test,smell,0,0,0.05719,0.234342
499,test,stayingpower,2,2,0.958739,0.030955
499,test,texture,1,1,0.033447,0.948378
500,test,colour,0,0,0.035032,0.091348
500,test,packing,0,0,0.035984,0.056921
500,test,price,0,0,0.010294,0.017905
500,test,shipping,0,0,0.050932,0.048789
500,test,smell,0,0,0.004307,0.023862
500,test,stayingpower,3,1,0.04586,0.937963
500,test,texture,3,1,0.070467,0.7848
501,test,colour,1,1,0.011063,0.975314
501,test,packing,0,0,0.026552,0.071715
501,test,price,0,0,0.018823,0.042369
501,test,shipping,1,1,0.016286,0.945406
501,test,smell,0,0,0.010076,0.10157
501,test,stayingpower,3,2,0.51173,0.479661
501,test,texture,1,1,0.04561,0.837056
502,test,colour,0,2,0.529,0.033117
502,test,packing,0,0,0.048768,0.009854
502,test,price,0,0,0.031717,0.049657
502,test,shipping,0,0,0.04922,0.004804
502,test,smell,0,0,0.028579,0.006354
502,test,stayingpower,0,0,0.028776,0.019964
502,test,texture,0,0,0.432088,0.01123
503,test,colour,1,1,0.27589,0.696922
503,test,packing,0,0,0.163488,0.1895
503,test,price,0,0,0.06326,0.104623
503,test,shipping,2,1,0.351393,0.634166
503,test,smell,0,0,0.089583,0.09493
503,test,stayingpower,2,2,0.993706,0.004593
503,test,texture,0,0,0.292211,0.265039
504,test,colour,1,1,0.021401,0.962158
504,test,packing,0,0,0.036523,0.078797
504,test,price,1,1,0.012064,0.971855
504,test,shipping,0,0,0.064543,0.039079
504,test,smell,0,0,0.028811,0.065879
504,test,stayingpower,0,0,0.038118,0.067524
504,test,texture,1,1,0.020793,0.973753
505,test,colour,0,0,0.017653,0.053644
505,test,packing,1,1,0.020973,0.970591
505,test,price,1,1,0.016889,0.955305
505,test,shipping,1,1,0.011377,0.974322
505,test,smell,0,0,0.011948,0.066406
505,test,stayingpower,0,0,0.021705,0.05444
505,test,texture,0,0,0.012481,0.131784
506,test,colour,1,1,0.005277,0.990025
506,test,packing,0,0,0.034757,0.152513
506,test,price,1,1,0.010266,0.971606
506,test,shipping,2,2,0.989036,0.006508
506,test,smell,0,0,0.068575,0.203288
506,test,stayingpower,0,0,0.133226,0.303094
506,test,texture,0,1,0.083877,0.695079
507,test,colour,0,0,0.028494,0.073656
507,test,packing,0,0,0.01093,0.02023
507,test,price,0,0,0.009724,0.016731
507,test,shipping,0,0,0.033104,0.105031
507,test,smell,0,0,0.008391,0.020471
507,test,stayingpower,0,0,0.009032,0.010776
507,test,texture,0,0,0.007153,0.015595
508,test,colour,1,1,0.014485,0.982917
508,test,packing,0,0,0.039707,0.033042
508,test,price,0,0,0.049274,0.322538
508,test,shipping,0,0,0.061462,0.071125
508,test,smell,1,1,0.171882,0.788746
508,test,stayingpower,0,0,0.207706,0.342344
508,test,texture,2,2,0.909827,0.075679
509,test,colour,1,1,0.006409,0.987346
509,test,packing,0,0,0.016737,0.037144
509,test,price,0,0,0.016935,0.031436
509,test,shipping,1,1,0.142599,0.768276
509,test,smell,0,0,0.005654,0.029495
509,test,stayingpower,1,1,0.126406,0.835542
509,test,texture,0,0,0.066833,0.261622
510,test,colour,0,0,0.042651,0.039332
510,test,packing,0,0,0.01571,0.018991
510,test,price,0,0,0.009921,0.008897
510,test,shipping,0,0,0.025201,0.022527
510,test,smell,0,0,0.01337,0.021625
510,test,stayingpower,0,0,0.008208,0.007571
510,test,texture,0,0,0.011729,0.016804
511,test,colour,0,0,0.055741,0.162152
511,test,packing,0,0,0.037009,0.092413
511,test,price,0,0,0.012919,0.031762
511,test,shipping,2,2,0.994703,0.002045
511,test,smell,0,0,0.019991,0.044793
511,test,stayingpower,0,0,0.046804,0.17101
511,test,texture,3,1,0.061437,0.868329
512,test,colour,0,2,0.454063,0.205899
512,test,packing,0,0,0.040428,0.038439
512,test,price,0,0,0.05442,0.229801
512,test,shipping,0,0,0.029668,0.073338
512,test,smell,0,0,0.019004,0.073433
512,test,stayingpower,2,2,0.989354,0.008921
512,test,texture,1,1,0.188032,0.782785
513,test,colour,1,1,0.31639,0.678326
513,test,packing,0,0,0.014799,0.01925
513,test,price,0,0,0.015835,0.01906
513,test,shipping,0,0,0.014956,0.022242
513,test,smell,0,0,0.008237,0.009395
513,test,stayingpower,0,0,0.305244,0.114156
513,test,texture,1,1,0.240865,0.717535
514,test,colour,2,2,0.937322,0.032451
514,test,packing,0,0,0.08094,0.052951
514,test,price,0,0,0.060951,0.085409
514,test,shipping,0,0,0.037209,0.028934
514,test,smell,0,0,0.042239,0.032203
514,test,stayingpower,2,2,0.98085,0.014552
514,test,texture,3,2,0.723749,0.120436
515,test,colour,0,0,0.019715,0.06376
515,test,packing,0,0,0.034339,0.110525
515,test,price,0,0,0.014002,0.025525
515,test,shipping,3,2,0.538593,0.436823
515,test,smell,0,0,0.006708,0.009344
515,test,stayingpower,0,0,0.005412,0.010273
515,test,texture,0,0,0.004916,0.007145
516,test,colour,0,0,0.023858,0.127963
516,test,packing,0,0,0.041914,0.237983
516,test,price,0,0,0.012743,0.06441
516,test,shipping,2,2,0.979389,0.006217
516,test,smell,0,0,0.014907,0.066725
516,test,stayingpower,0,0,0.04586,0.216716
516,test,texture,1,1,0.008206,0.965629
517,test,colour,1,1,0.010363,0.981687
517,test,packing,0,0,0.019183,0.057836
517,test,price,0,0,0.020926,0.057664
517,test,shipping,1,1,0.009421,0.986636
517,test,smell,0,0,0.01575,0.043167
517,test,stayingpower,0,0,0.012703,0.037483
517,test,texture,0,0,0.019309,0.10077
518,test,colour,0,0,0.367413,0.078395
518,test,packing,0,0,0.048788,0.044217
518,test,price,0,0,0.024424,0.047917
518,test,shipping,0,0,0.028768,0.023532
518,test,smell,0,0,0.009537,0.032792
518,test,stayingpower,3,2,0.479804,0.465658
518,test,texture,1,1,0.040379,0.957052
519,test,colour,1,1,0.007716,0.984775
519,test,packing,0,0,0.018388,0.071894
519,test,price,0,1,0.013999,0.961124
519,test,shipping,0,0,0.010077,0.024962
519,test,smell,0,0,0.014491,0.094161
519,test,stayingpower,0,0,0.074948,0.18828
519,test,texture,1,1,0.010771,0.969238
520,test,colour,0,0,0.0097,0.012864
520,test,packing,0,0,0.019408,0.046221
520,test,price,0,0,0.008111,0.018657
520,test,shipping,0,0,0.062917,0.0657
520,test,smell,0,0,0.004073,0.011041
520,test,stayingpower,0,0,0.017229,0.065041
520,test,texture,0,0,0.012629,0.102207
521,test,colour,1,1,0.006309,0.989342
521,test,packing,0,0,0.051561,0.212632
521,test,price,1,1,0.014539,0.97444
521,test,shipping,0,0,0.161925,0.179263
521,test,smell,1,1,0.015459,0.959066
521,test,stayingpower,0,0,0.070996,0.243968
521,test,texture,1,1,0.014183,0.959527
522,test,colour,0,0,0.022312,0.034254
522,test,packing,0,0,0.031401,0.085866
522,test,price,1,1,0.006561,0.986621
522,test,shipping,0,0,0.009709,0.017866
522,test,smell,0,0,0.007677,0.030241
522,test,stayingpower,0,0,0.016292,0.047535
522,test,texture,0,0,0.021295,0.116618
523,test,colour,0,0,0.043446,0.02197
523,test,packing,0,0,0.019902,0.018498
523,test,price,0,0,0.008722,0.006752
523,test,shipping,0,0,0.028161,0.016318
523,test,smell,0,0,0.016547,0.02359
523,test,stayingpower,0,0,0.012933,0.011502
523,test,texture,0,0,0.019058,0.0167
524,test,colour,1,1,0.012116,0.98199
524,test,packing,1,1,0.04887,0.896053
524,test,price,1,1,0.011958,0.976419
524,test,shipping,0,0,0.04167,0.056397
524,test,smell,0,0,0.020519,0.086004
524,test,stayingpower,0,0,0.053606,0.053092
524,test,texture,0,0,0.047083,0.236926
525,test,colour,1,1,0.016831,0.966281
525,test,packing,0,0,0.051697,0.125897
525,test,price,1,1,0.007695,0.985629
525,test,shipping,2,2,0.990782,0.004587
525,test,smell,0,0,0.046904,0.086784
525,test,stayingpower,0,0,0.124309,0.267006
525,test,texture,0,0,0.119632,0.162096
526,test,colour,0,1,0.020766,0.969285
526,test,packing,0,0,0.01789,0.049364
526,test,price,0,0,0.022335,0.096303
526,test,shipping,0,0,0.055511,0.058451
526,test,smell,0,0,0.009854,0.115988
526,test,stayingpower,0,1,0.115891,0.872293
526,test,texture,0,1,0.013394,0.977485
527,test,colour,1,1,0.00706,0.987499
527,test,packing,0,0,0.026335,0.043439
527,test,price,1,1,0.007548,0.987085
527,test,shipping,0,0,0.049563,0.051077
527,test,smell,0,0,0.027447,0.111898
527,test,stayingpower,1,2,0.527364,0.415841
527,test,texture,1,1,0.055638,0.825675
528,test,colour,1,1,0.209986,0.724725
528,test,packing,0,0,0.018152,0.041747
528,test,price,0,0,0.013914,0.041293
528,test,shipping,0,0,0.008016,0.010293
528,test,smell,0,0,0.027093,0.104481
528,test,stayingpower,0,0,0.04277,0.048701
528,test,texture,1,1,0.002862,0.988793
529,test,colour,0,0,0.015066,0.127346
529,test,packing,0,0,0.015399,0.070455
529,test,price,0,0,0.011607,0.022247
529,test,shipping,0,0,0.034333,0.219214
529,test,smell,0,0,0.004198,0.021771
529,test,stayingpower,0,0,0.008334,0.01836
529,test,texture,0,0,0.003841,0.034159
530,test,colour,1,1,0.00681,0.988206
530,test,packing,0,0,0.017948,0.045827
530,test,price,1,1,0.014547,0.956901
530,test,shipping,0,0,0.026005,0.030989
530,test,smell,0,0,0.032257,0.136143
530,test,stayingpower,0,0,0.064765,0.115306
530,test,texture,1,1,0.009809,0.983871
531,test,colour,0,0,0.064149,0.199095
531,test,packing,0,0,0.010853,0.032143
531,test,price,0,0,0.018228,0.086247
531,test,shipping,0,0,0.008499,0.023452
531,test,smell,0,0,0.011788,0.065954
531,test,stayingpower,0,0,0.016689,0.101341
531,test,texture,1,1,0.002291,0.994345
532,test,colour,0,0,0.035323,0.122978
532,test,packing,0,0,0.032991,0.072266
532,test,price,0,0,0.020445,0.090045
532,test,shipping,2,2,0.996818,0.001664
532,test,smell,0,0,0.029028,0.087956
532,test,stayingpower,0,0,0.063114,0.323776
532,test,texture,1,1,0.07931,0.813013
533,test,colour,0,0,0.03814,0.041948
533,test,packing,0,0,0.042861,0.091069
533,test,price,0,0,0.012861,0.025625
533,test,shipping,1,1,0.005377,0.989389
533,test,smell,0,0,0.0079,0.021395
533,test,stayingpower,0,0,0.010228,0.016758
533,test,texture,0,0,0.015831,0.047264
534,test,colour,0,0,0.067478,0.044658
534,test,packing,0,0,0.102047,0.112566
534,test,price,1,1,0.010341,0.980507
534,test,shipping,2,2,0.995869,0.00215
534,test,smell,0,0,0.036626,0.051194
534,test,stayingpower,0,0,0.021508,0.026948
534,test,texture,0,0,0.07314,0.067909
535,test,colour,0,0,0.045797,0.05361
535,test,packing,0,0,0.10207,0.281105
535,test,price,0,0,0.02191,0.051322
535,test,shipping,2,2,0.996767,0.002169
535,test,smell,0,0,0.021871,0.02412
535,test,stayingpower,0,0,0.012102,0.014155
535,test,texture,0,0,0.018326,0.017313
536,test,colour,0,0,0.06283,0.13309
536,test,packing,0,0,0.020541,0.048397
536,test,price,0,0,0.034314,0.0596
536,test,shipping,1,1,0.006721,0.968564
536,test,smell,1,1,0.007723,0.97476
536,test,stayingpower,0,0,0.018395,0.060449
536,test,texture,0,0,0.015963,0.350203
537,test,colour,2,2,0.871472,0.104132
537,test,packing,0,0,0.016211,0.019453
537,test,price,0,0,0.032813,0.064595
537,test,shipping,0,0,0.004767,0.008672
537,test,smell,0,0,0.010363,0.013342
537,test,stayingpower,0,0,0.106161,0.074529
537,test,texture,1,2,0.584601,0.284583
538,test,colour,2,2,0.788723,0.030019
538,test,packing,1,1,0.436941,0.557107
538,test,price,0,0,0.035848,0.052645
538,test,shipping,0,0,0.287149,0.136107
538,test,smell,0,0,0.125216,0.020748
538,test,stayingpower,0,0,0.242946,0.031029
538,test,texture,0,2,0.814352,0.024211
539,test,colour,1,1,0.009583,0.981566
539,test,packing,1,1,0.015,0.973464
539,test,price,0,0,0.022441,0.059982
539,test,shipping,1,1,0.02134,0.967843
539,test,smell,0,0,0.020222,0.095057
539,test,stayingpower,0,0,0.039519,0.057225
539,test,texture,0,1,0.013363,0.848702
540,test,colour,0,1,0.257655,0.421102
540,test,packing,0,0,0.090092,0.094334
540,test,price,0,0,0.08235,0.254935
540,test,shipping,0,0,0.040914,0.053638
540,test,smell,1,1,0.093059,0.854487
540,test,stayingpower,2,2,0.979059,0.020256
540,test,texture,1,1,0.066032,0.914472
541,test,colour,0,1,0.06331,0.696519
541,test,packing,1,1,0.01122,0.985876
541,test,price,0,0,0.035177,0.068803
541,test,shipping,1,1,0.004626,0.99058
541,test,smell,0,0,0.014257,0.080256
541,test,stayingpower,0,0,0.022087,0.036798
541,test,texture,0,0,0.009188,0.068577
542,test,colour,2,2,0.715838,0.264751
542,test,packing,0,0,0.048646,0.038355
542,test,price,0,0,0.03933,0.040406
542,test,shipping,0,0,0.066406,0.08066
542,test,smell,0,0,0.022002,0.021223
542,test,stayingpower,2,2,0.984955,0.009555
542,test,texture,0,0,0.346975,0.083588
543,test,colour,1,1,0.011588,0.980442
543,test,packing,0,0,0.014748,0.052435
543,test,price,0,0,0.019415,0.062731
543,test,shipping,0,0,0.024997,0.082143
543,test,smell,0,0,0.01878,0.176641
543,test,stayingpower,0,0,0.070918,0.318309
543,test,texture,1,1,0.003762,0.994174
544,test,colour,0,0,0.019881,0.021886
544,test,packing,0,0,0.049463,0.093974
544,test,price,0,0,0.0085,0.010114
544,test,shipping,1,1,0.168248,0.796659
544,test,smell,0,0,0.007575,0.012136
544,test,stayingpower,0,0,0.00792,0.012705
544,test,texture,0,0,0.008728,0.012297
545,test,colour,0,0,0.039209,0.013521
545,test,packing,0,1,0.144801,0.838805
545,test,price,0,0,0.026676,0.082411
545,test,shipping,0,0,0.189249,0.047856
545,test,smell,0,0,0.006228,0.007666
545,test,stayingpower,0,0,0.014429,0.011055
545,test,texture,0,0,0.016881,0.012561
546,test,colour,1,1,0.015646,0.976625
546,test,packing,0,0,0.018256,0.033982
546,test,price,0,0,0.032468,0.042289
546,test,shipping,0,0,0.026118,0.028846
546,test,smell,1,1,0.036772,0.934116
546,test,stayingpower,0,0,0.014499,0.020437
546,test,texture,0,0,0.016739,0.034211
547,test,colour,1,1,0.013062,0.97324
547,test,packing,1,1,0.012492,0.979764
547,test,price,0,0,0.027965,0.069899
547,test,shipping,0,0,0.056629,0.212448
547,test,smell,0,0,0.01565,0.106178
547,test,stayingpower,0,0,0.038664,0.105839
547,test,texture,1,1,0.005705,0.958571
548,test,colour,1,1,0.006869,0.987844
548,test,packing,0,0,0.014698,0.032096
548,test,price,0,0,0.015751,0.022897
548,test,shipping,0,0,0.037938,0.039782
548,test,smell,0,0,0.020975,0.034137
548,test,stayingpower,0,0,0.02299,0.028518
548,test,texture,0,0,0.012604,0.019549
549,test,colour,0,0,0.034927,0.064241
549,test,packing,0,0,0.021959,0.06144
549,test,price,0,0,0.009091,0.015834
549,test,shipping,0,0,0.183788,0.065986
549,test,smell,0,0,0.004723,0.008306
549,test,stayingpower,0,0,0.005892,0.015076
549,test,texture,0,0,0.007369,0.012672
550,test,colour,0,1,0.007158,0.98456
550,test,packing,0,0,0.016005,0.030077
550,test,price,0,0,0.029017,0.104394
550,test,shipping,0,0,0.060619,0.056076
550,test,smell,0,0,0.007353,0.041843
550,test,stayingpower,1,1,0.08526,0.904074
550,test,texture,3,1,0.085479,0.855573
551,test,colour,3,1,0.218196,0.775069
551,test,packing,0,0,0.02905,0.022764
551,test,price,0,0,0.032331,0.099163
551,test,shipping,0,0,0.060337,0.136367
551,test,smell,1,2,0.678942,0.241609
551,test,stayingpower,0,0,0.33122,0.103204
551,test,texture,1,1,0.372572,0.623939
552,test,colour,1,1,0.060664,0.936723
552,test,packing,0,0,0.035154,0.03859
552,test,price,0,0,0.032273,0.065802
552,test,shipping,0,0,0.015527,0.015825
552,test,smell,1,1,0.062432,0.896566
552,test,stayingpower,0,0,0.216046,0.11488
552,test,texture,1,1,0.045047,0.948068
553,test,colour,0,0,0.016338,0.026918
553,test,packing,1,1,0.018379,0.978014
553,test,price,0,0,0.037714,0.07906
553,test,shipping,0,0,0.041675,0.125342
553,test,smell,0,0,0.014333,0.045971
553,test,stayingpower,0,0,0.011763,0.017598
553,test,texture,0,0,0.006767,0.026703
554,test,colour,1,1,0.011928,0.985679
554,test,packing,0,0,0.07956,0.079282
554,test,price,0,0,0.088466,0.211941
554,test,shipping,1,2,0.679309,0.293657
554,test,smell,0,0,0.070622,0.084045
554,test,stayingpower,3,1,0.433526,0.453668
554,test,texture,3,2,0.958305,0.028622
555,test,colour,0,0,0.055018,0.028716
555,test,packing,0,0,0.05053,0.057801
555,test,price,0,0,0.018576,0.03108
555,test,shipping,1,1,0.026417,0.968224
555,test,smell,0,0,0.012868,0.01994
555,test,stayingpower,0,0,0.00927,0.00879
555,test,texture,0,0,0.010382,0.010035
556,test,colour,0,0,0.054776,0.024
556,test,packing,0,0,0.141604,0.134707
556,test,price,0,0,0.014302,0.019119
556,test,shipping,0,2,0.721306,0.061907
556,test,smell,0,0,0.012694,0.007489
556,test,stayingpower,0,0,0.005652,0.003066
556,test,texture,0,0,0.014035,0.004424
557,test,colour,0,0,0.032734,0.055358
557,test,packing,1,1,0.025313,0.966812
557,test,price,0,0,0.028041,0.055906
557,test,shipping,1,1,0.008447,0.985461
557,test,smell,0,0,0.010285,0.032748
557,test,stayingpower,0,0,0.011394,0.015807
557,test,texture,0,0,0.007868,0.023625
558,test,colour,0,0,0.062822,0.065652
558,test,packing,0,0,0.109989,0.314365
558,test,price,1,1,0.010274,0.981995
558,test,shipping,1,1,0.022492,0.97202
558,test,smell,0,0,0.014838,0.033768
558,test,stayingpower,0,0,0.019367,0.023359
558,test,texture,0,0,0.024542,0.034685
559,test,colour,1,1,0.0404,0.954425
559,test,packing,0,0,0.058057,0.044699
559,test,price,0,0,0.050614,0.076642
559,test,shipping,0,0,0.025143,0.035275
559,test,smell,1,1,0.182701,0.730074
559,test,stayingpower,2,2,0.963558,0.030165
559,test,texture,0,0,0.194903,0.213571
560,test,colour,1,1,0.010475,0.984584
560,test,packing,0,0,0.030881,0.069241
560,test,price,0,0,0.030849,0.035808
560,test,shipping,1,1,0.028877,0.933412
560,test,smell,1,1,0.024642,0.961944
560,test,stayingpower,0,0,0.021605,0.052218
560,test,texture,0,0,0.020853,0.065054
561,test,colour,0,0,0.034221,0.0162
561,test,packing,0,0,0.019462,0.023351
561,test,price,0,0,0.010743,0.012433
561,test,shipping,0,0,0.02278,0.022824
561,test,smell,0,0,0.012146,0.017857
561,test,stayingpower,0,0,0.009153,0.00964
561,test,texture,0,0,0.013705,0.018939
562,test,colour,1,1,0.011585,0.986836
562,test,packing,0,1,0.087485,0.705447
562,test,price,0,0,0.041311,0.097584
562,test,shipping,0,0,0.378111,0.240716
562,test,smell,0,0,0.014712,0.012431
562,test,stayingpower,0,0,0.019416,0.029988
562,test,texture,0,0,0.255074,0.037049
563,test,colour,0,0,0.054976,0.024017
563,test,packing,0,0,0.019521,0.014083
563,test,price,0,0,0.010403,0.0085
563,test,shipping,0,0,0.028515,0.012848
563,test,smell,0,0,0.017859,0.017716
563,test,stayingpower,0,0,0.012778,0.010438
563,test,texture,0,0,0.019698,0.012762
564,test,colour,0,0,0.037995,0.076158
564,test,packing,0,0,0.045015,0.109809
564,test,price,0,0,0.023947,0.074287
564,test,shipping,2,2,0.996241,0.00182
564,test,smell,0,0,0.016394,0.019615
564,test,stayingpower,0,0,0.014642,0.018063
564,test,texture,0,0,0.017791,0.02336
565,test,colour,0,0,0.103245,0.109661
565,test,packing,0,0,0.068275,0.154494
565,test,price,0,0,0.023605,0.039812
565,test,shipping,1,1,0.010049,0.986041
565,test,smell,0,0,0.013221,0.021315
565,test,stayingpower,0,0,0.038113,0.097125
565,test,texture,0,2,0.622273,0.297211
566,test,colour,1,1,0.008691,0.98375
566,test,packing,0,0,0.01096,0.040025
566,test,price,0,0,0.017694,0.114863
566,test,shipping,0,0,0.016908,0.060251
566,test,smell,0,0,0.01274,0.079834
566,test,stayingpower,0,0,0.038322,0.152248
566,test,texture,1,1,0.002492,0.991516
567,test,colour,0,0,0.065723,0.024514
567,test,packing,0,0,0.023182,0.017585
567,test,price,0,0,0.010177,0.007953
567,test,shipping,0,0,0.030614,0.013026
567,test,smell,0,0,0.018528,0.014948
567,test,stayingpower,0,0,0.013632,0.010824
567,test,texture,0,0,0.023462,0.012705
568,test,colour,1,1,0.012857,0.974365
568,test,packing,1,1,0.021,0.969983
568,test,price,0,0,0.029094,0.039489
568,test,shipping,1,1,0.011671,0.985513
568,test,smell,0,0,0.013825,0.048458
568,test,stayingpower,0,0,0.07018,0.109505
568,test,texture,0,0,0.019136,0.081343
569,test,colour,0,0,0.019933,0.020246
569,test,packing,0,0,0.030842,0.065403
569,test,price,0,0,0.007617,0.007912
569,test,shipping,0,0,0.032575,0.014395
569,test,smell,0,0,0.005841,0.014593
569,test,stayingpower,0,0,0.023371,0.045078
569,test,texture,0,0,0.014681,0.040127
570,test,colour,0,0,0.015772,0.060084
570,test,packing,0,0,0.023268,0.097276
570,test,price,1,1,0.012042,0.971092
570,test,shipping,0,0,0.007088,0.018825
570,test,smell,0,0,0.007453,0.046937
570,test,stayingpower,0,0,0.022342,0.091661
570,test,texture,1,1,0.006851,0.959563
571,test,colour,0,0,0.032261,0.033493
571,test,packing,0,0,0.016783,0.022636
571,test,price,0,0,0.011052,0.015012
571,test,shipping,0,0,0.017518,0.019218
571,test,smell,0,0,0.010439,0.018974
571,test,stayingpower,0,0,0.010551,0.008428
571,test,texture,0,0,0.011149,0.018574
572,test,colour,0,0,0.035391,0.053989
572,test,packing,0,0,0.015022,0.023733
572,test,price,0,0,0.01205,0.01948
572,test,shipping,0,0,0.013125,0.016987
572,test,smell,0,0,0.009148,0.015923
572,test,stayingpower,0,0,0.009268,0.010442
572,test,texture,0,0,0.010479,0.020934
573,test,colour,0,0,0.018669,0.035441
573,test,packing,1,1,0.022891,0.953036
573,test,price,0,0,0.025642,0.068697
573,test,shipping,0,0,0.020668,0.032635
573,test,smell,0,0,0.010744,0.038724
573,test,stayingpower,0,0,0.007873,0.011491
573,test,texture,0,0,0.00693,0.03401
574,test,colour,0,0,0.052046,0.21744
574,test,packing,0,0,0.010029,0.022789
574,test,price,0,0,0.014017,0.027752
574,test,shipping,0,0,0.00998,0.014214
574,test,smell,0,0,0.007362,0.024185
574,test,stayingpower,0,0,0.006231,0.01345
574,test,texture,0,0,0.007258,0.031656
575,test,colour,0,0,0.315993,0.13855
575,test,packing,1,2,0.55954,0.365726
575,test,price,0,0,0.075661,0.214049
575,test,shipping,0,2,0.529346,0.036894
575,test,smell,2,2,0.987265,0.011071
575,test,stayingpower,0,0,0.14297,0.072298
575,test,texture,0,2,0.453165,0.094799
576,test,colour,1,1,0.004654,0.992134
576,test,packing,0,0,0.021745,0.046362
576,test,price,1,1,0.011933,0.975368
576,test,shipping,0,0,0.030764,0.082858
576,test,smell,0,0,0.01488,0.038758
576,test,stayingpower,0,0,0.02701,0.034393
576,test,texture,0,0,0.037928,0.147439
577,test,colour,1,1,0.014757,0.983163
577,test,packing,1,1,0.060694,0.931163
577,test,price,0,0,0.04839,0.121789
577,test,shipping,0,0,0.182351,0.201352
577,test,smell,0,0,0.086466,0.05195
577,test,stayingpower,0,0,0.227798,0.040803
577,test,texture,0,0,0.423511,0.097384
578,test,colour,1,1,0.004675,0.9931
578,test,packing,0,0,0.029366,0.058598
578,test,price,1,1,0.007569,0.986238
578,test,shipping,0,0,0.022733,0.034902
578,test,smell,0,0,0.021575,0.053562
578,test,stayingpower,0,0,0.120485,0.161437
578,test,texture,1,1,0.179465,0.542122
579,test,colour,1,1,0.009919,0.986749
579,test,packing,0,0,0.058755,0.144286
579,test,price,0,0,0.023862,0.041884
579,test,shipping,2,2,0.989501,0.009381
579,test,smell,0,0,0.052122,0.051033
579,test,stayingpower,0,0,0.034076,0.048214
579,test,texture,0,0,0.129184,0.071406
580,test,colour,1,1,0.003299,0.994745
580,test,packing,1,1,0.013235,0.97491
580,test,price,0,0,0.030436,0.047836
580,test,shipping,1,1,0.119905,0.822565
580,test,smell,0,0,0.021304,0.151589
580,test,stayingpower,0,0,0.040254,0.104735
580,test,texture,0,0,0.018384,0.172413
581,test,colour,1,1,0.003053,0.99045
581,test,packing,1,1,0.03202,0.820773
581,test,price,0,0,0.041502,0.342422
581,test,shipping,3,1,0.060434,0.923173
581,test,smell,0,0,0.006517,0.025052
581,test,stayingpower,0,0,0.015381,0.043099
581,test,texture,0,0,0.005733,0.042609
582,test,colour,0,0,0.067837,0.048377
582,test,packing,1,1,0.278286,0.699784
582,test,price,1,1,0.047523,0.850156
582,test,shipping,1,2,0.679221,0.273563
582,test,smell,2,2,0.878484,0.11197
582,test,stayingpower,0,0,0.082364,0.035656
582,test,texture,0,0,0.138365,0.075411
583,test,colour,0,0,0.038101,0.053699
583,test,packing,0,0,0.061997,0.244503
583,test,price,0,0,0.024434,0.05629
583,test,shipping,1,1,0.003569,0.995059
583,test,smell,0,0,0.012083,0.03585
583,test,stayingpower,0,0,0.012468,0.01782
583,test,texture,0,0,0.011424,0.031448
584,test,colour,0,0,0.133413,0.053817
584,test,packing,0,0,0.078685,0.051234
584,test,price,0,0,0.055814,0.100144
584,test,shipping,2,2,0.994845,0.003235
584,test,smell,1,1,0.181782,0.789216
584,test,stayingpower,0,0,0.065176,0.046509
584,test,texture,0,0,0.063797,0.048615
585,test,colour,0,0,0.094373,0.07831
585,test,packing,3,1,0.187909,0.800175
585,test,price,0,0,0.036155,0.094573
585,test,shipping,2,2,0.99767,0.001799
585,test,smell,0,0,0.029843,0.021507
585,test,stayingpower,0,0,0.087482,0.064745
585,test,texture,0,0,0.150014,0.059641
586,test,colour,0,0,0.045068,0.039867
586,test,packing,0,0,0.019713,0.024991
586,test,price,1,1,0.011018,0.973883
586,test,shipping,0,0,0.008538,0.004961
586,test,smell,1,1,0.024966,0.94185
586,test,stayingpower,0,0,0.01849,0.022232
586,test,texture,0,0,0.040045,0.479733
587,test,colour,0,0,0.032645,0.191803
587,test,packing,1,1,0.017306,0.971492
587,test,price,0,0,0.016989,0.034216
587,test,shipping,1,1,0.004585,0.988848
587,test,smell,0,0,0.006662,0.035785
587,test,stayingpower,0,0,0.015626,0.037829
587,test,texture,0,0,0.008787,0.080768
588,test,colour,2,2,0.974356,0.017671
588,test,packing,0,0,0.066604,0.064308
588,test,price,0,0,0.036453,0.059536
588,test,shipping,0,0,0.025911,0.026358
588,test,smell,0,0,0.186877,0.057988
588,test,stayingpower,0,0,0.216459,0.018694
588,test,texture,1,1,0.209687,0.729457
589,test,colour,1,1,0.009967,0.985322
589,test,packing,0,0,0.028624,0.061929
589,test,price,0,0,0.027255,0.081724
589,test,shipping,2,2,0.993537,0.00374
589,test,smell,0,0,0.04695,0.063919
589,test,stayingpower,0,0,0.0352,0.056855
589,test,texture,0,0,0.043286,0.046916
590,test,colour,0,0,0.026823,0.040104
590,test,packing,0,0,0.024008,0.060627
590,test,price,0,0,0.029425,0.052595
590,test,shipping,0,0,0.020234,0.041094
590,test,smell,1,1,0.015029,0.979059
590,test,stayingpower,0,0,0.015735,0.042013
590,test,texture,0,0,0.014212,0.120708
591,test,colour,0,0,0.031969,0.122179
591,test,packing,0,0,0.009427,0.021335
591,test,price,0,0,0.016386,0.040459
591,test,shipping,0,0,0.012557,0.046383
591,test,smell,0,0,0.007566,0.022187
591,test,stayingpower,0,0,0.005502,0.008899
591,test,texture,0,0,0.007019,0.036386
592,test,colour,1,1,0.008045,0.986822
592,test,packing,0,0,0.025708,0.093346
592,test,price,0,1,0.050602,0.534411
592,test,shipping,0,0,0.085222,0.116296
592,test,smell,0,0,0.013985,0.036697
592,test,stayingpower,0,0,0.011488,0.01491
592,test,texture,0,0,0.005076,0.011842
593,test,colour,0,0,0.02389,0.077228
593,test,packing,0,0,0.010676,0.019186
593,test,price,0,0,0.010236,0.027446
593,test,shipping,0,0,0.004298,0.005456
593,test,smell,0,0,0.005208,0.025315
593,test,stayingpower,1,0,0.036336,0.158689
593,test,texture,0,0,0.026882,0.303554
594,test,colour,1,1,0.030125,0.954055
594,test,packing,0,0,0.025092,0.052621
594,test,price,1,1,0.005539,0.990692
594,test,shipping,0,0,0.042336,0.043292
594,test,smell,0,0,0.01339,0.0496
594,test,stayingpower,0,0,0.02004,0.035005
594,test,texture,0,0,0.175061,0.390446
595,test,colour,1,1,0.009368,0.987584
595,test,packing,0,0,0.011156,0.024527
595,test,price,0,0,0.018113,0.028916
595,test,shipping,0,0,0.023081,0.015038
595,test,smell,0,0,0.018255,0.034441
595,test,stayingpower,0,0,0.031412,0.046691
595,test,texture,0,0,0.029214,0.073329
596,test,colour,0,0,0.119967,0.110459
596,test,packing,0,0,0.021016,0.038733
596,test,price,0,0,0.01888,0.075328
596,test,shipping,0,0,0.012926,0.027421
596,test,smell,0,0,0.031383,0.112347
596,test,stayingpower,0,0,0.028814,0.099031
596,test,texture,1,1,0.008623,0.990032
597,test,colour,3,2,0.987642,0.007641
597,test,packing,0,0,0.053559,0.018941
597,test,price,0,0,0.071078,0.082909
597,test,shipping,0,0,0.039022,0.024877
597,test,smell,0,0,0.028673,0.009198
597,test,stayingpower,0,0,0.454228,0.047509
597,test,texture,0,2,0.85301,0.022511
598,test,colour,0,0,0.029343,0.04645
598,test,packing,1,1,0.022406,0.972125
598,test,price,0,0,0.032212,0.076434
598,test,shipping,1,1,0.010802,0.982641
598,test,smell,0,0,0.011386,0.041887
598,test,stayingpower,0,0,0.010389,0.015874
598,test,texture,0,0,0.008113,0.026565
599,test,colour,0,0,0.028163,0.16737
599,test,packing,0,0,0.044299,0.163168
599,test,price,1,1,0.021885,0.931315
599,test,shipping,2,2,0.966517,0.0055
599,test,smell,0,0,0.022917,0.089453
599,test,stayingpower,1,1,0.060639,0.922686
599,test,texture,1,1,0.049243,0.917864
600,test,colour,1,1,0.048171,0.911007
600,test,packing,1,1,0.024175,0.962683
600,test,price,0,0,0.02319,0.032847
600,test,shipping,1,1,0.00542,0.991924
600,test,smell,0,0,0.018396,0.079153
600,test,stayingpower,0,0,0.016961,0.025996
600,test,texture,0,0,0.013271,0.050763
601,test,colour,0,0,0.016781,0.019512
601,test,packing,1,1,0.03357,0.960412
601,test,price,0,0,0.022819,0.033934
601,test,shipping,1,1,0.118628,0.828317
601,test,smell,0,0,0.017692,0.035149
601,test,stayingpower,0,0,0.007187,0.009382
601,test,texture,0,0,0.00632,0.014317
602,test,colour,1,1,0.004439,0.9935
602,test,packing,0,0,0.011414,0.034783
602,test,price,0,0,0.014725,0.063694
602,test,shipping,0,0,0.032586,0.089743
602,test,smell,0,0,0.027138,0.068832
602,test,stayingpower,0,0,0.021389,0.026542
602,test,texture,1,1,0.012707,0.923416
603,test,colour,0,0,0.134532,0.13837
603,test,packing,0,0,0.060938,0.047536
603,test,price,0,0,0.013297,0.020832
603,test,shipping,0,0,0.034263,0.003245
603,test,smell,0,0,0.006598,0.005342
603,test,stayingpower,0,0,0.39999,0.121132
603,test,texture,0,0,0.074415,0.039584
604,test,colour,0,0,0.10097,0.139441
604,test,packing,0,0,0.030005,0.027482
604,test,price,0,0,0.017569,0.026974
604,test,shipping,0,0,0.03324,0.018088
604,test,smell,0,0,0.007421,0.024866
604,test,stayingpower,3,1,0.14658,0.841359
604,test,texture,3,1,0.112164,0.857372
605,test,colour,0,0,0.019715,0.039252
605,test,packing,1,1,0.014265,0.982567
605,test,price,0,0,0.032292,0.057575
605,test,shipping,0,0,0.057701,0.125573
605,test,smell,0,0,0.014724,0.043445
605,test,stayingpower,0,0,0.014007,0.02198
605,test,texture,0,0,0.006405,0.021212
606,test,colour,0,0,0.067217,0.035763
606,test,packing,0,0,0.073627,0.059168
606,test,price,0,0,0.015671,0.029448
606,test,shipping,2,2,0.994908,0.002155
606,test,smell,0,0,0.022438,0.015342
606,test,stayingpower,0,0,0.014314,0.015441
606,test,texture,0,0,0.044454,0.019721
607,test,colour,0,0,0.019591,0.030515
607,test,packing,1,1,0.030247,0.962978
607,test,price,0,0,0.023142,0.044336
607,test,shipping,3,1,0.015121,0.982446
607,test,smell,0,0,0.009397,0.029822
607,test,stayingpower,0,0,0.021104,0.038136
607,test,texture,0,0,0.011882,0.048207
608,test,colour,0,0,0.028755,0.147411
608,test,packing,1,1,0.01611,0.977935
608,test,price,0,0,0.04607,0.146628
608,test,shipping,1,1,0.006857,0.985254
608,test,smell,0,0,0.012483,0.268329
608,test,stayingpower,1,1,0.105648,0.710106
608,test,texture,1,1,0.002862,0.987816
609,test,colour,3,1,0.159222,0.815429
609,test,packing,0,0,0.037187,0.027568
609,test,price,0,0,0.046021,0.069164
609,test,shipping,0,0,0.087903,0.203875
609,test,smell,0,0,0.042073,0.043924
609,test,stayingpower,2,2,0.989308,0.008908
609,test,texture,0,0,0.227296,0.122276
610,test,colour,0,0,0.012249,0.021234
610,test,packing,0,0,0.042291,0.223366
610,test,price,0,0,0.008303,0.009813
610,test,shipping,0,0,0.05981,0.05709
610,test,smell,0,0,0.004085,0.028754
610,test,stayingpower,0,0,0.013538,0.093184
610,test,texture,0,0,0.00907,0.04977
611,test,colour,1,1,0.014084,0.981415
611,test,packing,0,0,0.026784,0.028066
611,test,price,0,1,0.026034,0.930036
611,test,shipping,0,0,0.019197,0.008995
611,test,smell,0,0,0.00875,0.010862
611,test,stayingpower,0,0,0.192651,0.216551
611,test,texture,1,1,0.308337,0.642165
612,test,colour,0,0,0.02169,0.022415
612,test,packing,0,0,0.010293,0.014203
612,test,price,0,0,0.013802,0.031302
612,test,shipping,0,0,0.010264,0.023998
612,test,smell,0,0,0.009962,0.021708
612,test,stayingpower,0,0,0.007512,0.011091
612,test,texture,0,0,0.014272,0.041311
613,test,colour,1,1,0.021023,0.977557
613,test,packing,0,0,0.085122,0.086362
613,test,price,0,1,0.057936,0.640952
613,test,shipping,0,0,0.309043,0.177053
613,test,smell,1,1,0.096508,0.88312
613,test,stayingpower,2,2,0.676667,0.261893
613,test,texture,2,2,0.911674,0.062608
614,test,colour,0,0,0.051011,0.009743
614,test,packing,0,0,0.023884,0.015389
614,test,price,0,0,0.017172,0.032195
614,test,shipping,0,0,0.021508,0.034466
614,test,smell,0,0,0.016621,0.010323
614,test,stayingpower,0,0,0.025036,0.012379
614,test,texture,0,0,0.071465,0.02309
615,test,colour,0,0,0.033334,0.014542
615,test,packing,0,0,0.017902,0.013639
615,test,price,0,0,0.01356,0.013763
615,test,shipping,0,0,0.02101,0.014315
615,test,smell,0,0,0.020312,0.022814
615,test,stayingpower,0,0,0.016848,0.011461
615,test,texture,0,0,0.020871,0.018314
616,test,colour,3,1,0.228677,0.735311
616,test,packing,0,0,0.207184,0.242737
616,test,price,0,0,0.076476,0.136152
616,test,shipping,2,2,0.978166,0.017626
616,test,smell,0,0,0.129548,0.126437
616,test,stayingpower,2,2,0.9631,0.034816
616,test,texture,1,2,0.470628,0.396317
617,test,colour,0,0,0.237943,0.157403
617,test,packing,0,0,0.112015,0.041507
617,test,price,0,0,0.03554,0.087911
617,test,shipping,2,2,0.99235,0.004027
617,test,smell,0,0,0.222084,0.068463
617,test,stayingpower,0,0,0.178489,0.189879
617,test,texture,2,2,0.949425,0.045133
618,test,colour,2,2,0.757093,0.192266
618,test,packing,0,0,0.084583,0.070898
618,test,price,0,0,0.038953,0.067674
618,test,shipping,2,2,0.981294,0.004332
618,test,smell,1,1,0.378323,0.613149
618,test,stayingpower,0,0,0.131572,0.045035
618,test,texture,0,0,0.119145,0.115387
619,test,colour,1,1,0.02925,0.963701
619,test,packing,0,0,0.088514,0.087665
619,test,price,1,1,0.033235,0.936315
619,test,shipping,1,1,0.056081,0.885029
619,test,smell,0,0,0.161257,0.244196
619,test,stayingpower,2,2,0.986994,0.009625
619,test,texture,1,1,0.181151,0.592378
620,test,colour,0,0,0.047285,0.15376
620,test,packing,0,0,0.026543,0.061089
620,test,price,0,0,0.02087,0.060838
620,test,shipping,1,1,0.003486,0.995048
620,test,smell,0,0,0.008886,0.024253
620,test,stayingpower,0,0,0.017872,0.035039
620,test,texture,0,0,0.013794,0.046632
621,test,colour,0,0,0.050136,0.06428
621,test,packing,0,0,0.015655,0.023807
621,test,price,0,0,0.015414,0.023239
621,test,shipping,0,0,0.01793,0.015297
621,test,smell,0,0,0.009745,0.016253
621,test,stayingpower,0,0,0.008076,0.008338
621,test,texture,0,0,0.008307,0.011933
622,test,colour,0,0,0.046753,0.021136
622,test,packing,0,0,0.021828,0.015375
622,test,price,0,0,0.010294,0.008564
622,test,shipping,0,0,0.028686,0.013017
622,test,smell,0,0,0.016482,0.014936
622,test,stayingpower,0,0,0.01119,0.009766
622,test,texture,0,0,0.025636,0.018122
623,test,colour,2,2,0.59825,0.393199
623,test,packing,0,0,0.050626,0.031327
623,test,price,0,0,0.051426,0.061657
623,test,shipping,0,0,0.020858,0.020497
623,test,smell,0,0,0.065008,0.025066
623,test,stayingpower,0,2,0.454833,0.167493
623,test,texture,2,2,0.945694,0.051684
624,test,colour,0,0,0.021724,0.111137
624,test,packing,0,0,0.014441,0.042049
624,test,price,0,0,0.014451,0.038862
624,test,shipping,1,1,0.035613,0.811856
624,test,smell,0,0,0.006797,0.019579
624,test,stayingpower,0,0,0.00345,0.008545
624,test,texture,0,0,0.004881,0.018278
625,test,colour,0,0,0.037114,0.018222
625,test,packing,0,0,0.020141,0.019297
625,test,price,0,0,0.009943,0.009716
625,test,shipping,0,0,0.013783,0.015991
625,test,smell,0,0,0.009621,0.018545
625,test,stayingpower,0,0,0.010434,0.009661
625,test,texture,0,0,0.030087,0.046334
626,test,colour,0,0,0.177703,0.084869
626,test,packing,0,0,0.125692,0.051455
626,test,price,0,0,0.055817,0.165131
626,test,shipping,0,0,0.080794,0.035628
626,test,smell,0,0,0.043355,0.023627
626,test,stayingpower,1,1,0.342901,0.618751
626,test,texture,2,2,0.981659,0.0136
627,test,colour,0,0,0.03683,0.067409
627,test,packing,1,1,0.021114,0.974373
627,test,price,0,0,0.025513,0.037247
627,test,shipping,1,1,0.012056,0.982748
627,test,smell,0,0,0.012243,0.033052
627,test,stayingpower,0,0,0.012087,0.018834
627,test,texture,0,0,0.008992,0.029275
628,test,colour,0,0,0.060043,0.021865
628,test,packing,0,0,0.023758,0.018245
628,test,price,0,0,0.011396,0.008123
628,test,shipping,0,0,0.029023,0.012592
628,test,smell,0,0,0.019262,0.01875
628,test,stayingpower,0,0,0.014059,0.008856
628,test,texture,0,0,0.019877,0.012405
629,test,colour,1,1,0.005724,0.990999
629,test,packing,0,0,0.026424,0.05212
629,test,price,1,1,0.013202,0.975339
629,test,shipping,0,0,0.047561,0.083126
629,test,smell,0,0,0.029613,0.089532
629,test,stayingpower,0,0,0.026792,0.025797
629,test,texture,0,0,0.030464,0.09697
630,test,colour,2,2,0.879924,0.066168
630,test,packing,0,0,0.015467,0.010166
630,test,price,0,0,0.04428,0.360831
630,test,shipping,0,0,0.012374,0.013546
630,test,smell,0,0,0.026538,0.014988
630,test,stayingpower,0,0,0.058616,0.021891
630,test,texture,1,1,0.073711,0.900945
631,test,colour,0,0,0.047567,0.445921
631,test,packing,0,0,0.032838,0.1536
631,test,price,0,0,0.029011,0.188588
631,test,shipping,2,2,0.979379,0.013013
631,test,smell,0,0,0.027416,0.116741
631,test,stayingpower,0,0,0.068393,0.246835
631,test,texture,1,1,0.004055,0.991644
632,test,colour,0,0,0.029218,0.288103
632,test,packing,0,0,0.041974,0.116127
632,test,price,0,0,0.049678,0.248461
632,test,shipping,2,2,0.9899,0.007882
632,test,smell,0,0,0.019389,0.079654
632,test,stayingpower,1,1,0.118015,0.82708
632,test,texture,1,1,0.017024,0.953053
633,test,colour,2,2,0.873552,0.112015
633,test,packing,0,0,0.028035,0.043918
633,test,price,0,0,0.038423,0.14971
633,test,shipping,0,0,0.015963,0.007809
633,test,smell,0,0,0.033969,0.137213
633,test,stayingpower,0,0,0.156173,0.132758
633,test,texture,1,1,0.032638,0.961085
634,test,colour,1,1,0.010419,0.982468
634,test,packing,0,0,0.020069,0.038598
634,test,price,0,0,0.029648,0.042914
634,test,shipping,0,0,0.015471,0.039533
634,test,smell,1,1,0.020027,0.970643
634,test,stayingpower,0,0,0.022598,0.042555
634,test,texture,1,0,0.022041,0.106413
635,test,colour,1,1,0.009823,0.98742
635,test,packing,0,0,0.083275,0.315008
635,test,price,0,0,0.020425,0.047163
635,test,shipping,0,1,0.101351,0.566592
635,test,smell,0,0,0.007501,0.047586
635,test,stayingpower,2,2,0.950536,0.039861
635,test,texture,1,1,0.075381,0.870495
636,test,colour,0,0,0.025033,0.051716
636,test,packing,0,0,0.012358,0.030081
636,test,price,0,0,0.029305,0.195699
636,test,shipping,0,0,0.02294,0.050112
636,test,smell,0,0,0.003616,0.00914
636,test,stayingpower,0,0,0.005632,0.021315
636,test,texture,0,0,0.0076,0.027049
637,test,colour,1,1,0.004635,0.983293
637,test,packing,0,0,0.011535,0.027332
637,test,price,0,0,0.025612,0.086183
637,test,shipping,1,1,0.013857,0.962369
637,test,smell,0,0,0.010158,0.084338
637,test,stayingpower,1,1,0.09868,0.804408
637,test,texture,0,0,0.029781,0.258226
638,test,colour,1,1,0.005334,0.99227
638,test,packing,0,0,0.011484,0.020572
638,test,price,0,0,0.019807,0.064142
638,test,shipping,0,0,0.02515,0.045155
638,test,smell,3,1,0.143755,0.81333
638,test,stayingpower,0,0,0.062665,0.146644
638,test,texture,1,1,0.008019,0.981103
639,test,colour,0,0,0.140179,0.117876
639,test,packing,0,1,0.393131,0.45638
639,test,price,0,0,0.075829,0.178396
639,test,shipping,0,0,0.451662,0.084141
639,test,smell,1,2,0.948997,0.05014
639,test,stayingpower,0,0,0.087122,0.049794
639,test,texture,0,0,0.177953,0.192531
640,test,colour,1,1,0.038949,0.956333
640,test,packing,0,0,0.04344,0.035649
640,test,price,0,0,0.039652,0.063837
640,test,shipping,0,0,0.074523,0.077818
640,test,smell,0,0,0.029971,0.019165
640,test,stayingpower,1,0,0.199068,0.221562
640,test,texture,2,2,0.968717,0.017296
641,test,colour,0,0,0.029101,0.050154
641,test,packing,0,0,0.010063,0.017952
641,test,price,0,0,0.01293,0.028464
641,test,shipping,0,0,0.008101,0.018592
641,test,smell,0,0,0.007727,0.024008
641,test,stayingpower,0,0,0.005727,0.010103
641,test,texture,0,0,0.01171,0.068178
642,test,colour,0,0,0.023861,0.412704
642,test,packing,0,0,0.037216,0.131762
642,test,price,1,1,0.021158,0.90568
642,test,shipping,0,0,0.175776,0.03488
642,test,smell,0,0,0.015001,0.179259
642,test,stayingpower,1,1,0.042848,0.951396
642,test,texture,1,1,0.006343,0.988042
643,test,colour,0,0,0.036221,0.058797
643,test,packing,0,0,0.044878,0.111092
643,test,price,1,1,0.015382,0.934309
643,test,shipping,2,2,0.996453,0.002276
643,test,smell,0,0,0.028862,0.044702
643,test,stayingpower,0,0,0.012407,0.017944
643,test,texture,0,0,0.026466,0.047757
644,test,colour,0,0,0.037259,0.066179
644,test,packing,0,0,0.054914,0.109295
644,test,price,1,1,0.013407,0.968992
644,test,shipping,0,0,0.024398,0.019524
644,test,smell,1,1,0.019295,0.976172
644,test,stayingpower,0,0,0.046756,0.116742
644,test,texture,1,1,0.007191,0.972641
645,test,colour,0,0,0.053103,0.033951
645,test,packing,0,0,0.021077,0.019003
645,test,price,0,0,0.009343,0.008731
645,test,shipping,0,0,0.018468,0.011323
645,test,smell,0,0,0.014255,0.019197
645,test,stayingpower,0,0,0.014119,0.010859
645,test,texture,0,0,0.017048,0.016292
646,test,colour,1,1,0.012225,0.986302
646,test,packing,0,0,0.04609,0.039761
646,test,price,0,0,0.053151,0.227432
646,test,shipping,0,0,0.234405,0.043852
646,test,smell,1,1,0.069124,0.910262
646,test,stayingpower,1,1,0.465861,0.520245
646,test,texture,3,1,0.353652,0.602755
647,test,colour,0,0,0.029749,0.014099
647,test,packing,0,0,0.0199,0.025494
647,test,price,0,0,0.02433,0.101714
647,test,shipping,0,0,0.009384,0.007472
647,test,smell,0,0,0.007354,0.012425
647,test,stayingpower,0,0,0.006357,0.007778
647,test,texture,0,0,0.022075,0.041756
648,test,colour,0,0,0.042298,0.035877
648,test,packing,0,0,0.037759,0.029722
648,test,price,1,1,0.006323,0.990114
648,test,shipping,0,0,0.009802,0.012244
648,test,smell,0,0,0.020538,0.037445
648,test,stayingpower,0,0,0.022521,0.02009
648,test,texture,0,0,0.046359,0.08085
649,test,colour,0,0,0.033553,0.031384
649,test,packing,1,1,0.081765,0.893421
649,test,price,1,1,0.009661,0.981945
649,test,shipping,1,1,0.028315,0.956499
649,test,smell,0,0,0.03422,0.123427
649,test,stayingpower,0,0,0.01857,0.028937
649,test,texture,0,0,0.022647,0.068378
650,test,colour,1,1,0.008349,0.98461
650,test,packing,0,0,0.024851,0.088761
650,test,price,0,0,0.016305,0.061955
650,test,shipping,1,1,0.009197,0.980108
650,test,smell,0,0,0.009214,0.052509
650,test,stayingpower,0,0,0.048527,0.173772
650,test,texture,1,1,0.00861,0.961764
651,test,colour,1,1,0.004429,0.993062
651,test,packing,0,0,0.021301,0.05789
651,test,price,1,1,0.0158,0.958994
651,test,shipping,0,0,0.030249,0.044371
651,test,smell,0,0,0.054107,0.239143
651,test,stayingpower,0,0,0.165822,0.252819
651,test,texture,1,1,0.025154,0.969477
652,test,colour,1,1,0.004087,0.989293
652,test,packing,0,0,0.017643,0.060954
652,test,price,0,0,0.017401,0.067198
652,test,shipping,0,0,0.04049,0.08779
652,test,smell,0,0,0.008524,0.133543
652,test,stayingpower,1,1,0.079071,0.88519
652,test,texture,1,1,0.013555,0.971883
653,test,colour,0,0,0.013646,0.027403
653,test,packing,0,0,0.012287,0.02629
653,test,price,0,0,0.018865,0.100211
653,test,shipping,0,0,0.036336,0.102018
653,test,smell,0,0,0.003306,0.007901
653,test,stayingpower,0,0,0.007879,0.017722
653,test,texture,0,0,0.007166,0.023551
654,test,colour,1,1,0.006728,0.987019
654,test,packing,0,0,0.015477,0.036243
654,test,price,0,0,0.029685,0.130428
654,test,shipping,0,0,0.019978,0.049398
654,test,smell,1,1,0.011727,0.977083
654,test,stayingpower,0,0,0.062216,0.244052
654,test,texture,1,1,0.003831,0.984575
655,test,colour,0,0,0.042121,0.051566
655,test,packing,0,0,0.032075,0.038808
655,test,price,1,1,0.005915,0.990986
655,test,shipping,0,0,0.014833,0.01735
655,test,smell,0,0,0.012289,0.027044
655,test,stayingpower,0,0,0.011356,0.012782
655,test,texture,0,0,0.038381,0.14945
656,test,colour,0,0,0.020988,0.017019
656,test,packing,0,0,0.047455,0.062404
656,test,price,0,0,0.008877,0.014677
656,test,shipping,0,0,0.146065,0.110504
656,test,smell,0,0,0.01009,0.01008
656,test,stayingpower,0,0,0.006794,0.004513
656,test,texture,0,0,0.009514,0.012077
657,test,colour,0,1,0.085596,0.885257
657,test,packing,0,0,0.026426,0.042973
657,test,price,0,0,0.019191,0.017867
657,test,shipping,0,0,0.061848,0.022282
657,test,smell,0,0,0.018829,0.01588
657,test,stayingpower,0,0,0.011308,0.007641
657,test,texture,0,0,0.008701,0.005885
658,test,colour,0,0,0.0751,0.031357
658,test,packing,0,0,0.017477,0.012237
658,test,price,0,0,0.010386,0.013548
658,test,shipping,0,0,0.128949,0.023551
658,test,smell,0,0,0.010119,0.008798
658,test,stayingpower,0,0,0.00752,0.006969
658,test,texture,0,0,0.022883,0.011664
659,test,colour,0,0,0.041539,0.119217
659,test,packing,0,0,0.043616,0.057152
659,test,price,0,0,0.030878,0.108335
659,test,shipping,0,0,0.032347,0.075903
659,test,smell,1,1,0.039802,0.904734
659,test,stayingpower,1,1,0.347824,0.64322
659,test,texture,1,1,0.077647,0.917694
660,test,colour,1,1,0.0689,0.920249
660,test,packing,0,0,0.043015,0.0391
660,test,price,0,0,0.070556,0.080163
660,test,shipping,0,0,0.079452,0.143504
660,test,smell,0,0,0.093405,0.066004
660,test,stayingpower,2,2,0.973885,0.021511
660,test,texture,0,0,0.223021,0.071351
661,test,colour,0,2,0.47359,0.094422
661,test,packing,0,0,0.133195,0.035237
661,test,price,0,0,0.060753,0.083005
661,test,shipping,0,0,0.185774,0.06202
661,test,smell,3,2,0.903173,0.095766
661,test,stayingpower,0,0,0.154646,0.043915
661,test,texture,0,0,0.156175,0.065536
662,test,colour,0,0,0.387748,0.120701
662,test,packing,0,0,0.060172,0.061055
662,test,price,0,0,0.043306,0.10387
662,test,shipping,0,0,0.021881,0.133808
662,test,smell,1,1,0.09774,0.885015
662,test,stayingpower,0,1,0.325539,0.408727
662,test,texture,3,2,0.554486,0.441219
663,test,colour,0,0,0.270848,0.282736
663,test,packing,0,0,0.021462,0.01752
663,test,price,0,0,0.046874,0.116831
663,test,shipping,0,0,0.023761,0.117122
663,test,smell,0,0,0.018471,0.059843
663,test,stayingpower,2,2,0.988268,0.010402
663,test,texture,1,1,0.156985,0.685886
664,test,colour,0,0,0.04405,0.269116
664,test,packing,0,0,0.008726,0.020642
664,test,price,0,0,0.012761,0.026462
664,test,shipping,0,0,0.012777,0.019226
664,test,smell,0,0,0.008486,0.017591
664,test,stayingpower,0,0,0.007699,0.011138
664,test,texture,0,0,0.007373,0.024727
665,test,colour,0,0,0.059045,0.014744
665,test,packing,0,0,0.31115,0.221036
665,test,price,0,1,0.018422,0.948716
665,test,shipping,2,2,0.997685,0.001482
665,test,smell,0,0,0.06317,0.034025
665,test,stayingpower,0,0,0.067012,0.049536
665,test,texture,0,0,0.278504,0.073078
666,test,colour,1,1,0.008065,0.986792
666,test,packing,0,0,0.008604,0.026033
666,test,price,0,0,0.017817,0.081501
666,test,shipping,0,0,0.012751,0.035994
666,test,smell,0,0,0.018167,0.098363
666,test,stayingpower,0,0,0.025744,0.095899
666,test,texture,1,1,0.00534,0.982832
667,test,colour,3,1,0.156679,0.841299
667,test,packing,0,0,0.015305,0.020254
667,test,price,0,0,0.021095,0.020461
667,test,shipping,0,0,0.044624,0.021245
667,test,smell,0,0,0.025883,0.016433
667,test,stayingpower,0,0,0.0403,0.022698
667,test,texture,0,0,0.140869,0.040686
668,test,colour,1,1,0.013752,0.981664
668,test,packing,0,0,0.043507,0.050586
668,test,price,1,1,0.011863,0.981854
668,test,shipping,0,0,0.018557,0.019727
668,test,smell,0,0,0.039931,0.074837
668,test,stayingpower,0,0,0.041883,0.024682
668,test,texture,0,0,0.087402,0.096756
669,test,colour,1,1,0.010865,0.979019
669,test,packing,0,0,0.063711,0.291682
669,test,price,0,0,0.039562,0.089547
669,test,shipping,2,2,0.984743,0.004574
669,test,smell,1,1,0.068471,0.916342
669,test,stayingpower,0,0,0.043163,0.086443
669,test,texture,0,0,0.0396,0.098084
670,test,colour,0,0,0.052341,0.044793
670,test,packing,0,0,0.016135,0.015389
670,test,price,0,0,0.009694,0.009287
670,test,shipping,0,0,0.020262,0.013501
670,test,smell,0,0,0.013203,0.017246
670,test,stayingpower,0,0,0.011601,0.010973
670,test,texture,0,0,0.014046,0.016124
671,test,colour,1,1,0.004344,0.989761
671,test,packing,0,0,0.012235,0.033092
671,test,price,0,0,0.038215,0.352265
671,test,shipping,0,0,0.010084,0.023725
671,test,smell,0,0,0.011515,0.033621
671,test,stayingpower,0,0,0.021145,0.040423
671,test,texture,0,0,0.013863,0.060954
672,test,colour,0,0,0.011648,0.041608
672,test,packing,0,0,0.025399,0.15141
672,test,price,0,0,0.029495,0.124039
672,test,shipping,0,0,0.056519,0.124964
672,test,smell,1,1,0.004881,0.987122
672,test,stayingpower,0,0,0.010487,0.031273
672,test,texture,0,0,0.006621,0.136992
673,test,colour,0,0,0.016025,0.025732
673,test,packing,0,0,0.013291,0.028938
673,test,price,0,0,0.013659,0.025751
673,test,shipping,0,0,0.043925,0.179982
673,test,smell,0,0,0.007741,0.021808
673,test,stayingpower,0,0,0.007396,0.009563
673,test,texture,0,0,0.004989,0.016221
674,test,colour,1,1,0.031354,0.955468
674,test,packing,0,0,0.150529,0.124227
674,test,price,1,1,0.036516,0.890522
674,test,shipping,2,2,0.983539,0.006722
674,test,smell,2,2,0.889716,0.101347
674,test,stayingpower,0,0,0.184137,0.143882
674,test,texture,0,2,0.833368,0.062625
675,test,colour,0,0,0.043068,0.076975
675,test,packing,1,1,0.060523,0.93058
675,test,price,0,0,0.039702,0.068502
675,test,shipping,3,2,0.994852,0.003228
675,test,smell,0,0,0.032579,0.031744
675,test,stayingpower,0,0,0.023299,0.025397
675,test,texture,0,0,0.023823,0.029467
676,test,colour,0,0,0.196323,0.039935
676,test,packing,0,0,0.100748,0.044597
676,test,price,1,1,0.01539,0.977692
676,test,shipping,1,1,0.050701,0.940036
676,test,smell,0,0,0.024837,0.026277
676,test,stayingpower,0,0,0.036712,0.041068
676,test,texture,0,0,0.141176,0.039069
677,test,colour,0,0,0.03023,0.036268
677,test,packing,0,0,0.065244,0.294341
677,test,price,0,0,0.038246,0.45336
677,test,shipping,0,0,0.008987,0.012263
677,test,smell,0,0,0.004161,0.007554
677,test,stayingpower,0,0,0.005056,0.009119
677,test,texture,0,0,0.007866,0.025023
678,test,colour,0,0,0.029473,0.048733
678,test,packing,0,0,0.015857,0.03006
678,test,price,0,0,0.02981,0.102845
678,test,shipping,0,0,0.008128,0.016215
678,test,smell,0,0,0.008983,0.021727
678,test,stayingpower,0,0,0.005963,0.007367
678,test,texture,0,0,0.006803,0.016858
679,test,colour,0,0,0.016941,0.054659
679,test,packing,1,1,0.013818,0.972842
679,test,price,0,0,0.03469,0.163566
679,test,shipping,0,0,0.017793,0.045389
679,test,smell,0,0,0.007408,0.095599
679,test,stayingpower,0,0,0.011803,0.098415
679,test,texture,1,1,0.004629,0.957259
680,test,colour,1,1,0.012535,0.982911
680,test,packing,0,0,0.01425,0.027643
680,test,price,0,0,0.024817,0.040315
680,test,shipping,0,0,0.014432,0.019003
680,test,smell,1,1,0.023508,0.943884
680,test,stayingpower,0,0,0.025134,0.038444
680,test,texture,0,0,0.020445,0.13359
681,test,colour,0,0,0.031587,0.048232
681,test,packing,0,0,0.008881,0.014306
681,test,price,0,0,0.011613,0.014046
681,test,shipping,0,0,0.00584,0.008312
681,test,smell,0,0,0.008813,0.027351
681,test,stayingpower,0,0,0.008409,0.026323
681,test,texture,0,0,0.026711,0.210491
682,test,colour,1,1,0.010161,0.985806
682,test,packing,0,0,0.014295,0.031172
682,test,price,0,0,0.019565,0.032072
682,test,shipping,1,1,0.014932,0.967268
682,test,smell,0,0,0.01639,0.054632
682,test,stayingpower,0,0,0.015887,0.026387
682,test,texture,0,0,0.016453,0.044769
683,test,colour,0,0,0.027414,0.017719
683,test,packing,1,1,0.039749,0.954348
683,test,price,0,0,0.029725,0.043999
683,test,shipping,0,0,0.041633,0.05333
683,test,smell,0,0,0.017572,0.03387
683,test,stayingpower,0,0,0.012249,0.015413
683,test,texture,0,0,0.010255,0.017924
684,test,colour,1,1,0.013138,0.98472
684,test,packing,0,0,0.022515,0.040979
684,test,price,0,0,0.031394,0.066128
684,test,shipping,0,0,0.034044,0.112059
684,test,smell,0,0,0.038483,0.037529
684,test,stayingpower,0,0,0.236964,0.104178
684,test,texture,2,1,0.460563,0.529902
685,test,colour,1,1,0.023527,0.962463
685,test,packing,0,0,0.032623,0.053669
685,test,price,0,0,0.020958,0.059196
685,test,shipping,2,2,0.995366,0.002936
685,test,smell,0,0,0.066186,0.051054
685,test,stayingpower,0,0,0.024908,0.037652
685,test,texture,0,0,0.045167,0.02394
686,test,colour,1,1,0.007773,0.98394
686,test,packing,1,1,0.016151,0.975829
686,test,price,0,0,0.029881,0.042134
686,test,shipping,0,0,0.095413,0.289646
686,test,smell,0,0,0.023733,0.078605
686,test,stayingpower,0,0,0.033393,0.050179
686,test,texture,0,0,0.010537,0.032806
687,test,colour,0,0,0.234271,0.143569
687,test,packing,0,0,0.21534,0.092922
687,test,price,1,1,0.026271,0.956353
687,test,shipping,2,2,0.982536,0.011477
687,test,smell,0,0,0.428137,0.135164
687,test,stayingpower,3,2,0.959609,0.028985
687,test,texture,0,0,0.356095,0.148734
688,test,colour,0,0,0.021078,0.047832
688,test,packing,1,1,0.029351,0.967034
688,test,price,0,1,0.053324,0.677614
688,test,shipping,2,2,0.990032,0.007749
688,test,smell,0,0,0.027256,0.05199
688,test,stayingpower,0,0,0.022785,0.043405
688,test,texture,0,0,0.022827,0.072692
689,test,colour,1,1,0.003809,0.994555
689,test,packing,0,0,0.030028,0.065959
689,test,price,1,1,0.01226,0.977483
689,test,shipping,0,0,0.050508,0.037869
689,test,smell,1,1,0.091535,0.852384
689,test,stayingpower,0,0,0.041626,0.074055
689,test,texture,0,1,0.04861,0.65757
690,test,colour,0,0,0.031659,0.013947
690,test,packing,0,0,0.022298,0.01565
690,test,price,0,0,0.011386,0.010484
690,test,shipping,0,0,0.031135,0.0175
690,test,smell,0,0,0.017839,0.020406
690,test,stayingpower,0,0,0.016467,0.009722
690,test,texture,0,0,0.018819,0.016426
691,test,colour,1,1,0.006423,0.991444
691,test,packing,0,0,0.014021,0.023013
691,test,price,0,0,0.02306,0.030981
691,test,shipping,0,0,0.02829,0.028041
691,test,smell,0,0,0.035423,0.059272
691,test,stayingpower,0,0,0.034362,0.0251
691,test,texture,0,0,0.023765,0.027468
692,test,colour,0,0,0.019085,0.016875
692,test,packing,0,0,0.03094,0.062665
692,test,price,0,0,0.0103,0.0202
692,test,shipping,0,0,0.145264,0.062432
692,test,smell,0,0,0.007431,0.016198
692,test,stayingpower,0,0,0.005134,0.00665
692,test,texture,0,0,0.006577,0.011499
693,test,colour,0,0,0.11259,0.378585
693,test,packing,0,0,0.063636,0.057567
693,test,price,2,1,0.013528,0.969607
693,test,shipping,0,2,0.512223,0.016087
693,test,smell,2,2,0.624158,0.359674
693,test,stayingpower,2,2,0.806123,0.174415
693,test,texture,0,1,0.198181,0.754722
694,test,colour,0,0,0.085396,0.040457
694,test,packing,0,0,0.020109,0.014481
694,test,price,0,0,0.016525,0.021078
694,test,shipping,0,0,0.00698,0.005461
694,test,smell,0,0,0.025129,0.030376
694,test,stayingpower,0,0,0.013783,0.006758
694,test,texture,0,0,0.022607,0.024078
695,test,colour,0,0,0.054359,0.2317
695,test,packing,0,0,0.01762,0.026164
695,test,price,0,0,0.020136,0.184624
695,test,shipping,0,0,0.046247,0.017827
695,test,smell,0,0,0.014053,0.100712
695,test,stayingpower,0,1,0.153761,0.834772
695,test,texture,1,1,0.010487,0.983633
696,test,colour,0,0,0.015342,0.076415
696,test,packing,1,1,0.008842,0.989326
696,test,price,0,0,0.026907,0.038956
696,test,shipping,1,1,0.102829,0.835248
696,test,smell,0,0,0.014619,0.038357
696,test,stayingpower,0,0,0.013616,0.020714
696,test,texture,0,0,0.006497,0.042745
697,test,colour,1,2,0.96901,0.027784
697,test,packing,0,0,0.218687,0.057645
697,test,price,0,0,0.093956,0.094332
697,test,shipping,3,2,0.909213,0.076379
697,test,smell,0,0,0.236791,0.03138
697,test,stayingpower,0,2,0.625332,0.051203
697,test,texture,2,2,0.906453,0.037441
698,test,colour,1,1,0.016726,0.967152
698,test,packing,0,0,0.060236,0.161596
698,test,price,1,1,0.008971,0.984516
698,test,shipping,2,2,0.987566,0.008206
698,test,smell,0,0,0.036698,0.066055
698,test,stayingpower,0,0,0.05501,0.118971
698,test,texture,0,0,0.093653,0.256082
699,test,colour,1,1,0.045442,0.939123
699,test,packing,0,1,0.301336,0.570703
699,test,price,1,1,0.051096,0.812101
699,test,shipping,2,2,0.991415,0.005173
699,test,smell,0,0,0.242392,0.11776
699,test,stayingpower,0,0,0.347382,0.231899
699,test,texture,2,2,0.95539,0.024261
700,test,colour,0,0,0.02839,0.058888
700,test,packing,0,0,0.019024,0.043237
700,test,price,0,0,0.014524,0.03211
700,test,shipping,0,0,0.01622,0.017552
700,test,smell,0,0,0.011542,0.030749
700,test,stayingpower,0,0,0.007024,0.005977
700,test,texture,0,0,0.00674,0.015692
701,test,colour,2,2,0.974171,0.013702
701,test,packing,0,0,0.08631,0.057876
701,test,price,0,0,0.03423,0.031791
701,test,shipping,0,0,0.038357,0.027217
701,test,smell,1,1,0.25967,0.650849
701,test,stayingpower,0,0,0.231071,0.106238
701,test,texture,1,1,0.125873,0.852399
702,test,colour,0,0,0.027745,0.060187
702,test,packing,0,0,0.036724,0.11704
702,test,price,0,0,0.016907,0.04535
702,test,shipping,1,1,0.005754,0.990763
702,test,smell,0,0,0.007063,0.020458
702,test,stayingpower,0,0,0.009017,0.019113
702,test,texture,0,0,0.009043,0.033963
703,test,colour,1,1,0.204646,0.790977
703,test,packing,0,0,0.013693,0.0176
703,test,price,0,0,0.021887,0.018974
703,test,shipping,0,0,0.050175,0.049849
703,test,smell,0,0,0.015199,0.010498
703,test,stayingpower,0,0,0.042743,0.017638
703,test,texture,0,0,0.042599,0.048414
704,test,colour,1,1,0.010775,0.986011
704,test,packing,0,0,0.058455,0.068569
704,test,price,1,1,0.007888,0.988646
704,test,shipping,0,0,0.025443,0.028392
704,test,smell,3,0,0.037079,0.057906
704,test,stayingpower,0,0,0.166748,0.048278
704,test,texture,0,0,0.263987,0.249918
705,test,colour,0,0,0.026601,0.040455
705,test,packing,0,0,0.007963,0.012405
705,test,price,0,0,0.011853,0.024778
705,test,shipping,0,0,0.007019,0.015368
705,test,smell,0,0,0.009429,0.026449
705,test,stayingpower,0,0,0.007338,0.010899
705,test,texture,0,0,0.021864,0.137211
706,test,colour,3,2,0.908237,0.082231
706,test,packing,0,0,0.037997,0.025093
706,test,price,0,0,0.066744,0.084758
706,test,shipping,0,0,0.071051,0.088622
706,test,smell,0,0,0.024299,0.024675
706,test,stayingpower,2,2,0.983467,0.010483
706,test,texture,2,2,0.745142,0.140904
707,test,colour,1,1,0.00802,0.989278
707,test,packing,0,0,0.027583,0.056802
707,test,price,1,1,0.013626,0.974318
707,test,shipping,0,0,0.202244,0.215956
707,test,smell,0,0,0.019235,0.067122
707,test,stayingpower,0,0,0.020869,0.016736
707,test,texture,0,0,0.033427,0.135987
708,test,colour,1,1,0.007847,0.981885
708,test,packing,0,0,0.02799,0.073396
708,test,price,0,0,0.035897,0.179478
708,test,shipping,0,0,0.020894,0.047246
708,test,smell,1,1,0.009862,0.978927
708,test,stayingpower,1,1,0.090994,0.863589
708,test,texture,1,1,0.008097,0.983163
709,test,colour,0,0,0.173898,0.074317
709,test,packing,0,0,0.059351,0.015905
709,test,price,0,0,0.03765,0.151624
709,test,shipping,0,0,0.129968,0.02811
709,test,smell,2,2,0.968997,0.028781
709,test,stayingpower,0,0,0.050998,0.022968
709,test,texture,0,0,0.258305,0.141597
710,test,colour,1,1,0.013165,0.969475
710,test,packing,0,0,0.031263,0.181064
710,test,price,0,0,0.011251,0.011507
710,test,shipping,1,1,0.055662,0.923215
710,test,smell,0,0,0.012256,0.029841
710,test,stayingpower,0,0,0.00941,0.015047
710,test,texture,0,0,0.009716,0.018728
711,test,colour,0,1,0.147459,0.44108
711,test,packing,1,1,0.177887,0.780884
711,test,price,0,0,0.073051,0.20991
711,test,shipping,1,1,0.114481,0.865079
711,test,smell,0,0,0.082883,0.13096
711,test,stayingpower,1,1,0.297381,0.632896
711,test,texture,3,2,0.820861,0.175228
712,test,colour,1,1,0.001951,0.997013
712,test,packing,0,0,0.010637,0.02992
712,test,price,0,0,0.022688,0.048054
712,test,shipping,0,0,0.036108,0.085189
712,test,smell,0,0,0.018758,0.060193
712,test,stayingpower,0,0,0.034441,0.06481
712,test,texture,0,0,0.020467,0.134496
713,test,colour,0,0,0.02953,0.032136
713,test,packing,0,0,0.011322,0.01688
713,test,price,0,0,0.011903,0.012513
713,test,shipping,0,0,0.01909,0.023417
713,test,smell,0,0,0.011609,0.027777
713,test,stayingpower,0,0,0.006699,0.008991
713,test,texture,0,0,0.011994,0.032814
714,test,colour,0,0,0.051938,0.040997
714,test,packing,0,0,0.013312,0.012283
714,test,price,0,0,0.011482,0.011138
714,test,shipping,0,0,0.016038,0.010845
714,test,smell,0,0,0.01955,0.033393
714,test,stayingpower,0,0,0.012614,0.008208
714,test,texture,0,0,0.014876,0.017081
715,test,colour,0,0,0.071609,0.039819
715,test,packing,0,0,0.073854,0.118774
715,test,price,0,0,0.019375,0.028749
715,test,shipping,1,1,0.011056,0.986363
715,test,smell,0,0,0.013777,0.023262
715,test,stayingpower,0,0,0.010087,0.010842
715,test,texture,0,0,0.01686,0.019021
716,test,colour,1,1,0.004387,0.99192
716,test,packing,1,1,0.028297,0.947987
716,test,price,0,0,0.060067,0.125139
716,test,shipping,1,1,0.20469,0.654427
716,test,smell,1,1,0.015944,0.967942
716,test,stayingpower,0,0,0.055408,0.131575
716,test,texture,0,0,0.02223,0.163516
717,test,colour,0,0,0.047563,0.056248
717,test,packing,0,0,0.04394,0.110527
717,test,price,0,0,0.016838,0.04052
717,test,shipping,1,1,0.006008,0.990254
717,test,smell,0,0,0.008291,0.019875
717,test,stayingpower,0,0,0.006896,0.01082
717,test,texture,0,0,0.012428,0.031614
718,test,colour,0,0,0.27056,0.025596
718,test,packing,0,0,0.024142,0.008097
718,test,price,0,1,0.024434,0.91736
718,test,shipping,0,0,0.006788,0.00215
718,test,smell,0,0,0.010736,0.005687
718,test,stayingpower,0,0,0.032635,0.014468
718,test,texture,0,0,0.30436,0.072888
719,test,colour,0,0,0.052369,0.06938
719,test,packing,0,0,0.063007,0.117456
719,test,price,1,1,0.011705,0.980485
719,test,shipping,1,1,0.020475,0.973116
719,test,smell,0,0,0.014789,0.036378
719,test,stayingpower,0,0,0.029978,0.050642
719,test,texture,0,0,0.020389,0.037333
720,test,colour,0,0,0.027105,0.067091
720,test,packing,1,1,0.029385,0.966978
720,test,price,3,1,0.042688,0.612145
720,test,shipping,2,2,0.979985,0.005083
720,test,smell,0,0,0.01604,0.02064
720,test,stayingpower,0,0,0.011972,0.023336
720,test,texture,0,0,0.02542,0.095783
721,test,colour,0,0,0.05946,0.038167
721,test,packing,0,0,0.020724,0.013811
721,test,price,0,0,0.029785,0.05233
721,test,shipping,0,0,0.007955,0.013952
721,test,smell,1,1,0.038143,0.936718
721,test,stayingpower,0,0,0.183882,0.053208
721,test,texture,0,0,0.019518,0.056876
722,test,colour,0,0,0.340296,0.11334
722,test,packing,0,0,0.042994,0.014838
722,test,price,0,0,0.008814,0.015238
722,test,shipping,0,0,0.150227,0.043401
722,test,smell,0,0,0.014254,0.008136
722,test,stayingpower,0,0,0.260457,0.152254
722,test,texture,0,1,0.26104,0.721896
723,test,colour,0,0,0.05096,0.128003
723,test,packing,0,0,0.024225,0.053883
723,test,price,0,0,0.021301,0.065105
723,test,shipping,1,1,0.00331,0.993966
723,test,smell,0,0,0.011034,0.031789
723,test,stayingpower,0,0,0.012888,0.017831
723,test,texture,0,0,0.012413,0.039393
724,test,colour,0,0,0.032143,0.129574
724,test,packing,0,0,0.032634,0.165274
724,test,price,0,0,0.037128,0.302353
724,test,shipping,1,1,0.003047,0.994076
724,test,smell,0,0,0.008514,0.02775
724,test,stayingpower,0,0,0.007608,0.017218
724,test,texture,0,0,0.007684,0.042726
725,test,colour,3,1,0.273854,0.718872
725,test,packing,1,1,0.117891,0.854919
725,test,price,0,0,0.032834,0.034315
725,test,shipping,1,1,0.032852,0.955972
725,test,smell,0,0,0.04841,0.061276
725,test,stayingpower,0,0,0.135661,0.108831
725,test,texture,2,2,0.770219,0.072663
726,test,colour,1,1,0.006039,0.991052
726,test,packing,0,0,0.011772,0.031113
726,test,price,0,0,0.021852,0.03377
726,test,shipping,0,0,0.027271,0.053584
726,test,smell,0,0,0.019305,0.040456
726,test,stayingpower,0,0,0.019224,0.024958
726,test,texture,0,0,0.014929,0.039593
727,test,colour,1,1,0.013142,0.985523
727,test,packing,0,0,0.021636,0.01295
727,test,price,0,0,0.021349,0.066211
727,test,shipping,0,0,0.031243,0.008303
727,test,smell,1,2,0.50135,0.472973
727,test,stayingpower,0,0,0.113868,0.096686
727,test,texture,0,0,0.178547,0.357047
728,test,colour,1,1,0.031159,0.955159
728,test,packing,0,0,0.065419,0.061001
728,test,price,0,0,0.030801,0.111199
728,test,shipping,2,2,0.995895,0.003609
728,test,smell,0,0,0.058818,0.05899
728,test,stayingpower,0,0,0.035559,0.036198
728,test,texture,0,0,0.080315,0.024738
729,test,colour,1,1,0.02473,0.9273
729,test,packing,1,1,0.046665,0.919575
729,test,price,1,1,0.028035,0.926616
729,test,shipping,1,1,0.020184,0.972368
729,test,smell,0,0,0.016488,0.061717
729,test,stayingpower,0,0,0.016788,0.029735
729,test,texture,0,0,0.007924,0.037413
730,test,colour,0,0,0.020344,0.044399
730,test,packing,0,0,0.023423,0.065897
730,test,price,0,0,0.008353,0.01218
730,test,shipping,0,0,0.074031,0.078178
730,test,smell,0,0,0.006033,0.010173
730,test,stayingpower,0,0,0.006976,0.009528
730,test,texture,0,0,0.005814,0.011627
731,test,colour,1,1,0.009922,0.983338
731,test,packing,1,1,0.033106,0.927638
731,test,price,0,0,0.051664,0.063644
731,test,shipping,1,1,0.024052,0.949092
731,test,smell,1,1,0.014796,0.972733
731,test,stayingpower,0,0,0.037797,0.104306
731,test,texture,0,0,0.02318,0.144514
732,test,colour,1,1,0.014896,0.983603
732,test,packing,0,0,0.0558,0.048832
732,test,price,1,1,0.024334,0.95874
732,test,shipping,0,0,0.061163,0.120075
732,test,smell,0,0,0.087729,0.09577
732,test,stayingpower,2,2,0.955814,0.021897
732,test,texture,0,0,0.383944,0.140756
733,test,colour,1,1,0.013922,0.980471
733,test,packing,2,0,0.086845,0.380515
733,test,price,0,0,0.017922,0.031934
733,test,shipping,1,2,0.627105,0.353691
733,test,smell,0,0,0.026659,0.031656
733,test,stayingpower,0,0,0.005448,0.008961
733,test,texture,0,0,0.015132,0.010269
734,test,colour,0,0,0.123942,0.280706
734,test,packing,0,0,0.068867,0.073881
734,test,price,0,0,0.076376,0.147523
734,test,shipping,0,0,0.032554,0.126842
734,test,smell,0,0,0.080285,0.126623
734,test,stayingpower,2,2,0.990404,0.008846
734,test,texture,0,1,0.126444,0.486324
735,test,colour,0,0,0.032143,0.023467
735,test,packing,0,0,0.015455,0.022212
735,test,price,0,0,0.011258,0.013757
735,test,shipping,0,0,0.010053,0.012914
735,test,smell,0,0,0.009188,0.019114
735,test,stayingpower,0,0,0.010414,0.012687
735,test,texture,0,0,0.015958,0.041835
736,test,colour,0,0,0.089475,0.026967
736,test,packing,0,0,0.028014,0.023805
736,test,price,0,0,0.010815,0.009627
736,test,shipping,0,0,0.027825,0.009546
736,test,smell,0,0,0.01495,0.012457
736,test,stayingpower,0,0,0.009559,0.012794
736,test,texture,0,0,0.025712,0.015057
737,test,colour,1,1,0.266311,0.729975
737,test,packing,0,0,0.05892,0.023939
737,test,price,0,0,0.08597,0.149916
737,test,shipping,0,0,0.062569,0.067722
737,test,smell,2,2,0.965607,0.029162
737,test,stayingpower,0,0,0.156621,0.04846
737,test,texture,0,2,0.475794,0.070998
738,test,colour,0,0,0.044366,0.027026
738,test,packing,0,0,0.020023,0.022521
738,test,price,0,0,0.009668,0.007107
738,test,shipping,0,0,0.023386,0.013804
738,test,smell,0,0,0.015802,0.02017
738,test,stayingpower,0,0,0.015184,0.013008
738,test,texture,0,0,0.016387,0.013168
739,test,colour,1,1,0.025383,0.972154
739,test,packing,0,0,0.068693,0.048638
739,test,price,0,0,0.066128,0.271341
739,test,shipping,0,0,0.125732,0.106905
739,test,smell,2,2,0.603117,0.394224
739,test,stayingpower,3,2,0.884526,0.090176
739,test,texture,1,1,0.273393,0.667592
740,test,colour,0,0,0.030354,0.082533
740,test,packing,0,0,0.021985,0.067631
740,test,price,0,0,0.019399,0.048274
740,test,shipping,0,0,0.012022,0.040018
740,test,smell,1,1,0.005943,0.990745
740,test,stayingpower,0,0,0.062439,0.203749
740,test,texture,1,1,0.014156,0.671599
741,test,colour,0,0,0.031561,0.023826
741,test,packing,0,0,0.014644,0.014359
741,test,price,0,0,0.011821,0.016481
741,test,shipping,0,0,0.013247,0.015248
741,test,smell,0,0,0.015304,0.023877
741,test,stayingpower,0,0,0.011505,0.010292
741,test,texture,0,0,0.014953,0.019236
742,test,colour,0,0,0.028555,0.046167
742,test,packing,0,0,0.017432,0.02665
742,test,price,0,0,0.0091,0.010632
742,test,shipping,0,0,0.019705,0.024389
742,test,smell,0,0,0.010917,0.022357
742,test,stayingpower,0,0,0.010396,0.009904
742,test,texture,0,0,0.008807,0.017232
743,test,colour,1,0,0.01449,0.19494
743,test,packing,0,0,0.027208,0.149315
743,test,price,0,0,0.032029,0.158115
743,test,shipping,1,1,0.006092,0.992698
743,test,smell,0,1,0.058497,0.746779
743,test,stayingpower,1,1,0.077549,0.77322
743,test,texture,0,0,0.022026,0.378853
744,test,colour,0,0,0.166525,0.112261
744,test,packing,0,0,0.061428,0.020683
744,test,price,0,0,0.062188,0.206409
744,test,shipping,0,0,0.087833,0.032807
744,test,smell,1,2,0.977826,0.018359
744,test,stayingpower,0,0,0.116295,0.121873
744,test,texture,3,2,0.902064,0.070289
745,test,colour,0,0,0.02433,0.088344
745,test,packing,0,0,0.013569,0.036487
745,test,price,0,0,0.019364,0.057612
745,test,shipping,0,0,0.01005,0.02997
745,test,smell,1,1,0.013289,0.944114
745,test,stayingpower,0,0,0.006313,0.013748
745,test,texture,0,0,0.007687,0.111213
746,test,colour,0,0,0.033868,0.043713
746,test,packing,0,0,0.016818,0.021165
746,test,price,0,0,0.01531,0.0213
746,test,shipping,0,0,0.030704,0.05126
746,test,smell,0,0,0.009818,0.017321
746,test,stayingpower,0,0,0.006996,0.006369
746,test,texture,0,0,0.005824,0.010032
747,test,colour,1,1,0.014583,0.978188
747,test,packing,0,0,0.022987,0.067252
747,test,price,0,0,0.015333,0.026751
747,test,shipping,1,1,0.007144,0.988511
747,test,smell,0,0,0.010431,0.027613
747,test,stayingpower,0,0,0.016982,0.031019
747,test,texture,0,0,0.031763,0.190917
748,test,colour,0,0,0.041899,0.02982
748,test,packing,0,0,0.022895,0.031974
748,test,price,0,0,0.011491,0.014721
748,test,shipping,0,0,0.02161,0.015324
748,test,smell,0,0,0.0114,0.013603
748,test,stayingpower,0,0,0.00871,0.008192
748,test,texture,0,0,0.012079,0.013898
749,test,colour,0,0,0.197866,0.030404
749,test,packing,0,0,0.033431,0.012621
749,test,price,0,0,0.029992,0.1088
749,test,shipping,0,0,0.007977,0.004482
749,test,smell,0,0,0.016637,0.024678
749,test,stayingpower,0,0,0.128309,0.147133
749,test,texture,2,1,0.402602,0.589692
750,test,colour,0,0,0.029796,0.057197
750,test,packing,0,0,0.010584,0.01892
750,test,price,0,0,0.01483,0.033669
750,test,shipping,0,0,0.020437,0.021771
750,test,smell,0,0,0.012035,0.022379
750,test,stayingpower,0,0,0.007519,0.009187
750,test,texture,0,0,0.009153,0.01598
751,test,colour,0,0,0.223526,0.034445
751,test,packing,0,0,0.024186,0.017655
751,test,price,0,0,0.024682,0.037546
751,test,shipping,0,0,0.030276,0.007347
751,test,smell,1,1,0.090584,0.865221
751,test,stayingpower,0,0,0.016545,0.017324
751,test,texture,0,0,0.05013,0.052297
752,test,colour,0,0,0.066056,0.055753
752,test,packing,0,0,0.04794,0.120886
752,test,price,0,0,0.020488,0.038416
752,test,shipping,1,1,0.003149,0.995216
752,test,smell,0,0,0.018017,0.053944
752,test,stayingpower,0,0,0.014091,0.01502
752,test,texture,0,0,0.016771,0.039818
753,test,colour,0,0,0.066227,0.013162
753,test,packing,0,0,0.030377,0.0146
753,test,price,1,1,0.007257,0.98833
753,test,shipping,0,0,0.013355,0.005158
753,test,smell,0,0,0.014195,0.016992
753,test,stayingpower,0,0,0.027504,0.02439
753,test,texture,0,0,0.126431,0.190774
754,test,colour,0,0,0.039422,0.114263
754,test,packing,0,0,0.029321,0.106931
754,test,price,0,0,0.02606,0.03993
754,test,shipping,1,1,0.010618,0.978055
754,test,smell,1,1,0.013542,0.957049
754,test,stayingpower,0,0,0.009513,0.030121
754,test,texture,0,0,0.011,0.064862
755,test,colour,0,0,0.065965,0.385741
755,test,packing,0,0,0.073816,0.117908
755,test,price,0,0,0.056177,0.185293
755,test,shipping,1,1,0.029625,0.958139
755,test,smell,1,1,0.034514,0.941424
755,test,stayingpower,3,2,0.793182,0.200125
755,test,texture,0,1,0.027415,0.885143
756,test,colour,1,1,0.004651,0.988305
756,test,packing,1,1,0.023747,0.958762
756,test,price,0,0,0.042052,0.054801
756,test,shipping,1,1,0.125487,0.825181
756,test,smell,1,1,0.102628,0.803221
756,test,stayingpower,0,0,0.027294,0.051908
756,test,texture,0,0,0.015436,0.07612
757,test,colour,0,0,0.024095,0.012048
757,test,packing,0,0,0.030202,0.022574
757,test,price,0,0,0.018291,0.025209
757,test,shipping,0,0,0.02781,0.025585
757,test,smell,0,0,0.021308,0.017848
757,test,stayingpower,0,0,0.034319,0.020598
757,test,texture,0,0,0.033392,0.01434
758,test,colour,1,2,0.698171,0.29857
758,test,packing,3,1,0.316073,0.628542
758,test,price,0,0,0.034591,0.021448
758,test,shipping,0,0,0.148263,0.120112
758,test,smell,0,0,0.169827,0.032033
758,test,stayingpower,0,2,0.660485,0.027538
758,test,texture,0,2,0.57246,0.035004
759,test,colour,1,2,0.832808,0.13058
759,test,packing,0,0,0.07004,0.02626
759,test,price,0,0,0.074618,0.13151
759,test,shipping,0,0,0.104099,0.039665
759,test,smell,2,2,0.977601,0.019844
759,test,stayingpower,0,0,0.064004,0.066759
759,test,texture,0,2,0.863107,0.044927
760,test,colour,1,1,0.006631,0.991647
760,test,packing,0,0,0.016136,0.02958
760,test,price,0,0,0.026085,0.036763
760,test,shipping,0,0,0.033095,0.034133
760,test,smell,0,0,0.045359,0.064857
760,test,stayingpower,0,0,0.031775,0.018714
760,test,texture,0,0,0.026336,0.025339
761,test,colour,1,1,0.014036,0.978081
761,test,packing,0,0,0.017615,0.057638
761,test,price,0,0,0.020477,0.055574
761,test,shipping,1,1,0.007265,0.981945
761,test,smell,0,0,0.007557,0.046114
761,test,stayingpower,0,0,0.056694,0.295069
761,test,texture,1,1,0.016099,0.956421
762,test,colour,1,1,0.068237,0.929627
762,test,packing,0,0,0.009646,0.016129
762,test,price,0,0,0.01045,0.013905
762,test,shipping,0,0,0.013993,0.018602
762,test,smell,0,0,0.02947,0.05194
762,test,stayingpower,0,0,0.040896,0.041392
762,test,texture,1,1,0.123776,0.659064
763,test,colour,0,0,0.045326,0.040542
763,test,packing,0,0,0.093677,0.277946
763,test,price,1,1,0.014375,0.969894
763,test,shipping,2,2,0.987288,0.005289
763,test,smell,1,1,0.066409,0.902325
763,test,stayingpower,0,0,0.018528,0.034461
763,test,texture,0,0,0.030395,0.099824
764,test,colour,0,0,0.383526,0.084637
764,test,packing,0,0,0.09022,0.021606
764,test,price,0,0,0.083325,0.199824
764,test,shipping,0,0,0.09949,0.018929
764,test,smell,2,2,0.984676,0.013133
764,test,stayingpower,0,0,0.05975,0.035719
764,test,texture,0,2,0.485938,0.094726
765,test,colour,1,1,0.108975,0.862179
765,test,packing,0,0,0.19265,0.24504
765,test,price,0,0,0.079512,0.211746
765,test,shipping,2,2,0.997058,0.001661
765,test,smell,1,1,0.275371,0.675273
765,test,stayingpower,3,2,0.636131,0.3079
765,test,texture,1,2,0.765222,0.199818
766,test,colour,0,1,0.023615,0.965589
766,test,packing,0,0,0.027996,0.025433
766,test,price,1,1,0.016928,0.957704
766,test,shipping,0,0,0.146431,0.026968
766,test,smell,0,2,0.582189,0.409169
766,test,stayingpower,1,1,0.303593,0.522008
766,test,texture,1,1,0.089481,0.881953
767,test,colour,0,0,0.042098,0.196591
767,test,packing,0,0,0.030033,0.052745
767,test,price,0,0,0.011668,0.020302
767,test,shipping,1,1,0.059454,0.937985
767,test,smell,0,0,0.00672,0.056467
767,test,stayingpower,1,1,0.051775,0.870848
767,test,texture,1,1,0.042577,0.655043
768,test,colour,1,1,0.067206,0.900561
768,test,packing,0,0,0.058122,0.064501
768,test,price,0,0,0.019256,0.03466
768,test,shipping,3,2,0.993722,0.005743
768,test,smell,0,0,0.044351,0.036144
768,test,stayingpower,0,0,0.024522,0.03276
768,test,texture,0,0,0.053421,0.018906
769,test,colour,0,0,0.023647,0.11662
769,test,packing,0,0,0.016826,0.016615
769,test,price,0,0,0.023798,0.115448
769,test,shipping,0,0,0.038403,0.020397
769,test,smell,1,1,0.285067,0.696758
769,test,stayingpower,0,0,0.012053,0.018654
769,test,texture,0,0,0.016088,0.085714
770,test,colour,0,0,0.035456,0.014666
770,test,packing,0,0,0.023643,0.028932
770,test,price,0,0,0.013052,0.014154
770,test,shipping,0,0,0.025735,0.029133
770,test,smell,0,0,0.012618,0.014883
770,test,stayingpower,0,0,0.01117,0.008809
770,test,texture,0,0,0.012136,0.012899
771,test,colour,0,0,0.171124,0.094886
771,test,packing,0,0,0.094631,0.032986
771,test,price,1,1,0.014088,0.978604
771,test,shipping,0,0,0.113422,0.023061
771,test,smell,3,2,0.960677,0.033255
771,test,stayingpower,0,0,0.392459,0.063177
771,test,texture,0,2,0.445183,0.255621
772,test,colour,3,1,0.011228,0.985164
772,test,packing,0,0,0.039895,0.088259
772,test,price,1,1,0.014124,0.971928
772,test,shipping,0,0,0.048078,0.059485
772,test,smell,1,1,0.024532,0.94778
772,test,stayingpower,1,1,0.318407,0.554477
772,test,texture,1,1,0.016532,0.964088
773,test,colour,1,1,0.007247,0.989964
773,test,packing,0,0,0.016203,0.035954
773,test,price,0,0,0.024797,0.046799
773,test,shipping,0,0,0.03147,0.028944
773,test,smell,0,0,0.033554,0.067444
773,test,stayingpower,0,0,0.015638,0.015493
773,test,texture,0,0,0.01549,0.02068
774,test,colour,0,0,0.023876,0.025952
774,test,packing,0,0,0.012783,0.021393
774,test,price,0,0,0.013271,0.022583
774,test,shipping,0,0,0.016452,0.027766
774,test,smell,0,0,0.010432,0.025614
774,test,stayingpower,0,0,0.006326,0.008529
774,test,texture,0,0,0.009583,0.027757
775,test,colour,1,1,0.009535,0.964636
775,test,packing,0,1,0.023729,0.961305
775,test,price,1,1,0.016944,0.970371
775,test,shipping,0,1,0.166459,0.502332
775,test,smell,0,0,0.023605,0.110795
775,test,stayingpower,0,0,0.025037,0.046463
775,test,texture,0,0,0.016221,0.13192
776,test,colour,1,1,0.00785,0.989246
776,test,packing,1,1,0.045102,0.89889
776,test,price,1,1,0.013408,0.980439
776,test,shipping,0,0,0.28806,0.170934
776,test,smell,0,0,0.057557,0.176265
776,test,stayingpower,0,0,0.301853,0.221014
776,test,texture,1,1,0.073349,0.864191
777,test,colour,1,1,0.201732,0.794338
777,test,packing,0,0,0.04408,0.020914
777,test,price,0,0,0.043833,0.062522
777,test,shipping,0,0,0.087821,0.062884
777,test,smell,0,0,0.080318,0.02284
777,test,stayingpower,0,0,0.104352,0.071078
777,test,texture,2,2,0.968676,0.01128
778,test,colour,0,0,0.026987,0.0354
778,test,packing,0,0,0.050472,0.085556
778,test,price,0,0,0.012369,0.02827
778,test,shipping,1,1,0.094308,0.890264
778,test,smell,0,0,0.006715,0.010479
778,test,stayingpower,0,0,0.005262,0.008127
778,test,texture,0,0,0.011653,0.016592
779,test,colour,0,0,0.032894,0.01401
779,test,packing,0,0,0.016053,0.014327
779,test,price,0,0,0.014596,0.016617
779,test,shipping,0,0,0.014032,0.009989
779,test,smell,0,0,0.017847,0.036278
779,test,stayingpower,0,0,0.016239,0.011418
779,test,texture,0,0,0.025863,0.030569
780,test,colour,1,1,0.008748,0.989327
780,test,packing,0,0,0.028255,0.048968
780,test,price,0,0,0.035528,0.145297
780,test,shipping,0,2,0.806068,0.03826
780,test,smell,0,0,0.017606,0.046613
780,test,stayingpower,1,1,0.388427,0.602452
780,test,texture,1,1,0.144937,0.788019
781,test,colour,1,1,0.01207,0.981772
781,test,packing,0,0,0.017166,0.028769
781,test,price,0,0,0.037781,0.048522
781,test,shipping,0,0,0.024786,0.046791
781,test,smell,1,1,0.030966,0.95067
781,test,stayingpower,0,0,0.024279,0.035853
781,test,texture,0,0,0.01643,0.032908
782,test,colour,0,0,0.03849,0.071132
782,test,packing,1,1,0.027236,0.962572
782,test,price,0,0,0.056458,0.122436
782,test,shipping,1,1,0.009664,0.974732
782,test,smell,1,1,0.010672,0.963494
782,test,stayingpower,0,0,0.049271,0.138028
782,test,texture,1,1,0.00526,0.944284
783,test,colour,0,0,0.033522,0.084771
783,test,packing,0,0,0.022209,0.021281
783,test,price,1,1,0.003155,0.994778
783,test,shipping,0,0,0.058992,0.009517
783,test,smell,0,0,0.012342,0.028194
783,test,stayingpower,0,0,0.017216,0.043858
783,test,texture,0,0,0.062803,0.369684
784,test,colour,0,0,0.085013,0.033463
784,test,packing,0,0,0.017281,0.011026
784,test,price,0,0,0.010379,0.009862
784,test,shipping,0,0,0.0232,0.008698
784,test,smell,0,0,0.017778,0.024565
784,test,stayingpower,0,0,0.011927,0.01067
784,test,texture,0,0,0.022421,0.026335
785,test,colour,1,1,0.157915,0.825448
785,test,packing,0,0,0.266657,0.125341
785,test,price,1,1,0.043677,0.923474
785,test,shipping,3,2,0.827211,0.166168
785,test,smell,0,0,0.131604,0.063846
785,test,stayingpower,0,2,0.459257,0.191254
785,test,texture,2,2,0.954827,0.016307
786,test,colour,0,0,0.026423,0.054742
786,test,packing,0,0,0.008353,0.021333
786,test,price,0,0,0.014646,0.038809
786,test,shipping,0,0,0.00862,0.033777
786,test,smell,0,0,0.006151,0.021878
786,test,stayingpower,0,0,0.004464,0.014018
786,test,texture,0,0,0.014257,0.149064
787,test,colour,0,0,0.02834,0.044381
787,test,packing,0,0,0.01523,0.033152
787,test,price,0,0,0.010338,0.013617
787,test,shipping,0,0,0.01722,0.025226
787,test,smell,0,0,0.011566,0.027343
787,test,stayingpower,0,0,0.007247,0.008515
787,test,texture,0,0,0.007781,0.019682
788,test,colour,0,0,0.020932,0.019294
788,test,packing,0,0,0.05239,0.090625
788,test,price,0,0,0.008653,0.010807
788,test,shipping,2,0,0.292205,0.150043
788,test,smell,0,0,0.00715,0.010493
788,test,stayingpower,0,0,0.004835,0.005691
788,test,texture,0,0,0.008767,0.008433
789,test,colour,0,0,0.022961,0.04544
789,test,packing,1,1,0.021183,0.97313
789,test,price,0,0,0.044341,0.090124
789,test,shipping,0,0,0.062891,0.136544
789,test,smell,1,1,0.018598,0.959427
789,test,stayingpower,0,0,0.021801,0.052089
789,test,texture,0,0,0.013576,0.100749
790,test,colour,1,1,0.012055,0.98069
790,test,packing,1,1,0.018404,0.970147
790,test,price,0,0,0.021098,0.054837
790,test,shipping,1,1,0.013286,0.97584
790,test,smell,0,0,0.022372,0.134219
790,test,stayingpower,0,0,0.054481,0.078965
790,test,texture,1,1,0.012577,0.892027
791,test,colour,0,0,0.022457,0.033507
791,test,packing,0,0,0.063386,0.309351
791,test,price,0,0,0.02543,0.070432
791,test,shipping,1,1,0.006057,0.993026
791,test,smell,0,0,0.009737,0.030685
791,test,stayingpower,0,0,0.010354,0.021577
791,test,texture,0,0,0.011883,0.049277
792,test,colour,2,2,0.98007,0.017183
792,test,packing,0,0,0.040262,0.022698
792,test,price,0,0,0.03361,0.043514
792,test,shipping,0,0,0.055907,0.094381
792,test,smell,0,0,0.017977,0.015989
792,test,stayingpower,0,0,0.146376,0.023639
792,test,texture,0,0,0.376505,0.181281
793,test,colour,0,0,0.045602,0.097914
793,test,packing,0,0,0.053289,0.091788
793,test,price,0,0,0.011166,0.018698
793,test,shipping,0,0,0.130033,0.381302
793,test,smell,0,0,0.005159,0.008217
793,test,stayingpower,0,0,0.005691,0.007771
793,test,texture,0,0,0.006509,0.012616
794,test,colour,1,1,0.025278,0.963659
794,test,packing,0,0,0.025144,0.084286
794,test,price,0,0,0.015613,0.022808
794,test,shipping,1,1,0.009837,0.976989
794,test,smell,0,0,0.015272,0.036467
794,test,stayingpower,0,0,0.010924,0.017846
794,test,texture,0,0,0.011386,0.027965
795,test,colour,1,1,0.013131,0.981923
795,test,packing,0,0,0.011081,0.017033
795,test,price,0,0,0.028821,0.047679
795,test,shipping,0,0,0.012555,0.020753
795,test,smell,1,1,0.031033,0.9341
795,test,stayingpower,0,0,0.02625,0.041366
795,test,texture,0,0,0.019054,0.083871
796,test,colour,0,2,0.60152,0.079779
796,test,packing,0,0,0.100673,0.028479
796,test,price,1,1,0.032026,0.903821
796,test,shipping,1,1,0.059635,0.936359
796,test,smell,0,0,0.037016,0.023311
796,test,stayingpower,0,0,0.081832,0.047485
796,test,texture,0,0,0.233462,0.061909
797,test,colour,1,1,0.011206,0.984212
797,test,packing,0,0,0.00929,0.02501
797,test,price,0,0,0.022744,0.046827
797,test,shipping,0,0,0.019077,0.021166
797,test,smell,0,0,0.014614,0.048425
797,test,stayingpower,0,0,0.012869,0.029607
797,test,texture,0,0,0.014193,0.144864
798,test,colour,0,0,0.023385,0.034145
798,test,packing,0,0,0.010261,0.018762
798,test,price,0,0,0.011625,0.018995
798,test,shipping,0,0,0.016618,0.022842
798,test,smell,0,0,0.00956,0.036297
798,test,stayingpower,0,0,0.006589,0.010261
798,test,texture,0,0,0.009815,0.042298
799,test,colour,0,0,0.049917,0.0121
799,test,packing,1,1,0.285265,0.68434
799,test,price,0,0,0.007716,0.012561
799,test,shipping,0,2,0.622992,0.05822
799,test,smell,0,0,0.011488,0.005264
799,test,stayingpower,0,0,0.027371,0.01876
799,test,texture,3,0,0.119209,0.07112
800,test,colour,2,2,0.883756,0.085465
800,test,packing,0,0,0.027982,0.010516
800,test,price,0,0,0.039367,0.045145
800,test,shipping,0,0,0.144476,0.063908
800,test,smell,0,0,0.034502,0.019812
800,test,stayingpower,1,2,0.755885,0.189189
800,test,texture,0,0,0.339911,0.043393
801,test,colour,3,1,0.145444,0.816806
801,test,packing,0,0,0.04491,0.068071
801,test,price,0,0,0.03128,0.064411
801,test,shipping,0,0,0.167773,0.067027
801,test,smell,0,0,0.01873,0.068998
801,test,stayingpower,3,2,0.849,0.148251
801,test,texture,1,1,0.030566,0.962949
802,test,colour,1,1,0.007928,0.98657
802,test,packing,0,0,0.021866,0.067463
802,test,price,0,0,0.041457,0.073671
802,test,shipping,0,0,0.020814,0.036933
802,test,smell,1,1,0.01935,0.965263
802,test,stayingpower,0,0,0.023841,0.041898
802,test,texture,0,0,0.01454,0.069344
803,test,colour,1,1,0.003805,0.989721
803,test,packing,1,1,0.025326,0.938579
803,test,price,0,0,0.018693,0.029369
803,test,shipping,0,1,0.162329,0.666999
803,test,smell,0,0,0.00847,0.030753
803,test,stayingpower,0,0,0.024952,0.056503
803,test,texture,0,0,0.00916,0.039195
804,test,colour,0,0,0.049973,0.040737
804,test,packing,0,0,0.049746,0.085352
804,test,price,0,0,0.025809,0.065681
804,test,shipping,2,2,0.996868,0.001627
804,test,smell,0,0,0.0319,0.030642
804,test,stayingpower,0,0,0.013907,0.01448
804,test,texture,0,0,0.025046,0.019341
805,test,colour,1,1,0.354887,0.638001
805,test,packing,1,1,0.21564,0.753275
805,test,price,0,0,0.080502,0.294571
805,test,shipping,0,0,0.293106,0.112518
805,test,smell,1,1,0.26427,0.691774
805,test,stayingpower,1,2,0.756241,0.178244
805,test,texture,3,2,0.881434,0.086735
806,test,colour,3,0,0.026013,0.112394
806,test,packing,0,0,0.046984,0.11612
806,test,price,0,0,0.02662,0.110825
806,test,shipping,2,2,0.97968,0.006802
806,test,smell,0,0,0.014173,0.064568
806,test,stayingpower,1,1,0.054317,0.920747
806,test,texture,1,1,0.037329,0.931811
807,test,colour,1,1,0.055709,0.938345
807,test,packing,0,0,0.022079,0.018732
807,test,price,0,0,0.040579,0.081713
807,test,shipping,0,0,0.034996,0.12285
807,test,smell,0,0,0.018267,0.033434
807,test,stayingpower,2,2,0.978477,0.015383
807,test,texture,0,0,0.241198,0.154018
808,test,colour,2,2,0.848605,0.087273
808,test,packing,0,0,0.140689,0.085089
808,test,price,0,0,0.0607,0.063766
808,test,shipping,1,1,0.129829,0.85194
808,test,smell,1,2,0.882018,0.107725
808,test,stayingpower,0,0,0.171921,0.048832
808,test,texture,0,0,0.120931,0.100873
809,test,colour,1,1,0.009715,0.983899
809,test,packing,0,0,0.023981,0.091285
809,test,price,1,1,0.011223,0.975961
809,test,shipping,1,1,0.015683,0.962338
809,test,smell,0,0,0.012229,0.056795
809,test,stayingpower,0,0,0.058859,0.17205
809,test,texture,0,0,0.042433,0.290778
810,test,colour,1,1,0.038429,0.947311
810,test,packing,0,0,0.0445,0.08614
810,test,price,0,0,0.033244,0.132786
810,test,shipping,0,0,0.10371,0.045325
810,test,smell,1,1,0.017195,0.980481
810,test,stayingpower,3,1,0.233261,0.660057
810,test,texture,1,1,0.01583,0.978385
811,test,colour,1,1,0.246396,0.721256
811,test,packing,0,0,0.084622,0.095057
811,test,price,0,0,0.018712,0.072424
811,test,shipping,0,0,0.029344,0.02993
811,test,smell,1,1,0.467147,0.517579
811,test,stayingpower,2,2,0.930344,0.058576
811,test,texture,1,1,0.03104,0.956977
812,test,colour,0,2,0.645683,0.011969
812,test,packing,0,0,0.063939,0.015168
812,test,price,0,0,0.030325,0.035739
812,test,shipping,0,0,0.021609,0.006979
812,test,smell,0,0,0.0876,0.024341
812,test,stayingpower,0,0,0.031003,0.029114
812,test,texture,2,2,0.882768,0.023686
813,test,colour,2,2,0.987308,0.010235
813,test,packing,0,0,0.094581,0.055
813,test,price,0,0,0.117661,0.363157
813,test,shipping,0,0,0.041083,0.025546
813,test,smell,1,2,0.588993,0.360285
813,test,stayingpower,3,2,0.827018,0.062348
813,test,texture,3,2,0.862419,0.078096
814,test,colour,1,1,0.139917,0.822807
814,test,packing,0,0,0.149815,0.109492
814,test,price,0,0,0.047537,0.089504
814,test,shipping,1,2,0.944216,0.043083
814,test,smell,0,0,0.080045,0.053661
814,test,stayingpower,2,2,0.979895,0.018489
814,test,texture,0,2,0.564127,0.160248
815,test,colour,0,0,0.034061,0.085622
815,test,packing,0,0,0.041921,0.137208
815,test,price,1,1,0.008722,0.983962
815,test,shipping,0,0,0.028762,0.041974
815,test,smell,0,0,0.02947,0.20851
815,test,stayingpower,0,0,0.023597,0.070149
815,test,texture,1,1,0.003281,0.992649
816,test,colour,0,1,0.046748,0.941461
816,test,packing,0,0,0.016201,0.031204
816,test,price,0,0,0.02382,0.058045
816,test,shipping,0,0,0.014807,0.024179
816,test,smell,1,1,0.009862,0.979959
816,test,stayingpower,0,0,0.029156,0.083477
816,test,texture,1,1,0.007207,0.94886
817,test,colour,0,0,0.022347,0.079403
817,test,packing,0,0,0.025113,0.045683
817,test,price,1,1,0.013529,0.968876
817,test,shipping,0,0,0.014241,0.025708
817,test,smell,1,1,0.015839,0.966603
817,test,stayingpower,0,0,0.02327,0.041342
817,test,texture,0,0,0.011308,0.148195
818,test,colour,0,0,0.029126,0.030288
818,test,packing,0,0,0.01825,0.02149
818,test,price,0,0,0.016269,0.043164
818,test,shipping,0,0,0.008541,0.011545
818,test,smell,0,0,0.011916,0.025953
818,test,stayingpower,0,0,0.008776,0.009215
818,test,texture,0,0,0.011476,0.025754
819,test,colour,1,0,0.03671,0.111429
819,test,packing,0,0,0.033624,0.080161
819,test,price,1,1,0.003849,0.9928
819,test,shipping,0,0,0.021235,0.017295
819,test,smell,0,0,0.027746,0.165098
819,test,stayingpower,0,0,0.023383,0.060569
819,test,texture,1,1,0.006624,0.978983
820,test,colour,0,2,0.831768,0.069609
820,test,packing,0,0,0.030789,0.024615
820,test,price,0,0,0.024521,0.017934
820,test,shipping,0,0,0.017914,0.016129
820,test,smell,0,0,0.007573,0.005085
820,test,stayingpower,0,0,0.050788,0.011626
820,test,texture,0,0,0.055477,0.024471
821,test,colour,0,0,0.053333,0.032449
821,test,packing,0,0,0.102705,0.158382
821,test,price,1,1,0.005717,0.991917
821,test,shipping,2,2,0.992459,0.003473
821,test,smell,0,0,0.087119,0.109163
821,test,stayingpower,0,0,0.029542,0.029551
821,test,texture,0,0,0.09967,0.107413
822,test,colour,0,0,0.048307,0.01916
822,test,packing,0,0,0.022568,0.020709
822,test,price,0,0,0.011577,0.010916
822,test,shipping,0,0,0.027502,0.020282
822,test,smell,0,0,0.013099,0.013422
822,test,stayingpower,0,0,0.01284,0.008695
822,test,texture,0,0,0.017674,0.013183
823,test,colour,0,0,0.017739,0.020872
823,test,packing,0,0,0.015666,0.024338
823,test,price,0,0,0.012009,0.016648
823,test,shipping,0,0,0.041278,0.04133
823,test,smell,0,0,0.014954,0.031552
823,test,stayingpower,0,0,0.007527,0.007773
823,test,texture,0,0,0.007381,0.012461
824,test,colour,1,1,0.011262,0.978223
824,test,packing,0,0,0.019092,0.039497
824,test,price,0,0,0.018349,0.039314
824,test,shipping,1,1,0.262715,0.728095
824,test,smell,0,0,0.010464,0.022266
824,test,stayingpower,0,0,0.026917,0.111874
824,test,texture,0,0,0.009406,0.01704
825,test,colour,0,0,0.024287,0.033025
825,test,packing,0,0,0.027922,0.036009
825,test,price,0,0,0.009884,0.010691
825,test,shipping,1,1,0.132867,0.810512
825,test,smell,0,0,0.007288,0.014388
825,test,stayingpower,0,0,0.004423,0.007589
825,test,texture,0,0,0.010021,0.021226
826,test,colour,0,0,0.041014,0.098105
826,test,packing,0,0,0.013642,0.028185
826,test,price,0,0,0.021129,0.032121
826,test,shipping,0,0,0.011766,0.016982
826,test,smell,1,1,0.021492,0.953757
826,test,stayingpower,0,0,0.011392,0.014152
826,test,texture,0,0,0.009535,0.075056
827,test,colour,0,0,0.015904,0.21797
827,test,packing,1,1,0.017247,0.97538
827,test,price,0,0,0.031678,0.065227
827,test,shipping,1,1,0.054517,0.93336
827,test,smell,1,1,0.010158,0.973737
827,test,stayingpower,1,1,0.072687,0.498027
827,test,texture,0,0,0.02074,0.254745
828,test,colour,1,1,0.005884,0.989452
828,test,packing,0,0,0.016864,0.082658
828,test,price,0,0,0.017509,0.064486
828,test,shipping,1,1,0.007636,0.977773
828,test,smell,0,0,0.011199,0.115049
828,test,stayingpower,0,0,0.06173,0.267219
828,test,texture,1,1,0.006251,0.962837
829,test,colour,1,1,0.002727,0.993789
829,test,packing,1,0,0.013128,0.050944
829,test,price,0,0,0.010116,0.021705
829,test,shipping,0,0,0.03533,0.057738
829,test,smell,0,0,0.00769,0.037557
829,test,stayingpower,1,1,0.079057,0.50105
829,test,texture,0,0,0.023594,0.350518
830,test,colour,1,1,0.009854,0.988843
830,test,packing,0,0,0.011821,0.02368
830,test,price,0,0,0.018637,0.048545
830,test,shipping,0,0,0.009811,0.024468
830,test,smell,0,0,0.012428,0.066488
830,test,stayingpower,0,1,0.20266,0.46682
830,test,texture,1,1,0.094433,0.884497
831,test,colour,1,1,0.015715,0.977398
831,test,packing,1,1,0.13193,0.755199
831,test,price,1,1,0.022534,0.957624
831,test,shipping,1,1,0.047076,0.927643
831,test,smell,0,0,0.104519,0.269184
831,test,stayingpower,2,2,0.953098,0.036438
831,test,texture,0,1,0.34006,0.44348
832,test,colour,0,0,0.01549,0.008075
832,test,packing,0,1,0.128316,0.749145
832,test,price,0,0,0.046288,0.433636
832,test,shipping,0,0,0.198275,0.049862
832,test,smell,0,0,0.005921,0.007136
832,test,stayingpower,0,0,0.003656,0.006259
832,test,texture,0,0,0.007166,0.007608
833,test,colour,0,0,0.016531,0.021491
833,test,packing,0,0,0.012236,0.02624
833,test,price,1,1,0.029339,0.688421
833,test,shipping,0,0,0.005271,0.010924
833,test,smell,0,0,0.006463,0.019021
833,test,stayingpower,0,0,0.007181,0.014719
833,test,texture,0,0,0.015835,0.09747
834,test,colour,1,1,0.011952,0.985691
834,test,packing,0,0,0.048306,0.032728
834,test,price,0,0,0.05828,0.13192
834,test,shipping,0,0,0.04729,0.061692
834,test,smell,2,2,0.644416,0.349616
834,test,stayingpower,0,0,0.116826,0.052494
834,test,texture,1,2,0.464123,0.094948
835,test,colour,1,1,0.049634,0.935952
835,test,packing,0,0,0.127778,0.175716
835,test,price,0,0,0.044121,0.129824
835,test,shipping,2,2,0.977061,0.018378
835,test,smell,1,1,0.385431,0.571803
835,test,stayingpower,2,2,0.945103,0.038342
835,test,texture,0,0,0.219296,0.136127
836,test,colour,0,1,0.055252,0.521997
836,test,packing,0,0,0.027649,0.044719
836,test,price,0,0,0.013392,0.046812
836,test,shipping,0,0,0.064214,0.033577
836,test,smell,0,0,0.004647,0.027769
836,test,stayingpower,1,1,0.044489,0.948991
836,test,texture,3,1,0.070882,0.902053
837,test,colour,0,0,0.017304,0.04732
837,test,packing,1,1,0.012925,0.984504
837,test,price,0,0,0.02887,0.043844
837,test,shipping,0,0,0.078673,0.187116
837,test,smell,0,0,0.009385,0.020447
837,test,stayingpower,0,0,0.018963,0.036954
837,test,texture,0,0,0.00828,0.036804
838,test,colour,1,1,0.004275,0.989243
838,test,packing,0,0,0.011168,0.020326
838,test,price,0,0,0.035226,0.247978
838,test,shipping,0,0,0.020869,0.026599
838,test,smell,0,0,0.011465,0.051204
838,test,stayingpower,1,1,0.076057,0.834017
838,test,texture,0,0,0.037145,0.394278
839,test,colour,0,0,0.093108,0.368118
839,test,packing,0,0,0.09077,0.122665
839,test,price,0,0,0.052906,0.128123
839,test,shipping,0,0,0.123018,0.092952
839,test,smell,0,0,0.0546,0.158882
839,test,stayingpower,2,2,0.973231,0.025721
839,test,texture,1,1,0.034582,0.949646
840,test,colour,0,0,0.09614,0.02993
840,test,packing,0,0,0.179689,0.109866
840,test,price,1,1,0.01547,0.973758
840,test,shipping,2,2,0.976323,0.019468
840,test,smell,0,0,0.065053,0.036033
840,test,stayingpower,0,0,0.034311,0.027506
840,test,texture,0,0,0.282399,0.10981
841,test,colour,1,1,0.155895,0.829961
841,test,packing,0,0,0.074743,0.071615
841,test,price,1,1,0.010621,0.9852
841,test,shipping,0,0,0.104875,0.016631
841,test,smell,0,0,0.093295,0.064444
841,test,stayingpower,0,0,0.213577,0.18334
841,test,texture,2,2,0.670542,0.317869
842,test,colour,1,1,0.007799,0.976833
842,test,packing,0,0,0.014025,0.038487
842,test,price,0,0,0.023662,0.10498
842,test,shipping,1,0,0.104109,0.289223
842,test,smell,0,0,0.006924,0.013805
842,test,stayingpower,0,0,0.007021,0.012021
842,test,texture,0,0,0.005313,0.018165
843,test,colour,0,0,0.063061,0.032346
843,test,packing,0,0,0.02014,0.016813
843,test,price,0,0,0.010565,0.01011
843,test,shipping,0,0,0.017443,0.010638
843,test,smell,0,0,0.017748,0.022788
843,test,stayingpower,0,0,0.01128,0.009655
843,test,texture,0,0,0.019207,0.015503
844,test,colour,0,0,0.036602,0.050176
844,test,packing,0,0,0.013348,0.019994
844,test,price,0,0,0.021168,0.029529
844,test,shipping,0,0,0.020577,0.02473
844,test,smell,1,1,0.026064,0.95649
844,test,stayingpower,0,0,0.011476,0.018731
844,test,texture,0,0,0.013255,0.071752
845,test,colour,1,1,0.005056,0.989076
845,test,packing,0,0,0.011155,0.046955
845,test,price,0,0,0.026804,0.121573
845,test,shipping,0,0,0.01631,0.032915
845,test,smell,0,0,0.011391,0.039992
845,test,stayingpower,0,0,0.011751,0.01976
845,test,texture,0,0,0.01268,0.070135
846,test,colour,0,0,0.041349,0.059238
846,test,packing,0,0,0.01295,0.016757
846,test,price,0,0,0.022402,0.040221
846,test,shipping,0,0,0.018086,0.02833
846,test,smell,1,1,0.02242,0.951595
846,test,stayingpower,0,0,0.010442,0.013287
846,test,texture,0,0,0.012083,0.059355
847,test,colour,1,1,0.010679,0.980936
847,test,packing,0,0,0.012148,0.023022
847,test,price,0,0,0.018073,0.056063
847,test,shipping,0,0,0.041554,0.042148
847,test,smell,0,0,0.009408,0.069482
847,test,stayingpower,1,1,0.051312,0.918152
847,test,texture,0,1,0.066912,0.577852
848,test,colour,0,0,0.03083,0.051572
848,test,packing,0,0,0.014291,0.026063
848,test,price,0,0,0.017213,0.035511
848,test,shipping,0,0,0.038072,0.021123
848,test,smell,0,0,0.005209,0.011168
848,test,stayingpower,0,0,0.006156,0.012892
848,test,texture,0,0,0.007083,0.016113
849,test,colour,3,1,0.106743,0.882462
849,test,packing,0,0,0.025333,0.028611
849,test,price,0,0,0.020765,0.023902
849,test,shipping,0,0,0.048789,0.107459
849,test,smell,0,0,0.020896,0.04265
849,test,stayingpower,2,2,0.978752,0.014161
849,test,texture,0,0,0.13068,0.200756
850,test,colour,0,0,0.022866,0.095639
850,test,packing,0,1,0.016256,0.975594
850,test,price,0,0,0.057409,0.333554
850,test,shipping,0,0,0.114341,0.112733
850,test,smell,0,0,0.032974,0.363029
850,test,stayingpower,0,0,0.042083,0.16
850,test,texture,1,1,0.001679,0.992837
851,test,colour,1,1,0.002777,0.994858
851,test,packing,0,0,0.020582,0.080454
851,test,price,0,0,0.031022,0.134917
851,test,shipping,2,2,0.977628,0.018128
851,test,smell,0,0,0.032694,0.086132
851,test,stayingpower,0,0,0.031336,0.089429
851,test,texture,0,0,0.031345,0.184255
852,test,colour,0,0,0.009659,0.023356
852,test,packing,0,0,0.066511,0.298449
852,test,price,1,1,0.009925,0.979668
852,test,shipping,1,1,0.220394,0.744915
852,test,smell,0,0,0.008314,0.019939
852,test,stayingpower,0,0,0.008655,0.032413
852,test,texture,0,0,0.013987,0.036364
853,test,colour,0,0,0.018605,0.020421
853,test,packing,1,1,0.01984,0.975608
853,test,price,0,0,0.028141,0.044035
853,test,shipping,0,0,0.047165,0.12124
853,test,smell,0,0,0.012649,0.050624
853,test,stayingpower,0,0,0.008555,0.012803
853,test,texture,0,0,0.009189,0.061274
854,test,colour,1,1,0.010877,0.983146
854,test,packing,0,0,0.019367,0.042862
854,test,price,0,0,0.028388,0.037496
854,test,shipping,0,0,0.028751,0.043552
854,test,smell,1,1,0.026149,0.944276
854,test,stayingpower,0,0,0.011546,0.021511
854,test,texture,0,0,0.01505,0.050744
855,test,colour,1,1,0.052722,0.932583
855,test,packing,0,0,0.064384,0.047633
855,test,price,0,0,0.076748,0.135893
855,test,shipping,2,2,0.991655,0.00519
855,test,smell,0,0,0.101814,0.085262
855,test,stayingpower,1,2,0.520869,0.43723
855,test,texture,2,2,0.932304,0.047565
856,test,colour,1,1,0.007443,0.984035
856,test,packing,0,0,0.027698,0.076838
856,test,price,0,0,0.026201,0.102608
856,test,shipping,0,0,0.34757,0.141127
856,test,smell,0,0,0.005899,0.049474
856,test,stayingpower,1,1,0.079967,0.910996
856,test,texture,1,1,0.046869,0.941505
857,test,colour,0,0,0.084308,0.041759
857,test,packing,0,0,0.098139,0.084047
857,test,price,0,0,0.014829,0.030285
857,test,shipping,2,2,0.99637,0.001866
857,test,smell,0,0,0.02988,0.018928
857,test,stayingpower,0,0,0.016252,0.013694
857,test,texture,0,0,0.049382,0.014294
858,test,colour,1,1,0.005603,0.988126
858,test,packing,0,0,0.008865,0.031453
858,test,price,0,0,0.018879,0.084829
858,test,shipping,0,0,0.0245,0.080472
858,test,smell,0,0,0.010374,0.091533
858,test,stayingpower,0,0,0.027225,0.121658
858,test,texture,1,1,0.003489,0.986304
859,test,colour,1,1,0.058199,0.938554
859,test,packing,0,0,0.03171,0.023884
859,test,price,0,0,0.029155,0.038771
859,test,shipping,0,0,0.056729,0.031314
859,test,smell,1,1,0.153373,0.834113
859,test,stayingpower,0,0,0.055595,0.078286
859,test,texture,2,2,0.790317,0.081615
860,test,colour,0,0,0.025346,0.098525
860,test,packing,0,0,0.040583,0.102101
860,test,price,1,1,0.015251,0.941498
860,test,shipping,3,1,0.369849,0.474755
860,test,smell,0,0,0.002765,0.005507
860,test,stayingpower,0,0,0.004843,0.010199
860,test,texture,0,0,0.005378,0.013778
861,test,colour,0,0,0.029334,0.199267
861,test,packing,1,1,0.049438,0.922542
861,test,price,0,0,0.017231,0.038093
861,test,shipping,0,0,0.200281,0.262728
861,test,smell,0,0,0.004482,0.031317
861,test,stayingpower,3,1,0.040676,0.949652
861,test,texture,3,1,0.038148,0.74777
862,test,colour,0,0,0.088497,0.05555
862,test,packing,0,0,0.105102,0.105479
862,test,price,0,0,0.014579,0.030385
862,test,shipping,3,2,0.993338,0.00569
862,test,smell,0,0,0.013154,0.011416
862,test,stayingpower,0,0,0.009361,0.01174
862,test,texture,0,0,0.083914,0.038668
863,test,colour,0,0,0.128767,0.161013
863,test,packing,0,0,0.19715,0.164478
863,test,price,0,0,0.053409,0.191276
863,test,shipping,2,2,0.990485,0.005227
863,test,smell,1,1,0.414686,0.527703
863,test,stayingpower,2,2,0.92668,0.059958
863,test,texture,0,0,0.151715,0.251327
864,test,colour,1,1,0.009689,0.96877
864,test,packing,0,0,0.015155,0.027333
864,test,price,0,0,0.030129,0.10615
864,test,shipping,0,0,0.103428,0.035647
864,test,smell,0,0,0.013871,0.15484
864,test,stayingpower,1,1,0.030984,0.961061
864,test,texture,1,1,0.022357,0.942434
865,test,colour,1,1,0.009076,0.987237
865,test,packing,0,0,0.01573,0.03245
865,test,price,0,0,0.021581,0.029767
865,test,shipping,0,0,0.03141,0.038746
865,test,smell,0,0,0.027225,0.049013
865,test,stayingpower,0,0,0.017679,0.020586
865,test,texture,0,0,0.012493,0.017517
866,test,colour,0,0,0.038014,0.09108
866,test,packing,0,0,0.019665,0.048254
866,test,price,0,0,0.022753,0.078949
866,test,shipping,0,0,0.009302,0.030312
866,test,smell,1,1,0.009412,0.97769
866,test,stayingpower,0,0,0.013515,0.08328
866,test,texture,0,1,0.002641,0.964984
867,test,colour,1,1,0.010292,0.980062
867,test,packing,1,1,0.041204,0.923559
867,test,price,1,1,0.021741,0.950821
867,test,shipping,1,1,0.038721,0.952748
867,test,smell,0,0,0.046324,0.31596
867,test,stayingpower,1,1,0.282852,0.511613
867,test,texture,1,1,0.023496,0.960532
868,test,colour,1,1,0.024591,0.968695
868,test,packing,0,0,0.035451,0.061889
868,test,price,0,0,0.056126,0.113779
868,test,shipping,0,0,0.09272,0.057528
868,test,smell,0,0,0.017592,0.08595
868,test,stayingpower,2,2,0.705383,0.292454
868,test,texture,3,1,0.210349,0.703283
869,test,colour,0,0,0.026425,0.018622
869,test,packing,0,0,0.015067,0.021098
869,test,price,0,0,0.017183,0.02472
869,test,shipping,0,0,0.019354,0.023039
869,test,smell,0,0,0.011916,0.022437
869,test,stayingpower,0,0,0.007287,0.007815
869,test,texture,0,0,0.009683,0.022161
870,test,colour,1,1,0.053355,0.939656
870,test,packing,0,0,0.074751,0.054772
870,test,price,1,1,0.071677,0.85045
870,test,shipping,0,0,0.054464,0.045956
870,test,smell,0,0,0.17012,0.123214
870,test,stayingpower,2,2,0.989174,0.008808
870,test,texture,0,2,0.473705,0.198791
871,test,colour,1,1,0.058487,0.93067
871,test,packing,0,0,0.161173,0.190561
871,test,price,0,0,0.075105,0.228114
871,test,shipping,2,2,0.993895,0.003266
871,test,smell,2,2,0.86741,0.125522
871,test,stayingpower,0,0,0.402639,0.086536
871,test,texture,0,0,0.362457,0.109097
872,test,colour,0,0,0.046273,0.047617
872,test,packing,0,0,0.073326,0.11163
872,test,price,1,1,0.009392,0.984715
872,test,shipping,1,1,0.06179,0.903291
872,test,smell,0,0,0.009268,0.029172
872,test,stayingpower,0,0,0.030106,0.030509
872,test,texture,0,0,0.014814,0.045933
873,test,colour,1,1,0.024718,0.965577
873,test,packing,0,0,0.052939,0.077928
873,test,price,0,0,0.019777,0.059894
873,test,shipping,2,2,0.995526,0.002749
873,test,smell,0,0,0.038161,0.045139
873,test,stayingpower,0,0,0.018854,0.026668
873,test,texture,0,0,0.052926,0.03122
874,test,colour,1,1,0.016848,0.973232
874,test,packing,0,0,0.041144,0.124027
874,test,price,1,0,0.033772,0.135444
874,test,shipping,1,1,0.008589,0.986267
874,test,smell,1,1,0.017139,0.953649
874,test,stayingpower,0,0,0.065992,0.191504
874,test,texture,1,1,0.008375,0.958094
875,test,colour,1,1,0.017502,0.973347
875,test,packing,0,0,0.009765,0.027204
875,test,price,0,0,0.013388,0.036423
875,test,shipping,0,0,0.023227,0.056506
875,test,smell,0,0,0.014474,0.061711
875,test,stayingpower,0,0,0.039968,0.114821
875,test,texture,1,1,0.004266,0.990506
876,test,colour,2,1,0.209445,0.782953
876,test,packing,0,0,0.087004,0.041941
876,test,price,0,0,0.083455,0.184604
876,test,shipping,0,0,0.109906,0.048343
876,test,smell,3,2,0.724611,0.260514
876,test,stayingpower,0,2,0.728669,0.152774
876,test,texture,2,2,0.977465,0.020189
877,test,colour,0,0,0.045587,0.030271
877,test,packing,0,0,0.018118,0.016765
877,test,price,0,0,0.009613,0.007625
877,test,shipping,0,0,0.027166,0.018489
877,test,smell,0,0,0.015523,0.018223
877,test,stayingpower,0,0,0.015156,0.010728
877,test,texture,0,0,0.016673,0.014132
878,test,colour,1,1,0.004335,0.991645
878,test,packing,0,0,0.01269,0.032902
878,test,price,0,0,0.028527,0.099625
878,test,shipping,0,0,0.014188,0.035019
878,test,smell,1,1,0.010679,0.963075
878,test,stayingpower,0,0,0.039104,0.21323
878,test,texture,1,1,0.007736,0.945908
879,test,colour,1,1,0.013075,0.978476
879,test,packing,0,0,0.011783,0.039083
879,test,price,0,0,0.015915,0.059792
879,test,shipping,0,0,0.024937,0.050367
879,test,smell,0,0,0.018084,0.10741
879,test,stayingpower,0,0,0.049358,0.202479
879,test,texture,1,1,0.002306,0.992663
880,test,colour,1,1,0.015933,0.975778
880,test,packing,1,1,0.112685,0.792288
880,test,price,0,1,0.022166,0.960289
880,test,shipping,0,0,0.323304,0.099644
880,test,smell,1,1,0.050448,0.911513
880,test,stayingpower,0,0,0.018736,0.019578
880,test,texture,0,0,0.075723,0.113511
881,test,colour,1,1,0.009525,0.988689
881,test,packing,0,0,0.009229,0.015489
881,test,price,0,0,0.018396,0.050009
881,test,shipping,0,0,0.021246,0.019525
881,test,smell,0,0,0.011721,0.022416
881,test,stayingpower,0,0,0.09264,0.198455
881,test,texture,1,1,0.097909,0.860211
882,test,colour,1,1,0.003584,0.995763
882,test,packing,1,1,0.04956,0.869832
882,test,price,1,1,0.02213,0.949923
882,test,shipping,0,0,0.266945,0.130491
882,test,smell,0,0,0.042205,0.122991
882,test,stayingpower,1,1,0.411295,0.465626
882,test,texture,0,1,0.18696,0.572461
883,test,colour,0,0,0.057796,0.104438
883,test,packing,0,0,0.022883,0.033017
883,test,price,0,0,0.027742,0.097349
883,test,shipping,1,1,0.006055,0.99258
883,test,smell,0,0,0.014146,0.033936
883,test,stayingpower,0,0,0.015151,0.023611
883,test,texture,0,0,0.016173,0.037583
884,test,colour,0,0,0.041795,0.046845
884,test,packing,0,0,0.052156,0.162107
884,test,price,0,0,0.014274,0.012707
884,test,shipping,0,0,0.030319,0.019707
884,test,smell,0,0,0.014332,0.028622
884,test,stayingpower,0,0,0.008143,0.005668
884,test,texture,0,0,0.006248,0.008367
885,test,colour,0,0,0.004945,0.016376
885,test,packing,0,0,0.031801,0.26792
885,test,price,1,1,0.022589,0.823289
885,test,shipping,0,0,0.036111,0.166771
885,test,smell,0,0,0.002823,0.017615
885,test,stayingpower,0,0,0.00491,0.027238
885,test,texture,0,0,0.006809,0.274894
886,test,colour,1,1,0.023475,0.893323
886,test,packing,1,1,0.008103,0.989292
886,test,price,0,0,0.032853,0.055587
886,test,shipping,3,1,0.02494,0.959423
886,test,smell,0,0,0.01497,0.070579
886,test,stayingpower,0,0,0.017473,0.036321
886,test,texture,0,0,0.007802,0.052256
887,test,colour,0,0,0.016563,0.136006
887,test,packing,1,1,0.00966,0.987923
887,test,price,0,0,0.027022,0.060881
887,test,shipping,1,1,0.08108,0.873477
887,test,smell,0,0,0.009318,0.030414
887,test,stayingpower,0,0,0.008817,0.017392
887,test,texture,0,0,0.006547,0.060201
888,test,colour,0,0,0.018509,0.026071
888,test,packing,1,1,0.047265,0.942346
888,test,price,1,1,0.007356,0.98598
888,test,shipping,0,0,0.102041,0.149841
888,test,smell,0,0,0.016368,0.049983
888,test,stayingpower,0,0,0.012937,0.020655
888,test,texture,0,0,0.023434,0.10912
889,test,colour,0,0,0.04959,0.130861
889,test,packing,0,0,0.021173,0.046641
889,test,price,0,0,0.016329,0.044396
889,test,shipping,1,1,0.003299,0.992996
889,test,smell,0,0,0.008517,0.026156
889,test,stayingpower,0,0,0.009508,0.019517
889,test,texture,0,0,0.014551,0.090856
890,test,colour,0,0,0.039454,0.05534
890,test,packing,0,0,0.034826,0.129509
890,test,price,1,1,0.01449,0.971095
890,test,shipping,0,0,0.010925,0.016384
890,test,smell,0,0,0.044545,0.272259
890,test,stayingpower,0,0,0.106484,0.315902
890,test,texture,1,1,0.00327,0.994998
891,test,colour,1,1,0.059111,0.925747
891,test,packing,0,0,0.134758,0.083824
891,test,price,1,1,0.034727,0.93149
891,test,shipping,0,0,0.183379,0.109451
891,test,smell,2,2,0.953096,0.044476
891,test,stayingpower,2,2,0.870192,0.047145
891,test,texture,1,2,0.498308,0.453074
892,test,colour,1,0,0.036518,0.068758
892,test,packing,0,0,0.024616,0.040369
892,test,price,1,1,0.003851,0.994734
892,test,shipping,0,0,0.01318,0.018841
892,test,smell,0,0,0.015482,0.04336
892,test,stayingpower,0,0,0.018819,0.040876
892,test,texture,0,0,0.047229,0.314833
893,test,colour,1,1,0.00559,0.991284
893,test,packing,0,0,0.009254,0.019928
893,test,price,0,0,0.017015,0.061854
893,test,shipping,0,0,0.022654,0.064382
893,test,smell,0,0,0.010921,0.039979
893,test,stayingpower,0,0,0.105055,0.246395
893,test,texture,1,1,0.043669,0.945229
894,test,colour,1,1,0.005911,0.990979
894,test,packing,0,0,0.008377,0.009823
894,test,price,0,0,0.023059,0.065478
894,test,shipping,0,0,0.040069,0.046944
894,test,smell,0,0,0.017418,0.069527
894,test,stayingpower,1,1,0.106945,0.82826
894,test,texture,0,0,0.070667,0.312984
895,test,colour,1,1,0.004687,0.992834
895,test,packing,0,0,0.010137,0.020773
895,test,price,0,0,0.018443,0.03294
895,test,shipping,0,0,0.021975,0.029058
895,test,smell,0,0,0.016823,0.032427
895,test,stayingpower,0,0,0.031737,0.04557
895,test,texture,0,0,0.025669,0.076421
896,test,colour,1,1,0.066563,0.93158
896,test,packing,0,0,0.018614,0.028648
896,test,price,0,0,0.017056,0.021106
896,test,shipping,0,0,0.099034,0.020865
896,test,smell,0,0,0.020788,0.011007
896,test,stayingpower,0,0,0.04161,0.028393
896,test,texture,0,0,0.075609,0.029002
897,test,colour,0,1,0.036095,0.805805
897,test,packing,0,0,0.019629,0.056571
897,test,price,0,0,0.020079,0.074459
897,test,shipping,1,1,0.00265,0.996508
897,test,smell,0,0,0.00723,0.030549
897,test,stayingpower,0,0,0.019019,0.118452
897,test,texture,0,0,0.023929,0.243382
898,test,colour,3,0,0.047517,0.232256
898,test,packing,0,0,0.029529,0.130924
898,test,price,0,0,0.007308,0.017793
898,test,shipping,1,1,0.006317,0.986866
898,test,smell,0,0,0.003989,0.019904
898,test,stayingpower,0,0,0.009751,0.055591
898,test,texture,0,0,0.017049,0.209237
899,test,colour,0,0,0.345097,0.101311
899,test,packing,0,1,0.222445,0.76821
899,test,price,0,0,0.073919,0.162651
899,test,shipping,0,0,0.291995,0.177895
899,test,smell,1,1,0.439113,0.44297
899,test,stayingpower,2,2,0.977055,0.016133
899,test,texture,1,1,0.140342,0.800647
900,test,colour,0,1,0.029815,0.956248
900,test,packing,0,0,0.020344,0.02266
900,test,price,0,0,0.036792,0.183954
900,test,shipping,0,0,0.043418,0.020591
900,test,smell,0,0,0.015051,0.041657
900,test,stayingpower,1,1,0.234512,0.690715
900,test,texture,1,1,0.232101,0.764679
901,test,colour,0,0,0.181159,0.015684
901,test,packing,0,0,0.031934,0.012166
901,test,price,0,0,0.016861,0.034477
901,test,shipping,0,0,0.082648,0.009085
901,test,smell,0,0,0.013542,0.005064
901,test,stayingpower,0,0,0.013358,0.009681
901,test,texture,0,0,0.118705,0.013762
902,test,colour,1,1,0.010337,0.979355
902,test,packing,0,0,0.02325,0.053106
902,test,price,1,1,0.016128,0.973247
902,test,shipping,1,1,0.016485,0.961773
902,test,smell,0,0,0.020859,0.097067
902,test,stayingpower,0,0,0.036871,0.051435
902,test,texture,0,0,0.023263,0.08475
903,test,colour,1,1,0.025637,0.871918
903,test,packing,0,0,0.057804,0.176011
903,test,price,0,0,0.03009,0.055026
903,test,shipping,0,0,0.161312,0.102926
903,test,smell,1,1,0.022777,0.81935
903,test,stayingpower,1,1,0.073183,0.924996
903,test,texture,1,1,0.049685,0.875233
904,test,colour,2,2,0.938154,0.012213
904,test,packing,0,0,0.071196,0.021268
904,test,price,1,1,0.130704,0.505908
904,test,shipping,0,0,0.015454,0.004409
904,test,smell,0,0,0.073852,0.016107
904,test,stayingpower,0,0,0.227806,0.099961
904,test,texture,2,2,0.972619,0.006874
905,test,colour,1,1,0.010644,0.987814
905,test,packing,0,0,0.017376,0.030831
905,test,price,0,0,0.018865,0.06425
905,test,shipping,0,0,0.04552,0.060137
905,test,smell,0,0,0.097519,0.201155
905,test,stayingpower,0,0,0.193061,0.301561
905,test,texture,1,1,0.055756,0.940605
906,test,colour,0,0,0.022091,0.156973
906,test,packing,0,0,0.041143,0.132973
906,test,price,0,0,0.031419,0.143012
906,test,shipping,0,0,0.035439,0.031796
906,test,smell,1,1,0.007463,0.979712
906,test,stayingpower,1,1,0.043398,0.911638
906,test,texture,1,1,0.001808,0.992819
907,test,colour,1,1,0.138982,0.838498
907,test,packing,0,0,0.049428,0.078887
907,test,price,0,0,0.040276,0.068601
907,test,shipping,0,0,0.05804,0.062809
907,test,smell,0,0,0.017301,0.040266
907,test,stayingpower,2,2,0.943595,0.055482
907,test,texture,1,1,0.321937,0.558161
908,test,colour,1,1,0.009239,0.983098
908,test,packing,0,0,0.018952,0.093722
908,test,price,0,0,0.015491,0.05068
908,test,shipping,1,1,0.006108,0.984914
908,test,smell,0,0,0.016874,0.089594
908,test,stayingpower,0,0,0.024279,0.054904
908,test,texture,1,1,0.009167,0.901867
909,test,colour,1,1,0.012066,0.97595
909,test,packing,0,0,0.017559,0.038012
909,test,price,0,0,0.010344,0.020507
909,test,shipping,0,0,0.05567,0.031681
909,test,smell,0,0,0.00574,0.026868
909,test,stayingpower,1,1,0.061789,0.886049
909,test,texture,3,1,0.074452,0.640865
910,test,colour,1,1,0.018047,0.972398
910,test,packing,0,0,0.021599,0.0259
910,test,price,1,1,0.015336,0.972782
910,test,shipping,0,0,0.019287,0.040788
910,test,smell,0,0,0.023564,0.027381
910,test,stayingpower,0,0,0.070917,0.037938
910,test,texture,0,0,0.022715,0.050359
911,test,colour,0,0,0.030822,0.240995
911,test,packing,0,0,0.015631,0.066035
911,test,price,0,0,0.009126,0.021268
911,test,shipping,0,0,0.016296,0.017058
911,test,smell,0,0,0.006329,0.014934
911,test,stayingpower,0,0,0.006297,0.012812
911,test,texture,0,0,0.008253,0.04439
912,test,colour,0,0,0.025121,0.029661
912,test,packing,0,0,0.009955,0.011869
912,test,price,0,0,0.011852,0.021167
912,test,shipping,0,0,0.025277,0.066591
912,test,smell,0,0,0.010444,0.024879
912,test,stayingpower,0,0,0.009729,0.009549
912,test,texture,0,0,0.009727,0.018309
913,test,colour,1,1,0.041679,0.944594
913,test,packing,0,0,0.099925,0.128858
913,test,price,0,0,0.073603,0.238184
913,test,shipping,0,0,0.048092,0.081823
913,test,smell,3,2,0.438185,0.430199
913,test,stayingpower,2,2,0.986547,0.012949
913,test,texture,1,1,0.110376,0.870094
914,test,colour,1,1,0.170178,0.822216
914,test,packing,0,0,0.075524,0.02928
914,test,price,0,0,0.079035,0.106352
914,test,shipping,0,0,0.224624,0.14324
914,test,smell,0,0,0.070948,0.028314
914,test,stayingpower,3,0,0.260549,0.198345
914,test,texture,2,2,0.990084,0.004544
915,test,colour,0,0,0.036986,0.072423
915,test,packing,0,0,0.067453,0.139017
915,test,price,0,0,0.024091,0.075996
915,test,shipping,2,2,0.995373,0.004142
915,test,smell,0,0,0.027463,0.044655
915,test,stayingpower,0,0,0.013318,0.020601
915,test,texture,0,0,0.024674,0.028015
916,test,colour,1,1,0.010277,0.984273
916,test,packing,0,0,0.017383,0.047217
916,test,price,0,0,0.019694,0.062297
916,test,shipping,1,1,0.013052,0.962504
916,test,smell,0,0,0.018963,0.180405
916,test,stayingpower,0,0,0.066264,0.333943
916,test,texture,1,1,0.007507,0.97661
917,test,colour,1,1,0.045145,0.94982
917,test,packing,0,0,0.117853,0.049557
917,test,price,1,1,0.019892,0.970843
917,test,shipping,0,0,0.102086,0.025836
917,test,smell,2,2,0.726546,0.241048
917,test,stayingpower,0,0,0.299303,0.045636
917,test,texture,0,2,0.621871,0.081264
918,test,colour,1,1,0.027876,0.970584
918,test,packing,1,1,0.098205,0.87448
918,test,price,0,0,0.021274,0.021004
918,test,shipping,0,0,0.424539,0.059372
918,test,smell,0,0,0.053168,0.015119
918,test,stayingpower,0,0,0.256469,0.049671
918,test,texture,0,0,0.187828,0.054502
919,test,colour,1,1,0.021391,0.975092
919,test,packing,0,0,0.055179,0.035226
919,test,price,0,0,0.075329,0.256447
919,test,shipping,0,0,0.307585,0.133037
919,test,smell,1,1,0.227719,0.747642
919,test,stayingpower,0,2,0.625852,0.352419
919,test,texture,2,2,0.935974,0.051884
920,test,colour,1,1,0.00606,0.986384
920,test,packing,0,0,0.041994,0.127441
920,test,price,0,0,0.027769,0.094047
920,test,shipping,2,2,0.988992,0.00564
920,test,smell,1,1,0.343925,0.607141
920,test,stayingpower,0,0,0.026872,0.032549
920,test,texture,0,0,0.038923,0.192496
921,test,colour,0,0,0.03114,0.134908
921,test,packing,0,0,0.017098,0.054603
921,test,price,0,0,0.024162,0.132058
921,test,shipping,1,1,0.002374,0.992315
921,test,smell,0,0,0.005303,0.034795
921,test,stayingpower,0,0,0.016367,0.097924
921,test,texture,1,1,0.014745,0.755485
922,test,colour,1,1,0.008241,0.988996
922,test,packing,0,0,0.018099,0.035667
922,test,price,0,0,0.014528,0.019392
922,test,shipping,0,0,0.064535,0.032301
922,test,smell,0,0,0.029221,0.040814
922,test,stayingpower,0,0,0.03074,0.033046
922,test,texture,0,0,0.018776,0.017713
923,test,colour,1,1,0.006461,0.989052
923,test,packing,0,0,0.085398,0.231141
923,test,price,1,1,0.011157,0.979457
923,test,shipping,0,0,0.408901,0.152592
923,test,smell,0,0,0.035436,0.112507
923,test,stayingpower,0,0,0.020161,0.011896
923,test,texture,0,0,0.022879,0.039628
924,test,colour,1,1,0.00175,0.996727
924,test,packing,0,0,0.017131,0.047681
924,test,price,1,1,0.013815,0.957392
924,test,shipping,0,0,0.037781,0.040353
924,test,smell,1,1,0.092769,0.71518
924,test,stayingpower,0,0,0.047676,0.120293
924,test,texture,1,1,0.017745,0.908364
925,test,colour,1,1,0.012957,0.944892
925,test,packing,0,0,0.019757,0.038541
925,test,price,0,0,0.028463,0.161844
925,test,shipping,0,0,0.035566,0.050931
925,test,smell,0,0,0.009858,0.086317
925,test,stayingpower,1,1,0.051514,0.943562
925,test,texture,1,1,0.019366,0.952936
926,test,colour,2,2,0.973825,0.021086
926,test,packing,0,0,0.079642,0.054419
926,test,price,0,0,0.115993,0.42553
926,test,shipping,0,0,0.032896,0.016698
926,test,smell,1,1,0.325112,0.610624
926,test,stayingpower,0,0,0.105294,0.036347
926,test,texture,0,2,0.449903,0.118106
927,test,colour,1,1,0.003253,0.993857
927,test,packing,0,0,0.017201,0.055046
927,test,price,0,0,0.020385,0.064281
927,test,shipping,0,0,0.401305,0.044606
927,test,smell,0,0,0.009359,0.028226
927,test,stayingpower,0,0,0.023726,0.096525
927,test,texture,0,0,0.014318,0.044857
928,test,colour,1,1,0.008924,0.969733
928,test,packing,0,0,0.021886,0.054058
928,test,price,0,0,0.030761,0.183424
928,test,shipping,0,0,0.046717,0.072549
928,test,smell,0,0,0.010358,0.11583
928,test,stayingpower,1,1,0.043261,0.951601
928,test,texture,1,1,0.013135,0.971958
929,test,colour,0,0,0.020493,0.042053
929,test,packing,1,1,0.015984,0.978288
929,test,price,0,0,0.032401,0.069124
929,test,shipping,0,0,0.03198,0.084933
929,test,smell,0,0,0.01125,0.037523
929,test,stayingpower,0,0,0.010502,0.015708
929,test,texture,0,0,0.006376,0.028647
930,test,colour,1,1,0.008402,0.981836
930,test,packing,1,1,0.016279,0.969733
930,test,price,0,0,0.041399,0.133001
930,test,shipping,1,1,0.007699,0.983879
930,test,smell,0,0,0.015384,0.07545
930,test,stayingpower,0,0,0.029813,0.045434
930,test,texture,0,0,0.013178,0.085388
931,test,colour,0,0,0.028642,0.030014
931,test,packing,0,0,0.010433,0.011018
931,test,price,0,0,0.010985,0.019301
931,test,shipping,0,0,0.010059,0.018276
931,test,smell,0,0,0.01125,0.019911
931,test,stayingpower,0,0,0.011645,0.015316
931,test,texture,0,0,0.016333,0.031202
932,test,colour,0,0,0.025036,0.252641
932,test,packing,1,1,0.033218,0.945167
932,test,price,0,0,0.038548,0.124755
932,test,shipping,2,2,0.989224,0.009752
932,test,smell,0,0,0.012682,0.064848
932,test,stayingpower,1,1,0.056433,0.808224
932,test,texture,1,1,0.046863,0.775359
933,test,colour,1,1,0.006072,0.992508
933,test,packing,0,0,0.011812,0.012492
933,test,price,0,0,0.013696,0.035629
933,test,shipping,0,0,0.053465,0.031561
933,test,smell,0,0,0.027643,0.022151
933,test,stayingpower,0,0,0.029542,0.027939
933,test,texture,0,0,0.189232,0.108436
934,test,colour,0,0,0.036224,0.024467
934,test,packing,0,0,0.014785,0.017795
934,test,price,0,0,0.017475,0.029298
934,test,shipping,0,0,0.012027,0.014749
934,test,smell,0,0,0.010371,0.01822
934,test,stayingpower,0,0,0.009688,0.010215
934,test,texture,0,0,0.012433,0.017481
935,test,colour,0,0,0.032567,0.120907
935,test,packing,0,0,0.02989,0.05971
935,test,price,0,0,0.015587,0.054063
935,test,shipping,0,0,0.027134,0.02577
935,test,smell,0,0,0.005847,0.0489
935,test,stayingpower,1,1,0.021708,0.965856
935,test,texture,1,1,0.022083,0.957853
936,test,colour,1,1,0.084823,0.914407
936,test,packing,0,0,0.017171,0.0289
936,test,price,0,0,0.017057,0.013729
936,test,shipping,0,0,0.051341,0.040236
936,test,smell,0,0,0.02165,0.020433
936,test,stayingpower,0,0,0.093521,0.03711
936,test,texture,0,0,0.154845,0.126299
937,test,colour,1,1,0.005214,0.992624
937,test,packing,0,0,0.012125,0.024297
937,test,price,0,0,0.027939,0.076381
937,test,shipping,0,0,0.019982,0.028348
937,test,smell,0,0,0.021012,0.039663
937,test,stayingpower,0,0,0.019687,0.022887
937,test,texture,0,0,0.023315,0.043652
938,test,colour,0,0,0.03636,0.220516
938,test,packing,0,0,0.01924,0.076458
938,test,price,0,0,0.021127,0.092584
938,test,shipping,1,1,0.001783,0.99518
938,test,smell,0,0,0.006992,0.051586
938,test,stayingpower,0,0,0.016885,0.08865
938,test,texture,1,1,0.013827,0.758229
939,test,colour,0,0,0.124412,0.246799
939,test,packing,1,1,0.084885,0.896434
939,test,price,0,0,0.062982,0.231982
939,test,shipping,0,0,0.073784,0.058028
939,test,smell,1,1,0.018053,0.973521
939,test,stayingpower,3,1,0.188947,0.755331
939,test,texture,1,1,0.008756,0.98777
940,test,colour,0,0,0.047809,0.075005
940,test,packing,0,0,0.026406,0.040372
940,test,price,0,0,0.018067,0.045004
940,test,shipping,2,2,0.9953,0.002206
940,test,smell,0,0,0.019113,0.020728
940,test,stayingpower,0,0,0.013092,0.020645
940,test,texture,0,0,0.023005,0.029774
941,test,colour,0,0,0.057432,0.045879
941,test,packing,0,0,0.122551,0.08811
941,test,price,0,1,0.033179,0.939009
941,test,shipping,0,0,0.024086,0.023016
941,test,smell,1,1,0.143168,0.820521
941,test,stayingpower,2,2,0.942022,0.048902
941,test,texture,1,1,0.038933,0.939582
942,test,colour,1,1,0.006738,0.990065
942,test,packing,0,0,0.018948,0.037836
942,test,price,0,0,0.037523,0.069324
942,test,shipping,0,0,0.022298,0.04381
942,test,smell,1,1,0.024812,0.950827
942,test,stayingpower,0,0,0.024578,0.041601
942,test,texture,0,0,0.019233,0.064194
943,test,colour,0,0,0.081398,0.049815
943,test,packing,0,1,0.165157,0.76818
943,test,price,0,0,0.021966,0.026853
943,test,shipping,1,1,0.014186,0.983638
943,test,smell,1,0,0.005676,0.020077
943,test,stayingpower,3,1,0.280991,0.664634
943,test,texture,3,1,0.222619,0.65033
944,test,colour,0,0,0.026172,0.130324
944,test,packing,0,0,0.027384,0.131399
944,test,price,0,0,0.02078,0.084455
944,test,shipping,1,1,0.002267,0.994708
944,test,smell,0,0,0.005625,0.033926
944,test,stayingpower,0,0,0.014095,0.077689
944,test,texture,1,1,0.016729,0.769589
945,test,colour,1,1,0.003402,0.992698
945,test,packing,0,0,0.017528,0.045836
945,test,price,0,0,0.013886,0.037704
945,test,shipping,1,1,0.069371,0.882559
945,test,smell,0,0,0.008484,0.051348
945,test,stayingpower,1,1,0.124221,0.81158
945,test,texture,0,0,0.040356,0.288909
946,test,colour,0,0,0.040451,0.016853
946,test,packing,0,0,0.03408,0.027283
946,test,price,0,0,0.02447,0.068946
946,test,shipping,0,0,0.476347,0.0463
946,test,smell,0,0,0.005962,0.006087
946,test,stayingpower,0,0,0.005955,0.008743
946,test,texture,0,0,0.013136,0.006693
947,test,colour,0,0,0.04135,0.118921
947,test,packing,0,0,0.040362,0.078207
947,test,price,1,1,0.004205,0.99432
947,test,shipping,0,0,0.014505,0.031695
947,test,smell,0,0,0.018038,0.05994
947,test,stayingpower,0,0,0.0169,0.019848
947,test,texture,0,0,0.028594,0.180512
948,test,colour,0,0,0.060285,0.145208
948,test,packing,0,0,0.023629,0.042229
948,test,price,0,0,0.031429,0.1713
948,test,shipping,0,0,0.012128,0.01919
948,test,smell,1,1,0.010952,0.982155
948,test,stayingpower,0,0,0.023388,0.178249
948,test,texture,1,1,0.00218,0.992635
949,test,colour,1,1,0.042198,0.941381
949,test,packing,0,0,0.159857,0.127946
949,test,price,1,1,0.026128,0.941244
949,test,shipping,2,2,0.989683,0.00416
949,test,smell,2,2,0.858724,0.118205
949,test,stayingpower,0,2,0.468608,0.166322
949,test,texture,0,2,0.87191,0.100683
950,test,colour,0,0,0.032197,0.036641
950,test,packing,1,1,0.025554,0.963895
950,test,price,0,0,0.018988,0.027335
950,test,shipping,1,1,0.006356,0.977825
950,test,smell,0,0,0.011226,0.0457
950,test,stayingpower,0,0,0.013215,0.01599
950,test,texture,0,0,0.010014,0.066467
951,test,colour,1,1,0.008428,0.987531
951,test,packing,0,0,0.021315,0.067728
951,test,price,0,0,0.026359,0.056839
951,test,shipping,0,0,0.026778,0.05597
951,test,smell,1,1,0.012758,0.974256
951,test,stayingpower,0,0,0.020238,0.046178
951,test,texture,0,0,0.014893,0.190047
952,test,colour,3,1,0.051001,0.909741
952,test,packing,0,1,0.014985,0.979356
952,test,price,0,0,0.027581,0.026925
952,test,shipping,0,0,0.080113,0.197472
952,test,smell,0,0,0.018303,0.040319
952,test,stayingpower,0,0,0.023762,0.02643
952,test,texture,0,0,0.007601,0.018701
953,test,colour,0,0,0.233015,0.078813
953,test,packing,0,0,0.033029,0.028479
953,test,price,1,1,0.006572,0.989658
953,test,shipping,0,0,0.036619,0.007505
953,test,smell,0,0,0.128076,0.203604
953,test,stayingpower,0,0,0.069555,0.143884
953,test,texture,1,1,0.047593,0.94733
954,test,colour,0,0,0.093496,0.036101
954,test,packing,0,0,0.115618,0.072093
954,test,price,0,0,0.023017,0.052246
954,test,shipping,2,2,0.995554,0.001378
954,test,smell,0,0,0.012363,0.005581
954,test,stayingpower,0,0,0.023906,0.027479
954,test,texture,0,0,0.082785,0.020737
955,test,colour,0,0,0.014193,0.029421
955,test,packing,1,1,0.030718,0.956934
955,test,price,1,1,0.014335,0.970765
955,test,shipping,0,0,0.06177,0.173845
955,test,smell,0,0,0.015364,0.047531
955,test,stayingpower,0,0,0.013655,0.026307
955,test,texture,0,0,0.011265,0.082301
956,test,colour,0,0,0.028867,0.124032
956,test,packing,0,0,0.011514,0.030811
956,test,price,0,0,0.013676,0.041195
956,test,shipping,0,0,0.013118,0.031149
956,test,smell,0,0,0.007878,0.023436
956,test,stayingpower,0,0,0.004551,0.007175
956,test,texture,0,0,0.005798,0.033485
957,test,colour,1,1,0.004988,0.993129
957,test,packing,0,0,0.035313,0.069724
957,test,price,1,1,0.012854,0.974481
957,test,shipping,0,0,0.052889,0.035528
957,test,smell,0,0,0.046895,0.148975
957,test,stayingpower,0,0,0.02143,0.016422
957,test,texture,0,0,0.061795,0.115118
958,test,colour,1,1,0.08468,0.912302
958,test,packing,0,0,0.029357,0.013318
958,test,price,0,0,0.052868,0.100498
958,test,shipping,0,0,0.045111,0.035829
958,test,smell,0,0,0.071123,0.0218
958,test,stayingpower,0,0,0.179191,0.123834
958,test,texture,2,2,0.972777,0.01965
959,test,colour,1,1,0.010117,0.987969
959,test,packing,1,1,0.155951,0.746602
959,test,price,1,1,0.033617,0.916605
959,test,shipping,0,0,0.200866,0.187029
959,test,smell,0,0,0.064534,0.065503
959,test,stayingpower,3,2,0.807296,0.137496
959,test,texture,0,0,0.14423,0.092514
960,test,colour,1,1,0.012728,0.981397
960,test,packing,0,0,0.023078,0.072524
960,test,price,0,0,0.02148,0.036653
960,test,shipping,1,1,0.007412,0.983884
960,test,smell,0,0,0.018596,0.047081
960,test,stayingpower,0,0,0.021361,0.024791
960,test,texture,0,0,0.015222,0.034091
961,test,colour,0,1,0.022212,0.969648
961,test,packing,0,0,0.087545,0.162924
961,test,price,0,1,0.047362,0.845635
961,test,shipping,2,2,0.985269,0.005212
961,test,smell,0,0,0.053956,0.085976
961,test,stayingpower,2,2,0.787066,0.196208
961,test,texture,0,1,0.354011,0.367119
962,test,colour,0,0,0.011982,0.046005
962,test,packing,1,1,0.022496,0.956864
962,test,price,0,0,0.036889,0.11515
962,test,shipping,0,0,0.162135,0.164318
962,test,smell,1,1,0.017678,0.96755
962,test,stayingpower,0,0,0.011758,0.025153
962,test,texture,0,0,0.007838,0.103151
963,test,colour,0,0,0.055747,0.032201
963,test,packing,1,1,0.05123,0.944021
963,test,price,0,0,0.023408,0.035225
963,test,shipping,1,1,0.009729,0.984606
963,test,smell,0,0,0.011423,0.021137
963,test,stayingpower,0,0,0.022247,0.022048
963,test,texture,0,0,0.017863,0.031773
964,test,colour,0,0,0.253147,0.21182
964,test,packing,0,0,0.325666,0.279643
964,test,price,0,0,0.209327,0.271447
964,test,shipping,0,0,0.346912,0.146179
964,test,smell,0,0,0.338398,0.248731
964,test,stayingpower,0,0,0.218133,0.218389
964,test,texture,0,0,0.274239,0.289496
965,test,colour,2,2,0.957957,0.023043
965,test,packing,0,0,0.077918,0.03171
965,test,price,0,0,0.104316,0.266221
965,test,shipping,0,0,0.035178,0.030187
965,test,smell,0,0,0.08019,0.048984
965,test,stayingpower,2,2,0.961329,0.020396
965,test,texture,0,0,0.428557,0.061096
966,test,colour,0,0,0.039769,0.0497
966,test,packing,0,0,0.021324,0.033097
966,test,price,0,0,0.027428,0.099802
966,test,shipping,1,1,0.003476,0.992321
966,test,smell,0,0,0.009546,0.029605
966,test,stayingpower,0,0,0.012719,0.024919
966,test,texture,0,0,0.017174,0.06102
967,test,colour,1,1,0.003157,0.995709
967,test,packing,0,0,0.007324,0.014765
967,test,price,0,0,0.011197,0.020964
967,test,shipping,0,0,0.061586,0.050198
967,test,smell,0,0,0.015156,0.053385
967,test,stayingpower,1,1,0.190652,0.586168
967,test,texture,0,1,0.071409,0.655002
968,test,colour,0,0,0.048075,0.027335
968,test,packing,1,1,0.053864,0.935493
968,test,price,0,0,0.020239,0.030365
968,test,shipping,1,1,0.008332,0.984181
968,test,smell,0,0,0.012436,0.02673
968,test,stayingpower,0,0,0.016807,0.013743
968,test,texture,0,0,0.015078,0.032548
969,test,colour,0,0,0.057934,0.082091
969,test,packing,0,0,0.078562,0.110554
969,test,price,1,1,0.009994,0.983472
969,test,shipping,2,2,0.993313,0.005449
969,test,smell,0,0,0.044767,0.056536
969,test,stayingpower,0,0,0.029376,0.036976
969,test,texture,0,0,0.064698,0.06924
970,test,colour,1,1,0.01615,0.968616
970,test,packing,1,1,0.019055,0.972778
970,test,price,0,0,0.025527,0.035377
970,test,shipping,1,1,0.011232,0.981533
970,test,smell,0,0,0.020422,0.073496
970,test,stayingpower,0,0,0.030353,0.036127
970,test,texture,0,0,0.012805,0.039806
971,test,colour,0,0,0.027332,0.0459
971,test,packing,1,1,0.019948,0.974837
971,test,price,0,0,0.031352,0.058899
971,test,shipping,1,1,0.008616,0.982785
971,test,smell,0,0,0.01268,0.045053
971,test,stayingpower,0,0,0.012141,0.016732
971,test,texture,0,0,0.008085,0.030295
972,test,colour,1,1,0.0098,0.985762
972,test,packing,0,0,0.015872,0.033101
972,test,price,0,0,0.022973,0.069586
972,test,shipping,0,0,0.06866,0.202702
972,test,smell,0,0,0.005731,0.041482
972,test,stayingpower,1,1,0.133754,0.8568
972,test,texture,3,1,0.195636,0.73152
973,test,colour,1,1,0.015738,0.968105
973,test,packing,1,1,0.027271,0.955408
973,test,price,0,0,0.045906,0.059654
973,test,shipping,1,1,0.019872,0.951269
973,test,smell,1,1,0.016891,0.967609
973,test,stayingpower,0,0,0.043642,0.087951
973,test,texture,0,0,0.020046,0.132799
974,test,colour,1,1,0.114224,0.87765
974,test,packing,0,0,0.088277,0.026649
974,test,price,1,1,0.049402,0.871799
974,test,shipping,0,0,0.132382,0.032208
974,test,smell,2,2,0.979173,0.01833
974,test,stayingpower,0,0,0.42511,0.061944
974,test,texture,0,2,0.685279,0.107286
975,test,colour,0,0,0.039207,0.094707
975,test,packing,0,0,0.036568,0.124725
975,test,price,0,0,0.02198,0.093686
975,test,shipping,1,1,0.005972,0.982188
975,test,smell,0,0,0.006219,0.017089
975,test,stayingpower,0,0,0.005358,0.010808
975,test,texture,0,0,0.005934,0.022326
976,test,colour,1,1,0.042201,0.941858
976,test,packing,0,0,0.201824,0.222036
976,test,price,1,1,0.027521,0.924998
976,test,shipping,2,2,0.987656,0.004102
976,test,smell,1,2,0.593044,0.351053
976,test,stayingpower,2,2,0.922713,0.05684
976,test,texture,0,2,0.657823,0.189142
977,test,colour,2,1,0.351327,0.642883
977,test,packing,0,0,0.057628,0.035198
977,test,price,0,0,0.060985,0.085808
977,test,shipping,0,0,0.018946,0.033384
977,test,smell,0,0,0.033806,0.019183
977,test,stayingpower,0,0,0.316111,0.142448
977,test,texture,2,2,0.971341,0.020051
978,test,colour,0,0,0.026091,0.056382
978,test,packing,0,0,0.053323,0.132857
978,test,price,1,1,0.002948,0.995853
978,test,shipping,0,0,0.026703,0.043302
978,test,smell,0,0,0.011677,0.03199
978,test,stayingpower,0,0,0.026431,0.04077
978,test,texture,0,0,0.03585,0.280078
979,test,colour,1,1,0.054419,0.941647
979,test,packing,0,0,0.096995,0.086145
979,test,price,0,0,0.106463,0.305661
979,test,shipping,0,0,0.077111,0.092334
979,test,smell,2,2,0.708462,0.27681
979,test,stayingpower,0,2,0.981485,0.013201
979,test,texture,1,1,0.389402,0.558596
980,test,colour,0,0,0.040077,0.02166
980,test,packing,0,0,0.023653,0.023754
980,test,price,0,0,0.009929,0.008215
980,test,shipping,0,0,0.030815,0.022481
980,test,smell,0,0,0.013008,0.018095
980,test,stayingpower,0,0,0.012614,0.008888
980,test,texture,0,0,0.01498,0.014982
981,test,colour,0,0,0.092912,0.021153
981,test,packing,0,0,0.053024,0.01897
981,test,price,0,0,0.011552,0.012016
981,test,shipping,0,0,0.23385,0.022202
981,test,smell,0,0,0.015887,0.008063
981,test,stayingpower,0,0,0.015342,0.00812
981,test,texture,0,0,0.029025,0.008415
982,test,colour,0,0,0.032666,0.056492
982,test,packing,1,1,0.014703,0.983788
982,test,price,0,0,0.037358,0.059011
982,test,shipping,1,1,0.011138,0.984198
982,test,smell,0,0,0.01409,0.043289
982,test,stayingpower,0,0,0.022435,0.033456
982,test,texture,0,0,0.01319,0.046532
983,test,colour,1,1,0.021636,0.974502
983,test,packing,0,0,0.06523,0.073344
983,test,price,1,1,0.044379,0.898225
983,test,shipping,1,1,0.120607,0.823801
983,test,smell,1,1,0.256879,0.72096
983,test,stayingpower,0,0,0.169424,0.159276
983,test,texture,0,2,0.843264,0.082427
984,test,colour,0,0,0.022125,0.106412
984,test,packing,1,1,0.026852,0.967335
984,test,price,0,1,0.041527,0.640422
984,test,shipping,1,2,0.922236,0.058877
984,test,smell,0,0,0.024513,0.131861
984,test,stayingpower,0,0,0.034154,0.100884
984,test,texture,1,1,0.009608,0.961618
985,test,colour,0,0,0.043854,0.212705
985,test,packing,0,0,0.015198,0.02882
985,test,price,0,0,0.016053,0.06002
985,test,shipping,1,1,0.010846,0.967411
985,test,smell,0,0,0.007479,0.019277
985,test,stayingpower,0,0,0.008381,0.013852
985,test,texture,0,0,0.007284,0.023516
986,test,colour,0,0,0.068282,0.017457
986,test,packing,0,0,0.025774,0.015762
986,test,price,0,0,0.009723,0.009231
986,test,shipping,0,0,0.049354,0.01414
986,test,smell,0,0,0.016561,0.009975
986,test,stayingpower,0,0,0.017065,0.01928
986,test,texture,0,0,0.032125,0.012389
987,test,colour,0,1,0.018685,0.962343
987,test,packing,0,0,0.011605,0.042012
987,test,price,0,0,0.014219,0.045169
987,test,shipping,0,0,0.015652,0.032934
987,test,smell,0,0,0.010974,0.063683
987,test,stayingpower,0,0,0.02222,0.074887
987,test,texture,1,1,0.00311,0.98463
988,test,colour,1,1,0.294371,0.669329
988,test,packing,0,0,0.126622,0.084894
988,test,price,1,1,0.047594,0.923322
988,test,shipping,0,0,0.204107,0.042127
988,test,smell,0,0,0.112823,0.092303
988,test,stayingpower,1,2,0.673303,0.27368
988,test,texture,2,2,0.978273,0.020576
989,test,colour,0,2,0.479954,0.15195
989,test,packing,0,0,0.057224,0.027076
989,test,price,0,0,0.072192,0.065082
989,test,shipping,0,0,0.058041,0.083085
989,test,smell,0,0,0.216353,0.06811
989,test,stayingpower,2,2,0.972663,0.023517
989,test,texture,0,0,0.38895,0.174205
990,test,colour,0,0,0.039859,0.113613
990,test,packing,0,0,0.015576,0.055769
990,test,price,0,0,0.020586,0.099938
990,test,shipping,0,0,0.00848,0.030445
990,test,smell,0,0,0.015939,0.187405
990,test,stayingpower,0,0,0.025617,0.151169
990,test,texture,1,1,0.001334,0.996129
991,test,colour,0,0,0.069549,0.029271
991,test,packing,0,0,0.024049,0.022917
991,test,price,0,0,0.009881,0.007357
991,test,shipping,0,0,0.025935,0.010904
991,test,smell,0,0,0.01581,0.014958
991,test,stayingpower,0,0,0.012503,0.012868
991,test,texture,0,0,0.022489,0.012503
992,test,colour,1,1,0.020097,0.959772
992,test,packing,0,0,0.012176,0.01171
992,test,price,0,0,0.015851,0.041131
992,test,shipping,0,0,0.032128,0.024529
992,test,smell,0,0,0.006725,0.026929
992,test,stayingpower,0,1,0.07738,0.895926
992,test,texture,3,1,0.269535,0.660244
993,test,colour,0,0,0.038204,0.129112
993,test,packing,0,0,0.026926,0.042642
993,test,price,0,0,0.011033,0.033379
993,test,shipping,0,0,0.026701,0.027191
993,test,smell,0,0,0.004189,0.028444
993,test,stayingpower,1,1,0.033045,0.948208
993,test,texture,3,1,0.034095,0.933153
994,test,colour,0,0,0.096522,0.091553
994,test,packing,0,0,0.099058,0.099373
994,test,price,0,0,0.044338,0.032252
994,test,shipping,0,0,0.044392,0.0224
994,test,smell,0,0,0.090735,0.10157
994,test,stayingpower,0,0,0.062468,0.059735
994,test,texture,0,0,0.04951,0.043009
995,test,colour,0,0,0.075701,0.289077
995,test,packing,0,0,0.048526,0.07275
995,test,price,0,0,0.01922,0.054392
995,test,shipping,0,0,0.016259,0.039668
995,test,smell,3,1,0.108751,0.83891
995,test,stayingpower,3,2,0.63926,0.324694
995,test,texture,1,1,0.004785,0.993272
996,test,colour,0,0,0.018442,0.03491
996,test,packing,1,1,0.019082,0.972702
996,test,price,0,0,0.029768,0.057111
996,test,shipping,0,0,0.033404,0.107808
996,test,smell,0,0,0.011405,0.037118
996,test,stayingpower,0,0,0.010492,0.014719
996,test,texture,0,0,0.005769,0.023387
997,test,colour,0,0,0.262429,0.040659
997,test,packing,0,0,0.055956,0.024399
997,test,price,0,0,0.020487,0.048425
997,test,shipping,1,1,0.011514,0.980007
997,test,smell,0,0,0.013037,0.012839
997,test,stayingpower,0,0,0.019797,0.011034
997,test,texture,0,0,0.100136,0.043645
998,test,colour,1,1,0.014569,0.983051
998,test,packing,0,0,0.043634,0.098971
998,test,price,0,0,0.051909,0.176764
998,test,shipping,0,0,0.081177,0.203507
998,test,smell,0,0,0.040955,0.124955
998,test,stayingpower,2,2,0.985826,0.011946
998,test,texture,1,1,0.145535,0.713698
999,test,colour,1,1,0.004565,0.988224
999,test,packing,0,0,0.026546,0.108596
999,test,price,1,1,0.017692,0.931728
999,test,shipping,1,1,0.019308,0.975947
999,test,smell,0,0,0.013894,0.100119
999,test,stayingpower,3,1,0.103933,0.797145
999,test,texture,3,1,0.042896,0.755266
1000,test,colour,0,0,0.342222,0.088676
1000,test,packing,1,1,0.446102,0.478858
1000,test,price,1,1,0.053982,0.905148
1000,test,shipping,1,2,0.866691,0.127025
1000,test,smell,0,0,0.379335,0.137905
1000,test,stayingpower,2,2,0.950106,0.027011
1000,test,texture,2,2,0.740479,0.219175
1001,test,colour,1,1,0.004317,0.992183
1001,test,packing,0,0,0.00937,0.023068
1001,test,price,0,0,0.017979,0.054853
1001,test,shipping,0,0,0.031657,0.058065
1001,test,smell,0,0,0.008366,0.030043
1001,test,stayingpower,0,1,0.094128,0.700195
1001,test,texture,0,0,0.034243,0.334568
1002,test,colour,0,0,0.017573,0.035937
1002,test,packing,1,1,0.015837,0.97843
1002,test,price,0,0,0.033076,0.072486
1002,test,shipping,0,0,0.036757,0.090685
1002,test,smell,0,0,0.011635,0.037923
1002,test,stayingpower,0,0,0.010522,0.01518
1002,test,texture,0,0,0.006414,0.028928
1003,test,colour,0,0,0.015252,0.11821
1003,test,packing,1,1,0.013833,0.969447
1003,test,price,0,0,0.022412,0.056086
1003,test,shipping,0,0,0.037021,0.100182
1003,test,smell,0,0,0.006712,0.023677
1003,test,stayingpower,0,0,0.01204,0.026911
1003,test,texture,0,0,0.00446,0.033964
1004,test,colour,1,1,0.00438,0.992617
1004,test,packing,0,0,0.013181,0.032106
1004,test,price,0,0,0.024919,0.078365
1004,test,shipping,1,1,0.027593,0.637579
1004,test,smell,0,0,0.012646,0.027677
1004,test,stayingpower,0,0,0.026982,0.032823
1004,test,texture,0,0,0.01145,0.036636
1005,test,colour,0,0,0.025073,0.180615
1005,test,packing,0,0,0.030099,0.100866
1005,test,price,0,0,0.006428,0.006952
1005,test,shipping,1,1,0.169435,0.811223
1005,test,smell,0,0,0.007543,0.022405
1005,test,stayingpower,0,0,0.006367,0.013615
1005,test,texture,0,0,0.009939,0.040783
1006,test,colour,0,0,0.029956,0.412782
1006,test,packing,0,0,0.030514,0.082348
1006,test,price,0,0,0.030949,0.155844
1006,test,shipping,0,0,0.043895,0.057592
1006,test,smell,1,1,0.009255,0.954674
1006,test,stayingpower,1,1,0.036718,0.955667
1006,test,texture,1,1,0.003648,0.991146
1007,test,colour,0,0,0.111691,0.11364
1007,test,packing,0,0,0.047197,0.077417
1007,test,price,0,0,0.027317,0.078376
1007,test,shipping,1,1,0.008537,0.984034
1007,test,smell,0,0,0.014199,0.071874
1007,test,stayingpower,0,0,0.030708,0.084131
1007,test,texture,1,1,0.011575,0.97764
1008,test,colour,3,1,0.065585,0.875715
1008,test,packing,1,1,0.043733,0.937496
1008,test,price,0,0,0.014567,0.01583
1008,test,shipping,1,2,0.728379,0.244687
1008,test,smell,0,0,0.012319,0.024659
1008,test,stayingpower,0,0,0.008365,0.012628
1008,test,texture,0,0,0.012441,0.012855
1009,test,colour,0,0,0.048233,0.081557
1009,test,packing,0,0,0.034316,0.0568
1009,test,price,0,0,0.02569,0.073241
1009,test,shipping,1,1,0.013257,0.985034
1009,test,smell,0,0,0.007081,0.013109
1009,test,stayingpower,0,0,0.012234,0.018753
1009,test,texture,0,0,0.010477,0.024409
1010,test,colour,1,1,0.005064,0.991897
1010,test,packing,0,0,0.009486,0.022194
1010,test,price,0,0,0.015263,0.059179
1010,test,shipping,0,0,0.019174,0.034189
1010,test,smell,0,0,0.021187,0.105606
1010,test,stayingpower,0,0,0.04501,0.107652
1010,test,texture,1,1,0.006294,0.978794
1011,test,colour,0,0,0.060446,0.101569
1011,test,packing,0,0,0.022624,0.03788
1011,test,price,0,0,0.012823,0.024817
1011,test,shipping,1,1,0.006984,0.988316
1011,test,smell,0,0,0.010613,0.02068
1011,test,stayingpower,0,0,0.010977,0.015283
1011,test,texture,0,0,0.016803,0.035631
1012,test,colour,0,0,0.071262,0.101481
1012,test,packing,0,0,0.01869,0.01825
1012,test,price,0,0,0.022218,0.02599
1012,test,shipping,0,0,0.024069,0.033192
1012,test,smell,1,1,0.10551,0.872957
1012,test,stayingpower,0,0,0.01178,0.0103
1012,test,texture,0,0,0.015387,0.03223
1013,test,colour,0,0,0.048546,0.188129
1013,test,packing,0,0,0.025338,0.052609
1013,test,price,0,0,0.022009,0.061886
1013,test,shipping,3,1,0.030165,0.965371
1013,test,smell,0,0,0.009299,0.034428
1013,test,stayingpower,0,0,0.028706,0.098422
1013,test,texture,1,1,0.009802,0.963454
1014,test,colour,1,1,0.005696,0.984622
1014,test,packing,1,1,0.014746,0.961866
1014,test,price,0,0,0.032952,0.12945
1014,test,shipping,0,0,0.046148,0.190835
1014,test,smell,0,0,0.011717,0.146469
1014,test,stayingpower,0,0,0.048325,0.169841
1014,test,texture,1,1,0.003218,0.956442
1015,test,colour,0,0,0.056926,0.048212
1015,test,packing,0,0,0.020629,0.027991
1015,test,price,0,0,0.028123,0.076706
1015,test,shipping,0,0,0.01007,0.016117
1015,test,smell,1,1,0.014322,0.979698
1015,test,stayingpower,0,0,0.024283,0.057616
1015,test,texture,1,1,0.006647,0.939538
1016,test,colour,1,1,0.009167,0.984864
1016,test,packing,0,0,0.034087,0.059012
1016,test,price,1,1,0.013769,0.976161
1016,test,shipping,1,1,0.024651,0.927068
1016,test,smell,0,0,0.023859,0.069345
1016,test,stayingpower,0,0,0.030659,0.035553
1016,test,texture,0,0,0.038069,0.081028
1017,test,colour,0,0,0.013591,0.077107
1017,test,packing,0,0,0.055716,0.455023
1017,test,price,1,1,0.012507,0.959325
1017,test,shipping,0,0,0.021807,0.084539
1017,test,smell,0,0,0.01245,0.076227
1017,test,stayingpower,0,0,0.014968,0.050895
1017,test,texture,1,1,0.002303,0.979288
1018,test,colour,1,1,0.005484,0.99168
1018,test,packing,1,1,0.029092,0.947614
1018,test,price,0,0,0.046181,0.086277
1018,test,shipping,0,0,0.200512,0.283848
1018,test,smell,1,1,0.013006,0.976162
1018,test,stayingpower,0,0,0.05947,0.191196
1018,test,texture,0,1,0.027699,0.503391
1019,test,colour,1,1,0.014362,0.959027
1019,test,packing,1,1,0.010496,0.98564
1019,test,price,0,0,0.044848,0.140345
1019,test,shipping,0,0,0.062544,0.245418
1019,test,smell,0,0,0.012667,0.040008
1019,test,stayingpower,0,0,0.026421,0.04596
1019,test,texture,0,0,0.008733,0.045254
1020,test,colour,3,1,0.186488,0.785825
1020,test,packing,0,0,0.022902,0.038892
1020,test,price,0,0,0.025327,0.058458
1020,test,shipping,0,0,0.015349,0.041473
1020,test,smell,1,1,0.023885,0.964735
1020,test,stayingpower,0,0,0.047566,0.113684
1020,test,texture,1,1,0.003481,0.988056
1021,test,colour,0,1,0.051657,0.496363
1021,test,packing,0,0,0.010872,0.017812
1021,test,price,0,0,0.030176,0.101811
1021,test,shipping,0,0,0.012093,0.021521
1021,test,smell,1,1,0.00707,0.989942
1021,test,stayingpower,0,0,0.022664,0.122997
1021,test,texture,1,1,0.012659,0.893206
1022,test,colour,1,1,0.013696,0.98327
1022,test,packing,0,0,0.035925,0.078891
1022,test,price,0,0,0.020654,0.052078
1022,test,shipping,2,2,0.986834,0.008951
1022,test,smell,0,0,0.026698,0.037736
1022,test,stayingpower,0,0,0.027648,0.040325
1022,test,texture,0,0,0.035374,0.048227
1023,test,colour,0,0,0.014726,0.01803
1023,test,packing,0,0,0.071062,0.173486
1023,test,price,1,1,0.010662,0.975855
1023,test,shipping,3,1,0.161197,0.808927
1023,test,smell,0,0,0.008257,0.020505
1023,test,stayingpower,0,0,0.007274,0.015394
1023,test,texture,0,0,0.013769,0.03157
1024,test,colour,1,1,0.015964,0.975596
1024,test,packing,0,0,0.063733,0.117962
1024,test,price,1,1,0.030455,0.92495
1024,test,shipping,2,2,0.977653,0.013135
1024,test,smell,1,1,0.109508,0.877724
1024,test,stayingpower,0,0,0.066042,0.090654
1024,test,texture,0,0,0.066897,0.080275
1025,test,colour,0,0,0.019085,0.016875
1025,test,packing,0,0,0.03094,0.062665
1025,test,price,0,0,0.0103,0.0202
1025,test,shipping,0,0,0.145264,0.062432
1025,test,smell,0,0,0.007431,0.016198
1025,test,stayingpower,0,0,0.005134,0.00665
1025,test,texture,0,0,0.006577,0.011499
1026,test,colour,1,1,0.004026,0.98403
1026,test,packing,0,0,0.013764,0.037506
1026,test,price,0,0,0.022969,0.060749
1026,test,shipping,1,1,0.14603,0.799089
1026,test,smell,0,0,0.00909,0.062826
1026,test,stayingpower,1,1,0.048227,0.907014
1026,test,texture,0,0,0.033989,0.354681
1027,test,colour,0,1,0.076244,0.904094
1027,test,packing,0,0,0.070546,0.095264
1027,test,price,0,0,0.076418,0.167426
1027,test,shipping,0,0,0.075965,0.128929
1027,test,smell,1,1,0.131953,0.768298
1027,test,stayingpower,2,2,0.972983,0.026418
1027,test,texture,3,1,0.197816,0.709798
1028,test,colour,0,0,0.045911,0.057355
1028,test,packing,0,0,0.049743,0.072252
1028,test,price,0,0,0.017217,0.032549
1028,test,shipping,2,2,0.996494,0.001831
1028,test,smell,0,0,0.025631,0.020846
1028,test,stayingpower,0,0,0.018538,0.022903
1028,test,texture,0,0,0.038761,0.024506
1029,test,colour,0,1,0.033796,0.565402
1029,test,packing,0,0,0.022914,0.043014
1029,test,price,0,0,0.022463,0.089454
1029,test,shipping,0,0,0.035321,0.028214
1029,test,smell,0,0,0.00642,0.048968
1029,test,stayingpower,1,1,0.023415,0.968964
1029,test,texture,1,1,0.028099,0.940883
1030,test,colour,0,0,0.018278,0.015315
1030,test,packing,0,0,0.023647,0.034701
1030,test,price,0,0,0.015343,0.024766
1030,test,shipping,0,0,0.053492,0.068807
1030,test,smell,0,0,0.009805,0.020796
1030,test,stayingpower,0,0,0.007374,0.006865
1030,test,texture,0,0,0.005556,0.008036
1031,test,colour,1,1,0.073668,0.919627
1031,test,packing,0,0,0.086918,0.034684
1031,test,price,1,1,0.099963,0.541917
1031,test,shipping,1,2,0.549668,0.235284
1031,test,smell,2,2,0.976617,0.021194
1031,test,stayingpower,0,0,0.302247,0.121508
1031,test,texture,0,2,0.91705,0.028855
1032,test,colour,1,1,0.005462,0.991719
1032,test,packing,0,0,0.07639,0.083386
1032,test,price,0,0,0.040676,0.118951
1032,test,shipping,0,0,0.28035,0.0262
1032,test,smell,1,2,0.712208,0.265457
1032,test,stayingpower,1,2,0.502011,0.429814
1032,test,texture,0,0,0.255453,0.237178
1033,test,colour,0,0,0.025121,0.059598
1033,test,packing,1,1,0.015841,0.978153
1033,test,price,0,0,0.019939,0.040927
1033,test,shipping,1,1,0.00968,0.967297
1033,test,smell,0,0,0.00496,0.04606
1033,test,stayingpower,0,0,0.028768,0.14175
1033,test,texture,1,1,0.011928,0.90264
1034,test,colour,2,2,0.944116,0.027982
1034,test,packing,1,1,0.321563,0.653437
1034,test,price,0,0,0.040629,0.050492
1034,test,shipping,0,0,0.11726,0.078127
1034,test,smell,0,0,0.084828,0.026945
1034,test,stayingpower,0,0,0.185951,0.012649
1034,test,texture,0,0,0.303051,0.04157
1035,test,colour,0,0,0.02441,0.034538
1035,test,packing,1,1,0.027806,0.964679
1035,test,price,0,0,0.018279,0.022278
1035,test,shipping,0,0,0.115688,0.12959
1035,test,smell,0,0,0.011823,0.02346
1035,test,stayingpower,0,0,0.008859,0.012368
1035,test,texture,0,0,0.006624,0.016969
1036,test,colour,0,0,0.225379,0.031853
1036,test,packing,0,0,0.270847,0.090088
1036,test,price,0,0,0.019206,0.044527
1036,test,shipping,2,2,0.997075,0.001734
1036,test,smell,0,0,0.034811,0.009741
1036,test,stayingpower,0,0,0.04669,0.019842
1036,test,texture,0,0,0.183662,0.022232
1037,test,colour,1,1,0.011258,0.971961
1037,test,packing,1,1,0.027342,0.957667
1037,test,price,1,1,0.020448,0.949045
1037,test,shipping,1,1,0.026937,0.94058
1037,test,smell,0,0,0.023455,0.104911
1037,test,stayingpower,0,0,0.03308,0.043864
1037,test,texture,0,0,0.020984,0.079812
1038,test,colour,1,1,0.144055,0.842854
1038,test,packing,0,0,0.038711,0.026529
1038,test,price,0,0,0.036433,0.047318
1038,test,shipping,0,0,0.282747,0.044221
1038,test,smell,0,0,0.019626,0.02831
1038,test,stayingpower,1,2,0.628632,0.363498
1038,test,texture,2,2,0.787661,0.070163
1039,test,colour,0,0,0.031282,0.069009
1039,test,packing,0,0,0.011398,0.023879
1039,test,price,0,0,0.01687,0.029803
1039,test,shipping,0,0,0.015351,0.026556
1039,test,smell,1,1,0.017328,0.940539
1039,test,stayingpower,0,0,0.007735,0.016754
1039,test,texture,0,0,0.009288,0.085661
1040,test,colour,0,0,0.011959,0.053662
1040,test,packing,0,1,0.066429,0.670521
1040,test,price,1,1,0.036189,0.841277
1040,test,shipping,1,1,0.0841,0.880363
1040,test,smell,1,1,0.014654,0.962465
1040,test,stayingpower,0,0,0.018557,0.070194
1040,test,texture,1,1,0.003897,0.938413
1041,test,colour,0,0,0.049565,0.050111
1041,test,packing,1,1,0.030484,0.967396
1041,test,price,0,0,0.029222,0.050732
1041,test,shipping,1,1,0.009867,0.985349
1041,test,smell,0,0,0.012357,0.032231
1041,test,stayingpower,0,0,0.024066,0.024742
1041,test,texture,0,0,0.022754,0.047813
1042,test,colour,3,1,0.36843,0.538891
1042,test,packing,1,1,0.219351,0.6712
1042,test,price,1,1,0.064613,0.830718
1042,test,shipping,1,2,0.988541,0.00776
1042,test,smell,1,1,0.178389,0.808858
1042,test,stayingpower,1,2,0.608034,0.318216
1042,test,texture,1,1,0.228846,0.730477
1043,test,colour,0,0,0.04694,0.025495
1043,test,packing,0,0,0.019161,0.016591
1043,test,price,0,0,0.009175,0.006599
1043,test,shipping,0,0,0.042575,0.021083
1043,test,smell,0,0,0.018969,0.021415
1043,test,stayingpower,0,0,0.01139,0.009507
1043,test,texture,0,0,0.0165,0.012359
1044,test,colour,1,1,0.381162,0.589079
1044,test,packing,1,1,0.070402,0.918668
1044,test,price,0,0,0.031464,0.026661
1044,test,shipping,1,1,0.015522,0.981525
1044,test,smell,0,0,0.013817,0.032986
1044,test,stayingpower,0,0,0.042706,0.041512
1044,test,texture,0,0,0.033405,0.036324
1045,test,colour,1,1,0.093212,0.899294
1045,test,packing,0,0,0.12837,0.044741
1045,test,price,1,1,0.091261,0.767576
1045,test,shipping,0,0,0.119193,0.077624
1045,test,smell,2,2,0.980516,0.015834
1045,test,stayingpower,0,2,0.690494,0.063385
1045,test,texture,2,2,0.933583,0.039992
1046,test,colour,0,0,0.043964,0.028811
1046,test,packing,0,0,0.019922,0.017313
1046,test,price,0,0,0.010024,0.007908
1046,test,shipping,0,0,0.025962,0.013838
1046,test,smell,0,0,0.020197,0.02204
1046,test,stayingpower,0,0,0.011968,0.01003
1046,test,texture,0,0,0.01989,0.014196
1047,test,colour,1,1,0.013025,0.957367
1047,test,packing,1,1,0.021072,0.966386
1047,test,price,0,0,0.031254,0.07995
1047,test,shipping,1,1,0.012302,0.985248
1047,test,smell,0,0,0.018304,0.0835
1047,test,stayingpower,0,0,0.016815,0.030462
1047,test,texture,0,0,0.013126,0.06431
1048,test,colour,1,1,0.003454,0.989866
1048,test,packing,0,0,0.046214,0.203388
1048,test,price,1,1,0.009205,0.984401
1048,test,shipping,1,1,0.127739,0.827587
1048,test,smell,0,0,0.016027,0.065345
1048,test,stayingpower,0,0,0.086656,0.308433
1048,test,texture,0,0,0.039842,0.124226
1049,test,colour,0,0,0.023289,0.034806
1049,test,packing,0,0,0.011205,0.023137
1049,test,price,0,0,0.010553,0.018533
1049,test,shipping,0,0,0.012566,0.028619
1049,test,smell,0,0,0.010044,0.031604
1049,test,stayingpower,0,0,0.006289,0.008491
1049,test,texture,0,0,0.010652,0.050237
1050,test,colour,1,1,0.024422,0.968881
1050,test,packing,0,0,0.04177,0.082977
1050,test,price,0,0,0.036391,0.05715
1050,test,shipping,0,0,0.017653,0.02431
1050,test,smell,0,1,0.017952,0.976546
1050,test,stayingpower,0,0,0.033888,0.043439
1050,test,texture,0,0,0.029935,0.132914
1051,test,colour,0,0,0.040987,0.158666
1051,test,packing,0,0,0.039061,0.095646
1051,test,price,0,0,0.014476,0.041654
1051,test,shipping,2,2,0.997215,0.000688
1051,test,smell,0,0,0.023267,0.034742
1051,test,stayingpower,0,0,0.025453,0.040463
1051,test,texture,0,0,0.053621,0.196473
1052,test,colour,0,0,0.032805,0.035513
1052,test,packing,0,0,0.013934,0.020205
1052,test,price,0,0,0.010841,0.013748
1052,test,shipping,0,0,0.019313,0.019687
1052,test,smell,0,0,0.012109,0.022464
1052,test,stayingpower,0,0,0.01146,0.009399
1052,test,texture,0,0,0.010947,0.018034
1053,test,colour,1,1,0.03125,0.963958
1053,test,packing,0,0,0.030142,0.025043
1053,test,price,1,1,0.01417,0.975705
1053,test,shipping,0,0,0.019118,0.01843
1053,test,smell,0,0,0.032919,0.039867
1053,test,stayingpower,0,0,0.038039,0.02055
1053,test,texture,0,0,0.089454,0.061815
1054,test,colour,1,1,0.019112,0.965737
1054,test,packing,0,0,0.02015,0.031962
1054,test,price,0,0,0.032411,0.152877
1054,test,shipping,2,2,0.966995,0.031746
1054,test,smell,0,0,0.023957,0.04785
1054,test,stayingpower,0,0,0.015303,0.038811
1054,test,texture,0,0,0.035278,0.05354
1055,test,colour,0,0,0.076418,0.04888
1055,test,packing,0,0,0.177635,0.232454
1055,test,price,1,1,0.012679,0.968019
1055,test,shipping,2,2,0.997426,0.000912
1055,test,smell,0,0,0.022875,0.019896
1055,test,stayingpower,0,0,0.029447,0.037609
1055,test,texture,1,0,0.130018,0.118552
1056,test,colour,1,1,0.087182,0.908939
1056,test,packing,0,0,0.070948,0.032481
1056,test,price,0,0,0.049939,0.092201
1056,test,shipping,0,0,0.266948,0.057683
1056,test,smell,0,0,0.074817,0.016525
1056,test,stayingpower,0,2,0.470625,0.165897
1056,test,texture,2,2,0.98594,0.00426
1057,test,colour,0,0,0.079128,0.078989
1057,test,packing,0,0,0.056955,0.06458
1057,test,price,0,0,0.011661,0.022082
1057,test,shipping,0,0,0.046094,0.062306
1057,test,smell,1,1,0.06845,0.930179
1057,test,stayingpower,0,0,0.081979,0.092602
1057,test,texture,1,1,0.075596,0.629026
1058,test,colour,0,2,0.49521,0.015033
1058,test,packing,2,2,0.667482,0.317142
1058,test,price,0,0,0.055715,0.091067
1058,test,shipping,1,1,0.237228,0.716034
1058,test,smell,0,0,0.338656,0.041488
1058,test,stayingpower,0,0,0.061632,0.017718
1058,test,texture,0,2,0.637273,0.013746
1059,test,colour,0,0,0.01625,0.09889
1059,test,packing,0,1,0.02882,0.935636
1059,test,price,0,0,0.020619,0.060483
1059,test,shipping,0,1,0.070103,0.834511
1059,test,smell,0,0,0.012155,0.045024
1059,test,stayingpower,0,0,0.002743,0.006657
1059,test,texture,0,0,0.003183,0.015582
1060,test,colour,1,1,0.003339,0.994915
1060,test,packing,0,0,0.025375,0.042669
1060,test,price,1,1,0.01785,0.950109
1060,test,shipping,0,0,0.024503,0.026411
1060,test,smell,0,0,0.066598,0.288726
1060,test,stayingpower,0,0,0.021185,0.020545
1060,test,texture,0,0,0.036665,0.14886
1061,test,colour,0,0,0.05211,0.036939
1061,test,packing,1,1,0.052374,0.940922
1061,test,price,0,0,0.026678,0.033589
1061,test,shipping,1,1,0.019909,0.976376
1061,test,smell,0,0,0.012758,0.025664
1061,test,stayingpower,0,0,0.01652,0.01438
1061,test,texture,0,0,0.011148,0.018208
1062,test,colour,1,1,0.009686,0.97696
1062,test,packing,0,0,0.024053,0.108736
1062,test,price,0,0,0.02349,0.093404
1062,test,shipping,1,1,0.014969,0.967609
1062,test,smell,0,0,0.006234,0.09441
1062,test,stayingpower,1,1,0.077285,0.886695
1062,test,texture,1,1,0.007696,0.983752
1063,test,colour,0,0,0.019841,0.123488
1063,test,packing,0,0,0.037193,0.118872
1063,test,price,0,0,0.018671,0.054583
1063,test,shipping,1,1,0.04762,0.937662
1063,test,smell,0,0,0.008374,0.017633
1063,test,stayingpower,0,0,0.003791,0.00889
1063,test,texture,0,0,0.005783,0.020138
1064,test,colour,3,1,0.233176,0.762568
1064,test,packing,0,0,0.014362,0.014823
1064,test,price,0,0,0.01747,0.015423
1064,test,shipping,0,0,0.042333,0.031495
1064,test,smell,0,0,0.037116,0.026368
1064,test,stayingpower,0,0,0.047567,0.014134
1064,test,texture,0,0,0.047177,0.020024
1065,test,colour,0,0,0.390225,0.154145
1065,test,packing,0,0,0.123398,0.044962
1065,test,price,0,0,0.073657,0.2393
1065,test,shipping,0,0,0.297237,0.139468
1065,test,smell,2,2,0.989195,0.008911
1065,test,stayingpower,0,0,0.213157,0.110137
1065,test,texture,2,2,0.919055,0.045794
1066,test,colour,0,0,0.0231,0.076236
1066,test,packing,0,0,0.013058,0.037734
1066,test,price,1,1,0.009889,0.978403
1066,test,shipping,0,0,0.008598,0.029926
1066,test,smell,0,0,0.010525,0.049373
1066,test,stayingpower,0,0,0.012906,0.036773
1066,test,texture,0,0,0.013585,0.479156
1067,test,colour,1,1,0.019721,0.976936
1067,test,packing,0,0,0.011674,0.012204
1067,test,price,0,0,0.016431,0.035652
1067,test,shipping,0,0,0.039282,0.017686
1067,test,smell,0,0,0.011045,0.018444
1067,test,stayingpower,0,0,0.042644,0.055602
1067,test,texture,0,0,0.047489,0.042053
1068,test,colour,1,1,0.004289,0.993039
1068,test,packing,0,0,0.01078,0.036855
1068,test,price,0,0,0.01756,0.080753
1068,test,shipping,0,0,0.024277,0.044773
1068,test,smell,0,0,0.016247,0.14356
1068,test,stayingpower,0,0,0.053692,0.174801
1068,test,texture,1,1,0.003955,0.982868
1069,test,colour,0,0,0.04547,0.457443
1069,test,packing,0,0,0.012156,0.036972
1069,test,price,0,0,0.013452,0.097034
1069,test,shipping,0,0,0.010175,0.020771
1069,test,smell,0,0,0.008354,0.053325
1069,test,stayingpower,0,0,0.01759,0.089881
1069,test,texture,1,1,0.003193,0.991991
1070,test,colour,1,1,0.011956,0.983306
1070,test,packing,0,0,0.014214,0.017441
1070,test,price,0,0,0.028003,0.09079
1070,test,shipping,0,0,0.022589,0.041427
1070,test,smell,1,1,0.031295,0.964567
1070,test,stayingpower,0,0,0.026713,0.041981
1070,test,texture,1,1,0.030235,0.638795
1071,test,colour,1,1,0.005902,0.98586
1071,test,packing,0,0,0.029363,0.135627
1071,test,price,0,0,0.0278,0.063446
1071,test,shipping,1,1,0.014385,0.968055
1071,test,smell,1,1,0.010467,0.978142
1071,test,stayingpower,0,1,0.096588,0.45425
1071,test,texture,1,1,0.009973,0.966932
1072,test,colour,0,0,0.036768,0.049029
1072,test,packing,0,0,0.028089,0.061899
1072,test,price,1,1,0.005439,0.988471
1072,test,shipping,0,0,0.02087,0.024154
1072,test,smell,0,0,0.054999,0.227452
1072,test,stayingpower,0,0,0.01596,0.040077
1072,test,texture,1,1,0.005659,0.977356
1073,test,colour,1,1,0.062687,0.93476
1073,test,packing,0,0,0.177608,0.173791
1073,test,price,1,1,0.096448,0.711276
1073,test,shipping,0,0,0.270247,0.356101
1073,test,smell,0,0,0.039759,0.029062
1073,test,stayingpower,0,2,0.490639,0.176588
1073,test,texture,2,2,0.981758,0.014794
1074,test,colour,1,1,0.006069,0.984836
1074,test,packing,0,0,0.054053,0.315238
1074,test,price,0,0,0.032478,0.274946
1074,test,shipping,1,1,0.008316,0.985996
1074,test,smell,0,0,0.010448,0.029114
1074,test,stayingpower,0,0,0.016389,0.021403
1074,test,texture,0,0,0.011053,0.039128
1075,test,colour,0,0,0.031177,0.014505
1075,test,packing,0,0,0.01884,0.014451
1075,test,price,0,0,0.013499,0.013921
1075,test,shipping,0,0,0.021301,0.014667
1075,test,smell,0,0,0.019417,0.022339
1075,test,stayingpower,0,0,0.016766,0.011162
1075,test,texture,0,0,0.020982,0.018486
1076,test,colour,1,2,0.702696,0.173941
1076,test,packing,0,0,0.01758,0.014691
1076,test,price,0,0,0.011215,0.007358
1076,test,shipping,0,0,0.053595,0.03739
1076,test,smell,0,0,0.004633,0.011577
1076,test,stayingpower,1,1,0.350904,0.450095
1076,test,texture,1,0,0.13502,0.26641
1077,test,colour,0,0,0.033257,0.027719
1077,test,packing,0,0,0.086854,0.353618
1077,test,price,0,0,0.019005,0.028649
1077,test,shipping,1,1,0.006967,0.988909
1077,test,smell,0,0,0.01036,0.024539
1077,test,stayingpower,0,0,0.009752,0.012413
1077,test,texture,0,0,0.008215,0.018031
1078,test,colour,0,0,0.044381,0.122776
1078,test,packing,0,0,0.008629,0.013305
1078,test,price,0,0,0.012695,0.022437
1078,test,shipping,0,0,0.013894,0.020412
1078,test,smell,0,0,0.015842,0.043735
1078,test,stayingpower,0,0,0.008283,0.007881
1078,test,texture,0,0,0.007767,0.015332
1079,test,colour,1,1,0.017219,0.971652
1079,test,packing,0,0,0.054113,0.17279
1079,test,price,1,1,0.015453,0.96053
1079,test,shipping,2,2,0.971795,0.025862
1079,test,smell,0,0,0.037647,0.092617
1079,test,stayingpower,0,0,0.013806,0.032259
1079,test,texture,0,0,0.053701,0.135851
1080,test,colour,1,1,0.013898,0.977699
1080,test,packing,0,0,0.03004,0.072788
1080,test,price,0,0,0.028674,0.031382
1080,test,shipping,1,1,0.0164,0.957688
1080,test,smell,1,1,0.018762,0.962245
1080,test,stayingpower,0,0,0.026197,0.047337
1080,test,texture,0,0,0.020118,0.065001
1081,test,colour,0,0,0.017299,0.01524
1081,test,packing,0,0,0.015924,0.0264
1081,test,price,0,0,0.013251,0.02734
1081,test,shipping,0,0,0.019735,0.03316
1081,test,smell,0,0,0.009333,0.020782
1081,test,stayingpower,0,0,0.007352,0.008914
1081,test,texture,0,0,0.010106,0.024929
1082,test,colour,1,1,0.052697,0.935003
1082,test,packing,1,1,0.151741,0.817193
1082,test,price,0,0,0.040783,0.092223
1082,test,shipping,0,0,0.185396,0.189854
1082,test,smell,0,0,0.189632,0.087477
1082,test,stayingpower,0,0,0.165976,0.107204
1082,test,texture,3,2,0.761048,0.231482
1083,test,colour,0,0,0.04457,0.034662
1083,test,packing,0,0,0.024315,0.032258
1083,test,price,0,0,0.012343,0.010981
1083,test,shipping,0,0,0.030281,0.029765
1083,test,smell,0,0,0.0117,0.014171
1083,test,stayingpower,0,0,0.009398,0.008044
1083,test,texture,0,0,0.013325,0.013618
1084,test,colour,3,2,0.870075,0.089387
1084,test,packing,0,0,0.074615,0.02158
1084,test,price,0,0,0.076258,0.146376
1084,test,shipping,0,0,0.049367,0.023148
1084,test,smell,3,2,0.963871,0.030352
1084,test,stayingpower,0,0,0.17277,0.133781
1084,test,texture,2,2,0.946405,0.042227
1085,test,colour,0,0,0.040251,0.031602
1085,test,packing,0,0,0.019178,0.022388
1085,test,price,0,0,0.009013,0.007002
1085,test,shipping,0,0,0.046307,0.022412
1085,test,smell,0,0,0.013437,0.018624
1085,test,stayingpower,0,0,0.012922,0.011739
1085,test,texture,0,0,0.011743,0.011801
1086,test,colour,1,1,0.005518,0.988875
1086,test,packing,0,0,0.015025,0.064539
1086,test,price,0,0,0.020081,0.103098
1086,test,shipping,0,0,0.040295,0.100906
1086,test,smell,0,0,0.013813,0.11491
1086,test,stayingpower,0,0,0.060734,0.226218
1086,test,texture,1,1,0.003491,0.993145
1087,test,colour,0,0,0.0231,0.076236
1087,test,packing,0,0,0.013058,0.037734
1087,test,price,1,1,0.009889,0.978403
1087,test,shipping,0,0,0.008598,0.029926
1087,test,smell,0,0,0.010525,0.049373
1087,test,stayingpower,0,0,0.012906,0.036773
1087,test,texture,0,0,0.013585,0.479156
1088,test,colour,0,0,0.015901,0.086778
1088,test,packing,1,1,0.012862,0.97562
1088,test,price,0,0,0.026571,0.081041
1088,test,shipping,0,0,0.027321,0.089759
1088,test,smell,0,0,0.006743,0.026242
1088,test,stayingpower,0,0,0.007479,0.016962
1088,test,texture,0,0,0.007225,0.091207
1089,test,colour,0,1,0.006627,0.98219
1089,test,packing,1,1,0.048412,0.922815
1089,test,price,1,1,0.035774,0.925952
1089,test,shipping,0,0,0.167977,0.249435
1089,test,smell,1,1,0.034396,0.944378
1089,test,stayingpower,0,0,0.024375,0.05536
1089,test,texture,0,0,0.024745,0.162835
1090,test,colour,0,0,0.07348,0.221533
1090,test,packing,0,0,0.018493,0.035116
1090,test,price,0,0,0.013284,0.028954
1090,test,shipping,0,0,0.012051,0.249383
1090,test,smell,0,0,0.008063,0.041217
1090,test,stayingpower,0,0,0.008889,0.00713
1090,test,texture,0,0,0.006363,0.037803
1091,test,colour,0,0,0.040691,0.024541
1091,test,packing,0,0,0.02807,0.03115
1091,test,price,0,0,0.010345,0.007193
1091,test,shipping,0,0,0.042668,0.016262
1091,test,smell,0,0,0.016759,0.017852
1091,test,stayingpower,0,0,0.011533,0.00894
1091,test,texture,0,0,0.013541,0.010598
1092,test,colour,1,1,0.009185,0.984098
1092,test,packing,0,0,0.020086,0.02856
1092,test,price,0,0,0.029087,0.115178
1092,test,shipping,0,0,0.090219,0.061874
1092,test,smell,0,0,0.007461,0.029666
1092,test,stayingpower,3,1,0.127457,0.863072
1092,test,texture,3,1,0.195246,0.696994
1093,test,colour,0,0,0.025253,0.037211
1093,test,packing,0,0,0.012701,0.023826
1093,test,price,0,0,0.01231,0.023004
1093,test,shipping,0,0,0.011862,0.024037
1093,test,smell,0,0,0.009998,0.023302
1093,test,stayingpower,0,0,0.007374,0.009482
1093,test,texture,0,0,0.009398,0.023728
1094,test,colour,0,1,0.038524,0.74007
1094,test,packing,0,1,0.043612,0.933933
1094,test,price,1,1,0.062765,0.696695
1094,test,shipping,2,2,0.995688,0.002615
1094,test,smell,0,0,0.030727,0.104312
1094,test,stayingpower,1,1,0.151809,0.797319
1094,test,texture,0,1,0.104175,0.798323
1095,test,colour,0,0,0.02018,0.017302
1095,test,packing,0,0,0.03317,0.070932
1095,test,price,0,0,0.010619,0.020103
1095,test,shipping,0,0,0.169373,0.07259
1095,test,smell,0,0,0.007256,0.014425
1095,test,stayingpower,0,0,0.00499,0.006383
1095,test,texture,0,0,0.007114,0.011256
1096,test,colour,0,1,0.01135,0.978116
1096,test,packing,0,0,0.038399,0.197368
1096,test,price,0,0,0.017569,0.040193
1096,test,shipping,1,1,0.080408,0.862215
1096,test,smell,0,0,0.012566,0.028477
1096,test,stayingpower,0,0,0.005751,0.016239
1096,test,texture,0,0,0.005316,0.021566
1097,test,colour,1,0,0.031551,0.046383
1097,test,packing,1,1,0.021448,0.973173
1097,test,price,0,0,0.031826,0.059424
1097,test,shipping,0,1,0.006637,0.989055
1097,test,smell,0,0,0.011031,0.040179
1097,test,stayingpower,0,0,0.014538,0.020112
1097,test,texture,0,0,0.009795,0.038497
1098,test,colour,0,0,0.047159,0.146431
1098,test,packing,0,0,0.035294,0.079457
1098,test,price,0,0,0.051682,0.224088
1098,test,shipping,2,2,0.991342,0.004367
1098,test,smell,1,1,0.035861,0.955186
1098,test,stayingpower,0,0,0.035115,0.076944
1098,test,texture,0,0,0.025529,0.224694
1099,test,colour,2,1,0.397052,0.594022
1099,test,packing,0,0,0.018833,0.017743
1099,test,price,0,0,0.024876,0.019988
1099,test,shipping,0,0,0.032555,0.016152
1099,test,smell,0,0,0.039113,0.020913
1099,test,stayingpower,0,0,0.01953,0.011374
1099,test,texture,0,0,0.028172,0.015704
1100,test,colour,1,1,0.005136,0.990728
1100,test,packing,0,0,0.037494,0.117133
1100,test,price,1,1,0.012352,0.971699
1100,test,shipping,1,1,0.045212,0.940496
1100,test,smell,0,0,0.020003,0.054714
1100,test,stayingpower,0,0,0.030746,0.043308
1100,test,texture,0,0,0.026957,0.109659
1101,test,colour,1,1,0.039938,0.951954
1101,test,packing,0,0,0.052583,0.030046
1101,test,price,0,0,0.058014,0.155632
1101,test,shipping,0,0,0.256729,0.159061
1101,test,smell,0,0,0.018149,0.026343
1101,test,stayingpower,1,1,0.259426,0.686116
1101,test,texture,2,2,0.967614,0.024445
1102,test,colour,0,0,0.026835,0.017189
1102,test,packing,0,0,0.012249,0.012924
1102,test,price,0,0,0.011269,0.017043
1102,test,shipping,0,0,0.01031,0.019888
1102,test,smell,0,0,0.012707,0.02499
1102,test,stayingpower,0,0,0.009326,0.010976
1102,test,texture,0,0,0.01917,0.04376
1103,test,colour,3,1,0.081002,0.914602
1103,test,packing,0,0,0.026781,0.040586
1103,test,price,0,0,0.024369,0.082548
1103,test,shipping,0,0,0.094833,0.041573
1103,test,smell,1,1,0.027762,0.957981
1103,test,stayingpower,0,0,0.097137,0.246439
1103,test,texture,1,1,0.01325,0.978402
1104,test,colour,0,0,0.02869,0.15393
1104,test,packing,0,0,0.01686,0.058844
1104,test,price,0,0,0.014154,0.07111
1104,test,shipping,0,0,0.019382,0.037364
1104,test,smell,0,0,0.023045,0.182966
1104,test,stayingpower,0,0,0.019029,0.2024
1104,test,texture,1,1,0.000996,0.9959
1105,test,colour,0,0,0.028677,0.021268
1105,test,packing,0,0,0.038212,0.071383
1105,test,price,0,0,0.016276,0.031883
1105,test,shipping,0,0,0.073646,0.044044
1105,test,smell,0,0,0.006283,0.008481
1105,test,stayingpower,0,0,0.008603,0.008906
1105,test,texture,0,0,0.005423,0.006478
1106,test,colour,1,1,0.050012,0.94011
1106,test,packing,1,1,0.06552,0.911407
1106,test,price,0,0,0.019899,0.028358
1106,test,shipping,0,0,0.104935,0.118883
1106,test,smell,0,0,0.030061,0.016874
1106,test,stayingpower,0,0,0.021733,0.012361
1106,test,texture,0,0,0.02183,0.012841
1107,test,colour,0,0,0.064715,0.02013
1107,test,packing,0,0,0.046514,0.052653
1107,test,price,0,0,0.016098,0.018841
1107,test,shipping,0,0,0.038947,0.014715
1107,test,smell,0,0,0.0136,0.012484
1107,test,stayingpower,0,0,0.008908,0.005678
1107,test,texture,0,0,0.012774,0.006725
1108,test,colour,1,1,0.012571,0.974608
1108,test,packing,1,1,0.020852,0.972172
1108,test,price,0,0,0.028453,0.060571
1108,test,shipping,1,1,0.011038,0.985532
1108,test,smell,0,0,0.016102,0.066699
1108,test,stayingpower,0,0,0.045211,0.062535
1108,test,texture,0,0,0.025687,0.070452
1109,test,colour,0,0,0.017681,0.010643
1109,test,packing,0,0,0.055479,0.062628
1109,test,price,0,0,0.010434,0.01699
1109,test,shipping,0,2,0.625184,0.046468
1109,test,smell,0,0,0.008875,0.009169
1109,test,stayingpower,0,0,0.005934,0.007211
1109,test,texture,0,0,0.011079,0.013754
1110,test,colour,1,1,0.002954,0.994869
1110,test,packing,0,0,0.100709,0.234078
1110,test,price,1,1,0.02182,0.954573
1110,test,shipping,0,1,0.425478,0.447921
1110,test,smell,1,1,0.057553,0.925268
1110,test,stayingpower,2,2,0.586925,0.334391
1110,test,texture,1,1,0.065678,0.856833
1111,test,colour,1,1,0.06262,0.920027
1111,test,packing,0,0,0.079537,0.093197
1111,test,price,0,0,0.074177,0.12103
1111,test,shipping,0,0,0.062184,0.115631
1111,test,smell,0,0,0.096758,0.141975
1111,test,stayingpower,2,2,0.99386,0.005443
1111,test,texture,1,1,0.139263,0.787475
1112,test,colour,0,0,0.016779,0.121972
1112,test,packing,0,0,0.027651,0.094441
1112,test,price,1,1,0.009441,0.979994
1112,test,shipping,0,0,0.025424,0.045582
1112,test,smell,1,1,0.012167,0.958811
1112,test,stayingpower,0,0,0.009397,0.026281
1112,test,texture,0,0,0.012006,0.346007
1113,test,colour,0,0,0.067808,0.139492
1113,test,packing,0,0,0.022502,0.027292
1113,test,price,0,0,0.008331,0.010316
1113,test,shipping,0,0,0.035407,0.01944
1113,test,smell,0,0,0.004721,0.019674
1113,test,stayingpower,0,1,0.03788,0.911819
1113,test,texture,0,1,0.071939,0.709029
1114,test,colour,1,1,0.029776,0.963557
1114,test,packing,0,0,0.016309,0.025638
1114,test,price,0,0,0.021609,0.029826
1114,test,shipping,0,0,0.011989,0.015757
1114,test,smell,1,1,0.024655,0.956187
1114,test,stayingpower,0,0,0.020791,0.031002
1114,test,texture,0,0,0.03332,0.13188
1115,test,colour,0,0,0.028285,0.039965
1115,test,packing,1,1,0.021606,0.974974
1115,test,price,0,0,0.038181,0.069283
1115,test,shipping,0,1,0.008341,0.987278
1115,test,smell,0,0,0.011357,0.038846
1115,test,stayingpower,0,0,0.018787,0.025554
1115,test,texture,0,0,0.0109,0.039375
1116,test,colour,0,0,0.045833,0.04763
1116,test,packing,0,0,0.0579,0.0645
1116,test,price,0,0,0.016006,0.022151
1116,test,shipping,2,2,0.958031,0.037107
1116,test,smell,0,0,0.018398,0.014785
1116,test,stayingpower,0,0,0.005673,0.008125
1116,test,texture,0,0,0.020066,0.011901
1117,test,colour,1,1,0.004707,0.994075
1117,test,packing,0,0,0.010778,0.02364
1117,test,price,0,0,0.014902,0.031628
1117,test,shipping,0,0,0.021025,0.017658
1117,test,smell,0,0,0.014477,0.034125
1117,test,stayingpower,0,0,0.05912,0.141514
1117,test,texture,1,1,0.048751,0.585149
1118,test,colour,0,0,0.017456,0.286369
1118,test,packing,0,0,0.014941,0.039159
1118,test,price,0,0,0.025534,0.137364
1118,test,shipping,0,0,0.008871,0.03671
1118,test,smell,1,1,0.011582,0.904158
1118,test,stayingpower,1,1,0.06045,0.893317
1118,test,texture,0,1,0.009893,0.791067
1119,test,colour,3,0,0.093244,0.019603
1119,test,packing,0,0,0.016457,0.013456
1119,test,price,0,0,0.014872,0.014126
1119,test,shipping,0,0,0.039586,0.02168
1119,test,smell,0,0,0.022878,0.022037
1119,test,stayingpower,0,0,0.010725,0.012246
1119,test,texture,0,0,0.017995,0.008448
1120,test,colour,1,1,0.00311,0.994624
1120,test,packing,0,0,0.030502,0.083581
1120,test,price,0,0,0.0334,0.295561
1120,test,shipping,2,1,0.365124,0.616708
1120,test,smell,0,0,0.006773,0.016856
1120,test,stayingpower,0,0,0.016638,0.042898
1120,test,texture,0,0,0.037574,0.101488
1121,test,colour,0,0,0.02018,0.128333
1121,test,packing,0,0,0.054621,0.286286
1121,test,price,0,0,0.015899,0.042258
1121,test,shipping,2,2,0.996276,0.00314
1121,test,smell,0,0,0.022013,0.055108
1121,test,stayingpower,0,0,0.025109,0.086275
1121,test,texture,0,0,0.041215,0.227276
1122,test,colour,1,1,0.006406,0.991678
1122,test,packing,0,0,0.013829,0.026843
1122,test,price,0,0,0.02387,0.034495
1122,test,shipping,0,0,0.030002,0.037123
1122,test,smell,0,0,0.030225,0.055915
1122,test,stayingpower,0,0,0.044322,0.038619
1122,test,texture,0,0,0.018234,0.023332
1123,test,colour,1,1,0.091537,0.905727
1123,test,packing,0,0,0.097895,0.078538
1123,test,price,1,1,0.036826,0.932422
1123,test,shipping,0,0,0.050491,0.047497
1123,test,smell,0,0,0.102637,0.082263
1123,test,stayingpower,2,2,0.981266,0.008382
1123,test,texture,0,2,0.428764,0.148924
1124,test,colour,0,0,0.044899,0.029785
1124,test,packing,0,0,0.021082,0.021504
1124,test,price,0,0,0.010186,0.007697
1124,test,shipping,0,0,0.029583,0.016523
1124,test,smell,0,0,0.017233,0.020354
1124,test,stayingpower,0,0,0.011543,0.008781
1124,test,texture,0,0,0.015114,0.012562
1125,test,colour,1,1,0.012568,0.984088
1125,test,packing,1,1,0.143068,0.781408
1125,test,price,0,0,0.059845,0.259595
1125,test,shipping,0,0,0.327375,0.056497
1125,test,smell,1,1,0.20293,0.792168
1125,test,stayingpower,1,2,0.471269,0.458557
1125,test,texture,3,2,0.463759,0.463349
1126,test,colour,1,1,0.008926,0.986181
1126,test,packing,0,0,0.014464,0.035822
1126,test,price,0,0,0.016642,0.025071
1126,test,shipping,0,0,0.036753,0.034228
1126,test,smell,0,0,0.019807,0.049537
1126,test,stayingpower,0,0,0.013771,0.023984
1126,test,texture,0,0,0.013709,0.026766
1127,test,colour,0,0,0.009146,0.01329
1127,test,packing,0,0,0.020166,0.073754
1127,test,price,0,0,0.006888,0.017568
1127,test,shipping,2,0,0.189026,0.095537
1127,test,smell,0,0,0.002914,0.010459
1127,test,stayingpower,0,0,0.010009,0.173997
1127,test,texture,0,0,0.030728,0.339549
1128,test,colour,1,1,0.012578,0.981772
1128,test,packing,0,0,0.015238,0.025386
1128,test,price,0,0,0.056,0.174398
1128,test,shipping,1,1,0.02671,0.971237
1128,test,smell,0,0,0.017843,0.048822
1128,test,stayingpower,0,0,0.027781,0.03373
1128,test,texture,0,0,0.026471,0.052447
1129,test,colour,1,1,0.027277,0.964333
1129,test,packing,1,1,0.03025,0.95841
1129,test,price,0,0,0.025029,0.024664
1129,test,shipping,1,2,0.552916,0.27967
1129,test,smell,0,0,0.014603,0.015289
1129,test,stayingpower,0,0,0.020825,0.018751
1129,test,texture,0,0,0.010495,0.013567
1130,test,colour,0,0,0.044252,0.008815
1130,test,packing,0,0,0.019476,0.012122
1130,test,price,1,1,0.037257,0.69026
1130,test,shipping,0,0,0.011851,0.005645
1130,test,smell,0,0,0.008386,0.007467
1130,test,stayingpower,0,0,0.023866,0.02604
1130,test,texture,0,0,0.031786,0.0241
1131,test,colour,0,0,0.144096,0.065899
1131,test,packing,0,0,0.03148,0.020374
1131,test,price,0,0,0.051959,0.203191
1131,test,shipping,0,0,0.008036,0.007251
1131,test,smell,1,1,0.050651,0.947146
1131,test,stayingpower,0,0,0.070014,0.107181
1131,test,texture,1,1,0.039712,0.92268
1132,test,colour,0,0,0.036315,0.056408
1132,test,packing,1,1,0.067828,0.922797
1132,test,price,0,0,0.025538,0.044215
1132,test,shipping,2,2,0.989201,0.007684
1132,test,smell,0,0,0.016622,0.015222
1132,test,stayingpower,0,0,0.023252,0.03045
1132,test,texture,0,0,0.018439,0.022167
1133,test,colour,1,1,0.004791,0.993703
1133,test,packing,0,0,0.012354,0.031073
1133,test,price,0,0,0.023627,0.036502
1133,test,shipping,0,0,0.03954,0.036349
1133,test,smell,0,0,0.020083,0.029829
1133,test,stayingpower,0,0,0.028924,0.040932
1133,test,texture,0,0,0.025824,0.061965
1134,test,colour,0,0,0.026829,0.040155
1134,test,packing,0,0,0.014995,0.019808
1134,test,price,0,0,0.011636,0.012955
1134,test,shipping,0,0,0.025788,0.031301
1134,test,smell,0,0,0.011273,0.018437
1134,test,stayingpower,0,0,0.009664,0.008285
1134,test,texture,0,0,0.01056,0.018551
1135,test,colour,1,1,0.00445,0.994303
1135,test,packing,0,0,0.013627,0.017283
1135,test,price,0,0,0.04165,0.12203
1135,test,shipping,0,0,0.029868,0.05258
1135,test,smell,1,1,0.019215,0.963128
1135,test,stayingpower,3,1,0.372734,0.475253
1135,test,texture,1,1,0.02168,0.772624
1136,test,colour,0,0,0.053006,0.032452
1136,test,packing,0,0,0.057576,0.106517
1136,test,price,0,0,0.020146,0.033632
1136,test,shipping,1,1,0.006354,0.989683
1136,test,smell,0,0,0.012554,0.023186
1136,test,stayingpower,0,0,0.011998,0.013475
1136,test,texture,0,0,0.016447,0.019662
1137,test,colour,0,0,0.045826,0.080806
1137,test,packing,0,0,0.039088,0.119195
1137,test,price,0,0,0.006653,0.009778
1137,test,shipping,0,0,0.047589,0.011894
1137,test,smell,0,0,0.003326,0.00515
1137,test,stayingpower,0,0,0.015547,0.041969
1137,test,texture,0,0,0.01567,0.036525
1138,test,colour,0,0,0.051011,0.009743
1138,test,packing,0,0,0.023884,0.015389
1138,test,price,0,0,0.017172,0.032195
1138,test,shipping,0,0,0.021508,0.034466
1138,test,smell,0,0,0.016621,0.010323
1138,test,stayingpower,0,0,0.025036,0.012379
1138,test,texture,0,0,0.071465,0.02309
1139,test,colour,0,0,0.010122,0.025432
1139,test,packing,1,0,0.055192,0.32119
1139,test,price,0,0,0.012008,0.025381
1139,test,shipping,0,0,0.125613,0.155442
1139,test,smell,0,0,0.004153,0.010719
1139,test,stayingpower,0,0,0.006123,0.009296
1139,test,texture,0,0,0.00343,0.013402
1140,test,colour,2,2,0.958222,0.035133
1140,test,packing,0,1,0.428874,0.545397
1140,test,price,0,0,0.168986,0.27783
1140,test,shipping,0,2,0.613763,0.075686
1140,test,smell,0,0,0.079999,0.022894
1140,test,stayingpower,0,0,0.065737,0.016708
1140,test,texture,0,0,0.271151,0.010624
1141,test,colour,0,0,0.055325,0.047593
1141,test,packing,0,0,0.077782,0.070007
1141,test,price,0,0,0.015808,0.042658
1141,test,shipping,2,2,0.996992,0.001335
1141,test,smell,0,0,0.031333,0.041278
1141,test,stayingpower,0,0,0.014225,0.013401
1141,test,texture,0,0,0.02689,0.018909
1142,test,colour,0,0,0.061323,0.134671
1142,test,packing,0,0,0.018377,0.029094
1142,test,price,0,0,0.016898,0.049425
1142,test,shipping,1,1,0.00984,0.977009
1142,test,smell,0,0,0.009406,0.018593
1142,test,stayingpower,0,0,0.006684,0.00877
1142,test,texture,0,0,0.007967,0.015726
1143,test,colour,1,1,0.021126,0.973914
1143,test,packing,0,0,0.017792,0.030557
1143,test,price,0,0,0.030882,0.05818
1143,test,shipping,1,1,0.009721,0.982275
1143,test,smell,0,0,0.025403,0.062433
1143,test,stayingpower,0,0,0.024881,0.022316
1143,test,texture,0,0,0.02105,0.037055
1144,test,colour,0,0,0.018367,0.069637
1144,test,packing,1,1,0.038499,0.946427
1144,test,price,1,1,0.010692,0.982227
1144,test,shipping,0,0,0.071958,0.128333
1144,test,smell,1,1,0.035135,0.899505
1144,test,stayingpower,0,0,0.018374,0.046906
1144,test,texture,0,0,0.016029,0.276699
1145,test,colour,0,0,0.030228,0.01193
1145,test,packing,2,1,0.094616,0.900328
1145,test,price,0,0,0.027392,0.080925
1145,test,shipping,0,2,0.574497,0.361001
1145,test,smell,0,0,0.008323,0.010217
1145,test,stayingpower,0,0,0.009103,0.009617
1145,test,texture,0,0,0.02744,0.030049
1146,test,colour,0,0,0.011721,0.013542
1146,test,packing,1,1,0.019678,0.977159
1146,test,price,0,0,0.025194,0.043385
1146,test,shipping,0,0,0.079295,0.067111
1146,test,smell,0,0,0.008469,0.027176
1146,test,stayingpower,0,0,0.019412,0.037752
1146,test,texture,0,0,0.01486,0.074496
1147,test,colour,0,0,0.016879,0.016619
1147,test,packing,0,0,0.013134,0.022863
1147,test,price,0,0,0.04171,0.304178
1147,test,shipping,0,0,0.011164,0.024176
1147,test,smell,0,0,0.009765,0.028403
1147,test,stayingpower,0,0,0.006619,0.007457
1147,test,texture,0,0,0.00858,0.019751
1148,test,colour,0,0,0.018376,0.030707
1148,test,packing,0,0,0.028129,0.082241
1148,test,price,0,0,0.014843,0.063978
1148,test,shipping,0,0,0.45401,0.054033
1148,test,smell,0,0,0.0025,0.007041
1148,test,stayingpower,0,0,0.004364,0.014348
1148,test,texture,0,0,0.007311,0.028729
1149,test,colour,1,1,0.120385,0.874298
1149,test,packing,0,0,0.059306,0.032176
1149,test,price,0,0,0.05214,0.064063
1149,test,shipping,0,0,0.105703,0.094178
1149,test,smell,0,0,0.07488,0.024701
1149,test,stayingpower,0,0,0.367942,0.187193
1149,test,texture,2,2,0.985736,0.010764
1150,test,colour,0,0,0.029232,0.13338
1150,test,packing,0,0,0.015579,0.072126
1150,test,price,0,0,0.009963,0.023573
1150,test,shipping,0,0,0.020819,0.013388
1150,test,smell,0,0,0.00508,0.015404
1150,test,stayingpower,0,0,0.010216,0.046413
1150,test,texture,0,0,0.00922,0.052242
1151,test,colour,1,1,0.015503,0.972428
1151,test,packing,0,0,0.028167,0.083746
1151,test,price,0,0,0.034335,0.04338
1151,test,shipping,1,1,0.011467,0.963037
1151,test,smell,1,1,0.018301,0.964778
1151,test,stayingpower,0,0,0.023013,0.050089
1151,test,texture,0,0,0.016082,0.067795
1152,test,colour,0,0,0.039876,0.028252
1152,test,packing,0,0,0.017856,0.020995
1152,test,price,0,0,0.009261,0.00843
1152,test,shipping,0,0,0.032491,0.018541
1152,test,smell,0,0,0.012242,0.01678
1152,test,stayingpower,0,0,0.011245,0.01072
1152,test,texture,0,0,0.015662,0.013009
1153,test,colour,1,1,0.003973,0.993893
1153,test,packing,0,0,0.043903,0.275653
1153,test,price,0,0,0.020876,0.075281
1153,test,shipping,0,0,0.05327,0.130439
1153,test,smell,0,0,0.00884,0.026074
1153,test,stayingpower,0,0,0.154156,0.349242
1153,test,texture,1,1,0.054532,0.935242
1154,test,colour,0,0,0.038412,0.068244
1154,test,packing,0,0,0.012401,0.017618
1154,test,price,0,0,0.010681,0.012599
1154,test,shipping,0,0,0.012024,0.012268
1154,test,smell,0,0,0.014493,0.032295
1154,test,stayingpower,0,0,0.013484,0.010209
1154,test,texture,0,0,0.012137,0.022635
1155,test,colour,0,0,0.028291,0.063547
1155,test,packing,0,0,0.013597,0.025226
1155,test,price,0,0,0.011472,0.018415
1155,test,shipping,0,0,0.020029,0.035215
1155,test,smell,0,0,0.010034,0.029344
1155,test,stayingpower,0,0,0.009301,0.009029
1155,test,texture,0,0,0.00676,0.014126
1156,test,colour,0,0,0.257294,0.103156
1156,test,packing,0,0,0.03552,0.025706
1156,test,price,0,1,0.067644,0.547821
1156,test,shipping,0,0,0.024957,0.109725
1156,test,smell,0,0,0.050321,0.135564
1156,test,stayingpower,2,2,0.989976,0.007882
1156,test,texture,1,1,0.061847,0.917457
1157,test,colour,1,1,0.03779,0.959084
1157,test,packing,0,0,0.059994,0.093611
1157,test,price,1,1,0.027434,0.908068
1157,test,shipping,0,1,0.326969,0.444011
1157,test,smell,2,1,0.157927,0.817808
1157,test,stayingpower,1,2,0.803136,0.162947
1157,test,texture,1,1,0.07927,0.89495
1158,test,colour,3,1,0.222089,0.760522
1158,test,packing,0,0,0.019994,0.032574
1158,test,price,0,0,0.011237,0.008998
1158,test,shipping,0,0,0.013679,0.011416
1158,test,smell,0,0,0.009087,0.006562
1158,test,stayingpower,0,0,0.04269,0.018667
1158,test,texture,0,0,0.06334,0.060374
1159,test,colour,0,0,0.053806,0.036187
1159,test,packing,1,1,0.041699,0.948262
1159,test,price,0,0,0.022131,0.032014
1159,test,shipping,1,1,0.012215,0.970727
1159,test,smell,0,0,0.005396,0.013122
1159,test,stayingpower,0,0,0.018304,0.023437
1159,test,texture,0,0,0.011197,0.025565
1160,test,colour,0,0,0.029065,0.051226
1160,test,packing,1,1,0.032417,0.951231
1160,test,price,0,0,0.029564,0.062281
1160,test,shipping,1,1,0.006202,0.989926
1160,test,smell,0,0,0.015335,0.051372
1160,test,stayingpower,0,0,0.00985,0.012789
1160,test,texture,0,0,0.007827,0.02933
1161,test,colour,1,1,0.003532,0.99181
1161,test,packing,0,0,0.008654,0.01407
1161,test,price,0,0,0.019022,0.113376
1161,test,shipping,0,0,0.037875,0.067002
1161,test,smell,0,0,0.010828,0.070217
1161,test,stayingpower,1,1,0.064615,0.876836
1161,test,texture,1,1,0.014291,0.911956
1162,test,colour,0,0,0.0429,0.043369
1162,test,packing,0,0,0.122448,0.246503
1162,test,price,0,0,0.017129,0.032293
1162,test,shipping,2,2,0.997522,0.001525
1162,test,smell,0,0,0.021232,0.019358
1162,test,stayingpower,0,0,0.016858,0.021652
1162,test,texture,0,0,0.033819,0.028024
1163,test,colour,0,0,0.046182,0.021845
1163,test,packing,0,0,0.022298,0.018627
1163,test,price,0,0,0.008846,0.007046
1163,test,shipping,0,0,0.032003,0.01572
1163,test,smell,0,0,0.013889,0.01528
1163,test,stayingpower,0,0,0.014415,0.012131
1163,test,texture,0,0,0.022225,0.014996
1164,test,colour,0,0,0.045514,0.06202
1164,test,packing,0,0,0.013177,0.019059
1164,test,price,0,0,0.013101,0.015886
1164,test,shipping,0,0,0.010698,0.009485
1164,test,smell,0,0,0.013937,0.035762
1164,test,stayingpower,0,0,0.007965,0.008039
1164,test,texture,0,0,0.010912,0.028607
1165,test,colour,0,0,0.037374,0.140091
1165,test,packing,0,0,0.023805,0.036715
1165,test,price,1,1,0.00928,0.979606
1165,test,shipping,0,0,0.008359,0.011611
1165,test,smell,1,1,0.018344,0.972577
1165,test,stayingpower,0,0,0.023261,0.056358
1165,test,texture,1,1,0.020957,0.774019
1166,test,colour,1,1,0.003918,0.993964
1166,test,packing,0,0,0.045502,0.265034
1166,test,price,1,1,0.019898,0.941297
1166,test,shipping,2,2,0.982078,0.007014
1166,test,smell,0,0,0.027165,0.083425
1166,test,stayingpower,0,0,0.086767,0.189875
1166,test,texture,0,1,0.074452,0.468256
1167,test,colour,1,1,0.057498,0.933306
1167,test,packing,0,0,0.049943,0.038841
1167,test,price,0,0,0.031045,0.049298
1167,test,shipping,1,1,0.039594,0.949175
1167,test,smell,0,0,0.05371,0.048641
1167,test,stayingpower,0,0,0.267273,0.235891
1167,test,texture,3,2,0.859672,0.127092
1168,test,colour,1,1,0.008038,0.990295
1168,test,packing,0,0,0.010721,0.035588
1168,test,price,0,0,0.0206,0.042353
1168,test,shipping,0,0,0.029597,0.028858
1168,test,smell,0,0,0.013586,0.04513
1168,test,stayingpower,0,0,0.021716,0.044292
1168,test,texture,0,0,0.022412,0.200264
1169,test,colour,1,1,0.326108,0.639871
1169,test,packing,0,0,0.030689,0.016556
1169,test,price,1,1,0.015878,0.941181
1169,test,shipping,0,0,0.026369,0.006869
1169,test,smell,2,2,0.679704,0.306016
1169,test,stayingpower,0,0,0.167718,0.188729
1169,test,texture,1,1,0.251599,0.731718
1170,test,colour,1,1,0.002668,0.995841
1170,test,packing,0,0,0.010563,0.023194
1170,test,price,0,0,0.013674,0.02432
1170,test,shipping,0,0,0.015381,0.016066
1170,test,smell,0,0,0.026431,0.110121
1170,test,stayingpower,0,0,0.05584,0.15355
1170,test,texture,1,1,0.028594,0.671661
1171,test,colour,3,2,0.912455,0.049057
1171,test,packing,0,0,0.023558,0.007224
1171,test,price,1,1,0.030486,0.94578
1171,test,shipping,0,0,0.0686,0.017253
1171,test,smell,0,0,0.08909,0.052156
1171,test,stayingpower,1,2,0.788138,0.152886
1171,test,texture,0,2,0.672599,0.083707
1172,test,colour,1,1,0.057833,0.937555
1172,test,packing,0,0,0.089649,0.0662
1172,test,price,0,0,0.090549,0.15033
1172,test,shipping,0,0,0.094236,0.098064
1172,test,smell,2,2,0.840943,0.15695
1172,test,stayingpower,0,0,0.153093,0.031397
1172,test,texture,0,0,0.171912,0.069927
1173,test,colour,1,1,0.034096,0.878988
1173,test,packing,1,1,0.03543,0.894964
1173,test,price,0,0,0.021763,0.046059
1173,test,shipping,1,1,0.003561,0.995282
1173,test,smell,0,0,0.010365,0.059474
1173,test,stayingpower,0,0,0.013934,0.0411
1173,test,texture,0,0,0.008734,0.079509
1174,test,colour,0,0,0.056706,0.235208
1174,test,packing,0,1,0.064144,0.923139
1174,test,price,0,0,0.029534,0.078084
1174,test,shipping,0,2,0.571961,0.090471
1174,test,smell,0,0,0.007822,0.03283
1174,test,stayingpower,1,1,0.122972,0.868199
1174,test,texture,1,1,0.124077,0.766698
1175,test,colour,1,1,0.009899,0.986624
1175,test,packing,0,0,0.014219,0.02309
1175,test,price,0,0,0.021062,0.02675
1175,test,shipping,0,0,0.0298,0.014064
1175,test,smell,0,0,0.030942,0.031145
1175,test,stayingpower,0,0,0.027816,0.026818
1175,test,texture,0,0,0.031579,0.024604
1176,test,colour,0,0,0.031683,0.220979
1176,test,packing,0,0,0.010549,0.034457
1176,test,price,0,0,0.013484,0.060973
1176,test,shipping,0,0,0.005938,0.009387
1176,test,smell,0,0,0.005701,0.058088
1176,test,stayingpower,0,0,0.018754,0.104695
1176,test,texture,1,1,0.006994,0.941556
1177,test,colour,0,0,0.048804,0.058942
1177,test,packing,0,0,0.014394,0.020762
1177,test,price,0,0,0.013527,0.02582
1177,test,shipping,0,0,0.031066,0.016995
1177,test,smell,0,0,0.005259,0.03881
1177,test,stayingpower,0,0,0.009107,0.044708
1177,test,texture,1,1,0.020069,0.900086
1178,test,colour,1,1,0.02338,0.975712
1178,test,packing,0,0,0.123628,0.067635
1178,test,price,0,0,0.033986,0.045072
1178,test,shipping,2,2,0.873918,0.112164
1178,test,smell,0,0,0.12548,0.049084
1178,test,stayingpower,0,0,0.176016,0.080423
1178,test,texture,0,2,0.812636,0.026758
1179,test,colour,1,1,0.034047,0.95174
1179,test,packing,0,0,0.045168,0.067806
1179,test,price,1,1,0.017126,0.959426
1179,test,shipping,0,0,0.055393,0.061115
1179,test,smell,1,1,0.107716,0.868934
1179,test,stayingpower,0,0,0.299651,0.284873
1179,test,texture,1,1,0.064667,0.93365
1180,test,colour,1,1,0.025008,0.966129
1180,test,packing,0,0,0.044602,0.062923
1180,test,price,0,0,0.044247,0.112682
1180,test,shipping,1,1,0.01988,0.967659
1180,test,smell,0,0,0.046561,0.07727
1180,test,stayingpower,2,2,0.9694,0.017612
1180,test,texture,0,0,0.142119,0.145798
1181,test,colour,0,0,0.031186,0.065405
1181,test,packing,0,0,0.032299,0.103584
1181,test,price,0,0,0.018462,0.06361
1181,test,shipping,1,1,0.004572,0.991771
1181,test,smell,0,0,0.007955,0.031014
1181,test,stayingpower,0,0,0.008703,0.016286
1181,test,texture,0,0,0.010653,0.055666
1182,test,colour,1,1,0.025628,0.966072
1182,test,packing,0,0,0.030479,0.098518
1182,test,price,0,0,0.039967,0.328276
1182,test,shipping,0,0,0.086611,0.062274
1182,test,smell,1,1,0.018955,0.958047
1182,test,stayingpower,0,0,0.105157,0.300936
1182,test,texture,1,1,0.002085,0.996223
1183,test,colour,2,2,0.991097,0.004312
1183,test,packing,0,0,0.08163,0.028525
1183,test,price,0,0,0.056522,0.036567
1183,test,shipping,0,0,0.046348,0.032255
1183,test,smell,0,0,0.060529,0.027159
1183,test,stayingpower,0,0,0.201277,0.035957
1183,test,texture,0,2,0.632361,0.055114
1184,test,colour,0,0,0.021445,0.042082
1184,test,packing,1,1,0.016125,0.978094
1184,test,price,0,0,0.034701,0.07723
1184,test,shipping,0,0,0.031151,0.07726
1184,test,smell,0,0,0.009831,0.031385
1184,test,stayingpower,0,0,0.010455,0.018747
1184,test,texture,0,0,0.006592,0.029972
1185,test,colour,0,0,0.047322,0.045435
1185,test,packing,0,0,0.019952,0.020564
1185,test,price,0,0,0.009848,0.010226
1185,test,shipping,0,0,0.018869,0.014158
1185,test,smell,0,0,0.014975,0.021418
1185,test,stayingpower,0,0,0.008621,0.007098
1185,test,texture,0,0,0.014946,0.016414
1186,test,colour,0,0,0.033299,0.04635
1186,test,packing,1,1,0.033008,0.960936
1186,test,price,0,0,0.036766,0.075487
1186,test,shipping,1,1,0.007021,0.991616
1186,test,smell,0,0,0.020448,0.058493
1186,test,stayingpower,0,0,0.017066,0.023285
1186,test,texture,0,0,0.015837,0.043053
1187,test,colour,0,0,0.0493,0.018112
1187,test,packing,0,0,0.028407,0.02011
1187,test,price,0,0,0.010952,0.008624
1187,test,shipping,0,0,0.049849,0.014085
1187,test,smell,0,0,0.018432,0.016198
1187,test,stayingpower,0,0,0.012496,0.011745
1187,test,texture,0,0,0.023825,0.014349
1188,test,colour,1,1,0.072126,0.922667
1188,test,packing,0,0,0.096578,0.083933
1188,test,price,0,0,0.076445,0.152837
1188,test,shipping,0,0,0.062478,0.083723
1188,test,smell,1,2,0.681917,0.172113
1188,test,stayingpower,2,2,0.994262,0.003397
1188,test,texture,2,2,0.664365,0.268363
1189,test,colour,1,1,0.177036,0.75617
1189,test,packing,0,0,0.065994,0.166383
1189,test,price,1,1,0.012573,0.979053
1189,test,shipping,1,1,0.018585,0.955484
1189,test,smell,0,0,0.009438,0.032219
1189,test,stayingpower,0,0,0.013233,0.028052
1189,test,texture,0,0,0.036692,0.097207
1190,test,colour,0,0,0.297446,0.107031
1190,test,packing,0,0,0.110324,0.066301
1190,test,price,1,1,0.028992,0.959203
1190,test,shipping,0,0,0.069829,0.04025
1190,test,smell,0,0,0.096929,0.080641
1190,test,stayingpower,2,2,0.9683,0.02818
1190,test,texture,2,2,0.856347,0.135383
1191,test,colour,0,0,0.013105,0.026442
1191,test,packing,1,1,0.01762,0.976717
1191,test,price,0,0,0.02534,0.0604
1191,test,shipping,0,0,0.064929,0.201044
1191,test,smell,0,0,0.009561,0.030237
1191,test,stayingpower,0,0,0.009849,0.016549
1191,test,texture,0,0,0.005584,0.0278
1192,test,colour,0,0,0.025363,0.049868
1192,test,packing,0,0,0.013605,0.030445
1192,test,price,0,0,0.012674,0.026473
1192,test,shipping,0,0,0.02302,0.065758
1192,test,smell,0,0,0.007031,0.0208
1192,test,stayingpower,0,0,0.005102,0.008113
1192,test,texture,0,0,0.005827,0.022825
1193,test,colour,1,1,0.025531,0.969045
1193,test,packing,1,1,0.19698,0.71435
1193,test,price,0,0,0.056127,0.112618
1193,test,shipping,2,2,0.891404,0.090364
1193,test,smell,0,0,0.155977,0.127593
1193,test,stayingpower,2,2,0.973815,0.018128
1193,test,texture,0,0,0.170698,0.101467
1194,test,colour,1,1,0.003092,0.995265
1194,test,packing,0,0,0.016409,0.022093
1194,test,price,0,0,0.041384,0.114675
1194,test,shipping,0,0,0.042437,0.061547
1194,test,smell,1,1,0.202007,0.763237
1194,test,stayingpower,0,0,0.026899,0.039769
1194,test,texture,0,0,0.027361,0.095038
1195,test,colour,0,0,0.031254,0.138783
1195,test,packing,0,0,0.012134,0.048494
1195,test,price,0,0,0.020578,0.116458
1195,test,shipping,0,0,0.005905,0.015084
1195,test,smell,0,0,0.007283,0.073581
1195,test,stayingpower,0,0,0.006557,0.064127
1195,test,texture,1,1,0.005581,0.961387
1196,test,colour,0,0,0.051803,0.028019
1196,test,packing,0,0,0.019545,0.019718
1196,test,price,0,0,0.009729,0.007982
1196,test,shipping,0,0,0.026149,0.012897
1196,test,smell,0,0,0.014986,0.018422
1196,test,stayingpower,0,0,0.012012,0.012128
1196,test,texture,0,0,0.016067,0.013536
1197,test,colour,2,2,0.977592,0.019915
1197,test,packing,0,0,0.044515,0.020535
1197,test,price,0,0,0.04049,0.049262
1197,test,shipping,0,0,0.023303,0.024884
1197,test,smell,0,0,0.075414,0.026637
1197,test,stayingpower,0,0,0.29318,0.035407
1197,test,texture,1,2,0.866187,0.069571
1198,test,colour,0,0,0.036259,0.055943
1198,test,packing,1,1,0.083659,0.829448
1198,test,price,1,1,0.013884,0.976369
1198,test,shipping,1,1,0.01449,0.982283
1198,test,smell,0,0,0.015589,0.044803
1198,test,stayingpower,0,0,0.022771,0.031694
1198,test,texture,0,0,0.022132,0.066638
1199,test,colour,1,1,0.00315,0.994038
1199,test,packing,0,0,0.012915,0.021905
1199,test,price,0,0,0.029898,0.357517
1199,test,shipping,0,0,0.045533,0.051474
1199,test,smell,1,1,0.087277,0.561412
1199,test,stayingpower,1,1,0.156518,0.815129
1199,test,texture,1,1,0.018922,0.972904
1200,test,colour,1,1,0.013916,0.976615
1200,test,packing,0,0,0.041195,0.1177
1200,test,price,1,1,0.012216,0.98016
1200,test,shipping,1,1,0.015757,0.974199
1200,test,smell,0,0,0.029386,0.106472
1200,test,stayingpower,0,0,0.037344,0.055757
1200,test,texture,0,0,0.028465,0.083742
1201,test,colour,0,0,0.04037,0.030228
1201,test,packing,0,0,0.017047,0.021604
1201,test,price,0,0,0.011028,0.011806
1201,test,shipping,0,0,0.02487,0.016965
1201,test,smell,0,0,0.012075,0.016297
1201,test,stayingpower,0,0,0.010068,0.009877
1201,test,texture,0,0,0.012382,0.012691
1202,test,colour,1,1,0.004717,0.993098
1202,test,packing,0,0,0.015155,0.036864
1202,test,price,0,0,0.021393,0.034873
1202,test,shipping,0,0,0.025565,0.02792
1202,test,smell,0,0,0.021532,0.0361
1202,test,stayingpower,0,0,0.03029,0.032612
1202,test,texture,0,0,0.021525,0.040038
1203,test,colour,0,0,0.035317,0.025197
1203,test,packing,0,0,0.01855,0.026034
1203,test,price,0,0,0.009158,0.010184
1203,test,shipping,0,0,0.024497,0.018801
1203,test,smell,0,0,0.010873,0.018133
1203,test,stayingpower,0,0,0.008619,0.008444
1203,test,texture,0,0,0.013517,0.019789
1204,test,colour,1,1,0.008468,0.970402
1204,test,packing,1,1,0.032967,0.918763
1204,test,price,1,1,0.011481,0.970343
1204,test,shipping,0,0,0.054654,0.078353
1204,test,smell,1,0,0.017537,0.068047
1204,test,stayingpower,0,0,0.031906,0.046192
1204,test,texture,0,1,0.015315,0.876561
1205,test,colour,0,0,0.029342,0.107756
1205,test,packing,0,0,0.037178,0.091954
1205,test,price,1,1,0.007861,0.987519
1205,test,shipping,0,0,0.019206,0.067202
1205,test,smell,0,0,0.015955,0.066022
1205,test,stayingpower,0,0,0.006058,0.007287
1205,test,texture,0,0,0.013658,0.100202
1206,test,colour,0,0,0.050291,0.029483
1206,test,packing,0,0,0.009596,0.009702
1206,test,price,0,0,0.014399,0.017914
1206,test,shipping,0,0,0.005084,0.006466
1206,test,smell,0,0,0.012738,0.033442
1206,test,stayingpower,0,0,0.008979,0.018012
1206,test,texture,0,0,0.046285,0.434254
1207,test,colour,1,1,0.229288,0.766107
1207,test,packing,0,1,0.320683,0.429552
1207,test,price,0,0,0.035999,0.029947
1207,test,shipping,0,0,0.201468,0.068098
1207,test,smell,0,0,0.087287,0.014075
1207,test,stayingpower,0,0,0.323121,0.061831
1207,test,texture,2,2,0.958455,0.00566
1208,test,colour,1,1,0.005135,0.989653
1208,test,packing,0,0,0.045337,0.075441
1208,test,price,1,1,0.008812,0.986176
1208,test,shipping,0,0,0.156334,0.088437
1208,test,smell,1,1,0.158396,0.820119
1208,test,stayingpower,0,0,0.080183,0.096001
1208,test,texture,1,1,0.030011,0.929153
1209,test,colour,0,1,0.030476,0.961808
1209,test,packing,0,0,0.058522,0.053528
1209,test,price,0,0,0.050664,0.074189
1209,test,shipping,0,2,0.562224,0.357879
1209,test,smell,1,2,0.870095,0.128249
1209,test,stayingpower,0,0,0.098298,0.119385
1209,test,texture,1,1,0.289031,0.37409
1210,test,colour,0,0,0.025751,0.061175
1210,test,packing,0,0,0.029037,0.080556
1210,test,price,1,1,0.055605,0.634807
1210,test,shipping,0,0,0.018585,0.028841
1210,test,smell,1,1,0.006846,0.990172
1210,test,stayingpower,0,0,0.027891,0.164005
1210,test,texture,1,1,0.003992,0.980681
1211,test,colour,0,0,0.028371,0.034625
1211,test,packing,1,1,0.075488,0.9105
1211,test,price,0,0,0.026884,0.04097
1211,test,shipping,2,2,0.984891,0.003851
1211,test,smell,0,0,0.032935,0.026182
1211,test,stayingpower,0,0,0.014003,0.01838
1211,test,texture,0,0,0.018775,0.018779
1212,test,colour,0,0,0.05059,0.058859
1212,test,packing,0,0,0.039757,0.070041
1212,test,price,0,0,0.018156,0.046948
1212,test,shipping,1,1,0.005849,0.989316
1212,test,smell,0,0,0.007994,0.01901
1212,test,stayingpower,0,0,0.009225,0.01238
1212,test,texture,0,0,0.01199,0.023831
1213,test,colour,1,1,0.004966,0.993256
1213,test,packing,0,0,0.018669,0.046478
1213,test,price,1,1,0.01323,0.968293
1213,test,shipping,0,0,0.031449,0.042026
1213,test,smell,0,0,0.045046,0.223772
1213,test,stayingpower,0,0,0.098889,0.126193
1213,test,texture,1,1,0.020454,0.962962
1214,test,colour,1,1,0.014134,0.980222
1214,test,packing,0,1,0.050809,0.758263
1214,test,price,0,0,0.027268,0.026923
1214,test,shipping,0,0,0.055308,0.044178
1214,test,smell,0,0,0.026088,0.034405
1214,test,stayingpower,0,0,0.0176,0.016169
1214,test,texture,0,0,0.008492,0.016306
1215,test,colour,0,0,0.044102,0.025637
1215,test,packing,0,0,0.020046,0.019369
1215,test,price,0,0,0.009832,0.007615
1215,test,shipping,0,0,0.025109,0.013235
1215,test,smell,0,0,0.016257,0.018785
1215,test,stayingpower,0,0,0.013337,0.011314
1215,test,texture,0,0,0.017378,0.014311
1216,test,colour,0,0,0.263964,0.065625
1216,test,packing,0,0,0.027905,0.016472
1216,test,price,0,0,0.019055,0.063343
1216,test,shipping,0,0,0.055915,0.006875
1216,test,smell,1,1,0.071363,0.923917
1216,test,stayingpower,0,0,0.062869,0.076263
1216,test,texture,1,1,0.042827,0.92182
1217,test,colour,0,0,0.148752,0.081577
1217,test,packing,0,0,0.073506,0.027975
1217,test,price,1,1,0.014259,0.968875
1217,test,shipping,0,0,0.149159,0.015022
1217,test,smell,2,2,0.915813,0.080766
1217,test,stayingpower,0,0,0.039105,0.037342
1217,test,texture,0,0,0.321414,0.242642
1218,test,colour,0,0,0.024719,0.033947
1218,test,packing,0,0,0.050452,0.090538
1218,test,price,1,1,0.005987,0.990614
1218,test,shipping,0,0,0.019477,0.034913
1218,test,smell,0,0,0.01449,0.037207
1218,test,stayingpower,0,0,0.010332,0.012953
1218,test,texture,0,0,0.020239,0.065586
1219,test,colour,1,1,0.01009,0.987906
1219,test,packing,0,0,0.03321,0.021892
1219,test,price,0,0,0.042255,0.186986
1219,test,shipping,0,0,0.061199,0.123376
1219,test,smell,3,2,0.847623,0.143743
1219,test,stayingpower,0,0,0.272702,0.13263
1219,test,texture,1,2,0.656429,0.302147
1220,test,colour,1,1,0.002857,0.995954
1220,test,packing,0,0,0.009999,0.03179
1220,test,price,0,0,0.025252,0.160063
1220,test,shipping,0,0,0.016404,0.032306
1220,test,smell,0,0,0.015115,0.134872
1220,test,stayingpower,0,0,0.044357,0.138465
1220,test,texture,1,1,0.016054,0.809514
1221,test,colour,0,0,0.034006,0.04896
1221,test,packing,0,0,0.011668,0.018256
1221,test,price,0,0,0.010563,0.016577
1221,test,shipping,0,0,0.016249,0.036719
1221,test,smell,0,0,0.009561,0.018965
1221,test,stayingpower,0,0,0.009938,0.009398
1221,test,texture,0,0,0.00967,0.020194
1222,test,colour,1,1,0.005832,0.987823
1222,test,packing,1,1,0.033114,0.933924
1222,test,price,0,0,0.02342,0.049628
1222,test,shipping,2,2,0.982293,0.011461
1222,test,smell,0,0,0.028332,0.040581
1222,test,stayingpower,0,0,0.036318,0.06156
1222,test,texture,0,0,0.025931,0.083807
1223,test,colour,2,1,0.020612,0.977788
1223,test,packing,0,0,0.01027,0.013185
1223,test,price,0,0,0.019888,0.026582
1223,test,shipping,0,0,0.03868,0.015734
1223,test,smell,0,0,0.025469,0.028147
1223,test,stayingpower,0,0,0.034289,0.046119
1223,test,texture,0,0,0.050612,0.055561
1224,test,colour,1,1,0.042266,0.92569
1224,test,packing,1,1,0.067406,0.861797
1224,test,price,1,1,0.013725,0.976701
1224,test,shipping,1,1,0.020115,0.969841
1224,test,smell,0,0,0.02905,0.111015
1224,test,stayingpower,0,0,0.035454,0.039332
1224,test,texture,0,0,0.028454,0.069477
1225,test,colour,1,1,0.00606,0.98962
1225,test,packing,0,0,0.007584,0.017846
1225,test,price,0,0,0.015114,0.044311
1225,test,shipping,0,0,0.023136,0.022981
1225,test,smell,0,0,0.009012,0.031821
1225,test,stayingpower,0,0,0.0328,0.173232
1225,test,texture,0,1,0.023695,0.923736
1226,test,colour,1,1,0.053227,0.9089
1226,test,packing,0,0,0.024489,0.054653
1226,test,price,1,1,0.031507,0.885825
1226,test,shipping,0,0,0.014691,0.016201
1226,test,smell,1,1,0.010699,0.96857
1226,test,stayingpower,0,0,0.013048,0.03103
1226,test,texture,1,1,0.007419,0.909987
1227,test,colour,1,1,0.028357,0.965712
1227,test,packing,0,0,0.046299,0.042233
1227,test,price,0,0,0.077789,0.102034
1227,test,shipping,0,0,0.091462,0.148843
1227,test,smell,0,0,0.104188,0.075373
1227,test,stayingpower,2,2,0.974378,0.020838
1227,test,texture,0,0,0.240491,0.065623
1228,test,colour,0,2,0.500303,0.024736
1228,test,packing,0,0,0.132689,0.022412
1228,test,price,0,0,0.075393,0.110747
1228,test,shipping,0,0,0.074629,0.019305
1228,test,smell,2,2,0.940579,0.056203
1228,test,stayingpower,0,0,0.133489,0.032946
1228,test,texture,2,0,0.418345,0.074074
1229,test,colour,0,0,0.016348,0.030167
1229,test,packing,1,1,0.017983,0.981059
1229,test,price,1,1,0.033258,0.880935
1229,test,shipping,1,1,0.112242,0.872641
1229,test,smell,0,0,0.040139,0.127417
1229,test,stayingpower,0,0,0.017861,0.041351
1229,test,texture,0,0,0.022589,0.090442
1230,test,colour,0,0,0.099149,0.062435
1230,test,packing,0,0,0.062468,0.059042
1230,test,price,0,0,0.015912,0.037746
1230,test,shipping,0,0,0.015677,0.015946
1230,test,smell,0,0,0.004531,0.007334
1230,test,stayingpower,0,2,0.518939,0.058118
1230,test,texture,0,0,0.023924,0.027819
1231,test,colour,1,1,0.015427,0.982243
1231,test,packing,0,0,0.018973,0.023784
1231,test,price,0,0,0.025511,0.043645
1231,test,shipping,0,0,0.037722,0.040491
1231,test,smell,0,0,0.023095,0.022383
1231,test,stayingpower,0,0,0.121815,0.142204
1231,test,texture,0,2,0.794816,0.125451
1232,test,colour,1,1,0.003771,0.992843
1232,test,packing,1,1,0.028445,0.93731
1232,test,price,0,0,0.021105,0.054882
1232,test,shipping,1,2,0.913481,0.061591
1232,test,smell,0,0,0.011678,0.027534
1232,test,stayingpower,0,0,0.033902,0.093125
1232,test,texture,0,0,0.017584,0.171487
1233,test,colour,1,1,0.009298,0.985382
1233,test,packing,0,0,0.031989,0.084212
1233,test,price,0,0,0.012668,0.014448
1233,test,shipping,3,1,0.10012,0.878308
1233,test,smell,0,0,0.018933,0.027226
1233,test,stayingpower,0,0,0.010658,0.014562
1233,test,texture,0,0,0.020789,0.027229
1234,test,colour,1,1,0.196277,0.800028
1234,test,packing,0,0,0.06732,0.105173
1234,test,price,0,0,0.061873,0.121128
1234,test,shipping,0,0,0.056168,0.103769
1234,test,smell,0,0,0.087956,0.059251
1234,test,stayingpower,0,2,0.968634,0.020575
1234,test,texture,1,1,0.31801,0.675969
1235,test,colour,0,0,0.01239,0.017009
1235,test,packing,0,0,0.014113,0.055596
1235,test,price,0,0,0.032421,0.344648
1235,test,shipping,0,0,0.005907,0.020966
1235,test,smell,0,0,0.003517,0.017611
1235,test,stayingpower,0,0,0.007388,0.033509
1235,test,texture,0,1,0.017959,0.584466
1236,test,colour,1,1,0.024446,0.966249
1236,test,packing,0,0,0.025439,0.047179
1236,test,price,1,1,0.021006,0.939922
1236,test,shipping,2,2,0.987412,0.008026
1236,test,smell,0,0,0.034519,0.042018
1236,test,stayingpower,0,0,0.020465,0.027807
1236,test,texture,0,0,0.038626,0.048151
1237,test,colour,0,0,0.148914,0.253905
1237,test,packing,0,0,0.091535,0.080543
1237,test,price,0,0,0.027629,0.090509
1237,test,shipping,2,2,0.991379,0.00377
1237,test,smell,0,0,0.206891,0.125991
1237,test,stayingpower,0,0,0.22358,0.234328
1237,test,texture,3,2,0.668658,0.326863
1238,test,colour,0,0,0.463399,0.016941
1238,test,packing,0,0,0.265864,0.042229
1238,test,price,1,1,0.035419,0.924248
1238,test,shipping,3,2,0.681707,0.30891
1238,test,smell,0,0,0.116438,0.016548
1238,test,stayingpower,0,0,0.120844,0.028678
1238,test,texture,0,0,0.420872,0.011655
1239,test,colour,0,0,0.051279,0.168251
1239,test,packing,0,0,0.048592,0.097062
1239,test,price,0,0,0.04319,0.098154
1239,test,shipping,2,2,0.992924,0.003509
1239,test,smell,1,1,0.044424,0.943821
1239,test,stayingpower,0,0,0.035197,0.063551
1239,test,texture,0,0,0.032967,0.193286
1240,test,colour,0,0,0.266149,0.057923
1240,test,packing,0,0,0.081,0.056248
1240,test,price,0,1,0.043148,0.480343
1240,test,shipping,0,0,0.047806,0.027142
1240,test,smell,1,1,0.24539,0.722916
1240,test,stayingpower,0,0,0.138245,0.223368
1240,test,texture,1,2,0.587288,0.410236
1241,test,colour,1,1,0.002125,0.994939
1241,test,packing,0,0,0.025681,0.102937
1241,test,price,0,0,0.022548,0.054302
1241,test,shipping,0,0,0.126695,0.101088
1241,test,smell,0,0,0.016106,0.112849
1241,test,stayingpower,3,1,0.211045,0.761274
1241,test,texture,0,1,0.032332,0.548233
1242,test,colour,0,0,0.197133,0.04946
1242,test,packing,0,0,0.120921,0.065676
1242,test,price,1,1,0.009655,0.978223
1242,test,shipping,0,0,0.021166,0.002214
1242,test,smell,1,1,0.174629,0.806883
1242,test,stayingpower,0,0,0.348288,0.038664
1242,test,texture,0,0,0.191863,0.252497
1243,test,colour,0,0,0.019431,0.020913
1243,test,packing,0,0,0.057006,0.089873
1243,test,price,1,1,0.005668,0.990387
1243,test,shipping,0,0,0.096275,0.127263
1243,test,smell,0,0,0.011723,0.030491
1243,test,stayingpower,0,0,0.005699,0.007628
1243,test,texture,0,0,0.016295,0.040428
1244,test,colour,1,1,0.028357,0.969732
1244,test,packing,0,0,0.036394,0.023163
1244,test,price,1,1,0.024163,0.945172
1244,test,shipping,0,0,0.02792,0.025533
1244,test,smell,0,0,0.174548,0.047547
1244,test,stayingpower,2,2,0.794115,0.043609
1244,test,texture,1,2,0.811022,0.159225
1245,test,colour,1,1,0.009941,0.975547
1245,test,packing,1,1,0.022552,0.96214
1245,test,price,0,0,0.038276,0.053732
1245,test,shipping,1,1,0.022782,0.963513
1245,test,smell,1,1,0.022117,0.932174
1245,test,stayingpower,0,0,0.025151,0.068258
1245,test,texture,0,0,0.018572,0.088442
1246,test,colour,0,0,0.033316,0.078023
1246,test,packing,1,1,0.017864,0.977105
1246,test,price,0,0,0.029736,0.063639
1246,test,shipping,1,1,0.00561,0.989698
1246,test,smell,0,0,0.008304,0.031256
1246,test,stayingpower,0,0,0.015728,0.024403
1246,test,texture,0,0,0.0111,0.062992
1247,test,colour,0,0,0.201427,0.061061
1247,test,packing,0,0,0.070118,0.023472
1247,test,price,0,0,0.015079,0.041412
1247,test,shipping,0,0,0.340507,0.028033
1247,test,smell,0,0,0.005534,0.002474
1247,test,stayingpower,0,0,0.054717,0.109181
1247,test,texture,0,2,0.908554,0.017089
1248,test,colour,0,0,0.027238,0.051763
1248,test,packing,0,0,0.029555,0.042095
1248,test,price,0,1,0.012325,0.969486
1248,test,shipping,0,0,0.012528,0.010431
1248,test,smell,0,0,0.030754,0.14133
1248,test,stayingpower,1,1,0.12659,0.794287
1248,test,texture,1,1,0.005917,0.991105
1249,test,colour,0,2,0.424011,0.253726
1249,test,packing,0,0,0.090041,0.057275
1249,test,price,0,0,0.053551,0.068459
1249,test,shipping,0,0,0.049626,0.043043
1249,test,smell,0,0,0.315064,0.134718
1249,test,stayingpower,2,2,0.98362,0.015418
1249,test,texture,1,1,0.33779,0.622118
1250,test,colour,1,1,0.010348,0.988361
1250,test,packing,0,0,0.061111,0.047483
1250,test,price,0,0,0.064583,0.208519
1250,test,shipping,0,0,0.209513,0.084564
1250,test,smell,2,2,0.838109,0.154687
1250,test,stayingpower,0,2,0.440582,0.265734
1250,test,texture,2,2,0.902585,0.069319
1251,test,colour,0,0,0.072447,0.07989
1251,test,packing,0,0,0.030909,0.015251
1251,test,price,0,0,0.011501,0.01824
1251,test,shipping,0,2,0.519605,0.007426
1251,test,smell,0,0,0.010906,0.012041
1251,test,stayingpower,2,1,0.313536,0.529447
1251,test,texture,0,0,0.125904,0.11248
1252,test,colour,3,1,0.143338,0.850276
1252,test,packing,0,0,0.088522,0.056137
1252,test,price,1,1,0.038136,0.90027
1252,test,shipping,1,1,0.026977,0.958486
1252,test,smell,1,1,0.070028,0.905169
1252,test,stayingpower,0,0,0.114665,0.069431
1252,test,texture,0,0,0.165071,0.134225
1253,test,colour,1,1,0.004002,0.992114
1253,test,packing,0,0,0.019756,0.076841
1253,test,price,1,1,0.014143,0.960933
1253,test,shipping,0,0,0.027817,0.033839
1253,test,smell,0,0,0.01749,0.080994
1253,test,stayingpower,0,0,0.049114,0.101696
1253,test,texture,1,1,0.031553,0.929181
1254,test,colour,0,0,0.033202,0.074965
1254,test,packing,0,0,0.03329,0.047772
1254,test,price,1,1,0.004638,0.993207
1254,test,shipping,0,0,0.006713,0.009383
1254,test,smell,0,0,0.021349,0.045921
1254,test,stayingpower,0,0,0.16976,0.089963
1254,test,texture,0,0,0.054566,0.216176
1255,test,colour,0,0,0.082197,0.054525
1255,test,packing,0,0,0.044681,0.035729
1255,test,price,0,0,0.0169,0.025046
1255,test,shipping,2,2,0.99567,0.002012
1255,test,smell,0,0,0.033471,0.018895
1255,test,stayingpower,0,0,0.020418,0.025105
1255,test,texture,0,0,0.047749,0.017369
1256,test,colour,0,0,0.441907,0.052288
1256,test,packing,1,1,0.383341,0.566831
1256,test,price,0,0,0.097799,0.156347
1256,test,shipping,1,1,0.090737,0.883097
1256,test,smell,0,0,0.2499,0.087404
1256,test,stayingpower,0,0,0.343925,0.145504
1256,test,texture,2,2,0.953383,0.043031
1257,test,colour,0,1,0.008392,0.970009
1257,test,packing,0,0,0.041433,0.214181
1257,test,price,0,0,0.024275,0.067188
1257,test,shipping,1,1,0.030101,0.968565
1257,test,smell,0,0,0.008405,0.072359
1257,test,stayingpower,1,1,0.103101,0.856916
1257,test,texture,3,1,0.05216,0.631854
1258,test,colour,1,1,0.082744,0.894178
1258,test,packing,0,0,0.099403,0.096094
1258,test,price,0,0,0.095277,0.186104
1258,test,shipping,1,1,0.098474,0.738371
1258,test,smell,0,0,0.121938,0.142827
1258,test,stayingpower,2,2,0.994811,0.00444
1258,test,texture,0,0,0.358698,0.179029
1259,test,colour,0,0,0.012389,0.202967
1259,test,packing,1,1,0.017335,0.966898
1259,test,price,1,1,0.017196,0.952773
1259,test,shipping,0,0,0.137958,0.179955
1259,test,smell,0,0,0.013746,0.077718
1259,test,stayingpower,1,1,0.040354,0.897876
1259,test,texture,3,1,0.010928,0.923831
1260,test,colour,1,1,0.184859,0.798717
1260,test,packing,0,0,0.120718,0.132511
1260,test,price,0,0,0.041551,0.095814
1260,test,shipping,2,2,0.992172,0.004302
1260,test,smell,0,0,0.181234,0.104523
1260,test,stayingpower,2,2,0.952309,0.035574
1260,test,texture,1,2,0.534068,0.443141
1261,test,colour,0,0,0.024279,0.209605
1261,test,packing,0,0,0.045485,0.202704
1261,test,price,1,1,0.007503,0.986867
1261,test,shipping,1,1,0.044904,0.879651
1261,test,smell,0,0,0.013143,0.058516
1261,test,stayingpower,0,0,0.00615,0.020956
1261,test,texture,0,0,0.009529,0.07774
1262,test,colour,0,0,0.070579,0.199494
1262,test,packing,0,0,0.010103,0.020106
1262,test,price,0,0,0.009918,0.019914
1262,test,shipping,0,0,0.01106,0.01137
1262,test,smell,0,0,0.006017,0.01299
1262,test,stayingpower,0,0,0.005084,0.01191
1262,test,texture,0,0,0.013812,0.089705
1263,test,colour,0,0,0.03427,0.043056
1263,test,packing,0,0,0.044215,0.076495
1263,test,price,0,0,0.015983,0.038985
1263,test,shipping,2,2,0.996415,0.002292
1263,test,smell,0,0,0.023804,0.034312
1263,test,stayingpower,0,0,0.009931,0.018346
1263,test,texture,0,0,0.035698,0.046501
1264,test,colour,0,0,0.023922,0.022893
1264,test,packing,0,0,0.013579,0.012386
1264,test,price,0,0,0.010255,0.022105
1264,test,shipping,0,0,0.018148,0.019328
1264,test,smell,0,0,0.010601,0.016621
1264,test,stayingpower,0,0,0.012572,0.012675
1264,test,texture,0,0,0.024958,0.035462
1265,test,colour,0,0,0.163471,0.037127
1265,test,packing,0,0,0.064397,0.030054
1265,test,price,0,0,0.031821,0.16372
1265,test,shipping,0,0,0.03868,0.020952
1265,test,smell,0,0,0.104608,0.023091
1265,test,stayingpower,0,0,0.04276,0.084382
1265,test,texture,2,2,0.971475,0.020622
1266,test,colour,0,0,0.035988,0.042695
1266,test,packing,1,1,0.023189,0.973672
1266,test,price,0,0,0.032801,0.052458
1266,test,shipping,1,1,0.010547,0.982771
1266,test,smell,0,0,0.01246,0.036529
1266,test,stayingpower,0,0,0.016297,0.02083
1266,test,texture,0,0,0.010659,0.029679
1267,test,colour,0,0,0.0255,0.044908
1267,test,packing,0,0,0.040381,0.0718
1267,test,price,1,1,0.003616,0.994992
1267,test,shipping,0,0,0.026556,0.02514
1267,test,smell,0,0,0.019163,0.050957
1267,test,stayingpower,0,0,0.015369,0.01767
1267,test,texture,0,0,0.039186,0.189477
1268,test,colour,0,1,0.064677,0.856252
1268,test,packing,0,0,0.039068,0.176036
1268,test,price,1,1,0.015008,0.96564
1268,test,shipping,1,1,0.008974,0.962567
1268,test,smell,0,0,0.017526,0.142872
1268,test,stayingpower,0,0,0.109933,0.321886
1268,test,texture,1,1,0.008149,0.986163
1269,test,colour,0,0,0.02441,0.034538
1269,test,packing,1,1,0.027806,0.964679
1269,test,price,0,0,0.018279,0.022278
1269,test,shipping,0,0,0.115688,0.12959
1269,test,smell,0,0,0.011823,0.02346
1269,test,stayingpower,0,0,0.008859,0.012368
1269,test,texture,0,0,0.006624,0.016969
1270,test,colour,1,1,0.00921,0.987187
1270,test,packing,0,0,0.043112,0.058401
1270,test,price,1,1,0.029981,0.931934
1270,test,shipping,0,0,0.108593,0.051722
1270,test,smell,1,1,0.085639,0.90078
1270,test,stayingpower,1,1,0.469633,0.518863
1270,test,texture,0,1,0.232679,0.689264
1271,test,colour,1,1,0.009691,0.980454
1271,test,packing,1,1,0.030942,0.940866
1271,test,price,0,0,0.024037,0.047129
1271,test,shipping,2,2,0.985175,0.01109
1271,test,smell,0,0,0.024373,0.037054
1271,test,stayingpower,0,0,0.027159,0.045074
1271,test,texture,0,0,0.027926,0.090438
1272,test,colour,1,1,0.005075,0.99214
1272,test,packing,0,0,0.012995,0.031644
1272,test,price,0,0,0.018936,0.036971
1272,test,shipping,0,0,0.021452,0.033831
1272,test,smell,0,0,0.016599,0.030029
1272,test,stayingpower,0,0,0.027379,0.032684
1272,test,texture,0,0,0.018591,0.051471
1273,test,colour,1,1,0.006661,0.982623
1273,test,packing,0,0,0.018014,0.053214
1273,test,price,0,0,0.033889,0.215708
1273,test,shipping,0,0,0.030251,0.051145
1273,test,smell,0,0,0.006115,0.041656
1273,test,stayingpower,1,1,0.052414,0.923921
1273,test,texture,1,1,0.016955,0.966641
1274,test,colour,0,0,0.10371,0.176092
1274,test,packing,0,0,0.006648,0.004903
1274,test,price,0,0,0.009039,0.016103
1274,test,shipping,0,0,0.012866,0.005906
1274,test,smell,0,0,0.016788,0.034462
1274,test,stayingpower,0,0,0.006758,0.007308
1274,test,texture,0,0,0.026164,0.043115
1275,test,colour,1,1,0.008312,0.97467
1275,test,packing,0,0,0.019668,0.086729
1275,test,price,0,0,0.028824,0.22153
1275,test,shipping,0,0,0.029997,0.090168
1275,test,smell,0,0,0.009224,0.098612
1275,test,stayingpower,1,1,0.057161,0.898185
1275,test,texture,1,1,0.002326,0.995341
1276,test,colour,0,0,0.051011,0.009743
1276,test,packing,0,0,0.023884,0.015389
1276,test,price,0,0,0.017172,0.032195
1276,test,shipping,0,0,0.021508,0.034466
1276,test,smell,0,0,0.016621,0.010323
1276,test,stayingpower,0,0,0.025036,0.012379
1276,test,texture,0,0,0.071465,0.02309
1277,test,colour,0,0,0.0353,0.047899
1277,test,packing,0,0,0.031979,0.048624
1277,test,price,0,0,0.007052,0.008602
1277,test,shipping,0,0,0.099988,0.048403
1277,test,smell,0,0,0.005859,0.008947
1277,test,stayingpower,0,0,0.060607,0.132937
1277,test,texture,0,0,0.00865,0.012043
1278,test,colour,1,1,0.009789,0.982734
1278,test,packing,1,1,0.048808,0.925455
1278,test,price,0,0,0.028658,0.061772
1278,test,shipping,2,2,0.987874,0.00776
1278,test,smell,0,0,0.035601,0.039483
1278,test,stayingpower,0,0,0.041142,0.053389
1278,test,texture,0,0,0.029218,0.030878
1279,test,colour,1,2,0.941502,0.042142
1279,test,packing,0,0,0.067616,0.037024
1279,test,price,0,0,0.06602,0.047127
1279,test,shipping,1,1,0.015485,0.978131
1279,test,smell,0,0,0.049346,0.042936
1279,test,stayingpower,0,0,0.104939,0.030782
1279,test,texture,3,0,0.20196,0.085933
1280,test,colour,0,0,0.045622,0.029298
1280,test,packing,0,0,0.033341,0.037695
1280,test,price,1,1,0.008222,0.98353
1280,test,shipping,0,0,0.029469,0.010139
1280,test,smell,0,0,0.007904,0.026363
1280,test,stayingpower,0,0,0.004137,0.009273
1280,test,texture,0,0,0.031892,0.132058
1281,test,colour,0,0,0.032677,0.064846
1281,test,packing,1,1,0.020295,0.976138
1281,test,price,0,0,0.033851,0.096177
1281,test,shipping,1,1,0.005229,0.989646
1281,test,smell,0,0,0.013934,0.056924
1281,test,stayingpower,0,0,0.016899,0.022331
1281,test,texture,0,0,0.011903,0.066315
1282,test,colour,0,0,0.039588,0.033755
1282,test,packing,0,0,0.124175,0.223507
1282,test,price,0,0,0.009779,0.009387
1282,test,shipping,3,1,0.17258,0.819955
1282,test,smell,0,0,0.0092,0.009615
1282,test,stayingpower,0,0,0.010228,0.013334
1282,test,texture,0,0,0.016161,0.013498
1283,test,colour,0,0,0.096524,0.035301
1283,test,packing,0,0,0.132086,0.115483
1283,test,price,2,1,0.015007,0.969072
1283,test,shipping,1,1,0.035787,0.957612
1283,test,smell,0,0,0.0129,0.026859
1283,test,stayingpower,0,0,0.02278,0.026781
1283,test,texture,0,0,0.113894,0.126572
1284,test,colour,3,1,0.371474,0.616978
1284,test,packing,0,0,0.155758,0.184637
1284,test,price,0,0,0.039557,0.086172
1284,test,shipping,1,1,0.13809,0.802076
1284,test,smell,1,2,0.750932,0.211605
1284,test,stayingpower,2,2,0.987589,0.008282
1284,test,texture,1,1,0.223844,0.683236
1285,test,colour,0,0,0.044102,0.160899
1285,test,packing,0,0,0.013456,0.030986
1285,test,price,0,0,0.021995,0.152253
1285,test,shipping,0,0,0.022553,0.032105
1285,test,smell,1,1,0.009635,0.985625
1285,test,stayingpower,0,0,0.039392,0.219017
1285,test,texture,0,1,0.004072,0.980523
1286,test,colour,0,0,0.040683,0.092116
1286,test,packing,1,1,0.02829,0.96241
1286,test,price,0,0,0.028265,0.045332
1286,test,shipping,1,1,0.00632,0.991053
1286,test,smell,0,0,0.010199,0.024537
1286,test,stayingpower,0,0,0.013777,0.018535
1286,test,texture,0,0,0.009311,0.029345
1287,test,colour,0,0,0.084395,0.013477
1287,test,packing,1,1,0.447727,0.536358
1287,test,price,0,0,0.042462,0.139662
1287,test,shipping,1,2,0.775686,0.211806
1287,test,smell,0,0,0.062163,0.014061
1287,test,stayingpower,0,0,0.027367,0.011354
1287,test,texture,0,0,0.340646,0.024639
1288,test,colour,0,0,0.03561,0.092057
1288,test,packing,1,1,0.019848,0.972369
1288,test,price,0,0,0.028657,0.053331
1288,test,shipping,1,1,0.005508,0.992635
1288,test,smell,0,0,0.012116,0.044715
1288,test,stayingpower,0,0,0.014492,0.026751
1288,test,texture,0,0,0.00978,0.047407
1289,test,colour,0,0,0.041347,0.01959
1289,test,packing,0,0,0.023225,0.022744
1289,test,price,0,0,0.009695,0.008281
1289,test,shipping,0,0,0.03497,0.021985
1289,test,smell,0,0,0.010273,0.013513
1289,test,stayingpower,0,0,0.008675,0.009288
1289,test,texture,0,0,0.016307,0.022065
1290,test,colour,0,0,0.205418,0.045
1290,test,packing,0,0,0.056863,0.024405
1290,test,price,0,0,0.051167,0.13115
1290,test,shipping,0,0,0.054782,0.037613
1290,test,smell,0,0,0.067196,0.019847
1290,test,stayingpower,0,0,0.086041,0.151492
1290,test,texture,2,2,0.984473,0.011064
1291,test,colour,1,1,0.01304,0.982793
1291,test,packing,0,0,0.058782,0.065225
1291,test,price,1,1,0.021093,0.959332
1291,test,shipping,0,0,0.037034,0.044463
1291,test,smell,1,1,0.21833,0.534834
1291,test,stayingpower,2,2,0.961217,0.030429
1291,test,texture,1,1,0.137213,0.832939
1292,test,colour,0,0,0.197188,0.028674
1292,test,packing,0,0,0.041895,0.033213
1292,test,price,0,0,0.015396,0.014469
1292,test,shipping,0,0,0.037719,0.00757
1292,test,smell,0,0,0.018032,0.011575
1292,test,stayingpower,0,0,0.010427,0.00736
1292,test,texture,0,0,0.032409,0.009656
1293,test,colour,0,0,0.016659,0.028409
1293,test,packing,1,1,0.016067,0.980841
1293,test,price,0,0,0.036547,0.096747
1293,test,shipping,0,0,0.043339,0.195598
1293,test,smell,0,0,0.012304,0.051456
1293,test,stayingpower,0,0,0.011578,0.021907
1293,test,texture,0,0,0.006826,0.028264
1294,test,colour,0,1,0.04598,0.899285
1294,test,packing,0,0,0.028386,0.102494
1294,test,price,0,0,0.016339,0.03083
1294,test,shipping,1,1,0.003858,0.994075
1294,test,smell,0,0,0.013517,0.041826
1294,test,stayingpower,0,0,0.010269,0.023309
1294,test,texture,0,0,0.013798,0.042485
1295,test,colour,0,0,0.044955,0.073756
1295,test,packing,0,0,0.016062,0.019998
1295,test,price,0,0,0.009526,0.019252
1295,test,shipping,0,0,0.013692,0.01523
1295,test,smell,0,0,0.006188,0.010915
1295,test,stayingpower,0,0,0.016163,0.015717
1295,test,texture,0,0,0.012193,0.018993
1296,test,colour,0,0,0.024296,0.152463
1296,test,packing,1,1,0.098701,0.839843
1296,test,price,0,0,0.02046,0.051396
1296,test,shipping,0,2,0.903685,0.011852
1296,test,smell,0,0,0.008252,0.030484
1296,test,stayingpower,1,1,0.088752,0.896917
1296,test,texture,0,1,0.0887,0.508701
1297,test,colour,1,1,0.008585,0.988969
1297,test,packing,0,0,0.007959,0.014849
1297,test,price,0,0,0.016362,0.030088
1297,test,shipping,0,0,0.021065,0.027056
1297,test,smell,0,0,0.017402,0.028969
1297,test,stayingpower,0,0,0.022337,0.039334
1297,test,texture,0,0,0.028934,0.122185
1298,test,colour,1,1,0.00638,0.981623
1298,test,packing,0,0,0.021232,0.043722
1298,test,price,1,1,0.02196,0.924586
1298,test,shipping,0,0,0.046117,0.017499
1298,test,smell,0,0,0.017142,0.086911
1298,test,stayingpower,1,1,0.113232,0.849762
1298,test,texture,0,1,0.05842,0.540812
1299,test,colour,1,1,0.006618,0.984263
1299,test,packing,1,1,0.026081,0.93734
1299,test,price,0,0,0.028581,0.054426
1299,test,shipping,0,0,0.042466,0.062565
1299,test,smell,0,0,0.015959,0.045584
1299,test,stayingpower,0,0,0.022968,0.039416
1299,test,texture,0,0,0.010086,0.034814
1300,test,colour,0,0,0.030376,0.06415
1300,test,packing,0,0,0.028832,0.042566
1300,test,price,1,1,0.011205,0.981234
1300,test,shipping,0,0,0.022768,0.072056
1300,test,smell,0,0,0.016303,0.034684
1300,test,stayingpower,0,0,0.013549,0.015429
1300,test,texture,0,0,0.009657,0.038239
1301,test,colour,1,1,0.064148,0.933066
1301,test,packing,0,0,0.055083,0.04055
1301,test,price,0,1,0.030963,0.938083
1301,test,shipping,0,0,0.096465,0.060221
1301,test,smell,0,0,0.150422,0.128508
1301,test,stayingpower,0,2,0.442844,0.1545
1301,test,texture,1,2,0.807208,0.189594
1302,test,colour,0,0,0.100895,0.092401
1302,test,packing,0,0,0.024614,0.045916
1302,test,price,0,0,0.00879,0.008812
1302,test,shipping,0,0,0.039592,0.017634
1302,test,smell,0,0,0.005567,0.005505
1302,test,stayingpower,0,0,0.00766,0.015245
1302,test,texture,0,0,0.014413,0.020184
1303,test,colour,1,1,0.006643,0.988376
1303,test,packing,0,0,0.015731,0.038674
1303,test,price,0,0,0.036094,0.135104
1303,test,shipping,0,0,0.011546,0.039319
1303,test,smell,1,1,0.007606,0.982614
1303,test,stayingpower,0,0,0.036817,0.142501
1303,test,texture,1,1,0.013008,0.931915
1304,test,colour,0,0,0.033062,0.199101
1304,test,packing,0,0,0.020023,0.079009
1304,test,price,0,0,0.014254,0.048352
1304,test,shipping,1,1,0.003864,0.988043
1304,test,smell,0,0,0.008286,0.078257
1304,test,stayingpower,0,0,0.01986,0.185255
1304,test,texture,1,1,0.00673,0.952385
1305,test,colour,1,1,0.01455,0.978238
1305,test,packing,0,0,0.030337,0.061854
1305,test,price,1,1,0.015962,0.973108
1305,test,shipping,1,1,0.031637,0.937058
1305,test,smell,0,0,0.021252,0.061953
1305,test,stayingpower,0,0,0.023514,0.031011
1305,test,texture,0,0,0.026649,0.047254
1306,test,colour,1,1,0.002696,0.993086
1306,test,packing,0,0,0.015425,0.038027
1306,test,price,1,1,0.012976,0.959929
1306,test,shipping,0,0,0.113613,0.102696
1306,test,smell,0,0,0.013931,0.058238
1306,test,stayingpower,1,1,0.118911,0.731741
1306,test,texture,0,0,0.036087,0.294289
1307,test,colour,1,1,0.02776,0.956695
1307,test,packing,0,0,0.086509,0.406924
1307,test,price,0,0,0.022605,0.041942
1307,test,shipping,2,2,0.996575,0.001958
1307,test,smell,0,0,0.025094,0.026055
1307,test,stayingpower,0,0,0.036114,0.065439
1307,test,texture,0,0,0.037658,0.028257
1308,test,colour,0,0,0.032799,0.057046
1308,test,packing,0,0,0.012043,0.023378
1308,test,price,0,0,0.014594,0.033143
1308,test,shipping,0,0,0.047427,0.028296
1308,test,smell,0,0,0.007437,0.010912
1308,test,stayingpower,0,0,0.006112,0.009194
1308,test,texture,0,0,0.006452,0.01445
1309,test,colour,1,1,0.006488,0.987611
1309,test,packing,0,0,0.013451,0.047453
1309,test,price,0,0,0.015704,0.048484
1309,test,shipping,1,1,0.014537,0.962563
1309,test,smell,0,0,0.00698,0.082381
1309,test,stayingpower,1,1,0.071487,0.879737
1309,test,texture,1,1,0.022089,0.894248
1310,test,colour,1,1,0.386706,0.611427
1310,test,packing,0,0,0.015604,0.017796
1310,test,price,0,0,0.017489,0.013116
1310,test,shipping,0,0,0.074506,0.029749
1310,test,smell,0,0,0.021871,0.011624
1310,test,stayingpower,0,0,0.107475,0.031308
1310,test,texture,0,0,0.276269,0.096609
1311,test,colour,0,1,0.013816,0.949056
1311,test,packing,0,1,0.054091,0.893809
1311,test,price,0,0,0.057389,0.192062
1311,test,shipping,2,2,0.986754,0.012182
1311,test,smell,0,0,0.023028,0.083149
1311,test,stayingpower,1,1,0.136696,0.786311
1311,test,texture,0,0,0.081531,0.292715
1312,test,colour,1,1,0.007774,0.988035
1312,test,packing,1,1,0.039981,0.918899
1312,test,price,0,0,0.018138,0.035994
1312,test,shipping,2,2,0.979625,0.009621
1312,test,smell,0,0,0.022927,0.030121
1312,test,stayingpower,0,0,0.042815,0.05892
1312,test,texture,0,0,0.049434,0.184156
1313,test,colour,0,0,0.022519,0.02074
1313,test,packing,0,0,0.026364,0.03955
1313,test,price,0,0,0.032682,0.306921
1313,test,shipping,0,0,0.171049,0.134174
1313,test,smell,0,0,0.003265,0.004245
1313,test,stayingpower,0,0,0.006541,0.015326
1313,test,texture,0,0,0.005318,0.007426
1314,test,colour,1,1,0.025631,0.972451
1314,test,packing,0,0,0.011021,0.022453
1314,test,price,0,0,0.016251,0.019371
1314,test,shipping,0,0,0.048634,0.048933
1314,test,smell,0,0,0.012482,0.015879
1314,test,stayingpower,0,0,0.044053,0.06648
1314,test,texture,0,0,0.030987,0.076619
1315,test,colour,1,1,0.004472,0.992894
1315,test,packing,0,0,0.016335,0.032454
1315,test,price,0,0,0.030987,0.110041
1315,test,shipping,1,1,0.027342,0.908155
1315,test,smell,1,1,0.013635,0.968141
1315,test,stayingpower,3,1,0.117945,0.818811
1315,test,texture,3,1,0.041665,0.891638
1316,test,colour,0,0,0.049314,0.017745
1316,test,packing,0,0,0.054939,0.105637
1316,test,price,0,0,0.017201,0.056613
1316,test,shipping,0,0,0.121514,0.106194
1316,test,smell,0,0,0.010215,0.025354
1316,test,stayingpower,0,0,0.058704,0.151119
1316,test,texture,1,1,0.016438,0.981387
1317,test,colour,0,2,0.619962,0.137483
1317,test,packing,0,0,0.163861,0.100462
1317,test,price,0,0,0.066862,0.182881
1317,test,shipping,0,0,0.147921,0.082902
1317,test,smell,0,0,0.031701,0.042007
1317,test,stayingpower,2,2,0.989592,0.009901
1317,test,texture,3,2,0.787224,0.162285
1318,test,colour,1,1,0.306335,0.688362
1318,test,packing,0,0,0.039473,0.018048
1318,test,price,0,0,0.057914,0.114517
1318,test,shipping,0,0,0.069089,0.056722
1318,test,smell,2,2,0.880281,0.114775
1318,test,stayingpower,0,0,0.07769,0.025424
1318,test,texture,0,0,0.171182,0.065966
1319,test,colour,1,1,0.007583,0.987446
1319,test,packing,0,0,0.016864,0.029322
1319,test,price,0,0,0.034869,0.069653
1319,test,shipping,0,0,0.017346,0.029931
1319,test,smell,1,1,0.019992,0.964821
1319,test,stayingpower,0,0,0.018924,0.042803
1319,test,texture,0,0,0.023667,0.130343
1320,test,colour,2,2,0.896428,0.086397
1320,test,packing,0,0,0.038029,0.046421
1320,test,price,0,0,0.025772,0.033666
1320,test,shipping,0,0,0.025525,0.02023
1320,test,smell,0,0,0.043028,0.122096
1320,test,stayingpower,0,0,0.12071,0.145049
1320,test,texture,1,1,0.024578,0.970968
1321,test,colour,1,1,0.002374,0.996111
1321,test,packing,0,0,0.020694,0.032221
1321,test,price,0,0,0.026683,0.057633
1321,test,shipping,0,0,0.035935,0.048966
1321,test,smell,1,1,0.111188,0.827556
1321,test,stayingpower,0,0,0.015228,0.021091
1321,test,texture,0,0,0.027949,0.169434
1322,test,colour,0,0,0.019689,0.030064
1322,test,packing,0,0,0.076362,0.192671
1322,test,price,0,0,0.015778,0.042233
1322,test,shipping,0,2,0.813121,0.120011
1322,test,smell,0,0,0.004012,0.005149
1322,test,stayingpower,0,0,0.004332,0.009534
1322,test,texture,0,0,0.006283,0.006689
1323,test,colour,0,0,0.014434,0.123417
1323,test,packing,0,0,0.032078,0.0861
1323,test,price,0,0,0.012977,0.019171
1323,test,shipping,0,0,0.267292,0.025937
1323,test,smell,0,0,0.013064,0.140885
1323,test,stayingpower,1,1,0.044936,0.93447
1323,test,texture,0,1,0.034683,0.86657
1324,test,colour,1,1,0.018894,0.961406
1324,test,packing,1,1,0.0135,0.977564
1324,test,price,0,0,0.025855,0.038568
1324,test,shipping,1,1,0.008652,0.983256
1324,test,smell,0,0,0.017198,0.061583
1324,test,stayingpower,0,0,0.027158,0.062988
1324,test,texture,0,0,0.009397,0.049441
1325,test,colour,1,1,0.009138,0.979299
1325,test,packing,1,1,0.015506,0.978136
1325,test,price,0,0,0.024609,0.036887
1325,test,shipping,1,1,0.071649,0.865303
1325,test,smell,0,0,0.022523,0.072238
1325,test,stayingpower,0,0,0.017023,0.026935
1325,test,texture,0,0,0.00935,0.028085
1326,test,colour,0,1,0.279998,0.372711
1326,test,packing,0,0,0.101475,0.08109
1326,test,price,0,0,0.067321,0.180354
1326,test,shipping,0,0,0.085106,0.085783
1326,test,smell,0,0,0.071295,0.087088
1326,test,stayingpower,2,2,0.986581,0.013098
1326,test,texture,3,1,0.377437,0.462685
1327,test,colour,0,0,0.098123,0.038022
1327,test,packing,0,0,0.048014,0.050529
1327,test,price,0,0,0.020322,0.031694
1327,test,shipping,1,1,0.008622,0.984416
1327,test,smell,0,0,0.013376,0.021844
1327,test,stayingpower,0,0,0.297751,0.061406
1327,test,texture,0,0,0.022741,0.029887
1328,test,colour,0,0,0.034233,0.033947
1328,test,packing,0,0,0.012814,0.018447
1328,test,price,0,0,0.015486,0.022049
1328,test,shipping,0,0,0.015347,0.014203
1328,test,smell,0,0,0.017629,0.029471
1328,test,stayingpower,0,0,0.013386,0.01378
1328,test,texture,0,0,0.015868,0.023385
1329,test,colour,0,0,0.023795,0.042017
1329,test,packing,0,0,0.061026,0.132398
1329,test,price,1,1,0.011129,0.961202
1329,test,shipping,0,2,0.925464,0.007308
1329,test,smell,0,0,0.00418,0.011584
1329,test,stayingpower,0,0,0.012972,0.027147
1329,test,texture,0,0,0.021333,0.066835
1330,test,colour,0,0,0.028951,0.08145
1330,test,packing,0,0,0.035624,0.122681
1330,test,price,0,0,0.023234,0.103378
1330,test,shipping,1,1,0.004199,0.987989
1330,test,smell,0,0,0.007826,0.025434
1330,test,stayingpower,0,0,0.007091,0.013075
1330,test,texture,0,0,0.006644,0.027882
1331,test,colour,1,1,0.003843,0.991571
1331,test,packing,0,0,0.011241,0.021118
1331,test,price,0,0,0.043517,0.290504
1331,test,shipping,0,0,0.021944,0.05073
1331,test,smell,1,1,0.014331,0.964569
1331,test,stayingpower,1,1,0.11604,0.809457
1331,test,texture,1,1,0.008544,0.963848
1332,test,colour,3,1,0.028783,0.956221
1332,test,packing,1,1,0.020314,0.971775
1332,test,price,0,0,0.019628,0.027005
1332,test,shipping,1,1,0.38374,0.510854
1332,test,smell,0,0,0.012011,0.038543
1332,test,stayingpower,0,0,0.013485,0.016519
1332,test,texture,0,0,0.008639,0.030219
1333,test,colour,1,2,0.962746,0.02928
1333,test,packing,0,0,0.029657,0.01792
1333,test,price,0,0,0.025194,0.017506
1333,test,shipping,0,0,0.052721,0.028997
1333,test,smell,0,0,0.027236,0.008807
1333,test,stayingpower,0,0,0.054565,0.020057
1333,test,texture,0,0,0.209481,0.02399
1334,test,colour,1,1,0.003342,0.994472
1334,test,packing,0,0,0.028674,0.118892
1334,test,price,0,0,0.039144,0.251256
1334,test,shipping,0,0,0.017845,0.045482
1334,test,smell,1,1,0.008975,0.976263
1334,test,stayingpower,2,0,0.032873,0.120293
1334,test,texture,0,1,0.046557,0.540761
1335,test,colour,0,0,0.042672,0.016848
1335,test,packing,0,0,0.022804,0.015879
1335,test,price,0,0,0.011438,0.008958
1335,test,shipping,0,0,0.030847,0.015983
1335,test,smell,0,0,0.019107,0.017825
1335,test,stayingpower,0,0,0.014329,0.010294
1335,test,texture,0,0,0.023311,0.013262
1336,test,colour,1,1,0.002419,0.995975
1336,test,packing,0,0,0.021492,0.034826
1336,test,price,1,1,0.008255,0.983649
1336,test,shipping,0,0,0.031262,0.020884
1336,test,smell,0,0,0.070809,0.26265
1336,test,stayingpower,0,0,0.130919,0.207901
1336,test,texture,1,1,0.091187,0.739354
1337,test,colour,1,1,0.003091,0.99428
1337,test,packing,0,0,0.025451,0.08923
1337,test,price,1,1,0.022993,0.881779
1337,test,shipping,1,1,0.022842,0.866302
1337,test,smell,0,0,0.007313,0.024552
1337,test,stayingpower,0,0,0.050253,0.071412
1337,test,texture,0,0,0.038511,0.134515
1338,test,colour,1,1,0.141532,0.840967
1338,test,packing,0,0,0.146084,0.099385
1338,test,price,0,0,0.046181,0.093943
1338,test,shipping,2,2,0.994533,0.003804
1338,test,smell,0,0,0.115669,0.030789
1338,test,stayingpower,0,0,0.206579,0.208843
1338,test,texture,2,2,0.974127,0.013546
1339,test,colour,1,1,0.021546,0.953217
1339,test,packing,1,1,0.015869,0.978204
1339,test,price,0,0,0.031283,0.045238
1339,test,shipping,1,1,0.009398,0.985213
1339,test,smell,0,0,0.019119,0.058638
1339,test,stayingpower,0,0,0.028787,0.034131
1339,test,texture,0,0,0.012375,0.04299
1340,test,colour,0,0,0.132849,0.058089
1340,test,packing,0,0,0.057354,0.052749
1340,test,price,0,0,0.009339,0.008789
1340,test,shipping,2,0,0.054152,0.022933
1340,test,smell,0,0,0.014562,0.009677
1340,test,stayingpower,0,0,0.012153,0.004419
1340,test,texture,0,0,0.014459,0.007625
1341,test,colour,0,0,0.076508,0.166112
1341,test,packing,0,0,0.155113,0.09298
1341,test,price,1,1,0.061123,0.755863
1341,test,shipping,1,2,0.772156,0.178046
1341,test,smell,2,2,0.953443,0.044769
1341,test,stayingpower,0,0,0.33187,0.223553
1341,test,texture,1,1,0.423255,0.531654
1342,test,colour,0,0,0.031623,0.028319
1342,test,packing,0,0,0.021323,0.029189
1342,test,price,0,0,0.00869,0.00563
1342,test,shipping,0,0,0.086423,0.033932
1342,test,smell,0,0,0.014588,0.017373
1342,test,stayingpower,0,0,0.010138,0.010093
1342,test,texture,0,0,0.015112,0.012133
1343,test,colour,0,0,0.065309,0.053671
1343,test,packing,1,1,0.079561,0.914102
1343,test,price,0,0,0.032737,0.046226
1343,test,shipping,1,1,0.080763,0.918035
1343,test,smell,0,0,0.019146,0.021805
1343,test,stayingpower,0,0,0.018921,0.018549
1343,test,texture,0,0,0.029615,0.030666
1344,test,colour,1,1,0.126432,0.851721
1344,test,packing,0,0,0.03961,0.049166
1344,test,price,0,0,0.010018,0.010244
1344,test,shipping,1,1,0.011366,0.983176
1344,test,smell,0,0,0.008034,0.018289
1344,test,stayingpower,0,0,0.018155,0.039252
1344,test,texture,1,0,0.229631,0.294692
1345,test,colour,1,2,0.511878,0.463702
1345,test,packing,0,0,0.093408,0.110722
1345,test,price,0,0,0.090867,0.160006
1345,test,shipping,0,0,0.099654,0.073747
1345,test,smell,0,0,0.067953,0.10019
1345,test,stayingpower,3,2,0.991077,0.008294
1345,test,texture,1,1,0.245977,0.686373
1346,test,colour,0,0,0.020361,0.021359
1346,test,packing,0,0,0.017883,0.031185
1346,test,price,0,0,0.010019,0.011081
1346,test,shipping,0,0,0.036912,0.042684
1346,test,smell,0,0,0.008784,0.020257
1346,test,stayingpower,0,0,0.011076,0.011055
1346,test,texture,0,0,0.009087,0.019555
1347,test,colour,0,0,0.04374,0.014555
1347,test,packing,0,0,0.016145,0.008466
1347,test,price,0,1,0.038453,0.735234
1347,test,shipping,0,0,0.018934,0.012745
1347,test,smell,0,0,0.010945,0.01708
1347,test,stayingpower,0,0,0.014769,0.011062
1347,test,texture,0,0,0.02522,0.016468
1348,test,colour,0,0,0.021632,0.038734
1348,test,packing,1,1,0.017643,0.976923
1348,test,price,0,0,0.035411,0.074588
1348,test,shipping,0,0,0.030308,0.062839
1348,test,smell,0,0,0.010967,0.035104
1348,test,stayingpower,0,0,0.012069,0.017987
1348,test,texture,0,0,0.007211,0.028552
1349,test,colour,2,2,0.877281,0.113213
1349,test,packing,0,0,0.203486,0.098912
1349,test,price,0,0,0.076073,0.142343
1349,test,shipping,1,1,0.076455,0.916292
1349,test,smell,1,1,0.100663,0.867135
1349,test,stayingpower,0,0,0.189685,0.073308
1349,test,texture,0,0,0.218848,0.105198
1350,test,colour,0,0,0.006436,0.014835
1350,test,packing,1,1,0.039129,0.926446
1350,test,price,1,1,0.019773,0.898697
1350,test,shipping,0,0,0.364215,0.237878
1350,test,smell,0,0,0.002994,0.020289
1350,test,stayingpower,1,1,0.058878,0.791858
1350,test,texture,0,1,0.023657,0.60634
1351,test,colour,0,0,0.059677,0.250585
1351,test,packing,0,0,0.012991,0.030486
1351,test,price,0,0,0.016669,0.078765
1351,test,shipping,0,0,0.011263,0.03547
1351,test,smell,0,0,0.023896,0.192384
1351,test,stayingpower,0,0,0.020352,0.120034
1351,test,texture,1,1,0.001287,0.996484
1352,test,colour,0,0,0.011251,0.023466
1352,test,packing,1,1,0.017947,0.971659
1352,test,price,0,0,0.022815,0.038574
1352,test,shipping,0,0,0.070205,0.176599
1352,test,smell,0,0,0.010392,0.034163
1352,test,stayingpower,0,0,0.01228,0.017137
1352,test,texture,0,0,0.004753,0.026617
1353,test,colour,1,1,0.015897,0.982147
1353,test,packing,0,0,0.017729,0.012105
1353,test,price,0,0,0.026152,0.135989
1353,test,shipping,0,0,0.206502,0.107996
1353,test,smell,0,0,0.217262,0.072975
1353,test,stayingpower,0,0,0.31956,0.15464
1353,test,texture,2,2,0.84258,0.145232
1354,test,colour,0,0,0.034948,0.040282
1354,test,packing,0,0,0.027774,0.048652
1354,test,price,0,0,0.012296,0.01773
1354,test,shipping,0,0,0.046289,0.018795
1354,test,smell,0,0,0.012625,0.022092
1354,test,stayingpower,0,0,0.007105,0.00528
1354,test,texture,0,0,0.00765,0.012839
1355,test,colour,0,0,0.252705,0.009662
1355,test,packing,0,2,0.594979,0.095212
1355,test,price,0,0,0.021728,0.038694
1355,test,shipping,2,2,0.959484,0.011807
1355,test,smell,0,0,0.016382,0.00401
1355,test,stayingpower,0,0,0.103926,0.025336
1355,test,texture,0,0,0.295345,0.010809
1356,test,colour,0,0,0.031296,0.030227
1356,test,packing,0,0,0.039737,0.074905
1356,test,price,0,0,0.01549,0.027819
1356,test,shipping,0,0,0.076574,0.033679
1356,test,smell,0,0,0.009994,0.019689
1356,test,stayingpower,0,0,0.005071,0.003931
1356,test,texture,0,0,0.005218,0.007943
1357,test,colour,0,0,0.016396,0.034956
1357,test,packing,1,1,0.017402,0.979482
1357,test,price,0,0,0.030026,0.0651
1357,test,shipping,0,0,0.061593,0.277355
1357,test,smell,0,0,0.012138,0.030795
1357,test,stayingpower,0,0,0.012552,0.019503
1357,test,texture,0,0,0.006689,0.027305
1358,test,colour,1,1,0.085915,0.906306
1358,test,packing,0,0,0.096924,0.060511
1358,test,price,1,1,0.066975,0.76217
1358,test,shipping,0,0,0.176308,0.044821
1358,test,smell,0,0,0.08174,0.091673
1358,test,stayingpower,2,2,0.948985,0.049829
1358,test,texture,1,2,0.843228,0.114803
1359,test,colour,0,0,0.055555,0.097706
1359,test,packing,1,1,0.030031,0.958115
1359,test,price,0,0,0.051274,0.098685
1359,test,shipping,1,1,0.010629,0.976228
1359,test,smell,1,1,0.012967,0.958977
1359,test,stayingpower,0,0,0.053757,0.176948
1359,test,texture,1,1,0.004062,0.969265
1360,test,colour,0,0,0.054185,0.110082
1360,test,packing,0,0,0.009356,0.013555
1360,test,price,0,0,0.014025,0.021405
1360,test,shipping,0,0,0.024481,0.035081
1360,test,smell,0,0,0.009828,0.016789
1360,test,stayingpower,0,0,0.006157,0.008432
1360,test,texture,0,0,0.008774,0.013437
1361,test,colour,0,0,0.025301,0.070213
1361,test,packing,0,0,0.015906,0.026539
1361,test,price,0,0,0.021959,0.139476
1361,test,shipping,0,0,0.007785,0.014249
1361,test,smell,0,0,0.006717,0.046334
1361,test,stayingpower,1,1,0.043941,0.881088
1361,test,texture,1,1,0.007548,0.971812
1362,test,colour,0,0,0.047461,0.101671
1362,test,packing,0,0,0.019068,0.034791
1362,test,price,0,0,0.01259,0.021043
1362,test,shipping,0,0,0.010046,0.009044
1362,test,smell,0,0,0.01231,0.025664
1362,test,stayingpower,0,0,0.009365,0.007273
1362,test,texture,0,0,0.009428,0.02152
1363,test,colour,0,0,0.019189,0.016491
1363,test,packing,0,0,0.031296,0.061344
1363,test,price,0,0,0.010147,0.019836
1363,test,shipping,0,0,0.153232,0.06545
1363,test,smell,0,0,0.007548,0.016242
1363,test,stayingpower,0,0,0.005147,0.006569
1363,test,texture,0,0,0.006824,0.011482
1364,test,colour,0,0,0.066449,0.009404
1364,test,packing,0,0,0.054086,0.031363
1364,test,price,1,1,0.006828,0.988295
1364,test,shipping,0,0,0.03782,0.00988
1364,test,smell,0,0,0.016953,0.018029
1364,test,stayingpower,0,0,0.019781,0.022467
1364,test,texture,0,0,0.105171,0.119565
1365,test,colour,0,0,0.041474,0.087953
1365,test,packing,0,0,0.012654,0.018218
1365,test,price,0,0,0.015053,0.041283
1365,test,shipping,0,0,0.010072,0.014806
1365,test,smell,0,0,0.007529,0.015949
1365,test,stayingpower,0,0,0.006716,0.008324
1365,test,texture,0,0,0.009117,0.025765
1366,test,colour,1,1,0.06182,0.921377
1366,test,packing,0,0,0.111122,0.176127
1366,test,price,0,0,0.028086,0.061903
1366,test,shipping,2,2,0.997966,0.001534
1366,test,smell,0,0,0.042789,0.036465
1366,test,stayingpower,0,0,0.045097,0.048326
1366,test,texture,0,0,0.074364,0.027797
1367,test,colour,0,2,0.76715,0.022592
1367,test,packing,0,0,0.168765,0.029012
1367,test,price,1,1,0.044165,0.918939
1367,test,shipping,0,0,0.044231,0.007528
1367,test,smell,0,0,0.195733,0.026316
1367,test,stayingpower,0,0,0.174006,0.085047
1367,test,texture,2,2,0.987803,0.007157
1368,test,colour,0,0,0.033337,0.299788
1368,test,packing,0,0,0.024797,0.070959
1368,test,price,0,0,0.027191,0.201194
1368,test,shipping,0,0,0.012199,0.02124
1368,test,smell,0,0,0.004701,0.041525
1368,test,stayingpower,1,1,0.022931,0.960546
1368,test,texture,1,1,0.010968,0.980847
1369,test,colour,1,2,0.822843,0.165061
1369,test,packing,1,1,0.248002,0.652028
1369,test,price,0,0,0.044503,0.041187
1369,test,shipping,0,0,0.159676,0.059955
1369,test,smell,0,0,0.098455,0.059401
1369,test,stayingpower,0,0,0.016474,0.00887
1369,test,texture,0,0,0.048034,0.009064
1370,test,colour,1,1,0.005665,0.992736
1370,test,packing,0,0,0.014681,0.025358
1370,test,price,0,0,0.026635,0.040728
1370,test,shipping,0,0,0.034311,0.041123
1370,test,smell,0,0,0.034506,0.044596
1370,test,stayingpower,0,0,0.039215,0.028503
1370,test,texture,0,0,0.030259,0.024805
1371,test,colour,0,0,0.034181,0.089425
1371,test,packing,0,0,0.014253,0.026249
1371,test,price,0,0,0.014011,0.028475
1371,test,shipping,0,0,0.01142,0.012196
1371,test,smell,0,0,0.008326,0.017132
1371,test,stayingpower,0,0,0.006684,0.00985
1371,test,texture,0,0,0.00842,0.023749
1372,test,colour,1,1,0.006443,0.989699
1372,test,packing,0,0,0.037773,0.110972
1372,test,price,1,1,0.008853,0.983164
1372,test,shipping,0,0,0.037268,0.093967
1372,test,smell,0,0,0.015109,0.046227
1372,test,stayingpower,0,0,0.030252,0.046953
1372,test,texture,0,0,0.032369,0.221651
1373,test,colour,1,1,0.01451,0.978591
1373,test,packing,0,0,0.015572,0.034721
1373,test,price,0,0,0.027877,0.082049
1373,test,shipping,1,1,0.008394,0.985536
1373,test,smell,0,0,0.015897,0.044466
1373,test,stayingpower,0,0,0.015227,0.03521
1373,test,texture,0,0,0.015337,0.060662
1374,test,colour,0,0,0.042239,0.021731
1374,test,packing,0,0,0.019569,0.013885
1374,test,price,0,0,0.011717,0.009803
1374,test,shipping,0,0,0.02909,0.016091
1374,test,smell,0,0,0.019725,0.020007
1374,test,stayingpower,0,0,0.013021,0.009385
1374,test,texture,0,0,0.019188,0.012702
1375,test,colour,1,1,0.003612,0.993601
1375,test,packing,1,1,0.015618,0.968379
1375,test,price,0,0,0.023432,0.064913
1375,test,shipping,1,1,0.136399,0.806163
1375,test,smell,0,0,0.018197,0.120791
1375,test,stayingpower,0,0,0.030548,0.075551
1375,test,texture,1,1,0.010656,0.863899
1376,test,colour,0,0,0.356436,0.028546
1376,test,packing,0,0,0.111233,0.034761
1376,test,price,1,0,0.079572,0.384895
1376,test,shipping,0,0,0.150563,0.021426
1376,test,smell,0,0,0.013545,0.008012
1376,test,stayingpower,2,1,0.373545,0.478912
1376,test,texture,2,2,0.974882,0.018518
1377,test,colour,1,1,0.041414,0.916766
1377,test,packing,0,0,0.014327,0.020164
1377,test,price,0,0,0.015751,0.037655
1377,test,shipping,0,0,0.033461,0.042313
1377,test,smell,0,0,0.003497,0.022378
1377,test,stayingpower,0,1,0.079878,0.890238
1377,test,texture,0,1,0.0821,0.692349
1378,test,colour,0,0,0.026187,0.028642
1378,test,packing,0,0,0.016505,0.02905
1378,test,price,0,0,0.013986,0.024898
1378,test,shipping,0,0,0.018588,0.012535
1378,test,smell,0,0,0.006384,0.011892
1378,test,stayingpower,0,0,0.012048,0.019647
1378,test,texture,0,0,0.016573,0.033989
1379,test,colour,0,0,0.025781,0.045972
1379,test,packing,0,0,0.010561,0.014273
1379,test,price,0,0,0.011177,0.022252
1379,test,shipping,0,0,0.012379,0.050495
1379,test,smell,0,0,0.00823,0.022183
1379,test,stayingpower,0,0,0.009493,0.012598
1379,test,texture,0,0,0.011609,0.033769
1380,test,colour,0,0,0.043035,0.091561
1380,test,packing,1,1,0.075736,0.908677
1380,test,price,0,0,0.026333,0.04154
1380,test,shipping,2,2,0.996115,0.001922
1380,test,smell,0,0,0.030289,0.026912
1380,test,stayingpower,0,0,0.032278,0.027863
1380,test,texture,0,0,0.030061,0.033166
1381,test,colour,1,1,0.009271,0.983614
1381,test,packing,0,0,0.026964,0.066186
1381,test,price,1,1,0.016682,0.969468
1381,test,shipping,1,1,0.025054,0.920827
1381,test,smell,0,0,0.018246,0.051167
1381,test,stayingpower,0,0,0.025794,0.04106
1381,test,texture,0,0,0.021465,0.075689
1382,test,colour,0,0,0.033053,0.110101
1382,test,packing,0,1,0.015087,0.981286
1382,test,price,0,0,0.030684,0.058981
1382,test,shipping,0,1,0.008925,0.979454
1382,test,smell,0,0,0.01197,0.047627
1382,test,stayingpower,0,0,0.016458,0.022408
1382,test,texture,0,0,0.006328,0.025284
1383,test,colour,1,1,0.005166,0.991446
1383,test,packing,0,0,0.018704,0.082123
1383,test,price,0,0,0.018101,0.045904
1383,test,shipping,1,1,0.00829,0.984242
1383,test,smell,0,0,0.012408,0.046161
1383,test,stayingpower,0,0,0.02752,0.066477
1383,test,texture,1,0,0.021861,0.165992
1384,test,colour,3,2,0.695817,0.29644
1384,test,packing,0,0,0.076757,0.034103
1384,test,price,0,0,0.039444,0.082548
1384,test,shipping,0,0,0.090794,0.045672
1384,test,smell,3,2,0.911612,0.079724
1384,test,stayingpower,0,2,0.509732,0.166429
1384,test,texture,3,2,0.583107,0.384
1385,test,colour,1,1,0.002177,0.996615
1385,test,packing,0,0,0.011993,0.036457
1385,test,price,0,0,0.015934,0.046357
1385,test,shipping,0,0,0.021379,0.054144
1385,test,smell,0,0,0.018728,0.07394
1385,test,stayingpower,0,0,0.041511,0.138346
1385,test,texture,1,1,0.017485,0.719563
1386,test,colour,1,1,0.037289,0.957781
1386,test,packing,0,0,0.063159,0.02597
1386,test,price,0,0,0.093176,0.22866
1386,test,shipping,0,0,0.249136,0.106722
1386,test,smell,2,2,0.98306,0.014512
1386,test,stayingpower,0,0,0.278429,0.066875
1386,test,texture,0,2,0.671947,0.077398
1387,test,colour,1,1,0.006029,0.989373
1387,test,packing,1,1,0.052021,0.854916
1387,test,price,0,0,0.057666,0.092385
1387,test,shipping,0,0,0.025665,0.052418
1387,test,smell,1,1,0.03159,0.937636
1387,test,stayingpower,0,0,0.029017,0.042949
1387,test,texture,0,0,0.018791,0.11223
1388,test,colour,0,0,0.070141,0.072924
1388,test,packing,0,0,0.096107,0.136092
1388,test,price,0,0,0.023293,0.04883
1388,test,shipping,2,2,0.998064,0.000935
1388,test,smell,0,0,0.029098,0.016856
1388,test,stayingpower,0,0,0.017889,0.017171
1388,test,texture,0,0,0.052441,0.03081
1389,test,colour,0,2,0.488837,0.061107
1389,test,packing,0,0,0.099341,0.021396
1389,test,price,0,0,0.026713,0.053339
1389,test,shipping,0,2,0.522542,0.069362
1389,test,smell,0,0,0.009661,0.002292
1389,test,stayingpower,0,0,0.025815,0.004936
1389,test,texture,0,0,0.120165,0.003781
1390,test,colour,1,1,0.005098,0.990448
1390,test,packing,0,0,0.016823,0.025451
1390,test,price,0,0,0.027857,0.143861
1390,test,shipping,0,0,0.036181,0.05076
1390,test,smell,1,1,0.103704,0.878046
1390,test,stayingpower,0,0,0.031774,0.072586
1390,test,texture,1,1,0.006187,0.980514
1391,test,colour,1,1,0.007458,0.986864
1391,test,packing,0,0,0.01081,0.033535
1391,test,price,0,0,0.022478,0.09036
1391,test,shipping,0,0,0.025079,0.047251
1391,test,smell,0,0,0.017087,0.137306
1391,test,stayingpower,0,0,0.06476,0.293802
1391,test,texture,1,1,0.002693,0.993289
1392,test,colour,1,1,0.011225,0.981351
1392,test,packing,0,0,0.03241,0.064157
1392,test,price,1,1,0.01288,0.97539
1392,test,shipping,0,0,0.02418,0.041296
1392,test,smell,0,0,0.018353,0.049312
1392,test,stayingpower,0,0,0.017156,0.016361
1392,test,texture,0,0,0.032273,0.074499
1393,test,colour,1,1,0.003162,0.99075
1393,test,packing,0,0,0.019435,0.077713
1393,test,price,0,0,0.026755,0.160629
1393,test,shipping,1,1,0.019594,0.973674
1393,test,smell,0,0,0.009684,0.130275
1393,test,stayingpower,1,1,0.141826,0.717959
1393,test,texture,1,1,0.007412,0.962936
1394,test,colour,1,1,0.027459,0.969697
1394,test,packing,0,0,0.033329,0.022971
1394,test,price,0,0,0.03499,0.07196
1394,test,shipping,0,0,0.237245,0.275156
1394,test,smell,0,0,0.034637,0.016904
1394,test,stayingpower,0,0,0.233295,0.110259
1394,test,texture,2,2,0.952004,0.010494
1395,test,colour,0,0,0.041981,0.09422
1395,test,packing,0,0,0.035237,0.114447
1395,test,price,0,0,0.017159,0.034813
1395,test,shipping,1,1,0.005665,0.991548
1395,test,smell,0,0,0.009059,0.024204
1395,test,stayingpower,0,0,0.011458,0.018301
1395,test,texture,0,0,0.008602,0.022082
1396,test,colour,1,1,0.062994,0.930454
1396,test,packing,0,0,0.072894,0.040809
1396,test,price,0,0,0.073098,0.156233
1396,test,shipping,0,0,0.079259,0.052941
1396,test,smell,0,0,0.077188,0.052679
1396,test,stayingpower,2,2,0.790518,0.18782
1396,test,texture,2,2,0.983236,0.009863
1397,test,colour,0,0,0.050918,0.083085
1397,test,packing,1,1,0.048838,0.943726
1397,test,price,0,0,0.033029,0.068479
1397,test,shipping,3,2,0.866641,0.123382
1397,test,smell,0,0,0.076121,0.208703
1397,test,stayingpower,0,0,0.063422,0.08649
1397,test,texture,1,1,0.021913,0.963292
1398,test,colour,0,0,0.126132,0.119041
1398,test,packing,0,0,0.107912,0.100445
1398,test,price,0,0,0.047368,0.116022
1398,test,shipping,0,0,0.00961,0.036582
1398,test,smell,1,1,0.057021,0.911092
1398,test,stayingpower,2,2,0.964882,0.030388
1398,test,texture,1,1,0.098619,0.758257
1399,test,colour,1,1,0.475111,0.520213
1399,test,packing,0,0,0.092794,0.055169
1399,test,price,0,0,0.043921,0.068022
1399,test,shipping,0,0,0.05069,0.035916
1399,test,smell,2,2,0.958372,0.037187
1399,test,stayingpower,0,0,0.201464,0.07067
1399,test,texture,0,2,0.551061,0.131716
1400,test,colour,0,0,0.090677,0.029926
1400,test,packing,0,0,0.013398,0.009571
1400,test,price,0,0,0.010627,0.025437
1400,test,shipping,0,0,0.044031,0.009023
1400,test,smell,0,0,0.005781,0.006276
1400,test,stayingpower,0,0,0.014466,0.027401
1400,test,texture,0,0,0.069381,0.037714
1401,test,colour,3,2,0.564935,0.388878
1401,test,packing,0,0,0.071572,0.049784
1401,test,price,1,1,0.045056,0.868992
1401,test,shipping,0,0,0.095478,0.032063
1401,test,smell,1,1,0.352782,0.636765
1401,test,stayingpower,3,1,0.462516,0.492084
1401,test,texture,3,2,0.74495,0.251884
1402,test,colour,0,2,0.521738,0.044799
1402,test,packing,0,0,0.068233,0.017683
1402,test,price,0,0,0.043315,0.042178
1402,test,shipping,0,0,0.030126,0.02099
1402,test,smell,2,2,0.724941,0.254802
1402,test,stayingpower,0,0,0.06423,0.012747
1402,test,texture,0,0,0.158655,0.095681
1403,test,colour,1,0,0.024384,0.042948
1403,test,packing,0,0,0.017166,0.044783
1403,test,price,0,0,0.011653,0.015443
1403,test,shipping,0,0,0.019187,0.061603
1403,test,smell,0,0,0.007375,0.020414
1403,test,stayingpower,0,0,0.007441,0.008959
1403,test,texture,0,0,0.006862,0.017232
1404,test,colour,0,0,0.023119,0.022232
1404,test,packing,0,0,0.013591,0.020766
1404,test,price,0,0,0.01369,0.024387
1404,test,shipping,0,0,0.012939,0.028224
1404,test,smell,0,0,0.011435,0.02036
1404,test,stayingpower,0,0,0.007436,0.008267
1404,test,texture,0,0,0.012161,0.026336
1405,test,colour,1,1,0.007824,0.986419
1405,test,packing,0,0,0.017421,0.060619
1405,test,price,0,0,0.017645,0.033935
1405,test,shipping,1,1,0.008884,0.97815
1405,test,smell,0,0,0.012941,0.045123
1405,test,stayingpower,0,0,0.014465,0.033444
1405,test,texture,0,0,0.013214,0.07761
1406,test,colour,0,0,0.027277,0.0181
1406,test,packing,0,1,0.059219,0.905442
1406,test,price,0,0,0.017815,0.023106
1406,test,shipping,0,0,0.096731,0.025251
1406,test,smell,0,0,0.010896,0.014891
1406,test,stayingpower,0,0,0.007955,0.012108
1406,test,texture,0,0,0.009353,0.015001
1407,test,colour,0,0,0.043333,0.034031
1407,test,packing,0,0,0.014722,0.019419
1407,test,price,0,0,0.012362,0.014964
1407,test,shipping,0,0,0.024278,0.021625
1407,test,smell,0,0,0.011558,0.016456
1407,test,stayingpower,0,0,0.007381,0.009547
1407,test,texture,0,0,0.009776,0.012362
1408,test,colour,0,0,0.026207,0.033852
1408,test,packing,0,0,0.096405,0.189077
1408,test,price,1,1,0.009425,0.981801
1408,test,shipping,2,2,0.997083,0.001195
1408,test,smell,0,0,0.047092,0.049969
1408,test,stayingpower,0,0,0.059547,0.121829
1408,test,texture,0,0,0.078285,0.134486
1409,test,colour,1,1,0.009997,0.985234
1409,test,packing,0,0,0.043762,0.110079
1409,test,price,0,0,0.03968,0.055028
1409,test,shipping,1,1,0.018439,0.966481
1409,test,smell,1,1,0.023337,0.965495
1409,test,stayingpower,0,0,0.040697,0.078266
1409,test,texture,0,0,0.032501,0.119514
1410,test,colour,1,1,0.004037,0.992696
1410,test,packing,0,0,0.038183,0.046668
1410,test,price,1,1,0.008848,0.985213
1410,test,shipping,0,0,0.052814,0.043926
1410,test,smell,1,1,0.213329,0.713361
1410,test,stayingpower,0,0,0.047953,0.073283
1410,test,texture,0,0,0.070797,0.29251
1411,test,colour,0,0,0.033601,0.022542
1411,test,packing,0,0,0.014481,0.01301
1411,test,price,0,0,0.011376,0.01821
1411,test,shipping,0,0,0.015822,0.020648
1411,test,smell,0,0,0.014169,0.02088
1411,test,stayingpower,0,0,0.012336,0.010183
1411,test,texture,0,0,0.016751,0.021754
1412,test,colour,0,0,0.030226,0.037038
1412,test,packing,0,0,0.035395,0.073383
1412,test,price,1,1,0.003678,0.995188
1412,test,shipping,0,0,0.018381,0.03067
1412,test,smell,0,0,0.022075,0.063839
1412,test,stayingpower,0,0,0.018617,0.02617
1412,test,texture,0,0,0.03218,0.193199
1413,test,colour,1,1,0.011178,0.978868
1413,test,packing,0,0,0.031275,0.065304
1413,test,price,1,1,0.007319,0.990036
1413,test,shipping,0,0,0.018015,0.046956
1413,test,smell,0,0,0.023279,0.066401
1413,test,stayingpower,0,0,0.051772,0.053945
1413,test,texture,0,0,0.048517,0.36966
1414,test,colour,0,1,0.105261,0.858437
1414,test,packing,0,0,0.018153,0.031927
1414,test,price,0,0,0.017608,0.024949
1414,test,shipping,0,0,0.039222,0.037133
1414,test,smell,0,0,0.014316,0.012662
1414,test,stayingpower,0,0,0.009507,0.005445
1414,test,texture,0,0,0.009007,0.009266
1415,test,colour,0,0,0.028781,0.048547
1415,test,packing,1,1,0.048284,0.922056
1415,test,price,0,0,0.015776,0.01484
1415,test,shipping,0,0,0.079018,0.052534
1415,test,smell,0,0,0.009851,0.02163
1415,test,stayingpower,0,0,0.009442,0.010573
1415,test,texture,0,0,0.006097,0.014929
1416,test,colour,0,0,0.401594,0.086739
1416,test,packing,0,0,0.07304,0.025366
1416,test,price,0,0,0.025456,0.03933
1416,test,shipping,0,0,0.063167,0.025642
1416,test,smell,0,0,0.009582,0.014252
1416,test,stayingpower,3,2,0.898217,0.096486
1416,test,texture,3,2,0.57529,0.266926
1417,test,colour,0,2,0.521139,0.009651
1417,test,packing,0,0,0.114601,0.011697
1417,test,price,2,1,0.053814,0.847802
1417,test,shipping,0,0,0.032286,0.002406
1417,test,smell,0,0,0.053087,0.008687
1417,test,stayingpower,0,0,0.155587,0.032724
1417,test,texture,0,2,0.680077,0.020797
1418,test,colour,0,0,0.031944,0.060253
1418,test,packing,1,1,0.017496,0.97791
1418,test,price,0,0,0.028931,0.053982
1418,test,shipping,1,1,0.00575,0.989018
1418,test,smell,0,0,0.012739,0.04614
1418,test,stayingpower,0,0,0.015713,0.023355
1418,test,texture,0,0,0.009719,0.047173
1419,test,colour,0,0,0.25502,0.04104
1419,test,packing,0,0,0.161684,0.091034
1419,test,price,1,1,0.034594,0.911222
1419,test,shipping,0,0,0.089223,0.057298
1419,test,smell,0,0,0.068311,0.027999
1419,test,stayingpower,0,0,0.20451,0.150759
1419,test,texture,3,2,0.80562,0.19268
1420,test,colour,1,1,0.015771,0.980495
1420,test,packing,0,0,0.036245,0.07978
1420,test,price,1,1,0.009604,0.984872
1420,test,shipping,0,0,0.025894,0.025391
1420,test,smell,0,0,0.02466,0.085546
1420,test,stayingpower,0,0,0.056215,0.031836
1420,test,texture,0,0,0.042367,0.116771
1421,test,colour,0,0,0.048766,0.017765
1421,test,packing,0,0,0.019698,0.017757
1421,test,price,0,0,0.013122,0.01168
1421,test,shipping,0,0,0.015589,0.011551
1421,test,smell,0,0,0.016648,0.022479
1421,test,stayingpower,0,0,0.016338,0.013007
1421,test,texture,0,0,0.020823,0.01466
1422,test,colour,0,0,0.022155,0.031852
1422,test,packing,0,0,0.016509,0.03781
1422,test,price,0,0,0.01655,0.034284
1422,test,shipping,0,0,0.019975,0.033227
1422,test,smell,0,0,0.008917,0.022916
1422,test,stayingpower,0,0,0.00666,0.007478
1422,test,texture,0,0,0.006198,0.016588
1423,test,colour,0,0,0.108742,0.012542
1423,test,packing,0,2,0.536102,0.225862
1423,test,price,0,1,0.050158,0.748604
1423,test,shipping,2,2,0.99629,0.003081
1423,test,smell,0,0,0.081665,0.029931
1423,test,stayingpower,0,0,0.049628,0.022984
1423,test,texture,0,0,0.303271,0.029649
1424,test,colour,1,1,0.009131,0.990181
1424,test,packing,2,1,0.063107,0.859666
1424,test,price,0,0,0.013726,0.026544
1424,test,shipping,1,0,0.132089,0.067922
1424,test,smell,0,0,0.047232,0.122896
1424,test,stayingpower,0,0,0.156335,0.149755
1424,test,texture,1,1,0.091428,0.851918
1425,test,colour,0,0,0.029285,0.132449
1425,test,packing,0,0,0.037397,0.144864
1425,test,price,1,1,0.00663,0.989465
1425,test,shipping,1,1,0.010294,0.938631
1425,test,smell,0,0,0.013725,0.063697
1425,test,stayingpower,0,0,0.025945,0.127037
1425,test,texture,1,1,0.016948,0.835427
1426,test,colour,0,0,0.028977,0.046563
1426,test,packing,1,1,0.018836,0.974291
1426,test,price,0,0,0.027061,0.047192
1426,test,shipping,1,1,0.006948,0.988
1426,test,smell,0,0,0.01517,0.060232
1426,test,stayingpower,0,0,0.017505,0.017971
1426,test,texture,0,0,0.009847,0.045537
1427,test,colour,1,1,0.030705,0.965874
1427,test,packing,0,0,0.03964,0.023962
1427,test,price,0,0,0.053848,0.096603
1427,test,shipping,0,0,0.088453,0.068358
1427,test,smell,0,0,0.070999,0.026091
1427,test,stayingpower,0,0,0.266696,0.153276
1427,test,texture,0,2,0.975058,0.012618
1428,test,colour,1,1,0.031023,0.961133
1428,test,packing,0,0,0.11782,0.095004
1428,test,price,1,1,0.022069,0.958758
1428,test,shipping,0,0,0.27178,0.296446
1428,test,smell,0,0,0.140447,0.098239
1428,test,stayingpower,2,2,0.970962,0.026251
1428,test,texture,0,2,0.620168,0.142319
1429,test,colour,1,1,0.002323,0.994911
1429,test,packing,0,0,0.019671,0.078883
1429,test,price,0,0,0.020058,0.060475
1429,test,shipping,3,2,0.551137,0.428047
1429,test,smell,0,0,0.01384,0.032164
1429,test,stayingpower,0,0,0.02378,0.065737
1429,test,texture,0,0,0.020909,0.080465
1430,test,colour,1,1,0.047705,0.944736
1430,test,packing,0,0,0.044794,0.063204
1430,test,price,1,0,0.062669,0.368174
1430,test,shipping,0,0,0.043119,0.061612
1430,test,smell,0,0,0.007602,0.042797
1430,test,stayingpower,3,2,0.562343,0.432417
1430,test,texture,1,2,0.577895,0.387016
1431,test,colour,1,1,0.004866,0.986425
1431,test,packing,1,1,0.032113,0.726614
1431,test,price,0,0,0.011553,0.028289
1431,test,shipping,0,0,0.037192,0.091404
1431,test,smell,0,0,0.008447,0.053403
1431,test,stayingpower,0,0,0.022356,0.053868
1431,test,texture,1,1,0.007067,0.873028
1432,test,colour,1,1,0.004248,0.989189
1432,test,packing,1,1,0.014271,0.975656
1432,test,price,0,0,0.025223,0.039135
1432,test,shipping,2,2,0.456238,0.314274
1432,test,smell,0,0,0.015552,0.038645
1432,test,stayingpower,0,0,0.026716,0.054173
1432,test,texture,0,0,0.009654,0.041514
1433,test,colour,1,1,0.005788,0.991804
1433,test,packing,0,0,0.009396,0.016064
1433,test,price,0,0,0.021402,0.030632
1433,test,shipping,0,0,0.032344,0.023917
1433,test,smell,0,0,0.019113,0.028605
1433,test,stayingpower,0,0,0.034628,0.052708
1433,test,texture,0,0,0.035891,0.06711
1434,test,colour,0,0,0.048786,0.049026
1434,test,packing,0,0,0.04251,0.063327
1434,test,price,1,1,0.015999,0.90989
1434,test,shipping,2,2,0.987799,0.002826
1434,test,smell,0,0,0.024391,0.054767
1434,test,stayingpower,0,0,0.038567,0.094001
1434,test,texture,1,1,0.083309,0.876021
1435,test,colour,0,0,0.028655,0.089235
1435,test,packing,1,1,0.018983,0.974065
1435,test,price,0,0,0.02746,0.063057
1435,test,shipping,1,1,0.007159,0.981323
1435,test,smell,0,0,0.009017,0.036074
1435,test,stayingpower,0,0,0.014194,0.020153
1435,test,texture,0,0,0.00693,0.027489
1436,test,colour,1,0,0.022664,0.326918
1436,test,packing,0,0,0.033232,0.130767
1436,test,price,0,0,0.015884,0.07324
1436,test,shipping,0,0,0.045211,0.044413
1436,test,smell,0,0,0.006915,0.175515
1436,test,stayingpower,1,1,0.04971,0.928948
1436,test,texture,1,1,0.003045,0.992958
1437,test,colour,0,0,0.024095,0.012048
1437,test,packing,0,0,0.030202,0.022574
1437,test,price,0,0,0.018291,0.025209
1437,test,shipping,0,0,0.02781,0.025585
1437,test,smell,0,0,0.021308,0.017848
1437,test,stayingpower,0,0,0.034319,0.020598
1437,test,texture,0,0,0.033392,0.01434
1438,test,colour,0,0,0.050382,0.018941
1438,test,packing,0,0,0.01863,0.011842
1438,test,price,0,0,0.017245,0.025498
1438,test,shipping,0,0,0.227722,0.024439
1438,test,smell,0,0,0.013706,0.011949
1438,test,stayingpower,0,0,0.009382,0.008066
1438,test,texture,0,0,0.014734,0.006125
1439,test,colour,0,0,0.037085,0.045225
1439,test,packing,1,1,0.023356,0.973604
1439,test,price,0,0,0.035783,0.060068
1439,test,shipping,1,1,0.008132,0.988769
1439,test,smell,0,0,0.015142,0.049946
1439,test,stayingpower,0,0,0.018774,0.020082
1439,test,texture,0,0,0.012075,0.050334
1440,test,colour,1,1,0.020821,0.976473
1440,test,packing,0,0,0.093892,0.089353
1440,test,price,0,0,0.061271,0.098276
1440,test,shipping,1,1,0.144921,0.825412
1440,test,smell,1,1,0.211242,0.770246
1440,test,stayingpower,0,0,0.206516,0.18521
1440,test,texture,2,2,0.899887,0.03989
1441,test,colour,0,0,0.036899,0.017148
1441,test,packing,0,0,0.024803,0.017952
1441,test,price,0,0,0.009678,0.007576
1441,test,shipping,0,0,0.03171,0.016182
1441,test,smell,0,0,0.018302,0.021316
1441,test,stayingpower,0,0,0.016134,0.010706
1441,test,texture,0,0,0.019576,0.013831
1442,test,colour,1,2,0.938253,0.031205
1442,test,packing,0,0,0.035512,0.025884
1442,test,price,1,1,0.043816,0.875257
1442,test,shipping,0,0,0.037131,0.028368
1442,test,smell,0,0,0.062759,0.076611
1442,test,stayingpower,0,0,0.187287,0.071295
1442,test,texture,1,1,0.101885,0.891043
1443,test,colour,1,1,0.040434,0.934153
1443,test,packing,1,1,0.01977,0.973318
1443,test,price,0,0,0.033872,0.080297
1443,test,shipping,1,1,0.008599,0.984651
1443,test,smell,0,0,0.026086,0.252596
1443,test,stayingpower,0,0,0.11154,0.128182
1443,test,texture,1,1,0.007073,0.958639
1444,test,colour,1,1,0.008231,0.986441
1444,test,packing,0,0,0.023184,0.040092
1444,test,price,1,1,0.00814,0.986226
1444,test,shipping,0,0,0.038259,0.035483
1444,test,smell,0,0,0.026154,0.058548
1444,test,stayingpower,0,0,0.056897,0.055422
1444,test,texture,0,0,0.056884,0.112427
1445,test,colour,0,0,0.051011,0.009743
1445,test,packing,0,0,0.023884,0.015389
1445,test,price,0,0,0.017172,0.032195
1445,test,shipping,0,0,0.021508,0.034466
1445,test,smell,0,0,0.016621,0.010323
1445,test,stayingpower,0,0,0.025036,0.012379
1445,test,texture,0,0,0.071465,0.02309
1446,test,colour,0,1,0.021314,0.95257
1446,test,packing,0,0,0.052103,0.189438
1446,test,price,0,0,0.051642,0.454368
1446,test,shipping,1,1,0.012528,0.963137
1446,test,smell,1,1,0.00701,0.981049
1446,test,stayingpower,0,0,0.011808,0.044208
1446,test,texture,0,0,0.012317,0.155866
1447,test,colour,0,0,0.027641,0.036005
1447,test,packing,0,0,0.012772,0.018804
1447,test,price,0,0,0.01344,0.017852
1447,test,shipping,0,0,0.021552,0.037245
1447,test,smell,0,0,0.011395,0.020358
1447,test,stayingpower,0,0,0.006152,0.008468
1447,test,texture,0,0,0.010912,0.018084
1448,test,colour,1,1,0.009478,0.988159
1448,test,packing,0,0,0.017904,0.033879
1448,test,price,1,1,0.016442,0.955093
1448,test,shipping,0,0,0.035228,0.0399
1448,test,smell,0,0,0.015449,0.030748
1448,test,stayingpower,0,0,0.02404,0.029232
1448,test,texture,0,0,0.033021,0.07705
1449,test,colour,1,1,0.016357,0.979554
1449,test,packing,0,0,0.026286,0.08005
1449,test,price,0,0,0.015737,0.023859
1449,test,shipping,1,1,0.013622,0.978084
1449,test,smell,0,0,0.01585,0.057154
1449,test,stayingpower,0,0,0.015209,0.032461
1449,test,texture,0,0,0.015054,0.065274
1450,test,colour,0,0,0.017117,0.05388
1450,test,packing,1,1,0.015096,0.976633
1450,test,price,0,0,0.030446,0.068699
1450,test,shipping,0,0,0.042998,0.139423
1450,test,smell,0,0,0.010264,0.0352
1450,test,stayingpower,0,0,0.008668,0.013856
1450,test,texture,0,0,0.004721,0.023834
1451,test,colour,0,0,0.046304,0.249821
1451,test,packing,0,0,0.033003,0.070877
1451,test,price,0,0,0.015319,0.046735
1451,test,shipping,0,0,0.023284,0.024722
1451,test,smell,0,0,0.00464,0.032605
1451,test,stayingpower,1,1,0.023773,0.965236
1451,test,texture,1,1,0.027094,0.936121
1452,test,colour,1,0,0.118266,0.036291
1452,test,packing,0,0,0.018131,0.019985
1452,test,price,0,0,0.014047,0.013823
1452,test,shipping,0,0,0.016144,0.009492
1452,test,smell,0,0,0.008502,0.007285
1452,test,stayingpower,0,0,0.010742,0.01392
1452,test,texture,0,0,0.026031,0.018848
1453,test,colour,0,0,0.036669,0.018834
1453,test,packing,0,0,0.012974,0.013724
1453,test,price,0,0,0.013908,0.013033
1453,test,shipping,0,0,0.016576,0.013728
1453,test,smell,0,0,0.013019,0.027797
1453,test,stayingpower,0,0,0.012963,0.014996
1453,test,texture,0,0,0.015002,0.021789
1454,test,colour,1,1,0.017816,0.975357
1454,test,packing,0,0,0.033309,0.056655
1454,test,price,0,0,0.034773,0.074725
1454,test,shipping,2,2,0.991878,0.003902
1454,test,smell,1,1,0.141406,0.807151
1454,test,stayingpower,0,0,0.038362,0.046106
1454,test,texture,0,0,0.051483,0.05576
1455,test,colour,0,2,0.449576,0.119897
1455,test,packing,0,0,0.091709,0.047734
1455,test,price,0,0,0.090642,0.173787
1455,test,shipping,0,0,0.054014,0.110436
1455,test,smell,1,1,0.276516,0.677789
1455,test,stayingpower,2,2,0.990668,0.007062
1455,test,texture,0,0,0.171157,0.264787
1456,test,colour,3,2,0.702792,0.234793
1456,test,packing,0,0,0.048146,0.068297
1456,test,price,0,0,0.030917,0.167001
1456,test,shipping,0,0,0.047751,0.042755
1456,test,smell,1,1,0.455917,0.502802
1456,test,stayingpower,0,0,0.240588,0.177278
1456,test,texture,1,1,0.058163,0.940939
1457,test,colour,0,0,0.038316,0.027237
1457,test,packing,0,0,0.032044,0.047803
1457,test,price,1,1,0.010032,0.977559
1457,test,shipping,0,0,0.024264,0.02563
1457,test,smell,0,0,0.006575,0.011925
1457,test,stayingpower,0,0,0.006456,0.009836
1457,test,texture,0,0,0.018846,0.041984
1458,test,colour,0,0,0.027277,0.0181
1458,test,packing,0,1,0.059219,0.905442
1458,test,price,0,0,0.017815,0.023106
1458,test,shipping,0,0,0.096731,0.025251
1458,test,smell,0,0,0.010896,0.014891
1458,test,stayingpower,0,0,0.007955,0.012108
1458,test,texture,0,0,0.009353,0.015001
1459,test,colour,0,0,0.039647,0.046474
1459,test,packing,0,0,0.01769,0.029127
1459,test,price,0,0,0.030188,0.065288
1459,test,shipping,0,0,0.012654,0.021099
1459,test,smell,1,1,0.013411,0.977132
1459,test,stayingpower,0,0,0.012197,0.020447
1459,test,texture,0,0,0.015033,0.169857
1460,test,colour,3,1,0.01045,0.988277
1460,test,packing,0,0,0.010413,0.010316
1460,test,price,0,0,0.014561,0.07462
1460,test,shipping,0,0,0.05931,0.048572
1460,test,smell,0,0,0.033091,0.055106
1460,test,stayingpower,0,2,0.391171,0.248303
1460,test,texture,1,1,0.412193,0.56785
1461,test,colour,0,0,0.059514,0.081308
1461,test,packing,0,0,0.039729,0.064677
1461,test,price,0,0,0.026107,0.080313
1461,test,shipping,2,2,0.996839,0.001461
1461,test,smell,0,0,0.024001,0.020859
1461,test,stayingpower,0,0,0.011031,0.013437
1461,test,texture,0,0,0.023442,0.019143
1462,test,colour,0,0,0.048529,0.092334
1462,test,packing,0,0,0.012442,0.019502
1462,test,price,0,0,0.011447,0.016962
1462,test,shipping,0,0,0.0289,0.030239
1462,test,smell,0,0,0.010834,0.019277
1462,test,stayingpower,0,0,0.0091,0.00824
1462,test,texture,0,0,0.008803,0.012709
1463,test,colour,1,1,0.006692,0.990419
1463,test,packing,0,0,0.041245,0.057552
1463,test,price,1,1,0.051202,0.770589
1463,test,shipping,0,0,0.070373,0.041871
1463,test,smell,1,1,0.038964,0.951937
1463,test,stayingpower,0,0,0.02129,0.021059
1463,test,texture,0,0,0.054246,0.099014
1464,test,colour,1,1,0.010953,0.980511
1464,test,packing,1,1,0.02207,0.955885
1464,test,price,0,0,0.02255,0.033917
1464,test,shipping,1,1,0.017491,0.964528
1464,test,smell,0,0,0.021271,0.090431
1464,test,stayingpower,0,0,0.019501,0.024862
1464,test,texture,0,0,0.009782,0.03402
1465,test,colour,1,1,0.020066,0.975633
1465,test,packing,1,1,0.028334,0.948516
1465,test,price,1,1,0.024128,0.923334
1465,test,shipping,0,0,0.130274,0.05741
1465,test,smell,0,0,0.014527,0.049344
1465,test,stayingpower,0,0,0.153489,0.319661
1465,test,texture,1,1,0.07695,0.806087
1466,test,colour,1,1,0.008513,0.985229
1466,test,packing,0,0,0.013828,0.025361
1466,test,price,0,0,0.033234,0.069073
1466,test,shipping,0,0,0.018938,0.034658
1466,test,smell,1,1,0.020351,0.961477
1466,test,stayingpower,0,0,0.023416,0.041369
1466,test,texture,0,0,0.018178,0.071565
1467,test,colour,0,0,0.026103,0.082798
1467,test,packing,0,0,0.040623,0.10086
1467,test,price,1,1,0.003609,0.993434
1467,test,shipping,2,2,0.975739,0.008763
1467,test,smell,0,0,0.028482,0.08262
1467,test,stayingpower,0,0,0.018913,0.041037
1467,test,texture,0,1,0.041698,0.485731
1468,test,colour,0,0,0.056277,0.228558
1468,test,packing,1,1,0.01489,0.982128
1468,test,price,0,0,0.030638,0.076524
1468,test,shipping,1,1,0.00906,0.985351
1468,test,smell,0,0,0.011931,0.097952
1468,test,stayingpower,0,0,0.063394,0.230878
1468,test,texture,1,1,0.007663,0.957646
1469,test,colour,0,0,0.040859,0.149323
1469,test,packing,0,0,0.012909,0.036388
1469,test,price,0,0,0.02099,0.132109
1469,test,shipping,0,0,0.009462,0.033007
1469,test,smell,0,0,0.014423,0.104048
1469,test,stayingpower,0,0,0.014124,0.077864
1469,test,texture,1,1,0.001803,0.995
1470,test,colour,0,0,0.020138,0.039373
1470,test,packing,1,1,0.023829,0.971577
1470,test,price,1,1,0.018894,0.95164
1470,test,shipping,0,0,0.115667,0.33716
1470,test,smell,0,0,0.013062,0.047387
1470,test,stayingpower,0,0,0.007043,0.015954
1470,test,texture,0,0,0.012232,0.076884
1471,test,colour,0,0,0.030249,0.024141
1471,test,packing,0,0,0.02449,0.030269
1471,test,price,1,1,0.011624,0.977318
1471,test,shipping,0,0,0.008177,0.009542
1471,test,smell,0,0,0.013765,0.024699
1471,test,stayingpower,0,0,0.016128,0.016215
1471,test,texture,0,0,0.025084,0.079058
1472,test,colour,0,0,0.031231,0.022123
1472,test,packing,0,0,0.020031,0.026694
1472,test,price,0,0,0.010653,0.010725
1472,test,shipping,0,0,0.034642,0.023404
1472,test,smell,0,0,0.014589,0.023873
1472,test,stayingpower,0,0,0.009915,0.009341
1472,test,texture,0,0,0.011147,0.013823
1473,test,colour,1,1,0.028374,0.968469
1473,test,packing,0,0,0.106337,0.105926
1473,test,price,1,1,0.010434,0.983345
1473,test,shipping,0,0,0.177081,0.064491
1473,test,smell,0,0,0.049861,0.043957
1473,test,stayingpower,0,0,0.033188,0.011906
1473,test,texture,0,0,0.10183,0.028247
1474,test,colour,0,0,0.044045,0.027169
1474,test,packing,0,0,0.015906,0.014303
1474,test,price,0,0,0.01036,0.009761
1474,test,shipping,0,0,0.016084,0.010522
1474,test,smell,0,0,0.0165,0.022772
1474,test,stayingpower,0,0,0.013086,0.01083
1474,test,texture,0,0,0.016421,0.018092
1475,test,colour,1,0,0.049655,0.123214
1475,test,packing,0,0,0.011867,0.024162
1475,test,price,0,0,0.009392,0.019197
1475,test,shipping,0,0,0.013061,0.018414
1475,test,smell,0,0,0.005308,0.007296
1475,test,stayingpower,0,0,0.009287,0.011816
1475,test,texture,0,0,0.014698,0.038411
1476,test,colour,1,1,0.028541,0.967112
1476,test,packing,0,0,0.04588,0.022665
1476,test,price,0,0,0.045909,0.086487
1476,test,shipping,0,0,0.119374,0.065949
1476,test,smell,0,0,0.139743,0.048615
1476,test,stayingpower,0,0,0.219512,0.122133
1476,test,texture,2,2,0.977018,0.010387
1477,test,colour,1,1,0.007908,0.964912
1477,test,packing,0,0,0.019406,0.056945
1477,test,price,0,0,0.019987,0.074985
1477,test,shipping,0,0,0.039552,0.04132
1477,test,smell,0,0,0.006798,0.061954
1477,test,stayingpower,1,1,0.034077,0.951384
1477,test,texture,1,1,0.02165,0.940627
1478,test,colour,1,1,0.041541,0.931507
1478,test,packing,0,0,0.119113,0.22478
1478,test,price,0,0,0.06874,0.168262
1478,test,shipping,2,2,0.968225,0.029422
1478,test,smell,1,1,0.189245,0.764528
1478,test,stayingpower,2,2,0.818394,0.17557
1478,test,texture,3,1,0.274821,0.505481
1479,test,colour,1,1,0.008348,0.971338
1479,test,packing,0,0,0.016002,0.02988
1479,test,price,0,0,0.020857,0.086924
1479,test,shipping,0,0,0.034457,0.088713
1479,test,smell,0,0,0.006364,0.039938
1479,test,stayingpower,1,1,0.054612,0.933142
1479,test,texture,1,1,0.054183,0.838733
1480,test,colour,1,1,0.002832,0.98906
1480,test,packing,0,0,0.03472,0.320427
1480,test,price,0,0,0.013296,0.035074
1480,test,shipping,1,0,0.282188,0.259697
1480,test,smell,0,0,0.004021,0.028861
1480,test,stayingpower,1,1,0.051642,0.893077
1480,test,texture,1,1,0.023732,0.69883
1481,test,colour,1,2,0.738171,0.25199
1481,test,packing,0,0,0.061271,0.033997
1481,test,price,1,1,0.038917,0.92277
1481,test,shipping,0,0,0.097163,0.017609
1481,test,smell,0,0,0.081594,0.107263
1481,test,stayingpower,1,2,0.884008,0.10698
1481,test,texture,1,2,0.604435,0.366889
1482,test,colour,1,1,0.009363,0.988612
1482,test,packing,0,0,0.017861,0.02563
1482,test,price,0,0,0.015582,0.024192
1482,test,shipping,0,0,0.175982,0.047537
1482,test,smell,0,0,0.017501,0.010521
1482,test,stayingpower,0,0,0.03538,0.036846
1482,test,texture,0,0,0.031625,0.021931
1483,test,colour,1,1,0.003602,0.990599
1483,test,packing,0,0,0.021974,0.063459
1483,test,price,0,0,0.026905,0.084713
1483,test,shipping,1,1,0.015885,0.943986
1483,test,smell,1,1,0.012731,0.955226
1483,test,stayingpower,1,1,0.178474,0.781444
1483,test,texture,1,1,0.036936,0.784147
1484,test,colour,1,1,0.004236,0.991026
1484,test,packing,0,0,0.017534,0.042244
1484,test,price,1,1,0.024185,0.873771
1484,test,shipping,0,0,0.037023,0.036734
1484,test,smell,0,0,0.010709,0.062361
1484,test,stayingpower,3,1,0.111573,0.846567
1484,test,texture,1,1,0.046296,0.935921
1485,test,colour,0,0,0.020142,0.034917
1485,test,packing,1,1,0.026528,0.961666
1485,test,price,0,0,0.024019,0.032258
1485,test,shipping,0,0,0.06199,0.094832
1485,test,smell,0,0,0.012905,0.040274
1485,test,stayingpower,0,0,0.009915,0.010524
1485,test,texture,0,0,0.005207,0.015269
1486,test,colour,1,1,0.01169,0.983434
1486,test,packing,0,0,0.04829,0.082685
1486,test,price,1,1,0.009754,0.983867
1486,test,shipping,1,1,0.036965,0.883987
1486,test,smell,0,0,0.023952,0.051411
1486,test,stayingpower,0,0,0.038563,0.032705
1486,test,texture,0,0,0.061717,0.063746
1487,test,colour,0,0,0.036447,0.056926
1487,test,packing,0,0,0.016766,0.029555
1487,test,price,0,0,0.020425,0.034047
1487,test,shipping,0,0,0.016271,0.030805
1487,test,smell,1,1,0.018505,0.96276
1487,test,stayingpower,0,0,0.00969,0.01568
1487,test,texture,0,0,0.010807,0.092101
1488,test,colour,1,1,0.023606,0.97037
1488,test,packing,0,0,0.042179,0.196254
1488,test,price,0,0,0.022108,0.059773
1488,test,shipping,2,2,0.983682,0.008658
1488,test,smell,0,0,0.050262,0.157682
1488,test,stayingpower,0,0,0.098977,0.178246
1488,test,texture,1,1,0.017854,0.958884
1489,test,colour,0,0,0.28788,0.009412
1489,test,packing,0,0,0.068389,0.014895
1489,test,price,0,0,0.032983,0.074023
1489,test,shipping,0,0,0.016877,0.004489
1489,test,smell,0,0,0.025788,0.00569
1489,test,stayingpower,0,0,0.043499,0.014466
1489,test,texture,0,0,0.251152,0.017632
1490,test,colour,1,1,0.027494,0.969272
1490,test,packing,0,0,0.06989,0.048828
1490,test,price,1,1,0.04325,0.921886
1490,test,shipping,0,0,0.069872,0.068461
1490,test,smell,0,0,0.183838,0.111016
1490,test,stayingpower,2,2,0.975098,0.019137
1490,test,texture,0,2,0.531491,0.107708
1491,test,colour,0,0,0.041774,0.035824
1491,test,packing,0,0,0.011396,0.012615
1491,test,price,0,0,0.012296,0.017126
1491,test,shipping,0,0,0.012836,0.009828
1491,test,smell,0,0,0.012776,0.019181
1491,test,stayingpower,0,0,0.011353,0.008713
1491,test,texture,0,0,0.016782,0.025258
1492,test,colour,0,0,0.053747,0.118383
1492,test,packing,1,1,0.039945,0.947848
1492,test,price,0,0,0.072594,0.09941
1492,test,shipping,2,2,0.971115,0.022065
1492,test,smell,1,1,0.044023,0.932862
1492,test,stayingpower,0,0,0.030673,0.053705
1492,test,texture,0,0,0.02692,0.090749
1493,test,colour,1,1,0.029987,0.953001
1493,test,packing,1,1,0.064148,0.91313
1493,test,price,0,0,0.036866,0.058387
1493,test,shipping,2,2,0.894838,0.092986
1493,test,smell,3,1,0.038576,0.946463
1493,test,stayingpower,0,0,0.037557,0.058004
1493,test,texture,0,0,0.062192,0.112324
1494,test,colour,0,0,0.020701,0.26624
1494,test,packing,0,0,0.013667,0.022603
1494,test,price,0,0,0.024673,0.102674
1494,test,shipping,0,0,0.028584,0.21134
1494,test,smell,0,0,0.008872,0.069535
1494,test,stayingpower,1,1,0.057322,0.918575
1494,test,texture,0,0,0.030879,0.385112
1495,test,colour,1,1,0.008976,0.987467
1495,test,packing,0,0,0.03098,0.076684
1495,test,price,1,1,0.008813,0.984537
1495,test,shipping,0,0,0.044308,0.065386
1495,test,smell,0,0,0.017702,0.0476
1495,test,stayingpower,0,0,0.040906,0.054226
1495,test,texture,0,0,0.041788,0.178871
1496,test,colour,0,0,0.010626,0.088021
1496,test,packing,0,0,0.040538,0.317629
1496,test,price,1,1,0.011578,0.965706
1496,test,shipping,0,1,0.159329,0.430378
1496,test,smell,1,1,0.02237,0.810501
1496,test,stayingpower,0,0,0.019449,0.112502
1496,test,texture,1,1,0.001282,0.990971
1497,test,colour,0,0,0.035099,0.111472
1497,test,packing,1,1,0.01446,0.982736
1497,test,price,0,0,0.022766,0.041602
1497,test,shipping,1,1,0.008517,0.98626
1497,test,smell,0,0,0.007649,0.029096
1497,test,stayingpower,0,0,0.030345,0.069155
1497,test,texture,0,0,0.012053,0.068134
1498,test,colour,2,2,0.923178,0.046492
1498,test,packing,0,0,0.131274,0.034135
1498,test,price,1,1,0.061476,0.850458
1498,test,shipping,0,0,0.082939,0.016455
1498,test,smell,2,2,0.962164,0.028187
1498,test,stayingpower,0,0,0.177062,0.050259
1498,test,texture,2,2,0.946798,0.015522
1499,test,colour,0,0,0.039011,0.040797
1499,test,packing,0,0,0.007905,0.007949
1499,test,price,0,0,0.015998,0.031222
1499,test,shipping,0,0,0.009924,0.013795
1499,test,smell,0,0,0.01452,0.021322
1499,test,stayingpower,0,0,0.010108,0.009606
1499,test,texture,0,0,0.016095,0.026556
1500,test,colour,1,1,0.13215,0.863667
1500,test,packing,0,0,0.016034,0.020063
1500,test,price,0,0,0.025359,0.053031
1500,test,shipping,0,0,0.014399,0.022125
1500,test,smell,1,1,0.025541,0.943406
1500,test,stayingpower,0,0,0.074744,0.116158
1500,test,texture,1,1,0.014994,0.958472
1501,test,colour,1,1,0.008343,0.982844
1501,test,packing,1,1,0.021006,0.968355
1501,test,price,0,0,0.023299,0.030095
1501,test,shipping,0,0,0.070484,0.087399
1501,test,smell,0,0,0.017576,0.048109
1501,test,stayingpower,0,0,0.039721,0.069786
1501,test,texture,0,0,0.016458,0.049104
1502,test,colour,0,0,0.034474,0.214296
1502,test,packing,0,0,0.090614,0.315294
1502,test,price,0,0,0.030268,0.052425
1502,test,shipping,2,2,0.994348,0.002858
1502,test,smell,0,0,0.035881,0.120301
1502,test,stayingpower,1,1,0.137788,0.842079
1502,test,texture,3,1,0.100461,0.719249
1503,test,colour,1,1,0.393901,0.602832
1503,test,packing,0,0,0.014958,0.009683
1503,test,price,0,0,0.030796,0.037546
1503,test,shipping,0,0,0.018422,0.019926
1503,test,smell,0,0,0.017781,0.013097
1503,test,stayingpower,0,0,0.16975,0.111521
1503,test,texture,1,2,0.527631,0.438204
1504,test,colour,0,0,0.033528,0.081881
1504,test,packing,1,1,0.018598,0.977279
1504,test,price,0,0,0.026325,0.044713
1504,test,shipping,1,1,0.005896,0.990608
1504,test,smell,0,0,0.009272,0.031231
1504,test,stayingpower,0,0,0.022972,0.031468
1504,test,texture,0,0,0.012757,0.05864
1505,test,colour,1,1,0.014069,0.979775
1505,test,packing,1,1,0.101103,0.869816
1505,test,price,1,1,0.03187,0.936596
1505,test,shipping,1,1,0.082389,0.896029
1505,test,smell,1,1,0.096287,0.866919
1505,test,stayingpower,0,0,0.105749,0.070301
1505,test,texture,2,0,0.121328,0.100728
1506,test,colour,0,0,0.121239,0.102834
1506,test,packing,0,0,0.127121,0.076971
1506,test,price,1,1,0.048797,0.850491
1506,test,shipping,0,0,0.032229,0.026715
1506,test,smell,1,1,0.204583,0.786276
1506,test,stayingpower,2,2,0.976311,0.019125
1506,test,texture,1,1,0.060145,0.914666
1507,test,colour,1,1,0.045567,0.94943
1507,test,packing,0,0,0.076852,0.032504
1507,test,price,0,1,0.066949,0.747023
1507,test,shipping,0,0,0.050214,0.03322
1507,test,smell,2,2,0.943907,0.050554
1507,test,stayingpower,0,0,0.113987,0.021345
1507,test,texture,0,0,0.330654,0.063347
1508,test,colour,0,0,0.013105,0.026442
1508,test,packing,1,1,0.01762,0.976717
1508,test,price,0,0,0.02534,0.0604
1508,test,shipping,0,0,0.064929,0.201044
1508,test,smell,0,0,0.009561,0.030237
1508,test,stayingpower,0,0,0.009849,0.016549
1508,test,texture,0,0,0.005584,0.0278
1509,test,colour,0,0,0.071234,0.024498
1509,test,packing,0,0,0.02279,0.01307
1509,test,price,0,0,0.017751,0.023337
1509,test,shipping,0,0,0.016483,0.019672
1509,test,smell,0,0,0.016149,0.019926
1509,test,stayingpower,0,2,0.543966,0.052145
1509,test,texture,0,0,0.039123,0.028556
1510,test,colour,1,1,0.004327,0.979683
1510,test,packing,0,0,0.023524,0.103526
1510,test,price,0,0,0.023049,0.047217
1510,test,shipping,1,2,0.941496,0.046192
1510,test,smell,0,0,0.013701,0.075301
1510,test,stayingpower,1,1,0.061972,0.855054
1510,test,texture,0,0,0.048702,0.421272
1511,test,colour,0,0,0.015434,0.021736
1511,test,packing,1,1,0.018131,0.979786
1511,test,price,0,0,0.026652,0.047183
1511,test,shipping,0,0,0.169568,0.266524
1511,test,smell,0,0,0.008707,0.022159
1511,test,stayingpower,0,0,0.010044,0.01249
1511,test,texture,0,0,0.01051,0.053724
1512,test,colour,0,0,0.010129,0.01209
1512,test,packing,0,1,0.081498,0.836919
1512,test,price,0,0,0.01147,0.025612
1512,test,shipping,0,0,0.405097,0.087578
1512,test,smell,0,0,0.003758,0.004487
1512,test,stayingpower,0,0,0.008612,0.020822
1512,test,texture,0,0,0.009693,0.022195
1513,test,colour,0,0,0.124863,0.035203
1513,test,packing,0,0,0.021186,0.009301
1513,test,price,0,0,0.023801,0.046413
1513,test,shipping,0,0,0.220799,0.021326
1513,test,smell,0,0,0.008622,0.003833
1513,test,stayingpower,0,0,0.006853,0.009008
1513,test,texture,0,0,0.024163,0.006838
1514,test,colour,1,1,0.00708,0.986819
1514,test,packing,0,0,0.020199,0.055653
1514,test,price,0,0,0.037862,0.221328
1514,test,shipping,1,1,0.011142,0.965546
1514,test,smell,1,1,0.013356,0.968521
1514,test,stayingpower,1,1,0.119813,0.818582
1514,test,texture,3,1,0.022102,0.947487
1515,test,colour,0,0,0.224267,0.012544
1515,test,packing,0,0,0.101487,0.03082
1515,test,price,1,1,0.009371,0.985475
1515,test,shipping,0,0,0.033894,0.005153
1515,test,smell,0,0,0.022644,0.008209
1515,test,stayingpower,0,0,0.035562,0.030063
1515,test,texture,0,2,0.481049,0.073561
1516,test,colour,0,0,0.081027,0.212447
1516,test,packing,0,0,0.032412,0.066736
1516,test,price,0,0,0.052769,0.094553
1516,test,shipping,1,1,0.028252,0.961136
1516,test,smell,1,1,0.015335,0.977133
1516,test,stayingpower,0,0,0.024333,0.050902
1516,test,texture,0,0,0.02211,0.101342
1517,test,colour,0,0,0.026761,0.022265
1517,test,packing,0,0,0.023179,0.034934
1517,test,price,0,0,0.032106,0.22111
1517,test,shipping,0,0,0.029044,0.021308
1517,test,smell,0,0,0.004864,0.007211
1517,test,stayingpower,0,0,0.011151,0.015482
1517,test,texture,0,0,0.008531,0.008186
1518,test,colour,0,0,0.029856,0.026133
1518,test,packing,0,0,0.012831,0.01352
1518,test,price,0,0,0.012868,0.016204
1518,test,shipping,0,0,0.018847,0.021138
1518,test,smell,0,0,0.015303,0.024686
1518,test,stayingpower,0,0,0.011313,0.009546
1518,test,texture,0,0,0.011218,0.013708
1519,test,colour,1,1,0.015042,0.971724
1519,test,packing,2,1,0.054898,0.870786
1519,test,price,0,0,0.019959,0.030322
1519,test,shipping,1,1,0.008526,0.98928
1519,test,smell,0,0,0.019275,0.049935
1519,test,stayingpower,0,0,0.030441,0.028667
1519,test,texture,0,0,0.013639,0.037279
1520,test,colour,0,0,0.050442,0.019705
1520,test,packing,0,0,0.020745,0.012552
1520,test,price,0,1,0.012367,0.969155
1520,test,shipping,0,0,0.00735,0.006913
1520,test,smell,0,0,0.012621,0.014701
1520,test,stayingpower,0,0,0.025728,0.02082
1520,test,texture,0,0,0.04678,0.046002
1521,test,colour,0,0,0.033602,0.063273
1521,test,packing,0,0,0.028622,0.057467
1521,test,price,1,1,0.004197,0.994221
1521,test,shipping,0,0,0.012624,0.026445
1521,test,smell,0,0,0.016301,0.042442
1521,test,stayingpower,0,0,0.027167,0.043172
1521,test,texture,0,0,0.03508,0.188107
1522,test,colour,1,1,0.005608,0.991052
1522,test,packing,0,0,0.024113,0.056746
1522,test,price,0,0,0.019049,0.061668
1522,test,shipping,2,2,0.993309,0.004104
1522,test,smell,0,0,0.038441,0.059551
1522,test,stayingpower,0,0,0.037643,0.082909
1522,test,texture,0,0,0.081168,0.162137
1523,test,colour,0,0,0.077337,0.024753
1523,test,packing,0,0,0.02183,0.013744
1523,test,price,0,1,0.049751,0.621016
1523,test,shipping,0,0,0.009373,0.003931
1523,test,smell,0,0,0.01021,0.01073
1523,test,stayingpower,0,0,0.013422,0.008071
1523,test,texture,0,0,0.031161,0.017442
1524,test,colour,0,0,0.028895,0.235678
1524,test,packing,1,1,0.073301,0.899581
1524,test,price,1,1,0.009091,0.973041
1524,test,shipping,2,2,0.978301,0.017462
1524,test,smell,0,0,0.014946,0.04987
1524,test,stayingpower,2,1,0.404527,0.458122
1524,test,texture,1,1,0.136711,0.621397
1525,test,colour,0,0,0.035421,0.099313
1525,test,packing,1,1,0.03223,0.957681
1525,test,price,0,0,0.022123,0.042607
1525,test,shipping,1,1,0.022559,0.97309
1525,test,smell,0,0,0.006042,0.013749
1525,test,stayingpower,0,0,0.011857,0.018776
1525,test,texture,0,0,0.007537,0.024904
1526,test,colour,0,0,0.051201,0.020034
1526,test,packing,0,0,0.031125,0.026508
1526,test,price,0,0,0.012038,0.018502
1526,test,shipping,0,0,0.029602,0.017994
1526,test,smell,0,0,0.012316,0.017396
1526,test,stayingpower,0,0,0.008849,0.006345
1526,test,texture,0,0,0.018221,0.014778
1527,test,colour,0,2,0.865903,0.030482
1527,test,packing,0,0,0.111423,0.029381
1527,test,price,0,0,0.058318,0.076823
1527,test,shipping,0,0,0.035153,0.018448
1527,test,smell,0,0,0.072462,0.010041
1527,test,stayingpower,0,2,0.616571,0.066304
1527,test,texture,2,2,0.954766,0.040045
1528,test,colour,0,0,0.031539,0.026475
1528,test,packing,0,0,0.093908,0.187892
1528,test,price,1,1,0.006349,0.986821
1528,test,shipping,2,2,0.992076,0.004364
1528,test,smell,0,0,0.025764,0.037272
1528,test,stayingpower,0,0,0.015034,0.0254
1528,test,texture,0,0,0.03953,0.049306
1529,test,colour,0,0,0.03556,0.127015
1529,test,packing,0,0,0.027202,0.107888
1529,test,price,0,0,0.030389,0.167367
1529,test,shipping,0,0,0.040352,0.083596
1529,test,smell,1,1,0.008023,0.979475
1529,test,stayingpower,0,0,0.030065,0.172478
1529,test,texture,1,1,0.001518,0.991743
1530,test,colour,0,0,0.022857,0.079562
1530,test,packing,1,1,0.020482,0.961735
1530,test,price,0,0,0.020829,0.037243
1530,test,shipping,1,1,0.007428,0.979839
1530,test,smell,0,0,0.009402,0.036809
1530,test,stayingpower,0,0,0.011266,0.01565
1530,test,texture,0,0,0.005089,0.028851
1531,test,colour,1,1,0.017939,0.977885
1531,test,packing,0,0,0.060393,0.044316
1531,test,price,0,0,0.049833,0.092934
1531,test,shipping,0,0,0.172992,0.146104
1531,test,smell,1,2,0.884922,0.11192
1531,test,stayingpower,0,0,0.085288,0.046343
1531,test,texture,0,0,0.134452,0.112747
1532,test,colour,2,2,0.991481,0.006316
1532,test,packing,0,0,0.09951,0.053013
1532,test,price,0,0,0.067087,0.050614
1532,test,shipping,0,0,0.120301,0.0346
1532,test,smell,0,0,0.047405,0.016371
1532,test,stayingpower,0,0,0.189971,0.049126
1532,test,texture,0,2,0.494515,0.03161
1533,test,colour,0,0,0.021431,0.013511
1533,test,packing,0,1,0.142816,0.839221
1533,test,price,0,0,0.016386,0.029848
1533,test,shipping,1,2,0.545255,0.392619
1533,test,smell,0,0,0.009988,0.009758
1533,test,stayingpower,0,0,0.007469,0.007257
1533,test,texture,0,0,0.013307,0.013395
1534,test,colour,0,0,0.020324,0.023256
1534,test,packing,1,1,0.029579,0.963634
1534,test,price,0,0,0.027374,0.044348
1534,test,shipping,0,0,0.083242,0.085092
1534,test,smell,0,0,0.012345,0.032516
1534,test,stayingpower,0,0,0.009321,0.015014
1534,test,texture,0,0,0.006736,0.014016
1535,test,colour,0,0,0.041575,0.031502
1535,test,packing,0,0,0.011997,0.015906
1535,test,price,0,0,0.012492,0.012396
1535,test,shipping,0,0,0.010264,0.016594
1535,test,smell,0,0,0.011089,0.029358
1535,test,stayingpower,0,0,0.007486,0.01074
1535,test,texture,0,0,0.019337,0.062543
1536,test,colour,0,0,0.081435,0.043423
1536,test,packing,0,0,0.017619,0.018761
1536,test,price,0,0,0.038678,0.256167
1536,test,shipping,0,0,0.025715,0.04649
1536,test,smell,0,0,0.014832,0.077324
1536,test,stayingpower,3,2,0.665427,0.312926
1536,test,texture,1,1,0.025897,0.963998
1537,test,colour,0,0,0.019582,0.017089
1537,test,packing,0,0,0.048968,0.167297
1537,test,price,0,0,0.017048,0.041864
1537,test,shipping,0,0,0.153999,0.056017
1537,test,smell,0,0,0.004841,0.008605
1537,test,stayingpower,0,0,0.004211,0.005816
1537,test,texture,0,0,0.005406,0.010618
1538,test,colour,0,0,0.029398,0.055108
1538,test,packing,1,1,0.022778,0.971097
1538,test,price,0,0,0.036612,0.082352
1538,test,shipping,1,1,0.006321,0.989631
1538,test,smell,0,0,0.012187,0.046171
1538,test,stayingpower,0,0,0.012353,0.018751
1538,test,texture,0,0,0.008347,0.035068
1539,test,colour,1,1,0.01211,0.985382
1539,test,packing,0,0,0.041463,0.042749
1539,test,price,1,1,0.019182,0.96026
1539,test,shipping,0,0,0.02965,0.097308
1539,test,smell,0,0,0.032669,0.055842
1539,test,stayingpower,3,2,0.910525,0.049024
1539,test,texture,0,0,0.147711,0.15898
1540,test,colour,0,1,0.098674,0.490199
1540,test,packing,1,1,0.014097,0.983414
1540,test,price,0,0,0.031292,0.043706
1540,test,shipping,1,1,0.005664,0.992271
1540,test,smell,0,0,0.01685,0.0591
1540,test,stayingpower,0,0,0.023877,0.039937
1540,test,texture,0,0,0.012877,0.047783
1541,test,colour,1,1,0.004673,0.985865
1541,test,packing,1,1,0.020703,0.949717
1541,test,price,0,0,0.023575,0.036784
1541,test,shipping,1,1,0.017499,0.965267
1541,test,smell,0,0,0.010358,0.059241
1541,test,stayingpower,1,1,0.148037,0.689062
1541,test,texture,0,0,0.021468,0.157681
1542,test,colour,0,1,0.043666,0.932486
1542,test,packing,0,0,0.016309,0.030862
1542,test,price,0,0,0.019784,0.029685
1542,test,shipping,1,1,0.008941,0.985803
1542,test,smell,0,0,0.017454,0.038792
1542,test,stayingpower,0,0,0.014279,0.018927
1542,test,texture,0,0,0.012476,0.025649
1543,test,colour,1,1,0.012335,0.960481
1543,test,packing,0,0,0.029895,0.084206
1543,test,price,0,0,0.021469,0.069075
1543,test,shipping,2,2,0.990008,0.004804
1543,test,smell,0,0,0.022074,0.070389
1543,test,stayingpower,1,1,0.108296,0.849389
1543,test,texture,1,1,0.115854,0.786189
1544,test,colour,1,1,0.013713,0.977372
1544,test,packing,0,0,0.07867,0.280179
1544,test,price,1,1,0.017672,0.953019
1544,test,shipping,2,2,0.993146,0.004917
1544,test,smell,0,0,0.105846,0.165967
1544,test,stayingpower,0,0,0.175102,0.209028
1544,test,texture,1,1,0.082849,0.858378
1545,test,colour,3,1,0.0462,0.944201
1545,test,packing,0,0,0.014804,0.02474
1545,test,price,0,0,0.025312,0.035342
1545,test,shipping,0,0,0.019274,0.021068
1545,test,smell,1,1,0.025629,0.953703
1545,test,stayingpower,0,0,0.012434,0.021126
1545,test,texture,0,0,0.020202,0.094924
1546,test,colour,0,0,0.033444,0.129209
1546,test,packing,0,0,0.031751,0.074094
1546,test,price,0,0,0.015641,0.045291
1546,test,shipping,2,2,0.993934,0.005041
1546,test,smell,0,0,0.010453,0.022547
1546,test,stayingpower,0,0,0.015525,0.045693
1546,test,texture,0,0,0.057793,0.287905
1547,test,colour,0,0,0.042677,0.144659
1547,test,packing,0,0,0.009453,0.014014
1547,test,price,0,0,0.014112,0.031063
1547,test,shipping,0,0,0.019299,0.019206
1547,test,smell,0,0,0.011189,0.029748
1547,test,stayingpower,0,0,0.007732,0.009048
1547,test,texture,0,0,0.006921,0.014919
1548,test,colour,1,1,0.079584,0.913801
1548,test,packing,0,0,0.053241,0.036318
1548,test,price,1,1,0.043468,0.819247
1548,test,shipping,0,0,0.087268,0.058742
1548,test,smell,0,0,0.195575,0.075277
1548,test,stayingpower,0,0,0.345007,0.094575
1548,test,texture,2,2,0.80459,0.193646
1549,test,colour,0,0,0.0149,0.043031
1549,test,packing,1,1,0.011569,0.986274
1549,test,price,0,0,0.02339,0.037574
1549,test,shipping,0,0,0.139035,0.29649
1549,test,smell,0,0,0.010454,0.024575
1549,test,stayingpower,0,0,0.018488,0.038061
1549,test,texture,0,0,0.006551,0.030274
1550,test,colour,0,0,0.021285,0.155324
1550,test,packing,0,0,0.012574,0.057832
1550,test,price,0,0,0.011975,0.040159
1550,test,shipping,0,0,0.00918,0.029415
1550,test,smell,0,0,0.003889,0.013063
1550,test,stayingpower,0,0,0.008849,0.025488
1550,test,texture,0,0,0.00847,0.087411
1551,test,colour,0,0,0.345421,0.035398
1551,test,packing,0,0,0.026134,0.015977
1551,test,price,0,0,0.010671,0.010535
1551,test,shipping,0,0,0.043179,0.021626
1551,test,smell,0,0,0.006888,0.004776
1551,test,stayingpower,0,0,0.016435,0.013349
1551,test,texture,0,0,0.039645,0.015166
1552,test,colour,0,0,0.035155,0.04063
1552,test,packing,0,0,0.069294,0.168593
1552,test,price,1,1,0.004868,0.993295
1552,test,shipping,2,2,0.982178,0.010152
1552,test,smell,0,0,0.041837,0.085321
1552,test,stayingpower,0,0,0.04073,0.05707
1552,test,texture,0,0,0.047278,0.138192
1553,test,colour,0,0,0.041756,0.015329
1553,test,packing,0,0,0.042637,0.022149
1553,test,price,1,1,0.006182,0.990875
1553,test,shipping,0,0,0.319146,0.044889
1553,test,smell,0,0,0.019867,0.019561
1553,test,stayingpower,0,0,0.010863,0.01739
1553,test,texture,0,0,0.071126,0.080213
1554,test,colour,0,0,0.021755,0.4437
1554,test,packing,0,0,0.031568,0.149085
1554,test,price,0,0,0.017448,0.060283
1554,test,shipping,0,2,0.895848,0.027571
1554,test,smell,0,0,0.004688,0.037637
1554,test,stayingpower,1,1,0.018835,0.958061
1554,test,texture,1,1,0.025624,0.857698
1555,test,colour,0,0,0.026326,0.083493
1555,test,packing,1,1,0.026486,0.968635
1555,test,price,1,1,0.039488,0.803347
1555,test,shipping,1,1,0.012934,0.979013
1555,test,smell,0,0,0.013201,0.065826
1555,test,stayingpower,0,0,0.013343,0.021047
1555,test,texture,0,0,0.008602,0.043197
1556,test,colour,0,1,0.009484,0.986132
1556,test,packing,0,0,0.007067,0.012189
1556,test,price,0,0,0.018175,0.05128
1556,test,shipping,0,0,0.01202,0.014647
1556,test,smell,0,0,0.009101,0.026576
1556,test,stayingpower,0,0,0.043059,0.181126
1556,test,texture,3,1,0.031188,0.915885
1557,test,colour,1,1,0.016844,0.965875
1557,test,packing,1,1,0.0591,0.899341
1557,test,price,1,1,0.013983,0.971962
1557,test,shipping,1,1,0.043635,0.942133
1557,test,smell,0,0,0.033324,0.139775
1557,test,stayingpower,0,0,0.148965,0.227192
1557,test,texture,3,1,0.081859,0.872345
1558,test,colour,1,1,0.010917,0.919926
1558,test,packing,1,1,0.027699,0.927372
1558,test,price,1,1,0.026939,0.913857
1558,test,shipping,1,1,0.016668,0.974248
1558,test,smell,1,1,0.049114,0.793303
1558,test,stayingpower,0,0,0.055704,0.17786
1558,test,texture,1,1,0.004441,0.973268
1559,test,colour,0,1,0.024224,0.973786
1559,test,packing,0,0,0.027595,0.049087
1559,test,price,0,1,0.011863,0.973883
1559,test,shipping,0,0,0.015422,0.007502
1559,test,smell,0,0,0.021103,0.04145
1559,test,stayingpower,0,0,0.143046,0.227892
1559,test,texture,0,0,0.185508,0.342991
1560,test,colour,1,1,0.019605,0.967558
1560,test,packing,0,0,0.08324,0.116021
1560,test,price,1,1,0.014893,0.97244
1560,test,shipping,2,2,0.977095,0.019337
1560,test,smell,0,0,0.039739,0.071787
1560,test,stayingpower,0,0,0.022099,0.035403
1560,test,texture,0,0,0.075901,0.066593
1561,test,colour,0,0,0.08926,0.036798
1561,test,packing,0,0,0.015701,0.010705
1561,test,price,0,0,0.012814,0.010945
1561,test,shipping,0,0,0.024793,0.010291
1561,test,smell,0,0,0.021358,0.019174
1561,test,stayingpower,0,0,0.015851,0.012917
1561,test,texture,0,0,0.023569,0.011595
1562,test,colour,3,2,0.774243,0.214155
1562,test,packing,0,0,0.204509,0.123635
1562,test,price,0,0,0.078027,0.122757
1562,test,shipping,0,0,0.070539,0.040787
1562,test,smell,3,2,0.895097,0.095454
1562,test,stayingpower,2,2,0.966432,0.023364
1562,test,texture,0,2,0.677538,0.239827
1563,test,colour,0,0,0.01589,0.038563
1563,test,packing,1,1,0.031478,0.956131
1563,test,price,1,1,0.014036,0.971843
1563,test,shipping,0,0,0.048836,0.189171
1563,test,smell,0,0,0.014757,0.05806
1563,test,stayingpower,0,0,0.012478,0.021945
1563,test,texture,0,0,0.011737,0.102463
1564,test,colour,2,2,0.966243,0.018805
1564,test,packing,1,1,0.434698,0.533787
1564,test,price,0,0,0.054821,0.038755
1564,test,shipping,1,1,0.132298,0.840268
1564,test,smell,0,0,0.236605,0.051233
1564,test,stayingpower,0,0,0.161353,0.016586
1564,test,texture,0,0,0.483872,0.027978
1565,test,colour,1,1,0.005916,0.990993
1565,test,packing,0,0,0.042083,0.183817
1565,test,price,0,0,0.041148,0.178383
1565,test,shipping,2,2,0.96912,0.025548
1565,test,smell,1,1,0.052294,0.92681
1565,test,stayingpower,0,0,0.149826,0.367082
1565,test,texture,1,1,0.024181,0.940053
1566,test,colour,0,0,0.030982,0.244249
1566,test,packing,0,0,0.016526,0.05269
1566,test,price,0,0,0.022443,0.068839
1566,test,shipping,0,0,0.009566,0.020664
1566,test,smell,1,1,0.008186,0.982552
1566,test,stayingpower,0,0,0.00933,0.033387
1566,test,texture,0,0,0.009497,0.272555
1567,test,colour,3,2,0.558709,0.413766
1567,test,packing,0,0,0.067909,0.072744
1567,test,price,0,0,0.052822,0.167458
1567,test,shipping,0,0,0.072503,0.07298
1567,test,smell,0,0,0.060098,0.128284
1567,test,stayingpower,2,2,0.990593,0.005263
1567,test,texture,1,1,0.087246,0.891689
1568,test,colour,1,1,0.009043,0.985701
1568,test,packing,0,0,0.02407,0.056861
1568,test,price,1,1,0.014608,0.968131
1568,test,shipping,0,0,0.026851,0.052816
1568,test,smell,0,0,0.015224,0.040146
1568,test,stayingpower,0,0,0.021812,0.021306
1568,test,texture,0,0,0.024006,0.078418
1569,test,colour,0,0,0.31073,0.016045
1569,test,packing,0,0,0.200739,0.085829
1569,test,price,0,0,0.027305,0.029462
1569,test,shipping,1,1,0.021083,0.974064
1569,test,smell,0,0,0.045281,0.025633
1569,test,stayingpower,0,0,0.028621,0.01261
1569,test,texture,0,0,0.079935,0.016491
1570,test,colour,0,0,0.020555,0.04473
1570,test,packing,1,1,0.015849,0.979463
1570,test,price,0,0,0.023298,0.048818
1570,test,shipping,0,0,0.029407,0.054334
1570,test,smell,0,0,0.011024,0.029661
1570,test,stayingpower,0,0,0.014983,0.025346
1570,test,texture,0,0,0.010545,0.048125
1571,test,colour,0,0,0.031837,0.025843
1571,test,packing,0,0,0.033342,0.037143
1571,test,price,1,1,0.004184,0.993863
1571,test,shipping,0,0,0.022312,0.023122
1571,test,smell,0,0,0.021087,0.034624
1571,test,stayingpower,0,0,0.015016,0.013148
1571,test,texture,0,0,0.04323,0.089574
1572,test,colour,0,2,0.699083,0.007192
1572,test,packing,0,0,0.109989,0.023556
1572,test,price,0,0,0.0219,0.02596
1572,test,shipping,0,0,0.034719,0.008592
1572,test,smell,0,0,0.028291,0.008099
1572,test,stayingpower,0,0,0.071801,0.020834
1572,test,texture,0,2,0.623851,0.023793
1573,test,colour,0,0,0.099255,0.029084
1573,test,packing,2,1,0.28506,0.693358
1573,test,price,0,0,0.020122,0.055077
1573,test,shipping,2,2,0.990854,0.004693
1573,test,smell,0,0,0.019923,0.015903
1573,test,stayingpower,0,0,0.033061,0.019706
1573,test,texture,0,0,0.07785,0.048202
1574,test,colour,1,1,0.011173,0.98487
1574,test,packing,0,0,0.071518,0.077761
1574,test,price,0,0,0.057943,0.195492
1574,test,shipping,0,2,0.815117,0.04149
1574,test,smell,1,1,0.166446,0.802166
1574,test,stayingpower,0,1,0.329811,0.553279
1574,test,texture,1,2,0.867574,0.123567
1575,test,colour,0,0,0.047921,0.089628
1575,test,packing,0,0,0.03038,0.061014
1575,test,price,0,0,0.015204,0.034689
1575,test,shipping,1,1,0.00672,0.989537
1575,test,smell,0,0,0.01056,0.024426
1575,test,stayingpower,0,0,0.008975,0.017157
1575,test,texture,0,0,0.009262,0.023218
1576,test,colour,1,1,0.009406,0.988102
1576,test,packing,0,0,0.013159,0.02113
1576,test,price,0,0,0.020666,0.031684
1576,test,shipping,3,2,0.596033,0.364292
1576,test,smell,0,0,0.019519,0.037965
1576,test,stayingpower,0,0,0.016875,0.024673
1576,test,texture,0,0,0.016308,0.020701
1577,test,colour,0,0,0.420785,0.082983
1577,test,packing,0,0,0.11652,0.031062
1577,test,price,1,1,0.038881,0.892372
1577,test,shipping,0,0,0.068619,0.02145
1577,test,smell,0,0,0.385524,0.050701
1577,test,stayingpower,0,0,0.320722,0.179959
1577,test,texture,2,2,0.979279,0.019808
1578,test,colour,0,0,0.053921,0.054401
1578,test,packing,0,0,0.032815,0.040153
1578,test,price,1,1,0.004217,0.994016
1578,test,shipping,0,0,0.058026,0.060181
1578,test,smell,0,0,0.01617,0.026137
1578,test,stayingpower,0,0,0.008584,0.009581
1578,test,texture,0,0,0.044515,0.085917
1579,test,colour,2,2,0.625818,0.232908
1579,test,packing,0,0,0.042189,0.024448
1579,test,price,0,0,0.018714,0.020587
1579,test,shipping,0,0,0.105696,0.035556
1579,test,smell,0,0,0.009667,0.014207
1579,test,stayingpower,1,2,0.612266,0.373856
1579,test,texture,3,2,0.623149,0.321078
1580,test,colour,2,2,0.939883,0.045509
1580,test,packing,0,0,0.031949,0.021963
1580,test,price,0,0,0.035569,0.032218
1580,test,shipping,0,0,0.028027,0.038993
1580,test,smell,0,0,0.020585,0.025551
1580,test,stayingpower,1,2,0.879678,0.093092
1580,test,texture,1,2,0.662652,0.236312
1581,test,colour,1,1,0.009178,0.984415
1581,test,packing,0,1,0.029543,0.942282
1581,test,price,0,0,0.040706,0.367819
1581,test,shipping,2,2,0.986149,0.009928
1581,test,smell,0,0,0.021195,0.033565
1581,test,stayingpower,0,0,0.026723,0.04862
1581,test,texture,0,0,0.033004,0.107528
1582,test,colour,0,0,0.023871,0.078038
1582,test,packing,0,0,0.016235,0.065768
1582,test,price,0,0,0.016466,0.129217
1582,test,shipping,1,0,0.028356,0.11652
1582,test,smell,0,0,0.009309,0.056246
1582,test,stayingpower,0,0,0.005908,0.048802
1582,test,texture,1,1,0.002689,0.980544
1583,test,colour,1,1,0.007915,0.980695
1583,test,packing,1,1,0.018033,0.969186
1583,test,price,0,0,0.028313,0.045088
1583,test,shipping,0,0,0.081008,0.165523
1583,test,smell,0,0,0.01589,0.041544
1583,test,stayingpower,0,0,0.027257,0.03676
1583,test,texture,0,0,0.009028,0.034735
1584,test,colour,0,0,0.010535,0.044578
1584,test,packing,0,1,0.070793,0.567808
1584,test,price,1,1,0.006194,0.985447
1584,test,shipping,1,1,0.053763,0.903253
1584,test,smell,0,0,0.007153,0.045064
1584,test,stayingpower,0,0,0.013047,0.076225
1584,test,texture,0,1,0.016601,0.530136
1585,test,colour,1,1,0.013017,0.984912
1585,test,packing,0,0,0.010369,0.017426
1585,test,price,0,0,0.021192,0.041097
1585,test,shipping,0,0,0.032124,0.040925
1585,test,smell,0,0,0.023217,0.044686
1585,test,stayingpower,0,0,0.025674,0.044201
1585,test,texture,0,0,0.015908,0.034428
1586,test,colour,1,1,0.00426,0.994431
1586,test,packing,0,0,0.021529,0.04502
1586,test,price,1,1,0.023183,0.938141
1586,test,shipping,0,0,0.016631,0.024691
1586,test,smell,0,0,0.025929,0.059122
1586,test,stayingpower,0,0,0.052772,0.043781
1586,test,texture,0,0,0.042748,0.128143
1587,test,colour,0,0,0.012223,0.007864
1587,test,packing,0,0,0.036258,0.081794
1587,test,price,0,0,0.017705,0.080734
1587,test,shipping,1,0,0.303933,0.144317
1587,test,smell,0,0,0.002449,0.006213
1587,test,stayingpower,0,0,0.041217,0.247421
1587,test,texture,0,0,0.013629,0.026154
1588,test,colour,0,0,0.024237,0.116516
1588,test,packing,1,1,0.017213,0.968835
1588,test,price,0,0,0.047718,0.148837
1588,test,shipping,0,0,0.039777,0.143914
1588,test,smell,1,1,0.009244,0.960301
1588,test,stayingpower,0,0,0.032809,0.204998
1588,test,texture,1,1,0.001518,0.987235
1589,test,colour,1,1,0.016936,0.973678
1589,test,packing,1,1,0.026341,0.959025
1589,test,price,0,0,0.026684,0.06601
1589,test,shipping,1,1,0.009283,0.982533
1589,test,smell,0,0,0.02069,0.137013
1589,test,stayingpower,0,0,0.051506,0.072796
1589,test,texture,1,1,0.014859,0.923255
1590,test,colour,0,0,0.017782,0.034681
1590,test,packing,1,1,0.009954,0.985473
1590,test,price,0,0,0.025759,0.043051
1590,test,shipping,0,0,0.028911,0.078751
1590,test,smell,0,0,0.009846,0.05194
1590,test,stayingpower,0,0,0.012,0.03348
1590,test,texture,0,0,0.015809,0.304132
1591,test,colour,0,0,0.043484,0.022163
1591,test,packing,0,0,0.018235,0.013238
1591,test,price,0,0,0.011279,0.010525
1591,test,shipping,0,0,0.017753,0.011669
1591,test,smell,0,0,0.019212,0.02232
1591,test,stayingpower,0,0,0.014478,0.009502
1591,test,texture,0,0,0.019411,0.016717
1592,test,colour,0,0,0.070675,0.129396
1592,test,packing,0,0,0.037895,0.086633
1592,test,price,0,0,0.034402,0.051867
1592,test,shipping,1,1,0.008109,0.977998
1592,test,smell,1,1,0.016768,0.961332
1592,test,stayingpower,0,0,0.017445,0.031585
1592,test,texture,0,0,0.012363,0.069049
1593,test,colour,1,1,0.003673,0.99345
1593,test,packing,1,1,0.036049,0.939593
1593,test,price,0,0,0.037577,0.089436
1593,test,shipping,0,0,0.102948,0.107191
1593,test,smell,1,1,0.033793,0.88985
1593,test,stayingpower,0,1,0.130754,0.767155
1593,test,texture,0,1,0.071789,0.686507
1594,test,colour,0,0,0.06969,0.106709
1594,test,packing,0,0,0.067649,0.127179
1594,test,price,0,0,0.047693,0.077702
1594,test,shipping,2,2,0.992786,0.003534
1594,test,smell,1,1,0.082105,0.903681
1594,test,stayingpower,0,0,0.04556,0.086732
1594,test,texture,0,0,0.038501,0.119831
1595,test,colour,0,0,0.033047,0.043114
1595,test,packing,0,0,0.028214,0.052665
1595,test,price,0,1,0.007311,0.983827
1595,test,shipping,0,0,0.027995,0.037511
1595,test,smell,0,0,0.005385,0.009623
1595,test,stayingpower,0,0,0.008624,0.017092
1595,test,texture,0,0,0.020342,0.068166
1596,test,colour,1,1,0.00758,0.987567
1596,test,packing,0,0,0.014262,0.030492
1596,test,price,0,0,0.01831,0.027698
1596,test,shipping,0,0,0.038447,0.045959
1596,test,smell,0,0,0.029541,0.053318
1596,test,stayingpower,0,0,0.020429,0.025915
1596,test,texture,0,0,0.011692,0.013597
1597,test,colour,1,1,0.111022,0.874687
1597,test,packing,1,1,0.150012,0.82343
1597,test,price,0,0,0.083691,0.098174
1597,test,shipping,1,1,0.074775,0.911428
1597,test,smell,2,2,0.574714,0.405829
1597,test,stayingpower,0,0,0.312852,0.045742
1597,test,texture,0,0,0.116625,0.062665
1598,test,colour,0,0,0.02922,0.024665
1598,test,packing,1,1,0.027393,0.968572
1598,test,price,0,0,0.028422,0.031249
1598,test,shipping,0,0,0.066727,0.112645
1598,test,smell,0,0,0.017836,0.042314
1598,test,stayingpower,0,0,0.015745,0.022981
1598,test,texture,0,0,0.006736,0.011261
1599,test,colour,0,0,0.030898,0.041732
1599,test,packing,0,1,0.022499,0.973698
1599,test,price,0,0,0.031647,0.046428
1599,test,shipping,0,1,0.01358,0.960906
1599,test,smell,0,0,0.010636,0.039662
1599,test,stayingpower,0,0,0.015615,0.018194
1599,test,texture,0,0,0.007768,0.025313
1600,test,colour,1,1,0.098732,0.899468
1600,test,packing,0,0,0.028185,0.028058
1600,test,price,0,0,0.034803,0.032035
1600,test,shipping,0,0,0.033203,0.061464
1600,test,smell,0,0,0.033701,0.031173
1600,test,stayingpower,0,0,0.225256,0.187497
1600,test,texture,2,2,0.87771,0.105966
1601,test,colour,1,1,0.042477,0.953489
1601,test,packing,1,1,0.265157,0.669041
1601,test,price,1,1,0.017421,0.971704
1601,test,shipping,0,0,0.269627,0.051356
1601,test,smell,0,0,0.252505,0.097506
1601,test,stayingpower,0,2,0.5561,0.065875
1601,test,texture,0,2,0.809648,0.09094
1602,test,colour,1,1,0.060697,0.934413
1602,test,packing,0,0,0.040448,0.018738
1602,test,price,0,0,0.073793,0.137708
1602,test,shipping,0,0,0.096169,0.07786
1602,test,smell,0,0,0.085853,0.033975
1602,test,stayingpower,0,2,0.517006,0.172246
1602,test,texture,2,2,0.983127,0.014668
1603,test,colour,0,0,0.038222,0.013515
1603,test,packing,0,0,0.122789,0.125435
1603,test,price,0,0,0.013283,0.016864
1603,test,shipping,1,1,0.457494,0.5282
1603,test,smell,0,0,0.010915,0.011044
1603,test,stayingpower,0,0,0.005267,0.010132
1603,test,texture,0,0,0.02281,0.013116
1604,test,colour,3,1,0.018003,0.941754
1604,test,packing,0,0,0.014876,0.025961
1604,test,price,0,0,0.012542,0.030912
1604,test,shipping,0,0,0.039487,0.052751
1604,test,smell,0,0,0.00545,0.032623
1604,test,stayingpower,1,1,0.034503,0.946081
1604,test,texture,3,1,0.04126,0.875117
1605,test,colour,0,0,0.021759,0.023402
1605,test,packing,1,1,0.028502,0.964651
1605,test,price,0,0,0.02444,0.033768
1605,test,shipping,0,0,0.067062,0.089448
1605,test,smell,0,0,0.013508,0.028774
1605,test,stayingpower,0,0,0.012092,0.014658
1605,test,texture,0,0,0.006131,0.013816
1606,test,colour,1,1,0.015099,0.983281
1606,test,packing,0,0,0.053194,0.042936
1606,test,price,1,1,0.02491,0.944272
1606,test,shipping,0,0,0.067995,0.069146
1606,test,smell,0,0,0.078583,0.062601
1606,test,stayingpower,0,0,0.381199,0.20666
1606,test,texture,2,2,0.916448,0.055669
1607,test,colour,0,0,0.152038,0.0347
1607,test,packing,0,0,0.045263,0.017585
1607,test,price,0,0,0.012444,0.019955
1607,test,shipping,0,0,0.160317,0.008232
1607,test,smell,0,0,0.011376,0.004963
1607,test,stayingpower,0,0,0.013418,0.008632
1607,test,texture,0,0,0.051918,0.013989
1608,test,colour,0,0,0.04802,0.126096
1608,test,packing,0,0,0.009443,0.018385
1608,test,price,0,0,0.012557,0.061245
1608,test,shipping,0,0,0.006859,0.012793
1608,test,smell,0,0,0.019421,0.066705
1608,test,stayingpower,0,0,0.008351,0.047061
1608,test,texture,1,1,0.004289,0.977265
1609,test,colour,1,1,0.260701,0.734245
1609,test,packing,0,0,0.015655,0.020078
1609,test,price,0,0,0.017276,0.014636
1609,test,shipping,0,0,0.047651,0.033153
1609,test,smell,0,0,0.015973,0.009729
1609,test,stayingpower,0,0,0.033296,0.016901
1609,test,texture,0,0,0.086805,0.024444
1610,test,colour,1,1,0.00305,0.995414
1610,test,packing,0,0,0.029107,0.08958
1610,test,price,0,0,0.030928,0.246063
1610,test,shipping,3,2,0.989726,0.008578
1610,test,smell,0,0,0.054701,0.135718
1610,test,stayingpower,0,0,0.085606,0.257267
1610,test,texture,1,1,0.097539,0.705625
1611,test,colour,1,1,0.012143,0.977658
1611,test,packing,0,0,0.028368,0.057584
1611,test,price,0,0,0.036862,0.130829
1611,test,shipping,2,2,0.985972,0.005292
1611,test,smell,1,1,0.066451,0.909373
1611,test,stayingpower,0,0,0.029692,0.076691
1611,test,texture,0,0,0.037204,0.098763
1612,test,colour,0,0,0.267302,0.009467
1612,test,packing,2,2,0.596657,0.39345
1612,test,price,1,1,0.056824,0.842939
1612,test,shipping,0,0,0.295489,0.042829
1612,test,smell,0,0,0.126582,0.039374
1612,test,stayingpower,0,0,0.031556,0.013933
1612,test,texture,0,2,0.51295,0.034007
1613,test,colour,0,0,0.022472,0.349514
1613,test,packing,0,0,0.031461,0.095865
1613,test,price,0,0,0.016708,0.07486
1613,test,shipping,0,0,0.033434,0.046572
1613,test,smell,0,0,0.007172,0.085562
1613,test,stayingpower,3,1,0.018838,0.974353
1613,test,texture,3,1,0.014792,0.957528
1614,test,colour,0,0,0.04735,0.020838
1614,test,packing,0,0,0.021927,0.018636
1614,test,price,0,0,0.010552,0.008604
1614,test,shipping,0,0,0.024991,0.012612
1614,test,smell,0,0,0.017823,0.017889
1614,test,stayingpower,0,0,0.013926,0.011155
1614,test,texture,0,0,0.021739,0.013638
1615,test,colour,1,1,0.007037,0.985302
1615,test,packing,1,1,0.020667,0.95142
1615,test,price,0,0,0.026468,0.035687
1615,test,shipping,0,0,0.05043,0.095634
1615,test,smell,0,0,0.011434,0.030827
1615,test,stayingpower,0,0,0.032161,0.047488
1615,test,texture,0,0,0.01187,0.054697
1616,test,colour,0,0,0.031572,0.051094
1616,test,packing,0,0,0.013955,0.021333
1616,test,price,0,0,0.010735,0.01715
1616,test,shipping,0,0,0.053846,0.03447
1616,test,smell,0,0,0.01004,0.017848
1616,test,stayingpower,0,0,0.007339,0.007124
1616,test,texture,0,0,0.006851,0.010309
1617,test,colour,0,0,0.041865,0.164005
1617,test,packing,0,0,0.035051,0.077293
1617,test,price,0,0,0.014355,0.025476
1617,test,shipping,2,2,0.994309,0.004824
1617,test,smell,0,0,0.015448,0.025416
1617,test,stayingpower,0,0,0.013809,0.031403
1617,test,texture,0,0,0.034537,0.088474
1618,test,colour,1,1,0.008753,0.987717
1618,test,packing,0,1,0.060593,0.70615
1618,test,price,0,0,0.028827,0.032136
1618,test,shipping,0,0,0.014318,0.026679
1618,test,smell,0,0,0.029112,0.062556
1618,test,stayingpower,0,0,0.078931,0.042092
1618,test,texture,0,0,0.013895,0.035232
1619,test,colour,3,1,0.022993,0.975597
1619,test,packing,0,0,0.051644,0.038266
1619,test,price,1,1,0.031736,0.926105
1619,test,shipping,0,0,0.06613,0.0232
1619,test,smell,1,1,0.070138,0.91005
1619,test,stayingpower,0,0,0.038906,0.034429
1619,test,texture,0,0,0.125974,0.101999
1620,test,colour,0,0,0.082001,0.081584
1620,test,packing,1,1,0.123068,0.845765
1620,test,price,0,0,0.040178,0.053129
1620,test,shipping,1,1,0.041604,0.952934
1620,test,smell,2,2,0.531393,0.422318
1620,test,stayingpower,0,0,0.066567,0.032299
1620,test,texture,0,0,0.045592,0.081948
1621,test,colour,0,0,0.405905,0.16286
1621,test,packing,0,0,0.046063,0.037859
1621,test,price,0,0,0.028787,0.065133
1621,test,shipping,0,0,0.012806,0.01815
1621,test,smell,0,0,0.088137,0.067929
1621,test,stayingpower,0,0,0.40268,0.108065
1621,test,texture,1,1,0.051513,0.947551
1622,test,colour,1,1,0.007021,0.987639
1622,test,packing,1,1,0.044068,0.840423
1622,test,price,0,0,0.022188,0.035431
1622,test,shipping,0,0,0.053689,0.103554
1622,test,smell,0,0,0.017237,0.038776
1622,test,stayingpower,0,0,0.023342,0.028603
1622,test,texture,0,0,0.008822,0.01956
