chỉ số,split,khía cạnh,nhãn đúng,nhãn đoán,p(mã âm),p(mã dương)
0,test,colour,0,0,0.00609,0.242772
0,test,packing,1,1,0.001601,0.995477
0,test,price,0,0,0.00065,0.004251
0,test,shipping,0,0,0.001165,0.468609
0,test,smell,0,0,0.002482,0.011069
0,test,stayingpower,0,0,0.001478,0.003087
0,test,texture,0,0,0.002362,0.233875
1,test,colour,0,0,0.090939,0.013077
1,test,packing,1,1,0.117146,0.882313
1,test,price,0,1,0.07921,0.50715
1,test,shipping,1,1,0.005292,0.993858
1,test,smell,0,0,0.013503,0.006756
1,test,stayingpower,0,0,0.143521,0.062426
1,test,texture,0,0,0.154457,0.017113
2,test,colour,0,0,0.033571,0.032615
2,test,packing,0,0,0.004121,0.007128
2,test,price,0,0,0.001465,0.013989
2,test,shipping,0,0,0.003465,0.030798
2,test,smell,0,0,0.00375,0.005727
2,test,stayingpower,0,0,0.012929,0.016028
2,test,texture,1,1,0.000842,0.998167
3,test,colour,0,0,0.00135,0.071422
3,test,packing,1,1,0.002199,0.994743
3,test,price,0,0,0.002079,0.031719
3,test,shipping,0,0,0.002609,0.073246
3,test,smell,0,0,0.002013,0.008927
3,test,stayingpower,0,0,0.000871,0.010288
3,test,texture,0,0,0.000863,0.024
4,test,colour,0,0,0.007597,0.00881
4,test,packing,0,0,0.001593,0.002001
4,test,price,0,0,0.003848,0.004373
4,test,shipping,0,0,0.022307,0.003487
4,test,smell,0,0,0.020639,0.007088
4,test,stayingpower,0,0,0.001871,0.007414
4,test,texture,0,0,0.005804,0.004409
5,test,colour,1,1,0.001443,0.998458
5,test,packing,0,0,0.001476,0.010426
5,test,price,0,0,0.004512,0.021811
5,test,shipping,0,0,0.009608,0.11173
5,test,smell,0,0,0.006401,0.00826
5,test,stayingpower,0,0,0.001666,0.002906
5,test,texture,0,0,0.00269,0.001754
6,test,colour,0,0,0.172796,0.024793
6,test,packing,0,0,0.004021,0.002538
6,test,price,0,0,0.006196,0.008054
6,test,shipping,0,2,0.785239,0.020482
6,test,smell,0,0,0.005392,0.001095
6,test,stayingpower,0,0,0.009946,0.010327
6,test,texture,0,0,0.017021,0.009187
7,test,colour,0,0,0.032502,0.018088
7,test,packing,0,0,0.022151,0.010712
7,test,price,1,1,0.033274,0.952123
7,test,shipping,0,0,0.076784,0.015951
7,test,smell,0,0,0.020775,0.00372
7,test,stayingpower,0,0,0.004146,0.014909
7,test,texture,2,2,0.99072,0.001378
8,test,colour,1,1,0.007518,0.98915
8,test,packing,0,0,0.002144,0.018476
8,test,price,0,0,0.015263,0.047589
8,test,shipping,2,2,0.999365,0.000531
8,test,smell,0,0,0.007789,0.011312
8,test,stayingpower,1,1,0.030261,0.95966
8,test,texture,3,1,0.095357,0.503421
9,test,colour,0,0,0.018623,0.007819
9,test,packing,0,0,0.001881,0.003308
9,test,price,0,0,0.002046,0.003361
9,test,shipping,0,0,0.002331,0.005105
9,test,smell,0,0,0.008872,0.010577
9,test,stayingpower,0,0,0.000684,0.001002
9,test,texture,0,0,0.003984,0.007315
10,test,colour,1,1,0.39285,0.606138
10,test,packing,0,0,0.001139,0.00301
10,test,price,0,0,0.001777,0.025116
10,test,shipping,0,0,0.003949,0.02645
10,test,smell,0,0,0.007599,0.037213
10,test,stayingpower,0,0,0.342244,0.067922
10,test,texture,1,1,0.004324,0.993258
11,test,colour,1,1,0.012696,0.979414
11,test,packing,1,1,0.032189,0.961622
11,test,price,0,0,0.011344,0.040033
11,test,shipping,0,0,0.203153,0.07574
11,test,smell,1,2,0.977026,0.020915
11,test,stayingpower,0,0,0.046542,0.042421
11,test,texture,0,0,0.232492,0.036101
12,test,colour,1,1,0.004158,0.992015
12,test,packing,0,0,0.007484,0.007648
12,test,price,0,0,0.003061,0.026751
12,test,shipping,0,0,0.004887,0.016504
12,test,smell,0,0,0.031527,0.022955
12,test,stayingpower,0,0,0.02939,0.056791
12,test,texture,3,2,0.740425,0.25873
13,test,colour,1,1,0.006258,0.799814
13,test,packing,0,0,0.004739,0.02881
13,test,price,0,0,0.00653,0.075697
13,test,shipping,0,0,0.022558,0.019937
13,test,smell,0,0,0.005485,0.05433
13,test,stayingpower,1,1,0.071774,0.927936
13,test,texture,1,1,0.002733,0.993967
14,test,colour,0,0,0.017,0.069247
14,test,packing,0,0,0.028879,0.197505
14,test,price,0,0,0.004922,0.009843
14,test,shipping,2,2,0.911604,0.088001
14,test,smell,0,0,0.00253,0.006435
14,test,stayingpower,0,0,0.000282,0.001794
14,test,texture,0,0,0.004659,0.022839
15,test,colour,0,1,0.006532,0.654441
15,test,packing,0,0,0.002668,0.063294
15,test,price,0,0,0.001218,0.004175
15,test,shipping,2,0,0.025792,0.07371
15,test,smell,0,0,0.001073,0.005605
15,test,stayingpower,0,0,0.000132,0.001395
15,test,texture,0,0,0.000392,0.007885
16,test,colour,2,2,0.992368,0.001743
16,test,packing,0,0,0.080117,0.012711
16,test,price,0,0,0.012471,0.020079
16,test,shipping,0,0,0.133514,0.062187
16,test,smell,0,0,0.490527,0.014279
16,test,stayingpower,0,0,0.044355,0.00356
16,test,texture,1,1,0.19951,0.774136
17,test,colour,0,0,0.006387,0.01401
17,test,packing,0,0,0.002293,0.00911
17,test,price,0,0,0.002135,0.004578
17,test,shipping,0,0,0.004859,0.004888
17,test,smell,0,0,0.027068,0.034196
17,test,stayingpower,0,0,0.004388,0.004213
17,test,texture,0,0,0.001695,0.003243
18,test,colour,0,0,0.00178,0.005535
18,test,packing,1,1,0.00447,0.994815
18,test,price,0,0,0.005003,0.010874
18,test,shipping,3,1,0.040912,0.79104
18,test,smell,0,0,0.002131,0.004574
18,test,stayingpower,0,0,0.001243,0.005635
18,test,texture,0,0,0.000789,0.002675
19,test,colour,1,1,0.000824,0.998247
19,test,packing,0,0,0.000778,0.002909
19,test,price,0,0,0.003933,0.016197
19,test,shipping,0,0,0.004088,0.024084
19,test,smell,1,1,0.002812,0.992383
19,test,stayingpower,0,0,0.00186,0.005837
19,test,texture,0,0,0.003452,0.014615
20,test,colour,0,0,0.002083,0.077934
20,test,packing,0,0,0.001014,0.011335
20,test,price,0,0,0.002512,0.017576
20,test,shipping,0,0,0.005001,0.012494
20,test,smell,0,0,0.00195,0.004806
20,test,stayingpower,0,0,0.000149,0.00109
20,test,texture,0,0,0.000414,0.006217
21,test,colour,1,2,0.780937,0.218787
21,test,packing,0,0,0.016698,0.013653
21,test,price,0,0,0.011636,0.057492
21,test,shipping,0,0,0.002878,0.03745
21,test,smell,0,0,0.102302,0.011613
21,test,stayingpower,0,2,0.561544,0.030379
21,test,texture,2,2,0.962728,0.024365
22,test,colour,0,0,0.031615,0.101342
22,test,packing,0,0,0.009063,0.007294
22,test,price,0,0,0.011563,0.021165
22,test,shipping,1,1,0.000931,0.998272
22,test,smell,0,0,0.001375,0.002917
22,test,stayingpower,0,0,0.002403,0.003208
22,test,texture,0,0,0.001495,0.006066
23,test,colour,0,0,0.008941,0.017716
23,test,packing,0,0,0.003276,0.006095
23,test,price,0,0,0.00292,0.018168
23,test,shipping,0,0,0.001564,0.017952
23,test,smell,0,0,0.008588,0.006889
23,test,stayingpower,0,0,0.000674,0.001247
23,test,texture,0,0,0.001978,0.003287
24,test,colour,0,0,0.003332,0.04001
24,test,packing,1,1,0.003665,0.993145
24,test,price,0,0,0.000786,0.005759
24,test,shipping,1,0,0.010672,0.335639
24,test,smell,0,0,0.001899,0.003636
24,test,stayingpower,0,0,0.001133,0.001348
24,test,texture,0,0,0.001868,0.015189
25,test,colour,0,1,0.002207,0.993421
25,test,packing,0,0,0.026401,0.096766
25,test,price,1,1,0.001366,0.997044
25,test,shipping,0,0,0.025078,0.009044
25,test,smell,0,0,0.007137,0.009632
25,test,stayingpower,0,0,0.180392,0.402342
25,test,texture,1,1,0.062628,0.936755
26,test,colour,0,0,0.011744,0.022574
26,test,packing,0,0,0.009845,0.046664
26,test,price,0,0,0.004643,0.006941
26,test,shipping,1,1,0.00037,0.998935
26,test,smell,0,0,0.00185,0.002525
26,test,stayingpower,0,0,0.001708,0.004702
26,test,texture,0,0,0.002693,0.007944
27,test,colour,0,0,0.312683,0.006887
27,test,packing,1,2,0.570635,0.369027
27,test,price,1,1,0.079391,0.909267
27,test,shipping,0,0,0.073332,0.142724
27,test,smell,1,2,0.531971,0.467417
27,test,stayingpower,0,0,0.187997,0.008605
27,test,texture,0,2,0.754868,0.029561
28,test,colour,0,0,0.002407,0.03227
28,test,packing,0,0,0.001971,0.016016
28,test,price,0,0,0.00091,0.001693
28,test,shipping,0,0,0.033492,0.067999
28,test,smell,0,0,0.001934,0.005389
28,test,stayingpower,0,0,0.000184,0.001296
28,test,texture,0,0,0.000567,0.003246
29,test,colour,0,0,0.067817,0.044167
29,test,packing,0,0,0.005159,0.006274
29,test,price,0,0,0.003076,0.007183
29,test,shipping,0,0,0.001865,0.026113
29,test,smell,0,0,0.006896,0.005842
29,test,stayingpower,0,0,0.001538,0.000582
29,test,texture,0,0,0.001609,0.001443
30,test,colour,1,1,0.022293,0.977314
30,test,packing,0,0,0.023742,0.028075
30,test,price,1,1,0.015222,0.970506
30,test,shipping,1,1,0.046676,0.814368
30,test,smell,0,0,0.197013,0.023642
30,test,stayingpower,0,0,0.285063,0.083822
30,test,texture,2,2,0.987802,0.003713
31,test,colour,1,1,0.005956,0.990257
31,test,packing,0,0,0.001663,0.006035
31,test,price,0,0,0.002115,0.007314
31,test,shipping,1,1,0.000321,0.992576
31,test,smell,0,0,0.002287,0.005862
31,test,stayingpower,0,0,0.004481,0.006637
31,test,texture,0,0,0.001781,0.003787
32,test,colour,1,1,0.002353,0.996246
32,test,packing,0,0,0.002829,0.017684
32,test,price,1,1,0.002085,0.996865
32,test,shipping,0,0,0.007788,0.025615
32,test,smell,0,0,0.010487,0.018844
32,test,stayingpower,0,0,0.001788,0.013752
32,test,texture,0,0,0.010368,0.012781
33,test,colour,0,0,0.015615,0.076852
33,test,packing,0,0,0.050665,0.047078
33,test,price,0,0,0.013621,0.024233
33,test,shipping,2,2,0.997881,0.001106
33,test,smell,2,2,0.974739,0.022158
33,test,stayingpower,0,0,0.028179,0.048462
33,test,texture,0,0,0.055511,0.15135
34,test,colour,2,2,0.990038,0.009387
34,test,packing,0,0,0.0524,0.040238
34,test,price,0,0,0.009039,0.010924
34,test,shipping,0,0,0.011371,0.015221
34,test,smell,0,0,0.018824,0.001071
34,test,stayingpower,0,0,0.033619,0.003415
34,test,texture,0,0,0.210808,0.008952
35,test,colour,3,1,0.109115,0.881665
35,test,packing,0,0,0.007607,0.005723
35,test,price,0,0,0.006888,0.019687
35,test,shipping,0,0,0.00338,0.003359
35,test,smell,0,0,0.035727,0.014004
35,test,stayingpower,0,2,0.443924,0.234561
35,test,texture,2,2,0.980326,0.019306
36,test,colour,1,1,0.371102,0.627683
36,test,packing,2,1,0.437031,0.546909
36,test,price,0,0,0.018203,0.052017
36,test,shipping,1,1,0.184548,0.806212
36,test,smell,0,0,0.17056,0.007193
36,test,stayingpower,0,0,0.083109,0.007931
36,test,texture,0,0,0.389819,0.016767
37,test,colour,0,0,0.115925,0.031155
37,test,packing,0,0,0.008326,0.00249
37,test,price,0,0,0.049495,0.06405
37,test,shipping,0,0,0.008323,0.008907
37,test,smell,2,2,0.98907,0.005607
37,test,stayingpower,0,0,0.095171,0.054587
37,test,texture,3,2,0.957677,0.02294
38,test,colour,0,0,0.133738,0.005503
38,test,packing,0,0,0.153162,0.033093
38,test,price,0,0,0.009209,0.009742
38,test,shipping,1,1,0.00233,0.995967
38,test,smell,0,0,0.002291,0.000825
38,test,stayingpower,0,0,0.00871,0.001681
38,test,texture,0,0,0.007804,0.004446
39,test,colour,0,0,0.005889,0.02115
39,test,packing,0,0,0.01069,0.048127
39,test,price,1,1,0.004294,0.993548
39,test,shipping,1,1,0.000756,0.995488
39,test,smell,0,0,0.003919,0.008713
39,test,stayingpower,0,0,0.003101,0.00995
39,test,texture,0,0,0.002857,0.021256
40,test,colour,1,1,0.000223,0.999748
40,test,packing,0,0,0.00048,0.007448
40,test,price,0,0,0.000901,0.004331
40,test,shipping,0,0,0.011812,0.356473
40,test,smell,0,0,0.001095,0.008195
40,test,stayingpower,0,0,0.073131,0.121496
40,test,texture,0,0,0.030809,0.147592
41,test,colour,1,1,0.010696,0.988352
41,test,packing,0,0,0.001349,0.00335
41,test,price,0,0,0.002104,0.026276
41,test,shipping,0,0,0.001553,0.006721
41,test,smell,0,0,0.009322,0.023424
41,test,stayingpower,1,1,0.270558,0.726124
41,test,texture,1,1,0.047808,0.914343
42,test,colour,0,0,0.016182,0.022798
42,test,packing,0,0,0.000703,0.00123
42,test,price,0,0,0.002049,0.003631
42,test,shipping,0,0,0.000975,0.003105
42,test,smell,0,0,0.005023,0.004651
42,test,stayingpower,0,0,0.000406,0.001897
42,test,texture,0,0,0.007001,0.018731
43,test,colour,1,1,0.001514,0.997719
43,test,packing,0,0,0.001702,0.01461
43,test,price,1,1,0.010265,0.937335
43,test,shipping,2,2,0.997175,0.001695
43,test,smell,0,0,0.007502,0.012626
43,test,stayingpower,0,0,0.032651,0.131285
43,test,texture,0,0,0.007594,0.029993
44,test,colour,0,2,0.76203,0.018677
44,test,packing,0,0,0.043175,0.001783
44,test,price,1,1,0.055147,0.888863
44,test,shipping,0,0,0.142722,0.010647
44,test,smell,0,0,0.307437,0.002896
44,test,stayingpower,0,0,0.022763,0.004119
44,test,texture,0,2,0.973807,0.004159
45,test,colour,2,1,0.109684,0.88981
45,test,packing,0,0,0.004943,0.009799
45,test,price,0,0,0.003315,0.004553
45,test,shipping,2,2,0.998552,0.000548
45,test,smell,0,0,0.02709,0.003092
45,test,stayingpower,0,0,0.067979,0.078735
45,test,texture,0,0,0.173205,0.024747
46,test,colour,2,1,0.195621,0.802492
46,test,packing,1,1,0.043202,0.949158
46,test,price,1,1,0.010102,0.974271
46,test,shipping,1,1,0.097822,0.886611
46,test,smell,0,0,0.155986,0.082932
46,test,stayingpower,0,0,0.098149,0.155824
46,test,texture,0,2,0.943275,0.018167
47,test,colour,1,1,0.000199,0.999693
47,test,packing,0,0,0.000645,0.003707
47,test,price,0,0,0.002946,0.013905
47,test,shipping,0,0,0.009993,0.035964
47,test,smell,0,0,0.004833,0.01069
47,test,stayingpower,0,0,0.003215,0.00709
47,test,texture,0,0,0.00476,0.012262
48,test,colour,1,1,0.004151,0.99573
48,test,packing,1,1,0.007135,0.986098
48,test,price,0,0,0.001579,0.00961
48,test,shipping,1,1,0.001211,0.996263
48,test,smell,0,0,0.00652,0.007908
48,test,stayingpower,0,0,0.048883,0.030958
48,test,texture,0,0,0.063937,0.040067
49,test,colour,1,1,0.007678,0.987569
49,test,packing,0,0,0.000359,0.000628
49,test,price,0,0,0.000974,0.006985
49,test,shipping,0,0,0.001744,0.014778
49,test,smell,0,0,0.004668,0.021589
49,test,stayingpower,0,0,0.001633,0.005522
49,test,texture,1,1,0.006457,0.979401
50,test,colour,1,1,0.055158,0.942981
50,test,packing,0,0,0.021029,0.006805
50,test,price,0,0,0.024921,0.112986
50,test,shipping,0,0,0.235907,0.016656
50,test,smell,2,2,0.995365,0.003645
50,test,stayingpower,0,0,0.014389,0.027829
50,test,texture,0,2,0.710017,0.082196
51,test,colour,0,0,0.021697,0.01635
51,test,packing,0,0,0.003383,0.006849
51,test,price,0,0,0.001318,0.003311
51,test,shipping,0,0,0.001561,0.010835
51,test,smell,0,0,0.001922,0.004001
51,test,stayingpower,0,0,0.005186,0.020124
51,test,texture,0,0,0.002349,0.002183
52,test,colour,0,0,0.233197,0.005936
52,test,packing,0,0,0.176494,0.035412
52,test,price,2,1,0.050851,0.933468
52,test,shipping,2,0,0.154527,0.41588
52,test,smell,0,0,0.07349,0.005064
52,test,stayingpower,2,2,0.989632,0.006242
52,test,texture,0,2,0.646033,0.052903
53,test,colour,0,0,0.007179,0.004778
53,test,packing,0,0,0.002091,0.001827
53,test,price,0,0,0.005908,0.008969
53,test,shipping,0,0,0.006395,0.000941
53,test,smell,0,0,0.022733,0.009208
53,test,stayingpower,0,0,0.000479,0.005244
53,test,texture,0,0,0.028733,0.032675
54,test,colour,1,0,0.076776,0.431681
54,test,packing,1,1,0.281617,0.584892
54,test,price,1,1,0.034884,0.6634
54,test,shipping,2,2,0.987912,0.006972
54,test,smell,0,0,0.034253,0.00928
54,test,stayingpower,3,2,0.589257,0.3476
54,test,texture,1,2,0.907685,0.091294
55,test,colour,1,1,0.3085,0.68478
55,test,packing,0,0,0.050231,0.042316
55,test,price,1,1,0.004471,0.992693
55,test,shipping,0,0,0.075239,0.081246
55,test,smell,0,0,0.132034,0.067597
55,test,stayingpower,0,2,0.513385,0.085302
55,test,texture,1,2,0.851664,0.147849
56,test,colour,0,0,0.01947,0.035851
56,test,packing,0,0,0.006974,0.026901
56,test,price,0,0,0.005091,0.034293
56,test,shipping,0,0,0.000758,0.002332
56,test,smell,0,0,0.000499,0.000355
56,test,stayingpower,0,0,0.001024,0.00667
56,test,texture,0,0,0.055707,0.224409
57,test,colour,0,0,0.003475,0.012764
57,test,packing,0,0,0.000896,0.003997
57,test,price,0,0,0.001842,0.007888
57,test,shipping,0,0,0.004832,0.150352
57,test,smell,0,0,0.001618,0.003595
57,test,stayingpower,0,0,0.000506,0.001578
57,test,texture,0,0,0.000912,0.004566
58,test,colour,1,1,0.00273,0.994387
58,test,packing,0,0,0.02344,0.217653
58,test,price,1,1,0.011117,0.974156
58,test,shipping,2,2,0.999055,0.000694
58,test,smell,1,1,0.054913,0.927577
58,test,stayingpower,0,0,0.010462,0.062387
58,test,texture,0,0,0.055113,0.19847
59,test,colour,0,0,0.005272,0.001064
59,test,packing,0,0,0.002009,0.004698
59,test,price,0,0,0.003805,0.013998
59,test,shipping,0,0,0.169252,0.070895
59,test,smell,0,0,0.000943,0.000687
59,test,stayingpower,0,0,0.00116,0.005141
59,test,texture,0,0,0.01281,0.091965
60,test,colour,0,0,0.006643,0.060228
60,test,packing,1,1,0.001639,0.997491
60,test,price,0,0,0.001701,0.008325
60,test,shipping,0,0,0.005998,0.051995
60,test,smell,0,0,0.001803,0.002793
60,test,stayingpower,0,0,0.000628,0.004841
60,test,texture,0,0,0.004687,0.047259
61,test,colour,0,0,0.376242,0.010749
61,test,packing,2,2,0.953964,0.037143
61,test,price,0,0,0.100851,0.135719
61,test,shipping,1,2,0.934386,0.050615
61,test,smell,0,0,0.344786,0.01361
61,test,stayingpower,2,2,0.837736,0.043595
61,test,texture,1,2,0.964957,0.00753
62,test,colour,0,0,0.027305,0.053535
62,test,packing,0,0,0.021261,0.017917
62,test,price,0,0,0.008973,0.03443
62,test,shipping,0,0,0.002874,0.041984
62,test,smell,1,1,0.008786,0.990412
62,test,stayingpower,0,0,0.157795,0.07418
62,test,texture,1,1,0.000719,0.999039
63,test,colour,0,0,0.068294,0.014781
63,test,packing,0,0,0.098268,0.022891
63,test,price,1,1,0.024746,0.965998
63,test,shipping,2,2,0.999414,0.000472
63,test,smell,0,0,0.023844,0.004178
63,test,stayingpower,0,0,0.03313,0.021871
63,test,texture,0,0,0.247408,0.104118
64,test,colour,0,0,0.002828,0.005386
64,test,packing,0,0,0.001095,0.001792
64,test,price,0,0,0.004891,0.010266
64,test,shipping,0,0,0.001792,0.003211
64,test,smell,0,0,0.008343,0.004737
64,test,stayingpower,0,0,0.000259,0.001687
64,test,texture,0,0,0.006444,0.010282
65,test,colour,1,0,0.018087,0.280406
65,test,packing,0,0,0.000746,0.001337
65,test,price,0,0,0.000597,0.000814
65,test,shipping,0,0,0.004477,0.010258
65,test,smell,0,0,0.002739,0.003845
65,test,stayingpower,0,0,0.001133,0.002871
65,test,texture,0,0,0.002158,0.021767
66,test,colour,1,1,0.038761,0.900879
66,test,packing,0,0,0.014525,0.014114
66,test,price,0,0,0.01688,0.047685
66,test,shipping,0,0,0.003524,0.009235
66,test,smell,0,0,0.039848,0.015127
66,test,stayingpower,2,1,0.433826,0.482505
66,test,texture,2,2,0.991546,0.008317
67,test,colour,0,0,0.010827,0.010631
67,test,packing,0,0,0.00731,0.017031
67,test,price,0,0,0.005631,0.027333
67,test,shipping,0,0,0.003016,0.005996
67,test,smell,1,1,0.008997,0.966878
67,test,stayingpower,0,0,0.050779,0.071218
67,test,texture,1,1,0.001843,0.994318
68,test,colour,1,1,0.024212,0.975472
68,test,packing,0,0,0.012466,0.018162
68,test,price,0,0,0.014579,0.067784
68,test,shipping,3,1,0.001601,0.997057
68,test,smell,0,0,0.001609,0.001263
68,test,stayingpower,0,0,0.039975,0.016703
68,test,texture,0,0,0.012553,0.015816
69,test,colour,0,0,0.001189,0.002963
69,test,packing,0,0,0.003823,0.020999
69,test,price,0,0,0.004192,0.008661
69,test,shipping,0,0,0.000697,0.016261
69,test,smell,0,0,0.001953,0.002182
69,test,stayingpower,0,0,0.00351,0.005684
69,test,texture,0,0,0.002259,0.0153
70,test,colour,1,1,0.000844,0.999008
70,test,packing,0,0,0.008521,0.120952
70,test,price,0,0,0.017379,0.142974
70,test,shipping,0,0,0.036123,0.037403
70,test,smell,1,1,0.004151,0.995614
70,test,stayingpower,0,0,0.002319,0.025226
70,test,texture,0,0,0.036604,0.039546
71,test,colour,0,0,0.038249,0.00622
71,test,packing,0,0,0.074222,0.011308
71,test,price,0,0,0.017653,0.026471
71,test,shipping,1,1,0.393694,0.483423
71,test,smell,0,0,0.082684,0.010584
71,test,stayingpower,0,2,0.490494,0.081736
71,test,texture,3,2,0.767081,0.231179
72,test,colour,0,0,0.003318,0.005452
72,test,packing,0,0,0.001754,0.007252
72,test,price,0,0,0.002192,0.004958
72,test,shipping,0,0,0.001773,0.008664
72,test,smell,0,0,0.005786,0.015302
72,test,stayingpower,0,0,0.000568,0.002149
72,test,texture,0,0,0.001632,0.018289
73,test,colour,0,0,0.013471,0.022202
73,test,packing,1,1,0.076168,0.540222
73,test,price,0,0,0.00643,0.013676
73,test,shipping,2,2,0.999436,0.000522
73,test,smell,0,0,0.003536,0.001727
73,test,stayingpower,0,0,0.002829,0.005576
73,test,texture,0,0,0.003108,0.034138
74,test,colour,1,1,0.006198,0.992526
74,test,packing,0,0,0.013365,0.082533
74,test,price,1,1,0.014693,0.963842
74,test,shipping,2,2,0.993895,0.00443
74,test,smell,1,1,0.0124,0.977259
74,test,stayingpower,0,0,0.004923,0.017887
74,test,texture,0,0,0.018062,0.065512
75,test,colour,1,1,0.048445,0.938194
75,test,packing,0,0,0.004856,0.013547
75,test,price,1,1,0.00546,0.986722
75,test,shipping,0,0,0.031369,0.018076
75,test,smell,0,0,0.017386,0.006351
75,test,stayingpower,3,2,0.926956,0.072627
75,test,texture,0,0,0.094718,0.132799
76,test,colour,0,0,0.005887,0.001133
76,test,packing,0,0,0.010089,0.020951
76,test,price,0,0,0.002192,0.001988
76,test,shipping,0,0,0.00147,0.005769
76,test,smell,0,0,0.00588,0.00153
76,test,stayingpower,0,0,0.001519,0.001771
76,test,texture,0,0,0.022085,0.006989
77,test,colour,0,0,0.003117,0.013471
77,test,packing,0,0,0.0005,0.002364
77,test,price,0,0,0.002824,0.013357
77,test,shipping,0,0,0.006581,0.006878
77,test,smell,0,0,0.001607,0.003294
77,test,stayingpower,0,0,0.001047,0.033248
77,test,texture,0,0,0.01444,0.327271
78,test,colour,1,1,0.004124,0.989108
78,test,packing,0,0,0.007173,0.026653
78,test,price,0,0,0.003406,0.017377
78,test,shipping,1,1,0.000434,0.998885
78,test,smell,1,1,0.156152,0.833036
78,test,stayingpower,0,0,0.007722,0.02024
78,test,texture,0,0,0.004235,0.0447
79,test,colour,3,2,0.781828,0.209535
79,test,packing,0,0,0.007028,0.018678
79,test,price,0,0,0.010781,0.069215
79,test,shipping,0,0,0.005811,0.019448
79,test,smell,0,0,0.01714,0.005147
79,test,stayingpower,2,2,0.994738,0.005034
79,test,texture,0,2,0.427196,0.287554
80,test,colour,1,1,0.000513,0.998628
80,test,packing,0,0,0.000756,0.002882
80,test,price,0,0,0.001957,0.005647
80,test,shipping,0,0,0.002223,0.019534
80,test,smell,0,0,0.002024,0.004062
80,test,stayingpower,0,0,0.002749,0.005668
80,test,texture,0,0,0.002641,0.01722
81,test,colour,1,1,0.000265,0.999399
81,test,packing,0,0,0.000417,0.002885
81,test,price,0,0,0.002054,0.018707
81,test,shipping,0,0,0.001618,0.004282
81,test,smell,0,0,0.003563,0.017523
81,test,stayingpower,0,0,0.003709,0.031223
81,test,texture,0,0,0.008594,0.211128
82,test,colour,0,0,0.004972,0.020453
82,test,packing,1,1,0.001764,0.997994
82,test,price,0,0,0.003232,0.01131
82,test,shipping,0,1,0.002755,0.836615
82,test,smell,0,0,0.003087,0.004854
82,test,stayingpower,0,0,0.001396,0.002872
82,test,texture,0,0,0.003595,0.018635
83,test,colour,0,0,0.002575,0.003445
83,test,packing,0,0,0.004949,0.006627
83,test,price,0,0,0.005654,0.118718
83,test,shipping,0,0,0.029538,0.012505
83,test,smell,0,0,0.002738,0.000687
83,test,stayingpower,0,0,0.009626,0.032745
83,test,texture,0,0,0.003992,0.004249
84,test,colour,0,0,0.002375,0.007364
84,test,packing,1,1,0.002985,0.995815
84,test,price,0,0,0.005851,0.026217
84,test,shipping,0,0,0.012812,0.041478
84,test,smell,0,0,0.003184,0.003929
84,test,stayingpower,0,0,0.000303,0.002172
84,test,texture,0,0,0.004621,0.029183
85,test,colour,0,0,0.020909,0.194004
85,test,packing,0,0,0.005788,0.009797
85,test,price,1,1,0.002805,0.995299
85,test,shipping,1,1,0.007989,0.989083
85,test,smell,0,0,0.002913,0.005529
85,test,stayingpower,0,0,0.005112,0.01038
85,test,texture,0,0,0.028125,0.07528
86,test,colour,0,0,0.007306,0.029289
86,test,packing,0,0,0.007247,0.039733
86,test,price,1,1,0.006604,0.983763
86,test,shipping,0,0,0.002267,0.007724
86,test,smell,1,1,0.004553,0.990761
86,test,stayingpower,0,0,0.002043,0.024131
86,test,texture,1,1,0.003085,0.947593
87,test,colour,0,0,0.092796,0.202836
87,test,packing,0,0,0.046937,0.188488
87,test,price,0,0,0.009202,0.011701
87,test,shipping,2,2,0.967408,0.032371
87,test,smell,1,1,0.006468,0.992229
87,test,stayingpower,1,1,0.283628,0.48698
87,test,texture,0,1,0.013028,0.976649
88,test,colour,2,2,0.991252,0.004449
88,test,packing,0,0,0.03433,0.078607
88,test,price,0,0,0.010595,0.063652
88,test,shipping,0,0,0.106661,0.047041
88,test,smell,2,1,0.113924,0.87967
88,test,stayingpower,2,2,0.666518,0.312395
88,test,texture,1,1,0.250584,0.709475
89,test,colour,0,1,0.003525,0.713785
89,test,packing,0,0,0.003031,0.018837
89,test,price,0,0,0.002025,0.015775
89,test,shipping,0,0,0.010747,0.005746
89,test,smell,0,0,0.001434,0.006653
89,test,stayingpower,1,1,0.021049,0.972303
89,test,texture,1,1,0.016114,0.980092
90,test,colour,0,0,0.007633,0.012377
90,test,packing,0,0,0.003388,0.0388
90,test,price,0,0,0.001191,0.003304
90,test,shipping,0,0,0.000643,0.008007
90,test,smell,0,0,0.001806,0.000636
90,test,stayingpower,0,0,0.002442,0.00433
90,test,texture,0,0,0.002854,0.005353
91,test,colour,0,0,0.009033,0.003925
91,test,packing,0,0,0.00149,0.002333
91,test,price,0,0,0.004433,0.009269
91,test,shipping,0,0,0.017639,0.014446
91,test,smell,0,0,0.001694,0.000308
91,test,stayingpower,0,0,0.02348,0.046016
91,test,texture,0,0,0.011002,0.009645
92,test,colour,1,1,0.001485,0.994367
92,test,packing,0,0,0.001528,0.006383
92,test,price,0,0,0.002233,0.040014
92,test,shipping,0,0,0.001063,0.006161
92,test,smell,0,0,0.001972,0.025477
92,test,stayingpower,0,0,0.014862,0.068673
92,test,texture,1,1,0.000832,0.997757
93,test,colour,1,1,0.009397,0.985083
93,test,packing,0,0,0.001493,0.005578
93,test,price,0,0,0.002236,0.009073
93,test,shipping,0,0,0.000823,0.003062
93,test,smell,1,1,0.000967,0.99723
93,test,stayingpower,0,0,0.02926,0.093942
93,test,texture,1,1,0.073231,0.889851
94,test,colour,1,2,0.958078,0.041387
94,test,packing,0,0,0.006882,0.006692
94,test,price,0,0,0.002755,0.002199
94,test,shipping,0,0,0.002972,0.026766
94,test,smell,0,0,0.022416,0.004268
94,test,stayingpower,0,0,0.029544,0.005662
94,test,texture,0,0,0.020665,0.00969
95,test,colour,3,2,0.829461,0.16978
95,test,packing,0,0,0.006333,0.014912
95,test,price,1,1,0.038968,0.680492
95,test,shipping,0,0,0.022566,0.096181
95,test,smell,0,0,0.00637,0.004714
95,test,stayingpower,0,0,0.012836,0.021445
95,test,texture,0,0,0.009944,0.015835
96,test,colour,0,0,0.007813,0.051115
96,test,packing,0,0,0.000554,0.001849
96,test,price,0,0,0.00099,0.001126
96,test,shipping,0,0,0.002104,0.015063
96,test,smell,0,0,0.003597,0.020658
96,test,stayingpower,0,0,0.00057,0.00255
96,test,texture,0,0,0.001352,0.007595
97,test,colour,0,0,0.005219,0.006609
97,test,packing,1,1,0.004996,0.99467
97,test,price,0,0,0.005559,0.017933
97,test,shipping,1,1,0.003102,0.993975
97,test,smell,0,0,0.002903,0.003094
97,test,stayingpower,0,0,0.001002,0.001276
97,test,texture,0,0,0.003832,0.013824
98,test,colour,0,0,0.010047,0.009164
98,test,packing,1,1,0.065404,0.930426
98,test,price,0,0,0.008005,0.01221
98,test,shipping,1,1,0.000378,0.999145
98,test,smell,0,0,0.006574,0.014368
98,test,stayingpower,0,0,0.006898,0.00564
98,test,texture,0,0,0.012427,0.027725
99,test,colour,0,0,0.001603,0.075878
99,test,packing,0,0,0.007508,0.011107
99,test,price,1,1,0.001673,0.996682
99,test,shipping,0,0,0.043684,0.023454
99,test,smell,0,0,0.006443,0.026866
99,test,stayingpower,1,1,0.095806,0.866436
99,test,texture,1,1,0.002229,0.950897
100,test,colour,0,0,0.004263,0.274352
100,test,packing,0,0,0.004706,0.059858
100,test,price,1,1,0.001904,0.995196
100,test,shipping,0,0,0.007201,0.064124
100,test,smell,0,0,0.003235,0.00939
100,test,stayingpower,0,0,0.00025,0.000996
100,test,texture,0,0,0.00125,0.0204
101,test,colour,0,0,0.02468,0.167948
101,test,packing,0,0,0.016422,0.260237
101,test,price,0,0,0.008372,0.05851
101,test,shipping,1,1,0.002143,0.997392
101,test,smell,1,1,0.002305,0.964752
101,test,stayingpower,1,1,0.03055,0.887767
101,test,texture,1,1,0.002981,0.956937
102,test,colour,0,0,0.003165,0.01446
102,test,packing,0,0,0.00087,0.00258
102,test,price,0,0,0.003225,0.005664
102,test,shipping,0,0,0.003104,0.013966
102,test,smell,0,0,0.00192,0.003389
102,test,stayingpower,0,0,0.000344,0.002473
102,test,texture,0,0,0.001545,0.002132
103,test,colour,1,1,0.145496,0.813841
103,test,packing,1,1,0.047425,0.947764
103,test,price,0,0,0.002887,0.011547
103,test,shipping,1,1,0.017632,0.981453
103,test,smell,1,1,0.014076,0.915525
103,test,stayingpower,0,0,0.306004,0.167082
103,test,texture,1,1,0.001197,0.997295
104,test,colour,2,2,0.947511,0.027145
104,test,packing,0,2,0.595947,0.070843
104,test,price,0,0,0.03919,0.084583
104,test,shipping,0,0,0.245257,0.097409
104,test,smell,0,0,0.0701,0.000575
104,test,stayingpower,0,0,0.354566,0.011913
104,test,texture,1,2,0.978363,0.008054
105,test,colour,0,0,0.002597,0.067645
105,test,packing,0,0,0.000815,0.009264
105,test,price,0,0,0.001178,0.002733
105,test,shipping,0,0,0.00547,0.01775
105,test,smell,0,0,0.001045,0.003047
105,test,stayingpower,0,0,0.000303,0.002032
105,test,texture,0,0,0.000681,0.004248
106,test,colour,1,1,0.001671,0.997983
106,test,packing,1,1,0.002453,0.993608
106,test,price,0,0,0.001108,0.005169
106,test,shipping,1,1,0.000213,0.997825
106,test,smell,0,0,0.007007,0.070962
106,test,stayingpower,0,0,0.007762,0.039236
106,test,texture,0,0,0.014081,0.049764
107,test,colour,1,1,0.000795,0.998592
107,test,packing,0,0,0.001829,0.025005
107,test,price,0,0,0.004081,0.008579
107,test,shipping,2,2,0.996274,0.002761
107,test,smell,0,0,0.007733,0.014221
107,test,stayingpower,0,0,0.005603,0.037516
107,test,texture,0,0,0.004711,0.011058
108,test,colour,1,1,0.002864,0.996891
108,test,packing,0,0,0.038312,0.161671
108,test,price,0,0,0.010274,0.134484
108,test,shipping,0,0,0.020757,0.027411
108,test,smell,0,0,0.00589,0.000876
108,test,stayingpower,0,0,0.057085,0.028619
108,test,texture,0,0,0.484589,0.028018
109,test,colour,0,0,0.003686,0.01504
109,test,packing,0,0,0.00127,0.004988
109,test,price,0,0,0.001554,0.004198
109,test,shipping,0,0,0.012062,0.023396
109,test,smell,0,0,0.00396,0.004591
109,test,stayingpower,0,0,0.000726,0.003874
109,test,texture,0,0,0.002732,0.005119
110,test,colour,1,1,0.000609,0.998918
110,test,packing,0,0,0.014838,0.143716
110,test,price,1,1,0.007908,0.968203
110,test,shipping,2,2,0.993536,0.005519
110,test,smell,1,1,0.055091,0.862444
110,test,stayingpower,0,0,0.030863,0.136191
110,test,texture,1,1,0.005691,0.987196
111,test,colour,0,0,0.053519,0.033362
111,test,packing,0,0,0.006811,0.002664
111,test,price,0,0,0.036133,0.074403
111,test,shipping,0,0,0.001686,0.003053
111,test,smell,2,2,0.988417,0.007039
111,test,stayingpower,0,0,0.020758,0.006444
111,test,texture,0,0,0.184288,0.063188
112,test,colour,0,0,0.00066,0.013041
112,test,packing,0,0,0.004334,0.055644
112,test,price,0,0,0.002692,0.020764
112,test,shipping,0,0,0.007421,0.04483
112,test,smell,0,0,0.001998,0.004895
112,test,stayingpower,0,0,0.000104,0.001564
112,test,texture,0,0,0.000299,0.003073
113,test,colour,1,1,0.000222,0.998753
113,test,packing,0,0,0.000399,0.00122
113,test,price,0,0,0.000844,0.009742
113,test,shipping,0,0,0.001109,0.006853
113,test,smell,0,0,0.004508,0.057274
113,test,stayingpower,0,0,0.035972,0.126122
113,test,texture,1,1,0.004107,0.977238
114,test,colour,0,0,0.001603,0.015694
114,test,packing,0,0,0.00048,0.002481
114,test,price,0,0,0.001805,0.007395
114,test,shipping,0,0,0.000661,0.016364
114,test,smell,0,0,0.002691,0.01197
114,test,stayingpower,0,0,0.002537,0.017338
114,test,texture,0,0,0.004017,0.040512
115,test,colour,0,1,0.009036,0.929397
115,test,packing,0,0,0.002479,0.032758
115,test,price,0,0,0.000966,0.000573
115,test,shipping,3,1,0.066143,0.657568
115,test,smell,0,0,0.001085,0.000813
115,test,stayingpower,0,0,0.00044,0.002563
115,test,texture,0,0,0.001696,0.002435
116,test,colour,0,0,0.023718,0.03321
116,test,packing,0,0,0.002799,0.016008
116,test,price,0,0,0.001044,0.003108
116,test,shipping,0,0,0.003298,0.01749
116,test,smell,0,0,0.006844,0.007757
116,test,stayingpower,0,0,0.003016,0.002544
116,test,texture,0,0,0.000592,0.001835
117,test,colour,3,2,0.971298,0.019567
117,test,packing,0,0,0.033962,0.031768
117,test,price,0,0,0.01144,0.035754
117,test,shipping,0,0,0.00677,0.021021
117,test,smell,1,1,0.008324,0.991425
117,test,stayingpower,0,0,0.025466,0.007345
117,test,texture,1,1,0.006191,0.988123
118,test,colour,1,1,0.154508,0.832012
118,test,packing,0,0,0.004451,0.004411
118,test,price,0,0,0.014856,0.030553
118,test,shipping,0,0,0.031223,0.014822
118,test,smell,1,1,0.008769,0.991172
118,test,stayingpower,0,0,0.010306,0.008144
118,test,texture,0,0,0.034858,0.023203
119,test,colour,0,0,0.007333,0.015365
119,test,packing,0,0,0.001852,0.004085
119,test,price,0,0,0.004719,0.010351
119,test,shipping,1,1,0.000544,0.99291
119,test,smell,0,0,0.002294,0.008839
119,test,stayingpower,0,0,0.002276,0.003904
119,test,texture,0,0,0.000713,0.005864
120,test,colour,0,0,0.038386,0.002643
120,test,packing,0,0,0.00536,0.003678
120,test,price,0,0,0.001769,0.00289
120,test,shipping,0,0,0.048676,0.030932
120,test,smell,0,0,0.02325,0.006831
120,test,stayingpower,0,0,0.001006,0.000978
120,test,texture,0,0,0.001471,0.002698
121,test,colour,0,0,0.003346,0.0333
121,test,packing,1,1,0.001742,0.996683
121,test,price,0,0,0.002916,0.020856
121,test,shipping,0,0,0.002729,0.034158
121,test,smell,0,0,0.002359,0.004914
121,test,stayingpower,0,0,0.001156,0.004744
121,test,texture,0,0,0.001563,0.012438
122,test,colour,1,1,0.002581,0.991691
122,test,packing,0,0,0.001645,0.0057
122,test,price,0,0,0.005898,0.268628
122,test,shipping,0,0,0.000666,0.002849
122,test,smell,0,0,0.001911,0.012951
122,test,stayingpower,0,0,0.02543,0.059682
122,test,texture,1,1,0.000907,0.998346
123,test,colour,0,0,0.007517,0.010165
123,test,packing,1,1,0.045003,0.906985
123,test,price,1,1,0.003883,0.992825
123,test,shipping,1,1,0.001395,0.995482
123,test,smell,0,0,0.003298,0.006588
123,test,stayingpower,0,0,0.000557,0.002818
123,test,texture,0,0,0.005486,0.013638
124,test,colour,3,1,0.055388,0.817037
124,test,packing,1,1,0.002214,0.996923
124,test,price,0,0,0.002971,0.005424
124,test,shipping,0,0,0.006375,0.024174
124,test,smell,0,0,0.016176,0.007439
124,test,stayingpower,0,0,0.005065,0.008059
124,test,texture,0,0,0.009542,0.008382
125,test,colour,0,2,0.605626,0.008224
125,test,packing,0,0,0.049577,0.022552
125,test,price,0,0,0.009974,0.009625
125,test,shipping,0,0,0.044867,0.003458
125,test,smell,1,1,0.208363,0.785613
125,test,stayingpower,3,0,0.291731,0.235421
125,test,texture,2,2,0.874164,0.099801
126,test,colour,1,1,0.000607,0.99772
126,test,packing,0,0,0.001865,0.029751
126,test,price,0,0,0.008575,0.030468
126,test,shipping,2,2,0.996739,0.002733
126,test,smell,0,0,0.012497,0.029802
126,test,stayingpower,0,0,0.005717,0.030526
126,test,texture,0,0,0.002103,0.016089
127,test,colour,0,0,0.00346,0.00479
127,test,packing,0,0,0.001695,0.00403
127,test,price,0,0,0.003473,0.005036
127,test,shipping,0,0,0.003489,0.016979
127,test,smell,0,0,0.003863,0.002941
127,test,stayingpower,0,0,0.00043,0.001569
127,test,texture,0,0,0.001363,0.001553
128,test,colour,0,0,0.003505,0.002377
128,test,packing,0,0,0.001961,0.002856
128,test,price,0,0,0.00901,0.10048
128,test,shipping,0,0,0.024054,0.00785
128,test,smell,0,0,0.001073,0.000708
128,test,stayingpower,0,0,0.000944,0.01091
128,test,texture,0,0,0.024322,0.078857
129,test,colour,0,1,0.007637,0.63877
129,test,packing,0,0,0.000354,0.00244
129,test,price,1,1,0.014871,0.780339
129,test,shipping,0,0,0.003116,0.009546
129,test,smell,0,0,0.00121,0.17836
129,test,stayingpower,0,0,0.004623,0.066219
129,test,texture,0,0,0.004565,0.494258
130,test,colour,3,2,0.961337,0.03623
130,test,packing,0,0,0.009619,0.006727
130,test,price,1,1,0.003816,0.995415
130,test,shipping,0,0,0.007793,0.014908
130,test,smell,0,0,0.103467,0.011874
130,test,stayingpower,0,0,0.254091,0.006816
130,test,texture,0,2,0.496888,0.293395
131,test,colour,1,1,0.000256,0.998977
131,test,packing,0,0,0.005926,0.208592
131,test,price,0,0,0.001694,0.011329
131,test,shipping,1,1,0.00093,0.99658
131,test,smell,0,0,0.001071,0.007071
131,test,stayingpower,0,0,0.002126,0.013392
131,test,texture,0,0,0.002012,0.048892
132,test,colour,1,1,0.020378,0.977781
132,test,packing,0,0,0.004705,0.006283
132,test,price,1,1,0.005228,0.988347
132,test,shipping,0,0,0.030422,0.063603
132,test,smell,0,0,0.056485,0.014631
132,test,stayingpower,2,2,0.994413,0.004963
132,test,texture,0,0,0.167281,0.302783
133,test,colour,0,0,0.010562,0.324201
133,test,packing,0,0,0.002487,0.02719
133,test,price,0,0,0.007766,0.030501
133,test,shipping,2,2,0.992664,0.005797
133,test,smell,0,0,0.000859,0.002253
133,test,stayingpower,0,0,0.001623,0.020262
133,test,texture,0,0,0.000447,0.002525
134,test,colour,0,0,0.002277,0.001674
134,test,packing,0,0,0.003145,0.002392
134,test,price,1,1,0.022034,0.948424
134,test,shipping,0,0,0.003268,0.003205
134,test,smell,0,0,0.008092,0.004902
134,test,stayingpower,0,0,0.000443,0.002721
134,test,texture,0,0,0.048556,0.011743
135,test,colour,1,1,0.000161,0.99971
135,test,packing,0,0,0.000964,0.008478
135,test,price,0,0,0.002451,0.030988
135,test,shipping,0,0,0.001724,0.014734
135,test,smell,0,0,0.006347,0.030275
135,test,stayingpower,0,0,0.003093,0.008117
135,test,texture,0,1,0.010698,0.645544
136,test,colour,0,0,0.013399,0.048801
136,test,packing,0,0,0.000926,0.001695
136,test,price,0,0,0.003202,0.008111
136,test,shipping,0,0,0.009159,0.015856
136,test,smell,0,0,0.011959,0.019999
136,test,stayingpower,0,0,0.001575,0.00277
136,test,texture,0,0,0.003711,0.01256
137,test,colour,1,1,0.002232,0.988809
137,test,packing,1,1,0.003257,0.994355
137,test,price,1,1,0.001841,0.996517
137,test,shipping,0,0,0.064052,0.073429
137,test,smell,0,0,0.017659,0.011047
137,test,stayingpower,0,0,0.006519,0.033012
137,test,texture,0,0,0.092199,0.068436
138,test,colour,0,0,0.00324,0.013229
138,test,packing,0,0,0.00301,0.011671
138,test,price,1,1,0.0067,0.987418
138,test,shipping,0,0,0.002177,0.012354
138,test,smell,0,0,0.01315,0.014493
138,test,stayingpower,0,0,0.000229,0.001404
138,test,texture,0,0,0.004616,0.004112
139,test,colour,0,0,0.018455,0.225431
139,test,packing,0,0,0.012664,0.039426
139,test,price,0,0,0.009865,0.046934
139,test,shipping,2,2,0.998074,0.001368
139,test,smell,0,0,0.009648,0.02037
139,test,stayingpower,1,1,0.296779,0.541171
139,test,texture,1,1,0.003985,0.995522
140,test,colour,0,0,0.028721,0.168097
140,test,packing,0,0,0.0437,0.071369
140,test,price,0,0,0.006773,0.015574
140,test,shipping,1,1,0.000441,0.998958
140,test,smell,1,1,0.003413,0.992495
140,test,stayingpower,0,0,0.082855,0.057513
140,test,texture,1,1,0.001117,0.993088
141,test,colour,1,1,0.000677,0.994169
141,test,packing,1,1,0.011622,0.936197
141,test,price,1,1,0.002364,0.987987
141,test,shipping,1,1,0.00405,0.990524
141,test,smell,0,0,0.002416,0.020389
141,test,stayingpower,0,0,0.126586,0.339252
141,test,texture,1,1,0.012084,0.982833
142,test,colour,1,1,0.000391,0.998517
142,test,packing,1,1,0.0021,0.989813
142,test,price,0,0,0.004223,0.082881
142,test,shipping,1,1,0.000418,0.995955
142,test,smell,0,0,0.006121,0.033272
142,test,stayingpower,0,0,0.001264,0.005085
142,test,texture,0,0,0.00152,0.009698
143,test,colour,0,0,0.064401,0.205055
143,test,packing,0,0,0.010267,0.004478
143,test,price,1,1,0.017554,0.964187
143,test,shipping,0,0,0.009009,0.009585
143,test,smell,0,0,0.061379,0.042929
143,test,stayingpower,1,1,0.405549,0.522321
143,test,texture,2,2,0.915361,0.084472
144,test,colour,1,1,0.059294,0.934649
144,test,packing,0,0,0.022369,0.021184
144,test,price,0,0,0.020828,0.02317
144,test,shipping,0,0,0.07742,0.017459
144,test,smell,1,2,0.597511,0.402428
144,test,stayingpower,0,0,0.026427,0.014715
144,test,texture,0,0,0.246948,0.037776
145,test,colour,0,0,0.0078,0.028639
145,test,packing,0,0,0.007788,0.007208
145,test,price,1,1,0.004328,0.994576
145,test,shipping,0,0,0.005959,0.025874
145,test,smell,1,1,0.011019,0.988219
145,test,stayingpower,0,0,0.002012,0.00823
145,test,texture,0,0,0.020084,0.137062
146,test,colour,1,1,0.000425,0.997943
146,test,packing,0,0,0.002063,0.046428
146,test,price,1,1,0.002589,0.995747
146,test,shipping,0,0,0.04175,0.106221
146,test,smell,0,0,0.003888,0.030945
146,test,stayingpower,0,0,0.000967,0.020157
146,test,texture,0,0,0.007548,0.08623
147,test,colour,0,0,0.003505,0.054126
147,test,packing,1,1,0.006325,0.991985
147,test,price,0,0,0.011493,0.029641
147,test,shipping,0,0,0.049655,0.13739
147,test,smell,1,1,0.463719,0.522966
147,test,stayingpower,0,0,0.005381,0.009709
147,test,texture,0,0,0.002451,0.06337
148,test,colour,0,0,0.002503,0.003619
148,test,packing,1,1,0.009975,0.976634
148,test,price,0,0,0.002448,0.003487
148,test,shipping,1,0,0.00645,0.225017
148,test,smell,0,0,0.003162,0.003015
148,test,stayingpower,0,0,0.000233,0.001374
148,test,texture,0,0,0.001029,0.001361
149,test,colour,2,2,0.986082,0.010857
149,test,packing,0,0,0.250938,0.043252
149,test,price,0,0,0.010885,0.008864
149,test,shipping,1,1,0.187068,0.808583
149,test,smell,0,0,0.026153,0.002233
149,test,stayingpower,0,0,0.120314,0.0288
149,test,texture,0,0,0.187355,0.011368
150,test,colour,0,1,0.001585,0.997955
150,test,packing,0,0,0.000589,0.002702
150,test,price,0,0,0.001921,0.005224
150,test,shipping,0,0,0.002994,0.01645
150,test,smell,0,0,0.002067,0.00697
150,test,stayingpower,0,0,0.001656,0.012643
150,test,texture,0,0,0.00336,0.005664
151,test,colour,0,0,0.165456,0.32117
151,test,packing,0,0,0.006041,0.018498
151,test,price,0,0,0.000625,0.003555
151,test,shipping,1,0,0.008102,0.01117
151,test,smell,0,0,0.001015,0.000453
151,test,stayingpower,1,1,0.206818,0.663173
151,test,texture,0,2,0.529792,0.330236
152,test,colour,0,0,0.005012,0.178959
152,test,packing,1,1,0.002311,0.993961
152,test,price,0,0,0.005072,0.023633
152,test,shipping,1,1,0.000227,0.999239
152,test,smell,0,0,0.001408,0.006392
152,test,stayingpower,0,0,0.000641,0.004209
152,test,texture,0,0,0.000626,0.005411
153,test,colour,1,2,0.505583,0.485735
153,test,packing,0,0,0.003263,0.005906
153,test,price,0,0,0.00304,0.014763
153,test,shipping,0,0,0.026711,0.007478
153,test,smell,0,0,0.028477,0.026695
153,test,stayingpower,0,0,0.012469,0.010578
153,test,texture,1,1,0.027549,0.970952
154,test,colour,1,1,0.000643,0.999203
154,test,packing,0,0,0.002651,0.049233
154,test,price,2,1,0.002815,0.988042
154,test,shipping,1,1,0.001874,0.972967
154,test,smell,0,0,0.003308,0.007719
154,test,stayingpower,0,0,0.007306,0.020812
154,test,texture,0,0,0.019512,0.131782
155,test,colour,1,1,0.355246,0.616056
155,test,packing,1,1,0.010845,0.982719
155,test,price,0,0,0.010335,0.181747
155,test,shipping,1,2,0.945496,0.031952
155,test,smell,1,1,0.03598,0.960056
155,test,stayingpower,1,1,0.227278,0.76546
155,test,texture,3,1,0.170954,0.709624
156,test,colour,1,1,0.0128,0.987148
156,test,packing,0,0,0.002324,0.005947
156,test,price,1,1,0.002993,0.994062
156,test,shipping,0,0,0.013653,0.016669
156,test,smell,0,0,0.040962,0.046733
156,test,stayingpower,0,0,0.023035,0.045544
156,test,texture,0,0,0.121051,0.044551
157,test,colour,1,1,0.030031,0.967138
157,test,packing,0,0,0.0065,0.005279
157,test,price,0,0,0.004919,0.012567
157,test,shipping,0,0,0.004663,0.009229
157,test,smell,1,1,0.013605,0.985542
157,test,stayingpower,2,2,0.986382,0.010106
157,test,texture,0,0,0.364306,0.259851
158,test,colour,1,1,0.000447,0.998703
158,test,packing,0,0,0.001426,0.005277
158,test,price,0,0,0.001335,0.010263
158,test,shipping,0,0,0.001271,0.005908
158,test,smell,1,1,0.001024,0.995204
158,test,stayingpower,0,0,0.017656,0.066367
158,test,texture,1,1,0.005576,0.94637
159,test,colour,1,1,0.000254,0.99945
159,test,packing,0,0,0.0008,0.021695
159,test,price,0,0,0.000742,0.006159
159,test,shipping,1,1,0.026342,0.898016
159,test,smell,0,0,0.000651,0.005711
159,test,stayingpower,3,1,0.011644,0.589458
159,test,texture,2,1,0.096603,0.617663
160,test,colour,1,1,0.000617,0.999084
160,test,packing,0,0,0.002369,0.012277
160,test,price,0,0,0.001519,0.029328
160,test,shipping,0,0,0.00129,0.008287
160,test,smell,0,0,0.003903,0.041819
160,test,stayingpower,0,0,0.01798,0.032314
160,test,texture,1,1,0.001075,0.994105
161,test,colour,1,1,0.207929,0.790689
161,test,packing,0,0,0.003281,0.005428
161,test,price,0,0,0.002813,0.008277
161,test,shipping,0,0,0.001791,0.010394
161,test,smell,1,2,0.790897,0.202736
161,test,stayingpower,0,0,0.004306,0.004505
161,test,texture,0,0,0.031628,0.164145
162,test,colour,0,0,0.005693,0.010543
162,test,packing,0,0,0.002657,0.009049
162,test,price,0,0,0.00207,0.003437
162,test,shipping,0,0,0.005488,0.020313
162,test,smell,0,0,0.003076,0.00259
162,test,stayingpower,0,0,0.000338,0.001511
162,test,texture,0,0,0.002011,0.001505
163,test,colour,0,0,0.07544,0.024941
163,test,packing,0,0,0.005602,0.002583
163,test,price,0,0,0.013576,0.029457
163,test,shipping,0,0,0.019386,0.0142
163,test,smell,0,0,0.001969,0.000154
163,test,stayingpower,0,0,0.011273,0.006441
163,test,texture,0,0,0.080954,0.055552
164,test,colour,0,0,0.008994,0.151863
164,test,packing,0,0,0.000978,0.001335
164,test,price,0,0,0.002452,0.005212
164,test,shipping,0,0,0.0035,0.003642
164,test,smell,0,0,0.007607,0.013244
164,test,stayingpower,0,0,0.00131,0.003209
164,test,texture,0,0,0.003111,0.014683
165,test,colour,0,0,0.003981,0.002334
165,test,packing,0,0,0.005507,0.007935
165,test,price,0,0,0.002762,0.004289
165,test,shipping,0,0,0.004957,0.00618
165,test,smell,0,0,0.034394,0.014111
165,test,stayingpower,0,0,0.000544,0.000537
165,test,texture,0,0,0.005417,0.006062
166,test,colour,0,0,0.002683,0.02677
166,test,packing,0,0,0.001939,0.007766
166,test,price,0,0,0.003896,0.01281
166,test,shipping,0,0,0.000419,0.004989
166,test,smell,0,0,0.00093,0.002344
166,test,stayingpower,0,0,0.000806,0.002943
166,test,texture,0,0,0.004643,0.063946
167,test,colour,0,0,0.002555,0.014983
167,test,packing,0,0,0.02857,0.201914
167,test,price,1,1,0.003937,0.994749
167,test,shipping,1,1,0.075155,0.919002
167,test,smell,1,1,0.003702,0.959482
167,test,stayingpower,0,0,0.03914,0.243507
167,test,texture,1,1,0.02287,0.503266
168,test,colour,1,1,0.047956,0.946041
168,test,packing,1,1,0.055517,0.813886
168,test,price,0,0,0.014001,0.055763
168,test,shipping,0,0,0.094935,0.025825
168,test,smell,2,2,0.992276,0.006418
168,test,stayingpower,0,0,0.009339,0.017887
168,test,texture,0,0,0.114761,0.038814
169,test,colour,1,1,0.000704,0.998044
169,test,packing,0,0,0.000568,0.004197
169,test,price,0,0,0.001386,0.006804
169,test,shipping,0,0,0.022465,0.04167
169,test,smell,0,0,0.007461,0.010118
169,test,stayingpower,0,0,0.000695,0.005418
169,test,texture,0,0,0.002279,0.006846
170,test,colour,0,0,0.00323,0.069661
170,test,packing,0,0,0.000561,0.001294
170,test,price,0,0,0.001495,0.003338
170,test,shipping,0,0,0.001913,0.010918
170,test,smell,0,0,0.002649,0.011715
170,test,stayingpower,0,0,0.000442,0.001399
170,test,texture,0,0,0.001646,0.00953
171,test,colour,0,0,0.011344,0.012102
171,test,packing,0,0,0.002453,0.00372
171,test,price,0,0,0.002083,0.002063
171,test,shipping,0,0,0.007436,0.013444
171,test,smell,0,0,0.006915,0.007695
171,test,stayingpower,0,0,0.000687,0.000828
171,test,texture,0,0,0.00126,0.003174
172,test,colour,1,1,0.000355,0.999419
172,test,packing,0,0,0.002044,0.010968
172,test,price,0,0,0.002131,0.006257
172,test,shipping,0,0,0.005094,0.021536
172,test,smell,1,1,0.016771,0.977754
172,test,stayingpower,0,0,0.001725,0.005504
172,test,texture,0,0,0.004599,0.031588
173,test,colour,0,0,0.09172,0.006953
173,test,packing,0,0,0.024597,0.013352
173,test,price,0,0,0.019262,0.045851
173,test,shipping,0,0,0.152814,0.006601
173,test,smell,1,1,0.167683,0.72331
173,test,stayingpower,3,2,0.524259,0.160606
173,test,texture,2,1,0.29162,0.704095
174,test,colour,1,1,0.089019,0.890672
174,test,packing,0,1,0.081885,0.867032
174,test,price,0,0,0.020977,0.077894
174,test,shipping,2,2,0.995462,0.001278
174,test,smell,2,2,0.833963,0.162339
174,test,stayingpower,3,1,0.380663,0.408438
174,test,texture,1,1,0.019519,0.975381
175,test,colour,1,1,0.111937,0.88304
175,test,packing,0,0,0.005512,0.007365
175,test,price,1,1,0.001751,0.994992
175,test,shipping,0,0,0.008765,0.037898
175,test,smell,0,0,0.01332,0.068977
175,test,stayingpower,1,2,0.660684,0.33413
175,test,texture,1,1,0.019852,0.973257
176,test,colour,1,1,0.000107,0.999699
176,test,packing,1,1,0.002255,0.926168
176,test,price,0,0,0.001255,0.02603
176,test,shipping,0,0,0.08548,0.442626
176,test,smell,0,0,0.00177,0.004973
176,test,stayingpower,0,0,0.002737,0.052935
176,test,texture,0,0,0.003349,0.044153
177,test,colour,1,1,0.001153,0.998762
177,test,packing,0,0,0.001786,0.010101
177,test,price,0,0,0.003301,0.012449
177,test,shipping,2,2,0.99396,0.000769
177,test,smell,0,0,0.028133,0.016962
177,test,stayingpower,0,0,0.026468,0.065173
177,test,texture,0,0,0.019319,0.037415
178,test,colour,0,0,0.015507,0.042332
178,test,packing,0,0,0.00223,0.004469
178,test,price,0,0,0.001993,0.004134
178,test,shipping,0,0,0.012918,0.03271
178,test,smell,0,0,0.011936,0.01368
178,test,stayingpower,0,0,0.00491,0.00714
178,test,texture,0,0,0.009046,0.027852
179,test,colour,1,1,0.00611,0.993192
179,test,packing,0,0,0.001991,0.003148
179,test,price,0,0,0.001908,0.023077
179,test,shipping,0,0,0.001876,0.014199
179,test,smell,1,0,0.02264,0.155961
179,test,stayingpower,2,2,0.990825,0.008223
179,test,texture,1,1,0.005071,0.976662
180,test,colour,1,1,0.251613,0.746372
180,test,packing,0,0,0.000633,0.000945
180,test,price,0,0,0.001584,0.001857
180,test,shipping,0,0,0.040127,0.040221
180,test,smell,0,0,0.01985,0.008683
180,test,stayingpower,0,0,0.003233,0.005897
180,test,texture,0,0,0.002013,0.00662
181,test,colour,1,2,0.942513,0.04789
181,test,packing,0,0,0.020283,0.064101
181,test,price,0,0,0.003112,0.011039
181,test,shipping,0,0,0.009727,0.026269
181,test,smell,1,1,0.020249,0.978178
181,test,stayingpower,0,0,0.082252,0.014526
181,test,texture,1,1,0.003319,0.99416
182,test,colour,2,2,0.820676,0.170914
182,test,packing,0,0,0.003585,0.002389
182,test,price,0,0,0.012714,0.013029
182,test,shipping,2,2,0.977296,0.003246
182,test,smell,0,0,0.008183,0.000859
182,test,stayingpower,0,0,0.009598,0.010132
182,test,texture,0,0,0.005742,0.004181
183,test,colour,1,2,0.700373,0.294479
183,test,packing,0,0,0.015717,0.030671
183,test,price,0,0,0.005564,0.008096
183,test,shipping,2,2,0.872345,0.00987
183,test,smell,0,0,0.018144,0.000835
183,test,stayingpower,1,2,0.652342,0.340974
183,test,texture,0,2,0.689795,0.02049
184,test,colour,0,0,0.001614,0.049655
184,test,packing,1,1,0.002963,0.971736
184,test,price,0,0,0.005105,0.10348
184,test,shipping,0,0,0.014509,0.348264
184,test,smell,0,0,0.000986,0.004096
184,test,stayingpower,0,0,7.1e-05,0.000535
184,test,texture,0,0,0.000338,0.012267
185,test,colour,0,0,0.042115,0.077764
185,test,packing,1,1,0.007639,0.992048
185,test,price,0,0,0.003601,0.014629
185,test,shipping,0,1,0.00163,0.951874
185,test,smell,0,0,0.073464,0.2445
185,test,stayingpower,0,0,0.149052,0.020753
185,test,texture,0,0,0.038896,0.214188
186,test,colour,0,0,0.005653,0.030737
186,test,packing,0,0,0.006816,0.026856
186,test,price,1,1,0.006082,0.984185
186,test,shipping,1,1,0.000619,0.99397
186,test,smell,0,0,0.001419,0.006168
186,test,stayingpower,0,0,0.002146,0.007392
186,test,texture,0,0,0.001073,0.006022
187,test,colour,1,1,0.025803,0.957152
187,test,packing,1,1,0.013729,0.984453
187,test,price,0,0,0.002853,0.019331
187,test,shipping,1,1,0.002285,0.994238
187,test,smell,1,1,0.097803,0.84357
187,test,stayingpower,3,0,0.20327,0.163148
187,test,texture,1,1,0.004504,0.994607
188,test,colour,0,0,0.0048,0.147842
188,test,packing,1,1,0.001587,0.997607
188,test,price,0,0,0.004057,0.047598
188,test,shipping,0,0,0.001866,0.064034
188,test,smell,0,0,0.00356,0.014144
188,test,stayingpower,0,0,0.000932,0.002238
188,test,texture,0,0,0.001412,0.010577
189,test,colour,0,0,0.00911,0.130397
189,test,packing,0,0,0.048743,0.037842
189,test,price,1,1,0.004891,0.978622
189,test,shipping,0,0,0.051803,0.016119
189,test,smell,0,0,0.00223,0.000847
189,test,stayingpower,1,1,0.158313,0.57255
189,test,texture,1,1,0.006492,0.992621
190,test,colour,0,0,0.008852,0.00817
190,test,packing,0,0,0.002282,0.00197
190,test,price,0,0,0.004611,0.004819
190,test,shipping,0,0,0.009724,0.004703
190,test,smell,0,0,0.01226,0.002815
190,test,stayingpower,0,0,0.000387,0.000709
190,test,texture,0,0,0.002037,0.002932
191,test,colour,0,0,0.003045,0.002862
191,test,packing,0,0,0.012835,0.007619
191,test,price,1,1,0.009665,0.985089
191,test,shipping,1,1,0.002891,0.984104
191,test,smell,0,0,0.00572,0.008982
191,test,stayingpower,0,0,0.004313,0.007881
191,test,texture,0,0,0.081259,0.137086
192,test,colour,0,0,0.002365,0.00605
192,test,packing,0,0,0.001206,0.003705
192,test,price,0,0,0.002053,0.004243
192,test,shipping,0,0,0.003047,0.016866
192,test,smell,0,0,0.001128,0.000664
192,test,stayingpower,0,0,0.000793,0.003529
192,test,texture,0,0,0.002582,0.003563
193,test,colour,0,0,0.004072,0.017321
193,test,packing,1,1,0.001989,0.997086
193,test,price,0,0,0.005431,0.041763
193,test,shipping,1,1,0.000804,0.996833
193,test,smell,0,0,0.00182,0.004502
193,test,stayingpower,0,0,0.000408,0.002103
193,test,texture,0,0,0.001609,0.017785
194,test,colour,0,0,0.006355,0.025854
194,test,packing,0,0,0.00159,0.003356
194,test,price,0,0,0.005219,0.047248
194,test,shipping,0,0,0.00029,0.003588
194,test,smell,0,0,0.004232,0.016894
194,test,stayingpower,0,0,0.000791,0.001606
194,test,texture,0,0,0.004518,0.121868
195,test,colour,0,0,0.046513,0.00759
195,test,packing,0,0,0.015866,0.023936
195,test,price,0,0,0.001556,0.00094
195,test,shipping,0,0,0.001024,0.004834
195,test,smell,0,0,0.011095,0.001938
195,test,stayingpower,0,0,0.005941,0.005051
195,test,texture,0,0,0.0894,0.008248
196,test,colour,1,1,0.000254,0.998576
196,test,packing,0,0,0.001001,0.016242
196,test,price,1,1,0.003907,0.963905
196,test,shipping,0,0,0.00145,0.011325
196,test,smell,0,0,0.003611,0.031301
196,test,stayingpower,0,0,0.004482,0.058326
196,test,texture,0,1,0.003108,0.987178
197,test,colour,0,0,0.001472,0.006267
197,test,packing,0,0,0.003686,0.0189
197,test,price,0,0,0.002407,0.011388
197,test,shipping,0,0,0.00068,0.010913
197,test,smell,0,0,0.006272,0.016885
197,test,stayingpower,0,0,0.000503,0.006702
197,test,texture,0,1,0.019174,0.531373
198,test,colour,1,1,0.002069,0.995407
198,test,packing,1,1,0.00603,0.975218
198,test,price,0,0,0.002819,0.031426
198,test,shipping,1,1,0.016287,0.982402
198,test,smell,0,0,0.005262,0.030212
198,test,stayingpower,1,1,0.246874,0.681146
198,test,texture,1,1,0.001916,0.994395
199,test,colour,1,1,0.000583,0.998983
199,test,packing,1,1,0.002593,0.989257
199,test,price,0,0,0.001539,0.006361
199,test,shipping,0,0,0.051046,0.06025
199,test,smell,0,0,0.007164,0.005082
199,test,stayingpower,0,0,0.00099,0.006599
199,test,texture,0,0,0.004584,0.009877
200,test,colour,0,0,0.006117,0.052627
200,test,packing,0,0,0.012544,0.059153
200,test,price,1,1,0.003567,0.995066
200,test,shipping,1,1,0.000812,0.996769
200,test,smell,0,0,0.002587,0.005866
200,test,stayingpower,0,0,0.002507,0.008015
200,test,texture,0,0,0.005394,0.047583
201,test,colour,0,0,0.00221,0.010552
201,test,packing,0,0,0.004738,0.011592
201,test,price,0,0,0.009286,0.024049
201,test,shipping,1,1,0.082573,0.876506
201,test,smell,0,0,0.00329,0.005197
201,test,stayingpower,1,1,0.122305,0.87292
201,test,texture,1,1,0.068336,0.796282
202,test,colour,1,1,0.006533,0.97815
202,test,packing,0,0,0.010521,0.283879
202,test,price,1,1,0.002694,0.991622
202,test,shipping,0,0,0.412443,0.026625
202,test,smell,0,0,0.003244,0.004056
202,test,stayingpower,0,0,0.00038,0.014571
202,test,texture,0,0,0.002441,0.014448
203,test,colour,0,0,0.008493,0.150042
203,test,packing,1,1,0.007698,0.908272
203,test,price,0,0,0.001431,0.002674
203,test,shipping,1,1,0.031232,0.955602
203,test,smell,0,0,0.00112,0.002082
203,test,stayingpower,0,0,6.6e-05,0.000666
203,test,texture,0,0,0.000305,0.001048
204,test,colour,0,0,0.015248,0.009545
204,test,packing,0,0,0.002015,0.002912
204,test,price,0,0,0.0035,0.00678
204,test,shipping,0,0,0.008459,0.012552
204,test,smell,0,0,0.004932,0.00186
204,test,stayingpower,0,0,0.000627,0.001828
204,test,texture,0,0,0.001062,0.001141
205,test,colour,3,1,0.038513,0.946435
205,test,packing,0,0,0.000329,0.000722
205,test,price,0,0,0.00106,0.007242
205,test,shipping,0,0,0.001944,0.005323
205,test,smell,0,0,0.001117,0.004504
205,test,stayingpower,0,0,0.022857,0.158431
205,test,texture,3,1,0.016724,0.974848
206,test,colour,1,1,0.010456,0.970774
206,test,packing,1,1,0.001191,0.998114
206,test,price,0,0,0.001635,0.016491
206,test,shipping,1,1,0.00063,0.99487
206,test,smell,0,0,0.00142,0.006841
206,test,stayingpower,0,0,0.00692,0.027413
206,test,texture,1,1,0.02062,0.831113
207,test,colour,1,2,0.968974,0.029392
207,test,packing,0,0,0.013356,0.020133
207,test,price,0,0,0.004743,0.02838
207,test,shipping,0,0,0.010204,0.034266
207,test,smell,0,0,0.061031,0.01987
207,test,stayingpower,0,0,0.318643,0.027305
207,test,texture,1,1,0.112338,0.882984
208,test,colour,1,1,0.026877,0.969433
208,test,packing,0,0,0.011347,0.004541
208,test,price,0,0,0.005916,0.009016
208,test,shipping,0,0,0.012137,0.004002
208,test,smell,1,1,0.04413,0.955633
208,test,stayingpower,0,0,0.223218,0.095921
208,test,texture,2,2,0.81373,0.176958
209,test,colour,1,1,6.5e-05,0.999882
209,test,packing,0,0,0.005374,0.267094
209,test,price,0,0,0.000608,0.011119
209,test,shipping,0,0,0.011486,0.364745
209,test,smell,0,0,0.001135,0.007559
209,test,stayingpower,0,0,0.00563,0.020174
209,test,texture,0,0,0.008942,0.094099
210,test,colour,0,0,0.001534,0.001955
210,test,packing,0,0,0.005938,0.011105
210,test,price,0,0,0.01256,0.037962
210,test,shipping,0,0,0.00038,0.001307
210,test,smell,0,0,0.010091,0.027037
210,test,stayingpower,0,0,0.106079,0.098462
210,test,texture,0,0,0.110246,0.340367
211,test,colour,0,0,0.032256,0.195866
211,test,packing,0,0,0.00761,0.010291
211,test,price,1,1,0.013279,0.957478
211,test,shipping,0,0,0.014037,0.008077
211,test,smell,1,1,0.167689,0.829452
211,test,stayingpower,1,1,0.18425,0.797685
211,test,texture,0,1,0.046473,0.50028
212,test,colour,1,1,0.000523,0.959065
212,test,packing,0,0,0.000488,0.003266
212,test,price,0,0,0.004759,0.04283
212,test,shipping,0,0,0.00896,0.030059
212,test,smell,0,0,0.002818,0.031909
212,test,stayingpower,1,1,0.010061,0.986851
212,test,texture,3,1,0.014551,0.951151
213,test,colour,2,2,0.900109,0.069141
213,test,packing,0,0,0.142977,0.276474
213,test,price,0,0,0.030798,0.045703
213,test,shipping,2,2,0.998583,0.001277
213,test,smell,1,1,0.16578,0.833594
213,test,stayingpower,0,2,0.644819,0.065833
213,test,texture,1,1,0.073978,0.820083
214,test,colour,0,0,0.160194,0.079654
214,test,packing,0,0,0.246454,0.062388
214,test,price,0,0,0.023649,0.051375
214,test,shipping,1,1,0.326529,0.489136
214,test,smell,0,0,0.201708,0.008477
214,test,stayingpower,0,0,0.048095,0.024791
214,test,texture,2,2,0.997083,0.002167
215,test,colour,1,1,0.105511,0.891321
215,test,packing,0,0,0.021215,0.0335
215,test,price,0,0,0.02145,0.051228
215,test,shipping,2,2,0.998486,0.001151
215,test,smell,0,0,0.027542,0.010023
215,test,stayingpower,2,2,0.976586,0.020438
215,test,texture,0,0,0.182679,0.0768
216,test,colour,0,0,0.00982,0.007155
216,test,packing,0,0,0.003465,0.003666
216,test,price,1,1,0.003803,0.990349
216,test,shipping,0,0,0.003265,0.016452
216,test,smell,0,0,0.034208,0.058418
216,test,stayingpower,0,0,0.002306,0.002411
216,test,texture,0,0,0.0074,0.026146
217,test,colour,1,1,0.000272,0.998671
217,test,packing,0,0,0.003496,0.02797
217,test,price,1,1,0.003518,0.967747
217,test,shipping,1,1,0.00102,0.993157
217,test,smell,0,0,0.001895,0.023762
217,test,stayingpower,0,0,0.035989,0.172108
217,test,texture,1,1,0.005323,0.880636
218,test,colour,0,0,0.029315,0.006752
218,test,packing,0,0,0.026283,0.010419
218,test,price,1,1,0.014768,0.982417
218,test,shipping,0,0,0.15852,0.005755
218,test,smell,1,1,0.221781,0.774514
218,test,stayingpower,0,0,0.002811,0.002954
218,test,texture,0,0,0.119115,0.060654
219,test,colour,0,0,0.002039,0.003866
219,test,packing,0,0,0.002242,0.009884
219,test,price,0,0,0.00297,0.002519
219,test,shipping,0,0,0.014253,0.02718
219,test,smell,0,0,0.001507,0.003455
219,test,stayingpower,0,0,0.000581,0.002228
219,test,texture,0,0,0.000838,0.00387
220,test,colour,0,0,0.007582,0.010386
220,test,packing,1,1,0.012665,0.985718
220,test,price,0,0,0.004902,0.024348
220,test,shipping,0,0,0.002935,0.007753
220,test,smell,0,0,0.008315,0.012454
220,test,stayingpower,0,0,0.002201,0.002476
220,test,texture,0,0,0.006231,0.020243
221,test,colour,1,1,0.000539,0.999221
221,test,packing,1,1,0.001649,0.994309
221,test,price,0,0,0.00095,0.006651
221,test,shipping,0,0,0.015759,0.097239
221,test,smell,0,0,0.007013,0.018538
221,test,stayingpower,0,0,0.002214,0.009221
221,test,texture,0,0,0.008339,0.052025
222,test,colour,1,1,0.022479,0.976079
222,test,packing,0,0,0.000711,0.001912
222,test,price,1,1,0.004512,0.991051
222,test,shipping,0,0,0.203681,0.027008
222,test,smell,0,0,0.01556,0.010225
222,test,stayingpower,0,0,0.006357,0.040363
222,test,texture,0,0,0.100014,0.015701
223,test,colour,1,1,0.005315,0.976199
223,test,packing,0,0,0.000936,0.006103
223,test,price,0,0,0.00245,0.052702
223,test,shipping,0,0,0.010887,0.025811
223,test,smell,0,0,0.001642,0.018182
223,test,stayingpower,1,1,0.010265,0.986407
223,test,texture,1,1,0.003179,0.991805
224,test,colour,0,0,0.015808,0.02707
224,test,packing,0,0,0.001715,0.002224
224,test,price,0,0,0.004147,0.005336
224,test,shipping,0,0,0.000725,0.003693
224,test,smell,0,0,0.048139,0.03063
224,test,stayingpower,0,0,0.000769,0.000575
224,test,texture,0,0,0.007668,0.015844
225,test,colour,0,0,0.001375,0.019258
225,test,packing,1,1,0.003223,0.972083
225,test,price,0,0,0.006302,0.054777
225,test,shipping,0,0,0.00357,0.041096
225,test,smell,0,0,0.00151,0.003071
225,test,stayingpower,0,0,0.000316,0.00271
225,test,texture,0,0,0.000705,0.005471
226,test,colour,1,1,0.000853,0.998954
226,test,packing,0,0,0.000973,0.004817
226,test,price,0,0,0.001851,0.01144
226,test,shipping,1,1,0.000241,0.992779
226,test,smell,0,0,0.004766,0.035678
226,test,stayingpower,0,0,0.018329,0.04414
226,test,texture,0,0,0.013675,0.060053
227,test,colour,0,0,0.028894,0.106239
227,test,packing,0,0,0.011239,0.044729
227,test,price,0,0,0.004574,0.008512
227,test,shipping,0,0,0.046914,0.020569
227,test,smell,1,1,0.007737,0.923475
227,test,stayingpower,1,1,0.102113,0.895277
227,test,texture,1,1,0.033238,0.943295
228,test,colour,1,1,0.017956,0.977327
228,test,packing,0,0,0.013457,0.074623
228,test,price,1,1,0.004615,0.993064
228,test,shipping,1,1,0.002925,0.988704
228,test,smell,1,1,0.004367,0.992536
228,test,stayingpower,0,0,0.021003,0.022913
228,test,texture,0,0,0.092766,0.101844
229,test,colour,1,1,0.000472,0.998858
229,test,packing,0,0,0.001777,0.035788
229,test,price,0,0,0.001214,0.007243
229,test,shipping,1,1,0.001263,0.912865
229,test,smell,0,0,0.000686,0.003548
229,test,stayingpower,0,0,0.001654,0.010976
229,test,texture,0,0,0.002788,0.013073
230,test,colour,1,1,0.146408,0.852986
230,test,packing,0,0,0.001806,0.001504
230,test,price,0,0,0.003614,0.009008
230,test,shipping,0,0,0.0034,0.008498
230,test,smell,2,2,0.839463,0.154489
230,test,stayingpower,0,0,0.040508,0.039939
230,test,texture,0,0,0.048759,0.039907
231,test,colour,0,0,0.007864,0.020243
231,test,packing,0,0,0.001963,0.002953
231,test,price,0,0,0.00482,0.003672
231,test,shipping,0,0,0.002594,0.010643
231,test,smell,0,0,0.014328,0.00938
231,test,stayingpower,0,0,0.000798,0.001682
231,test,texture,0,0,0.002782,0.005755
232,test,colour,0,0,0.013005,0.029541
232,test,packing,0,0,0.000767,0.001475
232,test,price,0,0,0.00279,0.006292
232,test,shipping,0,0,0.002228,0.009499
232,test,smell,0,0,0.032897,0.024911
232,test,stayingpower,0,0,0.004892,0.007178
232,test,texture,0,0,0.00534,0.015456
233,test,colour,1,1,0.000655,0.9992
233,test,packing,0,0,0.000961,0.006152
233,test,price,1,1,0.002508,0.994951
233,test,shipping,0,0,0.012113,0.016362
233,test,smell,0,0,0.010948,0.034843
233,test,stayingpower,0,0,0.021716,0.061413
233,test,texture,0,0,0.101519,0.155942
234,test,colour,0,0,0.007491,0.237802
234,test,packing,1,1,0.004385,0.986901
234,test,price,0,0,0.002562,0.005759
234,test,shipping,0,2,0.981029,0.008081
234,test,smell,0,0,0.001306,0.008181
234,test,stayingpower,1,1,0.019144,0.940557
234,test,texture,0,1,0.018274,0.810831
235,test,colour,0,0,0.016666,0.487809
235,test,packing,1,1,0.000886,0.99882
235,test,price,0,0,0.003283,0.015549
235,test,shipping,0,0,0.015812,0.085419
235,test,smell,0,0,0.004746,0.024926
235,test,stayingpower,0,0,0.000817,0.005648
235,test,texture,0,0,0.002131,0.011457
236,test,colour,0,0,0.015507,0.042332
236,test,packing,0,0,0.00223,0.004469
236,test,price,0,0,0.001993,0.004134
236,test,shipping,0,0,0.012918,0.03271
236,test,smell,0,0,0.011936,0.01368
236,test,stayingpower,0,0,0.00491,0.00714
236,test,texture,0,0,0.009046,0.027852
237,test,colour,1,1,0.011119,0.972457
237,test,packing,0,0,0.007801,0.047148
237,test,price,0,0,0.018081,0.025159
237,test,shipping,2,2,0.998286,0.001219
237,test,smell,1,1,0.017007,0.982436
237,test,stayingpower,0,0,0.015842,0.039966
237,test,texture,0,0,0.010421,0.041265
238,test,colour,0,0,0.011728,0.026971
238,test,packing,0,0,0.009454,0.021087
238,test,price,1,1,0.003319,0.996351
238,test,shipping,0,0,0.005272,0.012846
238,test,smell,1,1,0.009529,0.945983
238,test,stayingpower,0,0,0.006778,0.058553
238,test,texture,1,0,0.032364,0.386117
239,test,colour,1,1,0.00061,0.990636
239,test,packing,0,0,0.000471,0.00602
239,test,price,1,1,0.003271,0.989293
239,test,shipping,0,0,0.004363,0.015335
239,test,smell,0,0,0.006647,0.019294
239,test,stayingpower,0,0,0.00198,0.029743
239,test,texture,0,0,0.003674,0.030837
240,test,colour,0,0,0.011884,0.02921
240,test,packing,1,1,0.013426,0.984364
240,test,price,0,0,0.006731,0.015814
240,test,shipping,2,2,0.998666,0.001018
240,test,smell,0,0,0.006964,0.007587
240,test,stayingpower,0,0,0.002625,0.008105
240,test,texture,0,0,0.002155,0.013202
241,test,colour,0,0,0.005738,0.044518
241,test,packing,0,0,0.001944,0.00666
241,test,price,0,0,0.002266,0.002814
241,test,shipping,2,2,0.853128,0.111005
241,test,smell,0,0,0.001159,0.003404
241,test,stayingpower,0,0,0.000225,0.00366
241,test,texture,0,0,0.000619,0.005236
242,test,colour,0,0,0.021589,0.026612
242,test,packing,0,0,0.073728,0.187086
242,test,price,0,0,0.024095,0.188597
242,test,shipping,2,2,0.996001,0.003349
242,test,smell,1,1,0.010722,0.987727
242,test,stayingpower,0,0,0.233908,0.144398
242,test,texture,1,1,0.002881,0.995152
243,test,colour,0,0,0.003434,0.025539
243,test,packing,0,0,0.008472,0.014288
243,test,price,1,1,0.001797,0.997733
243,test,shipping,0,0,0.017455,0.070261
243,test,smell,1,1,0.003333,0.987138
243,test,stayingpower,0,0,0.00284,0.028443
243,test,texture,1,1,0.004811,0.932213
244,test,colour,0,1,0.006702,0.985138
244,test,packing,0,0,0.000426,0.001544
244,test,price,0,0,0.000938,0.001098
244,test,shipping,0,0,0.004051,0.037628
244,test,smell,0,0,0.002888,0.011561
244,test,stayingpower,0,0,0.000875,0.005762
244,test,texture,0,0,0.001047,0.003789
245,test,colour,0,0,0.014802,0.011887
245,test,packing,0,0,0.004164,0.01225
245,test,price,0,0,0.001194,0.001671
245,test,shipping,0,0,0.017325,0.044792
245,test,smell,0,0,0.003702,0.001999
245,test,stayingpower,0,0,0.00064,0.001231
245,test,texture,0,0,0.00102,0.00124
246,test,colour,0,0,0.004289,0.04215
246,test,packing,0,0,0.017514,0.079439
246,test,price,0,0,0.00663,0.147011
246,test,shipping,1,1,0.000966,0.997684
246,test,smell,0,0,0.013755,0.095205
246,test,stayingpower,0,0,0.003063,0.004071
246,test,texture,1,1,0.000539,0.985121
247,test,colour,0,0,0.002248,0.041687
247,test,packing,0,0,0.002086,0.005525
247,test,price,1,1,0.001476,0.996954
247,test,shipping,0,0,0.002168,0.021795
247,test,smell,0,0,0.002233,0.012589
247,test,stayingpower,0,0,0.000325,0.002607
247,test,texture,0,0,0.009285,0.103851
248,test,colour,1,1,0.001803,0.998051
248,test,packing,0,0,0.00121,0.002829
248,test,price,0,0,0.006118,0.022686
248,test,shipping,2,2,0.996385,0.002728
248,test,smell,0,0,0.012409,0.009663
248,test,stayingpower,0,0,0.036176,0.099561
248,test,texture,0,0,0.024615,0.058586
249,test,colour,0,0,0.003293,0.011339
249,test,packing,0,0,0.000336,0.001848
249,test,price,0,0,0.002052,0.005832
249,test,shipping,0,0,0.00161,0.008997
249,test,smell,0,0,0.002586,0.004535
249,test,stayingpower,0,0,0.000366,0.003172
249,test,texture,0,0,0.004602,0.061377
250,test,colour,2,2,0.932186,0.034607
250,test,packing,0,0,0.302858,0.051631
250,test,price,2,1,0.060737,0.889573
250,test,shipping,0,0,0.038724,0.046649
250,test,smell,0,2,0.5401,0.005921
250,test,stayingpower,0,0,0.352119,0.018994
250,test,texture,2,2,0.998735,0.000544
251,test,colour,1,1,0.00211,0.990766
251,test,packing,1,1,0.004153,0.982931
251,test,price,0,0,0.003697,0.028076
251,test,shipping,1,1,0.003921,0.99422
251,test,smell,0,0,0.004155,0.044193
251,test,stayingpower,1,1,0.015439,0.980128
251,test,texture,0,0,0.030968,0.431876
252,test,colour,0,0,0.002338,0.035447
252,test,packing,0,0,0.000437,0.00177
252,test,price,0,0,0.002373,0.008805
252,test,shipping,0,0,0.001418,0.005103
252,test,smell,0,0,0.003266,0.010747
252,test,stayingpower,0,0,0.000179,0.001716
252,test,texture,0,0,0.002975,0.01327
253,test,colour,1,1,0.004906,0.993394
253,test,packing,0,0,0.009037,0.01838
253,test,price,1,1,0.002486,0.994622
253,test,shipping,0,0,0.048424,0.024457
253,test,smell,0,0,0.023937,0.069746
253,test,stayingpower,0,0,0.056436,0.050746
253,test,texture,1,1,0.001463,0.998211
254,test,colour,0,0,0.005288,0.198712
254,test,packing,0,0,0.006536,0.057052
254,test,price,0,0,0.004985,0.027005
254,test,shipping,1,1,0.000492,0.999253
254,test,smell,0,0,0.000978,0.003218
254,test,stayingpower,0,0,0.001547,0.012237
254,test,texture,0,0,0.002924,0.084597
255,test,colour,0,0,0.001611,0.093557
255,test,packing,0,0,0.000547,0.002013
255,test,price,0,0,0.008775,0.06424
255,test,shipping,0,0,0.006433,0.033403
255,test,smell,0,0,0.001193,0.007301
255,test,stayingpower,0,0,9.7e-05,0.00107
255,test,texture,0,0,0.000594,0.00483
256,test,colour,1,1,0.000199,0.999646
256,test,packing,0,0,0.001338,0.012484
256,test,price,1,1,0.004271,0.967633
256,test,shipping,0,0,0.001466,0.004987
256,test,smell,0,0,0.005395,0.019737
256,test,stayingpower,0,0,0.004015,0.021092
256,test,texture,0,0,0.0172,0.084855
257,test,colour,3,2,0.660161,0.309964
257,test,packing,0,0,0.003429,0.004233
257,test,price,1,1,0.037243,0.921171
257,test,shipping,0,0,0.001554,0.001617
257,test,smell,1,1,0.040991,0.914475
257,test,stayingpower,0,2,0.473728,0.144411
257,test,texture,0,0,0.059104,0.025653
258,test,colour,0,0,0.008539,0.013478
258,test,packing,0,0,0.00193,0.011937
258,test,price,0,0,0.002273,0.008292
258,test,shipping,0,0,0.001342,0.004192
258,test,smell,0,0,0.002768,0.004285
258,test,stayingpower,0,0,0.001033,0.00174
258,test,texture,0,0,0.002943,0.009304
259,test,colour,3,0,0.070296,0.214355
259,test,packing,0,0,0.004623,0.002264
259,test,price,0,0,0.0052,0.008416
259,test,shipping,0,0,0.001322,0.00812
259,test,smell,0,0,0.264481,0.031828
259,test,stayingpower,0,0,0.236335,0.299104
259,test,texture,2,2,0.915166,0.066334
260,test,colour,0,0,0.00883,0.053136
260,test,packing,0,0,0.013468,0.05785
260,test,price,0,0,0.002715,0.028893
260,test,shipping,1,1,0.000133,0.998161
260,test,smell,0,0,0.004122,0.018908
260,test,stayingpower,0,0,0.006324,0.010069
260,test,texture,1,1,0.001717,0.972909
261,test,colour,1,1,0.001912,0.998058
261,test,packing,0,0,0.003032,0.003815
261,test,price,0,0,0.009908,0.070748
261,test,shipping,0,0,0.012982,0.006086
261,test,smell,0,2,0.588493,0.156448
261,test,stayingpower,0,0,0.041179,0.018288
261,test,texture,0,0,0.01561,0.036253
262,test,colour,0,0,0.009262,0.111843
262,test,packing,1,1,0.004482,0.993534
262,test,price,1,1,0.005609,0.984721
262,test,shipping,1,1,0.002115,0.997277
262,test,smell,0,0,0.005433,0.032939
262,test,stayingpower,0,0,0.003337,0.007836
262,test,texture,0,0,0.002646,0.009279
263,test,colour,0,0,0.003764,0.011424
263,test,packing,1,1,0.003237,0.995985
263,test,price,0,0,0.002501,0.011885
263,test,shipping,0,0,0.006944,0.040954
263,test,smell,0,0,0.006572,0.006615
263,test,stayingpower,0,0,0.000718,0.002246
263,test,texture,0,0,0.004489,0.036935
264,test,colour,1,1,0.000249,0.99971
264,test,packing,0,0,0.002274,0.017351
264,test,price,0,0,0.003328,0.039997
264,test,shipping,0,0,0.008242,0.081668
264,test,smell,0,0,0.005716,0.011268
264,test,stayingpower,0,0,0.015293,0.079332
264,test,texture,3,2,0.72245,0.163881
265,test,colour,0,0,0.007849,0.005771
265,test,packing,0,0,0.002584,0.003393
265,test,price,0,0,0.005123,0.007544
265,test,shipping,0,0,0.002544,0.007336
265,test,smell,0,0,0.009944,0.009019
265,test,stayingpower,0,0,0.000606,0.000901
265,test,texture,0,0,0.00302,0.004769
266,test,colour,1,1,0.081642,0.917254
266,test,packing,0,0,0.001541,0.003252
266,test,price,0,0,0.004411,0.005334
266,test,shipping,0,0,0.003139,0.025628
266,test,smell,0,0,0.008704,0.004791
266,test,stayingpower,0,0,0.004528,0.004181
266,test,texture,0,0,0.001031,0.001338
267,test,colour,0,0,0.008865,0.0116
267,test,packing,0,0,0.001589,0.003661
267,test,price,0,0,0.003449,0.004762
267,test,shipping,0,0,0.005896,0.009441
267,test,smell,0,0,0.002775,0.005701
267,test,stayingpower,0,0,0.000382,0.001724
267,test,texture,0,0,0.000718,0.001827
268,test,colour,0,0,0.003149,0.007971
268,test,packing,0,0,0.001769,0.002376
268,test,price,0,0,0.001492,0.004727
268,test,shipping,0,0,0.001142,0.003797
268,test,smell,0,0,0.00508,0.008639
268,test,stayingpower,0,0,0.000945,0.001142
268,test,texture,0,0,0.004076,0.096009
269,test,colour,0,0,0.006089,0.016295
269,test,packing,1,1,0.004236,0.991961
269,test,price,0,0,0.003921,0.011463
269,test,shipping,1,1,0.000357,0.997753
269,test,smell,0,0,0.001916,0.003112
269,test,stayingpower,0,0,0.000759,0.003759
269,test,texture,0,0,0.001337,0.00389
270,test,colour,0,0,0.412309,0.00588
270,test,packing,0,2,0.573715,0.08082
270,test,price,0,0,0.065953,0.094301
270,test,shipping,0,2,0.633746,0.072776
270,test,smell,0,0,0.029587,0.001128
270,test,stayingpower,0,0,0.054871,0.010683
270,test,texture,0,0,0.458824,0.04674
271,test,colour,0,1,0.006855,0.898231
271,test,packing,0,0,0.008645,0.076761
271,test,price,0,0,0.003542,0.045542
271,test,shipping,1,1,0.06074,0.937622
271,test,smell,0,0,0.002285,0.005141
271,test,stayingpower,0,0,0.019116,0.106598
271,test,texture,3,1,0.003967,0.992552
272,test,colour,0,0,0.002182,0.003342
272,test,packing,0,0,0.005254,0.006079
272,test,price,1,1,0.004675,0.994597
272,test,shipping,0,0,0.048996,0.063359
272,test,smell,0,0,0.005122,0.00764
272,test,stayingpower,0,0,0.000851,0.003864
272,test,texture,0,0,0.008778,0.009306
273,test,colour,0,0,0.005868,0.108423
273,test,packing,0,0,0.001159,0.002741
273,test,price,0,0,0.002191,0.01288
273,test,shipping,0,0,0.002012,0.009125
273,test,smell,0,0,0.001376,0.003955
273,test,stayingpower,0,0,0.001377,0.004292
273,test,texture,0,0,0.001721,0.007642
274,test,colour,1,0,0.006322,0.300586
274,test,packing,0,0,0.021886,0.337389
274,test,price,0,0,0.019853,0.12019
274,test,shipping,1,1,0.019351,0.975931
274,test,smell,1,1,0.00161,0.985837
274,test,stayingpower,1,1,0.060539,0.937248
274,test,texture,1,1,0.003251,0.953204
275,test,colour,1,1,0.013939,0.982804
275,test,packing,0,0,0.005072,0.01345
275,test,price,0,0,0.014085,0.063825
275,test,shipping,0,0,0.015772,0.016129
275,test,smell,0,0,0.017872,0.01564
275,test,stayingpower,3,1,0.111293,0.749883
275,test,texture,3,2,0.994509,0.005025
276,test,colour,0,0,0.004575,0.104642
276,test,packing,0,0,0.011081,0.130393
276,test,price,0,0,0.0026,0.039394
276,test,shipping,0,0,0.002257,0.0435
276,test,smell,0,0,0.002264,0.024406
276,test,stayingpower,0,0,0.007698,0.109723
276,test,texture,1,1,0.000144,0.999437
277,test,colour,1,1,0.097978,0.895219
277,test,packing,0,0,0.009762,0.01598
277,test,price,0,0,0.011104,0.03249
277,test,shipping,0,0,0.012268,0.018335
277,test,smell,0,0,0.024963,0.002628
277,test,stayingpower,0,0,0.056714,0.093091
277,test,texture,2,2,0.996074,0.001193
278,test,colour,1,1,0.00077,0.998965
278,test,packing,0,0,0.002313,0.033725
278,test,price,0,0,0.002959,0.006577
278,test,shipping,2,2,0.997228,0.001904
278,test,smell,0,0,0.010257,0.033445
278,test,stayingpower,0,0,0.009728,0.03151
278,test,texture,0,0,0.006628,0.029878
279,test,colour,0,0,0.00543,0.109892
279,test,packing,0,0,0.018917,0.242851
279,test,price,1,1,0.005803,0.971157
279,test,shipping,1,1,0.112957,0.704168
279,test,smell,0,0,0.001133,0.00237
279,test,stayingpower,0,0,8.1e-05,0.0012
279,test,texture,0,0,0.000273,0.0018
280,test,colour,1,0,0.357257,0.017
280,test,packing,1,2,0.935607,0.061327
280,test,price,0,0,0.106063,0.128826
280,test,shipping,0,0,0.212774,0.241689
280,test,smell,0,0,0.180735,0.003801
280,test,stayingpower,0,0,0.206114,0.007278
280,test,texture,0,2,0.631337,0.007002
281,test,colour,1,1,0.003362,0.996355
281,test,packing,0,0,0.01671,0.113083
281,test,price,1,1,0.002512,0.992777
281,test,shipping,0,0,0.035214,0.024206
281,test,smell,1,1,0.006215,0.992703
281,test,stayingpower,0,0,0.019598,0.111954
281,test,texture,1,1,0.009831,0.962522
282,test,colour,1,1,0.003564,0.993393
282,test,packing,1,1,0.00396,0.988606
282,test,price,0,0,0.002159,0.019779
282,test,shipping,0,0,0.009423,0.017533
282,test,smell,0,0,0.006116,0.036547
282,test,stayingpower,0,0,0.028205,0.135102
282,test,texture,1,1,0.001422,0.996837
283,test,colour,1,2,0.963808,0.034339
283,test,packing,0,0,0.023039,0.005109
283,test,price,0,0,0.011128,0.066758
283,test,shipping,0,0,0.004347,0.010753
283,test,smell,0,0,0.099852,0.011274
283,test,stayingpower,0,0,0.149707,0.009343
283,test,texture,1,1,0.483588,0.501138
284,test,colour,1,1,0.002808,0.991128
284,test,packing,0,0,0.004012,0.026812
284,test,price,0,0,0.008687,0.012117
284,test,shipping,2,2,0.999378,0.000423
284,test,smell,0,0,0.017275,0.026117
284,test,stayingpower,0,0,0.012238,0.042112
284,test,texture,0,0,0.004975,0.011001
285,test,colour,1,1,0.002239,0.99291
285,test,packing,1,1,0.007119,0.985331
285,test,price,0,0,0.002008,0.009013
285,test,shipping,2,2,0.996415,0.003201
285,test,smell,0,0,0.01586,0.088223
285,test,stayingpower,0,0,0.042295,0.113894
285,test,texture,1,1,0.007012,0.968011
286,test,colour,0,1,0.237478,0.753683
286,test,packing,0,0,0.003499,0.051404
286,test,price,0,0,0.003596,0.020972
286,test,shipping,0,1,0.082129,0.463755
286,test,smell,0,0,0.010202,0.001854
286,test,stayingpower,0,0,0.000353,0.000393
286,test,texture,0,0,0.001391,0.001424
287,test,colour,0,0,0.002539,0.095303
287,test,packing,0,0,0.000954,0.009533
287,test,price,0,0,0.002022,0.016213
287,test,shipping,0,0,0.000438,0.037492
287,test,smell,0,0,0.000429,0.001769
287,test,stayingpower,0,0,0.000796,0.005623
287,test,texture,1,0,0.00785,0.390451
288,test,colour,0,0,0.005637,0.10838
288,test,packing,0,0,0.000545,0.002409
288,test,price,0,0,0.009622,0.042386
288,test,shipping,0,0,0.004366,0.010665
288,test,smell,0,0,0.002772,0.00637
288,test,stayingpower,0,0,0.000414,0.00347
288,test,texture,0,0,0.000419,0.002477
289,test,colour,0,0,0.040472,0.138015
289,test,packing,1,1,0.045778,0.883156
289,test,price,1,1,0.006471,0.991656
289,test,shipping,2,2,0.992544,0.006869
289,test,smell,0,0,0.009768,0.012759
289,test,stayingpower,0,0,0.006865,0.014553
289,test,texture,0,0,0.006577,0.007487
290,test,colour,2,2,0.985422,0.008251
290,test,packing,0,0,0.039857,0.011962
290,test,price,1,1,0.064774,0.872403
290,test,shipping,0,0,0.256569,0.015565
290,test,smell,1,1,0.296662,0.702296
290,test,stayingpower,0,0,0.028968,0.007614
290,test,texture,0,2,0.527433,0.025182
291,test,colour,0,0,0.217655,0.268535
291,test,packing,0,0,0.022549,0.006295
291,test,price,0,0,0.035153,0.034518
291,test,shipping,0,0,0.005558,0.006238
291,test,smell,3,2,0.974251,0.024175
291,test,stayingpower,1,2,0.642845,0.219074
291,test,texture,2,2,0.963128,0.033399
292,test,colour,2,1,0.183633,0.597288
292,test,packing,0,0,0.023919,0.075575
292,test,price,0,0,0.00312,0.015258
292,test,shipping,0,0,0.021886,0.112102
292,test,smell,2,2,0.629202,0.369141
292,test,stayingpower,0,0,0.013731,0.017462
292,test,texture,1,1,0.002844,0.992802
293,test,colour,1,1,0.002943,0.996633
293,test,packing,0,0,0.001963,0.003173
293,test,price,0,0,0.004173,0.025742
293,test,shipping,0,0,0.002434,0.011781
293,test,smell,0,0,0.005075,0.005928
293,test,stayingpower,2,2,0.969867,0.026807
293,test,texture,0,0,0.031988,0.075449
294,test,colour,1,1,0.000703,0.998358
294,test,packing,0,0,0.000645,0.003891
294,test,price,0,0,0.003289,0.032306
294,test,shipping,0,0,0.000981,0.008668
294,test,smell,0,0,0.001827,0.005175
294,test,stayingpower,0,0,0.002873,0.007702
294,test,texture,0,0,0.002809,0.02126
295,test,colour,1,1,0.052384,0.572965
295,test,packing,0,1,0.010948,0.988856
295,test,price,1,0,0.001607,0.004172
295,test,shipping,0,2,0.45657,0.133988
295,test,smell,0,0,0.002233,0.000542
295,test,stayingpower,0,0,0.011711,0.023017
295,test,texture,0,0,0.047628,0.090813
296,test,colour,0,0,0.055764,0.033128
296,test,packing,0,2,0.524568,0.468706
296,test,price,0,0,0.01567,0.02948
296,test,shipping,2,2,0.99903,0.000874
296,test,smell,0,0,0.021383,0.003486
296,test,stayingpower,0,0,0.019564,0.005818
296,test,texture,0,0,0.028471,0.024369
297,test,colour,2,2,0.982183,0.005766
297,test,packing,1,1,0.225207,0.755611
297,test,price,0,0,0.030663,0.05424
297,test,shipping,0,0,0.039906,0.080444
297,test,smell,0,0,0.093702,0.005384
297,test,stayingpower,0,0,0.016455,0.002682
297,test,texture,0,0,0.059508,0.007352
298,test,colour,1,1,0.07409,0.923704
298,test,packing,0,0,0.008339,0.028103
298,test,price,0,0,0.005208,0.051057
298,test,shipping,0,0,0.016552,0.046606
298,test,smell,1,1,0.003021,0.99648
298,test,stayingpower,0,0,0.010532,0.017111
298,test,texture,1,1,0.001024,0.995376
299,test,colour,1,1,0.024612,0.975013
299,test,packing,0,0,0.031432,0.037564
299,test,price,0,0,0.004147,0.025906
299,test,shipping,2,2,0.998877,0.000799
299,test,smell,0,0,0.16407,0.143426
299,test,stayingpower,0,0,0.352392,0.194244
299,test,texture,3,1,0.429219,0.558152
300,test,colour,0,0,0.135379,0.053898
300,test,packing,0,0,0.004191,0.003832
300,test,price,1,1,0.007929,0.989575
300,test,shipping,0,0,0.000434,0.000314
300,test,smell,0,0,0.014954,0.006721
300,test,stayingpower,0,0,0.002111,0.005296
300,test,texture,1,2,0.536499,0.102292
301,test,colour,1,1,0.001628,0.998196
301,test,packing,0,0,0.000507,0.001224
301,test,price,0,0,0.001097,0.002013
301,test,shipping,0,0,0.005749,0.020125
301,test,smell,0,0,0.006676,0.020922
301,test,stayingpower,0,0,0.006287,0.019626
301,test,texture,0,0,0.003281,0.012484
302,test,colour,1,1,0.012258,0.856852
302,test,packing,0,0,0.004668,0.029224
302,test,price,0,0,0.007844,0.030317
302,test,shipping,0,0,0.044552,0.029908
302,test,smell,1,1,0.011398,0.927799
302,test,stayingpower,1,1,0.009787,0.989992
302,test,texture,0,1,0.063275,0.667248
303,test,colour,0,0,0.057695,0.023248
303,test,packing,0,0,0.050823,0.036409
303,test,price,1,1,0.065637,0.866845
303,test,shipping,2,2,0.996731,0.001446
303,test,smell,0,0,0.044498,0.00567
303,test,stayingpower,2,2,0.977946,0.017095
303,test,texture,0,0,0.038108,0.037962
304,test,colour,3,1,0.010175,0.986865
304,test,packing,0,0,0.001524,0.00437
304,test,price,0,0,0.004416,0.045867
304,test,shipping,0,0,0.001473,0.00304
304,test,smell,0,0,0.002532,0.007058
304,test,stayingpower,2,2,0.680894,0.315598
304,test,texture,0,1,0.246107,0.733045
305,test,colour,3,2,0.82945,0.164743
305,test,packing,0,0,0.007574,0.005334
305,test,price,1,1,0.015319,0.957362
305,test,shipping,0,0,0.002472,0.008131
305,test,smell,1,1,0.024898,0.974028
305,test,stayingpower,0,0,0.04136,0.053471
305,test,texture,0,0,0.146541,0.126764
306,test,colour,1,0,0.001432,0.253752
306,test,packing,0,0,0.002621,0.13246
306,test,price,1,1,0.00762,0.854296
306,test,shipping,0,0,0.001806,0.12307
306,test,smell,0,0,0.000471,0.001771
306,test,stayingpower,0,0,0.000208,0.002618
306,test,texture,0,0,0.001075,0.018546
307,test,colour,0,0,0.025748,0.060106
307,test,packing,0,0,0.038154,0.064049
307,test,price,0,0,0.005502,0.01132
307,test,shipping,0,0,0.010462,0.016474
307,test,smell,1,1,0.003672,0.996287
307,test,stayingpower,0,0,0.107077,0.123475
307,test,texture,1,1,0.003487,0.989988
308,test,colour,0,0,0.000902,0.010235
308,test,packing,0,0,0.003778,0.013773
308,test,price,0,0,0.005145,0.008177
308,test,shipping,0,0,0.005012,0.008349
308,test,smell,0,0,0.005188,0.014626
308,test,stayingpower,3,1,0.045347,0.933964
308,test,texture,3,1,0.023939,0.935326
309,test,colour,1,1,0.000443,0.999244
309,test,packing,0,0,0.000651,0.003396
309,test,price,1,1,0.009351,0.971036
309,test,shipping,0,0,0.011241,0.045199
309,test,smell,0,0,0.003447,0.009005
309,test,stayingpower,0,0,0.005631,0.025152
309,test,texture,0,0,0.004178,0.008481
310,test,colour,1,2,0.734182,0.237734
310,test,packing,1,1,0.12522,0.855824
310,test,price,0,0,0.004892,0.023045
310,test,shipping,1,1,0.005541,0.992699
310,test,smell,0,0,0.035669,0.045405
310,test,stayingpower,2,2,0.802108,0.17202
310,test,texture,3,1,0.033254,0.960051
311,test,colour,0,0,0.022174,0.075633
311,test,packing,0,0,0.011953,0.083042
311,test,price,0,0,0.030738,0.060769
311,test,shipping,0,0,0.023986,0.025025
311,test,smell,0,1,0.295212,0.577465
311,test,stayingpower,1,1,0.158638,0.839045
311,test,texture,0,2,0.432229,0.262791
312,test,colour,0,0,0.006436,0.020367
312,test,packing,0,0,0.005399,0.039727
312,test,price,0,0,0.005571,0.012896
312,test,shipping,1,1,0.001143,0.995347
312,test,smell,0,0,0.000914,0.002636
312,test,stayingpower,0,0,0.00093,0.004432
312,test,texture,0,0,0.000568,0.002589
313,test,colour,0,0,0.003293,0.023384
313,test,packing,0,1,0.016115,0.740828
313,test,price,0,0,0.00528,0.026215
313,test,shipping,1,1,0.0002,0.99935
313,test,smell,0,0,0.001203,0.003653
313,test,stayingpower,0,0,0.000643,0.003235
313,test,texture,0,0,0.001059,0.007663
314,test,colour,0,0,0.004534,0.036628
314,test,packing,1,1,0.001905,0.997525
314,test,price,0,0,0.004723,0.012898
314,test,shipping,0,0,0.032332,0.078093
314,test,smell,1,1,0.010229,0.978649
314,test,stayingpower,0,0,0.00286,0.032019
314,test,texture,0,0,0.005609,0.035548
315,test,colour,1,1,0.08403,0.911507
315,test,packing,0,0,0.00794,0.007384
315,test,price,1,1,0.008061,0.988516
315,test,shipping,0,0,0.158259,0.007865
315,test,smell,0,0,0.011328,0.001374
315,test,stayingpower,0,0,0.042559,0.108041
315,test,texture,0,2,0.870102,0.04125
316,test,colour,0,0,0.00854,0.087668
316,test,packing,0,0,0.000669,0.002036
316,test,price,0,0,0.000783,0.000758
316,test,shipping,0,0,0.025301,0.012482
316,test,smell,0,0,0.001606,0.001782
316,test,stayingpower,0,0,0.000658,0.003426
316,test,texture,0,0,0.001718,0.009179
317,test,colour,1,1,0.00958,0.988576
317,test,packing,0,0,0.00125,0.006929
317,test,price,0,0,0.005829,0.163033
317,test,shipping,1,1,0.000424,0.998979
317,test,smell,0,0,0.002226,0.014908
317,test,stayingpower,0,0,0.029787,0.114329
317,test,texture,1,1,0.026115,0.592705
318,test,colour,0,0,0.004837,0.105949
318,test,packing,1,1,0.004901,0.974624
318,test,price,0,0,0.001615,0.008762
318,test,shipping,1,1,0.000121,0.998806
318,test,smell,0,0,0.002187,0.017606
318,test,stayingpower,0,0,0.000381,0.002994
318,test,texture,0,0,0.001627,0.026442
319,test,colour,0,0,0.005528,0.041447
319,test,packing,0,0,0.001711,0.010549
319,test,price,1,1,0.004237,0.987746
319,test,shipping,0,0,0.001524,0.008841
319,test,smell,0,0,0.009716,0.012414
319,test,stayingpower,0,0,0.000526,0.00367
319,test,texture,0,0,0.007164,0.010434
320,test,colour,1,0,0.157061,0.027075
320,test,packing,0,0,0.019293,0.005784
320,test,price,0,0,0.028826,0.032337
320,test,shipping,0,0,0.010312,0.003547
320,test,smell,2,2,0.991373,0.00792
320,test,stayingpower,0,0,0.113754,0.03296
320,test,texture,3,0,0.318208,0.097033
321,test,colour,1,1,0.008311,0.9912
321,test,packing,1,1,0.005671,0.992302
321,test,price,0,0,0.000846,0.005072
321,test,shipping,1,0,0.106161,0.275265
321,test,smell,0,0,0.003698,0.003455
321,test,stayingpower,0,0,0.011476,0.02853
321,test,texture,0,0,0.081827,0.16306
322,test,colour,1,1,0.001889,0.99315
322,test,packing,0,0,0.000879,0.001725
322,test,price,0,0,0.002009,0.020315
322,test,shipping,0,0,0.001687,0.007861
322,test,smell,0,0,0.00535,0.06081
322,test,stayingpower,0,0,0.019027,0.04897
322,test,texture,1,1,0.000655,0.997607
323,test,colour,2,2,0.952771,0.022775
323,test,packing,1,1,0.262946,0.686044
323,test,price,0,0,0.010753,0.03274
323,test,shipping,3,1,0.412788,0.585097
323,test,smell,0,0,0.084045,0.177197
323,test,stayingpower,0,2,0.511117,0.018641
323,test,texture,1,1,0.024411,0.965541
324,test,colour,0,0,0.007578,0.009717
324,test,packing,0,0,0.024158,0.084193
324,test,price,0,0,0.013225,0.037123
324,test,shipping,2,2,0.998914,0.000939
324,test,smell,1,1,0.030459,0.920027
324,test,stayingpower,0,0,0.040193,0.034796
324,test,texture,1,1,0.007741,0.935948
325,test,colour,0,0,0.004968,0.010721
325,test,packing,0,0,0.002562,0.010128
325,test,price,0,0,0.003475,0.009306
325,test,shipping,1,1,0.000613,0.992186
325,test,smell,0,0,0.002353,0.007786
325,test,stayingpower,0,0,0.001411,0.004082
325,test,texture,0,0,0.000914,0.005148
326,test,colour,1,1,0.000491,0.999259
326,test,packing,0,0,0.000657,0.001788
326,test,price,0,0,0.001893,0.004823
326,test,shipping,0,0,0.004093,0.030286
326,test,smell,0,0,0.003533,0.009527
326,test,stayingpower,0,0,0.003804,0.008269
326,test,texture,0,0,0.004612,0.01215
327,test,colour,1,1,0.02855,0.971096
327,test,packing,0,0,0.002919,0.007792
327,test,price,1,1,0.002228,0.996789
327,test,shipping,0,0,0.009306,0.006764
327,test,smell,0,0,0.031087,0.009998
327,test,stayingpower,0,0,0.067725,0.040183
327,test,texture,0,0,0.125107,0.033934
328,test,colour,0,0,0.276223,0.178805
328,test,packing,1,1,0.035226,0.936233
328,test,price,0,0,0.028281,0.103572
328,test,shipping,0,0,0.250478,0.206609
328,test,smell,1,1,0.035236,0.960054
328,test,stayingpower,2,2,0.991772,0.007429
328,test,texture,1,1,0.008365,0.899818
329,test,colour,1,1,0.003621,0.992399
329,test,packing,0,0,0.00338,0.003436
329,test,price,0,0,0.003758,0.020667
329,test,shipping,0,0,0.001636,0.005043
329,test,smell,1,1,0.051704,0.649948
329,test,stayingpower,0,0,0.073416,0.099674
329,test,texture,1,2,0.525493,0.473127
330,test,colour,0,0,0.004375,0.009828
330,test,packing,0,0,0.013217,0.05727
330,test,price,0,0,0.008715,0.022057
330,test,shipping,0,0,0.025285,0.014774
330,test,smell,0,0,0.002736,0.00625
330,test,stayingpower,1,1,0.01137,0.983741
330,test,texture,0,1,0.063437,0.836969
331,test,colour,3,1,0.091795,0.9072
331,test,packing,0,0,0.003467,0.001476
331,test,price,0,0,0.005667,0.011006
331,test,shipping,0,0,0.165799,0.011336
331,test,smell,0,0,0.043363,0.000962
331,test,stayingpower,0,0,0.011342,0.012386
331,test,texture,0,0,0.428801,0.020204
332,test,colour,0,0,0.017615,0.01342
332,test,packing,0,0,0.002357,0.011995
332,test,price,0,0,0.002044,0.003731
332,test,shipping,0,0,0.004561,0.005765
332,test,smell,0,0,0.005733,0.004069
332,test,stayingpower,0,0,0.000485,0.000428
332,test,texture,0,0,0.002266,0.002708
333,test,colour,1,1,0.000437,0.999189
333,test,packing,0,0,0.000741,0.007369
333,test,price,0,0,0.001054,0.002485
333,test,shipping,0,0,0.022772,0.134284
333,test,smell,0,0,0.002387,0.009977
333,test,stayingpower,0,0,0.000943,0.007786
333,test,texture,0,0,0.002065,0.009037
334,test,colour,2,2,0.992767,0.006843
334,test,packing,0,0,0.011552,0.023948
334,test,price,0,0,0.01332,0.039333
334,test,shipping,0,0,0.005904,0.047718
334,test,smell,0,0,0.028988,0.005774
334,test,stayingpower,2,2,0.985263,0.004473
334,test,texture,0,0,0.37354,0.122987
335,test,colour,0,0,0.089977,0.105622
335,test,packing,0,0,0.042558,0.02267
335,test,price,0,0,0.01714,0.052824
335,test,shipping,0,0,0.007195,0.017635
335,test,smell,0,0,0.022727,0.002481
335,test,stayingpower,0,0,0.03456,0.074713
335,test,texture,2,2,0.996911,0.002257
336,test,colour,0,0,0.007196,0.0105
336,test,packing,0,0,0.009573,0.041039
336,test,price,0,0,0.004157,0.005285
336,test,shipping,1,1,0.000527,0.992535
336,test,smell,0,0,0.00314,0.005403
336,test,stayingpower,0,0,0.000615,0.001732
336,test,texture,0,0,0.001262,0.002195
337,test,colour,0,0,0.006137,0.248034
337,test,packing,1,1,0.001841,0.996482
337,test,price,0,0,0.003609,0.028047
337,test,shipping,1,1,8.9e-05,0.998958
337,test,smell,0,0,0.002091,0.011241
337,test,stayingpower,0,0,0.0011,0.00446
337,test,texture,0,0,0.001256,0.025331
338,test,colour,0,0,0.012992,0.026702
338,test,packing,0,0,0.00917,0.039901
338,test,price,0,0,0.005013,0.009162
338,test,shipping,1,1,0.000454,0.999169
338,test,smell,0,0,0.003198,0.008129
338,test,stayingpower,0,0,0.001537,0.003992
338,test,texture,0,0,0.000752,0.007416
339,test,colour,1,1,0.006967,0.987374
339,test,packing,1,1,0.004641,0.994412
339,test,price,0,0,0.004332,0.007569
339,test,shipping,1,1,0.001036,0.997963
339,test,smell,1,1,0.003436,0.991061
339,test,stayingpower,0,0,0.011009,0.017459
339,test,texture,0,0,0.012793,0.027772
340,test,colour,1,1,0.002482,0.995412
340,test,packing,0,0,0.002677,0.022734
340,test,price,0,0,0.004201,0.00684
340,test,shipping,2,2,0.996701,0.001924
340,test,smell,3,2,0.489311,0.481625
340,test,stayingpower,0,0,0.007559,0.036022
340,test,texture,0,0,0.002909,0.027672
341,test,colour,3,0,0.03415,0.047643
341,test,packing,0,0,0.002563,0.004745
341,test,price,0,0,0.023464,0.201168
341,test,shipping,1,1,0.000683,0.999027
341,test,smell,0,0,0.001754,0.004454
341,test,stayingpower,0,0,0.007383,0.0458
341,test,texture,0,0,0.010518,0.050715
342,test,colour,0,0,0.102897,0.137265
342,test,packing,0,0,0.039843,0.010704
342,test,price,1,1,0.004975,0.989615
342,test,shipping,0,0,0.009465,0.016509
342,test,smell,0,0,0.094695,0.026295
342,test,stayingpower,0,0,0.122361,0.041187
342,test,texture,1,1,0.015368,0.984534
343,test,colour,3,2,0.674086,0.306602
343,test,packing,0,0,0.000699,0.0024
343,test,price,0,0,0.001418,0.00342
343,test,shipping,0,0,0.001688,0.003996
343,test,smell,0,0,0.001295,0.001171
343,test,stayingpower,0,0,0.04463,0.116526
343,test,texture,1,1,0.157011,0.691281
344,test,colour,2,2,0.774491,0.192039
344,test,packing,0,0,0.009228,0.018887
344,test,price,0,0,0.002329,0.007528
344,test,shipping,0,0,0.018042,0.009794
344,test,smell,1,1,0.007157,0.990885
344,test,stayingpower,0,0,0.008893,0.00735
344,test,texture,1,1,0.008873,0.987115
345,test,colour,0,0,0.003209,0.002802
345,test,packing,0,0,0.006331,0.029587
345,test,price,0,0,0.003725,0.008935
345,test,shipping,0,0,0.023794,0.021896
345,test,smell,0,0,0.002086,0.001136
345,test,stayingpower,0,0,0.000518,0.002033
345,test,texture,0,0,0.001732,0.00171
346,test,colour,1,1,0.007931,0.989747
346,test,packing,0,0,0.010773,0.0108
346,test,price,0,0,0.005386,0.012093
346,test,shipping,0,0,0.088333,0.024935
346,test,smell,0,0,0.062328,0.005405
346,test,stayingpower,0,0,0.049195,0.061403
346,test,texture,2,2,0.990881,0.006262
347,test,colour,0,0,0.001468,0.018351
347,test,packing,0,0,0.001045,0.013111
347,test,price,0,0,0.001682,0.005066
347,test,shipping,0,0,0.002302,0.028989
347,test,smell,0,0,0.001784,0.005209
347,test,stayingpower,0,0,0.000373,0.001604
347,test,texture,0,0,0.000611,0.004804
348,test,colour,0,0,0.048366,0.083894
348,test,packing,0,0,0.013327,0.047261
348,test,price,0,0,0.00454,0.006746
348,test,shipping,2,2,0.999738,0.000174
348,test,smell,0,0,0.004547,0.001135
348,test,stayingpower,0,0,0.015549,0.038483
348,test,texture,0,0,0.005339,0.015726
349,test,colour,3,1,0.013134,0.97558
349,test,packing,0,0,0.001966,0.016867
349,test,price,1,1,0.005444,0.992786
349,test,shipping,0,0,0.004964,0.007566
349,test,smell,0,0,0.010126,0.005448
349,test,stayingpower,0,0,0.009528,0.037895
349,test,texture,0,0,0.00658,0.002851
350,test,colour,1,1,0.010348,0.902889
350,test,packing,0,0,0.000574,0.001541
350,test,price,0,0,0.002208,0.004767
350,test,shipping,0,0,0.00024,0.001655
350,test,smell,1,1,0.03209,0.954387
350,test,stayingpower,0,0,0.001164,0.011271
350,test,texture,0,0,0.006361,0.409514
351,test,colour,1,1,0.000521,0.999265
351,test,packing,0,0,0.001328,0.007756
351,test,price,0,0,0.006231,0.057965
351,test,shipping,0,0,0.022009,0.003761
351,test,smell,0,0,0.005136,0.018549
351,test,stayingpower,1,1,0.035768,0.954732
351,test,texture,3,1,0.253928,0.733728
352,test,colour,0,0,0.040331,0.05972
352,test,packing,0,0,0.014015,0.008987
352,test,price,0,0,0.040767,0.038215
352,test,shipping,0,0,0.014725,0.007814
352,test,smell,2,2,0.568089,0.431841
352,test,stayingpower,0,0,0.015726,0.029039
352,test,texture,0,0,0.187007,0.211773
353,test,colour,0,0,0.096249,0.013553
353,test,packing,1,1,0.119047,0.876457
353,test,price,0,0,0.003406,0.007319
353,test,shipping,1,2,0.989093,0.003252
353,test,smell,0,0,0.01043,0.00198
353,test,stayingpower,0,0,0.001635,0.002606
353,test,texture,0,0,0.017936,0.034629
354,test,colour,0,0,0.006274,0.006187
354,test,packing,0,0,0.004926,0.013307
354,test,price,0,0,0.002525,0.002139
354,test,shipping,0,0,0.004554,0.006864
354,test,smell,0,0,0.004827,0.004005
354,test,stayingpower,0,0,0.000392,0.000811
354,test,texture,0,0,0.001608,0.002542
355,test,colour,1,1,0.001584,0.997316
355,test,packing,1,1,0.001636,0.996472
355,test,price,0,0,0.002569,0.011555
355,test,shipping,1,1,0.000577,0.997095
355,test,smell,0,0,0.005416,0.018028
355,test,stayingpower,0,0,0.002821,0.011615
355,test,texture,0,0,0.004071,0.009163
356,test,colour,0,0,0.002233,0.018633
356,test,packing,0,0,0.000841,0.005511
356,test,price,0,0,0.002149,0.006866
356,test,shipping,0,0,0.003551,0.018841
356,test,smell,0,0,0.001753,0.004572
356,test,stayingpower,0,0,0.000171,0.00179
356,test,texture,0,0,0.001018,0.010043
357,test,colour,0,0,0.00357,0.011746
357,test,packing,1,1,0.003485,0.995735
357,test,price,0,0,0.003615,0.006144
357,test,shipping,0,0,0.033915,0.038807
357,test,smell,0,0,0.002269,0.002684
357,test,stayingpower,0,0,0.003475,0.012334
357,test,texture,3,0,0.039968,0.170991
358,test,colour,0,0,0.003572,0.028225
358,test,packing,1,1,0.003595,0.993919
358,test,price,0,0,0.004063,0.015615
358,test,shipping,1,1,0.000184,0.997537
358,test,smell,0,0,0.002427,0.010451
358,test,stayingpower,0,0,0.001358,0.00317
358,test,texture,0,0,0.000798,0.005339
359,test,colour,0,0,0.003925,0.007218
359,test,packing,0,0,0.00469,0.013679
359,test,price,0,0,0.005474,0.009823
359,test,shipping,1,1,0.001754,0.98864
359,test,smell,0,0,0.002474,0.005621
359,test,stayingpower,0,0,0.000522,0.001899
359,test,texture,0,0,0.000516,0.001932
360,test,colour,0,0,0.001164,0.187358
360,test,packing,0,0,0.001163,0.035952
360,test,price,0,0,0.002519,0.01596
360,test,shipping,0,0,0.004019,0.445912
360,test,smell,0,0,0.000528,0.008363
360,test,stayingpower,0,0,0.000226,0.012863
360,test,texture,0,0,0.000601,0.036803
361,test,colour,0,0,0.020116,0.018105
361,test,packing,0,0,0.01498,0.032351
361,test,price,0,0,0.006347,0.004052
361,test,shipping,2,2,0.999437,0.000358
361,test,smell,0,0,0.023426,0.016622
361,test,stayingpower,0,0,0.007935,0.010627
361,test,texture,0,0,0.001377,0.006414
362,test,colour,0,1,0.017178,0.510389
362,test,packing,0,0,0.002457,0.004506
362,test,price,1,1,0.006858,0.976819
362,test,shipping,0,0,0.00987,0.019267
362,test,smell,0,0,0.01247,0.094876
362,test,stayingpower,1,1,0.145975,0.809033
362,test,texture,1,1,0.00275,0.997029
363,test,colour,0,0,0.027385,0.015997
363,test,packing,1,1,0.042708,0.952801
363,test,price,0,0,0.014468,0.06118
363,test,shipping,2,2,0.997878,0.001921
363,test,smell,0,0,0.003325,0.001322
363,test,stayingpower,0,0,0.00359,0.002513
363,test,texture,0,0,0.004672,0.009485
364,test,colour,1,1,0.00043,0.999531
364,test,packing,0,0,0.001379,0.005108
364,test,price,0,0,0.001837,0.010069
364,test,shipping,0,0,0.003137,0.004779
364,test,smell,0,0,0.001037,0.001657
364,test,stayingpower,0,0,0.058496,0.108734
364,test,texture,0,0,0.120189,0.227202
365,test,colour,0,0,0.006332,0.057837
365,test,packing,0,0,0.001753,0.008812
365,test,price,0,0,0.000909,0.00305
365,test,shipping,0,0,0.000919,0.014382
365,test,smell,0,0,0.001978,0.010236
365,test,stayingpower,0,0,0.000684,0.001284
365,test,texture,0,0,0.004468,0.04509
366,test,colour,0,0,0.003614,0.054504
366,test,packing,1,1,0.001954,0.995234
366,test,price,0,0,0.001361,0.015866
366,test,shipping,0,0,0.001857,0.04284
366,test,smell,0,0,0.001802,0.014907
366,test,stayingpower,0,0,0.005987,0.073896
366,test,texture,0,1,0.004882,0.870785
367,test,colour,0,0,0.010177,0.003542
367,test,packing,0,0,0.019056,0.051506
367,test,price,0,0,0.000681,0.000725
367,test,shipping,0,0,0.018258,0.009873
367,test,smell,0,0,0.004551,0.003825
367,test,stayingpower,0,0,0.000367,0.001796
367,test,texture,0,0,0.018351,0.019133
368,test,colour,0,1,0.0434,0.653192
368,test,packing,1,1,0.010914,0.987801
368,test,price,0,0,0.005667,0.024877
368,test,shipping,2,2,0.997753,0.001289
368,test,smell,0,0,0.009546,0.01685
368,test,stayingpower,1,1,0.070485,0.815033
368,test,texture,1,1,0.034628,0.82665
369,test,colour,0,0,0.011726,0.004894
369,test,packing,0,0,0.003923,0.003609
369,test,price,0,0,0.00402,0.006852
369,test,shipping,0,0,0.006555,0.004885
369,test,smell,0,0,0.016533,0.00934
369,test,stayingpower,0,0,0.000489,0.000367
369,test,texture,0,0,0.003013,0.00378
370,test,colour,2,2,0.756078,0.048944
370,test,packing,1,0,0.297616,0.176827
370,test,price,1,1,0.059472,0.894354
370,test,shipping,0,2,0.485091,0.092404
370,test,smell,1,1,0.123921,0.872801
370,test,stayingpower,2,2,0.990121,0.007639
370,test,texture,2,2,0.883754,0.055587
371,test,colour,0,0,0.003746,0.013928
371,test,packing,0,0,0.000722,0.001668
371,test,price,0,0,0.004747,0.008082
371,test,shipping,0,0,0.005848,0.002935
371,test,smell,0,0,0.010433,0.005109
371,test,stayingpower,0,0,0.000498,0.003403
371,test,texture,0,0,0.003224,0.009911
372,test,colour,1,1,0.035654,0.961603
372,test,packing,0,0,0.014057,0.01094
372,test,price,1,1,0.020842,0.926288
372,test,shipping,0,0,0.046506,0.050132
372,test,smell,0,0,0.100212,0.011327
372,test,stayingpower,0,0,0.2698,0.145289
372,test,texture,2,2,0.999056,0.000576
373,test,colour,1,1,0.000981,0.998139
373,test,packing,0,0,0.000703,0.010878
373,test,price,0,0,0.000868,0.003794
373,test,shipping,0,1,0.01239,0.820346
373,test,smell,0,0,0.001498,0.004599
373,test,stayingpower,0,0,0.000707,0.00294
373,test,texture,0,0,0.002659,0.022575
374,test,colour,1,1,0.001367,0.98385
374,test,packing,1,1,0.00183,0.992068
374,test,price,0,0,0.002114,0.01324
374,test,shipping,0,0,0.01489,0.041161
374,test,smell,0,0,0.006256,0.015146
374,test,stayingpower,0,0,0.000523,0.004072
374,test,texture,0,0,0.000902,0.005773
375,test,colour,1,1,0.057777,0.902069
375,test,packing,0,0,0.005431,0.015429
375,test,price,0,0,0.002424,0.005532
375,test,shipping,2,2,0.999798,5e-05
375,test,smell,0,0,0.009948,0.002839
375,test,stayingpower,0,0,0.024378,0.072437
375,test,texture,0,1,0.093078,0.45366
376,test,colour,1,1,0.000463,0.999353
376,test,packing,0,0,0.001517,0.022907
376,test,price,0,0,0.004195,0.313556
376,test,shipping,0,0,0.007001,0.016505
376,test,smell,0,0,0.001409,0.004105
376,test,stayingpower,1,1,0.02541,0.948206
376,test,texture,1,1,0.009425,0.979869
377,test,colour,2,2,0.991838,0.003247
377,test,packing,0,0,0.305527,0.089921
377,test,price,1,1,0.06537,0.869202
377,test,shipping,0,0,0.129514,0.056642
377,test,smell,0,0,0.352778,0.005541
377,test,stayingpower,0,2,0.565595,0.008546
377,test,texture,0,0,0.262664,0.004437
378,test,colour,0,0,0.120204,0.159089
378,test,packing,1,1,0.033618,0.945285
378,test,price,0,0,0.054434,0.134285
378,test,shipping,1,1,0.078894,0.910597
378,test,smell,1,1,0.022665,0.976516
378,test,stayingpower,2,2,0.933861,0.06438
378,test,texture,0,0,0.139584,0.198837
379,test,colour,0,0,0.001639,0.025791
379,test,packing,0,0,0.001889,0.048396
379,test,price,0,0,0.001033,0.007984
379,test,shipping,1,1,0.020309,0.58043
379,test,smell,0,0,0.000673,0.001839
379,test,stayingpower,0,0,0.000596,0.006348
379,test,texture,0,1,0.002979,0.75705
380,test,colour,1,1,0.002027,0.997625
380,test,packing,0,0,0.007157,0.066287
380,test,price,0,0,0.002732,0.030593
380,test,shipping,1,1,0.006235,0.993001
380,test,smell,3,1,0.163051,0.536969
380,test,stayingpower,0,0,0.001151,0.009505
380,test,texture,0,0,0.014093,0.239708
381,test,colour,0,0,0.009722,0.029856
381,test,packing,0,0,0.000852,0.000812
381,test,price,0,0,0.003051,0.004614
381,test,shipping,0,0,0.042147,0.035765
381,test,smell,0,0,0.001428,0.002414
381,test,stayingpower,0,0,0.000678,0.001408
381,test,texture,0,0,0.001386,0.004052
382,test,colour,1,1,0.00019,0.99933
382,test,packing,0,0,0.001574,0.042361
382,test,price,0,0,0.00167,0.016423
382,test,shipping,0,0,0.005038,0.158498
382,test,smell,0,0,0.001369,0.008818
382,test,stayingpower,0,0,0.000445,0.003225
382,test,texture,0,0,0.00125,0.02994
383,test,colour,1,1,0.000133,0.999437
383,test,packing,0,0,0.001216,0.011028
383,test,price,1,1,0.001614,0.996384
383,test,shipping,0,0,0.005065,0.013874
383,test,smell,0,0,0.002114,0.008143
383,test,stayingpower,0,0,0.021178,0.083514
383,test,texture,0,1,0.058342,0.540785
384,test,colour,0,0,0.002876,0.009103
384,test,packing,0,0,0.002671,0.01512
384,test,price,0,0,0.001412,0.001438
384,test,shipping,3,1,0.028551,0.935697
384,test,smell,0,0,0.000741,0.002093
384,test,stayingpower,0,0,0.001001,0.005584
384,test,texture,0,0,0.000486,0.003072
385,test,colour,1,1,0.000351,0.999542
385,test,packing,0,0,0.000804,0.001818
385,test,price,0,0,0.0016,0.006318
385,test,shipping,0,0,0.002566,0.032891
385,test,smell,0,0,0.004488,0.006653
385,test,stayingpower,0,0,0.019792,0.023455
385,test,texture,0,0,0.081066,0.024258
386,test,colour,0,0,0.023245,0.007768
386,test,packing,0,0,0.002372,0.004243
386,test,price,0,0,0.004452,0.005946
386,test,shipping,0,0,0.000661,0.003415
386,test,smell,0,0,0.006971,0.003982
386,test,stayingpower,0,0,0.001277,0.004299
386,test,texture,0,0,0.006542,0.004824
387,test,colour,1,1,0.00198,0.997673
387,test,packing,0,0,0.001966,0.003717
387,test,price,0,0,0.002046,0.013522
387,test,shipping,0,0,0.024168,0.139732
387,test,smell,0,0,0.012457,0.039317
387,test,stayingpower,2,2,0.931605,0.067715
387,test,texture,0,1,0.03985,0.537236
388,test,colour,0,0,0.003367,0.036522
388,test,packing,0,0,0.015896,0.101372
388,test,price,0,0,0.006654,0.414064
388,test,shipping,1,1,0.000337,0.987301
388,test,smell,0,0,0.001144,0.01038
388,test,stayingpower,0,0,0.010023,0.038325
388,test,texture,1,1,0.00056,0.997208
389,test,colour,1,1,0.000326,0.999422
389,test,packing,0,0,0.00041,0.00162
389,test,price,0,0,0.001684,0.009101
389,test,shipping,0,0,0.002926,0.011487
389,test,smell,0,0,0.010229,0.055947
389,test,stayingpower,0,0,0.001348,0.008171
389,test,texture,0,0,0.002915,0.03705
390,test,colour,0,0,0.026717,0.024584
390,test,packing,0,0,0.014648,0.009556
390,test,price,0,0,0.036294,0.099788
390,test,shipping,2,2,0.995965,0.003726
390,test,smell,0,0,0.004533,0.001891
390,test,stayingpower,0,0,0.003583,0.004116
390,test,texture,0,0,0.001478,0.003694
391,test,colour,0,0,0.084204,0.05206
391,test,packing,0,0,0.010964,0.005435
391,test,price,0,0,0.030709,0.06094
391,test,shipping,0,0,0.007726,0.01616
391,test,smell,0,0,0.106483,0.017232
391,test,stayingpower,0,0,0.021388,0.038382
391,test,texture,2,2,0.995471,0.003815
392,test,colour,1,2,0.732469,0.267389
392,test,packing,0,0,0.020669,0.020108
392,test,price,1,1,0.03249,0.832421
392,test,shipping,0,0,0.405498,0.045783
392,test,smell,0,0,0.087162,0.00474
392,test,stayingpower,2,2,0.919863,0.054239
392,test,texture,0,2,0.47113,0.080385
393,test,colour,1,1,0.027244,0.969808
393,test,packing,0,0,0.010161,0.036284
393,test,price,0,0,0.007,0.094445
393,test,shipping,2,2,0.997404,0.002162
393,test,smell,0,0,0.016944,0.051825
393,test,stayingpower,1,1,0.128778,0.762216
393,test,texture,1,1,0.0015,0.996373
394,test,colour,1,1,0.002175,0.997466
394,test,packing,0,0,0.007148,0.01585
394,test,price,0,0,0.007422,0.057732
394,test,shipping,0,0,0.010085,0.019691
394,test,smell,0,0,0.023705,0.008013
394,test,stayingpower,0,0,0.058297,0.11339
394,test,texture,2,2,0.992908,0.003551
395,test,colour,0,0,0.002322,0.002345
395,test,packing,0,0,0.001012,0.002128
395,test,price,0,0,0.002046,0.004141
395,test,shipping,0,0,0.01279,0.012017
395,test,smell,0,0,0.00192,0.007074
395,test,stayingpower,0,0,0.003644,0.056621
395,test,texture,0,0,0.013676,0.019535
396,test,colour,1,1,0.003711,0.983457
396,test,packing,0,0,0.00078,0.003314
396,test,price,0,0,0.006335,0.021055
396,test,shipping,0,0,0.004435,0.011775
396,test,smell,0,0,0.007748,0.020177
396,test,stayingpower,1,1,0.086446,0.900386
396,test,texture,2,2,0.942249,0.043198
397,test,colour,1,1,0.001194,0.996455
397,test,packing,0,0,0.009309,0.118068
397,test,price,1,1,0.008253,0.985074
397,test,shipping,2,2,0.872701,0.118922
397,test,smell,0,0,0.005896,0.007695
397,test,stayingpower,0,0,0.002489,0.01843
397,test,texture,0,0,0.00719,0.014201
398,test,colour,0,0,0.00192,0.017985
398,test,packing,0,0,0.001045,0.009539
398,test,price,0,0,0.001647,0.003362
398,test,shipping,0,0,0.003256,0.021138
398,test,smell,0,0,0.001813,0.006593
398,test,stayingpower,0,0,0.00015,0.001025
398,test,texture,0,0,0.00109,0.00756
399,test,colour,1,1,0.010572,0.980022
399,test,packing,0,1,0.008301,0.98668
399,test,price,0,0,0.014334,0.126999
399,test,shipping,2,2,0.999241,0.000488
399,test,smell,1,1,0.024968,0.921795
399,test,stayingpower,0,0,0.030448,0.172603
399,test,texture,1,1,0.006513,0.981685
400,test,colour,0,0,0.005457,0.176538
400,test,packing,0,0,0.002368,0.008222
400,test,price,0,0,0.003102,0.038538
400,test,shipping,0,0,0.000254,0.003148
400,test,smell,0,0,0.000991,0.002244
400,test,stayingpower,0,0,0.008588,0.039815
400,test,texture,1,1,0.005691,0.987957
401,test,colour,0,0,0.001809,0.081073
401,test,packing,1,1,0.006661,0.959879
401,test,price,0,0,0.009011,0.063683
401,test,shipping,1,1,0.001224,0.990421
401,test,smell,0,0,0.003695,0.076442
401,test,stayingpower,1,1,0.01826,0.96887
401,test,texture,0,1,0.004873,0.928637
402,test,colour,0,0,0.009913,0.021995
402,test,packing,0,0,0.009337,0.019454
402,test,price,0,0,0.004019,0.010027
402,test,shipping,2,2,0.999191,0.000331
402,test,smell,0,0,0.012218,0.004063
402,test,stayingpower,0,0,0.003156,0.005151
402,test,texture,0,1,0.007214,0.716328
403,test,colour,1,1,0.000169,0.999184
403,test,packing,0,0,0.000687,0.0061
403,test,price,0,0,0.003297,0.044202
403,test,shipping,1,1,0.000883,0.986282
403,test,smell,0,0,0.002272,0.019245
403,test,stayingpower,0,0,0.004543,0.017381
403,test,texture,0,0,0.005625,0.169017
404,test,colour,0,0,0.005097,0.022232
404,test,packing,0,0,0.013097,0.043819
404,test,price,0,0,0.00655,0.053082
404,test,shipping,0,0,0.013999,0.018222
404,test,smell,0,0,0.004264,0.004149
404,test,stayingpower,1,1,0.034647,0.96219
404,test,texture,0,0,0.019825,0.089836
405,test,colour,0,0,0.023606,0.014113
405,test,packing,0,0,0.001679,0.003215
405,test,price,0,0,0.001203,0.001157
405,test,shipping,0,0,0.00808,0.007497
405,test,smell,0,0,0.005329,0.002785
405,test,stayingpower,0,0,0.000419,0.002176
405,test,texture,0,0,0.00532,0.002556
406,test,colour,1,1,0.010987,0.986903
406,test,packing,0,0,0.006925,0.004639
406,test,price,1,1,0.010504,0.982124
406,test,shipping,0,0,0.127426,0.017555
406,test,smell,0,0,0.042678,0.004666
406,test,stayingpower,2,2,0.618164,0.288108
406,test,texture,2,2,0.990578,0.006962
407,test,colour,2,2,0.592453,0.392267
407,test,packing,1,1,0.018446,0.967187
407,test,price,0,0,0.001631,0.004907
407,test,shipping,0,0,0.013885,0.03169
407,test,smell,0,0,0.012366,0.002924
407,test,stayingpower,0,0,0.035835,0.028759
407,test,texture,0,0,0.052455,0.007219
408,test,colour,0,0,0.006495,0.107969
408,test,packing,0,0,0.001684,0.002157
408,test,price,1,1,0.002398,0.996895
408,test,shipping,0,0,0.007925,0.069632
408,test,smell,0,0,0.005556,0.011409
408,test,stayingpower,0,0,0.002021,0.004626
408,test,texture,0,0,0.008555,0.028714
409,test,colour,2,2,0.673522,0.326377
409,test,packing,0,0,0.004733,0.010044
409,test,price,0,0,0.012583,0.065059
409,test,shipping,0,0,0.019779,0.026409
409,test,smell,1,2,0.535273,0.458034
409,test,stayingpower,0,0,0.155523,0.01366
409,test,texture,0,0,0.109076,0.159541
410,test,colour,1,1,0.003712,0.995362
410,test,packing,0,0,0.007361,0.012972
410,test,price,1,1,0.001478,0.99245
410,test,shipping,0,1,0.003239,0.96456
410,test,smell,0,0,0.006465,0.011459
410,test,stayingpower,0,0,0.350088,0.054817
410,test,texture,1,1,0.013932,0.978992
411,test,colour,0,0,0.032156,0.043272
411,test,packing,0,0,0.166982,0.116857
411,test,price,1,1,0.00489,0.993696
411,test,shipping,0,2,0.955668,0.009219
411,test,smell,1,1,0.003774,0.991402
411,test,stayingpower,0,0,0.209892,0.153856
411,test,texture,1,1,0.007796,0.988588
412,test,colour,1,1,0.001808,0.994605
412,test,packing,0,0,0.001408,0.005735
412,test,price,1,1,0.000616,0.998778
412,test,shipping,0,0,0.042391,0.05589
412,test,smell,0,0,0.014829,0.025099
412,test,stayingpower,0,0,0.010263,0.027235
412,test,texture,1,1,0.013564,0.901887
413,test,colour,1,1,0.001526,0.995373
413,test,packing,0,0,0.000364,0.004074
413,test,price,0,0,0.000887,0.002328
413,test,shipping,0,0,0.001597,0.034392
413,test,smell,0,0,0.004627,0.076965
413,test,stayingpower,0,0,0.001988,0.005483
413,test,texture,0,0,0.001605,0.006768
414,test,colour,0,0,0.004483,0.313608
414,test,packing,0,0,0.000812,0.002748
414,test,price,0,0,0.002119,0.003685
414,test,shipping,0,0,0.014294,0.021835
414,test,smell,0,0,0.002887,0.008294
414,test,stayingpower,0,0,0.000227,0.001277
414,test,texture,0,0,0.000432,0.005518
415,test,colour,0,0,0.016024,0.018131
415,test,packing,0,0,0.006579,0.02059
415,test,price,0,0,0.011191,0.020862
415,test,shipping,1,1,0.000789,0.967521
415,test,smell,1,1,0.003184,0.99412
415,test,stayingpower,0,0,0.00302,0.00462
415,test,texture,0,0,0.002016,0.036949
416,test,colour,0,0,0.002842,0.053136
416,test,packing,0,0,0.000339,0.001957
416,test,price,0,0,0.001192,0.002908
416,test,shipping,0,0,0.00166,0.034409
416,test,smell,0,0,0.000696,0.001603
416,test,stayingpower,0,0,0.00055,0.006998
416,test,texture,0,0,0.006256,0.076105
417,test,colour,0,0,0.011777,0.068556
417,test,packing,1,1,0.004495,0.994304
417,test,price,0,1,0.008303,0.975525
417,test,shipping,1,1,0.003521,0.995209
417,test,smell,0,0,0.007504,0.024251
417,test,stayingpower,0,0,0.000698,0.004085
417,test,texture,0,0,0.00231,0.005218
418,test,colour,1,1,0.015218,0.984714
418,test,packing,0,0,0.000416,0.001129
418,test,price,0,0,0.004552,0.026273
418,test,shipping,0,0,0.015192,0.027085
418,test,smell,0,0,0.006887,0.00474
418,test,stayingpower,0,0,0.015907,0.014433
418,test,texture,0,0,0.009688,0.010464
419,test,colour,1,1,0.003649,0.991596
419,test,packing,1,1,0.002436,0.99423
419,test,price,0,0,0.003264,0.014263
419,test,shipping,1,1,0.001392,0.990386
419,test,smell,1,1,0.007195,0.986537
419,test,stayingpower,0,0,0.001387,0.008363
419,test,texture,0,0,0.00187,0.004428
420,test,colour,2,2,0.993618,0.006145
420,test,packing,0,0,0.005761,0.004215
420,test,price,0,0,0.007499,0.006223
420,test,shipping,0,0,0.014122,0.03084
420,test,smell,0,0,0.07206,0.010733
420,test,stayingpower,0,0,0.011902,0.004429
420,test,texture,0,0,0.103069,0.02702
421,test,colour,0,0,0.051471,0.010506
421,test,packing,0,0,0.060213,0.014874
421,test,price,0,0,0.034892,0.121654
421,test,shipping,0,0,0.002957,0.008267
421,test,smell,0,0,0.051148,0.004294
421,test,stayingpower,0,0,0.150286,0.052265
421,test,texture,2,2,0.927804,0.071244
422,test,colour,0,0,0.01141,0.045018
422,test,packing,1,1,0.070702,0.921313
422,test,price,1,1,0.006477,0.99121
422,test,shipping,2,2,0.998089,0.001057
422,test,smell,0,0,0.027795,0.124943
422,test,stayingpower,0,0,0.0149,0.030219
422,test,texture,0,0,0.035491,0.126309
423,test,colour,0,0,0.004267,0.016017
423,test,packing,1,1,0.005603,0.991403
423,test,price,0,0,0.004873,0.023183
423,test,shipping,1,1,0.000121,0.997118
423,test,smell,0,0,0.003274,0.014439
423,test,stayingpower,0,0,0.001486,0.003351
423,test,texture,0,0,0.000815,0.004201
424,test,colour,0,1,0.010127,0.554179
424,test,packing,1,1,0.011337,0.976014
424,test,price,1,1,0.001427,0.995404
424,test,shipping,0,0,0.005881,0.031577
424,test,smell,0,0,0.016042,0.041694
424,test,stayingpower,0,0,0.016471,0.039228
424,test,texture,1,1,0.001655,0.994054
425,test,colour,0,0,0.027133,0.006506
425,test,packing,0,0,0.004166,0.001464
425,test,price,0,0,0.000954,0.000862
425,test,shipping,0,0,0.074797,0.006847
425,test,smell,0,0,0.008345,0.002771
425,test,stayingpower,0,0,0.005522,0.007041
425,test,texture,0,0,0.011053,0.005407
426,test,colour,1,1,0.002289,0.994109
426,test,packing,1,1,0.003418,0.995576
426,test,price,0,0,0.002247,0.007792
426,test,shipping,0,0,0.021277,0.037979
426,test,smell,0,0,0.010583,0.006159
426,test,stayingpower,0,0,0.002845,0.005725
426,test,texture,0,0,0.042457,0.064954
427,test,colour,0,0,0.005775,0.461235
427,test,packing,0,0,0.001635,0.007939
427,test,price,0,0,0.005463,0.11027
427,test,shipping,1,1,8.7e-05,0.999095
427,test,smell,0,0,0.001981,0.020927
427,test,stayingpower,0,0,0.013413,0.073926
427,test,texture,1,1,0.002822,0.929576
428,test,colour,0,0,0.139474,0.003899
428,test,packing,2,2,0.980213,0.01762
428,test,price,0,0,0.104984,0.134687
428,test,shipping,0,2,0.669416,0.143736
428,test,smell,0,0,0.078247,0.002493
428,test,stayingpower,0,0,0.014141,0.002734
428,test,texture,0,0,0.337586,0.013642
429,test,colour,0,0,0.112302,0.178333
429,test,packing,0,0,0.081212,0.133449
429,test,price,0,0,0.001907,0.011725
429,test,shipping,0,0,0.185407,0.022351
429,test,smell,0,0,0.001085,0.000594
429,test,stayingpower,0,0,0.210739,0.060632
429,test,texture,0,0,0.069848,0.204984
430,test,colour,1,1,0.008827,0.980409
430,test,packing,0,0,0.012372,0.064082
430,test,price,1,1,0.004316,0.992842
430,test,shipping,1,1,0.113072,0.880736
430,test,smell,2,2,0.626336,0.360818
430,test,stayingpower,0,0,0.031561,0.084858
430,test,texture,0,0,0.010114,0.024839
431,test,colour,0,0,0.002515,0.004319
431,test,packing,1,1,0.00432,0.991759
431,test,price,0,0,0.003453,0.006665
431,test,shipping,1,1,0.002882,0.958093
431,test,smell,0,0,0.001861,0.003717
431,test,stayingpower,0,0,0.000511,0.001556
431,test,texture,0,0,0.000935,0.002874
432,test,colour,0,0,0.001059,0.00375
432,test,packing,0,0,0.019006,0.050324
432,test,price,0,0,0.012778,0.245602
432,test,shipping,0,0,0.28719,0.023992
432,test,smell,0,0,0.000562,0.000387
432,test,stayingpower,0,0,0.000185,0.002831
432,test,texture,0,0,0.003091,0.013042
433,test,colour,0,0,0.004259,0.017851
433,test,packing,0,1,0.011593,0.947516
433,test,price,0,0,0.006118,0.042789
433,test,shipping,1,1,0.000243,0.997398
433,test,smell,0,0,0.001348,0.003213
433,test,stayingpower,0,0,0.00035,0.001256
433,test,texture,0,0,0.001536,0.029114
434,test,colour,0,1,0.000894,0.995446
434,test,packing,0,0,0.003514,0.056431
434,test,price,0,0,0.003721,0.031792
434,test,shipping,3,1,0.058686,0.921766
434,test,smell,1,1,0.002107,0.995031
434,test,stayingpower,0,0,0.005479,0.045989
434,test,texture,1,1,0.003021,0.99086
435,test,colour,0,0,0.013393,0.062942
435,test,packing,1,1,0.001316,0.998587
435,test,price,0,0,0.00336,0.011763
435,test,shipping,1,1,0.001735,0.995511
435,test,smell,0,0,0.003094,0.006081
435,test,stayingpower,0,0,0.001691,0.005305
435,test,texture,0,0,0.003137,0.018302
436,test,colour,1,1,0.000387,0.997726
436,test,packing,0,0,0.000422,0.003584
436,test,price,0,0,0.000849,0.011608
436,test,shipping,0,0,0.002707,0.041588
436,test,smell,0,0,0.001904,0.022729
436,test,stayingpower,0,0,0.004971,0.037762
436,test,texture,1,1,0.011108,0.975963
437,test,colour,0,0,0.010107,0.020089
437,test,packing,0,0,0.003308,0.006582
437,test,price,0,0,0.002348,0.003825
437,test,shipping,0,0,0.005926,0.018852
437,test,smell,0,0,0.024466,0.029465
437,test,stayingpower,0,0,0.000725,0.002124
437,test,texture,0,0,0.00168,0.007964
438,test,colour,1,1,0.000652,0.99903
438,test,packing,0,0,0.004403,0.132353
438,test,price,0,0,0.000833,0.008343
438,test,shipping,2,2,0.918027,0.077565
438,test,smell,0,0,0.003557,0.014489
438,test,stayingpower,0,0,0.005082,0.068192
438,test,texture,1,1,0.00541,0.946793
439,test,colour,0,0,0.111737,0.041797
439,test,packing,0,0,0.009248,0.00446
439,test,price,0,0,0.006386,0.013933
439,test,shipping,0,0,0.016487,0.037146
439,test,smell,0,0,0.053843,0.015091
439,test,stayingpower,1,2,0.881081,0.116502
439,test,texture,1,2,0.846572,0.112336
440,test,colour,1,1,0.010687,0.989218
440,test,packing,0,0,0.000901,0.002181
440,test,price,0,0,0.001522,0.003393
440,test,shipping,0,0,0.002908,0.101667
440,test,smell,0,0,0.001107,0.001498
440,test,stayingpower,0,0,0.030502,0.028116
440,test,texture,0,0,0.037099,0.014715
441,test,colour,2,2,0.821535,0.119288
441,test,packing,0,0,0.020935,0.019233
441,test,price,0,0,0.007139,0.058579
441,test,shipping,0,0,0.079063,0.070261
441,test,smell,0,0,0.017007,0.05442
441,test,stayingpower,2,1,0.488854,0.491287
441,test,texture,1,1,0.003264,0.99608
442,test,colour,1,1,0.000274,0.999572
442,test,packing,0,0,0.001618,0.024312
442,test,price,0,0,0.004802,0.0404
442,test,shipping,0,0,0.011122,0.163531
442,test,smell,0,0,0.002425,0.004767
442,test,stayingpower,0,0,0.001056,0.003612
442,test,texture,0,0,0.002666,0.003616
443,test,colour,0,0,0.013413,0.12967
443,test,packing,0,0,0.005933,0.015957
443,test,price,0,0,0.004956,0.013219
443,test,shipping,0,0,0.004602,0.005312
443,test,smell,0,0,0.002685,0.006229
443,test,stayingpower,1,1,0.058221,0.940028
443,test,texture,1,1,0.051123,0.935619
444,test,colour,0,0,0.008485,0.007172
444,test,packing,0,0,0.001314,0.002462
444,test,price,0,0,0.002669,0.003951
444,test,shipping,0,0,0.006033,0.015798
444,test,smell,0,0,0.012033,0.008946
444,test,stayingpower,0,0,0.000687,0.002223
444,test,texture,0,0,0.002052,0.002527
445,test,colour,0,1,0.036662,0.961815
445,test,packing,0,0,0.009746,0.015183
445,test,price,1,1,0.017696,0.935149
445,test,shipping,0,0,0.069351,0.071756
445,test,smell,1,1,0.098738,0.899679
445,test,stayingpower,2,2,0.983062,0.01526
445,test,texture,0,0,0.174714,0.325175
446,test,colour,0,0,0.002263,0.012114
446,test,packing,0,0,0.008085,0.085323
446,test,price,0,0,0.003377,0.017837
446,test,shipping,1,1,0.000404,0.997597
446,test,smell,0,0,0.001305,0.0091
446,test,stayingpower,0,0,0.000912,0.005413
446,test,texture,0,0,0.00055,0.025661
447,test,colour,1,0,0.126243,0.239578
447,test,packing,0,0,0.00104,0.001872
447,test,price,0,0,0.005193,0.01009
447,test,shipping,0,0,0.000551,0.000551
447,test,smell,0,0,0.005552,0.002284
447,test,stayingpower,0,0,0.00441,0.006285
447,test,texture,0,0,0.003791,0.005196
448,test,colour,1,1,0.018508,0.981349
448,test,packing,0,0,0.00079,0.001847
448,test,price,1,1,0.004749,0.957956
448,test,shipping,0,0,0.006143,0.002792
448,test,smell,0,0,0.009858,0.018535
448,test,stayingpower,0,0,0.079325,0.125654
448,test,texture,1,1,0.125244,0.787651
449,test,colour,0,0,0.010764,0.092088
449,test,packing,0,0,0.00308,0.011568
449,test,price,0,0,0.004422,0.027123
449,test,shipping,0,0,0.025058,0.037382
449,test,smell,1,0,0.008512,0.021871
449,test,stayingpower,1,1,0.002511,0.99232
449,test,texture,0,1,0.019319,0.515269
450,test,colour,0,0,0.184102,0.266064
450,test,packing,0,0,0.007115,0.008277
450,test,price,0,0,0.013722,0.054689
450,test,shipping,0,0,0.004405,0.043343
450,test,smell,3,1,0.12816,0.677484
450,test,stayingpower,2,2,0.995548,0.004218
450,test,texture,1,1,0.003169,0.991428
451,test,colour,0,0,0.030565,0.258775
451,test,packing,0,0,0.04742,0.14762
451,test,price,0,0,0.012082,0.067023
451,test,shipping,2,2,0.920878,0.076512
451,test,smell,1,1,0.009758,0.98866
451,test,stayingpower,0,0,0.00831,0.011534
451,test,texture,1,1,0.003872,0.99444
452,test,colour,0,0,0.009869,0.21254
452,test,packing,1,1,0.0017,0.997438
452,test,price,0,0,0.000749,0.002059
452,test,shipping,0,0,0.012156,0.129368
452,test,smell,0,0,0.004578,0.007276
452,test,stayingpower,0,0,0.000718,0.00379
452,test,texture,0,0,0.001326,0.008725
453,test,colour,0,0,0.065276,0.203108
453,test,packing,0,0,0.010272,0.044954
453,test,price,1,0,0.005571,0.022096
453,test,shipping,2,2,0.769033,0.224482
453,test,smell,0,0,0.00193,0.002127
453,test,stayingpower,0,0,0.000758,0.001786
453,test,texture,0,0,0.003287,0.013639
454,test,colour,0,0,0.012016,0.011996
454,test,packing,0,0,0.002564,0.005326
454,test,price,0,0,0.003281,0.005102
454,test,shipping,0,0,0.004411,0.005435
454,test,smell,0,0,0.00774,0.005358
454,test,stayingpower,0,0,0.00124,0.002028
454,test,texture,0,0,0.002843,0.003947
455,test,colour,0,0,0.029156,0.132145
455,test,packing,0,0,0.011286,0.036535
455,test,price,0,1,0.016328,0.73847
455,test,shipping,2,2,0.87016,0.004304
455,test,smell,1,1,0.009638,0.988771
455,test,stayingpower,0,0,0.001297,0.018941
455,test,texture,0,0,0.00512,0.124403
456,test,colour,1,1,0.001198,0.997437
456,test,packing,0,0,0.002363,0.005215
456,test,price,0,0,0.003094,0.024963
456,test,shipping,0,0,0.001009,0.007809
456,test,smell,1,1,0.001418,0.997893
456,test,stayingpower,0,0,0.02424,0.036908
456,test,texture,1,1,0.005209,0.984317
457,test,colour,0,0,0.014077,0.006555
457,test,packing,0,0,0.005737,0.017549
457,test,price,0,0,0.00295,0.004571
457,test,shipping,0,0,0.004338,0.0296
457,test,smell,0,0,0.005266,0.004341
457,test,stayingpower,0,0,0.000788,0.000855
457,test,texture,0,0,0.000726,0.001169
458,test,colour,1,1,0.050506,0.917192
458,test,packing,0,0,0.005812,0.016271
458,test,price,0,0,0.008364,0.048071
458,test,shipping,0,0,0.007138,0.026029
458,test,smell,0,0,0.0101,0.004812
458,test,stayingpower,2,2,0.976658,0.023208
458,test,texture,0,0,0.057036,0.166375
459,test,colour,0,0,0.00466,0.011593
459,test,packing,0,0,0.000596,0.004311
459,test,price,0,0,0.001052,0.000962
459,test,shipping,0,0,0.007242,0.005736
459,test,smell,0,0,0.002345,0.003926
459,test,stayingpower,0,0,0.002009,0.025789
459,test,texture,0,0,0.036063,0.347501
460,test,colour,0,1,0.429941,0.471988
460,test,packing,0,0,0.021432,0.005775
460,test,price,0,0,0.021308,0.044785
460,test,shipping,2,2,0.600944,0.125919
460,test,smell,2,2,0.993083,0.006493
460,test,stayingpower,0,0,0.120205,0.075079
460,test,texture,1,2,0.748778,0.241043
461,test,colour,3,1,0.005596,0.994345
461,test,packing,0,0,0.00071,0.004909
461,test,price,0,0,0.001597,0.009195
461,test,shipping,0,0,0.001449,0.018247
461,test,smell,0,0,0.002509,0.010486
461,test,stayingpower,0,0,0.014192,0.024197
461,test,texture,0,0,0.006582,0.060462
462,test,colour,0,0,0.00428,0.012995
462,test,packing,1,1,0.003215,0.993012
462,test,price,0,0,0.00543,0.024439
462,test,shipping,1,1,0.000197,0.996223
462,test,smell,0,0,0.003169,0.008714
462,test,stayingpower,0,0,0.000524,0.002126
462,test,texture,0,0,0.000765,0.004461
463,test,colour,0,0,0.008158,0.047268
463,test,packing,0,0,0.005951,0.011222
463,test,price,0,0,0.002013,0.021694
463,test,shipping,0,0,0.000737,0.008123
463,test,smell,0,0,0.014925,0.047113
463,test,stayingpower,0,0,0.007119,0.007358
463,test,texture,1,1,0.000497,0.99808
464,test,colour,0,0,0.01029,0.018544
464,test,packing,0,0,0.009362,0.019054
464,test,price,0,0,0.007475,0.014446
464,test,shipping,0,0,0.001513,0.011739
464,test,smell,0,0,0.004827,0.006476
464,test,stayingpower,1,1,0.12194,0.779559
464,test,texture,2,1,0.218786,0.759691
465,test,colour,0,0,0.03438,0.013063
465,test,packing,0,0,0.026951,0.020053
465,test,price,1,1,0.015905,0.981512
465,test,shipping,1,1,0.00474,0.973114
465,test,smell,1,1,0.013226,0.979519
465,test,stayingpower,0,0,0.052841,0.06683
465,test,texture,0,0,0.083452,0.05532
466,test,colour,0,0,0.006029,0.037068
466,test,packing,1,1,0.006792,0.992813
466,test,price,0,0,0.002608,0.005872
466,test,shipping,0,0,0.35214,0.176037
466,test,smell,0,0,0.001994,0.002975
466,test,stayingpower,0,0,0.002272,0.008582
466,test,texture,0,0,0.00262,0.012659
467,test,colour,0,0,0.015507,0.042332
467,test,packing,0,0,0.00223,0.004469
467,test,price,0,0,0.001993,0.004134
467,test,shipping,0,0,0.012918,0.03271
467,test,smell,0,0,0.011936,0.01368
467,test,stayingpower,0,0,0.00491,0.00714
467,test,texture,0,0,0.009046,0.027852
468,test,colour,1,1,0.033372,0.939037
468,test,packing,1,1,0.068885,0.837318
468,test,price,1,1,0.015375,0.980118
468,test,shipping,0,0,0.087601,0.015963
468,test,smell,2,2,0.966592,0.028088
468,test,stayingpower,0,0,0.005937,0.012038
468,test,texture,0,0,0.208435,0.015637
469,test,colour,0,0,0.007893,0.008455
469,test,packing,0,0,0.006253,0.015285
469,test,price,0,0,0.004114,0.00664
469,test,shipping,1,1,0.001296,0.997243
469,test,smell,0,0,0.001763,0.002046
469,test,stayingpower,0,0,0.001885,0.008711
469,test,texture,0,0,0.000986,0.007245
470,test,colour,0,0,0.004093,0.009583
470,test,packing,0,0,0.003691,0.022766
470,test,price,0,0,0.003567,0.019764
470,test,shipping,1,1,0.000558,0.997358
470,test,smell,0,0,0.003073,0.011309
470,test,stayingpower,0,0,0.013144,0.086457
470,test,texture,1,1,0.012759,0.931664
471,test,colour,0,0,0.006412,0.006627
471,test,packing,1,1,0.01053,0.985808
471,test,price,0,0,0.003975,0.009041
471,test,shipping,1,1,0.00129,0.998307
471,test,smell,0,0,0.003621,0.003866
471,test,stayingpower,0,0,0.001586,0.003393
471,test,texture,0,0,0.003997,0.014013
472,test,colour,0,0,0.010138,0.106984
472,test,packing,0,0,0.023849,0.028122
472,test,price,1,1,0.010552,0.981437
472,test,shipping,2,2,0.999465,0.000343
472,test,smell,0,0,0.026664,0.034614
472,test,stayingpower,1,2,0.540393,0.254776
472,test,texture,3,1,0.378027,0.457628
473,test,colour,0,0,0.006801,0.014709
473,test,packing,0,0,0.003471,0.007312
473,test,price,0,0,0.001499,0.001024
473,test,shipping,0,0,0.000938,0.002909
473,test,smell,0,0,0.007211,0.007152
473,test,stayingpower,0,0,0.000582,0.002907
473,test,texture,0,0,0.013393,0.009834
474,test,colour,0,0,0.045845,0.001604
474,test,packing,0,0,0.047466,0.00469
474,test,price,0,0,0.006196,0.010921
474,test,shipping,0,0,0.085759,0.011376
474,test,smell,0,0,0.002272,0.000263
474,test,stayingpower,0,0,0.004607,0.006783
474,test,texture,0,0,0.22039,0.014826
475,test,colour,1,1,0.31922,0.658709
475,test,packing,0,0,0.009216,0.007373
475,test,price,1,1,0.002114,0.997545
475,test,shipping,0,0,0.093345,0.003917
475,test,smell,1,1,0.033676,0.952752
475,test,stayingpower,0,0,0.072221,0.038858
475,test,texture,1,1,0.076041,0.87037
476,test,colour,0,0,0.011388,0.021545
476,test,packing,0,0,0.000831,0.002647
476,test,price,0,0,0.002837,0.011933
476,test,shipping,0,0,0.002063,0.012828
476,test,smell,0,0,0.01867,0.010525
476,test,stayingpower,0,0,0.002902,0.003768
476,test,texture,0,0,0.004251,0.010884
477,test,colour,1,1,0.129805,0.869899
477,test,packing,0,0,0.001837,0.00254
477,test,price,0,0,0.009361,0.059389
477,test,shipping,0,0,0.003687,0.012555
477,test,smell,0,0,0.018863,0.00763
477,test,stayingpower,0,0,0.002747,0.002927
477,test,texture,0,0,0.086453,0.007494
478,test,colour,1,1,0.000257,0.999382
478,test,packing,0,0,0.002767,0.019521
478,test,price,1,1,0.00202,0.996019
478,test,shipping,0,0,0.024488,0.055043
478,test,smell,0,0,0.006512,0.010571
478,test,stayingpower,0,0,0.01295,0.025954
478,test,texture,0,0,0.017484,0.045947
479,test,colour,0,0,0.177607,0.008064
479,test,packing,0,0,0.395622,0.125859
479,test,price,1,1,0.017608,0.977682
479,test,shipping,1,1,0.02549,0.972512
479,test,smell,0,0,0.025194,0.004454
479,test,stayingpower,0,0,0.006694,0.001895
479,test,texture,0,0,0.11658,0.028168
480,test,colour,1,1,0.492849,0.505951
480,test,packing,0,0,0.000799,0.000656
480,test,price,0,0,0.00157,0.001122
480,test,shipping,0,0,0.006674,0.019283
480,test,smell,0,0,0.022313,0.007709
480,test,stayingpower,0,0,0.008395,0.005429
480,test,texture,0,0,0.009201,0.007507
481,test,colour,0,0,0.015507,0.042332
481,test,packing,0,0,0.00223,0.004469
481,test,price,0,0,0.001993,0.004134
481,test,shipping,0,0,0.012918,0.03271
481,test,smell,0,0,0.011936,0.01368
481,test,stayingpower,0,0,0.00491,0.00714
481,test,texture,0,0,0.009046,0.027852
482,test,colour,0,0,0.00186,0.024637
482,test,packing,0,0,0.002178,0.032966
482,test,price,0,0,0.001179,0.005135
482,test,shipping,0,0,0.001589,0.024905
482,test,smell,0,0,0.002157,0.006977
482,test,stayingpower,0,0,0.000141,0.000721
482,test,texture,0,0,0.000911,0.014908
483,test,colour,0,0,0.042478,0.023356
483,test,packing,0,0,0.001173,0.001284
483,test,price,0,0,0.001371,0.0024
483,test,shipping,0,0,0.01637,0.00879
483,test,smell,0,0,0.007572,0.003034
483,test,stayingpower,0,0,0.003017,0.004948
483,test,texture,0,0,0.005584,0.010915
484,test,colour,1,1,0.001862,0.98037
484,test,packing,0,0,0.001231,0.005929
484,test,price,0,0,0.001411,0.032714
484,test,shipping,0,0,0.004304,0.015349
484,test,smell,0,0,0.001764,0.037429
484,test,stayingpower,1,1,0.012479,0.982157
484,test,texture,1,1,0.002942,0.988573
485,test,colour,0,0,0.003747,0.018443
485,test,packing,0,0,0.000335,0.000813
485,test,price,0,0,0.005784,0.012922
485,test,shipping,0,0,0.004187,0.005961
485,test,smell,0,0,0.004686,0.006664
485,test,stayingpower,0,0,0.000526,0.002304
485,test,texture,0,0,0.000941,0.004822
486,test,colour,3,1,0.478371,0.521116
486,test,packing,0,0,0.047448,0.04175
486,test,price,0,0,0.01019,0.048849
486,test,shipping,1,2,0.769581,0.079457
486,test,smell,0,0,0.007857,0.000401
486,test,stayingpower,2,2,0.981948,0.010156
486,test,texture,0,2,0.706055,0.02489
487,test,colour,0,0,0.020385,0.033651
487,test,packing,0,0,0.002018,0.003186
487,test,price,0,0,0.003084,0.003469
487,test,shipping,0,0,0.003473,0.036838
487,test,smell,0,0,0.001791,0.002018
487,test,stayingpower,0,0,0.000289,0.000776
487,test,texture,0,0,0.002211,0.002264
488,test,colour,0,0,0.041644,0.007152
488,test,packing,0,0,0.012013,0.014679
488,test,price,0,0,0.007886,0.013765
488,test,shipping,1,1,0.001276,0.996746
488,test,smell,0,0,0.001547,0.000843
488,test,stayingpower,0,0,0.002522,0.005868
488,test,texture,0,0,0.001332,0.001499
489,test,colour,1,1,0.003912,0.993932
489,test,packing,0,0,0.000535,0.002696
489,test,price,0,0,0.002489,0.016004
489,test,shipping,0,0,0.004534,0.001126
489,test,smell,0,0,0.003751,0.009677
489,test,stayingpower,1,1,0.022533,0.967178
489,test,texture,3,1,0.231954,0.721056
490,test,colour,0,0,0.001716,0.03131
490,test,packing,0,0,0.004307,0.128263
490,test,price,0,0,0.001519,0.002735
490,test,shipping,1,1,0.006456,0.92473
490,test,smell,0,0,0.000597,0.002521
490,test,stayingpower,0,0,0.000374,0.005337
490,test,texture,0,0,0.001003,0.007132
491,test,colour,1,1,0.000354,0.998672
491,test,packing,0,0,0.005886,0.146438
491,test,price,0,0,0.009342,0.139422
491,test,shipping,3,2,0.994879,0.00481
491,test,smell,1,1,0.007186,0.90926
491,test,stayingpower,0,0,0.006814,0.067849
491,test,texture,0,0,0.00997,0.218304
492,test,colour,0,0,0.005645,0.014649
492,test,packing,0,0,0.002505,0.004677
492,test,price,0,0,0.001766,0.002945
492,test,shipping,0,0,0.002633,0.00601
492,test,smell,0,0,0.010783,0.015469
492,test,stayingpower,0,0,0.00166,0.001962
492,test,texture,0,0,0.003407,0.060404
493,test,colour,1,1,0.003125,0.996619
493,test,packing,0,0,0.001516,0.001619
493,test,price,0,0,0.0049,0.023113
493,test,shipping,0,0,0.006406,0.011534
493,test,smell,0,0,0.003295,0.000231
493,test,stayingpower,0,0,0.110236,0.048618
493,test,texture,0,0,0.258875,0.031599
494,test,colour,1,2,0.7382,0.26101
494,test,packing,0,0,0.029793,0.010176
494,test,price,0,0,0.011349,0.082852
494,test,shipping,0,0,0.077791,0.011257
494,test,smell,0,0,0.075566,0.006817
494,test,stayingpower,0,0,0.075903,0.028165
494,test,texture,1,2,0.585602,0.405646
495,test,colour,0,0,0.039479,0.006233
495,test,packing,0,0,0.013069,0.004618
495,test,price,0,0,0.002142,0.002143
495,test,shipping,0,0,0.001819,0.005422
495,test,smell,0,0,0.004218,0.001149
495,test,stayingpower,0,0,0.013747,0.017091
495,test,texture,0,2,0.659538,0.03768
496,test,colour,0,0,0.015612,0.016297
496,test,packing,0,0,0.022017,0.03069
496,test,price,1,1,0.006333,0.993088
496,test,shipping,0,0,0.034579,0.033263
496,test,smell,1,1,0.006587,0.992872
496,test,stayingpower,0,0,0.004385,0.018377
496,test,texture,0,0,0.059539,0.236226
497,test,colour,1,1,0.000607,0.997753
497,test,packing,0,0,0.001528,0.028538
497,test,price,1,1,0.003879,0.988235
497,test,shipping,0,0,0.008371,0.026273
497,test,smell,0,0,0.002345,0.004366
497,test,stayingpower,0,0,0.001371,0.010131
497,test,texture,0,0,0.002999,0.007871
498,test,colour,1,1,0.126223,0.868669
498,test,packing,0,0,0.089074,0.015587
498,test,price,1,1,0.005398,0.992107
498,test,shipping,0,0,0.08964,0.071983
498,test,smell,1,2,0.685802,0.305852
498,test,stayingpower,0,2,0.942084,0.044575
498,test,texture,1,2,0.628913,0.369325
499,test,colour,0,0,0.102611,0.19099
499,test,packing,0,0,0.018701,0.007471
499,test,price,1,1,0.006291,0.987162
499,test,shipping,0,0,0.006751,0.146686
499,test,smell,0,0,0.028275,0.139907
499,test,stayingpower,2,2,0.996274,0.002801
499,test,texture,1,1,0.002161,0.993209
500,test,colour,0,0,0.002185,0.015894
500,test,packing,0,0,0.005977,0.036917
500,test,price,0,0,0.003879,0.009385
500,test,shipping,0,0,0.005336,0.01167
500,test,smell,0,0,0.004722,0.021232
500,test,stayingpower,3,1,0.035343,0.96054
500,test,texture,3,1,0.02217,0.918059
501,test,colour,1,1,0.002457,0.994115
501,test,packing,0,0,0.006345,0.02907
501,test,price,0,0,0.00265,0.026158
501,test,shipping,1,1,0.001908,0.984752
501,test,smell,0,0,0.004331,0.017933
501,test,stayingpower,3,2,0.790506,0.208266
501,test,texture,1,1,0.01586,0.935601
502,test,colour,0,0,0.018551,0.003127
502,test,packing,0,0,0.003065,0.001946
502,test,price,0,0,0.007042,0.013611
502,test,shipping,0,0,0.034649,0.004234
502,test,smell,0,0,0.011623,0.002096
502,test,stayingpower,0,0,0.000425,0.001292
502,test,texture,0,0,0.012587,0.002739
503,test,colour,1,1,0.006815,0.992967
503,test,packing,0,0,0.022712,0.087323
503,test,price,0,0,0.009498,0.12961
503,test,shipping,2,2,0.775521,0.221339
503,test,smell,0,0,0.062578,0.073647
503,test,stayingpower,2,2,0.989697,0.008096
503,test,texture,0,0,0.111818,0.232819
504,test,colour,1,1,0.019584,0.967109
504,test,packing,0,0,0.013784,0.018537
504,test,price,1,1,0.002258,0.995082
504,test,shipping,0,0,0.014985,0.016955
504,test,smell,0,0,0.006095,0.019055
504,test,stayingpower,0,0,0.09923,0.145221
504,test,texture,1,1,0.004219,0.995641
505,test,colour,0,0,0.003772,0.036351
505,test,packing,1,1,0.007692,0.988665
505,test,price,1,1,0.004444,0.992736
505,test,shipping,1,1,0.001892,0.992976
505,test,smell,0,0,0.004908,0.021868
505,test,stayingpower,0,0,0.001134,0.004369
505,test,texture,0,0,0.002803,0.00802
506,test,colour,1,1,0.00155,0.99606
506,test,packing,0,0,0.003513,0.017365
506,test,price,1,1,0.005504,0.989539
506,test,shipping,2,2,0.998411,0.00087
506,test,smell,0,0,0.034839,0.045746
506,test,stayingpower,0,0,0.031285,0.183404
506,test,texture,0,1,0.036337,0.491061
507,test,colour,0,0,0.002085,0.00768
507,test,packing,0,0,0.001585,0.012153
507,test,price,0,0,0.002638,0.007164
507,test,shipping,0,0,0.004431,0.031174
507,test,smell,0,0,0.003195,0.016019
507,test,stayingpower,0,0,0.000441,0.001627
507,test,texture,0,0,0.000442,0.003277
508,test,colour,1,1,0.007621,0.990128
508,test,packing,0,0,0.011798,0.013406
508,test,price,0,0,0.012948,0.051947
508,test,shipping,0,0,0.01533,0.018147
508,test,smell,1,1,0.078169,0.921029
508,test,stayingpower,0,0,0.076714,0.222597
508,test,texture,2,2,0.988006,0.01002
509,test,colour,1,1,0.000336,0.999403
509,test,packing,0,0,0.001607,0.052824
509,test,price,0,0,0.002515,0.020976
509,test,shipping,1,1,0.086155,0.892605
509,test,smell,0,0,0.004533,0.011454
509,test,stayingpower,1,1,0.011223,0.9725
509,test,texture,0,0,0.089422,0.130234
510,test,colour,0,0,0.009433,0.007535
510,test,packing,0,0,0.001455,0.00276
510,test,price,0,0,0.003022,0.004412
510,test,shipping,0,0,0.008077,0.014737
510,test,smell,0,0,0.004183,0.002787
510,test,stayingpower,0,0,0.00018,0.000697
510,test,texture,0,0,0.002217,0.002798
511,test,colour,0,0,0.009908,0.013852
511,test,packing,0,0,0.050387,0.171496
511,test,price,0,0,0.01963,0.036766
511,test,shipping,2,2,0.999736,0.000216
511,test,smell,0,0,0.007306,0.005968
511,test,stayingpower,0,0,0.057118,0.070248
511,test,texture,3,1,0.07147,0.678793
512,test,colour,0,1,0.057894,0.708458
512,test,packing,0,0,0.005222,0.005545
512,test,price,0,0,0.005923,0.070097
512,test,shipping,0,0,0.012342,0.082169
512,test,smell,0,0,0.026656,0.085559
512,test,stayingpower,2,2,0.997126,0.002683
512,test,texture,1,1,0.005152,0.991116
513,test,colour,1,1,0.012669,0.978514
513,test,packing,0,0,0.000384,0.002074
513,test,price,0,0,0.001083,0.01504
513,test,shipping,0,0,0.001161,0.002008
513,test,smell,0,0,0.003395,0.079119
513,test,stayingpower,0,1,0.130391,0.647675
513,test,texture,1,1,0.005881,0.989911
514,test,colour,2,2,0.852672,0.123431
514,test,packing,0,0,0.009683,0.010559
514,test,price,0,0,0.010477,0.024803
514,test,shipping,0,0,0.005039,0.008327
514,test,smell,0,0,0.011072,0.00655
514,test,stayingpower,2,2,0.992878,0.006971
514,test,texture,3,2,0.45865,0.281854
515,test,colour,0,0,0.009775,0.016958
515,test,packing,0,0,0.022405,0.082072
515,test,price,0,0,0.005103,0.008821
515,test,shipping,3,1,0.207971,0.782021
515,test,smell,0,0,0.000925,0.000646
515,test,stayingpower,0,0,0.000288,0.00126
515,test,texture,0,0,0.000296,0.000882
516,test,colour,0,0,0.003078,0.028162
516,test,packing,0,0,0.042399,0.231525
516,test,price,0,0,0.00709,0.035129
516,test,shipping,2,2,0.995227,0.00241
516,test,smell,0,0,0.004263,0.03582
516,test,stayingpower,0,0,0.010476,0.030357
516,test,texture,1,1,0.000792,0.994524
517,test,colour,1,1,0.001503,0.996969
517,test,packing,0,0,0.00257,0.026636
517,test,price,0,0,0.005153,0.042923
517,test,shipping,1,1,0.000796,0.998735
517,test,smell,0,0,0.001806,0.003694
517,test,stayingpower,0,0,0.005288,0.030317
517,test,texture,0,0,0.004853,0.017928
518,test,colour,0,0,0.361313,0.269872
518,test,packing,0,0,0.020629,0.01682
518,test,price,0,0,0.009593,0.029897
518,test,shipping,0,0,0.134899,0.029172
518,test,smell,0,0,0.018371,0.006102
518,test,stayingpower,3,2,0.78556,0.210161
518,test,texture,1,1,0.318946,0.674097
519,test,colour,1,1,0.012397,0.980363
519,test,packing,0,0,0.000572,0.002656
519,test,price,0,0,0.003724,0.173767
519,test,shipping,0,0,0.000388,0.003678
519,test,smell,0,0,0.000756,0.002275
519,test,stayingpower,0,0,0.029643,0.040334
519,test,texture,1,1,0.009047,0.982948
520,test,colour,0,0,0.020444,0.013774
520,test,packing,0,0,0.019308,0.006325
520,test,price,0,0,0.006708,0.016158
520,test,shipping,0,0,0.069193,0.028464
520,test,smell,0,0,0.001202,6.3e-05
520,test,stayingpower,0,0,0.001501,0.004605
520,test,texture,0,0,0.021122,0.004499
521,test,colour,1,1,0.002026,0.979311
521,test,packing,0,0,0.007914,0.04649
521,test,price,1,1,0.001282,0.998014
521,test,shipping,0,1,0.006746,0.515373
521,test,smell,1,1,0.006084,0.97021
521,test,stayingpower,0,0,0.003817,0.045207
521,test,texture,1,1,0.002158,0.97476
522,test,colour,0,0,0.002291,0.050249
522,test,packing,0,0,0.001177,0.004546
522,test,price,1,1,0.004182,0.99186
522,test,shipping,0,0,0.002365,0.014044
522,test,smell,0,0,0.002568,0.008171
522,test,stayingpower,0,0,0.000577,0.006676
522,test,texture,0,0,0.004581,0.011704
523,test,colour,0,0,0.006785,0.007399
523,test,packing,0,0,0.002661,0.005459
523,test,price,0,0,0.00697,0.013493
523,test,shipping,0,0,0.001086,0.005842
523,test,smell,0,0,0.017527,0.009307
523,test,stayingpower,0,0,0.00119,0.002045
523,test,texture,0,0,0.002685,0.004564
524,test,colour,1,1,0.000944,0.997374
524,test,packing,1,1,0.006066,0.937821
524,test,price,1,1,0.000559,0.998728
524,test,shipping,0,0,0.009513,0.107338
524,test,smell,0,0,0.00508,0.044471
524,test,stayingpower,0,0,0.005588,0.04431
524,test,texture,0,0,0.006234,0.082456
525,test,colour,1,1,0.002438,0.994853
525,test,packing,0,0,0.009769,0.058132
525,test,price,1,1,0.014089,0.979764
525,test,shipping,2,2,0.999061,0.000595
525,test,smell,0,0,0.02673,0.042214
525,test,stayingpower,0,0,0.031359,0.254052
525,test,texture,0,0,0.045632,0.04586
526,test,colour,0,1,0.019404,0.973573
526,test,packing,0,0,0.005165,0.031329
526,test,price,0,0,0.00202,0.038517
526,test,shipping,0,0,0.013866,0.03824
526,test,smell,0,0,0.004415,0.052717
526,test,stayingpower,0,1,0.253931,0.745178
526,test,texture,0,1,0.004485,0.994421
527,test,colour,1,1,0.000545,0.996807
527,test,packing,0,0,0.001707,0.005442
527,test,price,1,1,0.002464,0.990645
527,test,shipping,0,0,0.005802,0.012728
527,test,smell,0,0,0.005556,0.030856
527,test,stayingpower,1,1,0.015089,0.96604
527,test,texture,1,1,0.007826,0.89357
528,test,colour,1,2,0.518132,0.373332
528,test,packing,0,0,0.013495,0.018209
528,test,price,0,0,0.003659,0.086832
528,test,shipping,0,0,0.00957,0.003903
528,test,smell,0,0,0.009483,0.001932
528,test,stayingpower,0,0,0.245742,0.030284
528,test,texture,1,1,0.002968,0.983338
529,test,colour,0,0,0.004705,0.17719
529,test,packing,0,0,0.002844,0.043112
529,test,price,0,0,0.001278,0.003965
529,test,shipping,0,0,0.038772,0.149878
529,test,smell,0,0,0.004414,0.015756
529,test,stayingpower,0,0,5.8e-05,0.00057
529,test,texture,0,0,0.00051,0.006299
530,test,colour,1,1,0.002062,0.995171
530,test,packing,0,0,0.004331,0.009914
530,test,price,1,1,0.000737,0.997541
530,test,shipping,0,0,0.003381,0.019426
530,test,smell,0,0,0.005763,0.044635
530,test,stayingpower,0,0,0.040566,0.089623
530,test,texture,1,1,0.003068,0.996382
531,test,colour,0,0,0.021533,0.12564
531,test,packing,0,0,0.002232,0.004449
531,test,price,0,0,0.001532,0.016497
531,test,shipping,0,0,0.002101,0.05026
531,test,smell,0,0,0.005189,0.016748
531,test,stayingpower,0,0,0.022221,0.023178
531,test,texture,1,1,0.000501,0.999158
532,test,colour,0,0,0.022656,0.088008
532,test,packing,0,0,0.011901,0.015732
532,test,price,0,0,0.005868,0.012958
532,test,shipping,2,2,0.999594,0.000308
532,test,smell,0,0,0.021529,0.011691
532,test,stayingpower,0,0,0.249215,0.082099
532,test,texture,1,1,0.102782,0.878473
533,test,colour,0,0,0.004063,0.005588
533,test,packing,0,0,0.004603,0.015141
533,test,price,0,0,0.004903,0.014487
533,test,shipping,1,1,0.000648,0.997591
533,test,smell,0,0,0.001067,0.00174
533,test,stayingpower,0,0,0.003371,0.013296
533,test,texture,0,0,0.001476,0.014807
534,test,colour,0,0,0.023571,0.056461
534,test,packing,0,0,0.062371,0.072988
534,test,price,1,1,0.010357,0.985471
534,test,shipping,2,2,0.999618,0.000287
534,test,smell,0,0,0.016207,0.007527
534,test,stayingpower,0,0,0.016849,0.045918
534,test,texture,0,0,0.020313,0.039327
535,test,colour,0,0,0.036389,0.049481
535,test,packing,0,0,0.015127,0.031516
535,test,price,0,0,0.028009,0.122296
535,test,shipping,2,2,0.998887,0.000853
535,test,smell,0,0,0.003773,0.004812
535,test,stayingpower,0,0,0.001986,0.006649
535,test,texture,0,0,0.000703,0.002905
536,test,colour,0,0,0.002165,0.004752
536,test,packing,0,0,0.002948,0.012403
536,test,price,0,0,0.011399,0.023708
536,test,shipping,1,1,0.001421,0.98451
536,test,smell,1,1,0.003155,0.962929
536,test,stayingpower,0,0,0.002249,0.019382
536,test,texture,0,0,0.007093,0.096635
537,test,colour,2,2,0.804384,0.178368
537,test,packing,0,0,0.000536,0.001161
537,test,price,0,0,0.002255,0.027606
537,test,shipping,0,0,0.001182,0.006658
537,test,smell,0,0,0.012588,0.011951
537,test,stayingpower,0,0,0.285282,0.117645
537,test,texture,1,1,0.04746,0.938506
538,test,colour,2,2,0.832241,0.035232
538,test,packing,1,1,0.199531,0.777572
538,test,price,0,0,0.024989,0.086739
538,test,shipping,0,0,0.142616,0.02738
538,test,smell,0,0,0.223813,0.006134
538,test,stayingpower,0,0,0.21124,0.021484
538,test,texture,0,2,0.926451,0.01373
539,test,colour,1,1,0.00602,0.990441
539,test,packing,1,1,0.002856,0.99612
539,test,price,0,0,0.001791,0.027345
539,test,shipping,1,1,0.004605,0.994735
539,test,smell,0,0,0.011016,0.035696
539,test,stayingpower,0,0,0.003238,0.008186
539,test,texture,0,1,0.009725,0.784653
540,test,colour,0,0,0.117949,0.237702
540,test,packing,0,0,0.013899,0.01185
540,test,price,0,0,0.014905,0.02325
540,test,shipping,0,0,0.005948,0.024641
540,test,smell,1,1,0.020613,0.930249
540,test,stayingpower,2,2,0.989613,0.010136
540,test,texture,1,1,0.02437,0.967833
541,test,colour,0,0,0.002785,0.051252
541,test,packing,1,1,0.002982,0.990479
541,test,price,0,0,0.001238,0.006713
541,test,shipping,1,1,0.00048,0.994475
541,test,smell,0,0,0.001442,0.005182
541,test,stayingpower,0,0,0.000415,0.001952
541,test,texture,0,0,0.000558,0.013539
542,test,colour,2,1,0.05092,0.94293
542,test,packing,0,0,0.002946,0.003348
542,test,price,0,0,0.00344,0.016149
542,test,shipping,0,0,0.002847,0.040266
542,test,smell,0,0,0.002389,0.004609
542,test,stayingpower,2,2,0.989977,0.00911
542,test,texture,0,0,0.099672,0.186168
543,test,colour,1,1,0.001683,0.994818
543,test,packing,0,0,0.002072,0.005224
543,test,price,0,0,0.001379,0.023009
543,test,shipping,0,0,0.000637,0.007551
543,test,smell,0,0,0.002123,0.010755
543,test,stayingpower,0,0,0.065572,0.127108
543,test,texture,1,1,0.003028,0.996392
544,test,colour,0,0,0.006297,0.008391
544,test,packing,0,0,0.006929,0.021288
544,test,price,0,0,0.003274,0.002508
544,test,shipping,1,1,0.072117,0.917312
544,test,smell,0,0,0.00165,0.001329
544,test,stayingpower,0,0,0.000456,0.001079
544,test,texture,0,0,0.00078,0.002341
545,test,colour,0,0,0.001378,0.007812
545,test,packing,0,1,0.030897,0.865779
545,test,price,0,1,0.015032,0.926044
545,test,shipping,0,0,0.079076,0.021802
545,test,smell,0,0,0.001264,0.002701
545,test,stayingpower,0,0,0.002936,0.038332
545,test,texture,0,0,0.002964,0.015915
546,test,colour,1,1,0.000459,0.999371
546,test,packing,0,0,0.001242,0.011084
546,test,price,0,0,0.001448,0.005172
546,test,shipping,0,0,0.003079,0.022978
546,test,smell,1,0,0.00732,0.018396
546,test,stayingpower,0,0,0.00265,0.006778
546,test,texture,0,0,0.003413,0.0099
547,test,colour,1,1,0.011809,0.980373
547,test,packing,1,1,0.003641,0.974963
547,test,price,0,0,0.001175,0.018149
547,test,shipping,0,0,0.006553,0.055542
547,test,smell,0,0,0.017001,0.09835
547,test,stayingpower,0,0,0.111144,0.264133
547,test,texture,1,1,0.000651,0.998596
548,test,colour,1,1,0.00208,0.995499
548,test,packing,0,0,0.000303,0.001472
548,test,price,0,0,0.003562,0.019397
548,test,shipping,0,0,0.004726,0.025411
548,test,smell,0,0,0.002302,0.003194
548,test,stayingpower,0,0,0.00052,0.003974
548,test,texture,0,0,0.001551,0.002598
549,test,colour,0,0,0.056391,0.010165
549,test,packing,0,0,0.012179,0.006762
549,test,price,0,0,0.002168,0.008571
549,test,shipping,0,0,0.003757,0.002112
549,test,smell,0,0,0.004918,0.000813
549,test,stayingpower,0,0,0.003164,0.005928
549,test,texture,0,0,0.248095,0.058168
550,test,colour,0,1,0.010824,0.849903
550,test,packing,0,0,0.002075,0.005577
550,test,price,0,0,0.006261,0.033468
550,test,shipping,0,0,0.003821,0.003406
550,test,smell,0,0,0.002949,0.038366
550,test,stayingpower,1,1,0.016283,0.983002
550,test,texture,3,1,0.031841,0.946972
551,test,colour,3,1,0.123708,0.874403
551,test,packing,0,0,0.004624,0.006704
551,test,price,0,0,0.002793,0.014135
551,test,shipping,0,0,0.003162,0.009517
551,test,smell,1,1,0.141807,0.786734
551,test,stayingpower,0,0,0.102853,0.066284
551,test,texture,1,1,0.000868,0.998764
552,test,colour,1,1,0.470015,0.509562
552,test,packing,0,0,0.013269,0.008473
552,test,price,0,0,0.004291,0.008036
552,test,shipping,0,0,0.004569,0.005829
552,test,smell,1,1,0.109257,0.889843
552,test,stayingpower,0,0,0.053602,0.03495
552,test,texture,1,2,0.650722,0.345197
553,test,colour,0,0,0.003366,0.020114
553,test,packing,1,1,0.002204,0.997056
553,test,price,0,0,0.002714,0.019001
553,test,shipping,0,0,0.001908,0.045122
553,test,smell,0,0,0.004099,0.012087
553,test,stayingpower,0,0,0.000812,0.003063
553,test,texture,0,0,0.003583,0.035505
554,test,colour,1,1,0.001196,0.998462
554,test,packing,0,0,0.022609,0.045038
554,test,price,0,0,0.004603,0.019128
554,test,shipping,1,1,0.423304,0.443083
554,test,smell,0,0,0.009251,0.015068
554,test,stayingpower,3,0,0.162675,0.368649
554,test,texture,3,2,0.969732,0.027982
555,test,colour,0,0,0.024571,0.008042
555,test,packing,0,0,0.010265,0.018254
555,test,price,0,0,0.006268,0.015651
555,test,shipping,1,1,0.006693,0.991586
555,test,smell,0,0,0.003189,0.002363
555,test,stayingpower,0,0,0.000561,0.002527
555,test,texture,0,0,0.000921,0.001855
556,test,colour,0,0,0.009704,0.03212
556,test,packing,0,0,0.003976,0.012159
556,test,price,0,0,0.002966,0.003554
556,test,shipping,0,0,0.118337,0.093903
556,test,smell,0,0,0.002113,0.000645
556,test,stayingpower,0,0,0.000115,0.000465
556,test,texture,0,0,0.000747,0.000644
557,test,colour,0,0,0.006146,0.011872
557,test,packing,1,1,0.0036,0.994975
557,test,price,0,0,0.005915,0.023669
557,test,shipping,1,1,0.000466,0.995311
557,test,smell,0,0,0.003651,0.006336
557,test,stayingpower,0,0,0.000619,0.001325
557,test,texture,0,0,0.001011,0.001829
558,test,colour,0,0,0.015787,0.007455
558,test,packing,0,0,0.130405,0.165163
558,test,price,1,1,0.007207,0.99221
558,test,shipping,1,1,0.025913,0.970801
558,test,smell,0,0,0.004537,0.006837
558,test,stayingpower,0,0,0.006044,0.007345
558,test,texture,0,0,0.012115,0.009438
559,test,colour,1,1,0.013797,0.984244
559,test,packing,0,0,0.004751,0.008839
559,test,price,0,0,0.014476,0.060855
559,test,shipping,0,0,0.018007,0.039038
559,test,smell,1,1,0.025365,0.974348
559,test,stayingpower,2,2,0.921444,0.072547
559,test,texture,0,0,0.035971,0.253911
560,test,colour,1,1,0.008157,0.989987
560,test,packing,0,0,0.005277,0.068248
560,test,price,0,0,0.01371,0.101864
560,test,shipping,1,1,0.001402,0.993595
560,test,smell,1,1,0.001978,0.997471
560,test,stayingpower,0,0,0.002945,0.013848
560,test,texture,0,0,0.004925,0.021995
561,test,colour,0,0,0.006823,0.005001
561,test,packing,0,0,0.001593,0.001118
561,test,price,0,0,0.006952,0.009911
561,test,shipping,0,0,0.00308,0.006834
561,test,smell,0,0,0.003165,0.00105
561,test,stayingpower,0,0,0.001786,0.003048
561,test,texture,0,0,0.00399,0.001727
562,test,colour,1,1,0.002167,0.997765
562,test,packing,0,0,0.009201,0.040547
562,test,price,0,0,0.014141,0.276894
562,test,shipping,0,2,0.629878,0.050966
562,test,smell,0,0,0.001458,0.001894
562,test,stayingpower,0,2,0.522141,0.356624
562,test,texture,0,0,0.409562,0.172571
563,test,colour,0,0,0.005841,0.011975
563,test,packing,0,0,0.003258,0.015462
563,test,price,0,0,0.003099,0.003244
563,test,shipping,0,0,0.002409,0.009972
563,test,smell,0,0,0.003819,0.005104
563,test,stayingpower,0,0,0.000584,0.001071
563,test,texture,0,0,0.001526,0.004624
564,test,colour,0,0,0.002239,0.047164
564,test,packing,0,0,0.003841,0.039606
564,test,price,0,0,0.003541,0.008452
564,test,shipping,2,2,0.976561,0.020853
564,test,smell,0,0,0.001015,0.004006
564,test,stayingpower,0,0,0.00066,0.005411
564,test,texture,0,0,0.000665,0.008593
565,test,colour,0,0,0.009374,0.033785
565,test,packing,0,0,0.004937,0.007944
565,test,price,0,0,0.005946,0.01793
565,test,shipping,1,1,0.000243,0.996314
565,test,smell,0,0,0.010328,0.02025
565,test,stayingpower,0,0,0.003457,0.015366
565,test,texture,0,0,0.286586,0.097149
566,test,colour,1,1,0.001668,0.99629
566,test,packing,0,0,0.001748,0.018472
566,test,price,0,0,0.001302,0.024043
566,test,shipping,0,0,0.001523,0.006607
566,test,smell,0,0,0.003371,0.033768
566,test,stayingpower,0,0,0.027541,0.121076
566,test,texture,1,1,0.000605,0.998721
567,test,colour,0,0,0.013817,0.012858
567,test,packing,0,0,0.003495,0.002862
567,test,price,0,0,0.004067,0.006919
567,test,shipping,0,0,0.0008,0.003282
567,test,smell,0,0,0.029329,0.02885
567,test,stayingpower,0,0,0.001914,0.00191
567,test,texture,0,0,0.008124,0.010048
568,test,colour,1,1,0.000505,0.999345
568,test,packing,1,1,0.001734,0.996101
568,test,price,0,0,0.002537,0.030607
568,test,shipping,1,1,0.001903,0.994269
568,test,smell,0,0,0.00563,0.016768
568,test,stayingpower,0,0,0.004795,0.018735
568,test,texture,0,0,0.005911,0.016181
569,test,colour,0,0,0.041151,0.030284
569,test,packing,0,0,0.001089,0.000945
569,test,price,0,0,0.004326,0.006488
569,test,shipping,0,0,0.002257,0.013177
569,test,smell,0,0,0.002106,0.003402
569,test,stayingpower,0,0,0.000439,0.002954
569,test,texture,0,0,0.004724,0.005157
570,test,colour,0,0,0.002406,0.026971
570,test,packing,0,0,0.000756,0.003328
570,test,price,1,1,0.004864,0.940814
570,test,shipping,0,0,0.004347,0.04126
570,test,smell,0,0,0.00281,0.030039
570,test,stayingpower,0,0,0.010518,0.109714
570,test,texture,1,1,0.000958,0.987192
571,test,colour,0,0,0.001149,0.007387
571,test,packing,0,0,0.001717,0.007744
571,test,price,0,0,0.003287,0.00698
571,test,shipping,0,0,0.01999,0.074801
571,test,smell,0,0,0.003631,0.005264
571,test,stayingpower,0,0,0.00029,0.000512
571,test,texture,0,0,0.00292,0.010859
572,test,colour,0,0,0.005215,0.035029
572,test,packing,0,0,0.001299,0.004384
572,test,price,0,0,0.004206,0.011032
572,test,shipping,0,0,0.000757,0.002552
572,test,smell,0,0,0.003095,0.013424
572,test,stayingpower,0,0,0.00045,0.001829
572,test,texture,0,0,0.00126,0.009354
573,test,colour,0,0,0.013198,0.049462
573,test,packing,1,1,0.010819,0.970781
573,test,price,0,0,0.002211,0.004097
573,test,shipping,0,0,0.068081,0.334356
573,test,smell,0,0,0.00033,0.000233
573,test,stayingpower,0,0,0.00188,0.003235
573,test,texture,0,0,0.007588,0.017801
574,test,colour,0,0,0.002489,0.207328
574,test,packing,0,0,0.000501,0.003294
574,test,price,0,0,0.006621,0.052383
574,test,shipping,0,0,0.001131,0.010395
574,test,smell,0,0,0.002797,0.010048
574,test,stayingpower,0,0,0.000211,0.001598
574,test,texture,0,0,0.000762,0.005418
575,test,colour,0,0,0.023431,0.051689
575,test,packing,1,1,0.084843,0.898408
575,test,price,0,0,0.010785,0.02461
575,test,shipping,0,0,0.070963,0.040776
575,test,smell,2,2,0.979632,0.015336
575,test,stayingpower,0,0,0.00204,0.005946
575,test,texture,0,0,0.130134,0.06175
576,test,colour,1,1,0.000127,0.998389
576,test,packing,0,0,0.001688,0.027769
576,test,price,1,1,0.001594,0.9971
576,test,shipping,0,0,0.028937,0.055943
576,test,smell,0,0,0.003957,0.01419
576,test,stayingpower,0,0,0.004861,0.062373
576,test,texture,0,0,0.019022,0.099901
577,test,colour,1,1,0.017082,0.982628
577,test,packing,1,1,0.030061,0.958905
577,test,price,0,0,0.009004,0.068597
577,test,shipping,0,0,0.104739,0.03651
577,test,smell,0,0,0.061191,0.00641
577,test,stayingpower,0,0,0.026865,0.040581
577,test,texture,0,0,0.423236,0.028081
578,test,colour,1,1,0.0006,0.998892
578,test,packing,0,0,0.000852,0.00348
578,test,price,1,1,0.001721,0.995645
578,test,shipping,0,0,0.003987,0.006897
578,test,smell,0,0,0.025425,0.053057
578,test,stayingpower,0,0,0.088311,0.133058
578,test,texture,1,1,0.268583,0.713209
579,test,colour,1,1,0.074745,0.923774
579,test,packing,0,0,0.008666,0.012544
579,test,price,0,0,0.003213,0.00682
579,test,shipping,2,2,0.998136,0.000418
579,test,smell,0,0,0.063022,0.009856
579,test,stayingpower,0,0,0.006418,0.011023
579,test,texture,0,0,0.051985,0.017296
580,test,colour,1,1,0.012084,0.982932
580,test,packing,1,1,0.002836,0.987647
580,test,price,0,0,0.003844,0.021875
580,test,shipping,1,1,0.010522,0.98713
580,test,smell,0,0,0.002991,0.002671
580,test,stayingpower,0,0,0.002172,0.00402
580,test,texture,0,0,0.00265,0.009039
581,test,colour,1,1,0.001138,0.99587
581,test,packing,1,0,0.005897,0.260509
581,test,price,0,0,0.001877,0.005383
581,test,shipping,3,1,0.135875,0.861863
581,test,smell,0,0,0.002375,0.015422
581,test,stayingpower,0,0,0.000555,0.00505
581,test,texture,0,0,0.001504,0.010731
582,test,colour,0,0,0.003891,0.058252
582,test,packing,1,1,0.04262,0.947603
582,test,price,1,1,0.011515,0.974838
582,test,shipping,1,0,0.461105,0.071383
582,test,smell,2,2,0.842786,0.110423
582,test,stayingpower,0,0,0.004088,0.014434
582,test,texture,0,0,0.087403,0.033504
583,test,colour,0,0,0.005591,0.028493
583,test,packing,0,0,0.01446,0.123825
583,test,price,0,0,0.005815,0.017061
583,test,shipping,1,1,0.000195,0.999053
583,test,smell,0,0,0.001832,0.003585
583,test,stayingpower,0,0,0.001517,0.004046
583,test,texture,0,0,0.000786,0.003841
584,test,colour,0,0,0.104221,0.014214
584,test,packing,0,0,0.028747,0.015914
584,test,price,0,0,0.039359,0.019458
584,test,shipping,2,2,0.999044,0.000858
584,test,smell,1,1,0.086307,0.893528
584,test,stayingpower,0,0,0.045522,0.021255
584,test,texture,0,0,0.051275,0.058528
585,test,colour,0,0,0.05349,0.015008
585,test,packing,3,2,0.570532,0.423315
585,test,price,0,0,0.020678,0.038087
585,test,shipping,2,2,0.999293,0.000489
585,test,smell,0,0,0.017234,0.003033
585,test,stayingpower,0,0,0.012392,0.013873
585,test,texture,0,0,0.124597,0.049673
586,test,colour,0,0,0.014462,0.011907
586,test,packing,0,0,0.0131,0.007128
586,test,price,1,1,0.005863,0.98932
586,test,shipping,0,0,0.017368,0.011233
586,test,smell,1,1,0.003614,0.993788
586,test,stayingpower,0,0,0.006132,0.03899
586,test,texture,0,1,0.054863,0.546193
587,test,colour,0,0,0.00215,0.030916
587,test,packing,1,1,0.004315,0.992225
587,test,price,0,0,0.003984,0.01896
587,test,shipping,1,1,0.000548,0.998389
587,test,smell,0,0,0.001211,0.004803
587,test,stayingpower,0,0,0.000462,0.002638
587,test,texture,0,0,0.001926,0.040762
588,test,colour,2,2,0.965808,0.028571
588,test,packing,0,0,0.013008,0.005983
588,test,price,0,0,0.009741,0.165847
588,test,shipping,0,0,0.015279,0.117421
588,test,smell,0,0,0.182787,0.023465
588,test,stayingpower,0,0,0.403379,0.003197
588,test,texture,1,1,0.007613,0.990092
589,test,colour,1,1,0.00103,0.997136
589,test,packing,0,0,0.005847,0.042859
589,test,price,0,0,0.021024,0.050249
589,test,shipping,2,2,0.998529,0.001161
589,test,smell,0,0,0.004548,0.009379
589,test,stayingpower,0,0,0.01615,0.043638
589,test,texture,0,0,0.006349,0.017989
590,test,colour,0,0,0.004084,0.049239
590,test,packing,0,0,0.002504,0.005159
590,test,price,0,0,0.003451,0.009931
590,test,shipping,0,0,0.002054,0.016923
590,test,smell,1,1,0.004101,0.995339
590,test,stayingpower,0,0,0.006419,0.015583
590,test,texture,0,0,0.002595,0.216177
591,test,colour,0,0,0.001216,0.044848
591,test,packing,0,0,0.001917,0.037862
591,test,price,0,0,0.001246,0.004528
591,test,shipping,0,0,0.0022,0.014795
591,test,smell,0,0,0.001998,0.010411
591,test,stayingpower,0,0,0.000696,0.011675
591,test,texture,0,0,0.000871,0.014848
592,test,colour,1,1,0.001609,0.997474
592,test,packing,0,0,0.00068,0.005623
592,test,price,0,0,0.004065,0.026085
592,test,shipping,0,0,0.007584,0.097847
592,test,smell,0,0,0.00053,0.000645
592,test,stayingpower,0,0,0.002217,0.012343
592,test,texture,0,0,0.001905,0.003082
593,test,colour,0,0,0.002109,0.146822
593,test,packing,0,0,0.001708,0.011025
593,test,price,0,0,0.006045,0.020115
593,test,shipping,0,0,0.001038,0.011243
593,test,smell,0,0,0.007815,0.043684
593,test,stayingpower,1,1,0.035883,0.912618
593,test,texture,0,1,0.049852,0.529093
594,test,colour,1,1,0.265538,0.72342
594,test,packing,0,0,0.002282,0.002759
594,test,price,1,1,0.001457,0.997946
594,test,shipping,0,0,0.033564,0.019465
594,test,smell,0,0,0.042189,0.132075
594,test,stayingpower,0,0,0.097321,0.104286
594,test,texture,0,1,0.04497,0.942858
595,test,colour,1,1,0.000317,0.999102
595,test,packing,0,0,0.000469,0.005876
595,test,price,0,0,0.001023,0.011765
595,test,shipping,0,0,0.001061,0.057962
595,test,smell,0,0,0.000758,0.007311
595,test,stayingpower,0,0,0.014377,0.039892
595,test,texture,0,0,0.003106,0.263383
596,test,colour,0,0,0.074636,0.070034
596,test,packing,0,0,0.007989,0.007623
596,test,price,0,0,0.003113,0.021064
596,test,shipping,0,0,0.002053,0.016103
596,test,smell,0,0,0.007974,0.013668
596,test,stayingpower,0,0,0.135017,0.064483
596,test,texture,1,1,0.002739,0.997113
597,test,colour,3,2,0.981929,0.010802
597,test,packing,0,0,0.068653,0.008227
597,test,price,0,0,0.04261,0.086503
597,test,shipping,0,0,0.002758,0.009429
597,test,smell,0,0,0.26014,0.002207
597,test,stayingpower,0,0,0.119133,0.004283
597,test,texture,0,2,0.747361,0.013138
598,test,colour,0,0,0.002497,0.008029
598,test,packing,1,1,0.00365,0.992566
598,test,price,0,0,0.004925,0.014561
598,test,shipping,1,1,0.000757,0.994767
598,test,smell,0,0,0.001339,0.00379
598,test,stayingpower,0,0,0.000414,0.001658
598,test,texture,0,0,0.000855,0.003836
599,test,colour,0,0,0.023628,0.201935
599,test,packing,0,0,0.045639,0.034552
599,test,price,1,1,0.005808,0.991649
599,test,shipping,2,2,0.991676,0.002202
599,test,smell,0,0,0.088771,0.072292
599,test,stayingpower,1,1,0.358983,0.620169
599,test,texture,1,1,0.183474,0.808079
600,test,colour,1,1,0.009931,0.952647
600,test,packing,1,1,0.001617,0.997241
600,test,price,0,0,0.000962,0.002383
600,test,shipping,1,1,0.000547,0.998165
600,test,smell,0,0,0.002468,0.015441
600,test,stayingpower,0,0,0.000792,0.006107
600,test,texture,0,0,0.002187,0.019133
601,test,colour,0,0,0.012689,0.039368
601,test,packing,1,1,0.003745,0.995749
601,test,price,0,0,0.001277,0.002828
601,test,shipping,1,1,0.021847,0.860599
601,test,smell,0,0,0.001639,0.001735
601,test,stayingpower,0,0,0.000468,0.001403
601,test,texture,0,0,0.00079,0.00262
602,test,colour,1,1,0.000446,0.999052
602,test,packing,0,0,0.000448,0.001937
602,test,price,0,0,0.001417,0.018515
602,test,shipping,0,0,0.004388,0.012061
602,test,smell,0,0,0.009128,0.053322
602,test,stayingpower,0,0,0.00474,0.016478
602,test,texture,1,1,0.002367,0.966004
603,test,colour,0,0,0.011253,0.011889
603,test,packing,0,0,0.010193,0.008254
603,test,price,0,0,0.007502,0.007076
603,test,shipping,0,0,0.000461,0.000974
603,test,smell,0,0,0.040676,0.005767
603,test,stayingpower,0,0,0.013349,0.021166
603,test,texture,0,0,0.429256,0.028303
604,test,colour,0,0,0.046395,0.105973
604,test,packing,0,0,0.015942,0.01285
604,test,price,0,0,0.011072,0.010285
604,test,shipping,0,0,0.006031,0.003122
604,test,smell,0,0,0.018884,0.007459
604,test,stayingpower,3,2,0.808164,0.186693
604,test,texture,3,2,0.814097,0.178444
605,test,colour,0,0,0.007153,0.029801
605,test,packing,1,1,0.005195,0.992123
605,test,price,0,0,0.003665,0.013442
605,test,shipping,0,0,0.003673,0.026056
605,test,smell,0,0,0.004828,0.002747
605,test,stayingpower,0,0,0.000941,0.001635
605,test,texture,0,0,0.003731,0.004476
606,test,colour,0,0,0.004362,0.003741
606,test,packing,0,0,0.014471,0.043153
606,test,price,0,0,0.004333,0.006136
606,test,shipping,2,2,0.999044,0.000729
606,test,smell,0,0,0.004371,0.003639
606,test,stayingpower,0,0,0.004127,0.010608
606,test,texture,0,0,0.00355,0.017057
607,test,colour,0,0,0.064494,0.005582
607,test,packing,1,1,0.376991,0.621981
607,test,price,0,0,0.018515,0.023483
607,test,shipping,3,1,0.055961,0.932441
607,test,smell,0,0,0.021018,0.00315
607,test,stayingpower,0,0,0.003845,0.002507
607,test,texture,0,0,0.037025,0.007101
608,test,colour,0,0,0.014463,0.39773
608,test,packing,1,1,0.003875,0.988298
608,test,price,0,0,0.001562,0.011859
608,test,shipping,1,1,0.00193,0.994231
608,test,smell,0,0,0.002918,0.027271
608,test,stayingpower,1,1,0.042197,0.937726
608,test,texture,1,1,0.002216,0.987946
609,test,colour,3,1,0.168199,0.822519
609,test,packing,0,0,0.004456,0.009646
609,test,price,0,0,0.012214,0.044724
609,test,shipping,0,0,0.005342,0.032344
609,test,smell,0,0,0.009093,0.009112
609,test,stayingpower,2,2,0.992757,0.007065
609,test,texture,0,0,0.078227,0.092229
610,test,colour,0,0,0.010006,0.312709
610,test,packing,0,0,0.000531,0.001768
610,test,price,0,0,0.001542,0.002992
610,test,shipping,0,0,0.002407,0.006801
610,test,smell,0,0,0.002719,0.009733
610,test,stayingpower,0,0,0.000832,0.003472
610,test,texture,0,0,0.000722,0.009775
611,test,colour,1,1,0.004919,0.992854
611,test,packing,0,0,0.004444,0.01451
611,test,price,0,0,0.001124,0.008507
611,test,shipping,0,0,0.161929,0.073277
611,test,smell,0,0,0.000619,0.001156
611,test,stayingpower,0,0,0.061666,0.119295
611,test,texture,1,1,0.016368,0.981451
612,test,colour,0,0,0.001665,0.002522
612,test,packing,0,0,0.001042,0.00386
612,test,price,0,0,0.002755,0.007599
612,test,shipping,0,0,0.000957,0.008154
612,test,smell,0,0,0.004691,0.004159
612,test,stayingpower,0,0,0.000655,0.003827
612,test,texture,0,0,0.013775,0.057041
613,test,colour,1,1,0.329316,0.639483
613,test,packing,0,0,0.089607,0.044306
613,test,price,0,0,0.055763,0.466918
613,test,shipping,0,2,0.655411,0.012916
613,test,smell,1,1,0.06889,0.92834
613,test,stayingpower,2,2,0.859234,0.135628
613,test,texture,2,2,0.897417,0.032665
614,test,colour,0,0,0.015507,0.042332
614,test,packing,0,0,0.00223,0.004469
614,test,price,0,0,0.001993,0.004134
614,test,shipping,0,0,0.012918,0.03271
614,test,smell,0,0,0.011936,0.01368
614,test,stayingpower,0,0,0.00491,0.00714
614,test,texture,0,0,0.009046,0.027852
615,test,colour,0,0,0.004071,0.042297
615,test,packing,0,0,0.000989,0.004939
615,test,price,0,0,0.001655,0.0019
615,test,shipping,0,0,0.020292,0.062293
615,test,smell,0,0,0.002475,0.00334
615,test,stayingpower,0,0,0.001179,0.007546
615,test,texture,0,0,0.006208,0.010773
616,test,colour,3,1,0.33106,0.597185
616,test,packing,0,0,0.025211,0.025496
616,test,price,0,0,0.018736,0.140837
616,test,shipping,2,2,0.993772,0.00565
616,test,smell,0,0,0.268464,0.075766
616,test,stayingpower,2,2,0.980485,0.019105
616,test,texture,1,1,0.458985,0.486236
617,test,colour,0,0,0.027697,0.032581
617,test,packing,0,0,0.047601,0.035259
617,test,price,0,0,0.036918,0.064625
617,test,shipping,2,2,0.996341,0.002173
617,test,smell,0,0,0.116108,0.036307
617,test,stayingpower,0,0,0.104765,0.290146
617,test,texture,2,2,0.986862,0.009476
618,test,colour,2,2,0.884739,0.08866
618,test,packing,0,0,0.092693,0.059202
618,test,price,0,0,0.023019,0.025587
618,test,shipping,2,2,0.99668,0.002196
618,test,smell,1,1,0.082149,0.917664
618,test,stayingpower,0,2,0.610294,0.047775
618,test,texture,0,0,0.051379,0.043529
619,test,colour,1,1,0.09025,0.902697
619,test,packing,0,0,0.013845,0.015039
619,test,price,1,1,0.014805,0.804953
619,test,shipping,1,1,0.013996,0.906813
619,test,smell,0,0,0.087481,0.1499
619,test,stayingpower,2,2,0.998764,0.001126
619,test,texture,1,1,0.008733,0.963162
620,test,colour,0,0,0.006778,0.053948
620,test,packing,0,0,0.021839,0.126946
620,test,price,0,0,0.004726,0.01436
620,test,shipping,1,1,0.001067,0.998805
620,test,smell,0,0,0.018409,0.011134
620,test,stayingpower,0,0,0.000885,0.002771
620,test,texture,0,0,0.002304,0.01812
621,test,colour,0,0,0.003598,0.021802
621,test,packing,0,0,0.000653,0.001603
621,test,price,0,0,0.002589,0.005459
621,test,shipping,0,0,0.010914,0.235399
621,test,smell,0,0,0.00121,0.002719
621,test,stayingpower,0,0,0.00033,0.002093
621,test,texture,0,0,0.000584,0.002793
622,test,colour,0,0,0.005509,0.006344
622,test,packing,0,0,0.003538,0.006339
622,test,price,0,0,0.00463,0.006395
622,test,shipping,0,0,0.000972,0.003596
622,test,smell,0,0,0.008088,0.006036
622,test,stayingpower,0,0,0.001015,0.001442
622,test,texture,0,0,0.002057,0.005041
623,test,colour,2,1,0.136841,0.859583
623,test,packing,0,0,0.01007,0.005181
623,test,price,0,0,0.026008,0.133714
623,test,shipping,0,0,0.000979,0.002721
623,test,smell,0,0,0.207002,0.033372
623,test,stayingpower,0,0,0.116637,0.10126
623,test,texture,2,2,0.986657,0.0128
624,test,colour,0,0,0.001294,0.008122
624,test,packing,0,0,0.003419,0.044599
624,test,price,0,0,0.001916,0.005597
624,test,shipping,1,1,0.021774,0.811804
624,test,smell,0,0,0.001925,0.006843
624,test,stayingpower,0,0,0.000109,0.001284
624,test,texture,0,0,0.000669,0.008832
625,test,colour,0,0,0.00451,0.002336
625,test,packing,0,0,0.003378,0.007989
625,test,price,0,0,0.000753,0.001707
625,test,shipping,0,0,0.004868,0.032095
625,test,smell,0,0,0.004627,0.008953
625,test,stayingpower,0,0,0.004025,0.003679
625,test,texture,0,0,0.004699,0.04009
626,test,colour,0,0,0.173744,0.058692
626,test,packing,0,0,0.022329,0.021602
626,test,price,0,0,0.047821,0.09937
626,test,shipping,0,0,0.102982,0.020035
626,test,smell,0,0,0.034534,0.005401
626,test,stayingpower,1,1,0.181649,0.807494
626,test,texture,2,2,0.986708,0.007191
627,test,colour,0,0,0.006719,0.061015
627,test,packing,1,1,0.001833,0.997145
627,test,price,0,0,0.006571,0.027516
627,test,shipping,1,1,0.00054,0.996953
627,test,smell,0,0,0.002232,0.005913
627,test,stayingpower,0,0,0.001037,0.003151
627,test,texture,0,0,0.001255,0.002271
628,test,colour,0,0,0.004325,0.003138
628,test,packing,0,0,0.002186,0.0023
628,test,price,0,0,0.001989,0.001674
628,test,shipping,0,0,0.02309,0.006643
628,test,smell,0,0,0.046883,0.014258
628,test,stayingpower,0,0,0.000727,0.00151
628,test,texture,0,0,0.004871,0.004479
629,test,colour,1,1,0.000624,0.998323
629,test,packing,0,0,0.002098,0.029623
629,test,price,1,1,0.003186,0.995104
629,test,shipping,0,0,0.006787,0.011315
629,test,smell,0,0,0.00573,0.011557
629,test,stayingpower,0,0,0.002983,0.031663
629,test,texture,0,0,0.015516,0.022996
630,test,colour,2,2,0.84913,0.146873
630,test,packing,0,0,0.01042,0.014388
630,test,price,0,0,0.01647,0.35774
630,test,shipping,0,0,0.00149,0.020615
630,test,smell,0,0,0.01758,0.021365
630,test,stayingpower,0,0,0.083184,0.02858
630,test,texture,1,1,0.004319,0.943794
631,test,colour,0,0,0.018454,0.451255
631,test,packing,0,0,0.011273,0.053513
631,test,price,0,0,0.016883,0.402392
631,test,shipping,2,2,0.998798,0.000704
631,test,smell,0,0,0.007668,0.009335
631,test,stayingpower,0,0,0.060561,0.150462
631,test,texture,1,1,0.00132,0.997823
632,test,colour,0,0,0.022336,0.431773
632,test,packing,0,0,0.007932,0.034198
632,test,price,0,0,0.005223,0.02252
632,test,shipping,2,2,0.998904,0.000971
632,test,smell,0,0,0.008361,0.021626
632,test,stayingpower,1,1,0.023413,0.902982
632,test,texture,1,1,0.008162,0.98084
633,test,colour,2,2,0.992442,0.006598
633,test,packing,0,0,0.004944,0.003128
633,test,price,0,0,0.005264,0.019735
633,test,shipping,0,0,0.008025,0.017294
633,test,smell,0,0,0.128266,0.047507
633,test,stayingpower,0,0,0.061324,0.011064
633,test,texture,1,1,0.055736,0.929568
634,test,colour,1,1,0.003467,0.990732
634,test,packing,0,0,0.001045,0.002013
634,test,price,0,0,0.005907,0.010109
634,test,shipping,0,0,0.00165,0.010092
634,test,smell,1,1,0.001741,0.99811
634,test,stayingpower,0,0,0.004037,0.012104
634,test,texture,1,0,0.045772,0.194815
635,test,colour,1,1,0.019177,0.978878
635,test,packing,0,0,0.011776,0.038111
635,test,price,0,0,0.001202,0.019232
635,test,shipping,0,0,0.007784,0.026943
635,test,smell,0,0,0.002552,0.004176
635,test,stayingpower,2,2,0.978853,0.02048
635,test,texture,1,1,0.032098,0.857297
636,test,colour,0,0,0.002747,0.054467
636,test,packing,0,0,0.000585,0.001886
636,test,price,0,0,0.006839,0.077756
636,test,shipping,0,0,0.002485,0.020379
636,test,smell,0,0,0.001331,0.004562
636,test,stayingpower,0,0,0.000338,0.002256
636,test,texture,0,0,0.000672,0.008322
637,test,colour,1,1,0.000931,0.992763
637,test,packing,0,0,0.002814,0.060338
637,test,price,0,0,0.002634,0.024896
637,test,shipping,1,1,0.001256,0.994878
637,test,smell,0,0,0.001332,0.031743
637,test,stayingpower,1,1,0.005816,0.97382
637,test,texture,0,0,0.009202,0.348284
638,test,colour,1,1,0.001761,0.997677
638,test,packing,0,0,0.00267,0.012458
638,test,price,0,0,0.001425,0.015429
638,test,shipping,0,0,0.001516,0.014978
638,test,smell,3,1,0.0604,0.905903
638,test,stayingpower,0,0,0.061318,0.102222
638,test,texture,1,1,0.001557,0.997944
639,test,colour,0,0,0.007601,0.03797
639,test,packing,0,1,0.145456,0.7219
639,test,price,0,0,0.022853,0.177969
639,test,shipping,0,0,0.02754,0.02012
639,test,smell,1,2,0.798481,0.200417
639,test,stayingpower,0,0,0.001794,0.006429
639,test,texture,0,0,0.034432,0.430648
640,test,colour,1,1,0.000578,0.999342
640,test,packing,0,0,0.002915,0.005016
640,test,price,0,0,0.011968,0.071657
640,test,shipping,0,0,0.159923,0.015785
640,test,smell,0,0,0.025486,0.003838
640,test,stayingpower,1,0,0.103287,0.163861
640,test,texture,2,2,0.947687,0.015676
641,test,colour,0,0,0.001448,0.01128
641,test,packing,0,0,0.000348,0.001107
641,test,price,0,0,0.002436,0.005215
641,test,shipping,0,0,0.002929,0.01279
641,test,smell,0,0,0.003469,0.009482
641,test,stayingpower,0,0,0.000443,0.005255
641,test,texture,0,0,0.002854,0.016939
642,test,colour,0,0,0.009218,0.261964
642,test,packing,0,0,0.015152,0.03513
642,test,price,1,1,0.011449,0.945241
642,test,shipping,0,0,0.115857,0.025302
642,test,smell,0,0,0.00413,0.036492
642,test,stayingpower,1,1,0.107196,0.891924
642,test,texture,1,1,0.002537,0.995986
643,test,colour,0,0,0.004061,0.042539
643,test,packing,0,0,0.027211,0.174516
643,test,price,1,1,0.034039,0.931776
643,test,shipping,2,2,0.999397,0.000396
643,test,smell,0,0,0.004816,0.004832
643,test,stayingpower,0,0,0.003411,0.053508
643,test,texture,0,0,0.004178,0.016324
644,test,colour,0,0,0.012706,0.077211
644,test,packing,0,0,0.010547,0.011371
644,test,price,1,1,0.00376,0.994257
644,test,shipping,0,0,0.011553,0.042816
644,test,smell,1,1,0.004245,0.995171
644,test,stayingpower,0,0,0.065453,0.122521
644,test,texture,1,1,0.008437,0.979091
645,test,colour,0,0,0.011539,0.005311
645,test,packing,0,0,0.001674,0.001398
645,test,price,0,0,0.001702,0.001483
645,test,shipping,0,0,0.004467,0.004307
645,test,smell,0,0,0.022809,0.016335
645,test,stayingpower,0,0,0.001362,0.001777
645,test,texture,0,0,0.00675,0.014653
646,test,colour,1,1,0.025297,0.886507
646,test,packing,0,0,0.013626,0.023117
646,test,price,0,0,0.01199,0.017508
646,test,shipping,0,0,0.046618,0.006913
646,test,smell,1,1,0.004724,0.990823
646,test,stayingpower,1,1,0.113269,0.883771
646,test,texture,3,1,0.404697,0.559029
647,test,colour,0,0,0.002136,0.015005
647,test,packing,0,0,0.000967,0.008598
647,test,price,0,0,0.008965,0.136266
647,test,shipping,0,0,0.001123,0.004649
647,test,smell,0,0,0.00158,0.00154
647,test,stayingpower,0,0,0.000192,0.001087
647,test,texture,0,0,0.003032,0.029178
648,test,colour,0,0,0.016421,0.025024
648,test,packing,0,0,0.005283,0.01219
648,test,price,1,1,0.002183,0.997337
648,test,shipping,0,0,0.005655,0.028379
648,test,smell,0,0,0.009473,0.004061
648,test,stayingpower,0,0,0.002737,0.005763
648,test,texture,0,0,0.035895,0.013227
649,test,colour,0,0,0.004684,0.028537
649,test,packing,1,1,0.006582,0.987342
649,test,price,1,1,0.003606,0.989334
649,test,shipping,1,1,0.002771,0.955038
649,test,smell,0,0,0.003792,0.006251
649,test,stayingpower,0,0,0.000792,0.003252
649,test,texture,0,0,0.002882,0.007887
650,test,colour,1,1,0.001409,0.996301
650,test,packing,0,0,0.004918,0.030564
650,test,price,0,0,0.002361,0.06435
650,test,shipping,1,1,0.000238,0.992829
650,test,smell,0,0,0.00214,0.013411
650,test,stayingpower,0,0,0.049607,0.035716
650,test,texture,1,1,0.00236,0.981659
651,test,colour,1,1,0.001982,0.987609
651,test,packing,0,0,0.001411,0.002662
651,test,price,1,1,0.001794,0.994158
651,test,shipping,0,0,0.003075,0.012971
651,test,smell,0,0,0.004862,0.023096
651,test,stayingpower,0,0,0.03019,0.125071
651,test,texture,1,1,0.005909,0.99319
652,test,colour,1,1,0.000394,0.983997
652,test,packing,0,0,0.000989,0.006257
652,test,price,0,0,0.002899,0.033018
652,test,shipping,0,0,0.038048,0.012794
652,test,smell,0,0,0.00276,0.177921
652,test,stayingpower,1,1,0.014306,0.976568
652,test,texture,1,1,0.002933,0.991398
653,test,colour,0,0,0.003706,0.057081
653,test,packing,0,1,0.006468,0.563195
653,test,price,0,0,0.002117,0.029638
653,test,shipping,0,0,0.012836,0.076028
653,test,smell,0,0,0.000187,0.00071
653,test,stayingpower,0,0,0.000297,0.002637
653,test,texture,0,0,0.000505,0.009939
654,test,colour,1,1,0.003813,0.987832
654,test,packing,0,0,0.002291,0.005594
654,test,price,0,0,0.001603,0.015164
654,test,shipping,0,0,0.000958,0.012619
654,test,smell,1,1,0.003153,0.989349
654,test,stayingpower,0,0,0.034261,0.042572
654,test,texture,1,1,0.000438,0.99864
655,test,colour,0,0,0.008926,0.345461
655,test,packing,0,0,0.000546,0.004213
655,test,price,1,0,0.012594,0.259285
655,test,shipping,0,0,0.00038,0.025326
655,test,smell,0,0,0.000493,0.002093
655,test,stayingpower,0,0,0.01417,0.018767
655,test,texture,0,0,0.013144,0.076865
656,test,colour,0,0,0.038351,0.009401
656,test,packing,0,0,0.001825,0.001637
656,test,price,0,0,0.00204,0.002144
656,test,shipping,0,0,0.016244,0.043453
656,test,smell,0,0,0.002759,0.001156
656,test,stayingpower,0,0,0.000818,0.001398
656,test,texture,0,0,0.002806,0.002513
657,test,colour,0,0,0.008008,0.085781
657,test,packing,0,0,0.000974,0.004014
657,test,price,0,0,0.000995,0.002455
657,test,shipping,0,0,0.0027,0.035842
657,test,smell,0,0,0.002014,0.003703
657,test,stayingpower,0,0,0.000235,0.001349
657,test,texture,0,0,0.00074,0.001843
658,test,colour,0,0,0.001972,0.007861
658,test,packing,0,0,0.014952,0.152912
658,test,price,0,0,0.002205,0.004311
658,test,shipping,0,0,0.001983,0.020563
658,test,smell,0,0,0.002275,0.012522
658,test,stayingpower,0,0,0.000272,0.006215
658,test,texture,0,0,0.001988,0.00676
659,test,colour,0,0,0.01912,0.05115
659,test,packing,0,0,0.014663,0.043313
659,test,price,0,0,0.011093,0.072305
659,test,shipping,0,0,0.006168,0.014721
659,test,smell,1,1,0.009141,0.989598
659,test,stayingpower,1,1,0.164778,0.785541
659,test,texture,1,1,0.012171,0.982424
660,test,colour,1,1,0.032519,0.965646
660,test,packing,0,0,0.003421,0.014979
660,test,price,0,0,0.007678,0.069616
660,test,shipping,0,0,0.034102,0.051217
660,test,smell,0,0,0.018015,0.002443
660,test,stayingpower,2,2,0.976756,0.022587
660,test,texture,0,0,0.0807,0.169952
661,test,colour,0,0,0.105519,0.040902
661,test,packing,0,0,0.014089,0.009392
661,test,price,0,0,0.071366,0.066878
661,test,shipping,0,0,0.487596,0.022936
661,test,smell,3,2,0.699713,0.300207
661,test,stayingpower,0,0,0.010869,0.015415
661,test,texture,0,0,0.113698,0.051114
662,test,colour,0,0,0.072967,0.038859
662,test,packing,0,0,0.030745,0.022656
662,test,price,0,0,0.028068,0.023298
662,test,shipping,0,0,0.00736,0.234284
662,test,smell,1,1,0.083937,0.907891
662,test,stayingpower,0,0,0.180974,0.116135
662,test,texture,3,2,0.934774,0.063579
663,test,colour,0,0,0.036052,0.181582
663,test,packing,0,0,0.007297,0.006693
663,test,price,0,0,0.011101,0.060457
663,test,shipping,0,0,0.002652,0.021788
663,test,smell,0,0,0.008381,0.030077
663,test,stayingpower,2,2,0.994212,0.005537
663,test,texture,1,1,0.027577,0.932549
664,test,colour,0,1,0.001933,0.506773
664,test,packing,0,0,0.000682,0.011089
664,test,price,0,0,0.001337,0.005123
664,test,shipping,0,0,0.006077,0.05978
664,test,smell,0,0,0.000715,0.005419
664,test,stayingpower,0,0,0.000171,0.003093
664,test,texture,0,0,0.001205,0.033069
665,test,colour,0,2,0.513933,0.010488
665,test,packing,0,0,0.2331,0.068388
665,test,price,0,0,0.009735,0.006437
665,test,shipping,2,2,0.996956,0.00234
665,test,smell,0,0,0.033812,0.003889
665,test,stayingpower,0,0,0.006387,0.002479
665,test,texture,0,0,0.055488,0.021658
666,test,colour,1,1,0.001066,0.998341
666,test,packing,0,0,0.001341,0.007926
666,test,price,0,0,0.000909,0.012357
666,test,shipping,0,0,0.010097,0.010658
666,test,smell,0,0,0.007973,0.065391
666,test,stayingpower,0,0,0.036028,0.247614
666,test,texture,1,1,0.001855,0.997389
667,test,colour,3,2,0.954742,0.044368
667,test,packing,0,0,0.007277,0.004911
667,test,price,0,0,0.004306,0.003475
667,test,shipping,0,0,0.01377,0.005008
667,test,smell,0,0,0.035041,0.003808
667,test,stayingpower,0,0,0.004007,0.003247
667,test,texture,0,0,0.200183,0.042024
668,test,colour,1,1,0.000418,0.999283
668,test,packing,0,0,0.001735,0.005758
668,test,price,1,1,0.001889,0.997397
668,test,shipping,0,0,0.045171,0.02808
668,test,smell,0,0,0.203472,0.172441
668,test,stayingpower,0,0,0.016342,0.042206
668,test,texture,0,0,0.123414,0.15561
669,test,colour,1,1,0.002379,0.99503
669,test,packing,0,0,0.006876,0.067503
669,test,price,0,0,0.015181,0.041632
669,test,shipping,2,2,0.998468,0.000435
669,test,smell,1,1,0.018542,0.979248
669,test,stayingpower,0,0,0.00553,0.023347
669,test,texture,0,0,0.012472,0.044893
670,test,colour,0,0,0.024265,0.058529
670,test,packing,0,0,0.000821,0.00379
670,test,price,0,0,0.003773,0.005756
670,test,shipping,0,0,0.005834,0.00657
670,test,smell,0,0,0.004234,0.006009
670,test,stayingpower,0,0,0.001432,0.006209
670,test,texture,0,0,0.001603,0.001661
671,test,colour,1,1,0.00176,0.637848
671,test,packing,0,0,0.001119,0.012221
671,test,price,0,0,0.004,0.051343
671,test,shipping,0,0,0.000335,0.005509
671,test,smell,0,0,0.003171,0.016843
671,test,stayingpower,0,0,0.000246,0.002778
671,test,texture,0,0,0.000816,0.024784
672,test,colour,0,0,0.00264,0.065012
672,test,packing,0,0,0.002288,0.016812
672,test,price,0,0,0.008397,0.038031
672,test,shipping,0,0,0.007408,0.159457
672,test,smell,1,1,0.001186,0.994197
672,test,stayingpower,0,0,0.000174,0.00222
672,test,texture,0,0,0.001985,0.035132
673,test,colour,0,0,0.00249,0.008353
673,test,packing,0,0,0.007183,0.201573
673,test,price,0,0,0.001082,0.00169
673,test,shipping,0,0,0.018765,0.092315
673,test,smell,0,0,0.000807,0.001248
673,test,stayingpower,0,0,0.000239,0.001907
673,test,texture,0,0,0.000467,0.000994
674,test,colour,1,1,0.177834,0.780419
674,test,packing,0,0,0.089893,0.074412
674,test,price,1,1,0.026048,0.966327
674,test,shipping,2,2,0.996952,0.001799
674,test,smell,2,2,0.970927,0.028468
674,test,stayingpower,0,0,0.046091,0.04326
674,test,texture,0,2,0.573732,0.053562
675,test,colour,0,0,0.0347,0.092481
675,test,packing,1,1,0.02773,0.970225
675,test,price,0,0,0.007594,0.031774
675,test,shipping,3,2,0.999406,0.000436
675,test,smell,0,0,0.025074,0.012262
675,test,stayingpower,0,0,0.003758,0.006992
675,test,texture,0,0,0.006793,0.0236
676,test,colour,0,0,0.014085,0.002907
676,test,packing,0,0,0.042277,0.02001
676,test,price,1,1,0.008178,0.9907
676,test,shipping,1,1,0.006187,0.985232
676,test,smell,0,0,0.004107,0.005924
676,test,stayingpower,0,0,0.01552,0.014333
676,test,texture,0,0,0.160416,0.115959
677,test,colour,0,0,0.010679,0.184109
677,test,packing,0,0,0.00037,0.001191
677,test,price,0,0,0.003885,0.02476
677,test,shipping,0,0,0.001713,0.006361
677,test,smell,0,0,0.000763,0.003834
677,test,stayingpower,0,0,0.000225,0.003388
677,test,texture,0,0,0.005193,0.106544
678,test,colour,0,0,0.011296,0.094179
678,test,packing,0,0,0.000801,0.001739
678,test,price,0,0,0.002388,0.004127
678,test,shipping,0,0,0.002671,0.028462
678,test,smell,0,0,0.001609,0.005441
678,test,stayingpower,0,0,0.000564,0.0032
678,test,texture,0,0,0.000368,0.001646
679,test,colour,0,0,0.000852,0.013582
679,test,packing,1,1,0.002979,0.99251
679,test,price,0,0,0.003191,0.044549
679,test,shipping,0,0,0.005361,0.069046
679,test,smell,0,0,0.001407,0.006156
679,test,stayingpower,0,0,0.004389,0.095985
679,test,texture,1,1,0.007774,0.915207
680,test,colour,1,1,0.025656,0.972191
680,test,packing,0,0,0.002194,0.004449
680,test,price,0,0,0.003502,0.005907
680,test,shipping,0,0,0.002827,0.003406
680,test,smell,1,1,0.00274,0.996301
680,test,stayingpower,0,0,0.010659,0.015397
680,test,texture,0,0,0.073095,0.135647
681,test,colour,0,0,0.012516,0.004561
681,test,packing,0,0,0.000363,0.000894
681,test,price,0,0,0.004102,0.00993
681,test,shipping,0,0,0.002364,0.007098
681,test,smell,0,0,0.001606,0.001878
681,test,stayingpower,0,0,0.001014,0.003543
681,test,texture,0,0,0.008272,0.03085
682,test,colour,1,1,0.000951,0.99866
682,test,packing,0,0,0.001549,0.012961
682,test,price,0,0,0.003171,0.012155
682,test,shipping,1,1,0.002492,0.986751
682,test,smell,0,0,0.001781,0.008835
682,test,stayingpower,0,0,0.001811,0.012203
682,test,texture,0,0,0.002519,0.008374
683,test,colour,0,0,0.012291,0.081506
683,test,packing,1,1,0.003463,0.99282
683,test,price,0,0,0.001611,0.005539
683,test,shipping,0,0,0.005973,0.119765
683,test,smell,0,0,0.000954,0.002378
683,test,stayingpower,0,0,0.007687,0.147109
683,test,texture,0,0,0.003631,0.014552
684,test,colour,1,1,0.000631,0.998978
684,test,packing,0,0,0.002535,0.003158
684,test,price,0,0,0.002896,0.025395
684,test,shipping,0,0,0.008146,0.136348
684,test,smell,0,0,0.01396,0.024225
684,test,stayingpower,0,0,0.185081,0.069805
684,test,texture,2,2,0.564473,0.432389
685,test,colour,1,1,0.005323,0.990558
685,test,packing,0,0,0.001742,0.007213
685,test,price,0,0,0.00155,0.003418
685,test,shipping,2,2,0.992745,0.002601
685,test,smell,0,0,0.015909,0.014185
685,test,stayingpower,0,0,0.004641,0.019987
685,test,texture,0,0,0.004128,0.005775
686,test,colour,1,1,0.001456,0.99723
686,test,packing,1,1,0.001395,0.99769
686,test,price,0,0,0.001744,0.012692
686,test,shipping,0,0,0.016044,0.110852
686,test,smell,0,0,0.016566,0.027504
686,test,stayingpower,0,0,0.00159,0.006669
686,test,texture,0,0,0.004032,0.007468
687,test,colour,0,0,0.118974,0.037378
687,test,packing,0,0,0.04924,0.017746
687,test,price,1,1,0.02729,0.962172
687,test,shipping,2,2,0.95905,0.019023
687,test,smell,0,0,0.118096,0.015451
687,test,stayingpower,3,2,0.993017,0.006033
687,test,texture,0,0,0.153054,0.089148
688,test,colour,0,0,0.00316,0.01628
688,test,packing,1,1,0.011202,0.976662
688,test,price,0,0,0.005572,0.015945
688,test,shipping,2,2,0.998698,0.001113
688,test,smell,0,0,0.005139,0.015202
688,test,stayingpower,0,0,0.003029,0.007982
688,test,texture,0,0,0.003167,0.060621
689,test,colour,1,1,0.002123,0.987026
689,test,packing,0,0,0.013262,0.126797
689,test,price,1,1,0.001142,0.998668
689,test,shipping,0,0,0.010073,0.013614
689,test,smell,1,1,0.136113,0.843345
689,test,stayingpower,0,0,0.005803,0.105295
689,test,texture,0,0,0.070059,0.391209
690,test,colour,0,0,0.007622,0.080002
690,test,packing,0,0,0.002788,0.019861
690,test,price,0,0,0.003097,0.004491
690,test,shipping,0,0,0.001118,0.003707
690,test,smell,0,0,0.021268,0.016087
690,test,stayingpower,0,0,0.002142,0.007288
690,test,texture,0,0,0.001239,0.00241
691,test,colour,1,1,0.000361,0.999086
691,test,packing,0,0,0.000574,0.003369
691,test,price,0,0,0.002814,0.023002
691,test,shipping,0,0,0.003692,0.028791
691,test,smell,0,0,0.003184,0.004763
691,test,stayingpower,0,0,0.00146,0.005053
691,test,texture,0,0,0.006138,0.012232
692,test,colour,0,0,0.007633,0.012377
692,test,packing,0,0,0.003388,0.0388
692,test,price,0,0,0.001191,0.003304
692,test,shipping,0,0,0.000643,0.008007
692,test,smell,0,0,0.001806,0.000636
692,test,stayingpower,0,0,0.002442,0.00433
692,test,texture,0,0,0.002854,0.005353
693,test,colour,0,0,0.201604,0.033623
693,test,packing,0,0,0.373765,0.111531
693,test,price,2,1,0.101392,0.825926
693,test,shipping,0,0,0.009568,0.013879
693,test,smell,2,2,0.985798,0.01229
693,test,stayingpower,2,2,0.916723,0.073589
693,test,texture,0,2,0.664836,0.037449
694,test,colour,0,0,0.018491,0.018037
694,test,packing,0,0,0.001719,0.002239
694,test,price,0,0,0.001735,0.001284
694,test,shipping,0,0,0.005303,0.015742
694,test,smell,0,0,0.012945,0.026005
694,test,stayingpower,0,0,0.000434,0.001145
694,test,texture,0,0,0.007445,0.008865
695,test,colour,0,0,0.049168,0.153635
695,test,packing,0,0,0.003482,0.005268
695,test,price,0,0,0.002209,0.022346
695,test,shipping,0,0,0.01986,0.039298
695,test,smell,0,0,0.005306,0.047046
695,test,stayingpower,0,1,0.262178,0.708367
695,test,texture,1,1,0.001562,0.99829
696,test,colour,0,0,0.003594,0.191447
696,test,packing,1,1,0.000984,0.997634
696,test,price,0,0,0.001551,0.016583
696,test,shipping,1,1,0.003319,0.880599
696,test,smell,0,0,0.002309,0.007599
696,test,stayingpower,0,0,0.00028,0.001417
696,test,texture,0,0,0.000662,0.015965
697,test,colour,1,2,0.945502,0.04329
697,test,packing,0,0,0.405522,0.044549
697,test,price,0,0,0.018404,0.056123
697,test,shipping,3,2,0.811887,0.17933
697,test,smell,0,0,0.18609,0.003651
697,test,stayingpower,0,0,0.111625,0.01077
697,test,texture,2,2,0.934277,0.049863
698,test,colour,1,1,0.003786,0.992168
698,test,packing,0,0,0.008765,0.094272
698,test,price,1,1,0.009707,0.984807
698,test,shipping,2,2,0.996332,0.002784
698,test,smell,0,0,0.022755,0.060432
698,test,stayingpower,0,0,0.00698,0.094023
698,test,texture,0,0,0.009518,0.023993
699,test,colour,1,1,0.007852,0.990235
699,test,packing,0,1,0.088514,0.858364
699,test,price,1,1,0.011799,0.974892
699,test,shipping,2,2,0.996722,0.002165
699,test,smell,0,0,0.100218,0.027319
699,test,stayingpower,0,0,0.248494,0.21871
699,test,texture,2,2,0.978564,0.009133
700,test,colour,0,0,0.00686,0.108144
700,test,packing,0,0,0.000751,0.002744
700,test,price,0,0,0.002503,0.004263
700,test,shipping,0,0,0.004787,0.026494
700,test,smell,0,0,0.001767,0.004855
700,test,stayingpower,0,0,0.000224,0.001845
700,test,texture,0,0,0.000541,0.002202
701,test,colour,2,2,0.995382,0.002187
701,test,packing,0,0,0.012025,0.006641
701,test,price,0,0,0.00648,0.017109
701,test,shipping,0,0,0.011281,0.033569
701,test,smell,1,1,0.045287,0.942571
701,test,stayingpower,0,0,0.248758,0.018375
701,test,texture,1,1,0.01305,0.973132
702,test,colour,0,0,0.004256,0.004902
702,test,packing,0,0,0.010281,0.052529
702,test,price,0,0,0.004461,0.014228
702,test,shipping,1,1,0.003228,0.995814
702,test,smell,0,0,0.001817,0.002742
702,test,stayingpower,0,0,0.00046,0.002191
702,test,texture,0,0,0.001612,0.015566
703,test,colour,1,2,0.658168,0.324514
703,test,packing,0,0,0.00518,0.004521
703,test,price,0,0,0.00508,0.006754
703,test,shipping,0,0,0.022883,0.03804
703,test,smell,0,0,0.00237,0.00034
703,test,stayingpower,0,0,0.004779,0.001618
703,test,texture,0,0,0.003975,0.003534
704,test,colour,1,1,0.001801,0.997795
704,test,packing,0,0,0.002258,0.006294
704,test,price,1,1,0.001506,0.998231
704,test,shipping,0,0,0.023331,0.009851
704,test,smell,3,0,0.026993,0.026799
704,test,stayingpower,0,0,0.146548,0.086612
704,test,texture,0,0,0.102827,0.067596
705,test,colour,0,0,0.002662,0.011208
705,test,packing,0,0,0.00395,0.009447
705,test,price,0,0,0.002758,0.008327
705,test,shipping,0,0,0.003963,0.004246
705,test,smell,0,0,0.00304,0.001699
705,test,stayingpower,0,0,0.010365,0.038167
705,test,texture,0,0,0.44886,0.096121
706,test,colour,3,1,0.23878,0.754131
706,test,packing,0,0,0.004792,0.005636
706,test,price,0,0,0.004933,0.027548
706,test,shipping,0,0,0.0049,0.007752
706,test,smell,0,0,0.006622,0.00159
706,test,stayingpower,2,2,0.986084,0.01265
706,test,texture,2,2,0.922351,0.038716
707,test,colour,1,1,0.000762,0.996234
707,test,packing,0,0,0.00564,0.369077
707,test,price,1,1,0.000884,0.99771
707,test,shipping,0,0,0.009356,0.119655
707,test,smell,0,0,0.002278,0.020083
707,test,stayingpower,0,0,0.002375,0.057092
707,test,texture,0,1,0.006988,0.658343
708,test,colour,1,1,0.001602,0.974855
708,test,packing,0,0,0.005691,0.044245
708,test,price,0,0,0.00286,0.022466
708,test,shipping,0,0,0.00284,0.044694
708,test,smell,1,1,0.002614,0.991197
708,test,stayingpower,1,1,0.096016,0.611376
708,test,texture,1,1,0.000266,0.999522
709,test,colour,0,0,0.0162,0.072504
709,test,packing,0,0,0.002366,0.001897
709,test,price,0,0,0.009299,0.007233
709,test,shipping,0,0,0.048623,0.016651
709,test,smell,2,2,0.96167,0.031312
709,test,stayingpower,0,0,0.000628,0.001398
709,test,texture,0,0,0.01333,0.02753
710,test,colour,1,1,0.001277,0.989645
710,test,packing,0,0,0.001871,0.024684
710,test,price,0,0,0.000713,0.001437
710,test,shipping,1,1,0.026657,0.953015
710,test,smell,0,0,0.001784,0.003871
710,test,stayingpower,0,0,0.00049,0.003263
710,test,texture,0,0,0.002007,0.011148
711,test,colour,0,0,0.038458,0.228619
711,test,packing,1,1,0.099886,0.885532
711,test,price,0,0,0.019009,0.037077
711,test,shipping,1,1,0.116629,0.808888
711,test,smell,0,0,0.040013,0.041724
711,test,stayingpower,1,1,0.281278,0.656681
711,test,texture,3,2,0.73611,0.262987
712,test,colour,1,1,0.000347,0.998846
712,test,packing,0,0,0.000597,0.003891
712,test,price,0,0,0.002526,0.018967
712,test,shipping,0,0,0.00149,0.021812
712,test,smell,0,0,0.002328,0.008182
712,test,stayingpower,0,0,0.001594,0.007189
712,test,texture,0,0,0.00237,0.020947
713,test,colour,0,0,0.018872,0.008013
713,test,packing,0,0,0.001544,0.001755
713,test,price,0,0,0.002431,0.006778
713,test,shipping,0,0,0.002083,0.003345
713,test,smell,0,0,0.007925,0.003402
713,test,stayingpower,0,0,0.000688,0.001934
713,test,texture,0,0,0.006736,0.005505
714,test,colour,0,0,0.009803,0.208727
714,test,packing,0,0,0.002655,0.022015
714,test,price,0,0,0.002398,0.004135
714,test,shipping,0,0,0.002447,0.020015
714,test,smell,0,0,0.001111,0.002659
714,test,stayingpower,0,0,0.000275,0.000849
714,test,texture,0,0,0.001095,0.003872
715,test,colour,0,0,0.0122,0.001788
715,test,packing,0,1,0.136057,0.472218
715,test,price,0,0,0.003496,0.00282
715,test,shipping,1,1,0.019127,0.976493
715,test,smell,0,0,0.002257,0.000655
715,test,stayingpower,0,0,0.000873,0.000995
715,test,texture,0,0,0.004378,0.002423
716,test,colour,1,1,0.002471,0.995355
716,test,packing,1,1,0.001727,0.997491
716,test,price,0,0,0.004804,0.045019
716,test,shipping,1,1,0.011374,0.980951
716,test,smell,1,1,0.001515,0.992674
716,test,stayingpower,0,0,0.001383,0.010514
716,test,texture,0,0,0.007652,0.047551
717,test,colour,0,0,0.003044,0.0264
717,test,packing,0,0,0.0016,0.009972
717,test,price,0,0,0.005069,0.01493
717,test,shipping,1,1,0.004402,0.992706
717,test,smell,0,0,0.002328,0.007351
717,test,stayingpower,0,0,0.00049,0.004916
717,test,texture,0,0,0.000853,0.010177
718,test,colour,0,0,0.077913,0.026175
718,test,packing,0,0,0.004258,0.004888
718,test,price,0,0,0.000672,0.001848
718,test,shipping,0,0,0.001322,0.013254
718,test,smell,0,0,0.002991,0.0018
718,test,stayingpower,0,0,0.000451,0.000695
718,test,texture,0,0,0.020661,0.166289
719,test,colour,0,0,0.01775,0.018664
719,test,packing,0,0,0.011277,0.015913
719,test,price,1,1,0.014714,0.97479
719,test,shipping,1,1,0.005324,0.993246
719,test,smell,0,0,0.003966,0.002746
719,test,stayingpower,0,0,0.002773,0.005751
719,test,texture,0,0,0.003639,0.006835
720,test,colour,0,0,0.01487,0.012934
720,test,packing,1,1,0.08893,0.893787
720,test,price,3,1,0.051019,0.860723
720,test,shipping,2,2,0.99915,0.000263
720,test,smell,0,0,0.016243,0.013475
720,test,stayingpower,0,0,0.006229,0.018413
720,test,texture,0,0,0.015256,0.01416
721,test,colour,0,0,0.012264,0.031476
721,test,packing,0,0,0.003843,0.006908
721,test,price,0,0,0.014639,0.041615
721,test,shipping,0,0,0.000604,0.006616
721,test,smell,1,1,0.004245,0.994504
721,test,stayingpower,0,0,0.004841,0.008141
721,test,texture,0,0,0.002719,0.019915
722,test,colour,0,0,0.086374,0.017584
722,test,packing,0,0,0.011731,0.001052
722,test,price,0,0,0.001731,0.012464
722,test,shipping,0,0,0.139712,0.010278
722,test,smell,0,0,0.00895,0.002933
722,test,stayingpower,0,0,0.068735,0.017513
722,test,texture,0,1,0.087781,0.896808
723,test,colour,0,0,0.008763,0.118643
723,test,packing,0,0,0.003474,0.012669
723,test,price,0,0,0.00314,0.005591
723,test,shipping,1,1,0.000296,0.999073
723,test,smell,0,0,0.001622,0.005955
723,test,stayingpower,0,0,0.00286,0.008927
723,test,texture,0,0,0.001386,0.010882
724,test,colour,0,0,0.004819,0.012153
724,test,packing,0,0,0.005872,0.060517
724,test,price,0,0,0.007551,0.075893
724,test,shipping,1,1,0.00013,0.998084
724,test,smell,0,0,0.001085,0.001806
724,test,stayingpower,0,0,0.000717,0.003284
724,test,texture,0,0,0.002133,0.019744
725,test,colour,3,2,0.771052,0.227195
725,test,packing,1,1,0.023183,0.973131
725,test,price,0,0,0.005075,0.032695
725,test,shipping,1,1,0.005734,0.983223
725,test,smell,0,0,0.064734,0.024769
725,test,stayingpower,0,0,0.05203,0.027058
725,test,texture,2,2,0.697158,0.040207
726,test,colour,1,1,0.000189,0.999675
726,test,packing,0,0,0.001156,0.009853
726,test,price,0,0,0.002296,0.011052
726,test,shipping,0,0,0.003424,0.019185
726,test,smell,0,0,0.002961,0.008677
726,test,stayingpower,0,0,0.003817,0.011304
726,test,texture,0,0,0.004038,0.025199
727,test,colour,1,1,0.385103,0.611134
727,test,packing,0,0,0.00278,0.004229
727,test,price,0,0,0.004034,0.003858
727,test,shipping,0,0,0.011628,0.035329
727,test,smell,1,1,0.227163,0.772179
727,test,stayingpower,0,0,0.016294,0.020384
727,test,texture,0,0,0.0752,0.026526
728,test,colour,1,1,0.003172,0.990093
728,test,packing,0,0,0.00503,0.037316
728,test,price,0,0,0.009586,0.013059
728,test,shipping,2,2,0.99806,0.001786
728,test,smell,0,0,0.011344,0.020605
728,test,stayingpower,0,0,0.004883,0.015565
728,test,texture,0,0,0.002712,0.016571
729,test,colour,1,1,0.004038,0.990067
729,test,packing,1,1,0.005207,0.985686
729,test,price,1,1,0.009449,0.967808
729,test,shipping,1,1,0.003809,0.99552
729,test,smell,0,0,0.005947,0.010158
729,test,stayingpower,0,0,0.0017,0.007266
729,test,texture,0,0,0.004358,0.008257
730,test,colour,0,0,0.004367,0.011672
730,test,packing,0,0,0.002865,0.010467
730,test,price,0,0,0.001105,0.00156
730,test,shipping,0,0,0.018795,0.031413
730,test,smell,0,0,0.003456,0.002577
730,test,stayingpower,0,0,0.000485,0.001809
730,test,texture,0,0,0.000726,0.003041
731,test,colour,1,1,0.007567,0.991574
731,test,packing,1,1,0.004399,0.988599
731,test,price,0,0,0.001935,0.029299
731,test,shipping,1,1,0.005772,0.987687
731,test,smell,1,1,0.001069,0.998023
731,test,stayingpower,0,0,0.025952,0.09681
731,test,texture,0,0,0.021104,0.440387
732,test,colour,1,1,0.010104,0.989269
732,test,packing,0,0,0.009877,0.008373
732,test,price,1,1,0.007403,0.986657
732,test,shipping,0,0,0.032459,0.174767
732,test,smell,0,0,0.013756,0.009043
732,test,stayingpower,2,2,0.994901,0.003732
732,test,texture,0,0,0.214145,0.195269
733,test,colour,1,1,0.000945,0.999024
733,test,packing,2,0,0.011177,0.336005
733,test,price,0,0,0.004736,0.056514
733,test,shipping,1,1,0.116378,0.851851
733,test,smell,0,0,0.002713,0.004961
733,test,stayingpower,0,0,0.001269,0.006275
733,test,texture,0,0,0.023125,0.049821
734,test,colour,0,0,0.077479,0.121653
734,test,packing,0,0,0.009157,0.016585
734,test,price,0,0,0.007626,0.035254
734,test,shipping,0,0,0.006979,0.046552
734,test,smell,0,0,0.017694,0.026572
734,test,stayingpower,2,2,0.994541,0.005284
734,test,texture,0,1,0.034082,0.583263
735,test,colour,0,0,0.007082,0.006595
735,test,packing,0,0,0.002498,0.007201
735,test,price,0,0,0.001958,0.00245
735,test,shipping,0,0,0.003047,0.006495
735,test,smell,0,0,0.007974,0.001899
735,test,stayingpower,0,0,0.003042,0.012904
735,test,texture,0,0,0.004829,0.006129
736,test,colour,0,0,0.003628,0.006496
736,test,packing,0,0,0.006784,0.022571
736,test,price,0,0,0.006517,0.020913
736,test,shipping,0,0,0.006216,0.015562
736,test,smell,0,0,0.005392,0.005113
736,test,stayingpower,0,0,0.000223,0.000837
736,test,texture,0,0,0.000684,0.001251
737,test,colour,1,1,0.054344,0.941845
737,test,packing,0,0,0.004874,0.001849
737,test,price,0,0,0.012787,0.022769
737,test,shipping,0,0,0.010413,0.004275
737,test,smell,2,2,0.994942,0.004132
737,test,stayingpower,0,0,0.081527,0.029763
737,test,texture,0,0,0.342744,0.063308
738,test,colour,0,0,0.012755,0.015555
738,test,packing,0,0,0.002026,0.005887
738,test,price,0,0,0.001443,0.001504
738,test,shipping,0,0,0.001324,0.01149
738,test,smell,0,0,0.006434,0.009662
738,test,stayingpower,0,0,0.001087,0.001187
738,test,texture,0,0,0.001514,0.003845
739,test,colour,1,1,0.057896,0.923272
739,test,packing,0,0,0.011405,0.019121
739,test,price,0,0,0.005194,0.02622
739,test,shipping,0,0,0.077112,0.026944
739,test,smell,2,2,0.819188,0.176746
739,test,stayingpower,3,2,0.66175,0.32891
739,test,texture,1,1,0.015904,0.978847
740,test,colour,0,0,0.010468,0.054289
740,test,packing,0,0,0.006308,0.008755
740,test,price,0,0,0.015661,0.049516
740,test,shipping,0,0,0.000857,0.004142
740,test,smell,1,1,0.004525,0.995372
740,test,stayingpower,0,0,0.046962,0.134538
740,test,texture,1,1,0.023192,0.794785
741,test,colour,0,0,0.006873,0.04006
741,test,packing,0,0,0.001441,0.007795
741,test,price,0,0,0.001763,0.005278
741,test,shipping,0,0,0.001137,0.015414
741,test,smell,0,0,0.004837,0.00732
741,test,stayingpower,0,0,0.002656,0.003605
741,test,texture,0,0,0.000534,0.002039
742,test,colour,0,0,0.004263,0.080213
742,test,packing,0,0,0.000656,0.002294
742,test,price,0,0,0.002016,0.003396
742,test,shipping,0,0,0.001571,0.003944
742,test,smell,0,0,0.002457,0.007608
742,test,stayingpower,0,0,0.00057,0.003555
742,test,texture,0,0,0.002376,0.00403
743,test,colour,1,0,0.020511,0.1871
743,test,packing,0,0,0.008495,0.034504
743,test,price,0,0,0.003752,0.008984
743,test,shipping,1,1,0.004848,0.994347
743,test,smell,0,1,0.117658,0.62472
743,test,stayingpower,1,1,0.010243,0.974967
743,test,texture,0,0,0.04614,0.396586
744,test,colour,0,0,0.001724,0.0343
744,test,packing,0,0,0.00242,0.005417
744,test,price,0,0,0.00522,0.014309
744,test,shipping,0,0,0.000261,0.007361
744,test,smell,1,1,0.346449,0.600786
744,test,stayingpower,0,0,0.001893,0.010132
744,test,texture,3,2,0.510682,0.092038
745,test,colour,0,0,0.002483,0.13615
745,test,packing,0,0,0.003297,0.022814
745,test,price,0,0,0.006511,0.029353
745,test,shipping,0,0,0.000956,0.006826
745,test,smell,1,1,0.002677,0.992591
745,test,stayingpower,0,0,0.000373,0.008411
745,test,texture,0,0,0.002049,0.037354
746,test,colour,0,0,0.002239,0.066841
746,test,packing,0,0,0.000294,0.000968
746,test,price,0,0,0.002128,0.010535
746,test,shipping,0,0,0.003605,0.00682
746,test,smell,0,0,0.004949,0.029121
746,test,stayingpower,0,0,0.000401,0.004488
746,test,texture,0,0,0.001437,0.027524
747,test,colour,1,1,0.001907,0.994602
747,test,packing,0,0,0.00081,0.013223
747,test,price,0,0,0.001708,0.004833
747,test,shipping,1,1,0.001285,0.993397
747,test,smell,0,0,0.002515,0.008271
747,test,stayingpower,0,0,0.001737,0.019292
747,test,texture,0,0,0.002208,0.0102
748,test,colour,0,0,0.002217,0.005985
748,test,packing,0,0,0.001009,0.002594
748,test,price,0,0,0.005958,0.01269
748,test,shipping,0,0,0.008763,0.036366
748,test,smell,0,0,0.00332,0.007498
748,test,stayingpower,0,0,0.000115,0.000494
748,test,texture,0,0,0.003274,0.072761
749,test,colour,0,0,0.284308,0.056371
749,test,packing,0,0,0.042172,0.016249
749,test,price,0,0,0.027844,0.151823
749,test,shipping,0,0,0.001834,0.001712
749,test,smell,0,0,0.009344,0.000536
749,test,stayingpower,0,0,0.035091,0.050944
749,test,texture,2,2,0.953688,0.038039
750,test,colour,0,0,0.009757,0.059347
750,test,packing,0,0,0.000731,0.000742
750,test,price,0,0,0.002389,0.01189
750,test,shipping,0,0,0.002254,0.007302
750,test,smell,0,0,0.003335,0.008484
750,test,stayingpower,0,0,0.003498,0.008344
750,test,texture,0,0,0.003493,0.009912
751,test,colour,0,0,0.288681,0.004378
751,test,packing,0,0,0.022584,0.023933
751,test,price,0,0,0.028435,0.040087
751,test,shipping,0,0,0.037071,0.03082
751,test,smell,1,1,0.036692,0.963041
751,test,stayingpower,0,0,0.002715,0.005305
751,test,texture,0,0,0.006272,0.026201
752,test,colour,0,0,0.006376,0.013967
752,test,packing,0,0,0.004491,0.014987
752,test,price,0,0,0.00329,0.007877
752,test,shipping,1,1,0.000488,0.997615
752,test,smell,0,0,0.002857,0.008064
752,test,stayingpower,0,0,0.00275,0.008428
752,test,texture,0,0,0.001976,0.011611
753,test,colour,0,0,0.044592,0.003741
753,test,packing,0,0,0.050232,0.011688
753,test,price,1,1,0.003297,0.996424
753,test,shipping,0,0,0.022722,0.008257
753,test,smell,0,0,0.010727,0.00474
753,test,stayingpower,0,0,0.064438,0.023459
753,test,texture,0,2,0.515907,0.140484
754,test,colour,0,0,0.00509,0.035249
754,test,packing,0,0,0.014139,0.068403
754,test,price,0,0,0.011306,0.028151
754,test,shipping,1,1,0.002024,0.996514
754,test,smell,1,1,0.002696,0.996203
754,test,stayingpower,0,0,0.003204,0.014816
754,test,texture,0,0,0.003103,0.059412
755,test,colour,0,0,0.024889,0.012457
755,test,packing,0,0,0.027208,0.073997
755,test,price,0,0,0.00371,0.002153
755,test,shipping,1,1,0.021446,0.976403
755,test,smell,1,1,0.014724,0.969768
755,test,stayingpower,3,2,0.570869,0.342934
755,test,texture,0,1,0.006175,0.979926
756,test,colour,1,1,0.004171,0.982742
756,test,packing,1,1,0.001883,0.997108
756,test,price,0,0,0.002678,0.029976
756,test,shipping,1,1,0.055066,0.92259
756,test,smell,1,1,0.157167,0.793922
756,test,stayingpower,0,0,0.000417,0.001801
756,test,texture,0,0,0.001647,0.008315
757,test,colour,0,0,0.005518,0.007561
757,test,packing,0,0,0.006205,0.010642
757,test,price,0,0,0.003192,0.00636
757,test,shipping,0,0,0.0161,0.012424
757,test,smell,0,0,0.036779,0.013113
757,test,stayingpower,0,0,0.000845,0.001318
757,test,texture,0,0,0.003833,0.004566
758,test,colour,1,2,0.976289,0.011458
758,test,packing,3,2,0.816485,0.164679
758,test,price,0,0,0.050437,0.073378
758,test,shipping,0,0,0.030599,0.093117
758,test,smell,0,0,0.104075,0.002582
758,test,stayingpower,0,0,0.119551,0.005764
758,test,texture,0,2,0.656023,0.014005
759,test,colour,1,2,0.844399,0.140589
759,test,packing,0,0,0.050206,0.012294
759,test,price,0,0,0.060315,0.136836
759,test,shipping,0,0,0.013322,0.014557
759,test,smell,2,2,0.997231,0.002564
759,test,stayingpower,0,0,0.043156,0.009548
759,test,texture,0,2,0.615465,0.030266
760,test,colour,1,1,0.000726,0.999165
760,test,packing,0,0,0.001351,0.004944
760,test,price,0,0,0.001857,0.006269
760,test,shipping,0,0,0.005816,0.023108
760,test,smell,0,0,0.004579,0.009285
760,test,stayingpower,0,0,0.003295,0.005739
760,test,texture,0,0,0.00458,0.009431
761,test,colour,1,1,0.005593,0.936046
761,test,packing,0,0,0.002691,0.031018
761,test,price,0,0,0.003709,0.04286
761,test,shipping,1,1,0.001958,0.99712
761,test,smell,0,0,0.000953,0.00583
761,test,stayingpower,0,0,0.024065,0.278093
761,test,texture,1,1,0.017097,0.975106
762,test,colour,1,1,0.281816,0.718056
762,test,packing,0,0,0.000617,0.000811
762,test,price,0,0,0.00348,0.032459
762,test,shipping,0,0,0.020359,0.020857
762,test,smell,0,0,0.051336,0.029075
762,test,stayingpower,0,0,0.06598,0.02762
762,test,texture,1,1,0.030414,0.87513
763,test,colour,0,0,0.023421,0.021612
763,test,packing,0,0,0.058045,0.079085
763,test,price,1,1,0.010966,0.987019
763,test,shipping,2,2,0.998089,0.001099
763,test,smell,1,1,0.030636,0.955905
763,test,stayingpower,0,0,0.007497,0.032784
763,test,texture,0,0,0.016284,0.106543
764,test,colour,0,0,0.038446,0.080229
764,test,packing,0,0,0.002946,0.001441
764,test,price,0,0,0.022731,0.040094
764,test,shipping,0,0,0.12985,0.006533
764,test,smell,2,2,0.978423,0.019844
764,test,stayingpower,0,0,0.001665,0.002725
764,test,texture,0,0,0.030825,0.062374
765,test,colour,1,1,0.068366,0.883342
765,test,packing,0,0,0.03071,0.05649
765,test,price,0,0,0.007928,0.03073
765,test,shipping,2,2,0.998808,0.00096
765,test,smell,1,1,0.030225,0.891299
765,test,stayingpower,3,2,0.781022,0.192805
765,test,texture,1,1,0.071213,0.92592
766,test,colour,0,1,0.004619,0.982633
766,test,packing,0,0,0.009168,0.053932
766,test,price,1,1,0.003427,0.979384
766,test,shipping,0,0,0.143141,0.076119
766,test,smell,0,2,0.898619,0.093005
766,test,stayingpower,1,1,0.026866,0.896631
766,test,texture,1,1,0.025792,0.963584
767,test,colour,0,0,0.024752,0.483123
767,test,packing,0,0,0.006388,0.014508
767,test,price,0,0,0.00316,0.017929
767,test,shipping,1,1,0.017266,0.982318
767,test,smell,0,0,0.018196,0.129344
767,test,stayingpower,1,1,0.213136,0.708479
767,test,texture,1,1,0.003198,0.993027
768,test,colour,1,1,0.360242,0.597377
768,test,packing,0,0,0.052289,0.02772
768,test,price,0,0,0.010316,0.010434
768,test,shipping,3,2,0.998947,0.001006
768,test,smell,0,0,0.016277,0.000768
768,test,stayingpower,0,0,0.04651,0.020711
768,test,texture,0,0,0.031669,0.009084
769,test,colour,0,0,0.001525,0.028546
769,test,packing,0,0,0.008535,0.027035
769,test,price,0,0,0.011031,0.172386
769,test,shipping,0,0,0.001484,0.01646
769,test,smell,1,1,0.002212,0.997464
769,test,stayingpower,0,0,0.010043,0.025198
769,test,texture,0,1,0.003144,0.842461
770,test,colour,0,0,0.057286,0.009941
770,test,packing,0,0,0.003165,0.001826
770,test,price,0,0,0.006168,0.008662
770,test,shipping,0,0,0.003111,0.005466
770,test,smell,0,0,0.00642,0.001332
770,test,stayingpower,0,0,0.001824,0.001591
770,test,texture,0,0,0.005083,0.002802
771,test,colour,0,0,0.057709,0.015958
771,test,packing,0,0,0.01026,0.003827
771,test,price,1,1,0.008576,0.989758
771,test,shipping,0,0,0.016577,0.003886
771,test,smell,3,2,0.952931,0.02414
771,test,stayingpower,0,0,0.13097,0.016961
771,test,texture,0,0,0.124161,0.150184
772,test,colour,3,1,0.201814,0.731597
772,test,packing,0,0,0.074685,0.333965
772,test,price,1,1,0.01092,0.971722
772,test,shipping,0,0,0.187658,0.06061
772,test,smell,1,1,0.001424,0.99751
772,test,stayingpower,1,1,0.354364,0.635646
772,test,texture,1,1,0.011368,0.975886
773,test,colour,1,1,0.000305,0.99942
773,test,packing,0,0,0.002085,0.018094
773,test,price,0,0,0.002436,0.018261
773,test,shipping,0,0,0.004697,0.067453
773,test,smell,0,0,0.001749,0.004539
773,test,stayingpower,0,0,0.000915,0.003176
773,test,texture,0,0,0.00193,0.009807
774,test,colour,0,0,0.004387,0.003959
774,test,packing,0,0,0.001012,0.002124
774,test,price,0,0,0.003125,0.006606
774,test,shipping,0,0,0.005736,0.013031
774,test,smell,0,0,0.002437,0.001317
774,test,stayingpower,0,0,0.000406,0.002332
774,test,texture,0,0,0.002922,0.003378
775,test,colour,1,1,0.001035,0.991411
775,test,packing,0,1,0.00143,0.995647
775,test,price,1,1,0.0042,0.98125
775,test,shipping,0,0,0.070991,0.168929
775,test,smell,0,0,0.015682,0.013731
775,test,stayingpower,0,0,0.000619,0.010173
775,test,texture,0,0,0.011668,0.009193
776,test,colour,1,1,0.005556,0.986453
776,test,packing,1,1,0.005711,0.989136
776,test,price,1,1,0.001644,0.996896
776,test,shipping,0,2,0.457218,0.18761
776,test,smell,0,0,0.025095,0.012542
776,test,stayingpower,0,0,0.103159,0.105177
776,test,texture,1,1,0.441133,0.46651
777,test,colour,1,1,0.035587,0.954564
777,test,packing,0,0,0.030559,0.051073
777,test,price,0,0,0.010435,0.053639
777,test,shipping,0,0,0.021893,0.055972
777,test,smell,0,0,0.033898,0.007814
777,test,stayingpower,0,0,0.021712,0.118726
777,test,texture,2,2,0.997765,0.001208
778,test,colour,0,0,0.002093,0.002171
778,test,packing,0,0,0.058439,0.133219
778,test,price,0,0,0.007362,0.022383
778,test,shipping,1,1,0.459146,0.539621
778,test,smell,0,0,0.000833,0.000325
778,test,stayingpower,0,0,0.004023,0.005779
778,test,texture,0,0,0.003306,0.018948
779,test,colour,0,0,0.016321,0.079103
779,test,packing,0,0,0.000689,0.001852
779,test,price,0,0,0.007621,0.009306
779,test,shipping,0,0,0.001833,0.00347
779,test,smell,0,0,0.054676,0.049809
779,test,stayingpower,0,0,0.014886,0.030689
779,test,texture,0,0,0.012549,0.100404
780,test,colour,1,1,0.003796,0.992951
780,test,packing,0,0,0.00427,0.027323
780,test,price,0,0,0.004751,0.069575
780,test,shipping,0,2,0.812057,0.011895
780,test,smell,0,0,0.001355,0.003611
780,test,stayingpower,1,1,0.280219,0.718373
780,test,texture,1,1,0.004753,0.986069
781,test,colour,1,1,0.00142,0.996326
781,test,packing,0,0,0.001208,0.005418
781,test,price,0,0,0.006644,0.027081
781,test,shipping,0,0,0.002001,0.026286
781,test,smell,1,1,0.006155,0.992611
781,test,stayingpower,0,0,0.00113,0.005873
781,test,texture,0,0,0.006248,0.014597
782,test,colour,0,0,0.024076,0.077456
782,test,packing,1,1,0.012575,0.97816
782,test,price,0,0,0.009478,0.044882
782,test,shipping,1,1,0.000371,0.996807
782,test,smell,1,1,0.002203,0.977724
782,test,stayingpower,0,0,0.056075,0.086665
782,test,texture,1,1,0.001206,0.99261
783,test,colour,0,0,0.005774,0.104626
783,test,packing,0,0,0.003383,0.004241
783,test,price,1,1,0.000863,0.998843
783,test,shipping,0,0,0.003062,0.003604
783,test,smell,0,0,0.005286,0.006461
783,test,stayingpower,0,0,0.003581,0.031138
783,test,texture,0,0,0.060678,0.439005
784,test,colour,0,0,0.062068,0.061987
784,test,packing,0,0,0.000637,0.002625
784,test,price,0,0,0.002668,0.004438
784,test,shipping,0,0,0.005889,0.008386
784,test,smell,0,0,0.009556,0.009163
784,test,stayingpower,0,0,0.002738,0.006041
784,test,texture,0,0,0.001916,0.002814
785,test,colour,1,1,0.227475,0.714862
785,test,packing,0,0,0.116237,0.12446
785,test,price,1,1,0.007011,0.99027
785,test,shipping,3,2,0.940985,0.052925
785,test,smell,0,0,0.064334,0.011007
785,test,stayingpower,0,0,0.330523,0.171307
785,test,texture,2,2,0.990089,0.007479
786,test,colour,0,0,0.003295,0.036097
786,test,packing,0,0,0.000502,0.004466
786,test,price,0,0,0.002303,0.011905
786,test,shipping,0,0,0.000867,0.006248
786,test,smell,0,0,0.002181,0.002757
786,test,stayingpower,0,0,0.000216,0.002761
786,test,texture,0,0,0.003218,0.035763
787,test,colour,0,0,0.001647,0.016946
787,test,packing,0,0,0.003035,0.080834
787,test,price,0,0,0.000989,0.003388
787,test,shipping,0,0,0.015375,0.235064
787,test,smell,0,0,0.000463,0.001093
787,test,stayingpower,0,0,0.000632,0.005399
787,test,texture,0,0,0.000887,0.005695
788,test,colour,0,0,0.083623,0.042433
788,test,packing,0,0,0.025226,0.019736
788,test,price,0,0,0.001739,0.001304
788,test,shipping,2,2,0.982399,0.009901
788,test,smell,0,0,0.007577,0.00089
788,test,stayingpower,0,0,0.000943,0.0013
788,test,texture,0,0,0.023475,0.008278
789,test,colour,0,0,0.015872,0.028261
789,test,packing,1,1,0.008142,0.988363
789,test,price,0,0,0.006044,0.006189
789,test,shipping,0,0,0.018922,0.040354
789,test,smell,1,1,0.011619,0.985699
789,test,stayingpower,0,0,0.015932,0.032419
789,test,texture,0,0,0.01222,0.009026
790,test,colour,1,1,0.004795,0.986848
790,test,packing,1,1,0.002846,0.996233
790,test,price,0,0,0.002423,0.031218
790,test,shipping,1,1,0.000409,0.998356
790,test,smell,0,0,0.008836,0.052485
790,test,stayingpower,0,0,0.011144,0.029847
790,test,texture,1,1,0.00299,0.967349
791,test,colour,0,0,0.005779,0.030522
791,test,packing,0,0,0.007177,0.043512
791,test,price,0,0,0.003664,0.006556
791,test,shipping,1,1,0.001463,0.997876
791,test,smell,0,0,0.002304,0.00633
791,test,stayingpower,0,0,0.00164,0.006092
791,test,texture,0,0,0.000427,0.004689
792,test,colour,2,2,0.978741,0.01213
792,test,packing,0,0,0.008549,0.004881
792,test,price,0,0,0.006588,0.006122
792,test,shipping,0,0,0.003682,0.021315
792,test,smell,0,0,0.010076,0.000764
792,test,stayingpower,0,0,0.004976,0.001534
792,test,texture,0,0,0.014375,0.00543
793,test,colour,0,0,0.131681,0.164684
793,test,packing,0,0,0.005461,0.006372
793,test,price,0,0,0.00051,0.000776
793,test,shipping,0,0,0.020347,0.138024
793,test,smell,0,0,0.001078,0.000281
793,test,stayingpower,0,0,0.018415,0.031528
793,test,texture,0,0,0.036256,0.003029
794,test,colour,1,1,0.002512,0.993964
794,test,packing,0,0,0.002054,0.018978
794,test,price,0,0,0.002023,0.005191
794,test,shipping,1,1,0.000426,0.993373
794,test,smell,0,0,0.00095,0.005765
794,test,stayingpower,0,0,0.002344,0.008066
794,test,texture,0,0,0.001271,0.003277
795,test,colour,1,1,0.065772,0.925526
795,test,packing,0,0,0.005071,0.008596
795,test,price,0,0,0.004402,0.004736
795,test,shipping,0,0,0.003972,0.108028
795,test,smell,1,1,0.000515,0.999457
795,test,stayingpower,0,0,0.168854,0.078534
795,test,texture,0,0,0.116901,0.21868
796,test,colour,0,0,0.01133,0.048947
796,test,packing,0,0,0.010938,0.022336
796,test,price,1,1,0.009096,0.987607
796,test,shipping,1,1,0.001424,0.996335
796,test,smell,0,0,0.005551,0.007594
796,test,stayingpower,0,0,0.002026,0.005844
796,test,texture,0,0,0.006506,0.01137
797,test,colour,1,1,0.000516,0.998175
797,test,packing,0,0,0.00088,0.007396
797,test,price,0,0,0.001719,0.013659
797,test,shipping,0,0,0.00376,0.029506
797,test,smell,0,0,0.002717,0.026285
797,test,stayingpower,0,0,0.000343,0.002412
797,test,texture,0,0,0.002729,0.016155
798,test,colour,0,0,0.000752,0.011016
798,test,packing,0,0,0.000975,0.018348
798,test,price,0,0,0.000783,0.002087
798,test,shipping,0,0,0.02139,0.038082
798,test,smell,0,0,0.001116,0.002173
798,test,stayingpower,0,0,0.000787,0.020332
798,test,texture,0,0,0.010033,0.453165
799,test,colour,0,0,0.003094,0.002712
799,test,packing,1,1,0.043644,0.938146
799,test,price,0,0,0.002492,0.007701
799,test,shipping,0,0,0.027019,0.056326
799,test,smell,0,0,0.001065,0.000454
799,test,stayingpower,0,0,0.001646,0.003789
799,test,texture,3,1,0.032713,0.499347
800,test,colour,2,2,0.934547,0.06371
800,test,packing,0,0,0.005041,0.010352
800,test,price,0,0,0.013306,0.032699
800,test,shipping,0,0,0.082351,0.024859
800,test,smell,0,0,0.045429,0.005182
800,test,stayingpower,1,1,0.124996,0.854318
800,test,texture,0,0,0.33213,0.081793
801,test,colour,3,1,0.350611,0.643298
801,test,packing,0,0,0.008265,0.008179
801,test,price,0,0,0.001209,0.007059
801,test,shipping,0,0,0.262725,0.026202
801,test,smell,0,0,0.018196,0.009033
801,test,stayingpower,3,2,0.950417,0.042833
801,test,texture,1,1,0.006912,0.992254
802,test,colour,1,1,0.008942,0.980635
802,test,packing,0,0,0.002747,0.008878
802,test,price,0,0,0.008219,0.030968
802,test,shipping,0,0,0.001148,0.029986
802,test,smell,1,1,0.001263,0.998409
802,test,stayingpower,0,0,0.001665,0.006114
802,test,texture,0,0,0.002424,0.013967
803,test,colour,1,1,0.000284,0.999296
803,test,packing,1,1,0.002637,0.976531
803,test,price,0,0,0.001422,0.014367
803,test,shipping,0,0,0.027653,0.286959
803,test,smell,0,0,0.002182,0.004517
803,test,stayingpower,0,0,0.000654,0.002131
803,test,texture,0,0,0.004581,0.030806
804,test,colour,0,0,0.020614,0.026776
804,test,packing,0,0,0.01106,0.020996
804,test,price,0,0,0.019493,0.028275
804,test,shipping,2,2,0.999673,0.000239
804,test,smell,0,0,0.01512,0.011567
804,test,stayingpower,0,0,0.00309,0.005741
804,test,texture,0,0,0.00296,0.016531
805,test,colour,1,2,0.849902,0.135405
805,test,packing,1,1,0.034295,0.9507
805,test,price,0,0,0.014133,0.032513
805,test,shipping,0,0,0.097523,0.217986
805,test,smell,1,1,0.008283,0.986231
805,test,stayingpower,1,2,0.878559,0.112142
805,test,texture,3,1,0.049966,0.897466
806,test,colour,3,0,0.001778,0.04441
806,test,packing,0,0,0.009016,0.110733
806,test,price,0,0,0.012146,0.093445
806,test,shipping,2,2,0.961246,0.031417
806,test,smell,0,0,0.002266,0.015155
806,test,stayingpower,1,1,0.022291,0.964382
806,test,texture,1,1,0.00165,0.984117
807,test,colour,1,1,0.09203,0.906716
807,test,packing,0,0,0.001458,0.002033
807,test,price,0,0,0.007701,0.049894
807,test,shipping,0,0,0.002846,0.013084
807,test,smell,0,0,0.037925,0.015909
807,test,stayingpower,2,2,0.992859,0.006185
807,test,texture,0,0,0.143911,0.080251
808,test,colour,2,2,0.973803,0.010948
808,test,packing,0,0,0.09874,0.048969
808,test,price,0,0,0.014669,0.017
808,test,shipping,1,1,0.025695,0.971017
808,test,smell,1,2,0.976734,0.013028
808,test,stayingpower,0,0,0.017686,0.003068
808,test,texture,0,0,0.037121,0.020761
809,test,colour,1,1,0.001369,0.997861
809,test,packing,0,0,0.004652,0.101181
809,test,price,1,1,0.002928,0.995462
809,test,shipping,1,1,0.004793,0.971191
809,test,smell,0,0,0.001662,0.016008
809,test,stayingpower,0,0,0.011674,0.084428
809,test,texture,0,0,0.012459,0.068753
810,test,colour,1,1,0.010394,0.962074
810,test,packing,0,0,0.019274,0.092942
810,test,price,0,0,0.009866,0.090165
810,test,shipping,0,0,0.010981,0.006564
810,test,smell,1,1,0.003378,0.992451
810,test,stayingpower,3,1,0.082624,0.860054
810,test,texture,1,1,0.000753,0.999074
811,test,colour,1,1,0.060499,0.92378
811,test,packing,0,0,0.01143,0.006865
811,test,price,0,0,0.006927,0.094332
811,test,shipping,0,0,0.00497,0.0094
811,test,smell,1,2,0.522497,0.425139
811,test,stayingpower,2,2,0.988753,0.010777
811,test,texture,1,1,0.012957,0.985199
812,test,colour,0,0,0.058891,0.018573
812,test,packing,0,0,0.012846,0.007734
812,test,price,0,0,0.027133,0.041652
812,test,shipping,0,0,0.002657,0.008121
812,test,smell,0,0,0.137618,0.037001
812,test,stayingpower,0,0,0.003589,0.025348
812,test,texture,2,2,0.985399,0.005096
813,test,colour,2,2,0.774357,0.221713
813,test,packing,0,0,0.023348,0.034323
813,test,price,0,0,0.01623,0.032016
813,test,shipping,0,0,0.00709,0.011027
813,test,smell,1,1,0.094077,0.905727
813,test,stayingpower,3,2,0.65876,0.309103
813,test,texture,3,2,0.459624,0.429189
814,test,colour,1,1,0.138188,0.8587
814,test,packing,0,0,0.026131,0.045174
814,test,price,0,0,0.015355,0.124698
814,test,shipping,1,2,0.558117,0.302722
814,test,smell,0,0,0.145616,0.05066
814,test,stayingpower,2,2,0.998605,0.001325
814,test,texture,0,0,0.116842,0.24452
815,test,colour,0,0,0.024505,0.143087
815,test,packing,0,0,0.005685,0.013655
815,test,price,1,1,0.002402,0.991265
815,test,shipping,0,0,0.000952,0.011531
815,test,smell,0,0,0.00717,0.035006
815,test,stayingpower,0,0,0.007866,0.014076
815,test,texture,1,1,0.000509,0.998948
816,test,colour,0,1,0.007075,0.985911
816,test,packing,0,0,0.000665,0.003579
816,test,price,0,0,0.000696,0.008053
816,test,shipping,0,0,0.002108,0.0142
816,test,smell,1,0,0.002291,0.021961
816,test,stayingpower,0,0,0.016127,0.037938
816,test,texture,1,1,0.000408,0.997542
817,test,colour,0,0,0.004494,0.019509
817,test,packing,0,0,0.024819,0.198166
817,test,price,1,1,0.005052,0.992594
817,test,shipping,0,0,0.018984,0.038104
817,test,smell,1,1,0.005673,0.97368
817,test,stayingpower,0,0,0.001619,0.005827
817,test,texture,0,0,0.010388,0.050178
818,test,colour,0,0,0.01153,0.043176
818,test,packing,0,0,0.000212,0.000406
818,test,price,0,0,0.003064,0.00976
818,test,shipping,0,0,0.002415,0.002603
818,test,smell,0,0,0.009031,0.014253
818,test,stayingpower,0,0,0.007857,0.033853
818,test,texture,0,0,0.006874,0.018781
819,test,colour,1,0,0.009924,0.292586
819,test,packing,0,0,0.001386,0.001651
819,test,price,1,1,0.000651,0.998817
819,test,shipping,0,0,0.008958,0.024128
819,test,smell,0,0,0.004988,0.026621
819,test,stayingpower,0,0,0.001115,0.0052
819,test,texture,1,1,0.00601,0.970321
820,test,colour,0,1,0.013837,0.984475
820,test,packing,0,0,0.000327,0.001129
820,test,price,0,0,0.001144,0.003963
820,test,shipping,0,0,0.038594,0.06586
820,test,smell,0,0,0.000646,0.000776
820,test,stayingpower,0,0,0.018687,0.014739
820,test,texture,0,0,0.004138,0.017986
821,test,colour,0,0,0.017264,0.035035
821,test,packing,0,0,0.040128,0.037802
821,test,price,1,1,0.006982,0.991765
821,test,shipping,2,2,0.998952,0.000599
821,test,smell,0,0,0.016148,0.013032
821,test,stayingpower,0,0,0.020692,0.028612
821,test,texture,0,0,0.032881,0.05526
822,test,colour,0,0,0.011872,0.007749
822,test,packing,0,0,0.001634,0.00121
822,test,price,0,0,0.002456,0.00203
822,test,shipping,0,0,0.002627,0.002941
822,test,smell,0,0,0.007404,0.008773
822,test,stayingpower,0,0,0.001417,0.006466
822,test,texture,0,0,0.003781,0.004521
823,test,colour,0,0,0.01,0.041774
823,test,packing,0,0,0.000806,0.002968
823,test,price,0,0,0.001474,0.003622
823,test,shipping,0,0,0.040677,0.007664
823,test,smell,0,0,0.001851,0.001639
823,test,stayingpower,0,0,0.002209,0.007382
823,test,texture,0,0,0.001888,0.007418
824,test,colour,1,1,0.00137,0.991298
824,test,packing,0,0,0.000482,0.009015
824,test,price,0,0,0.002444,0.007805
824,test,shipping,1,1,0.017433,0.979329
824,test,smell,0,0,0.002272,0.012868
824,test,stayingpower,0,0,0.004356,0.047695
824,test,texture,0,0,0.000685,0.019953
825,test,colour,0,0,0.006925,0.013046
825,test,packing,0,0,0.002708,0.024372
825,test,price,0,0,0.002199,0.006113
825,test,shipping,1,1,0.021483,0.926867
825,test,smell,0,0,0.000862,0.001868
825,test,stayingpower,0,0,0.000199,0.003229
825,test,texture,0,0,0.00045,0.002674
826,test,colour,0,0,0.004423,0.03774
826,test,packing,0,0,0.007508,0.029028
826,test,price,0,0,0.006914,0.004685
826,test,shipping,0,0,0.029367,0.053342
826,test,smell,1,1,0.005041,0.992796
826,test,stayingpower,0,0,0.000271,0.001895
826,test,texture,0,0,0.00181,0.00675
827,test,colour,0,0,0.002942,0.025838
827,test,packing,1,1,0.002146,0.996824
827,test,price,0,0,0.015467,0.085771
827,test,shipping,1,1,0.018614,0.964627
827,test,smell,1,1,0.002801,0.982199
827,test,stayingpower,1,1,0.082559,0.748016
827,test,texture,0,0,0.007864,0.353343
828,test,colour,1,1,0.001082,0.986951
828,test,packing,0,0,0.002299,0.013002
828,test,price,0,0,0.002534,0.054178
828,test,shipping,1,1,0.000577,0.995996
828,test,smell,0,0,0.002366,0.039561
828,test,stayingpower,0,0,0.025932,0.084655
828,test,texture,1,1,0.000605,0.992286
829,test,colour,1,1,0.000139,0.999635
829,test,packing,1,0,0.002379,0.043698
829,test,price,0,0,0.001761,0.016102
829,test,shipping,0,0,0.0017,0.014972
829,test,smell,0,0,0.000467,0.005831
829,test,stayingpower,1,1,0.070391,0.768538
829,test,texture,0,1,0.032778,0.62187
830,test,colour,1,1,0.001182,0.998097
830,test,packing,0,0,0.001893,0.003323
830,test,price,0,0,0.00495,0.148743
830,test,shipping,0,0,0.001115,0.002295
830,test,smell,0,0,0.002469,0.003665
830,test,stayingpower,0,2,0.79946,0.15806
830,test,texture,1,2,0.619592,0.373683
831,test,colour,1,1,0.010698,0.988279
831,test,packing,1,1,0.044272,0.90106
831,test,price,1,1,0.011289,0.96546
831,test,shipping,1,1,0.010725,0.97194
831,test,smell,0,0,0.037335,0.022361
831,test,stayingpower,2,2,0.993321,0.005491
831,test,texture,0,2,0.642874,0.203649
832,test,colour,0,0,0.012266,0.007877
832,test,packing,0,0,0.005192,0.009299
832,test,price,0,0,0.002105,0.005865
832,test,shipping,0,0,0.171907,0.061495
832,test,smell,0,0,0.001121,0.001742
832,test,stayingpower,0,0,0.001028,0.004205
832,test,texture,0,0,0.001532,0.007228
833,test,colour,0,0,0.001372,0.033048
833,test,packing,0,0,0.001213,0.009144
833,test,price,1,1,0.005067,0.985425
833,test,shipping,0,0,0.001653,0.019495
833,test,smell,0,0,0.003748,0.012329
833,test,stayingpower,0,0,0.000262,0.002992
833,test,texture,0,0,0.00548,0.020711
834,test,colour,1,1,0.019328,0.978644
834,test,packing,0,0,0.006524,0.004725
834,test,price,0,0,0.026756,0.087043
834,test,shipping,0,0,0.003179,0.00593
834,test,smell,2,2,0.974315,0.025367
834,test,stayingpower,0,0,0.082582,0.017799
834,test,texture,1,2,0.524823,0.104606
835,test,colour,1,1,0.023937,0.972749
835,test,packing,0,0,0.020986,0.046388
835,test,price,0,0,0.01227,0.023807
835,test,shipping,2,2,0.992791,0.006482
835,test,smell,1,1,0.016438,0.982723
835,test,stayingpower,2,2,0.896151,0.083746
835,test,texture,0,0,0.080655,0.074507
836,test,colour,0,0,0.004593,0.060512
836,test,packing,0,0,0.004051,0.016287
836,test,price,0,0,0.007045,0.035987
836,test,shipping,0,0,0.003867,0.005017
836,test,smell,0,0,0.00172,0.009078
836,test,stayingpower,1,1,0.063203,0.932741
836,test,texture,3,1,0.017856,0.9753
837,test,colour,0,0,0.003379,0.031032
837,test,packing,1,1,0.002219,0.995773
837,test,price,0,0,0.002531,0.007655
837,test,shipping,0,0,0.023006,0.083251
837,test,smell,0,0,0.003199,0.006337
837,test,stayingpower,0,0,0.000214,0.001584
837,test,texture,0,0,0.000706,0.002848
838,test,colour,1,1,0.000302,0.997639
838,test,packing,0,0,0.00173,0.027671
838,test,price,0,0,0.002941,0.12955
838,test,shipping,0,0,0.004275,0.012224
838,test,smell,0,0,0.001322,0.005835
838,test,stayingpower,1,1,0.014393,0.976858
838,test,texture,0,1,0.015577,0.843429
839,test,colour,0,0,0.13808,0.144281
839,test,packing,0,0,0.016229,0.013949
839,test,price,0,0,0.006878,0.028377
839,test,shipping,0,0,0.002422,0.01137
839,test,smell,0,0,0.016812,0.027538
839,test,stayingpower,2,2,0.994298,0.004206
839,test,texture,1,1,0.014048,0.982464
840,test,colour,0,0,0.010408,0.033911
840,test,packing,0,0,0.037399,0.102383
840,test,price,1,1,0.006406,0.992502
840,test,shipping,2,2,0.974128,0.023361
840,test,smell,0,0,0.003538,0.004489
840,test,stayingpower,0,0,0.003092,0.026002
840,test,texture,0,0,0.023345,0.024706
841,test,colour,1,1,0.469286,0.473671
841,test,packing,0,0,0.029553,0.013781
841,test,price,1,1,0.016959,0.972289
841,test,shipping,0,0,0.033999,0.002238
841,test,smell,0,0,0.040622,0.003001
841,test,stayingpower,0,0,0.074083,0.103741
841,test,texture,2,2,0.995134,0.003848
842,test,colour,1,1,0.000927,0.998749
842,test,packing,0,0,0.00427,0.041035
842,test,price,0,0,0.001477,0.00529
842,test,shipping,1,0,0.214012,0.137662
842,test,smell,0,0,0.003247,0.001742
842,test,stayingpower,0,0,0.000698,0.002263
842,test,texture,0,0,0.00273,0.008243
843,test,colour,0,0,0.010206,0.008327
843,test,packing,0,0,0.00374,0.006621
843,test,price,0,0,0.001447,0.004389
843,test,shipping,0,0,0.010058,0.0146
843,test,smell,0,0,0.026897,0.016839
843,test,stayingpower,0,0,0.005499,0.007268
843,test,texture,0,0,0.001108,0.003147
844,test,colour,0,0,0.004746,0.035515
844,test,packing,0,0,0.001835,0.004566
844,test,price,0,0,0.013885,0.024461
844,test,shipping,0,0,0.002752,0.016789
844,test,smell,1,1,0.007561,0.990549
844,test,stayingpower,0,0,0.001617,0.003384
844,test,texture,0,0,0.007788,0.033737
845,test,colour,1,1,0.000219,0.999206
845,test,packing,0,0,0.000701,0.015321
845,test,price,0,0,0.002058,0.018001
845,test,shipping,0,0,0.005202,0.045828
845,test,smell,0,0,0.001874,0.004578
845,test,stayingpower,0,0,0.000726,0.006276
845,test,texture,0,0,0.002845,0.014951
846,test,colour,0,0,0.002422,0.019128
846,test,packing,0,0,0.002161,0.0037
846,test,price,0,0,0.006932,0.01442
846,test,shipping,0,0,0.001014,0.006228
846,test,smell,1,1,0.009228,0.979033
846,test,stayingpower,0,0,0.001049,0.002943
846,test,texture,0,0,0.005055,0.038573
847,test,colour,1,1,0.001981,0.996023
847,test,packing,0,0,0.004174,0.047232
847,test,price,0,0,0.002942,0.059676
847,test,shipping,0,0,0.003632,0.006854
847,test,smell,0,0,0.003558,0.045571
847,test,stayingpower,1,1,0.008259,0.990774
847,test,texture,0,1,0.040746,0.862124
848,test,colour,0,0,0.002686,0.005356
848,test,packing,0,0,0.00313,0.010117
848,test,price,0,0,0.002412,0.004594
848,test,shipping,0,0,0.125454,0.030121
848,test,smell,0,0,0.002314,0.001322
848,test,stayingpower,0,0,0.000701,0.014629
848,test,texture,0,0,0.001224,0.003791
849,test,colour,3,1,0.0879,0.909551
849,test,packing,0,0,0.006065,0.014496
849,test,price,0,0,0.012004,0.058703
849,test,shipping,0,0,0.002137,0.017744
849,test,smell,0,0,0.027508,0.010623
849,test,stayingpower,2,2,0.996849,0.002801
849,test,texture,0,0,0.072411,0.090748
850,test,colour,0,0,0.00969,0.308672
850,test,packing,0,1,0.005431,0.988792
850,test,price,0,0,0.004552,0.055967
850,test,shipping,0,0,0.008563,0.105835
850,test,smell,0,0,0.006531,0.044879
850,test,stayingpower,0,0,0.001591,0.018084
850,test,texture,1,1,0.000623,0.995198
851,test,colour,1,1,0.00014,0.999423
851,test,packing,0,0,0.00092,0.019385
851,test,price,0,0,0.003075,0.019298
851,test,shipping,2,2,0.984606,0.013362
851,test,smell,0,0,0.004169,0.036713
851,test,stayingpower,0,0,0.006335,0.054548
851,test,texture,0,0,0.020972,0.404968
852,test,colour,0,0,0.002482,0.007909
852,test,packing,0,0,0.015444,0.070366
852,test,price,1,1,0.01784,0.952449
852,test,shipping,1,1,0.024389,0.957183
852,test,smell,0,0,0.002391,0.002918
852,test,stayingpower,0,0,0.000329,0.001432
852,test,texture,0,0,0.002233,0.004073
853,test,colour,0,0,0.002447,0.008896
853,test,packing,1,1,0.002794,0.994093
853,test,price,0,0,0.001639,0.00506
853,test,shipping,0,0,0.01406,0.056619
853,test,smell,0,0,0.001876,0.002637
853,test,stayingpower,0,0,0.000472,0.003631
853,test,texture,0,0,0.004049,0.053036
854,test,colour,1,1,0.000622,0.999052
854,test,packing,0,0,0.001748,0.020259
854,test,price,0,0,0.005957,0.024387
854,test,shipping,0,0,0.0143,0.024306
854,test,smell,1,1,0.013111,0.979883
854,test,stayingpower,0,0,0.000805,0.006465
854,test,texture,0,0,0.005155,0.008294
855,test,colour,1,1,0.071501,0.906393
855,test,packing,0,0,0.015274,0.040773
855,test,price,0,0,0.011496,0.028128
855,test,shipping,2,2,0.997795,0.001913
855,test,smell,0,0,0.012475,0.009115
855,test,stayingpower,1,1,0.215828,0.763528
855,test,texture,2,2,0.961826,0.022138
856,test,colour,1,1,0.030524,0.865313
856,test,packing,0,0,0.016873,0.111408
856,test,price,0,0,0.004116,0.035041
856,test,shipping,0,0,0.445345,0.034471
856,test,smell,0,0,0.001838,0.015321
856,test,stayingpower,1,1,0.08076,0.87517
856,test,texture,1,1,0.001929,0.997972
857,test,colour,0,0,0.010689,0.006039
857,test,packing,0,0,0.021879,0.032858
857,test,price,0,0,0.009252,0.009097
857,test,shipping,2,2,0.998951,0.000658
857,test,smell,0,0,0.005837,0.001838
857,test,stayingpower,0,0,0.003936,0.003976
857,test,texture,0,0,0.002427,0.006945
858,test,colour,1,1,0.000669,0.995406
858,test,packing,0,0,0.001114,0.008615
858,test,price,0,0,0.002093,0.063879
858,test,shipping,0,0,0.001842,0.01915
858,test,smell,0,0,0.0013,0.011057
858,test,stayingpower,0,0,0.006425,0.043347
858,test,texture,1,1,0.000997,0.99636
859,test,colour,1,1,0.028154,0.927734
859,test,packing,0,0,0.001316,0.001162
859,test,price,0,0,0.002486,0.005199
859,test,shipping,0,0,0.033203,0.006386
859,test,smell,1,0,0.061623,0.015015
859,test,stayingpower,0,0,0.02191,0.056728
859,test,texture,2,0,0.028249,0.025308
860,test,colour,0,0,0.003343,0.092369
860,test,packing,0,0,0.009777,0.130484
860,test,price,1,1,0.029641,0.617343
860,test,shipping,3,2,0.644324,0.309893
860,test,smell,0,0,0.00084,0.00325
860,test,stayingpower,0,0,0.00011,0.002337
860,test,texture,0,0,0.000202,0.002935
861,test,colour,0,0,0.004101,0.142898
861,test,packing,1,1,0.008106,0.981351
861,test,price,0,0,0.012622,0.176456
861,test,shipping,0,0,0.027766,0.022269
861,test,smell,0,0,0.004033,0.063369
861,test,stayingpower,3,1,0.042789,0.944825
861,test,texture,3,1,0.003099,0.992988
862,test,colour,0,0,0.004106,0.004522
862,test,packing,0,0,0.034568,0.053195
862,test,price,0,0,0.013166,0.050569
862,test,shipping,3,2,0.979852,0.019977
862,test,smell,0,0,0.000724,0.000438
862,test,stayingpower,0,0,0.005033,0.009502
862,test,texture,0,0,0.044541,0.112419
863,test,colour,0,0,0.074068,0.095432
863,test,packing,0,0,0.033632,0.034461
863,test,price,0,0,0.067179,0.163454
863,test,shipping,2,2,0.993886,0.004642
863,test,smell,1,1,0.054733,0.943928
863,test,stayingpower,2,2,0.95905,0.031037
863,test,texture,0,0,0.079234,0.374586
864,test,colour,1,1,0.001543,0.963645
864,test,packing,0,0,0.001144,0.010415
864,test,price,0,0,0.003008,0.025802
864,test,shipping,0,0,0.043685,0.016992
864,test,smell,0,0,0.001524,0.01245
864,test,stayingpower,1,1,0.008903,0.990499
864,test,texture,1,1,0.019806,0.864215
865,test,colour,1,1,0.001472,0.997861
865,test,packing,0,0,0.002587,0.016089
865,test,price,0,0,0.001182,0.00454
865,test,shipping,0,0,0.000497,0.011675
865,test,smell,0,0,0.000879,0.001476
865,test,stayingpower,0,0,0.001627,0.004048
865,test,texture,0,0,0.039905,0.10903
866,test,colour,0,0,0.006684,0.041411
866,test,packing,0,0,0.008254,0.02622
866,test,price,0,0,0.00483,0.026041
866,test,shipping,0,0,0.000607,0.00824
866,test,smell,1,1,0.00312,0.979669
866,test,stayingpower,0,0,0.005023,0.020976
866,test,texture,0,1,0.000376,0.991788
867,test,colour,1,1,0.034435,0.95061
867,test,packing,1,1,0.066664,0.918803
867,test,price,1,1,0.005196,0.977737
867,test,shipping,1,1,0.028711,0.964882
867,test,smell,0,0,0.035888,0.100072
867,test,stayingpower,1,2,0.830498,0.14926
867,test,texture,1,1,0.038855,0.959691
868,test,colour,1,1,0.016767,0.980289
868,test,packing,0,0,0.003801,0.007799
868,test,price,0,0,0.006079,0.049473
868,test,shipping,0,0,0.03314,0.009039
868,test,smell,0,0,0.20455,0.176304
868,test,stayingpower,2,2,0.915059,0.084821
868,test,texture,3,1,0.027541,0.95578
869,test,colour,0,0,0.010299,0.005417
869,test,packing,0,0,0.001249,0.001357
869,test,price,0,0,0.004586,0.009674
869,test,shipping,0,0,0.003452,0.002891
869,test,smell,0,0,0.006519,0.003001
869,test,stayingpower,0,0,0.000523,0.001836
869,test,texture,0,0,0.007678,0.008954
870,test,colour,1,1,0.003992,0.994281
870,test,packing,0,0,0.003308,0.005978
870,test,price,1,1,0.010518,0.971306
870,test,shipping,0,0,0.017063,0.040953
870,test,smell,0,0,0.054924,0.017998
870,test,stayingpower,2,2,0.995353,0.003899
870,test,texture,0,0,0.234782,0.285044
871,test,colour,1,1,0.227644,0.754607
871,test,packing,0,0,0.064829,0.098238
871,test,price,0,0,0.039062,0.237667
871,test,shipping,2,2,0.996648,0.002411
871,test,smell,2,2,0.96767,0.032245
871,test,stayingpower,0,0,0.369106,0.04669
871,test,texture,0,0,0.11541,0.175451
872,test,colour,0,0,0.018451,0.017133
872,test,packing,0,0,0.015035,0.018582
872,test,price,1,1,0.006012,0.992125
872,test,shipping,1,1,0.030201,0.963829
872,test,smell,0,0,0.004136,0.007349
872,test,stayingpower,0,0,0.005714,0.009623
872,test,texture,0,0,0.003885,0.014839
873,test,colour,1,1,0.00207,0.996878
873,test,packing,0,0,0.010833,0.092659
873,test,price,0,0,0.010819,0.044721
873,test,shipping,2,2,0.998818,0.001052
873,test,smell,0,0,0.004224,0.002331
873,test,stayingpower,0,0,0.004933,0.021587
873,test,texture,0,0,0.013141,0.059391
874,test,colour,1,1,0.031623,0.961638
874,test,packing,0,0,0.011771,0.032063
874,test,price,1,0,0.005216,0.032134
874,test,shipping,1,1,0.006812,0.991872
874,test,smell,1,1,0.001487,0.997633
874,test,stayingpower,0,2,0.50813,0.385395
874,test,texture,1,1,0.00109,0.99192
875,test,colour,1,1,0.023364,0.969342
875,test,packing,0,0,0.000945,0.002264
875,test,price,0,0,0.00168,0.025319
875,test,shipping,0,0,0.000541,0.009348
875,test,smell,0,0,0.002548,0.012681
875,test,stayingpower,0,0,0.168768,0.082429
875,test,texture,1,1,0.006037,0.99341
876,test,colour,2,1,0.376714,0.619586
876,test,packing,0,0,0.043419,0.011926
876,test,price,0,0,0.047939,0.075822
876,test,shipping,0,0,0.014803,0.004714
876,test,smell,3,2,0.856868,0.142235
876,test,stayingpower,0,0,0.109551,0.073537
876,test,texture,2,2,0.989991,0.005158
877,test,colour,0,0,0.00905,0.002763
877,test,packing,0,0,0.007585,0.006787
877,test,price,0,0,0.002276,0.001485
877,test,shipping,0,0,0.023425,0.034072
877,test,smell,0,0,0.004844,0.00288
877,test,stayingpower,0,0,0.000471,0.000566
877,test,texture,0,0,0.001763,0.001721
878,test,colour,1,1,0.003364,0.99036
878,test,packing,0,0,0.002281,0.002653
878,test,price,0,0,0.002929,0.008603
878,test,shipping,0,0,0.000962,0.003359
878,test,smell,1,1,0.001517,0.998218
878,test,stayingpower,0,0,0.016322,0.028243
878,test,texture,1,1,0.010913,0.960114
879,test,colour,1,1,0.001109,0.992137
879,test,packing,0,0,0.000877,0.002513
879,test,price,0,0,0.001878,0.02232
879,test,shipping,0,0,0.002806,0.012901
879,test,smell,0,0,0.003759,0.045934
879,test,stayingpower,0,0,0.008969,0.044413
879,test,texture,1,1,0.00028,0.995986
880,test,colour,1,1,0.005772,0.990978
880,test,packing,1,1,0.002823,0.992355
880,test,price,0,1,0.006512,0.972634
880,test,shipping,0,0,0.427851,0.080019
880,test,smell,1,1,0.012579,0.959573
880,test,stayingpower,0,0,0.001675,0.016088
880,test,texture,0,0,0.022797,0.047307
881,test,colour,1,1,0.003915,0.99593
881,test,packing,0,0,0.002143,0.010347
881,test,price,0,0,0.003462,0.031444
881,test,shipping,0,0,0.001678,0.006439
881,test,smell,0,0,0.004751,0.001933
881,test,stayingpower,0,0,0.003588,0.002472
881,test,texture,1,0,0.064786,0.23055
882,test,colour,1,1,0.000704,0.999004
882,test,packing,1,1,0.001934,0.98543
882,test,price,1,1,0.003202,0.950482
882,test,shipping,0,0,0.079098,0.203383
882,test,smell,0,0,0.013311,0.092268
882,test,stayingpower,1,1,0.045957,0.938081
882,test,texture,0,1,0.072994,0.684035
883,test,colour,0,0,0.011704,0.16167
883,test,packing,0,0,0.007519,0.080005
883,test,price,0,0,0.003695,0.014769
883,test,shipping,1,1,0.000204,0.999501
883,test,smell,0,0,0.00104,0.002441
883,test,stayingpower,0,0,0.002398,0.006904
883,test,texture,0,0,0.001115,0.014981
884,test,colour,0,0,0.001278,0.011636
884,test,packing,0,0,0.00522,0.052558
884,test,price,0,0,0.002636,0.006522
884,test,shipping,0,0,0.003099,0.020918
884,test,smell,0,0,0.001566,0.002186
884,test,stayingpower,0,0,0.000771,0.002672
884,test,texture,0,0,0.001565,0.003949
885,test,colour,0,0,0.001846,0.009437
885,test,packing,0,0,0.004342,0.012406
885,test,price,1,1,0.022568,0.922828
885,test,shipping,0,0,0.129593,0.072295
885,test,smell,0,0,0.001107,0.000782
885,test,stayingpower,0,0,9.7e-05,0.002573
885,test,texture,0,0,0.002211,0.013175
886,test,colour,1,1,0.00136,0.99116
886,test,packing,1,1,0.000677,0.998739
886,test,price,0,0,0.001372,0.010265
886,test,shipping,3,1,0.008361,0.979683
886,test,smell,0,0,0.0036,0.010346
886,test,stayingpower,0,0,0.000589,0.004643
886,test,texture,0,0,0.001539,0.010729
887,test,colour,0,0,0.001739,0.073076
887,test,packing,1,1,0.001554,0.992112
887,test,price,0,0,0.004052,0.1254
887,test,shipping,1,0,0.002669,0.446196
887,test,smell,0,0,0.00104,0.004861
887,test,stayingpower,0,0,0.000203,0.001804
887,test,texture,0,0,0.000689,0.044479
888,test,colour,0,0,0.005682,0.014626
888,test,packing,1,1,0.034415,0.947829
888,test,price,1,1,0.002902,0.993506
888,test,shipping,0,0,0.121337,0.106038
888,test,smell,0,0,0.007512,0.015355
888,test,stayingpower,0,0,0.00019,0.000819
888,test,texture,0,0,0.005565,0.017705
889,test,colour,0,0,0.010496,0.048723
889,test,packing,0,0,0.002032,0.00627
889,test,price,0,0,0.002408,0.004893
889,test,shipping,1,1,0.000319,0.998229
889,test,smell,0,0,0.001515,0.003349
889,test,stayingpower,0,0,0.002334,0.008417
889,test,texture,0,0,0.004904,0.037491
890,test,colour,0,0,0.002808,0.024525
890,test,packing,0,0,0.001089,0.001232
890,test,price,1,1,0.008431,0.888512
890,test,shipping,0,0,0.002133,0.03068
890,test,smell,0,0,0.005816,0.078271
890,test,stayingpower,0,0,0.01217,0.045456
890,test,texture,1,1,0.00044,0.997475
891,test,colour,1,1,0.289297,0.584503
891,test,packing,0,0,0.014592,0.006958
891,test,price,1,1,0.003433,0.996432
891,test,shipping,0,0,0.045624,0.046159
891,test,smell,2,2,0.774835,0.222705
891,test,stayingpower,2,2,0.946277,0.021086
891,test,texture,1,1,0.137119,0.790497
892,test,colour,1,0,0.002869,0.119493
892,test,packing,0,0,0.004406,0.015621
892,test,price,1,1,0.000923,0.998723
892,test,shipping,0,0,0.00751,0.038608
892,test,smell,0,0,0.002144,0.005829
892,test,stayingpower,0,0,0.000768,0.005425
892,test,texture,0,0,0.009282,0.074904
893,test,colour,1,1,0.002855,0.991321
893,test,packing,0,0,0.001549,0.003039
893,test,price,0,0,0.001804,0.016845
893,test,shipping,0,0,0.000481,0.006686
893,test,smell,0,0,0.003725,0.003853
893,test,stayingpower,0,0,0.217144,0.061174
893,test,texture,1,1,0.058499,0.93808
894,test,colour,1,1,0.001908,0.994841
894,test,packing,0,0,0.003965,0.109395
894,test,price,0,0,0.0106,0.207947
894,test,shipping,0,0,0.007458,0.006427
894,test,smell,0,0,0.002605,0.008364
894,test,stayingpower,1,1,0.002731,0.994588
894,test,texture,0,1,0.056809,0.632798
895,test,colour,1,1,0.00028,0.999607
895,test,packing,0,0,0.000583,0.004135
895,test,price,0,0,0.001957,0.014392
895,test,shipping,0,0,0.007628,0.040657
895,test,smell,0,0,0.003341,0.012085
895,test,stayingpower,0,0,0.003884,0.012079
895,test,texture,0,0,0.0034,0.013965
896,test,colour,1,2,0.64315,0.356553
896,test,packing,0,0,0.008584,0.006753
896,test,price,0,0,0.010413,0.016844
896,test,shipping,0,0,0.015853,0.012199
896,test,smell,0,0,0.02386,0.001179
896,test,stayingpower,0,0,0.066118,0.019751
896,test,texture,0,0,0.272175,0.006142
897,test,colour,0,0,0.026376,0.467388
897,test,packing,0,0,0.002734,0.029563
897,test,price,0,0,0.001179,0.003296
897,test,shipping,1,1,0.000251,0.999085
897,test,smell,0,0,0.000823,0.004039
897,test,stayingpower,0,0,0.003449,0.031589
897,test,texture,0,0,0.007982,0.231015
898,test,colour,3,1,0.320152,0.667499
898,test,packing,0,0,0.003187,0.017612
898,test,price,0,0,0.000954,0.001987
898,test,shipping,1,1,0.000157,0.996734
898,test,smell,0,0,0.012716,0.028972
898,test,stayingpower,0,0,0.008463,0.009552
898,test,texture,0,0,0.006119,0.007256
899,test,colour,0,2,0.622783,0.061143
899,test,packing,0,1,0.065244,0.909765
899,test,price,0,0,0.035639,0.081886
899,test,shipping,0,0,0.120396,0.212878
899,test,smell,1,1,0.216608,0.773197
899,test,stayingpower,2,2,0.996332,0.003234
899,test,texture,1,1,0.464033,0.478047
900,test,colour,0,0,0.009777,0.345529
900,test,packing,0,0,0.006107,0.007444
900,test,price,0,0,0.005353,0.032039
900,test,shipping,0,0,0.002821,0.009461
900,test,smell,0,0,0.005147,0.027595
900,test,stayingpower,1,1,0.128975,0.808008
900,test,texture,1,1,0.033978,0.965666
901,test,colour,0,0,0.459087,0.008008
901,test,packing,0,0,0.043692,0.004148
901,test,price,0,0,0.015499,0.019221
901,test,shipping,0,0,0.085313,0.006799
901,test,smell,0,0,0.027758,0.001472
901,test,stayingpower,0,0,0.000432,0.000308
901,test,texture,0,0,0.110446,0.004679
902,test,colour,1,1,0.001325,0.992728
902,test,packing,0,0,0.00161,0.035828
902,test,price,1,1,0.004133,0.992664
902,test,shipping,1,1,0.020996,0.945294
902,test,smell,0,0,0.001733,0.00587
902,test,stayingpower,0,0,0.001945,0.018809
902,test,texture,0,0,0.005689,0.029173
903,test,colour,1,0,0.036291,0.327273
903,test,packing,0,0,0.021984,0.106128
903,test,price,0,0,0.013641,0.020889
903,test,shipping,0,0,0.048327,0.01777
903,test,smell,1,1,0.010036,0.945904
903,test,stayingpower,1,1,0.324235,0.675372
903,test,texture,1,1,0.121376,0.753805
904,test,colour,2,2,0.967318,0.017838
904,test,packing,0,0,0.034232,0.010327
904,test,price,1,1,0.019417,0.973001
904,test,shipping,0,0,0.12675,0.016068
904,test,smell,0,0,0.407115,0.011
904,test,stayingpower,0,0,0.158167,0.036595
904,test,texture,2,2,0.918289,0.01244
905,test,colour,1,1,0.002189,0.997585
905,test,packing,0,0,0.00267,0.002868
905,test,price,0,0,0.002111,0.030702
905,test,shipping,0,0,0.000807,0.003421
905,test,smell,0,0,0.023604,0.103681
905,test,stayingpower,0,0,0.059796,0.098324
905,test,texture,1,1,0.095743,0.901881
906,test,colour,0,0,0.00821,0.047379
906,test,packing,0,0,0.021403,0.104776
906,test,price,0,0,0.015117,0.093659
906,test,shipping,0,0,0.172727,0.044704
906,test,smell,1,1,0.002054,0.983726
906,test,stayingpower,1,1,0.072415,0.918105
906,test,texture,1,1,0.001617,0.995626
907,test,colour,1,2,0.51997,0.397451
907,test,packing,0,0,0.013438,0.016057
907,test,price,0,0,0.008635,0.056312
907,test,shipping,0,0,0.002548,0.010897
907,test,smell,0,0,0.005355,0.007592
907,test,stayingpower,2,2,0.985597,0.014259
907,test,texture,1,1,0.349301,0.623946
908,test,colour,1,1,0.001831,0.993101
908,test,packing,0,0,0.003968,0.023858
908,test,price,0,0,0.000974,0.013642
908,test,shipping,1,1,0.000219,0.996011
908,test,smell,0,0,0.007201,0.085085
908,test,stayingpower,0,0,0.012242,0.020366
908,test,texture,1,1,0.00198,0.986665
909,test,colour,1,1,0.015354,0.962109
909,test,packing,0,0,0.001934,0.004383
909,test,price,0,0,0.003657,0.032672
909,test,shipping,0,0,0.020088,0.005625
909,test,smell,0,0,0.000895,0.008151
909,test,stayingpower,1,1,0.076476,0.922524
909,test,texture,3,1,0.042232,0.908649
910,test,colour,1,1,0.000617,0.997927
910,test,packing,0,0,0.001602,0.035943
910,test,price,1,1,0.004474,0.976248
910,test,shipping,0,0,0.009468,0.06917
910,test,smell,0,0,0.004006,0.007799
910,test,stayingpower,0,0,0.001033,0.007653
910,test,texture,0,0,0.002011,0.005749
911,test,colour,0,0,0.000856,0.010534
911,test,packing,0,0,0.007473,0.230828
911,test,price,0,0,0.001046,0.003592
911,test,shipping,0,0,0.001313,0.008533
911,test,smell,0,0,0.001225,0.001994
911,test,stayingpower,0,0,0.000796,0.005427
911,test,texture,0,0,0.003392,0.046726
912,test,colour,0,0,0.002486,0.015688
912,test,packing,0,0,0.001346,0.007819
912,test,price,0,0,0.001082,0.00164
912,test,shipping,0,0,0.012737,0.059833
912,test,smell,0,0,0.002842,0.004622
912,test,stayingpower,0,0,0.000521,0.001452
912,test,texture,0,0,0.000629,0.004967
913,test,colour,1,1,0.15596,0.822597
913,test,packing,0,0,0.067317,0.091717
913,test,price,0,0,0.022266,0.103458
913,test,shipping,0,0,0.005514,0.019907
913,test,smell,3,2,0.644069,0.301468
913,test,stayingpower,2,2,0.998199,0.001734
913,test,texture,1,1,0.03724,0.953246
914,test,colour,1,1,0.020859,0.974706
914,test,packing,0,0,0.010404,0.012209
914,test,price,0,0,0.016141,0.053335
914,test,shipping,0,0,0.026468,0.021183
914,test,smell,0,0,0.052297,0.016951
914,test,stayingpower,3,0,0.187613,0.187414
914,test,texture,2,2,0.998833,0.000749
915,test,colour,0,0,0.019505,0.036168
915,test,packing,0,0,0.01532,0.049646
915,test,price,0,0,0.006543,0.00669
915,test,shipping,2,2,0.997938,0.001984
915,test,smell,0,0,0.008972,0.007861
915,test,stayingpower,0,0,0.003391,0.005796
915,test,texture,0,0,0.001693,0.020435
916,test,colour,1,1,0.007364,0.977794
916,test,packing,0,0,0.00919,0.034861
916,test,price,0,0,0.001922,0.019308
916,test,shipping,1,1,0.000772,0.99834
916,test,smell,0,0,0.003729,0.059482
916,test,stayingpower,0,0,0.029658,0.080974
916,test,texture,1,1,0.000597,0.997301
917,test,colour,1,2,0.76594,0.233136
917,test,packing,0,0,0.010758,0.006942
917,test,price,1,1,0.033274,0.898584
917,test,shipping,0,0,0.017077,0.007758
917,test,smell,2,2,0.952157,0.040215
917,test,stayingpower,0,2,0.517861,0.012592
917,test,texture,0,0,0.209988,0.032876
918,test,colour,1,1,0.184636,0.814412
918,test,packing,1,1,0.075653,0.90172
918,test,price,0,0,0.006597,0.025
918,test,shipping,0,0,0.421843,0.054975
918,test,smell,0,0,0.140378,0.004348
918,test,stayingpower,0,0,0.145698,0.035956
918,test,texture,0,2,0.898484,0.026837
919,test,colour,1,1,0.109904,0.858474
919,test,packing,0,0,0.060835,0.066709
919,test,price,0,0,0.02711,0.013387
919,test,shipping,0,0,0.11375,0.020807
919,test,smell,1,1,0.33362,0.664996
919,test,stayingpower,0,2,0.570203,0.295539
919,test,texture,2,2,0.986987,0.003797
920,test,colour,1,1,0.001038,0.995015
920,test,packing,0,0,0.003197,0.024675
920,test,price,0,0,0.020279,0.042903
920,test,shipping,2,2,0.99963,0.00024
920,test,smell,1,1,0.368681,0.502788
920,test,stayingpower,0,0,0.017416,0.105573
920,test,texture,0,0,0.013301,0.079553
921,test,colour,0,0,0.004411,0.061673
921,test,packing,0,0,0.005857,0.042591
921,test,price,0,0,0.002884,0.022764
921,test,shipping,1,1,0.000959,0.998245
921,test,smell,0,0,0.001748,0.005561
921,test,stayingpower,0,0,0.004878,0.04129
921,test,texture,1,1,0.002512,0.960901
922,test,colour,1,1,0.00024,0.999394
922,test,packing,0,0,0.000362,0.000948
922,test,price,0,0,0.000952,0.001565
922,test,shipping,0,0,0.05399,0.025282
922,test,smell,0,0,0.021392,0.095697
922,test,stayingpower,0,0,0.005854,0.057705
922,test,texture,0,0,0.003326,0.018919
923,test,colour,1,1,0.00224,0.997472
923,test,packing,0,0,0.003651,0.015032
923,test,price,1,1,0.003292,0.994719
923,test,shipping,0,0,0.178462,0.080349
923,test,smell,0,0,0.003942,0.002581
923,test,stayingpower,0,0,0.00749,0.017299
923,test,texture,0,0,0.046657,0.04798
924,test,colour,1,1,0.001315,0.996801
924,test,packing,0,0,0.001165,0.001834
924,test,price,1,1,0.003916,0.979693
924,test,shipping,0,0,0.000592,0.014389
924,test,smell,1,1,0.035047,0.629405
924,test,stayingpower,0,0,0.015126,0.032531
924,test,texture,1,1,0.001001,0.991638
925,test,colour,1,1,0.019832,0.865449
925,test,packing,0,0,0.003894,0.020966
925,test,price,0,0,0.002144,0.023217
925,test,shipping,0,0,0.085764,0.094974
925,test,smell,0,0,0.0117,0.034094
925,test,stayingpower,1,1,0.024155,0.975483
925,test,texture,1,1,0.008542,0.989367
926,test,colour,2,2,0.995055,0.003698
926,test,packing,0,0,0.019787,0.014703
926,test,price,0,0,0.032912,0.055667
926,test,shipping,0,0,0.002539,0.007258
926,test,smell,1,1,0.109529,0.887983
926,test,stayingpower,0,0,0.171769,0.012267
926,test,texture,0,0,0.199648,0.180079
927,test,colour,1,1,8.7e-05,0.999771
927,test,packing,0,0,0.000787,0.007071
927,test,price,0,0,0.002454,0.00891
927,test,shipping,0,2,0.854355,0.022004
927,test,smell,0,0,0.004929,0.008188
927,test,stayingpower,0,0,0.002824,0.029412
927,test,texture,0,0,0.009364,0.036508
928,test,colour,1,1,0.001007,0.991731
928,test,packing,0,0,0.005536,0.137087
928,test,price,0,0,0.004408,0.081132
928,test,shipping,0,0,0.152865,0.050132
928,test,smell,0,0,0.001631,0.019338
928,test,stayingpower,1,1,0.002964,0.995516
928,test,texture,1,1,0.003418,0.994943
929,test,colour,0,0,0.003023,0.011953
929,test,packing,1,1,0.002649,0.996291
929,test,price,0,0,0.002892,0.01584
929,test,shipping,0,0,0.004431,0.030785
929,test,smell,0,0,0.006571,0.008746
929,test,stayingpower,0,0,0.0006,0.002561
929,test,texture,0,0,0.003926,0.040201
930,test,colour,1,1,0.00042,0.999369
930,test,packing,1,1,0.001151,0.996039
930,test,price,0,0,0.004361,0.105151
930,test,shipping,1,1,0.003616,0.980492
930,test,smell,0,0,0.005209,0.018412
930,test,stayingpower,0,0,0.001577,0.011668
930,test,texture,0,0,0.00877,0.027635
931,test,colour,0,0,0.006477,0.018271
931,test,packing,0,0,0.001094,0.004731
931,test,price,0,0,0.002214,0.006317
931,test,shipping,0,0,0.00164,0.012306
931,test,smell,0,0,0.003634,0.002679
931,test,stayingpower,0,0,0.000442,0.001683
931,test,texture,0,0,0.001354,0.003217
932,test,colour,0,0,0.005878,0.047293
932,test,packing,1,1,0.032642,0.913439
932,test,price,0,0,0.00769,0.037416
932,test,shipping,2,2,0.992681,0.007255
932,test,smell,0,0,0.006697,0.015344
932,test,stayingpower,1,1,0.112302,0.727845
932,test,texture,1,1,0.012717,0.917188
933,test,colour,1,1,0.002399,0.997576
933,test,packing,0,0,0.002576,0.005045
933,test,price,0,0,0.009423,0.069996
933,test,shipping,0,0,0.012619,0.006608
933,test,smell,0,0,0.021386,0.007108
933,test,stayingpower,0,0,0.007981,0.004653
933,test,texture,0,0,0.181653,0.104334
934,test,colour,0,0,0.001624,0.019884
934,test,packing,0,0,0.001099,0.012943
934,test,price,0,0,0.002003,0.004674
934,test,shipping,0,0,0.007889,0.027491
934,test,smell,0,0,0.001922,0.006675
934,test,stayingpower,0,0,0.000281,0.002029
934,test,texture,0,0,0.001187,0.003808
935,test,colour,0,0,0.003645,0.025749
935,test,packing,0,0,0.014536,0.069872
935,test,price,0,0,0.009356,0.01219
935,test,shipping,0,0,0.019998,0.021344
935,test,smell,0,0,0.00307,0.026655
935,test,stayingpower,1,1,0.042336,0.952463
935,test,texture,1,1,0.030424,0.960135
936,test,colour,1,1,0.020977,0.978925
936,test,packing,0,0,0.00098,0.007651
936,test,price,0,0,0.001346,0.007209
936,test,shipping,0,0,0.000597,0.007097
936,test,smell,0,0,0.002306,0.007523
936,test,stayingpower,0,0,0.033317,0.031447
936,test,texture,0,0,0.057861,0.096782
937,test,colour,1,1,0.000305,0.999531
937,test,packing,0,0,0.000705,0.004485
937,test,price,0,0,0.003367,0.019515
937,test,shipping,0,0,0.003453,0.024709
937,test,smell,0,0,0.005304,0.015567
937,test,stayingpower,0,0,0.001271,0.005891
937,test,texture,0,0,0.003499,0.00611
938,test,colour,0,0,0.006521,0.033001
938,test,packing,0,0,0.015098,0.354025
938,test,price,0,0,0.002968,0.015018
938,test,shipping,1,1,0.000317,0.999192
938,test,smell,0,0,0.002064,0.008536
938,test,stayingpower,0,0,0.008973,0.081444
938,test,texture,1,1,0.005423,0.950321
939,test,colour,0,0,0.168058,0.381178
939,test,packing,1,1,0.08678,0.867579
939,test,price,0,0,0.030356,0.016706
939,test,shipping,0,0,0.340318,0.072094
939,test,smell,1,1,0.015539,0.983676
939,test,stayingpower,3,2,0.525558,0.453122
939,test,texture,1,2,0.54881,0.421007
940,test,colour,0,0,0.011361,0.234876
940,test,packing,0,0,0.002983,0.011084
940,test,price,0,0,0.02351,0.085875
940,test,shipping,2,2,0.998922,0.000838
940,test,smell,0,0,0.00339,0.005777
940,test,stayingpower,0,0,0.002857,0.021211
940,test,texture,0,0,0.000893,0.007981
941,test,colour,0,0,0.054188,0.020321
941,test,packing,0,0,0.010609,0.012885
941,test,price,0,0,0.028881,0.050291
941,test,shipping,0,0,0.004027,0.008072
941,test,smell,1,1,0.027543,0.969061
941,test,stayingpower,2,2,0.955741,0.035068
941,test,texture,1,1,0.010388,0.977591
942,test,colour,1,1,0.001688,0.996447
942,test,packing,0,0,0.000508,0.001992
942,test,price,0,0,0.004911,0.038019
942,test,shipping,0,0,0.001472,0.00626
942,test,smell,1,1,0.003751,0.98942
942,test,stayingpower,0,0,0.002745,0.008564
942,test,texture,0,0,0.011218,0.034893
943,test,colour,0,0,0.003474,0.024975
943,test,packing,0,1,0.033261,0.597952
943,test,price,0,0,0.008173,0.060764
943,test,shipping,1,1,0.001042,0.992951
943,test,smell,1,0,0.00426,0.025573
943,test,stayingpower,3,1,0.131288,0.858613
943,test,texture,3,1,0.003874,0.983941
944,test,colour,0,0,0.004007,0.008259
944,test,packing,0,0,0.00786,0.040689
944,test,price,0,0,0.006919,0.03962
944,test,shipping,1,1,0.000379,0.998434
944,test,smell,0,0,0.005597,0.018578
944,test,stayingpower,0,0,0.072739,0.131427
944,test,texture,1,1,0.018333,0.960406
945,test,colour,1,1,0.000197,0.999521
945,test,packing,0,0,0.001571,0.027075
945,test,price,0,0,0.002989,0.02728
945,test,shipping,1,1,0.002707,0.898249
945,test,smell,0,0,0.001971,0.022628
945,test,stayingpower,1,1,0.096804,0.883191
945,test,texture,0,0,0.009591,0.132292
946,test,colour,0,0,0.167288,0.006335
946,test,packing,0,0,0.067175,0.005372
946,test,price,0,0,0.023988,0.058221
946,test,shipping,0,2,0.9541,0.004749
946,test,smell,0,0,0.01311,0.000912
946,test,stayingpower,0,0,0.012819,0.006799
946,test,texture,0,0,0.046472,0.00902
947,test,colour,0,0,0.00393,0.043068
947,test,packing,0,0,0.002745,0.015306
947,test,price,1,1,0.002156,0.997055
947,test,shipping,0,0,0.00261,0.018753
947,test,smell,0,0,0.00503,0.030462
947,test,stayingpower,0,0,0.000443,0.003237
947,test,texture,0,0,0.003302,0.036206
948,test,colour,0,0,0.011366,0.150495
948,test,packing,0,0,0.007655,0.020975
948,test,price,0,0,0.002649,0.013256
948,test,shipping,0,0,0.000907,0.009387
948,test,smell,1,1,0.002437,0.993349
948,test,stayingpower,0,0,0.020145,0.06127
948,test,texture,1,1,0.000546,0.998582
949,test,colour,1,1,0.006062,0.990555
949,test,packing,0,0,0.042346,0.074652
949,test,price,1,1,0.010344,0.985545
949,test,shipping,2,2,0.998294,0.000469
949,test,smell,2,2,0.945912,0.045501
949,test,stayingpower,0,0,0.081521,0.383526
949,test,texture,0,2,0.643247,0.311941
950,test,colour,0,0,0.004726,0.012743
950,test,packing,1,1,0.004155,0.992426
950,test,price,0,0,0.00536,0.026156
950,test,shipping,1,1,0.000558,0.993019
950,test,smell,0,0,0.001736,0.004454
950,test,stayingpower,0,0,0.001026,0.00263
950,test,texture,0,0,0.000693,0.001819
951,test,colour,1,1,0.070502,0.929108
951,test,packing,0,0,0.008905,0.023785
951,test,price,0,0,0.009269,0.02305
951,test,shipping,0,0,0.049097,0.031161
951,test,smell,1,1,0.006467,0.993407
951,test,stayingpower,0,0,0.008093,0.017614
951,test,texture,0,0,0.020842,0.058586
952,test,colour,3,1,0.142076,0.546481
952,test,packing,0,1,0.004838,0.991899
952,test,price,0,0,0.002099,0.002868
952,test,shipping,0,0,0.006739,0.048355
952,test,smell,0,0,0.004392,0.003809
952,test,stayingpower,0,0,0.000795,0.00124
952,test,texture,0,0,0.003095,0.00143
953,test,colour,0,0,0.060165,0.120705
953,test,packing,0,0,0.00758,0.005572
953,test,price,1,1,0.002883,0.996002
953,test,shipping,0,0,0.006837,0.005531
953,test,smell,0,0,0.018767,0.019911
953,test,stayingpower,0,0,0.016672,0.032986
953,test,texture,1,1,0.013855,0.985485
954,test,colour,0,0,0.075457,0.012612
954,test,packing,0,0,0.122663,0.039447
954,test,price,0,0,0.009652,0.009149
954,test,shipping,2,2,0.997704,0.000251
954,test,smell,0,0,0.005466,0.000515
954,test,stayingpower,0,0,0.008533,0.017945
954,test,texture,0,0,0.43643,0.042687
955,test,colour,0,0,0.003339,0.02696
955,test,packing,1,1,0.005816,0.991295
955,test,price,1,1,0.003397,0.994803
955,test,shipping,0,0,0.038693,0.096198
955,test,smell,0,0,0.012415,0.021205
955,test,stayingpower,0,0,0.000703,0.003235
955,test,texture,0,0,0.008855,0.008168
956,test,colour,0,0,0.001317,0.108089
956,test,packing,0,0,0.000994,0.008773
956,test,price,0,0,0.003709,0.01507
956,test,shipping,0,0,0.008675,0.075273
956,test,smell,0,0,0.001652,0.014203
956,test,stayingpower,0,0,8.2e-05,0.001452
956,test,texture,0,0,0.000303,0.006585
957,test,colour,1,1,0.000121,0.999711
957,test,packing,0,0,0.002334,0.049309
957,test,price,1,1,0.003667,0.982036
957,test,shipping,0,0,0.007267,0.016801
957,test,smell,0,0,0.005485,0.012236
957,test,stayingpower,0,0,0.002939,0.016508
957,test,texture,0,0,0.011011,0.062194
958,test,colour,1,2,0.513949,0.470386
958,test,packing,0,0,0.014481,0.005206
958,test,price,0,0,0.021165,0.070301
958,test,shipping,0,0,0.02131,0.005441
958,test,smell,0,0,0.04013,0.004136
958,test,stayingpower,0,0,0.036882,0.063881
958,test,texture,2,2,0.996684,0.002038
959,test,colour,1,1,0.002929,0.996605
959,test,packing,1,1,0.003973,0.967479
959,test,price,1,1,0.004754,0.975451
959,test,shipping,0,0,0.030732,0.043873
959,test,smell,0,0,0.021983,0.006756
959,test,stayingpower,3,0,0.093336,0.159535
959,test,texture,0,0,0.038642,0.01616
960,test,colour,1,1,0.000628,0.998524
960,test,packing,0,0,0.002109,0.024801
960,test,price,0,0,0.002255,0.008739
960,test,shipping,1,1,0.001047,0.992017
960,test,smell,0,0,0.002433,0.009197
960,test,stayingpower,0,0,0.001623,0.007104
960,test,texture,0,0,0.001999,0.007816
961,test,colour,0,1,0.119211,0.874276
961,test,packing,0,0,0.004008,0.011001
961,test,price,0,1,0.031214,0.885369
961,test,shipping,2,2,0.995115,0.002294
961,test,smell,0,0,0.018951,0.007302
961,test,stayingpower,2,2,0.817021,0.178311
961,test,texture,0,2,0.458388,0.179351
962,test,colour,0,0,0.006803,0.02009
962,test,packing,1,1,0.013754,0.965787
962,test,price,0,0,0.006949,0.013573
962,test,shipping,0,0,0.123561,0.202161
962,test,smell,1,1,0.003166,0.996691
962,test,stayingpower,0,0,0.002633,0.014912
962,test,texture,0,0,0.001769,0.011689
963,test,colour,0,0,0.0096,0.021638
963,test,packing,1,1,0.0042,0.995724
963,test,price,0,0,0.007541,0.036392
963,test,shipping,1,1,0.001502,0.997604
963,test,smell,0,0,0.003931,0.003789
963,test,stayingpower,0,0,0.007772,0.007746
963,test,texture,0,0,0.010876,0.023793
964,test,colour,0,0,0.024921,0.054048
964,test,packing,0,0,0.001591,0.005725
964,test,price,0,0,0.001734,0.015282
964,test,shipping,0,0,0.001146,0.011408
964,test,smell,0,0,0.015238,0.013022
964,test,stayingpower,0,0,0.003349,0.005088
964,test,texture,0,0,0.015182,0.026989
965,test,colour,2,2,0.966418,0.03213
965,test,packing,0,0,0.002976,0.003255
965,test,price,0,0,0.009703,0.056194
965,test,shipping,0,0,0.012021,0.013828
965,test,smell,0,0,0.167492,0.009653
965,test,stayingpower,2,2,0.973823,0.016254
965,test,texture,0,0,0.101552,0.05561
966,test,colour,0,0,0.006493,0.011642
966,test,packing,0,0,0.002234,0.012853
966,test,price,0,0,0.003593,0.007269
966,test,shipping,1,1,0.003975,0.99239
966,test,smell,0,0,0.002884,0.009721
966,test,stayingpower,0,0,0.002436,0.015302
966,test,texture,0,0,0.000931,0.01483
967,test,colour,1,1,0.000164,0.999813
967,test,packing,0,0,0.000664,0.005634
967,test,price,0,0,0.001897,0.014078
967,test,shipping,0,0,0.003,0.016691
967,test,smell,0,0,0.001361,0.019124
967,test,stayingpower,1,0,0.0315,0.339003
967,test,texture,0,0,0.014567,0.205376
968,test,colour,0,0,0.007374,0.026235
968,test,packing,1,1,0.002544,0.996469
968,test,price,0,0,0.002605,0.005494
968,test,shipping,1,1,0.001666,0.984392
968,test,smell,0,0,0.003206,0.007462
968,test,stayingpower,0,0,0.00031,0.001502
968,test,texture,0,0,0.001472,0.003976
969,test,colour,0,0,0.035803,0.029305
969,test,packing,0,0,0.043231,0.0327
969,test,price,1,1,0.023573,0.958915
969,test,shipping,2,2,0.99958,0.000334
969,test,smell,0,0,0.021884,0.011283
969,test,stayingpower,0,0,0.008404,0.009845
969,test,texture,0,0,0.006125,0.014383
970,test,colour,1,1,0.000469,0.998982
970,test,packing,1,1,0.001859,0.992496
970,test,price,0,0,0.002216,0.013455
970,test,shipping,1,1,0.001294,0.995024
970,test,smell,0,0,0.003415,0.013153
970,test,stayingpower,0,0,0.001639,0.011339
970,test,texture,0,0,0.002476,0.009325
971,test,colour,0,0,0.005713,0.023179
971,test,packing,1,1,0.002745,0.996434
971,test,price,0,0,0.004062,0.017225
971,test,shipping,1,1,0.00065,0.998014
971,test,smell,0,0,0.002799,0.006571
971,test,stayingpower,0,0,0.000465,0.001464
971,test,texture,0,0,0.00082,0.006574
972,test,colour,1,1,0.002008,0.996743
972,test,packing,0,0,0.002313,0.019561
972,test,price,0,0,0.002211,0.121923
972,test,shipping,0,0,0.004417,0.091428
972,test,smell,0,0,0.000818,0.007693
972,test,stayingpower,1,1,0.318902,0.677246
972,test,texture,3,1,0.03358,0.928358
973,test,colour,1,1,0.007344,0.989066
973,test,packing,1,1,0.003848,0.992891
973,test,price,0,0,0.002901,0.008469
973,test,shipping,1,1,0.003354,0.991271
973,test,smell,1,1,0.002374,0.997405
973,test,stayingpower,0,0,0.005903,0.023838
973,test,texture,0,0,0.00588,0.032081
974,test,colour,1,1,0.069392,0.910651
974,test,packing,0,0,0.014575,0.004447
974,test,price,1,1,0.028513,0.95149
974,test,shipping,0,0,0.013336,0.006838
974,test,smell,2,2,0.996334,0.003389
974,test,stayingpower,0,0,0.11053,0.02371
974,test,texture,0,2,0.82227,0.038821
975,test,colour,0,0,0.006827,0.064776
975,test,packing,0,0,0.002131,0.012442
975,test,price,0,0,0.001384,0.001509
975,test,shipping,1,1,0.000604,0.980195
975,test,smell,0,0,0.001868,0.00489
975,test,stayingpower,0,0,0.000685,0.00362
975,test,texture,0,0,0.000955,0.011333
976,test,colour,1,1,0.422619,0.544558
976,test,packing,0,0,0.216345,0.09219
976,test,price,1,1,0.015985,0.976238
976,test,shipping,2,2,0.995224,0.001973
976,test,smell,1,2,0.895541,0.055064
976,test,stayingpower,2,2,0.976067,0.019281
976,test,texture,0,2,0.771267,0.02526
977,test,colour,2,1,0.258276,0.738879
977,test,packing,0,0,0.013905,0.003437
977,test,price,0,0,0.016851,0.06225
977,test,shipping,0,0,0.00776,0.005361
977,test,smell,0,0,0.029207,0.002517
977,test,stayingpower,0,0,0.331273,0.094386
977,test,texture,2,2,0.99422,0.004075
978,test,colour,0,0,0.001268,0.010271
978,test,packing,0,0,0.00213,0.00368
978,test,price,1,1,0.003497,0.994944
978,test,shipping,0,0,0.00151,0.009318
978,test,smell,0,0,0.00268,0.013796
978,test,stayingpower,0,0,0.003168,0.031092
978,test,texture,0,0,0.029306,0.341497
979,test,colour,1,1,0.068992,0.930643
979,test,packing,0,0,0.001685,0.002044
979,test,price,0,0,0.009551,0.074544
979,test,shipping,0,0,0.004305,0.00589
979,test,smell,2,2,0.689188,0.158711
979,test,stayingpower,0,2,0.960135,0.026786
979,test,texture,1,1,0.343195,0.649371
980,test,colour,0,0,0.006494,0.005202
980,test,packing,0,0,0.008643,0.026314
980,test,price,0,0,0.003695,0.007242
980,test,shipping,0,0,0.018299,0.014211
980,test,smell,0,0,0.008961,0.00402
980,test,stayingpower,0,0,0.001612,0.00118
980,test,texture,0,0,0.002615,0.003335
981,test,colour,0,0,0.013146,0.037189
981,test,packing,0,0,0.001507,0.004757
981,test,price,0,0,0.001379,0.000989
981,test,shipping,0,0,0.048606,0.086058
981,test,smell,0,0,0.00093,0.002282
981,test,stayingpower,0,0,0.000343,0.002555
981,test,texture,0,0,0.000917,0.00231
982,test,colour,0,0,0.003877,0.028673
982,test,packing,1,1,0.001682,0.997979
982,test,price,0,0,0.006145,0.024539
982,test,shipping,1,1,0.000917,0.997761
982,test,smell,0,0,0.003259,0.008216
982,test,stayingpower,0,0,0.000521,0.001955
982,test,texture,0,0,0.000976,0.007129
983,test,colour,1,1,0.216015,0.773412
983,test,packing,0,0,0.038943,0.013178
983,test,price,1,1,0.009432,0.986008
983,test,shipping,1,1,0.036285,0.948641
983,test,smell,1,1,0.057308,0.942587
983,test,stayingpower,0,0,0.187178,0.038958
983,test,texture,0,0,0.288797,0.323661
984,test,colour,0,0,0.000566,0.003886
984,test,packing,1,1,0.024873,0.946341
984,test,price,0,1,0.0115,0.69773
984,test,shipping,1,2,0.606779,0.125929
984,test,smell,0,0,0.000858,0.003097
984,test,stayingpower,0,0,0.003348,0.086359
984,test,texture,1,1,0.00166,0.935327
985,test,colour,0,0,0.004914,0.010212
985,test,packing,0,0,0.003408,0.02789
985,test,price,0,0,0.002858,0.005305
985,test,shipping,1,1,0.000561,0.858294
985,test,smell,0,0,0.002503,0.00268
985,test,stayingpower,0,0,0.000404,0.00144
985,test,texture,0,0,0.001566,0.002895
986,test,colour,0,0,0.004211,0.015368
986,test,packing,0,0,0.001136,0.003802
986,test,price,0,0,0.003065,0.00804
986,test,shipping,0,0,0.00351,0.006471
986,test,smell,0,0,0.003427,0.003518
986,test,stayingpower,0,0,0.000759,0.001763
986,test,texture,0,0,0.0013,0.003243
987,test,colour,0,1,0.005533,0.988534
987,test,packing,0,0,0.022095,0.467142
987,test,price,0,0,0.004912,0.105651
987,test,shipping,0,0,0.004844,0.183617
987,test,smell,0,0,0.001942,0.006403
987,test,stayingpower,0,0,0.005552,0.012262
987,test,texture,1,1,0.000603,0.99671
988,test,colour,1,1,0.092834,0.799951
988,test,packing,0,0,0.050499,0.038908
988,test,price,1,1,0.008619,0.978578
988,test,shipping,0,0,0.010186,0.013368
988,test,smell,0,0,0.016514,0.004968
988,test,stayingpower,1,2,0.487334,0.403073
988,test,texture,2,2,0.956846,0.042922
989,test,colour,0,2,0.496473,0.043759
989,test,packing,0,0,0.042372,0.112743
989,test,price,0,0,0.058866,0.088638
989,test,shipping,0,0,0.038838,0.072569
989,test,smell,0,0,0.123625,0.014762
989,test,stayingpower,2,2,0.993166,0.006455
989,test,texture,0,0,0.398483,0.157283
990,test,colour,0,0,0.011553,0.08958
990,test,packing,0,0,0.007827,0.022347
990,test,price,0,0,0.004135,0.04575
990,test,shipping,0,0,0.001069,0.02596
990,test,smell,0,0,0.006465,0.113531
990,test,stayingpower,0,0,0.02562,0.055198
990,test,texture,1,1,0.000116,0.999671
991,test,colour,0,0,0.006615,0.012116
991,test,packing,0,0,0.005001,0.008569
991,test,price,0,0,0.001835,0.001939
991,test,shipping,0,0,0.001958,0.003468
991,test,smell,0,0,0.009002,0.006381
991,test,stayingpower,0,0,0.001113,0.001484
991,test,texture,0,0,0.002777,0.004824
992,test,colour,1,1,0.002581,0.995126
992,test,packing,0,0,0.003747,0.017931
992,test,price,0,0,0.002197,0.023751
992,test,shipping,0,0,0.003291,0.012947
992,test,smell,0,0,0.001299,0.00179
992,test,stayingpower,0,1,0.125347,0.851505
992,test,texture,3,2,0.661258,0.303264
993,test,colour,0,0,0.003277,0.031085
993,test,packing,0,0,0.004445,0.028445
993,test,price,0,0,0.00616,0.018419
993,test,shipping,0,0,0.011692,0.021754
993,test,smell,0,0,0.003308,0.040457
993,test,stayingpower,1,1,0.01199,0.983848
993,test,texture,3,1,0.008918,0.978995
994,test,colour,0,0,0.023431,0.05141
994,test,packing,0,0,0.001476,0.005147
994,test,price,0,0,0.001662,0.016549
994,test,shipping,0,0,0.001015,0.01223
994,test,smell,0,0,0.015263,0.014126
994,test,stayingpower,0,0,0.002966,0.003675
994,test,texture,0,0,0.01331,0.023906
995,test,colour,0,0,0.172807,0.067566
995,test,packing,0,0,0.004994,0.001222
995,test,price,0,0,0.015152,0.048578
995,test,shipping,0,0,0.000678,0.003018
995,test,smell,3,2,0.932675,0.049605
995,test,stayingpower,3,2,0.96201,0.020301
995,test,texture,1,1,0.053999,0.935966
996,test,colour,0,0,0.002832,0.013525
996,test,packing,1,1,0.003642,0.993249
996,test,price,0,0,0.003589,0.022352
996,test,shipping,0,0,0.001821,0.025951
996,test,smell,0,0,0.007125,0.013598
996,test,stayingpower,0,0,0.000317,0.002183
996,test,texture,0,0,0.001485,0.010974
997,test,colour,0,0,0.038257,0.055915
997,test,packing,0,0,0.012884,0.013636
997,test,price,0,0,0.015231,0.070946
997,test,shipping,1,1,0.001493,0.997732
997,test,smell,0,0,0.002011,0.001641
997,test,stayingpower,0,0,0.000794,0.002147
997,test,texture,0,0,0.001642,0.005166
998,test,colour,1,1,0.113899,0.79895
998,test,packing,0,0,0.007588,0.002428
998,test,price,0,0,0.003983,0.034631
998,test,shipping,0,0,0.023251,0.046106
998,test,smell,0,0,0.046618,0.213136
998,test,stayingpower,2,2,0.998047,0.001764
998,test,texture,1,1,0.023307,0.971515
999,test,colour,1,1,0.000635,0.9942
999,test,packing,0,0,0.004703,0.060459
999,test,price,1,1,0.003083,0.990285
999,test,shipping,1,1,0.001121,0.988932
999,test,smell,0,0,0.002852,0.043412
999,test,stayingpower,3,1,0.059012,0.910503
999,test,texture,3,1,0.010765,0.940938
1000,test,colour,0,0,0.131716,0.140165
1000,test,packing,1,2,0.441477,0.437232
1000,test,price,1,1,0.032319,0.955986
1000,test,shipping,1,2,0.754651,0.234894
1000,test,smell,0,0,0.058507,0.00785
1000,test,stayingpower,2,2,0.990718,0.008205
1000,test,texture,2,2,0.848823,0.119477
1001,test,colour,1,1,0.00015,0.999812
1001,test,packing,0,0,0.000959,0.010342
1001,test,price,0,0,0.001572,0.008939
1001,test,shipping,0,0,0.005113,0.037337
1001,test,smell,0,0,0.007285,0.076547
1001,test,stayingpower,0,0,0.005412,0.017174
1001,test,texture,0,0,0.002449,0.032774
1002,test,colour,0,0,0.003764,0.011424
1002,test,packing,1,1,0.003237,0.995985
1002,test,price,0,0,0.002501,0.011885
1002,test,shipping,0,0,0.006944,0.040954
1002,test,smell,0,0,0.006572,0.006615
1002,test,stayingpower,0,0,0.000718,0.002246
1002,test,texture,0,0,0.004489,0.036935
1003,test,colour,0,0,0.003811,0.228412
1003,test,packing,1,1,0.000952,0.998464
1003,test,price,0,0,0.002248,0.016755
1003,test,shipping,0,0,0.008609,0.098302
1003,test,smell,0,0,0.004891,0.020897
1003,test,stayingpower,0,0,0.000298,0.001622
1003,test,texture,0,0,0.001159,0.011937
1004,test,colour,1,1,0.000161,0.9989
1004,test,packing,0,0,0.003699,0.231337
1004,test,price,0,0,0.001484,0.008682
1004,test,shipping,1,1,0.000498,0.986322
1004,test,smell,0,0,0.001189,0.006573
1004,test,stayingpower,0,0,0.002041,0.009991
1004,test,texture,0,0,0.003012,0.044088
1005,test,colour,0,0,0.003725,0.360074
1005,test,packing,0,0,0.0021,0.016122
1005,test,price,0,0,0.001199,0.003141
1005,test,shipping,1,1,0.013463,0.982967
1005,test,smell,0,0,0.001237,0.004858
1005,test,stayingpower,0,0,0.000839,0.002899
1005,test,texture,0,0,0.001017,0.021069
1006,test,colour,0,0,0.005591,0.074804
1006,test,packing,0,0,0.030343,0.141188
1006,test,price,0,0,0.018114,0.067416
1006,test,shipping,0,0,0.071178,0.021376
1006,test,smell,1,1,0.006512,0.923049
1006,test,stayingpower,1,1,0.061943,0.936017
1006,test,texture,1,1,0.001193,0.997104
1007,test,colour,0,0,0.036731,0.027839
1007,test,packing,0,0,0.021747,0.034906
1007,test,price,0,0,0.005544,0.06363
1007,test,shipping,1,1,0.003511,0.994347
1007,test,smell,0,0,0.014441,0.061843
1007,test,stayingpower,0,0,0.033854,0.023258
1007,test,texture,1,1,0.001521,0.99778
1008,test,colour,3,1,0.017153,0.948677
1008,test,packing,1,1,0.004925,0.990937
1008,test,price,0,0,0.002741,0.005514
1008,test,shipping,1,1,0.289723,0.681942
1008,test,smell,0,0,0.000824,0.000896
1008,test,stayingpower,0,0,0.000626,0.003161
1008,test,texture,0,0,0.000395,0.001099
1009,test,colour,0,0,0.026201,0.004258
1009,test,packing,0,0,0.085716,0.017592
1009,test,price,0,0,0.009187,0.007161
1009,test,shipping,1,1,0.022656,0.972573
1009,test,smell,0,0,0.008411,0.001601
1009,test,stayingpower,0,0,0.002208,0.001017
1009,test,texture,0,0,0.110618,0.010844
1010,test,colour,1,1,0.008911,0.988412
1010,test,packing,0,0,0.00253,0.006107
1010,test,price,0,0,0.001534,0.014434
1010,test,shipping,0,0,0.000327,0.003561
1010,test,smell,0,0,0.005637,0.010436
1010,test,stayingpower,0,0,0.042023,0.039064
1010,test,texture,1,1,0.002814,0.99338
1011,test,colour,0,0,0.010419,0.098291
1011,test,packing,0,0,0.002822,0.009271
1011,test,price,0,0,0.007104,0.039137
1011,test,shipping,1,1,0.000199,0.998076
1011,test,smell,0,0,0.0014,0.002744
1011,test,stayingpower,0,0,0.001923,0.005609
1011,test,texture,0,0,0.001579,0.006521
1012,test,colour,0,0,0.008768,0.263097
1012,test,packing,0,0,0.001883,0.007709
1012,test,price,0,0,0.003184,0.004947
1012,test,shipping,0,0,0.001685,0.013757
1012,test,smell,1,1,0.001645,0.996014
1012,test,stayingpower,0,0,0.001825,0.016897
1012,test,texture,0,0,0.003181,0.01732
1013,test,colour,0,0,0.010156,0.004218
1013,test,packing,0,0,0.042373,0.060264
1013,test,price,0,0,0.001499,0.005277
1013,test,shipping,3,1,0.02902,0.969625
1013,test,smell,0,0,0.006558,0.006867
1013,test,stayingpower,0,0,0.002615,0.001586
1013,test,texture,1,1,0.012415,0.854777
1014,test,colour,1,1,0.001383,0.995713
1014,test,packing,1,1,0.006347,0.905908
1014,test,price,0,0,0.001443,0.029239
1014,test,shipping,0,0,0.002953,0.020135
1014,test,smell,0,0,0.005141,0.026118
1014,test,stayingpower,0,0,0.003669,0.022882
1014,test,texture,1,1,0.000946,0.993519
1015,test,colour,0,0,0.005565,0.03187
1015,test,packing,0,0,0.005942,0.005794
1015,test,price,0,0,0.019428,0.073622
1015,test,shipping,0,0,0.003363,0.01766
1015,test,smell,1,1,0.003701,0.996162
1015,test,stayingpower,0,0,0.001882,0.004757
1015,test,texture,1,1,0.014664,0.752854
1016,test,colour,1,1,0.002328,0.991827
1016,test,packing,0,0,0.003529,0.026638
1016,test,price,1,1,0.002557,0.99542
1016,test,shipping,1,1,0.002356,0.987461
1016,test,smell,0,0,0.0017,0.005926
1016,test,stayingpower,0,0,0.003949,0.015682
1016,test,texture,0,0,0.007351,0.037693
1017,test,colour,0,0,0.010573,0.146119
1017,test,packing,0,0,0.004747,0.018258
1017,test,price,1,1,0.000762,0.997739
1017,test,shipping,0,0,0.002833,0.020411
1017,test,smell,0,0,0.002753,0.010407
1017,test,stayingpower,0,0,0.002963,0.011177
1017,test,texture,1,1,0.001564,0.989239
1018,test,colour,1,1,0.003882,0.989245
1018,test,packing,1,1,0.001443,0.998323
1018,test,price,0,0,0.003256,0.031651
1018,test,shipping,0,0,0.113862,0.086911
1018,test,smell,1,1,0.012226,0.957708
1018,test,stayingpower,0,0,0.000955,0.017054
1018,test,texture,0,0,0.016508,0.212011
1019,test,colour,1,1,0.003466,0.988651
1019,test,packing,1,1,0.001331,0.997476
1019,test,price,0,0,0.002001,0.006282
1019,test,shipping,0,0,0.011583,0.064774
1019,test,smell,0,0,0.007921,0.011773
1019,test,stayingpower,0,0,0.002,0.008169
1019,test,texture,0,0,0.001776,0.010905
1020,test,colour,3,1,0.203661,0.783275
1020,test,packing,0,0,0.015437,0.027902
1020,test,price,0,0,0.009757,0.030479
1020,test,shipping,0,0,0.003611,0.010497
1020,test,smell,1,1,0.00725,0.992705
1020,test,stayingpower,0,0,0.06415,0.030811
1020,test,texture,1,1,0.001933,0.995825
1021,test,colour,0,1,0.005781,0.563356
1021,test,packing,0,0,0.000927,0.002679
1021,test,price,0,0,0.002644,0.007272
1021,test,shipping,0,0,0.006037,0.006949
1021,test,smell,1,1,0.001368,0.998182
1021,test,stayingpower,0,0,0.004409,0.051177
1021,test,texture,1,1,0.007189,0.907599
1022,test,colour,1,1,0.001554,0.997722
1022,test,packing,0,0,0.002838,0.031433
1022,test,price,0,0,0.004259,0.014089
1022,test,shipping,2,2,0.970085,0.028555
1022,test,smell,0,0,0.001714,0.002916
1022,test,stayingpower,0,0,0.00618,0.026734
1022,test,texture,0,0,0.002532,0.006816
1023,test,colour,0,0,0.001555,0.005982
1023,test,packing,0,0,0.009163,0.068721
1023,test,price,1,1,0.005045,0.984049
1023,test,shipping,3,1,0.007227,0.973013
1023,test,smell,0,0,0.000907,0.001746
1023,test,stayingpower,0,0,0.000338,0.002237
1023,test,texture,0,0,0.00336,0.042981
1024,test,colour,1,1,0.013117,0.96393
1024,test,packing,0,0,0.033062,0.209273
1024,test,price,1,1,0.051118,0.889228
1024,test,shipping,2,2,0.99952,0.00018
1024,test,smell,1,1,0.051086,0.947228
1024,test,stayingpower,0,0,0.011683,0.121237
1024,test,texture,0,0,0.029932,0.038964
1025,test,colour,0,0,0.007633,0.012377
1025,test,packing,0,0,0.003388,0.0388
1025,test,price,0,0,0.001191,0.003304
1025,test,shipping,0,0,0.000643,0.008007
1025,test,smell,0,0,0.001806,0.000636
1025,test,stayingpower,0,0,0.002442,0.00433
1025,test,texture,0,0,0.002854,0.005353
1026,test,colour,1,1,0.000832,0.997904
1026,test,packing,0,0,0.002663,0.141776
1026,test,price,0,0,0.001777,0.010555
1026,test,shipping,1,1,0.037854,0.953391
1026,test,smell,0,0,0.002605,0.030503
1026,test,stayingpower,1,1,0.004177,0.983328
1026,test,texture,0,0,0.021652,0.142871
1027,test,colour,0,1,0.220076,0.615666
1027,test,packing,0,0,0.012996,0.036882
1027,test,price,0,0,0.013886,0.032815
1027,test,shipping,0,0,0.018619,0.03265
1027,test,smell,1,1,0.034368,0.939822
1027,test,stayingpower,2,2,0.977881,0.022055
1027,test,texture,3,1,0.138554,0.66421
1028,test,colour,0,0,0.003915,0.033051
1028,test,packing,0,0,0.01343,0.06129
1028,test,price,0,0,0.010148,0.014737
1028,test,shipping,2,2,0.996195,0.003325
1028,test,smell,0,0,0.006988,0.00633
1028,test,stayingpower,0,0,0.002397,0.003989
1028,test,texture,0,0,0.000452,0.002309
1029,test,colour,0,1,0.001182,0.634555
1029,test,packing,0,0,0.007953,0.110486
1029,test,price,0,0,0.004344,0.034944
1029,test,shipping,0,0,0.007289,0.011177
1029,test,smell,0,0,0.002481,0.021068
1029,test,stayingpower,1,1,0.023516,0.964453
1029,test,texture,1,1,0.00485,0.993799
1030,test,colour,0,0,0.003349,0.010883
1030,test,packing,0,0,0.002296,0.011791
1030,test,price,0,0,0.001028,0.003089
1030,test,shipping,0,0,0.01224,0.043291
1030,test,smell,0,0,0.002188,0.002077
1030,test,stayingpower,0,0,0.000163,0.000724
1030,test,texture,0,0,0.000953,0.002515
1031,test,colour,1,1,0.158153,0.831393
1031,test,packing,0,0,0.029165,0.015185
1031,test,price,1,1,0.022249,0.968354
1031,test,shipping,1,2,0.398682,0.237087
1031,test,smell,2,2,0.990938,0.008833
1031,test,stayingpower,0,0,0.051854,0.022651
1031,test,texture,0,2,0.845874,0.052312
1032,test,colour,1,1,0.000427,0.997266
1032,test,packing,0,0,0.002166,0.008422
1032,test,price,0,0,0.012498,0.062778
1032,test,shipping,0,0,0.065716,0.011313
1032,test,smell,1,2,0.675301,0.201151
1032,test,stayingpower,1,1,0.343457,0.641764
1032,test,texture,0,0,0.018811,0.070974
1033,test,colour,0,0,0.006334,0.093139
1033,test,packing,1,1,0.001854,0.997444
1033,test,price,0,1,0.007502,0.667957
1033,test,shipping,1,1,0.000457,0.997151
1033,test,smell,0,0,0.001656,0.017114
1033,test,stayingpower,0,0,0.002148,0.011819
1033,test,texture,1,1,0.004672,0.694901
1034,test,colour,2,2,0.963717,0.027026
1034,test,packing,1,1,0.02592,0.972027
1034,test,price,0,0,0.010171,0.024407
1034,test,shipping,0,0,0.073803,0.168943
1034,test,smell,0,0,0.158063,0.010742
1034,test,stayingpower,0,0,0.043892,0.006087
1034,test,texture,0,0,0.073219,0.030053
1035,test,colour,0,0,0.024086,0.009605
1035,test,packing,1,1,0.045235,0.953439
1035,test,price,0,0,0.001641,0.00566
1035,test,shipping,0,0,0.123244,0.117538
1035,test,smell,0,0,0.005823,0.003847
1035,test,stayingpower,0,0,0.000922,0.002292
1035,test,texture,0,0,0.017694,0.015711
1036,test,colour,0,0,0.216832,0.017427
1036,test,packing,0,0,0.028067,0.004625
1036,test,price,0,0,0.004759,0.003474
1036,test,shipping,2,2,0.998565,0.000787
1036,test,smell,0,0,0.014881,0.002607
1036,test,stayingpower,0,0,0.026317,0.005305
1036,test,texture,0,0,0.023132,0.033398
1037,test,colour,1,1,0.000645,0.998379
1037,test,packing,1,1,0.002385,0.990872
1037,test,price,1,1,0.00487,0.974217
1037,test,shipping,1,1,0.0012,0.993712
1037,test,smell,0,0,0.007603,0.025818
1037,test,stayingpower,0,0,0.008123,0.045949
1037,test,texture,0,0,0.008076,0.018842
1038,test,colour,1,1,0.180472,0.819033
1038,test,packing,0,0,0.013579,0.014954
1038,test,price,0,0,0.011351,0.041663
1038,test,shipping,0,0,0.02359,0.005151
1038,test,smell,0,0,0.033706,0.004161
1038,test,stayingpower,1,1,0.271195,0.595088
1038,test,texture,2,2,0.957987,0.01156
1039,test,colour,0,0,0.001685,0.009155
1039,test,packing,0,0,0.002196,0.009245
1039,test,price,0,0,0.007778,0.005677
1039,test,shipping,0,0,0.003962,0.008885
1039,test,smell,1,1,0.004693,0.987044
1039,test,stayingpower,0,0,0.000796,0.01663
1039,test,texture,0,0,0.00751,0.057489
1040,test,colour,0,0,0.008955,0.086157
1040,test,packing,0,0,0.009243,0.04639
1040,test,price,1,1,0.003952,0.986915
1040,test,shipping,1,1,0.016487,0.722873
1040,test,smell,1,1,0.001317,0.99785
1040,test,stayingpower,0,0,0.010416,0.049901
1040,test,texture,1,1,0.000608,0.984187
1041,test,colour,0,0,0.025464,0.15096
1041,test,packing,1,1,0.014197,0.983356
1041,test,price,0,0,0.003044,0.012664
1041,test,shipping,1,1,0.000263,0.999518
1041,test,smell,0,0,0.001352,0.00245
1041,test,stayingpower,0,0,0.005193,0.004074
1041,test,texture,0,0,0.004625,0.042594
1042,test,colour,3,2,0.700319,0.221564
1042,test,packing,1,1,0.09215,0.841594
1042,test,price,1,1,0.013674,0.964234
1042,test,shipping,1,2,0.997549,0.001138
1042,test,smell,1,1,0.045354,0.905637
1042,test,stayingpower,1,1,0.226365,0.702774
1042,test,texture,1,1,0.038741,0.942749
1043,test,colour,0,0,0.00246,0.006475
1043,test,packing,0,0,0.01982,0.042473
1043,test,price,0,0,0.005496,0.010735
1043,test,shipping,0,0,0.015139,0.041914
1043,test,smell,0,0,0.017318,0.013346
1043,test,stayingpower,0,0,0.00053,0.00042
1043,test,texture,0,0,0.000828,0.002792
1044,test,colour,1,1,0.344214,0.655223
1044,test,packing,1,1,0.018618,0.962599
1044,test,price,0,0,0.00261,0.008584
1044,test,shipping,1,1,0.002171,0.994938
1044,test,smell,0,0,0.01102,0.009955
1044,test,stayingpower,0,0,0.007134,0.00738
1044,test,texture,0,0,0.023311,0.01511
1045,test,colour,1,1,0.126958,0.867665
1045,test,packing,0,0,0.038708,0.006571
1045,test,price,1,1,0.035911,0.885414
1045,test,shipping,0,0,0.013247,0.015106
1045,test,smell,2,2,0.996861,0.002228
1045,test,stayingpower,0,0,0.350524,0.028646
1045,test,texture,2,2,0.956067,0.023091
1046,test,colour,0,0,0.010066,0.017689
1046,test,packing,0,0,0.001006,0.001741
1046,test,price,0,0,0.00171,0.001125
1046,test,shipping,0,0,0.004217,0.004559
1046,test,smell,0,0,0.010032,0.012439
1046,test,stayingpower,0,0,0.001127,0.00234
1046,test,texture,0,0,0.002912,0.005577
1047,test,colour,1,1,0.001245,0.994646
1047,test,packing,1,1,0.00135,0.996767
1047,test,price,0,0,0.003647,0.042164
1047,test,shipping,1,1,0.001774,0.997286
1047,test,smell,0,0,0.002016,0.013616
1047,test,stayingpower,0,0,0.000595,0.005758
1047,test,texture,0,0,0.006753,0.091725
1048,test,colour,1,1,0.000493,0.997127
1048,test,packing,0,0,0.003142,0.102695
1048,test,price,1,1,0.004904,0.985912
1048,test,shipping,1,1,0.028541,0.905812
1048,test,smell,0,0,0.003116,0.014337
1048,test,stayingpower,0,0,0.001066,0.014148
1048,test,texture,0,0,0.003637,0.006721
1049,test,colour,0,0,0.00126,0.013157
1049,test,packing,0,0,0.00088,0.005051
1049,test,price,0,0,0.001353,0.006917
1049,test,shipping,0,0,0.001717,0.006653
1049,test,smell,0,0,0.001892,0.003242
1049,test,stayingpower,0,0,0.000182,0.001881
1049,test,texture,0,0,0.007126,0.105028
1050,test,colour,1,1,0.057542,0.939896
1050,test,packing,0,0,0.004762,0.006075
1050,test,price,0,0,0.017163,0.041961
1050,test,shipping,0,0,0.006918,0.021995
1050,test,smell,0,1,0.003608,0.996215
1050,test,stayingpower,0,0,0.060382,0.035696
1050,test,texture,0,0,0.053121,0.059774
1051,test,colour,0,0,0.008741,0.13094
1051,test,packing,0,0,0.003307,0.021896
1051,test,price,0,0,0.006012,0.011814
1051,test,shipping,2,2,0.999569,0.000325
1051,test,smell,0,0,0.00273,0.002191
1051,test,stayingpower,0,0,0.055389,0.215691
1051,test,texture,0,0,0.011421,0.209322
1052,test,colour,0,0,0.001716,0.043163
1052,test,packing,0,0,0.000941,0.002458
1052,test,price,0,0,0.001788,0.007535
1052,test,shipping,0,0,0.00065,0.0069
1052,test,smell,0,0,0.002513,0.01156
1052,test,stayingpower,0,0,0.000401,0.001239
1052,test,texture,0,0,0.002081,0.040994
1053,test,colour,1,1,0.003307,0.992205
1053,test,packing,0,0,0.0013,0.011079
1053,test,price,1,1,0.001286,0.997696
1053,test,shipping,0,0,0.004676,0.021078
1053,test,smell,0,0,0.004407,0.013011
1053,test,stayingpower,0,0,0.003002,0.021458
1053,test,texture,0,0,0.008692,0.017236
1054,test,colour,1,1,0.005049,0.968265
1054,test,packing,0,0,0.003044,0.032179
1054,test,price,0,0,0.004763,0.010932
1054,test,shipping,2,2,0.995248,0.004645
1054,test,smell,0,0,0.002118,0.005415
1054,test,stayingpower,0,0,0.013482,0.069165
1054,test,texture,0,0,0.013723,0.155101
1055,test,colour,0,0,0.00473,0.03677
1055,test,packing,0,0,0.003316,0.002751
1055,test,price,1,1,0.00977,0.963091
1055,test,shipping,2,2,0.99607,0.003513
1055,test,smell,0,0,0.007993,0.036105
1055,test,stayingpower,0,0,0.006203,0.027819
1055,test,texture,1,0,0.009633,0.209177
1056,test,colour,1,1,0.105564,0.822422
1056,test,packing,0,0,0.014528,0.009281
1056,test,price,0,0,0.024048,0.03077
1056,test,shipping,0,0,0.005438,0.003316
1056,test,smell,0,0,0.067568,0.002831
1056,test,stayingpower,0,0,0.104899,0.105327
1056,test,texture,2,2,0.998055,0.000684
1057,test,colour,0,0,0.017019,0.07185
1057,test,packing,0,0,0.062567,0.294161
1057,test,price,0,0,0.00918,0.018092
1057,test,shipping,0,0,0.070224,0.301864
1057,test,smell,1,1,0.003603,0.99639
1057,test,stayingpower,0,0,0.029349,0.071326
1057,test,texture,1,1,0.041988,0.508383
1058,test,colour,0,0,0.104563,0.002068
1058,test,packing,2,2,0.961862,0.031017
1058,test,price,0,0,0.076229,0.053268
1058,test,shipping,1,1,0.041128,0.909424
1058,test,smell,0,0,0.050522,0.002437
1058,test,stayingpower,0,0,0.063761,0.005334
1058,test,texture,0,0,0.460769,0.011323
1059,test,colour,0,0,0.002223,0.004461
1059,test,packing,0,1,0.015039,0.934131
1059,test,price,0,0,0.0005,0.001197
1059,test,shipping,0,0,0.10932,0.111006
1059,test,smell,0,0,0.002545,0.007078
1059,test,stayingpower,0,0,0.000331,0.004265
1059,test,texture,0,0,0.003587,0.060032
1060,test,colour,1,1,0.001766,0.996765
1060,test,packing,0,0,0.001434,0.009499
1060,test,price,1,1,0.002693,0.99354
1060,test,shipping,0,0,0.006208,0.019677
1060,test,smell,0,0,0.010156,0.018109
1060,test,stayingpower,0,0,0.001666,0.006721
1060,test,texture,0,0,0.008369,0.016893
1061,test,colour,0,0,0.013804,0.016609
1061,test,packing,1,1,0.006504,0.992976
1061,test,price,0,0,0.004443,0.0101
1061,test,shipping,1,1,0.001608,0.996903
1061,test,smell,0,0,0.003646,0.004168
1061,test,stayingpower,0,0,0.000765,0.001232
1061,test,texture,0,0,0.000914,0.002317
1062,test,colour,1,1,0.001419,0.96664
1062,test,packing,0,0,0.004203,0.025932
1062,test,price,0,0,0.003759,0.078319
1062,test,shipping,1,1,0.004144,0.979598
1062,test,smell,0,0,0.002565,0.05274
1062,test,stayingpower,1,1,0.089399,0.804323
1062,test,texture,1,1,0.000594,0.99921
1063,test,colour,0,0,0.004376,0.060804
1063,test,packing,0,0,0.000273,0.000808
1063,test,price,0,0,0.001789,0.005782
1063,test,shipping,1,0,0.007293,0.365829
1063,test,smell,0,0,0.001609,0.005398
1063,test,stayingpower,0,0,0.00024,0.002596
1063,test,texture,0,0,0.007015,0.06747
1064,test,colour,3,1,0.094215,0.905513
1064,test,packing,0,0,0.001653,0.002026
1064,test,price,0,0,0.008067,0.009484
1064,test,shipping,0,0,0.003343,0.010659
1064,test,smell,0,0,0.011596,0.004244
1064,test,stayingpower,0,0,0.01966,0.01123
1064,test,texture,0,0,0.011728,0.012735
1065,test,colour,0,0,0.030059,0.201871
1065,test,packing,0,0,0.00576,0.00381
1065,test,price,0,0,0.016622,0.031851
1065,test,shipping,0,0,0.004199,0.008194
1065,test,smell,2,2,0.97557,0.019725
1065,test,stayingpower,0,0,0.013396,0.040166
1065,test,texture,2,2,0.95071,0.01701
1066,test,colour,0,0,0.002363,0.025213
1066,test,packing,0,0,0.006755,0.022476
1066,test,price,1,1,0.000874,0.998736
1066,test,shipping,0,0,0.005154,0.016164
1066,test,smell,0,0,0.002316,0.008427
1066,test,stayingpower,0,0,0.001936,0.007821
1066,test,texture,0,1,0.010795,0.634237
1067,test,colour,1,1,0.000524,0.997992
1067,test,packing,0,0,0.000334,0.001095
1067,test,price,0,0,0.002668,0.008651
1067,test,shipping,0,0,0.00057,0.003314
1067,test,smell,0,0,0.003777,0.00647
1067,test,stayingpower,0,0,0.005757,0.021847
1067,test,texture,0,0,0.011852,0.03421
1068,test,colour,1,1,0.000508,0.996846
1068,test,packing,0,0,0.002512,0.020713
1068,test,price,0,0,0.000926,0.014088
1068,test,shipping,0,0,0.001138,0.006951
1068,test,smell,0,0,0.002651,0.023017
1068,test,stayingpower,0,0,0.007081,0.027428
1068,test,texture,1,1,0.001312,0.989941
1069,test,colour,0,0,0.015747,0.424826
1069,test,packing,0,0,0.003081,0.010304
1069,test,price,0,0,0.001989,0.022473
1069,test,shipping,0,0,0.001165,0.010041
1069,test,smell,0,0,0.002169,0.013278
1069,test,stayingpower,0,0,0.006985,0.037806
1069,test,texture,1,1,0.000432,0.999106
1070,test,colour,1,1,0.006404,0.992422
1070,test,packing,0,0,0.004045,0.012471
1070,test,price,0,0,0.006771,0.02719
1070,test,shipping,0,0,0.034355,0.016936
1070,test,smell,1,1,0.012744,0.987168
1070,test,stayingpower,0,0,0.04286,0.091084
1070,test,texture,1,1,0.004686,0.959471
1071,test,colour,1,1,0.003748,0.970362
1071,test,packing,0,0,0.005165,0.032127
1071,test,price,0,0,0.003286,0.018709
1071,test,shipping,1,1,0.000744,0.99666
1071,test,smell,1,1,0.000961,0.996856
1071,test,stayingpower,0,0,0.015851,0.060153
1071,test,texture,1,1,0.002211,0.987174
1072,test,colour,0,0,0.010103,0.063322
1072,test,packing,0,0,0.037935,0.11526
1072,test,price,1,1,0.00151,0.99793
1072,test,shipping,0,0,0.004482,0.011719
1072,test,smell,0,0,0.003166,0.042135
1072,test,stayingpower,0,0,0.020781,0.053545
1072,test,texture,1,1,0.001865,0.986403
1073,test,colour,1,1,0.205282,0.793069
1073,test,packing,0,0,0.112638,0.060753
1073,test,price,1,1,0.012419,0.984213
1073,test,shipping,0,0,0.198562,0.096593
1073,test,smell,0,0,0.042623,0.007329
1073,test,stayingpower,0,2,0.527939,0.140633
1073,test,texture,2,2,0.993679,0.003989
1074,test,colour,1,1,0.000444,0.99808
1074,test,packing,0,0,0.00252,0.07421
1074,test,price,0,0,0.002288,0.008772
1074,test,shipping,1,1,0.000797,0.980391
1074,test,smell,0,0,0.001002,0.006431
1074,test,stayingpower,0,0,0.002071,0.015368
1074,test,texture,0,0,0.001211,0.007193
1075,test,colour,0,0,0.007858,0.01561
1075,test,packing,0,0,0.001347,0.002731
1075,test,price,0,0,0.001793,0.001976
1075,test,shipping,0,0,0.022344,0.018221
1075,test,smell,0,0,0.002853,0.001186
1075,test,stayingpower,0,0,0.001391,0.004222
1075,test,texture,0,0,0.016456,0.006449
1076,test,colour,1,0,0.135431,0.3019
1076,test,packing,0,0,0.001067,0.003212
1076,test,price,0,0,0.007021,0.038508
1076,test,shipping,0,0,0.005017,0.040578
1076,test,smell,0,0,0.002376,0.00741
1076,test,stayingpower,1,1,0.043422,0.951542
1076,test,texture,1,1,0.048059,0.736679
1077,test,colour,0,0,0.010732,0.003861
1077,test,packing,0,0,0.026604,0.179396
1077,test,price,0,0,0.003571,0.005638
1077,test,shipping,1,1,0.002418,0.995602
1077,test,smell,0,0,0.004233,0.006174
1077,test,stayingpower,0,0,0.000387,0.001247
1077,test,texture,0,0,0.001215,0.002748
1078,test,colour,0,0,0.003981,0.11989
1078,test,packing,0,0,0.001449,0.015022
1078,test,price,0,0,0.00185,0.002939
1078,test,shipping,0,0,0.002208,0.020028
1078,test,smell,0,0,0.001304,0.006152
1078,test,stayingpower,0,0,0.001199,0.006956
1078,test,texture,0,0,0.000929,0.009587
1079,test,colour,1,1,0.149352,0.801451
1079,test,packing,0,0,0.044206,0.111889
1079,test,price,1,1,0.025733,0.938343
1079,test,shipping,2,2,0.999754,0.00014
1079,test,smell,0,0,0.170376,0.185009
1079,test,stayingpower,0,0,0.028048,0.045332
1079,test,texture,0,0,0.065818,0.066896
1080,test,colour,1,1,0.005095,0.983747
1080,test,packing,0,0,0.006971,0.029392
1080,test,price,0,0,0.004948,0.019697
1080,test,shipping,1,1,0.000737,0.997415
1080,test,smell,1,1,0.00102,0.998371
1080,test,stayingpower,0,0,0.007148,0.009025
1080,test,texture,0,0,0.004155,0.105308
1081,test,colour,0,0,0.002107,0.002091
1081,test,packing,0,0,0.002003,0.002933
1081,test,price,0,0,0.002123,0.01328
1081,test,shipping,0,0,0.002045,0.022053
1081,test,smell,0,0,0.001072,0.002485
1081,test,stayingpower,0,0,0.00188,0.010471
1081,test,texture,0,0,0.023606,0.134418
1082,test,colour,1,1,0.01558,0.980764
1082,test,packing,1,1,0.0238,0.963286
1082,test,price,0,0,0.003716,0.04078
1082,test,shipping,0,0,0.076969,0.042343
1082,test,smell,0,0,0.08421,0.037058
1082,test,stayingpower,0,0,0.043635,0.059324
1082,test,texture,3,2,0.748718,0.248831
1083,test,colour,0,0,0.019314,0.023124
1083,test,packing,0,0,0.001823,0.006045
1083,test,price,0,0,0.002073,0.002749
1083,test,shipping,0,0,0.004896,0.004307
1083,test,smell,0,0,0.007892,0.004293
1083,test,stayingpower,0,0,0.00156,0.00398
1083,test,texture,0,0,0.001855,0.002642
1084,test,colour,3,2,0.801768,0.070947
1084,test,packing,0,0,0.009277,0.003558
1084,test,price,0,0,0.020316,0.022525
1084,test,shipping,0,0,0.000287,0.002812
1084,test,smell,3,2,0.818494,0.14738
1084,test,stayingpower,0,0,0.367199,0.095742
1084,test,texture,2,2,0.897567,0.083226
1085,test,colour,0,0,0.011079,0.014716
1085,test,packing,0,0,0.005227,0.014306
1085,test,price,0,0,0.003911,0.004293
1085,test,shipping,0,0,0.002073,0.008179
1085,test,smell,0,0,0.00322,0.003657
1085,test,stayingpower,0,0,0.000842,0.001364
1085,test,texture,0,0,0.001279,0.001044
1086,test,colour,1,1,0.00599,0.94993
1086,test,packing,0,0,0.00536,0.035481
1086,test,price,0,0,0.000798,0.005481
1086,test,shipping,0,0,0.002148,0.012492
1086,test,smell,0,0,0.002075,0.014786
1086,test,stayingpower,0,0,0.0082,0.051885
1086,test,texture,1,1,0.000711,0.998747
1087,test,colour,0,0,0.002363,0.025213
1087,test,packing,0,0,0.006755,0.022476
1087,test,price,1,1,0.000874,0.998736
1087,test,shipping,0,0,0.005154,0.016164
1087,test,smell,0,0,0.002316,0.008427
1087,test,stayingpower,0,0,0.001936,0.007821
1087,test,texture,0,1,0.010795,0.634237
1088,test,colour,0,0,0.003286,0.134209
1088,test,packing,1,1,0.00222,0.991192
1088,test,price,0,0,0.001564,0.009708
1088,test,shipping,0,0,0.003659,0.048197
1088,test,smell,0,0,0.001878,0.003171
1088,test,stayingpower,0,0,0.000352,0.003318
1088,test,texture,0,0,0.005687,0.251634
1089,test,colour,0,1,0.009865,0.903696
1089,test,packing,1,1,0.003215,0.994348
1089,test,price,1,1,0.003716,0.993517
1089,test,shipping,0,0,0.063842,0.084702
1089,test,smell,1,1,0.014427,0.950245
1089,test,stayingpower,0,0,0.00306,0.069267
1089,test,texture,0,0,0.019283,0.016791
1090,test,colour,0,0,0.003601,0.080789
1090,test,packing,0,0,0.000816,0.007114
1090,test,price,0,0,0.002534,0.010736
1090,test,shipping,0,1,0.003096,0.573498
1090,test,smell,0,0,0.001535,0.008076
1090,test,stayingpower,0,0,0.000267,0.001193
1090,test,texture,0,0,0.00069,0.003374
1091,test,colour,0,0,0.008995,0.012064
1091,test,packing,0,0,0.001555,0.001318
1091,test,price,0,0,0.003817,0.007962
1091,test,shipping,0,0,0.00202,0.002385
1091,test,smell,0,0,0.037407,0.027542
1091,test,stayingpower,0,0,0.000695,0.00095
1091,test,texture,0,0,0.00491,0.008571
1092,test,colour,1,1,0.019107,0.953633
1092,test,packing,0,0,0.004486,0.007594
1092,test,price,0,0,0.007517,0.012087
1092,test,shipping,0,0,0.301185,0.016691
1092,test,smell,0,0,0.003617,0.011863
1092,test,stayingpower,3,1,0.106242,0.892722
1092,test,texture,3,1,0.050953,0.943291
1093,test,colour,0,0,0.00193,0.015332
1093,test,packing,0,0,0.001282,0.008298
1093,test,price,0,0,0.002757,0.012878
1093,test,shipping,0,0,0.000617,0.00985
1093,test,smell,0,0,0.004226,0.007204
1093,test,stayingpower,0,0,0.000273,0.000962
1093,test,texture,0,0,0.001045,0.011058
1094,test,colour,0,1,0.011013,0.890371
1094,test,packing,0,1,0.018166,0.969764
1094,test,price,1,1,0.015922,0.957276
1094,test,shipping,2,2,0.998188,0.001136
1094,test,smell,0,0,0.028049,0.199959
1094,test,stayingpower,1,1,0.076577,0.902486
1094,test,texture,0,1,0.253278,0.62666
1095,test,colour,0,0,0.007931,0.014655
1095,test,packing,0,0,0.003232,0.044934
1095,test,price,0,0,0.001079,0.003099
1095,test,shipping,0,0,0.000565,0.007896
1095,test,smell,0,0,0.001969,0.000731
1095,test,stayingpower,0,0,0.002547,0.004466
1095,test,texture,0,0,0.002695,0.005752
1096,test,colour,0,1,0.00043,0.999047
1096,test,packing,0,0,0.001039,0.019402
1096,test,price,0,1,0.008454,0.882901
1096,test,shipping,1,0,0.004455,0.117682
1096,test,smell,0,0,0.017503,0.2299
1096,test,stayingpower,0,0,0.000664,0.012827
1096,test,texture,0,0,0.001818,0.028919
1097,test,colour,1,0,0.005894,0.032823
1097,test,packing,1,1,0.002752,0.994214
1097,test,price,0,0,0.004255,0.017181
1097,test,shipping,0,1,0.000374,0.993582
1097,test,smell,0,0,0.002317,0.00574
1097,test,stayingpower,0,0,0.000487,0.001799
1097,test,texture,0,0,0.0006,0.002023
1098,test,colour,0,0,0.025499,0.076911
1098,test,packing,0,0,0.044532,0.179393
1098,test,price,0,0,0.054603,0.256647
1098,test,shipping,2,2,0.999705,0.00025
1098,test,smell,1,1,0.047066,0.942947
1098,test,stayingpower,0,0,0.010378,0.035386
1098,test,texture,0,0,0.00567,0.097527
1099,test,colour,2,2,0.982965,0.015247
1099,test,packing,0,0,0.004763,0.003582
1099,test,price,0,0,0.002537,0.001617
1099,test,shipping,0,0,0.012097,0.029176
1099,test,smell,0,0,0.02609,0.006277
1099,test,stayingpower,0,0,0.006753,0.003875
1099,test,texture,0,0,0.022641,0.007408
1100,test,colour,1,1,0.000509,0.998866
1100,test,packing,0,0,0.01076,0.409601
1100,test,price,1,1,0.002634,0.992467
1100,test,shipping,1,1,0.008311,0.979256
1100,test,smell,0,0,0.0013,0.006532
1100,test,stayingpower,0,0,0.002333,0.018374
1100,test,texture,0,0,0.023696,0.127991
1101,test,colour,1,1,0.004017,0.995431
1101,test,packing,0,0,0.001906,0.002765
1101,test,price,0,0,0.01378,0.227863
1101,test,shipping,0,0,0.003096,0.003674
1101,test,smell,0,0,0.026813,0.013145
1101,test,stayingpower,1,2,0.603807,0.378123
1101,test,texture,2,2,0.970574,0.018535
1102,test,colour,0,0,0.012104,0.009229
1102,test,packing,0,0,0.00262,0.008159
1102,test,price,0,0,0.002455,0.007668
1102,test,shipping,0,0,0.004499,0.017034
1102,test,smell,0,0,0.002457,0.001209
1102,test,stayingpower,0,0,0.000447,0.000554
1102,test,texture,0,0,0.008481,0.00813
1103,test,colour,3,2,0.588635,0.404496
1103,test,packing,0,0,0.004022,0.004439
1103,test,price,0,0,0.003935,0.017373
1103,test,shipping,0,0,0.006669,0.020044
1103,test,smell,1,1,0.008785,0.990685
1103,test,stayingpower,0,0,0.077224,0.036604
1103,test,texture,1,1,0.002344,0.991261
1104,test,colour,0,0,0.008846,0.242989
1104,test,packing,0,0,0.00256,0.007033
1104,test,price,0,0,0.001604,0.013243
1104,test,shipping,0,0,0.006623,0.047662
1104,test,smell,0,0,0.005946,0.021569
1104,test,stayingpower,0,0,0.001838,0.003438
1104,test,texture,1,1,0.000257,0.995116
1105,test,colour,0,0,0.005033,0.005634
1105,test,packing,0,0,0.005993,0.013643
1105,test,price,0,0,0.005548,0.008908
1105,test,shipping,0,0,0.0304,0.033655
1105,test,smell,0,0,0.003328,0.002738
1105,test,stayingpower,0,0,8.3e-05,0.000462
1105,test,texture,0,0,0.000529,0.000487
1106,test,colour,1,1,0.001851,0.997716
1106,test,packing,1,1,0.013386,0.977139
1106,test,price,0,0,0.002627,0.013933
1106,test,shipping,0,0,0.067766,0.066782
1106,test,smell,0,0,0.046878,0.011951
1106,test,stayingpower,0,0,0.001436,0.001686
1106,test,texture,0,0,0.023334,0.006783
1107,test,colour,0,0,0.010962,0.021708
1107,test,packing,0,0,0.002152,0.002854
1107,test,price,0,0,0.003612,0.004545
1107,test,shipping,0,0,0.006989,0.011191
1107,test,smell,0,0,0.003727,0.002697
1107,test,stayingpower,0,0,0.000143,0.000478
1107,test,texture,0,0,0.001218,0.001335
1108,test,colour,1,1,0.000523,0.998827
1108,test,packing,1,1,0.000998,0.996613
1108,test,price,0,0,0.003757,0.054914
1108,test,shipping,1,1,0.001022,0.994639
1108,test,smell,0,0,0.003704,0.013639
1108,test,stayingpower,0,0,0.001085,0.006607
1108,test,texture,0,0,0.004,0.023224
1109,test,colour,0,0,0.008174,0.003054
1109,test,packing,0,0,0.012165,0.020549
1109,test,price,0,0,0.002278,0.001238
1109,test,shipping,0,0,0.239855,0.040057
1109,test,smell,0,0,0.002657,0.000926
1109,test,stayingpower,0,0,0.000135,0.000551
1109,test,texture,0,0,0.005115,0.005276
1110,test,colour,1,1,0.008335,0.984589
1110,test,packing,0,0,0.037076,0.455512
1110,test,price,1,1,0.001517,0.997988
1110,test,shipping,0,1,0.37595,0.467028
1110,test,smell,1,1,0.002425,0.98401
1110,test,stayingpower,2,2,0.519952,0.456855
1110,test,texture,1,1,0.028287,0.906797
1111,test,colour,1,1,0.013191,0.978412
1111,test,packing,0,0,0.005322,0.008206
1111,test,price,0,0,0.002606,0.03207
1111,test,shipping,0,0,0.006899,0.021188
1111,test,smell,0,0,0.016353,0.039443
1111,test,stayingpower,2,2,0.993186,0.006577
1111,test,texture,1,1,0.003342,0.988796
1112,test,colour,0,0,0.009555,0.032342
1112,test,packing,0,0,0.006395,0.008316
1112,test,price,1,1,0.002427,0.995551
1112,test,shipping,0,0,0.002132,0.007226
1112,test,smell,1,1,0.003585,0.989381
1112,test,stayingpower,0,0,0.001108,0.003993
1112,test,texture,0,0,0.012694,0.32386
1113,test,colour,0,0,0.001341,0.00737
1113,test,packing,0,0,0.002932,0.004937
1113,test,price,0,0,0.005442,0.013445
1113,test,shipping,0,0,0.003741,0.003929
1113,test,smell,0,0,0.002651,0.00197
1113,test,stayingpower,0,1,0.096575,0.855256
1113,test,texture,0,1,0.083038,0.795582
1114,test,colour,1,1,0.072506,0.906406
1114,test,packing,0,0,0.009272,0.015084
1114,test,price,0,0,0.005956,0.013958
1114,test,shipping,0,0,0.008786,0.015417
1114,test,smell,1,1,0.002076,0.997886
1114,test,stayingpower,0,0,0.001958,0.005019
1114,test,texture,0,0,0.054481,0.239638
1115,test,colour,0,0,0.003969,0.018409
1115,test,packing,1,1,0.003257,0.993949
1115,test,price,0,0,0.004793,0.02202
1115,test,shipping,0,1,0.000196,0.998169
1115,test,smell,0,0,0.002725,0.00894
1115,test,stayingpower,0,0,0.000576,0.002243
1115,test,texture,0,0,0.000796,0.006341
1116,test,colour,0,0,0.016121,0.086827
1116,test,packing,0,0,0.009348,0.02929
1116,test,price,0,0,0.001096,0.001355
1116,test,shipping,2,2,0.93471,0.058163
1116,test,smell,0,0,0.004171,0.007601
1116,test,stayingpower,0,0,0.000148,0.00024
1116,test,texture,0,0,0.001369,0.003551
1117,test,colour,1,1,0.001287,0.998069
1117,test,packing,0,0,0.000833,0.001742
1117,test,price,0,0,0.000979,0.003875
1117,test,shipping,0,0,0.000954,0.004558
1117,test,smell,0,0,0.003666,0.008702
1117,test,stayingpower,0,0,0.00554,0.011568
1117,test,texture,1,1,0.019098,0.833555
1118,test,colour,0,0,0.004435,0.043396
1118,test,packing,0,0,0.004348,0.022555
1118,test,price,0,0,0.007712,0.021693
1118,test,shipping,0,0,0.015864,0.026682
1118,test,smell,1,1,0.003664,0.976663
1118,test,stayingpower,1,1,0.01359,0.976759
1118,test,texture,0,1,0.026976,0.591916
1119,test,colour,3,2,0.690701,0.049039
1119,test,packing,0,0,0.002004,0.003179
1119,test,price,0,0,0.002689,0.003786
1119,test,shipping,0,0,0.014307,0.005429
1119,test,smell,0,0,0.057289,0.042902
1119,test,stayingpower,0,0,0.016598,0.024139
1119,test,texture,0,0,0.002695,0.000774
1120,test,colour,1,1,0.010509,0.989347
1120,test,packing,0,0,0.006667,0.020307
1120,test,price,0,0,0.026758,0.249468
1120,test,shipping,2,2,0.985034,0.011167
1120,test,smell,0,0,0.016829,0.004636
1120,test,stayingpower,0,0,0.014842,0.014311
1120,test,texture,0,0,0.017006,0.114903
1121,test,colour,0,0,0.004906,0.030928
1121,test,packing,0,0,0.003977,0.024322
1121,test,price,0,0,0.007437,0.024721
1121,test,shipping,2,2,0.999525,0.000419
1121,test,smell,0,0,0.012401,0.087676
1121,test,stayingpower,0,0,0.006027,0.040456
1121,test,texture,0,0,0.007897,0.182259
1122,test,colour,1,1,0.000602,0.999045
1122,test,packing,0,0,0.001344,0.009131
1122,test,price,0,0,0.002469,0.009321
1122,test,shipping,0,0,0.003098,0.031294
1122,test,smell,0,0,0.003968,0.005611
1122,test,stayingpower,0,0,0.017319,0.021288
1122,test,texture,0,0,0.004951,0.003346
1123,test,colour,1,1,0.008068,0.990033
1123,test,packing,0,0,0.002236,0.002574
1123,test,price,1,1,0.005911,0.983983
1123,test,shipping,0,0,0.010013,0.009734
1123,test,smell,0,0,0.031161,0.004742
1123,test,stayingpower,2,2,0.977757,0.01993
1123,test,texture,0,0,0.336316,0.145347
1124,test,colour,0,0,0.010345,0.008222
1124,test,packing,0,0,0.001613,0.003782
1124,test,price,0,0,0.003809,0.003294
1124,test,shipping,0,0,0.009201,0.011041
1124,test,smell,0,0,0.012576,0.005945
1124,test,stayingpower,0,0,0.001417,0.002808
1124,test,texture,0,0,0.000856,0.00119
1125,test,colour,1,1,0.017857,0.975664
1125,test,packing,1,1,0.009364,0.955495
1125,test,price,0,0,0.006042,0.021933
1125,test,shipping,0,2,0.471109,0.085096
1125,test,smell,1,1,0.074112,0.925165
1125,test,stayingpower,1,1,0.083677,0.912105
1125,test,texture,3,1,0.230444,0.686977
1126,test,colour,1,1,0.001433,0.997187
1126,test,packing,0,0,0.000248,0.001218
1126,test,price,0,0,0.006659,0.170443
1126,test,shipping,0,0,0.00054,0.058923
1126,test,smell,0,0,0.000554,0.006092
1126,test,stayingpower,0,0,0.003266,0.011043
1126,test,texture,0,0,0.002843,0.034457
1127,test,colour,0,0,0.054145,0.001496
1127,test,packing,0,0,0.170141,0.046201
1127,test,price,0,0,0.003214,0.00331
1127,test,shipping,2,0,0.295787,0.026468
1127,test,smell,0,0,0.025254,0.002085
1127,test,stayingpower,0,0,0.000179,0.000289
1127,test,texture,0,0,0.014296,0.005414
1128,test,colour,1,1,0.004801,0.993585
1128,test,packing,0,0,0.009424,0.035631
1128,test,price,0,0,0.003261,0.005505
1128,test,shipping,1,1,0.068986,0.930333
1128,test,smell,0,0,0.001657,0.002017
1128,test,stayingpower,0,0,0.012068,0.022965
1128,test,texture,0,0,0.007218,0.030926
1129,test,colour,1,1,0.006302,0.993114
1129,test,packing,1,1,0.002898,0.991919
1129,test,price,0,0,0.00343,0.015239
1129,test,shipping,1,1,0.050148,0.938605
1129,test,smell,0,0,0.002358,0.002813
1129,test,stayingpower,0,0,0.001508,0.002357
1129,test,texture,0,0,0.001237,0.002731
1130,test,colour,0,0,0.006712,0.012781
1130,test,packing,0,0,0.004016,0.004969
1130,test,price,1,1,0.006716,0.958461
1130,test,shipping,0,0,0.001296,0.005987
1130,test,smell,0,0,0.002008,0.000566
1130,test,stayingpower,0,0,0.000712,0.00348
1130,test,texture,0,0,0.013228,0.00747
1131,test,colour,0,0,0.004268,0.014267
1131,test,packing,0,0,0.005988,0.015644
1131,test,price,0,0,0.005196,0.011517
1131,test,shipping,0,0,0.002529,0.010691
1131,test,smell,1,1,0.004001,0.993656
1131,test,stayingpower,0,0,0.016678,0.088135
1131,test,texture,1,1,0.006583,0.990287
1132,test,colour,0,0,0.010999,0.050538
1132,test,packing,1,1,0.008747,0.990607
1132,test,price,0,0,0.009147,0.036729
1132,test,shipping,2,2,0.997486,0.001957
1132,test,smell,0,0,0.006394,0.014952
1132,test,stayingpower,0,0,0.013542,0.023971
1132,test,texture,0,0,0.001458,0.003987
1133,test,colour,1,1,9.9e-05,0.999845
1133,test,packing,0,0,0.001232,0.023765
1133,test,price,0,0,0.002377,0.023488
1133,test,shipping,0,0,0.008911,0.041824
1133,test,smell,0,0,0.001263,0.004034
1133,test,stayingpower,0,0,0.009032,0.043698
1133,test,texture,0,0,0.004337,0.021522
1134,test,colour,0,0,0.009667,0.006753
1134,test,packing,0,0,0.00186,0.003748
1134,test,price,0,0,0.003175,0.004165
1134,test,shipping,0,0,0.003357,0.006918
1134,test,smell,0,0,0.01621,0.011362
1134,test,stayingpower,0,0,0.000632,0.001294
1134,test,texture,0,0,0.001627,0.003155
1135,test,colour,1,1,0.010694,0.988981
1135,test,packing,0,0,0.001651,0.005128
1135,test,price,0,0,0.003187,0.010077
1135,test,shipping,0,0,0.005216,0.011224
1135,test,smell,1,1,0.001618,0.996004
1135,test,stayingpower,3,2,0.598233,0.187902
1135,test,texture,1,1,0.010538,0.740729
1136,test,colour,0,0,0.005352,0.00472
1136,test,packing,0,0,0.021064,0.126192
1136,test,price,0,0,0.008816,0.022633
1136,test,shipping,1,1,0.000416,0.997116
1136,test,smell,0,0,0.002518,0.004862
1136,test,stayingpower,0,0,0.001575,0.003019
1136,test,texture,0,0,0.000794,0.003795
1137,test,colour,0,0,0.023479,0.00313
1137,test,packing,0,0,0.061421,0.012839
1137,test,price,0,0,0.005129,0.006333
1137,test,shipping,0,0,0.285416,0.031116
1137,test,smell,0,0,0.001449,0.000143
1137,test,stayingpower,0,0,0.000674,0.001332
1137,test,texture,0,0,0.10718,0.008211
1138,test,colour,0,0,0.015507,0.042332
1138,test,packing,0,0,0.00223,0.004469
1138,test,price,0,0,0.001993,0.004134
1138,test,shipping,0,0,0.012918,0.03271
1138,test,smell,0,0,0.011936,0.01368
1138,test,stayingpower,0,0,0.00491,0.00714
1138,test,texture,0,0,0.009046,0.027852
1139,test,colour,0,0,0.001713,0.012002
1139,test,packing,1,0,0.014632,0.210409
1139,test,price,0,0,0.002051,0.004094
1139,test,shipping,0,2,0.624613,0.191311
1139,test,smell,0,0,0.001632,0.004509
1139,test,stayingpower,0,0,0.000142,0.001899
1139,test,texture,0,0,0.001266,0.11937
1140,test,colour,2,2,0.990133,0.008569
1140,test,packing,0,1,0.179509,0.747728
1140,test,price,0,0,0.017697,0.017989
1140,test,shipping,0,0,0.074288,0.330529
1140,test,smell,0,0,0.067879,0.010908
1140,test,stayingpower,0,0,0.004494,0.001006
1140,test,texture,0,0,0.027169,0.003287
1141,test,colour,0,0,0.034589,0.092205
1141,test,packing,0,0,0.007913,0.017462
1141,test,price,0,0,0.00352,0.002671
1141,test,shipping,2,2,0.998896,0.000878
1141,test,smell,0,0,0.010675,0.008083
1141,test,stayingpower,0,0,0.003857,0.005623
1141,test,texture,0,0,0.001332,0.007935
1142,test,colour,0,0,0.004256,0.022753
1142,test,packing,0,0,0.002893,0.017187
1142,test,price,0,0,0.006319,0.030672
1142,test,shipping,1,1,0.000539,0.998016
1142,test,smell,0,0,0.001807,0.0046
1142,test,stayingpower,0,0,0.00086,0.003742
1142,test,texture,0,0,0.000695,0.006201
1143,test,colour,1,1,0.001614,0.996592
1143,test,packing,0,0,0.001622,0.014175
1143,test,price,0,0,0.001043,0.001856
1143,test,shipping,1,1,0.001392,0.995366
1143,test,smell,0,0,0.001394,0.010983
1143,test,stayingpower,0,0,0.00271,0.016771
1143,test,texture,0,0,0.003329,0.020854
1144,test,colour,0,0,0.006211,0.032253
1144,test,packing,1,1,0.027181,0.955055
1144,test,price,1,1,0.002603,0.996323
1144,test,shipping,0,0,0.004963,0.009749
1144,test,smell,1,1,0.027469,0.963692
1144,test,stayingpower,0,0,0.003072,0.012905
1144,test,texture,0,0,0.067565,0.19969
1145,test,colour,0,0,0.015082,0.001137
1145,test,packing,2,1,0.128292,0.868909
1145,test,price,0,0,0.010751,0.006787
1145,test,shipping,0,0,0.35442,0.093815
1145,test,smell,0,0,0.005444,0.002618
1145,test,stayingpower,0,0,0.001491,0.002253
1145,test,texture,0,0,0.028116,0.010096
1146,test,colour,0,0,0.005451,0.017648
1146,test,packing,1,1,0.004195,0.994907
1146,test,price,0,0,0.003154,0.009577
1146,test,shipping,0,0,0.015695,0.036093
1146,test,smell,0,0,0.002027,0.002828
1146,test,stayingpower,0,0,0.000813,0.004259
1146,test,texture,0,0,0.006302,0.012095
1147,test,colour,0,0,0.001416,0.004003
1147,test,packing,0,0,0.003038,0.016136
1147,test,price,0,1,0.008834,0.951355
1147,test,shipping,0,0,0.004799,0.012934
1147,test,smell,0,0,0.005332,0.005036
1147,test,stayingpower,0,0,0.000141,0.000348
1147,test,texture,0,0,0.004719,0.010939
1148,test,colour,0,0,0.028093,0.01589
1148,test,packing,0,0,0.003027,0.001144
1148,test,price,0,0,0.001017,0.00136
1148,test,shipping,0,0,0.026532,0.010121
1148,test,smell,0,0,0.001024,0.000412
1148,test,stayingpower,0,0,0.002218,0.009977
1148,test,texture,0,0,0.042056,0.015789
1149,test,colour,1,1,0.067113,0.932374
1149,test,packing,0,0,0.005375,0.002167
1149,test,price,0,0,0.01104,0.055102
1149,test,shipping,0,0,0.068463,0.023213
1149,test,smell,0,0,0.079996,0.004181
1149,test,stayingpower,0,0,0.17524,0.070116
1149,test,texture,2,2,0.991217,0.004847
1150,test,colour,0,0,0.003912,0.00886
1150,test,packing,0,0,0.021878,0.034379
1150,test,price,0,0,0.000937,0.001963
1150,test,shipping,0,0,0.000711,0.002425
1150,test,smell,0,0,0.001471,0.003597
1150,test,stayingpower,0,0,0.097273,0.278548
1150,test,texture,0,1,0.108171,0.626225
1151,test,colour,1,1,0.002157,0.995402
1151,test,packing,0,0,0.007368,0.092165
1151,test,price,0,0,0.0022,0.010516
1151,test,shipping,1,1,0.000417,0.994782
1151,test,smell,1,1,0.003427,0.993562
1151,test,stayingpower,0,0,0.001834,0.005733
1151,test,texture,0,0,0.00335,0.028635
1152,test,colour,0,0,0.008651,0.009611
1152,test,packing,0,0,0.002268,0.007632
1152,test,price,0,0,0.005236,0.005902
1152,test,shipping,0,0,0.012104,0.026329
1152,test,smell,0,0,0.013077,0.008045
1152,test,stayingpower,0,0,0.00144,0.004519
1152,test,texture,0,0,0.000645,0.000817
1153,test,colour,1,1,0.000156,0.999325
1153,test,packing,0,0,0.002312,0.016247
1153,test,price,0,0,0.00175,0.016005
1153,test,shipping,0,0,0.002,0.011299
1153,test,smell,0,0,0.002683,0.014576
1153,test,stayingpower,0,0,0.019372,0.079173
1153,test,texture,1,1,0.046097,0.944569
1154,test,colour,0,0,0.004323,0.043879
1154,test,packing,0,0,0.000878,0.003787
1154,test,price,0,0,0.001962,0.008608
1154,test,shipping,0,0,0.001446,0.017678
1154,test,smell,0,0,0.002544,0.007066
1154,test,stayingpower,0,0,0.001839,0.003068
1154,test,texture,0,0,0.000614,0.002697
1155,test,colour,0,0,0.002884,0.0695
1155,test,packing,0,0,0.002817,0.020406
1155,test,price,0,0,0.002047,0.008108
1155,test,shipping,0,0,0.00212,0.023615
1155,test,smell,0,0,0.002766,0.008283
1155,test,stayingpower,0,0,0.000193,0.000465
1155,test,texture,0,0,0.000411,0.00223
1156,test,colour,0,0,0.054345,0.308247
1156,test,packing,0,0,0.015354,0.021651
1156,test,price,0,0,0.004454,0.041135
1156,test,shipping,0,0,0.00432,0.024463
1156,test,smell,0,0,0.01264,0.055457
1156,test,stayingpower,2,2,0.992937,0.006686
1156,test,texture,1,1,0.002419,0.994882
1157,test,colour,1,1,0.217636,0.766739
1157,test,packing,0,0,0.01076,0.044801
1157,test,price,1,1,0.003527,0.993142
1157,test,shipping,0,0,0.126923,0.066576
1157,test,smell,2,1,0.259913,0.732386
1157,test,stayingpower,1,2,0.754056,0.238588
1157,test,texture,1,1,0.033543,0.960078
1158,test,colour,3,2,0.634251,0.364444
1158,test,packing,0,0,0.000947,0.000694
1158,test,price,0,0,0.002864,0.004379
1158,test,shipping,0,0,0.003304,0.003404
1158,test,smell,0,0,0.005128,0.00169
1158,test,stayingpower,0,0,0.009721,0.009988
1158,test,texture,0,0,0.096309,0.043178
1159,test,colour,0,0,0.017064,0.053494
1159,test,packing,1,1,0.009668,0.977767
1159,test,price,0,0,0.004785,0.022397
1159,test,shipping,1,1,0.0002,0.99843
1159,test,smell,0,0,0.002748,0.006354
1159,test,stayingpower,0,0,0.000253,0.000725
1159,test,texture,0,0,0.001546,0.004793
1160,test,colour,0,0,0.012611,0.085894
1160,test,packing,1,1,0.004775,0.992469
1160,test,price,0,0,0.004481,0.017518
1160,test,shipping,1,1,0.000107,0.999549
1160,test,smell,0,0,0.002044,0.002968
1160,test,stayingpower,0,0,0.002016,0.003234
1160,test,texture,0,0,0.002578,0.022868
1161,test,colour,1,1,0.000128,0.99974
1161,test,packing,0,0,0.002577,0.051092
1161,test,price,0,0,0.001794,0.050379
1161,test,shipping,0,0,0.003359,0.006735
1161,test,smell,0,0,0.003355,0.020256
1161,test,stayingpower,1,1,0.032802,0.868214
1161,test,texture,1,1,0.005467,0.950174
1162,test,colour,0,0,0.012802,0.00812
1162,test,packing,0,0,0.020327,0.018636
1162,test,price,0,0,0.015144,0.015391
1162,test,shipping,2,2,0.998599,0.001276
1162,test,smell,0,0,0.008759,0.003513
1162,test,stayingpower,0,0,0.00922,0.008504
1162,test,texture,0,0,0.002118,0.00716
1163,test,colour,0,0,0.007287,0.010338
1163,test,packing,0,0,0.001911,0.003263
1163,test,price,0,0,0.003181,0.003325
1163,test,shipping,0,0,0.003216,0.004818
1163,test,smell,0,0,0.004207,0.003768
1163,test,stayingpower,0,0,0.001101,0.002002
1163,test,texture,0,0,0.002765,0.006195
1164,test,colour,0,0,0.011981,0.065949
1164,test,packing,0,0,0.001064,0.003477
1164,test,price,0,0,0.001453,0.005791
1164,test,shipping,0,0,0.002199,0.00388
1164,test,smell,0,0,0.000733,0.00105
1164,test,stayingpower,0,0,0.080996,0.210354
1164,test,texture,0,0,0.010069,0.19589
1165,test,colour,0,0,0.007945,0.197084
1165,test,packing,0,0,0.006003,0.008283
1165,test,price,1,1,0.00587,0.985015
1165,test,shipping,0,0,0.004279,0.01954
1165,test,smell,1,1,0.008222,0.991452
1165,test,stayingpower,0,0,0.054339,0.060525
1165,test,texture,1,1,0.00287,0.9939
1166,test,colour,1,1,0.001027,0.998351
1166,test,packing,0,0,0.008609,0.06487
1166,test,price,1,1,0.004945,0.993507
1166,test,shipping,2,2,0.991931,0.001257
1166,test,smell,0,0,0.041778,0.035828
1166,test,stayingpower,0,0,0.006497,0.032159
1166,test,texture,0,0,0.070871,0.096612
1167,test,colour,1,1,0.020548,0.968175
1167,test,packing,0,0,0.062237,0.117054
1167,test,price,0,0,0.004823,0.016699
1167,test,shipping,1,1,0.002908,0.993923
1167,test,smell,0,0,0.057257,0.030143
1167,test,stayingpower,0,0,0.316036,0.12611
1167,test,texture,3,2,0.907341,0.090904
1168,test,colour,1,1,0.000386,0.99949
1168,test,packing,0,0,0.000512,0.005642
1168,test,price,0,0,0.002674,0.019569
1168,test,shipping,0,0,0.005986,0.149499
1168,test,smell,0,0,0.000925,0.008784
1168,test,stayingpower,0,0,0.003486,0.020962
1168,test,texture,0,0,0.002203,0.02619
1169,test,colour,1,1,0.015961,0.979249
1169,test,packing,0,0,0.013044,0.010241
1169,test,price,1,1,0.004845,0.989789
1169,test,shipping,0,0,0.00876,0.015067
1169,test,smell,2,2,0.879922,0.115828
1169,test,stayingpower,0,0,0.209435,0.298802
1169,test,texture,1,1,0.062041,0.933997
1170,test,colour,1,1,0.000475,0.999133
1170,test,packing,0,0,0.000349,0.002111
1170,test,price,0,0,0.002284,0.040641
1170,test,shipping,0,0,0.013136,0.01571
1170,test,smell,0,0,0.010416,0.069571
1170,test,stayingpower,0,0,0.009519,0.0496
1170,test,texture,1,1,0.004645,0.986601
1171,test,colour,3,2,0.967217,0.021706
1171,test,packing,0,0,0.015964,0.01596
1171,test,price,1,1,0.009692,0.986016
1171,test,shipping,0,0,0.06787,0.026236
1171,test,smell,0,0,0.065391,0.007311
1171,test,stayingpower,1,1,0.174113,0.657577
1171,test,texture,0,2,0.54483,0.023529
1172,test,colour,1,1,0.044327,0.955391
1172,test,packing,0,0,0.052048,0.133633
1172,test,price,0,0,0.017123,0.088264
1172,test,shipping,0,0,0.094687,0.133112
1172,test,smell,2,2,0.985486,0.013631
1172,test,stayingpower,0,0,0.105014,0.012129
1172,test,texture,0,0,0.09682,0.030618
1173,test,colour,1,1,0.002003,0.991582
1173,test,packing,1,1,0.010082,0.730307
1173,test,price,0,0,0.001557,0.009329
1173,test,shipping,1,1,0.000938,0.998754
1173,test,smell,0,0,0.001262,0.008713
1173,test,stayingpower,0,0,0.00064,0.007332
1173,test,texture,0,0,0.001808,0.061718
1174,test,colour,0,0,0.020645,0.109216
1174,test,packing,0,1,0.016871,0.935224
1174,test,price,0,0,0.009151,0.051149
1174,test,shipping,0,0,0.037926,0.034637
1174,test,smell,0,0,0.005352,0.005987
1174,test,stayingpower,1,1,0.09672,0.902411
1174,test,texture,1,1,0.056662,0.922228
1175,test,colour,1,1,0.000297,0.999339
1175,test,packing,0,0,0.000518,0.002157
1175,test,price,0,0,0.003262,0.007182
1175,test,shipping,0,0,0.009279,0.015622
1175,test,smell,0,0,0.02102,0.020768
1175,test,stayingpower,0,0,0.006813,0.017966
1175,test,texture,0,0,0.003792,0.007371
1176,test,colour,0,0,0.002487,0.097941
1176,test,packing,0,0,0.000666,0.001276
1176,test,price,0,0,0.002216,0.017561
1176,test,shipping,0,0,0.000559,0.005977
1176,test,smell,0,0,0.00225,0.01131
1176,test,stayingpower,0,0,0.001608,0.008585
1176,test,texture,1,1,0.003693,0.910348
1177,test,colour,0,0,0.010207,0.00501
1177,test,packing,0,0,0.023095,0.016328
1177,test,price,0,0,0.008123,0.012163
1177,test,shipping,0,0,0.01668,0.025507
1177,test,smell,0,0,0.002772,0.00023
1177,test,stayingpower,0,0,0.066887,0.060152
1177,test,texture,1,2,0.900718,0.074876
1178,test,colour,1,1,0.255073,0.743721
1178,test,packing,0,0,0.018621,0.009471
1178,test,price,0,0,0.018153,0.032168
1178,test,shipping,2,2,0.554232,0.02065
1178,test,smell,0,0,0.014299,0.001582
1178,test,stayingpower,0,0,0.024182,0.035249
1178,test,texture,0,2,0.867493,0.008458
1179,test,colour,1,1,0.009382,0.930944
1179,test,packing,0,0,0.019373,0.011856
1179,test,price,1,1,0.003394,0.992296
1179,test,shipping,0,0,0.009102,0.013253
1179,test,smell,1,1,0.049744,0.935845
1179,test,stayingpower,0,0,0.017616,0.093374
1179,test,texture,1,1,0.344945,0.654405
1180,test,colour,1,1,0.020147,0.973491
1180,test,packing,0,0,0.006204,0.011312
1180,test,price,0,0,0.004456,0.032427
1180,test,shipping,1,1,0.001462,0.988777
1180,test,smell,0,0,0.0061,0.017091
1180,test,stayingpower,2,2,0.980281,0.019038
1180,test,texture,0,1,0.037244,0.858116
1181,test,colour,0,0,0.011951,0.24282
1181,test,packing,0,0,0.002883,0.015522
1181,test,price,0,0,0.013026,0.039253
1181,test,shipping,1,1,0.000424,0.997521
1181,test,smell,0,0,0.000986,0.002688
1181,test,stayingpower,0,0,0.000689,0.004798
1181,test,texture,0,0,0.000584,0.003226
1182,test,colour,1,1,0.014782,0.980269
1182,test,packing,0,0,0.010497,0.037811
1182,test,price,0,0,0.006045,0.081535
1182,test,shipping,0,0,0.010885,0.026246
1182,test,smell,1,1,0.003765,0.995506
1182,test,stayingpower,0,0,0.080572,0.117646
1182,test,texture,1,1,0.000347,0.999524
1183,test,colour,2,2,0.997426,0.001259
1183,test,packing,0,0,0.056827,0.006936
1183,test,price,0,0,0.024386,0.013824
1183,test,shipping,0,0,0.206993,0.154733
1183,test,smell,0,0,0.07743,0.002767
1183,test,stayingpower,0,0,0.062991,0.008004
1183,test,texture,0,0,0.174446,0.020618
1184,test,colour,0,0,0.003347,0.013743
1184,test,packing,1,1,0.00376,0.994283
1184,test,price,0,0,0.002944,0.014657
1184,test,shipping,0,0,0.005301,0.026013
1184,test,smell,0,0,0.003956,0.004551
1184,test,stayingpower,0,0,0.0005,0.002146
1184,test,texture,0,0,0.00325,0.026063
1185,test,colour,0,0,0.003693,0.005031
1185,test,packing,0,0,0.002645,0.011305
1185,test,price,0,0,0.002766,0.00258
1185,test,shipping,0,0,0.001944,0.004956
1185,test,smell,0,0,0.068328,0.134749
1185,test,stayingpower,0,0,0.001198,0.004177
1185,test,texture,0,0,0.000712,0.001928
1186,test,colour,0,0,0.010499,0.043941
1186,test,packing,1,1,0.004897,0.992629
1186,test,price,0,0,0.003899,0.013143
1186,test,shipping,1,1,0.000279,0.999269
1186,test,smell,0,0,0.002378,0.004494
1186,test,stayingpower,0,0,0.000535,0.002108
1186,test,texture,0,0,0.001235,0.008258
1187,test,colour,0,0,0.007357,0.005402
1187,test,packing,0,0,0.00157,0.003978
1187,test,price,0,0,0.003435,0.004369
1187,test,shipping,0,0,0.00609,0.021412
1187,test,smell,0,0,0.00579,0.003451
1187,test,stayingpower,0,0,0.000705,0.002037
1187,test,texture,0,0,0.002705,0.003159
1188,test,colour,1,1,0.12228,0.875335
1188,test,packing,0,0,0.013823,0.004264
1188,test,price,0,0,0.013947,0.068076
1188,test,shipping,0,0,0.006654,0.072846
1188,test,smell,1,2,0.875443,0.099474
1188,test,stayingpower,2,2,0.998782,0.000604
1188,test,texture,2,2,0.397981,0.344809
1189,test,colour,1,0,0.157546,0.08987
1189,test,packing,0,0,0.006458,0.033775
1189,test,price,1,0,0.006406,0.081701
1189,test,shipping,1,1,0.001792,0.978934
1189,test,smell,0,0,0.002433,0.008084
1189,test,stayingpower,0,0,0.020486,0.018712
1189,test,texture,0,0,0.007466,0.01745
1190,test,colour,0,0,0.081694,0.044885
1190,test,packing,0,0,0.079657,0.010225
1190,test,price,1,1,0.004789,0.994881
1190,test,shipping,0,0,0.027308,0.015641
1190,test,smell,0,0,0.09042,0.023395
1190,test,stayingpower,2,2,0.940511,0.031371
1190,test,texture,2,2,0.935369,0.059748
1191,test,colour,0,0,0.003084,0.013235
1191,test,packing,1,1,0.00138,0.998066
1191,test,price,0,0,0.003278,0.016012
1191,test,shipping,0,0,0.014093,0.160897
1191,test,smell,0,0,0.003578,0.006844
1191,test,stayingpower,0,0,0.000387,0.002549
1191,test,texture,0,0,0.003179,0.033172
1192,test,colour,0,0,0.002514,0.020167
1192,test,packing,0,0,0.000704,0.00329
1192,test,price,0,0,0.003852,0.020129
1192,test,shipping,0,0,0.014522,0.068633
1192,test,smell,0,0,0.001223,0.002809
1192,test,stayingpower,0,0,0.000103,0.001473
1192,test,texture,0,0,0.000671,0.005523
1193,test,colour,1,1,0.004364,0.994839
1193,test,packing,1,1,0.012902,0.978451
1193,test,price,0,0,0.004795,0.037901
1193,test,shipping,2,2,0.990444,0.005702
1193,test,smell,0,0,0.019708,0.01793
1193,test,stayingpower,2,2,0.905668,0.076989
1193,test,texture,0,0,0.030558,0.089465
1194,test,colour,1,1,0.000289,0.999399
1194,test,packing,0,0,0.001273,0.005298
1194,test,price,0,0,0.002395,0.016792
1194,test,shipping,0,0,0.001285,0.012212
1194,test,smell,1,1,0.026975,0.966651
1194,test,stayingpower,0,0,0.007318,0.01167
1194,test,texture,0,1,0.008412,0.680264
1195,test,colour,0,0,0.035344,0.048838
1195,test,packing,0,0,0.011499,0.047895
1195,test,price,0,0,0.002032,0.025326
1195,test,shipping,0,0,0.025894,0.015884
1195,test,smell,0,0,0.002331,0.002025
1195,test,stayingpower,0,0,0.015343,0.056703
1195,test,texture,1,1,0.007428,0.985455
1196,test,colour,0,0,0.002084,0.001642
1196,test,packing,0,0,0.019276,0.018556
1196,test,price,0,0,0.005849,0.012948
1196,test,shipping,0,0,0.343378,0.015381
1196,test,smell,0,0,0.006741,0.002716
1196,test,stayingpower,0,0,0.000696,0.0045
1196,test,texture,0,0,0.002566,0.005542
1197,test,colour,2,2,0.941165,0.047209
1197,test,packing,0,0,0.005044,0.004133
1197,test,price,0,0,0.003994,0.027098
1197,test,shipping,0,0,0.001937,0.004342
1197,test,smell,0,0,0.019413,0.002344
1197,test,stayingpower,0,0,0.030547,0.006907
1197,test,texture,1,1,0.114171,0.843919
1198,test,colour,0,0,0.003439,0.012054
1198,test,packing,1,1,0.007364,0.975132
1198,test,price,1,1,0.013072,0.96517
1198,test,shipping,1,1,0.000514,0.998089
1198,test,smell,0,0,0.004808,0.015959
1198,test,stayingpower,0,0,0.001426,0.003391
1198,test,texture,0,0,0.002847,0.006012
1199,test,colour,1,1,0.016428,0.980808
1199,test,packing,0,0,0.006381,0.015852
1199,test,price,0,1,0.006997,0.60083
1199,test,shipping,0,0,0.076683,0.031648
1199,test,smell,1,1,0.279282,0.433019
1199,test,stayingpower,1,1,0.075446,0.921836
1199,test,texture,1,1,0.020853,0.978275
1200,test,colour,1,1,0.005155,0.991585
1200,test,packing,0,0,0.011737,0.184237
1200,test,price,1,1,0.006527,0.981687
1200,test,shipping,1,1,0.001259,0.997436
1200,test,smell,0,0,0.002391,0.007041
1200,test,stayingpower,0,0,0.003893,0.01353
1200,test,texture,0,0,0.006847,0.016143
1201,test,colour,0,0,0.001731,0.01041
1201,test,packing,0,0,0.00148,0.008836
1201,test,price,0,0,0.007885,0.054947
1201,test,shipping,0,0,0.00292,0.024646
1201,test,smell,0,0,0.001541,0.00105
1201,test,stayingpower,0,0,0.000732,0.002858
1201,test,texture,0,0,0.002417,0.005806
1202,test,colour,1,1,0.000321,0.999337
1202,test,packing,0,0,0.001078,0.003913
1202,test,price,0,0,0.002632,0.012639
1202,test,shipping,0,0,0.002318,0.061763
1202,test,smell,0,0,0.003473,0.009509
1202,test,stayingpower,0,0,0.002746,0.004964
1202,test,texture,0,0,0.003229,0.006872
1203,test,colour,0,0,0.002396,0.020788
1203,test,packing,0,0,0.00672,0.234015
1203,test,price,0,0,0.007394,0.032493
1203,test,shipping,0,1,0.009015,0.826827
1203,test,smell,0,0,0.000603,0.001314
1203,test,stayingpower,0,0,0.000248,0.001701
1203,test,texture,0,0,0.000631,0.003733
1204,test,colour,1,1,0.000461,0.998422
1204,test,packing,1,1,0.001762,0.99235
1204,test,price,1,1,0.010941,0.8208
1204,test,shipping,0,0,0.065235,0.048927
1204,test,smell,1,0,0.004026,0.01743
1204,test,stayingpower,0,0,0.000908,0.017636
1204,test,texture,0,0,0.004802,0.042373
1205,test,colour,0,0,0.002156,0.062921
1205,test,packing,0,0,0.002715,0.025193
1205,test,price,1,1,0.00353,0.991751
1205,test,shipping,0,0,0.001273,0.015474
1205,test,smell,0,0,0.00276,0.014328
1205,test,stayingpower,0,0,0.000824,0.007821
1205,test,texture,0,0,0.001318,0.013475
1206,test,colour,0,0,0.00987,0.00918
1206,test,packing,0,0,0.000748,0.001444
1206,test,price,0,0,0.002169,0.006764
1206,test,shipping,0,0,0.001106,0.004856
1206,test,smell,0,0,0.00561,0.003011
1206,test,stayingpower,0,0,0.000569,0.001624
1206,test,texture,0,0,0.004226,0.00445
1207,test,colour,1,1,0.416941,0.531393
1207,test,packing,0,0,0.032529,0.018788
1207,test,price,0,0,0.019553,0.030583
1207,test,shipping,0,0,0.001611,0.001751
1207,test,smell,0,0,0.11701,0.012128
1207,test,stayingpower,0,0,0.43342,0.070265
1207,test,texture,2,2,0.996277,0.001454
1208,test,colour,1,1,0.002156,0.995602
1208,test,packing,0,0,0.009799,0.028373
1208,test,price,1,1,0.001152,0.998079
1208,test,shipping,0,0,0.007535,0.009022
1208,test,smell,1,1,0.11207,0.87087
1208,test,stayingpower,0,0,0.072508,0.098096
1208,test,texture,1,1,0.003415,0.993138
1209,test,colour,0,1,0.068909,0.912492
1209,test,packing,0,0,0.08453,0.047726
1209,test,price,0,0,0.007908,0.01205
1209,test,shipping,0,2,0.494444,0.380073
1209,test,smell,1,2,0.964124,0.035517
1209,test,stayingpower,0,0,0.010304,0.006576
1209,test,texture,1,1,0.098968,0.812093
1210,test,colour,0,0,0.017771,0.036443
1210,test,packing,0,0,0.014277,0.007895
1210,test,price,1,1,0.010355,0.981236
1210,test,shipping,0,0,0.002831,0.007869
1210,test,smell,1,1,0.009728,0.985599
1210,test,stayingpower,0,0,0.023832,0.027637
1210,test,texture,1,1,0.001355,0.997899
1211,test,colour,0,0,0.006912,0.069129
1211,test,packing,1,1,0.003912,0.995807
1211,test,price,0,0,0.011054,0.035926
1211,test,shipping,2,2,0.991504,0.00379
1211,test,smell,0,0,0.003769,0.007967
1211,test,stayingpower,0,0,0.001137,0.009665
1211,test,texture,0,0,0.003097,0.015144
1212,test,colour,0,0,0.007889,0.091138
1212,test,packing,0,0,0.004348,0.020848
1212,test,price,0,0,0.002853,0.004293
1212,test,shipping,1,1,0.001042,0.992546
1212,test,smell,0,0,0.000938,0.001914
1212,test,stayingpower,0,0,0.000748,0.004898
1212,test,texture,0,0,0.001171,0.003585
1213,test,colour,1,1,0.002604,0.989968
1213,test,packing,0,0,0.002261,0.006622
1213,test,price,1,1,0.002201,0.988725
1213,test,shipping,0,0,0.001652,0.011961
1213,test,smell,0,0,0.005201,0.069183
1213,test,stayingpower,0,0,0.023573,0.052408
1213,test,texture,1,1,0.00055,0.996594
1214,test,colour,1,1,0.000286,0.999121
1214,test,packing,0,0,0.001532,0.031835
1214,test,price,0,0,0.001558,0.008037
1214,test,shipping,0,0,0.003284,0.047854
1214,test,smell,0,0,0.000629,0.004117
1214,test,stayingpower,0,0,0.003457,0.016457
1214,test,texture,0,0,0.001197,0.013163
1215,test,colour,0,0,0.009759,0.009928
1215,test,packing,0,0,0.001713,0.003375
1215,test,price,0,0,0.002544,0.002506
1215,test,shipping,0,0,0.000685,0.001868
1215,test,smell,0,0,0.010916,0.008337
1215,test,stayingpower,0,0,0.000974,0.001505
1215,test,texture,0,0,0.005023,0.005665
1216,test,colour,0,0,0.013709,0.005245
1216,test,packing,0,0,0.072445,0.065737
1216,test,price,0,0,0.008223,0.014908
1216,test,shipping,0,0,0.01708,0.005213
1216,test,smell,1,1,0.028798,0.966531
1216,test,stayingpower,0,0,0.015533,0.014112
1216,test,texture,1,1,0.241005,0.750555
1217,test,colour,0,0,0.011009,0.030841
1217,test,packing,0,0,0.021726,0.007376
1217,test,price,1,1,0.0267,0.879264
1217,test,shipping,0,0,0.017827,0.009591
1217,test,smell,2,2,0.962021,0.031387
1217,test,stayingpower,0,0,0.016659,0.024411
1217,test,texture,0,0,0.181813,0.040753
1218,test,colour,0,0,0.006508,0.011132
1218,test,packing,0,0,0.002337,0.005218
1218,test,price,1,1,0.004237,0.992911
1218,test,shipping,0,0,0.004197,0.009252
1218,test,smell,0,0,0.011707,0.005253
1218,test,stayingpower,0,0,0.000919,0.003419
1218,test,texture,0,0,0.008588,0.013656
1219,test,colour,1,1,0.001318,0.995877
1219,test,packing,0,0,0.004466,0.00862
1219,test,price,0,0,0.007912,0.046892
1219,test,shipping,0,0,0.027891,0.177284
1219,test,smell,3,1,0.236895,0.759309
1219,test,stayingpower,0,0,0.020174,0.201511
1219,test,texture,1,1,0.34886,0.647262
1220,test,colour,1,1,0.000291,0.99906
1220,test,packing,0,0,0.001174,0.007767
1220,test,price,0,0,0.001421,0.014501
1220,test,shipping,0,0,0.000889,0.005971
1220,test,smell,0,0,0.001702,0.030679
1220,test,stayingpower,0,0,0.005621,0.033541
1220,test,texture,1,1,0.003611,0.944954
1221,test,colour,0,0,0.000598,0.001306
1221,test,packing,0,0,0.008381,0.103472
1221,test,price,0,0,0.001872,0.014515
1221,test,shipping,0,0,0.001501,0.0193
1221,test,smell,0,0,0.003545,0.005193
1221,test,stayingpower,0,0,0.001738,0.003913
1221,test,texture,0,0,0.000798,0.007434
1222,test,colour,1,1,0.00127,0.998191
1222,test,packing,1,1,0.005828,0.981378
1222,test,price,0,0,0.005472,0.021866
1222,test,shipping,2,2,0.998327,0.001009
1222,test,smell,0,0,0.026125,0.02181
1222,test,stayingpower,0,0,0.004093,0.028426
1222,test,texture,0,0,0.01417,0.052298
1223,test,colour,2,2,0.513266,0.480401
1223,test,packing,0,0,0.00115,0.001753
1223,test,price,0,0,0.001825,0.001546
1223,test,shipping,0,0,0.002442,0.004524
1223,test,smell,0,0,0.008069,0.003125
1223,test,stayingpower,0,0,0.001863,0.002712
1223,test,texture,0,0,0.025568,0.008157
1224,test,colour,1,1,0.033778,0.960667
1224,test,packing,1,1,0.006374,0.988179
1224,test,price,1,1,0.005514,0.989649
1224,test,shipping,1,1,0.003329,0.995707
1224,test,smell,0,0,0.016515,0.042502
1224,test,stayingpower,0,0,0.011261,0.02302
1224,test,texture,0,0,0.031475,0.013277
1225,test,colour,1,1,6.8e-05,0.999553
1225,test,packing,0,0,0.003036,0.363141
1225,test,price,0,0,0.003608,0.07707
1225,test,shipping,0,0,0.025275,0.040849
1225,test,smell,0,0,0.000442,0.002612
1225,test,stayingpower,0,0,0.00208,0.026781
1225,test,texture,0,1,0.004574,0.870409
1226,test,colour,1,1,0.391308,0.605244
1226,test,packing,0,0,0.004746,0.006801
1226,test,price,1,1,0.014161,0.962652
1226,test,shipping,0,0,0.038778,0.034217
1226,test,smell,1,1,0.002209,0.996525
1226,test,stayingpower,0,0,0.031695,0.038171
1226,test,texture,1,1,0.019722,0.874488
1227,test,colour,1,1,0.036261,0.962497
1227,test,packing,0,0,0.003465,0.009959
1227,test,price,0,0,0.007012,0.031739
1227,test,shipping,0,0,0.084899,0.080282
1227,test,smell,0,0,0.034131,0.007029
1227,test,stayingpower,2,2,0.981953,0.017343
1227,test,texture,0,0,0.019205,0.027945
1228,test,colour,0,0,0.128082,0.006597
1228,test,packing,0,0,0.105479,0.040293
1228,test,price,0,0,0.071724,0.062428
1228,test,shipping,0,0,0.004109,0.028575
1228,test,smell,2,2,0.969322,0.029611
1228,test,stayingpower,0,0,0.054673,0.009148
1228,test,texture,2,2,0.500976,0.022392
1229,test,colour,0,0,0.010062,0.081297
1229,test,packing,1,1,0.012219,0.985566
1229,test,price,1,1,0.004637,0.993706
1229,test,shipping,1,1,0.100668,0.887298
1229,test,smell,0,0,0.008107,0.003548
1229,test,stayingpower,0,0,0.004377,0.009679
1229,test,texture,0,0,0.022561,0.006105
1230,test,colour,0,0,0.011576,0.010673
1230,test,packing,0,0,0.004954,0.00363
1230,test,price,0,0,0.00688,0.016241
1230,test,shipping,0,0,0.001753,0.004069
1230,test,smell,0,0,0.006542,0.001059
1230,test,stayingpower,0,0,0.006191,0.00214
1230,test,texture,0,0,0.007206,0.001858
1231,test,colour,1,1,0.000525,0.999229
1231,test,packing,0,0,0.001761,0.003394
1231,test,price,0,0,0.00229,0.012321
1231,test,shipping,0,0,0.007131,0.019183
1231,test,smell,0,0,0.003465,0.006566
1231,test,stayingpower,0,0,0.074902,0.138636
1231,test,texture,0,2,0.897177,0.089505
1232,test,colour,1,1,0.000844,0.998774
1232,test,packing,1,1,0.008945,0.920411
1232,test,price,0,0,0.004384,0.030421
1232,test,shipping,1,2,0.997773,0.001589
1232,test,smell,0,0,0.017393,0.019882
1232,test,stayingpower,0,0,0.002126,0.019631
1232,test,texture,0,0,0.013789,0.05077
1233,test,colour,1,1,0.000473,0.99865
1233,test,packing,0,0,0.001521,0.017132
1233,test,price,0,0,0.000704,0.0018
1233,test,shipping,3,1,0.06837,0.868212
1233,test,smell,0,0,0.001159,0.001765
1233,test,stayingpower,0,0,0.001319,0.008911
1233,test,texture,0,0,0.006719,0.031857
1234,test,colour,1,2,0.685861,0.309934
1234,test,packing,0,0,0.011853,0.005475
1234,test,price,0,0,0.005801,0.027394
1234,test,shipping,0,0,0.003795,0.00756
1234,test,smell,0,0,0.149753,0.035785
1234,test,stayingpower,0,2,0.921842,0.011393
1234,test,texture,1,1,0.096263,0.903107
1235,test,colour,0,0,0.001891,0.024709
1235,test,packing,0,0,0.001037,0.01153
1235,test,price,0,0,0.002823,0.034017
1235,test,shipping,0,0,0.000765,0.010085
1235,test,smell,0,0,0.000392,0.000874
1235,test,stayingpower,0,0,0.001083,0.004148
1235,test,texture,0,0,0.005089,0.043163
1236,test,colour,1,1,0.012021,0.983332
1236,test,packing,0,0,0.007422,0.030182
1236,test,price,1,1,0.025417,0.966443
1236,test,shipping,2,2,0.998918,0.000408
1236,test,smell,0,0,0.054584,0.026662
1236,test,stayingpower,0,0,0.014936,0.120401
1236,test,texture,0,0,0.033447,0.018621
1237,test,colour,0,0,0.021561,0.131027
1237,test,packing,0,0,0.02756,0.024841
1237,test,price,0,0,0.045485,0.116
1237,test,shipping,2,2,0.998084,0.001598
1237,test,smell,0,0,0.098201,0.065431
1237,test,stayingpower,0,0,0.322001,0.180278
1237,test,texture,3,2,0.776815,0.219636
1238,test,colour,0,0,0.00937,0.001579
1238,test,packing,0,0,0.060292,0.006906
1238,test,price,1,1,0.023548,0.955631
1238,test,shipping,3,2,0.809051,0.189682
1238,test,smell,0,0,0.009886,0.005917
1238,test,stayingpower,0,0,0.010276,0.009101
1238,test,texture,0,0,0.036812,0.155791
1239,test,colour,0,0,0.018661,0.086634
1239,test,packing,0,0,0.013259,0.040628
1239,test,price,0,0,0.033404,0.058576
1239,test,shipping,2,2,0.999469,0.000304
1239,test,smell,1,1,0.008448,0.986332
1239,test,stayingpower,0,0,0.010906,0.045251
1239,test,texture,0,0,0.010227,0.093545
1240,test,colour,0,0,0.203506,0.100496
1240,test,packing,0,0,0.090136,0.04149
1240,test,price,0,0,0.015755,0.0713
1240,test,shipping,0,0,0.00421,0.011102
1240,test,smell,1,1,0.061546,0.937518
1240,test,stayingpower,0,0,0.050571,0.021882
1240,test,texture,1,2,0.64022,0.357325
1241,test,colour,1,1,9.4e-05,0.999371
1241,test,packing,0,0,0.001807,0.024848
1241,test,price,0,0,0.002212,0.024483
1241,test,shipping,0,0,0.172682,0.0445
1241,test,smell,0,0,0.000829,0.004711
1241,test,stayingpower,3,1,0.206919,0.786104
1241,test,texture,0,1,0.030258,0.580546
1242,test,colour,0,0,0.368588,0.019471
1242,test,packing,0,0,0.070046,0.009459
1242,test,price,1,1,0.024895,0.96979
1242,test,shipping,0,0,0.045588,0.009796
1242,test,smell,1,1,0.072,0.925822
1242,test,stayingpower,0,0,0.258862,0.025874
1242,test,texture,0,2,0.557021,0.048268
1243,test,colour,0,0,0.001448,0.002695
1243,test,packing,0,0,0.010921,0.020345
1243,test,price,1,1,0.005592,0.990149
1243,test,shipping,0,0,0.140126,0.077415
1243,test,smell,0,0,0.005725,0.003378
1243,test,stayingpower,0,0,0.000299,0.0019
1243,test,texture,0,0,0.004942,0.002806
1244,test,colour,1,1,0.004297,0.995359
1244,test,packing,0,0,0.002674,0.003379
1244,test,price,1,1,0.003484,0.993091
1244,test,shipping,0,0,0.007293,0.003721
1244,test,smell,0,0,0.045961,0.01318
1244,test,stayingpower,2,2,0.47747,0.049332
1244,test,texture,1,1,0.157759,0.834243
1245,test,colour,1,1,0.001436,0.996219
1245,test,packing,1,1,0.002272,0.995513
1245,test,price,0,0,0.005231,0.037027
1245,test,shipping,1,1,0.003705,0.99264
1245,test,smell,1,1,0.002449,0.995571
1245,test,stayingpower,0,0,0.002465,0.015488
1245,test,texture,0,0,0.004157,0.028568
1246,test,colour,0,0,0.007505,0.042794
1246,test,packing,1,1,0.00216,0.997277
1246,test,price,0,0,0.003412,0.017052
1246,test,shipping,1,1,0.000382,0.992519
1246,test,smell,0,0,0.002953,0.009026
1246,test,stayingpower,0,0,0.000918,0.001678
1246,test,texture,0,0,0.001509,0.007075
1247,test,colour,0,0,0.006295,0.013012
1247,test,packing,0,0,0.009737,0.00655
1247,test,price,0,0,0.002205,0.006894
1247,test,shipping,0,0,0.044521,0.014737
1247,test,smell,0,0,0.000506,0.000314
1247,test,stayingpower,0,0,0.001658,0.005964
1247,test,texture,0,0,0.311125,0.04488
1248,test,colour,0,0,0.004181,0.046533
1248,test,packing,0,0,0.005337,0.018465
1248,test,price,0,0,0.003935,0.05109
1248,test,shipping,0,0,0.004825,0.020828
1248,test,smell,0,0,0.002173,0.010908
1248,test,stayingpower,1,1,0.040317,0.952179
1248,test,texture,1,1,0.001809,0.993837
1249,test,colour,0,0,0.231031,0.157681
1249,test,packing,0,0,0.018303,0.017777
1249,test,price,0,0,0.010869,0.026715
1249,test,shipping,0,0,0.004061,0.019161
1249,test,smell,0,0,0.355582,0.013535
1249,test,stayingpower,2,2,0.986432,0.012495
1249,test,texture,1,1,0.19004,0.801054
1250,test,colour,1,1,0.002079,0.997775
1250,test,packing,0,0,0.024481,0.02033
1250,test,price,0,0,0.020978,0.143077
1250,test,shipping,0,0,0.036396,0.018795
1250,test,smell,2,2,0.954832,0.029009
1250,test,stayingpower,0,0,0.074183,0.130353
1250,test,texture,2,2,0.970061,0.022265
1251,test,colour,0,0,0.014615,0.017285
1251,test,packing,0,0,0.005534,0.00834
1251,test,price,0,0,0.011544,0.02453
1251,test,shipping,0,0,0.063793,0.016292
1251,test,smell,0,0,0.003211,0.002361
1251,test,stayingpower,2,2,0.586093,0.394416
1251,test,texture,0,0,0.025351,0.029769
1252,test,colour,3,2,0.883337,0.101527
1252,test,packing,0,0,0.06734,0.032999
1252,test,price,1,1,0.008928,0.989452
1252,test,shipping,1,1,0.406554,0.578995
1252,test,smell,1,1,0.019288,0.979162
1252,test,stayingpower,0,0,0.101867,0.063218
1252,test,texture,0,0,0.193354,0.2074
1253,test,colour,1,1,0.000344,0.998069
1253,test,packing,0,0,0.002585,0.012946
1253,test,price,1,1,0.004001,0.95468
1253,test,shipping,0,0,0.000673,0.003227
1253,test,smell,0,0,0.003688,0.013919
1253,test,stayingpower,0,0,0.038439,0.147941
1253,test,texture,1,1,0.00617,0.990039
1254,test,colour,0,0,0.003583,0.036602
1254,test,packing,0,0,0.002266,0.004661
1254,test,price,1,1,0.001658,0.997576
1254,test,shipping,0,0,0.004943,0.023229
1254,test,smell,0,0,0.005524,0.015142
1254,test,stayingpower,0,0,0.002168,0.009862
1254,test,texture,0,0,0.002392,0.02131
1255,test,colour,0,0,0.006014,0.0174
1255,test,packing,0,0,0.013419,0.031933
1255,test,price,0,0,0.007224,0.005587
1255,test,shipping,2,2,0.998081,0.001136
1255,test,smell,0,0,0.008739,0.015979
1255,test,stayingpower,0,0,0.005423,0.006517
1255,test,texture,0,0,0.001013,0.005959
1256,test,colour,0,0,0.161032,0.055918
1256,test,packing,1,1,0.232439,0.752421
1256,test,price,0,0,0.035766,0.058023
1256,test,shipping,1,1,0.023498,0.959705
1256,test,smell,0,0,0.176772,0.069711
1256,test,stayingpower,0,0,0.11137,0.120732
1256,test,texture,2,2,0.992493,0.005523
1257,test,colour,0,1,0.009876,0.903754
1257,test,packing,0,0,0.012396,0.232469
1257,test,price,0,0,0.018195,0.159722
1257,test,shipping,1,1,0.031033,0.967947
1257,test,smell,0,0,0.00367,0.014034
1257,test,stayingpower,1,1,0.015976,0.983372
1257,test,texture,3,1,0.047841,0.534265
1258,test,colour,1,1,0.021579,0.971741
1258,test,packing,0,0,0.012525,0.021435
1258,test,price,0,0,0.015271,0.123958
1258,test,shipping,1,1,0.015603,0.665366
1258,test,smell,0,0,0.043803,0.071417
1258,test,stayingpower,2,2,0.998226,0.001725
1258,test,texture,0,0,0.134334,0.415195
1259,test,colour,0,0,0.001593,0.038769
1259,test,packing,1,1,0.01637,0.967403
1259,test,price,1,1,0.013921,0.951763
1259,test,shipping,0,0,0.020372,0.025239
1259,test,smell,0,0,0.00785,0.027871
1259,test,stayingpower,1,1,0.061925,0.929567
1259,test,texture,3,1,0.088871,0.874319
1260,test,colour,1,1,0.275302,0.723581
1260,test,packing,0,0,0.047996,0.012262
1260,test,price,0,0,0.002919,0.016421
1260,test,shipping,2,2,0.99188,0.00573
1260,test,smell,0,0,0.086742,0.012038
1260,test,stayingpower,2,2,0.986364,0.009152
1260,test,texture,1,1,0.389382,0.596448
1261,test,colour,0,0,0.005256,0.059811
1261,test,packing,0,0,0.004808,0.03174
1261,test,price,1,1,0.016564,0.918425
1261,test,shipping,1,1,0.179197,0.491791
1261,test,smell,0,0,0.000716,0.001873
1261,test,stayingpower,0,0,0.000146,0.001721
1261,test,texture,0,0,0.000223,0.001015
1262,test,colour,0,0,0.000453,0.048224
1262,test,packing,0,0,0.001157,0.011254
1262,test,price,0,0,0.006058,0.101403
1262,test,shipping,0,0,0.001226,0.045163
1262,test,smell,0,0,0.005946,0.01196
1262,test,stayingpower,0,0,0.000439,0.003436
1262,test,texture,0,0,0.001971,0.100226
1263,test,colour,0,0,0.011153,0.008243
1263,test,packing,0,0,0.00894,0.01549
1263,test,price,0,0,0.010139,0.00875
1263,test,shipping,2,2,0.998484,0.001209
1263,test,smell,0,0,0.007857,0.004602
1263,test,stayingpower,0,0,0.005544,0.007221
1263,test,texture,0,0,0.002234,0.008094
1264,test,colour,0,0,0.177237,0.267766
1264,test,packing,0,0,0.00409,0.006096
1264,test,price,0,0,0.00409,0.034071
1264,test,shipping,0,0,0.021269,0.014721
1264,test,smell,0,0,0.075217,0.039971
1264,test,stayingpower,0,0,0.019734,0.010274
1264,test,texture,0,0,0.024078,0.027375
1265,test,colour,0,0,0.015641,0.046571
1265,test,packing,0,0,0.005646,0.00543
1265,test,price,0,0,0.039772,0.11593
1265,test,shipping,0,0,0.003708,0.006852
1265,test,smell,0,0,0.054177,0.012357
1265,test,stayingpower,0,0,0.018209,0.122765
1265,test,texture,2,2,0.991912,0.006415
1266,test,colour,0,0,0.003059,0.005511
1266,test,packing,1,1,0.004323,0.990397
1266,test,price,0,0,0.006737,0.024872
1266,test,shipping,1,1,0.000246,0.995462
1266,test,smell,0,0,0.00296,0.007775
1266,test,stayingpower,0,0,0.000535,0.002356
1266,test,texture,0,0,0.00079,0.004059
1267,test,colour,0,0,0.001954,0.005961
1267,test,packing,0,0,0.003189,0.007499
1267,test,price,1,1,0.005667,0.990123
1267,test,shipping,0,0,0.007899,0.006396
1267,test,smell,0,0,0.00419,0.004806
1267,test,stayingpower,0,0,0.000533,0.004171
1267,test,texture,0,0,0.123159,0.314819
1268,test,colour,0,1,0.098265,0.739152
1268,test,packing,0,0,0.037716,0.019703
1268,test,price,1,1,0.015919,0.88592
1268,test,shipping,1,1,0.007083,0.851779
1268,test,smell,0,0,0.027908,0.030047
1268,test,stayingpower,0,0,0.130088,0.084444
1268,test,texture,1,1,0.385239,0.614428
1269,test,colour,0,0,0.024086,0.009605
1269,test,packing,1,1,0.045235,0.953439
1269,test,price,0,0,0.001641,0.00566
1269,test,shipping,0,0,0.123244,0.117538
1269,test,smell,0,0,0.005823,0.003847
1269,test,stayingpower,0,0,0.000922,0.002292
1269,test,texture,0,0,0.017694,0.015711
1270,test,colour,1,1,0.028093,0.962162
1270,test,packing,0,0,0.039323,0.04024
1270,test,price,1,1,0.01004,0.985417
1270,test,shipping,0,0,0.322727,0.067296
1270,test,smell,1,1,0.206004,0.791829
1270,test,stayingpower,1,2,0.808668,0.190456
1270,test,texture,0,2,0.614147,0.33571
1271,test,colour,1,1,0.00132,0.994254
1271,test,packing,1,1,0.00433,0.989467
1271,test,price,0,0,0.007214,0.036558
1271,test,shipping,2,2,0.998849,0.000823
1271,test,smell,0,0,0.011661,0.026638
1271,test,stayingpower,0,0,0.002887,0.022717
1271,test,texture,0,0,0.008071,0.064753
1272,test,colour,1,1,0.000188,0.999485
1272,test,packing,0,0,0.00056,0.002065
1272,test,price,0,0,0.00257,0.013312
1272,test,shipping,0,0,0.001988,0.031603
1272,test,smell,0,0,0.003172,0.014732
1272,test,stayingpower,0,0,0.005438,0.013902
1272,test,texture,0,0,0.004547,0.015396
1273,test,colour,1,0,0.00182,0.050922
1273,test,packing,0,0,0.008461,0.220168
1273,test,price,0,0,0.007707,0.088602
1273,test,shipping,0,0,0.097526,0.074814
1273,test,smell,0,0,0.001139,0.009355
1273,test,stayingpower,1,1,0.015701,0.953636
1273,test,texture,1,1,0.004225,0.994825
1274,test,colour,0,2,0.67863,0.021198
1274,test,packing,0,0,0.002561,0.000814
1274,test,price,0,0,0.009212,0.009251
1274,test,shipping,0,0,0.000616,0.001122
1274,test,smell,0,0,0.040153,0.002067
1274,test,stayingpower,0,0,0.006092,0.003205
1274,test,texture,0,0,0.219927,0.058574
1275,test,colour,1,1,0.001665,0.985707
1275,test,packing,0,0,0.002862,0.019287
1275,test,price,0,0,0.002313,0.035254
1275,test,shipping,0,0,0.002881,0.012755
1275,test,smell,0,0,0.003249,0.053656
1275,test,stayingpower,1,1,0.043537,0.707059
1275,test,texture,1,1,0.000251,0.999591
1276,test,colour,0,0,0.015507,0.042332
1276,test,packing,0,0,0.00223,0.004469
1276,test,price,0,0,0.001993,0.004134
1276,test,shipping,0,0,0.012918,0.03271
1276,test,smell,0,0,0.011936,0.01368
1276,test,stayingpower,0,0,0.00491,0.00714
1276,test,texture,0,0,0.009046,0.027852
1277,test,colour,0,0,0.002881,0.011789
1277,test,packing,0,0,0.008612,0.064371
1277,test,price,0,0,0.001918,0.003521
1277,test,shipping,0,0,0.005099,0.030632
1277,test,smell,0,0,0.00082,0.001096
1277,test,stayingpower,0,0,0.000137,0.001704
1277,test,texture,0,0,0.001431,0.007449
1278,test,colour,1,1,0.000977,0.998545
1278,test,packing,1,1,0.008129,0.972254
1278,test,price,0,0,0.006386,0.022086
1278,test,shipping,2,2,0.998641,0.001163
1278,test,smell,0,0,0.01602,0.020904
1278,test,stayingpower,0,0,0.016807,0.049635
1278,test,texture,0,0,0.011433,0.036069
1279,test,colour,1,2,0.96343,0.027597
1279,test,packing,0,0,0.059481,0.092882
1279,test,price,0,0,0.005739,0.015975
1279,test,shipping,1,1,0.002159,0.994864
1279,test,smell,0,0,0.005654,0.001081
1279,test,stayingpower,0,2,0.759675,0.089244
1279,test,texture,3,1,0.346163,0.356436
1280,test,colour,0,0,0.002483,0.031855
1280,test,packing,0,0,0.002532,0.007673
1280,test,price,1,1,0.005986,0.988801
1280,test,shipping,0,0,0.007142,0.010515
1280,test,smell,0,0,0.004271,0.007373
1280,test,stayingpower,0,0,0.00044,0.005932
1280,test,texture,0,0,0.001068,0.011361
1281,test,colour,0,0,0.003817,0.022083
1281,test,packing,1,1,0.002107,0.997433
1281,test,price,0,0,0.003816,0.020072
1281,test,shipping,1,1,0.000241,0.997186
1281,test,smell,0,0,0.003151,0.008804
1281,test,stayingpower,0,0,0.001767,0.00402
1281,test,texture,0,0,0.004189,0.036406
1282,test,colour,0,0,0.004923,0.009495
1282,test,packing,0,0,0.003789,0.020488
1282,test,price,0,0,0.003233,0.005296
1282,test,shipping,3,1,0.014054,0.966073
1282,test,smell,0,0,0.0009,0.001025
1282,test,stayingpower,0,0,0.000518,0.001303
1282,test,texture,0,0,0.000604,0.00195
1283,test,colour,0,0,0.086366,0.011541
1283,test,packing,0,0,0.059924,0.025136
1283,test,price,2,1,0.022138,0.947866
1283,test,shipping,1,1,0.007355,0.990253
1283,test,smell,0,0,0.001708,0.000259
1283,test,stayingpower,0,0,0.005392,0.005763
1283,test,texture,0,0,0.08086,0.025783
1284,test,colour,3,1,0.21895,0.776451
1284,test,packing,0,0,0.053709,0.073319
1284,test,price,0,0,0.012776,0.080139
1284,test,shipping,1,1,0.016262,0.837436
1284,test,smell,1,2,0.817722,0.180357
1284,test,stayingpower,2,2,0.990169,0.008687
1284,test,texture,1,1,0.072125,0.908524
1285,test,colour,0,0,0.023603,0.095154
1285,test,packing,0,0,0.004488,0.006663
1285,test,price,0,0,0.004361,0.004962
1285,test,shipping,0,0,0.001616,0.006069
1285,test,smell,1,1,0.001464,0.99838
1285,test,stayingpower,0,0,0.049349,0.124563
1285,test,texture,0,1,0.043293,0.809057
1286,test,colour,0,0,0.003225,0.008602
1286,test,packing,1,1,0.003952,0.992172
1286,test,price,0,0,0.007028,0.043255
1286,test,shipping,1,1,0.00665,0.991339
1286,test,smell,0,0,0.002295,0.0054
1286,test,stayingpower,0,0,0.000789,0.003144
1286,test,texture,0,0,0.000515,0.001535
1287,test,colour,0,0,0.022632,0.001597
1287,test,packing,1,1,0.296676,0.699416
1287,test,price,0,0,0.045064,0.191219
1287,test,shipping,1,2,0.866265,0.129377
1287,test,smell,0,0,0.008407,0.001391
1287,test,stayingpower,0,0,0.001698,0.003322
1287,test,texture,0,0,0.023238,0.007874
1288,test,colour,0,0,0.005299,0.057023
1288,test,packing,1,1,0.003052,0.994999
1288,test,price,0,0,0.003739,0.0143
1288,test,shipping,1,1,0.000295,0.998922
1288,test,smell,0,0,0.002605,0.006829
1288,test,stayingpower,0,0,0.000492,0.002389
1288,test,texture,0,0,0.000877,0.006699
1289,test,colour,0,0,0.002982,0.004505
1289,test,packing,0,0,0.001149,0.001996
1289,test,price,0,0,0.002301,0.007923
1289,test,shipping,0,0,0.001253,0.006005
1289,test,smell,0,0,0.003203,0.004101
1289,test,stayingpower,0,0,0.000393,0.001304
1289,test,texture,0,0,0.006919,0.093283
1290,test,colour,0,0,0.002397,0.046264
1290,test,packing,0,0,0.006489,0.018578
1290,test,price,0,0,0.009525,0.224477
1290,test,shipping,0,0,0.003794,0.027656
1290,test,smell,0,0,0.00624,0.010439
1290,test,stayingpower,0,0,0.001555,0.005941
1290,test,texture,2,2,0.876163,0.102113
1291,test,colour,1,1,0.059031,0.93118
1291,test,packing,0,0,0.01104,0.009769
1291,test,price,1,1,0.003339,0.987481
1291,test,shipping,0,0,0.001334,0.011178
1291,test,smell,1,1,0.139204,0.733458
1291,test,stayingpower,2,2,0.993684,0.004997
1291,test,texture,1,1,0.007007,0.991093
1292,test,colour,0,0,0.043258,0.009488
1292,test,packing,0,0,0.013989,0.006384
1292,test,price,0,0,0.003269,0.005259
1292,test,shipping,0,0,0.008681,0.001791
1292,test,smell,0,0,0.004565,0.000673
1292,test,stayingpower,0,0,0.013174,0.030902
1292,test,texture,0,0,0.418368,0.018713
1293,test,colour,0,0,0.004864,0.015284
1293,test,packing,1,1,0.002422,0.997156
1293,test,price,0,0,0.00236,0.010204
1293,test,shipping,0,0,0.01033,0.13468
1293,test,smell,0,0,0.005495,0.007437
1293,test,stayingpower,0,0,0.000434,0.001453
1293,test,texture,0,0,0.00338,0.036457
1294,test,colour,0,0,0.003774,0.034526
1294,test,packing,0,0,0.005316,0.039037
1294,test,price,0,0,0.004253,0.011703
1294,test,shipping,1,1,0.000713,0.996185
1294,test,smell,0,0,0.001643,0.003722
1294,test,stayingpower,0,0,0.000576,0.003307
1294,test,texture,0,0,0.000763,0.005098
1295,test,colour,0,0,0.010287,0.016501
1295,test,packing,0,0,0.007648,0.029511
1295,test,price,0,0,0.001429,0.001282
1295,test,shipping,0,0,0.006959,0.001965
1295,test,smell,0,0,0.002635,0.001949
1295,test,stayingpower,0,0,0.001485,0.005674
1295,test,texture,0,0,0.029886,0.046623
1296,test,colour,0,0,0.030456,0.251947
1296,test,packing,1,1,0.042595,0.938448
1296,test,price,0,0,0.009319,0.054683
1296,test,shipping,0,2,0.961917,0.015335
1296,test,smell,0,0,0.008819,0.014231
1296,test,stayingpower,1,1,0.098071,0.900747
1296,test,texture,0,0,0.155898,0.189609
1297,test,colour,1,1,0.000845,0.994265
1297,test,packing,0,0,0.00028,0.002008
1297,test,price,0,0,0.000755,0.003644
1297,test,shipping,0,0,0.0003,0.007281
1297,test,smell,0,0,0.002373,0.012018
1297,test,stayingpower,0,0,0.003835,0.021212
1297,test,texture,0,0,0.006669,0.096859
1298,test,colour,1,1,0.000306,0.99721
1298,test,packing,0,0,0.001378,0.01354
1298,test,price,1,1,0.004541,0.988394
1298,test,shipping,0,0,0.095366,0.019041
1298,test,smell,0,0,0.002389,0.007652
1298,test,stayingpower,1,1,0.022648,0.861904
1298,test,texture,0,0,0.005861,0.030409
1299,test,colour,1,1,0.000427,0.999224
1299,test,packing,1,1,0.004029,0.978939
1299,test,price,0,0,0.001922,0.01177
1299,test,shipping,0,0,0.005558,0.04183
1299,test,smell,0,0,0.009097,0.012664
1299,test,stayingpower,0,0,0.001513,0.003282
1299,test,texture,0,0,0.006143,0.013538
1300,test,colour,0,0,0.003009,0.00867
1300,test,packing,0,0,0.004834,0.01474
1300,test,price,1,1,0.005124,0.99303
1300,test,shipping,0,0,0.014544,0.039842
1300,test,smell,0,0,0.004393,0.003184
1300,test,stayingpower,0,0,0.000721,0.001918
1300,test,texture,0,0,0.003023,0.00525
1301,test,colour,1,1,0.032274,0.965678
1301,test,packing,0,0,0.014275,0.007625
1301,test,price,0,1,0.005144,0.989163
1301,test,shipping,0,0,0.006282,0.007497
1301,test,smell,0,0,0.115742,0.023104
1301,test,stayingpower,0,0,0.163625,0.10781
1301,test,texture,1,2,0.810686,0.188739
1302,test,colour,0,2,0.659372,0.063996
1302,test,packing,0,0,0.007136,0.00768
1302,test,price,0,0,0.001074,0.001421
1302,test,shipping,0,0,0.003697,0.092227
1302,test,smell,0,0,0.000969,0.000486
1302,test,stayingpower,0,0,0.02513,0.008535
1302,test,texture,0,0,0.068258,0.005071
1303,test,colour,1,1,0.001845,0.991636
1303,test,packing,0,0,0.002081,0.007508
1303,test,price,0,0,0.00354,0.031677
1303,test,shipping,0,0,0.00056,0.005775
1303,test,smell,1,1,0.000971,0.997033
1303,test,stayingpower,0,0,0.009759,0.027384
1303,test,texture,1,1,0.024758,0.963075
1304,test,colour,0,0,0.005067,0.02068
1304,test,packing,0,0,0.008992,0.066494
1304,test,price,0,0,0.00129,0.006278
1304,test,shipping,1,1,0.000946,0.99646
1304,test,smell,0,0,0.004232,0.009687
1304,test,stayingpower,0,0,0.004318,0.016223
1304,test,texture,1,1,0.004141,0.980091
1305,test,colour,1,1,0.000846,0.998444
1305,test,packing,0,0,0.002872,0.04127
1305,test,price,1,1,0.004684,0.989123
1305,test,shipping,1,1,0.001968,0.992051
1305,test,smell,0,0,0.001505,0.010021
1305,test,stayingpower,0,0,0.025238,0.071053
1305,test,texture,0,0,0.003975,0.039158
1306,test,colour,1,1,0.009007,0.976208
1306,test,packing,0,0,0.006365,0.015673
1306,test,price,1,1,0.004205,0.993535
1306,test,shipping,0,0,0.086663,0.008664
1306,test,smell,0,0,0.019087,0.005365
1306,test,stayingpower,1,1,0.046808,0.93152
1306,test,texture,0,0,0.378435,0.128868
1307,test,colour,1,1,0.004517,0.994653
1307,test,packing,0,0,0.007442,0.069052
1307,test,price,0,0,0.013148,0.053499
1307,test,shipping,2,2,0.998767,0.000131
1307,test,smell,0,0,0.007626,0.00363
1307,test,stayingpower,0,0,0.010832,0.058123
1307,test,texture,0,0,0.012749,0.02556
1308,test,colour,0,0,0.013898,0.006701
1308,test,packing,0,0,0.004141,0.003557
1308,test,price,0,0,0.004545,0.008604
1308,test,shipping,0,0,0.003219,0.004192
1308,test,smell,0,0,0.003261,0.000848
1308,test,stayingpower,0,0,0.000344,0.000802
1308,test,texture,0,0,0.011235,0.0041
1309,test,colour,1,1,0.002726,0.977264
1309,test,packing,0,0,0.001874,0.020079
1309,test,price,0,0,0.003618,0.034574
1309,test,shipping,1,1,0.00064,0.998381
1309,test,smell,0,0,0.003474,0.061862
1309,test,stayingpower,1,1,0.063538,0.899009
1309,test,texture,1,1,0.00659,0.970593
1310,test,colour,1,2,0.948263,0.051438
1310,test,packing,0,0,0.003989,0.002681
1310,test,price,0,0,0.006591,0.006255
1310,test,shipping,0,0,0.006187,0.014142
1310,test,smell,0,0,0.042589,0.005775
1310,test,stayingpower,0,0,0.014342,0.007103
1310,test,texture,0,0,0.072582,0.034234
1311,test,colour,0,1,0.061664,0.88353
1311,test,packing,0,1,0.011433,0.983395
1311,test,price,0,0,0.005869,0.0201
1311,test,shipping,2,2,0.999336,0.000522
1311,test,smell,0,0,0.00789,0.002283
1311,test,stayingpower,1,1,0.023724,0.903889
1311,test,texture,0,0,0.106468,0.055316
1312,test,colour,1,1,0.000915,0.998103
1312,test,packing,1,1,0.003671,0.992657
1312,test,price,0,0,0.0036,0.014615
1312,test,shipping,2,2,0.995066,0.002042
1312,test,smell,0,0,0.012292,0.011015
1312,test,stayingpower,0,0,0.003493,0.01631
1312,test,texture,0,0,0.011554,0.053733
1313,test,colour,0,0,0.157521,0.112539
1313,test,packing,0,0,0.003872,0.004077
1313,test,price,0,0,0.003784,0.00794
1313,test,shipping,0,2,0.468164,0.06618
1313,test,smell,0,0,0.002242,0.002263
1313,test,stayingpower,0,0,0.010251,0.018943
1313,test,texture,0,0,0.035848,0.073723
1314,test,colour,1,1,0.010417,0.989538
1314,test,packing,0,0,0.000967,0.002317
1314,test,price,0,0,0.00224,0.006947
1314,test,shipping,0,0,0.001227,0.005781
1314,test,smell,0,0,0.003667,0.005187
1314,test,stayingpower,0,0,0.216151,0.179252
1314,test,texture,0,0,0.034041,0.057675
1315,test,colour,1,1,0.002175,0.993199
1315,test,packing,0,0,0.004252,0.028555
1315,test,price,0,0,0.002506,0.013405
1315,test,shipping,1,1,0.002909,0.976772
1315,test,smell,1,0,0.001551,0.028551
1315,test,stayingpower,3,1,0.154078,0.841087
1315,test,texture,3,1,0.015096,0.974714
1316,test,colour,0,0,0.021433,0.011878
1316,test,packing,0,0,0.016613,0.011202
1316,test,price,0,0,0.001478,0.010313
1316,test,shipping,0,0,0.077862,0.103054
1316,test,smell,0,0,0.003805,0.003962
1316,test,stayingpower,0,0,0.002877,0.004741
1316,test,texture,1,1,0.002224,0.996214
1317,test,colour,0,0,0.220132,0.256406
1317,test,packing,0,0,0.016733,0.008956
1317,test,price,0,0,0.018029,0.081535
1317,test,shipping,0,0,0.02784,0.00912
1317,test,smell,0,0,0.020231,0.013277
1317,test,stayingpower,2,2,0.994164,0.005782
1317,test,texture,3,1,0.414422,0.568247
1318,test,colour,1,1,0.377187,0.621223
1318,test,packing,0,0,0.008593,0.011137
1318,test,price,0,0,0.018855,0.038025
1318,test,shipping,0,0,0.002999,0.014044
1318,test,smell,2,2,0.88066,0.118772
1318,test,stayingpower,0,0,0.109626,0.011251
1318,test,texture,0,0,0.068638,0.083879
1319,test,colour,1,1,0.000485,0.998453
1319,test,packing,0,0,0.008869,0.21191
1319,test,price,0,0,0.002335,0.013287
1319,test,shipping,0,0,0.002154,0.012392
1319,test,smell,1,1,0.001162,0.99659
1319,test,stayingpower,0,0,0.002281,0.012715
1319,test,texture,0,0,0.006685,0.052951
1320,test,colour,2,2,0.925534,0.068877
1320,test,packing,0,0,0.006214,0.010108
1320,test,price,0,0,0.002074,0.006703
1320,test,shipping,0,0,0.063193,0.05181
1320,test,smell,0,0,0.009339,0.009901
1320,test,stayingpower,0,0,0.025893,0.015424
1320,test,texture,1,1,0.007542,0.987683
1321,test,colour,1,1,7.4e-05,0.999732
1321,test,packing,0,0,0.003081,0.018048
1321,test,price,0,0,0.002013,0.011678
1321,test,shipping,0,0,0.007907,0.024024
1321,test,smell,1,1,0.108242,0.873202
1321,test,stayingpower,0,0,0.01127,0.033829
1321,test,texture,0,0,0.005281,0.077955
1322,test,colour,0,0,0.003445,0.006017
1322,test,packing,0,0,0.005895,0.014557
1322,test,price,0,0,0.001815,0.012559
1322,test,shipping,0,0,0.119944,0.052042
1322,test,smell,0,0,0.000595,0.000338
1322,test,stayingpower,0,0,0.000607,0.006039
1322,test,texture,0,0,0.002165,0.004388
1323,test,colour,0,0,0.011186,0.092589
1323,test,packing,0,0,0.014444,0.049072
1323,test,price,0,0,0.025093,0.024002
1323,test,shipping,0,0,0.344614,0.029841
1323,test,smell,0,0,0.005657,0.012641
1323,test,stayingpower,1,1,0.370835,0.627636
1323,test,texture,0,2,0.743728,0.176096
1324,test,colour,1,1,0.002825,0.993066
1324,test,packing,1,1,0.002859,0.987144
1324,test,price,0,0,0.005624,0.030217
1324,test,shipping,1,1,0.000831,0.998589
1324,test,smell,0,0,0.003689,0.013933
1324,test,stayingpower,0,0,0.000656,0.005723
1324,test,texture,0,0,0.000948,0.00388
1325,test,colour,1,1,0.000562,0.99931
1325,test,packing,1,1,0.002275,0.983868
1325,test,price,0,0,0.001317,0.007738
1325,test,shipping,1,1,0.014169,0.706644
1325,test,smell,0,0,0.005282,0.012457
1325,test,stayingpower,0,0,0.001062,0.005626
1325,test,texture,0,0,0.003605,0.006578
1326,test,colour,0,0,0.071202,0.237992
1326,test,packing,0,0,0.008478,0.011101
1326,test,price,0,0,0.010963,0.036143
1326,test,shipping,0,0,0.012891,0.02019
1326,test,smell,0,0,0.090939,0.069456
1326,test,stayingpower,2,2,0.988089,0.011869
1326,test,texture,3,1,0.070114,0.845175
1327,test,colour,0,0,0.011512,0.003482
1327,test,packing,0,0,0.005263,0.014108
1327,test,price,0,0,0.004546,0.010009
1327,test,shipping,1,1,0.000674,0.996826
1327,test,smell,0,0,0.007745,0.009099
1327,test,stayingpower,0,0,0.007563,0.005665
1327,test,texture,0,0,0.003018,0.011837
1328,test,colour,0,0,0.015675,0.029345
1328,test,packing,0,0,0.001138,0.004748
1328,test,price,0,0,0.001122,0.011154
1328,test,shipping,0,0,0.001158,0.010427
1328,test,smell,0,0,0.012298,0.014669
1328,test,stayingpower,0,0,0.002408,0.003126
1328,test,texture,0,0,0.008684,0.016778
1329,test,colour,0,0,0.016714,0.01229
1329,test,packing,0,0,0.007772,0.002295
1329,test,price,1,1,0.03453,0.834638
1329,test,shipping,0,0,0.299382,0.011065
1329,test,smell,0,0,0.002671,0.000684
1329,test,stayingpower,0,0,0.001226,0.004407
1329,test,texture,0,0,0.018765,0.005491
1330,test,colour,0,0,0.003208,0.018539
1330,test,packing,0,0,0.005525,0.063985
1330,test,price,0,0,0.002574,0.005549
1330,test,shipping,1,1,0.001726,0.972527
1330,test,smell,0,0,0.001503,0.002837
1330,test,stayingpower,0,0,0.000377,0.001751
1330,test,texture,0,0,0.000278,0.00286
1331,test,colour,1,1,0.002071,0.995156
1331,test,packing,0,0,0.002917,0.017043
1331,test,price,0,0,0.001975,0.018181
1331,test,shipping,0,0,0.010971,0.02047
1331,test,smell,1,1,0.002712,0.993707
1331,test,stayingpower,1,1,0.10103,0.866511
1331,test,texture,1,1,0.000798,0.997976
1332,test,colour,3,1,0.02868,0.956766
1332,test,packing,1,1,0.007382,0.99162
1332,test,price,0,0,0.007825,0.170832
1332,test,shipping,1,1,0.01745,0.981729
1332,test,smell,0,0,0.004831,0.006276
1332,test,stayingpower,0,0,0.00208,0.003371
1332,test,texture,0,0,0.002613,0.018868
1333,test,colour,1,2,0.978606,0.01814
1333,test,packing,0,0,0.004117,0.004269
1333,test,price,0,0,0.003882,0.004847
1333,test,shipping,0,0,0.002421,0.014046
1333,test,smell,0,0,0.04312,0.003299
1333,test,stayingpower,0,0,0.003581,0.001251
1333,test,texture,0,0,0.019659,0.00637
1334,test,colour,1,1,0.015484,0.980619
1334,test,packing,0,0,0.031957,0.065956
1334,test,price,0,0,0.007835,0.014097
1334,test,shipping,0,0,0.033835,0.051785
1334,test,smell,1,1,0.005965,0.993984
1334,test,stayingpower,2,0,0.062053,0.061407
1334,test,texture,0,2,0.796112,0.06987
1335,test,colour,0,0,0.017402,0.014843
1335,test,packing,0,0,0.002119,0.003925
1335,test,price,0,0,0.001968,0.001935
1335,test,shipping,0,0,0.008444,0.024109
1335,test,smell,0,0,0.005641,0.005512
1335,test,stayingpower,0,0,0.000314,0.000723
1335,test,texture,0,0,0.001577,0.001277
1336,test,colour,1,1,0.000812,0.995704
1336,test,packing,0,0,0.001947,0.008003
1336,test,price,1,1,0.001708,0.995908
1336,test,shipping,0,0,0.002228,0.02276
1336,test,smell,0,0,0.005356,0.07343
1336,test,stayingpower,0,0,0.006745,0.017164
1336,test,texture,1,1,0.004594,0.923371
1337,test,colour,1,1,0.000771,0.998996
1337,test,packing,0,1,0.0124,0.501244
1337,test,price,1,1,0.001506,0.993987
1337,test,shipping,1,1,0.001485,0.988034
1337,test,smell,0,0,0.004982,0.013423
1337,test,stayingpower,0,0,0.019812,0.040046
1337,test,texture,0,0,0.083329,0.256308
1338,test,colour,1,1,0.333375,0.658841
1338,test,packing,0,0,0.015522,0.007999
1338,test,price,0,0,0.011882,0.020855
1338,test,shipping,2,2,0.998723,0.000474
1338,test,smell,0,0,0.010608,0.000593
1338,test,stayingpower,0,0,0.028598,0.032146
1338,test,texture,2,0,0.323474,0.014991
1339,test,colour,1,1,0.000704,0.998813
1339,test,packing,1,1,0.001692,0.993784
1339,test,price,0,0,0.005902,0.056786
1339,test,shipping,1,1,0.003342,0.99435
1339,test,smell,0,0,0.002595,0.010452
1339,test,stayingpower,0,0,0.002183,0.013019
1339,test,texture,0,0,0.001542,0.003197
1340,test,colour,0,2,0.497774,0.043398
1340,test,packing,0,0,0.193826,0.010595
1340,test,price,0,0,0.006379,0.010356
1340,test,shipping,2,2,0.882152,0.014158
1340,test,smell,0,0,0.044218,0.000993
1340,test,stayingpower,0,0,0.00137,0.000613
1340,test,texture,0,0,0.104812,0.03676
1341,test,colour,0,0,0.008523,0.014236
1341,test,packing,0,0,0.002127,0.00141
1341,test,price,1,1,0.03146,0.83946
1341,test,shipping,1,0,0.226522,0.199458
1341,test,smell,2,2,0.927732,0.064922
1341,test,stayingpower,0,0,0.004468,0.013072
1341,test,texture,1,1,0.061836,0.914676
1342,test,colour,0,0,0.019776,0.015604
1342,test,packing,0,0,0.002618,0.01598
1342,test,price,0,0,0.002441,0.001526
1342,test,shipping,0,0,0.003957,0.010613
1342,test,smell,0,0,0.012712,0.00671
1342,test,stayingpower,0,0,0.002256,0.005322
1342,test,texture,0,0,0.002263,0.002974
1343,test,colour,0,0,0.015485,0.012325
1343,test,packing,1,1,0.01977,0.978521
1343,test,price,0,0,0.006723,0.014227
1343,test,shipping,1,1,0.006349,0.993241
1343,test,smell,0,0,0.003545,0.002944
1343,test,stayingpower,0,0,0.001518,0.00209
1343,test,texture,0,0,0.00276,0.005176
1344,test,colour,1,2,0.67002,0.303091
1344,test,packing,0,0,0.067271,0.051003
1344,test,price,0,0,0.001435,0.002378
1344,test,shipping,1,1,0.003074,0.993243
1344,test,smell,0,0,0.0179,0.006111
1344,test,stayingpower,0,0,0.012224,0.007382
1344,test,texture,1,2,0.847086,0.04548
1345,test,colour,1,1,0.36466,0.634159
1345,test,packing,0,0,0.018505,0.031243
1345,test,price,0,0,0.003924,0.035041
1345,test,shipping,0,0,0.011478,0.027705
1345,test,smell,0,0,0.106892,0.053771
1345,test,stayingpower,3,2,0.985876,0.013888
1345,test,texture,1,1,0.03188,0.964863
1346,test,colour,0,0,0.005121,0.035515
1346,test,packing,0,0,0.005983,0.041408
1346,test,price,0,0,0.000461,0.000621
1346,test,shipping,0,0,0.02889,0.083535
1346,test,smell,0,0,0.001469,0.002227
1346,test,stayingpower,0,0,0.00046,0.00226
1346,test,texture,0,0,0.00117,0.005126
1347,test,colour,0,0,0.010376,0.04182
1347,test,packing,0,0,0.001098,0.002488
1347,test,price,0,0,0.00283,0.011747
1347,test,shipping,0,0,0.000967,0.006904
1347,test,smell,0,0,0.004118,0.011618
1347,test,stayingpower,0,0,0.002153,0.003986
1347,test,texture,0,0,0.001226,0.00247
1348,test,colour,0,0,0.003073,0.01441
1348,test,packing,1,1,0.003181,0.995263
1348,test,price,0,0,0.002398,0.011681
1348,test,shipping,0,0,0.008493,0.03705
1348,test,smell,0,0,0.004008,0.003917
1348,test,stayingpower,0,0,0.000546,0.002669
1348,test,texture,0,0,0.005111,0.042651
1349,test,colour,2,2,0.893369,0.098614
1349,test,packing,0,0,0.01196,0.013906
1349,test,price,0,0,0.004979,0.009154
1349,test,shipping,1,1,0.01565,0.982898
1349,test,smell,1,1,0.012253,0.98734
1349,test,stayingpower,0,0,0.29679,0.059162
1349,test,texture,0,0,0.070114,0.380326
1350,test,colour,0,0,0.000831,0.022632
1350,test,packing,1,1,0.010089,0.940659
1350,test,price,1,1,0.009123,0.829385
1350,test,shipping,0,0,0.109511,0.115624
1350,test,smell,0,0,0.004334,0.024842
1350,test,stayingpower,1,1,0.003352,0.97431
1350,test,texture,0,0,0.009572,0.161083
1351,test,colour,0,0,0.008562,0.276329
1351,test,packing,0,0,0.001736,0.004488
1351,test,price,0,0,0.002603,0.029739
1351,test,shipping,0,0,0.000686,0.01967
1351,test,smell,0,0,0.006207,0.043295
1351,test,stayingpower,0,0,0.003118,0.014049
1351,test,texture,1,1,0.000827,0.996812
1352,test,colour,0,0,0.002948,0.016161
1352,test,packing,1,1,0.002394,0.997277
1352,test,price,0,0,0.003679,0.009673
1352,test,shipping,0,0,0.019271,0.091954
1352,test,smell,0,0,0.004008,0.006483
1352,test,stayingpower,0,0,0.001188,0.005144
1352,test,texture,0,0,0.003507,0.015706
1353,test,colour,1,1,0.018381,0.980541
1353,test,packing,0,0,0.01195,0.005073
1353,test,price,0,0,0.005395,0.021603
1353,test,shipping,0,0,0.017133,0.018049
1353,test,smell,0,0,0.144779,0.009137
1353,test,stayingpower,0,2,0.570842,0.038105
1353,test,texture,2,2,0.981202,0.012741
1354,test,colour,0,0,0.025549,0.024959
1354,test,packing,0,0,0.003615,0.005326
1354,test,price,0,0,0.020619,0.277932
1354,test,shipping,0,0,0.002936,0.00422
1354,test,smell,0,0,0.000395,0.000471
1354,test,stayingpower,0,0,0.000758,0.003546
1354,test,texture,0,0,0.006737,0.017975
1355,test,colour,0,0,0.335929,0.021533
1355,test,packing,0,0,0.273501,0.016478
1355,test,price,0,0,0.014054,0.020604
1355,test,shipping,2,2,0.998013,0.000879
1355,test,smell,0,0,0.094353,0.002429
1355,test,stayingpower,0,0,0.001553,0.000907
1355,test,texture,0,0,0.130745,0.0203
1356,test,colour,0,0,0.002982,0.00365
1356,test,packing,0,0,0.001253,0.00289
1356,test,price,0,0,0.002109,0.003218
1356,test,shipping,0,0,0.054297,0.069254
1356,test,smell,0,0,0.002654,0.010702
1356,test,stayingpower,0,0,0.000803,0.012942
1356,test,texture,0,0,0.004377,0.087647
1357,test,colour,0,0,0.005101,0.000912
1357,test,packing,1,1,0.044476,0.952079
1357,test,price,0,0,0.01242,0.029203
1357,test,shipping,0,0,0.020549,0.092871
1357,test,smell,0,0,0.00447,0.001805
1357,test,stayingpower,0,0,0.000565,0.000699
1357,test,texture,0,0,0.0027,0.003346
1358,test,colour,1,1,0.084785,0.910658
1358,test,packing,0,0,0.007716,0.006698
1358,test,price,1,1,0.007217,0.984947
1358,test,shipping,0,0,0.153256,0.033099
1358,test,smell,0,0,0.094098,0.021835
1358,test,stayingpower,2,2,0.968304,0.03144
1358,test,texture,1,2,0.707987,0.273626
1359,test,colour,0,0,0.021516,0.038226
1359,test,packing,1,1,0.016806,0.972389
1359,test,price,0,0,0.005997,0.023885
1359,test,shipping,1,1,0.00188,0.989866
1359,test,smell,1,1,0.002066,0.986523
1359,test,stayingpower,0,0,0.033456,0.042837
1359,test,texture,1,1,0.001716,0.994386
1360,test,colour,0,0,0.007819,0.068358
1360,test,packing,0,0,0.001683,0.015767
1360,test,price,0,0,0.000818,0.00152
1360,test,shipping,0,0,0.002819,0.038113
1360,test,smell,0,0,0.001833,0.003613
1360,test,stayingpower,0,0,0.000194,0.000717
1360,test,texture,0,0,0.000934,0.003915
1361,test,colour,0,0,0.039447,0.195356
1361,test,packing,0,0,0.001805,0.002656
1361,test,price,0,0,0.003518,0.047068
1361,test,shipping,0,0,0.000486,0.004052
1361,test,smell,0,0,0.006878,0.021028
1361,test,stayingpower,1,0,0.002614,0.014557
1361,test,texture,1,1,0.000784,0.992734
1362,test,colour,0,0,0.001426,0.259924
1362,test,packing,0,0,0.001674,0.032398
1362,test,price,0,0,0.000878,0.005472
1362,test,shipping,0,0,0.000655,0.019624
1362,test,smell,0,0,0.000428,0.006091
1362,test,stayingpower,0,0,0.000619,0.007316
1362,test,texture,0,0,0.003508,0.299595
1363,test,colour,0,0,0.007783,0.012475
1363,test,packing,0,0,0.003373,0.040596
1363,test,price,0,0,0.001165,0.003201
1363,test,shipping,0,0,0.000642,0.008296
1363,test,smell,0,0,0.001858,0.000636
1363,test,stayingpower,0,0,0.002492,0.004397
1363,test,texture,0,0,0.002926,0.005472
1364,test,colour,0,0,0.004821,0.007462
1364,test,packing,0,0,0.005124,0.004601
1364,test,price,1,1,0.002554,0.996559
1364,test,shipping,0,0,0.011786,0.011085
1364,test,smell,0,0,0.003718,0.008391
1364,test,stayingpower,0,0,0.000375,0.002465
1364,test,texture,0,0,0.033662,0.148928
1365,test,colour,0,0,0.003057,0.038617
1365,test,packing,0,0,0.000697,0.003144
1365,test,price,0,0,0.002587,0.012749
1365,test,shipping,0,0,0.001101,0.004918
1365,test,smell,0,0,0.001772,0.007731
1365,test,stayingpower,0,0,0.000144,0.00418
1365,test,texture,0,0,0.006289,0.060049
1366,test,colour,1,1,0.020325,0.977374
1366,test,packing,0,0,0.029053,0.101127
1366,test,price,0,0,0.007794,0.008005
1366,test,shipping,2,2,0.999798,0.000161
1366,test,smell,0,0,0.028668,0.013507
1366,test,stayingpower,0,0,0.022923,0.018847
1366,test,texture,0,0,0.015673,0.068097
1367,test,colour,0,0,0.371869,0.045886
1367,test,packing,0,0,0.153751,0.022429
1367,test,price,1,1,0.028145,0.964699
1367,test,shipping,0,0,0.109416,0.047102
1367,test,smell,0,0,0.077796,0.005328
1367,test,stayingpower,0,0,0.084114,0.035094
1367,test,texture,2,2,0.998695,0.000699
1368,test,colour,0,0,0.001733,0.219063
1368,test,packing,0,0,0.006815,0.059407
1368,test,price,0,0,0.006536,0.11776
1368,test,shipping,0,0,0.008667,0.016798
1368,test,smell,0,0,0.000723,0.006628
1368,test,stayingpower,1,1,0.012784,0.973285
1368,test,texture,1,1,0.00477,0.994128
1369,test,colour,1,1,0.246002,0.753707
1369,test,packing,1,1,0.019979,0.817496
1369,test,price,0,0,0.002391,0.00444
1369,test,shipping,0,0,0.362309,0.144466
1369,test,smell,0,0,0.065652,0.027367
1369,test,stayingpower,0,0,0.001894,0.002494
1369,test,texture,0,0,0.005366,0.011526
1370,test,colour,1,1,0.00053,0.999443
1370,test,packing,0,0,0.001205,0.004461
1370,test,price,0,0,0.002278,0.007539
1370,test,shipping,0,0,0.006141,0.016648
1370,test,smell,0,0,0.008354,0.013095
1370,test,stayingpower,0,0,0.008551,0.010398
1370,test,texture,0,0,0.012779,0.014176
1371,test,colour,0,0,0.003515,0.444566
1371,test,packing,0,0,0.000549,0.004237
1371,test,price,0,0,0.000602,0.001107
1371,test,shipping,0,0,0.011121,0.051746
1371,test,smell,0,0,0.000537,0.001706
1371,test,stayingpower,0,0,0.00124,0.008185
1371,test,texture,0,0,0.000858,0.015461
1372,test,colour,1,1,0.024117,0.957826
1372,test,packing,0,0,0.000543,0.001105
1372,test,price,1,1,0.002055,0.992942
1372,test,shipping,0,0,0.008046,0.029866
1372,test,smell,0,0,0.002089,0.005748
1372,test,stayingpower,0,0,0.011622,0.069203
1372,test,texture,0,1,0.015946,0.899927
1373,test,colour,1,1,0.000694,0.9987
1373,test,packing,0,0,0.003691,0.048169
1373,test,price,0,0,0.002413,0.015882
1373,test,shipping,1,1,0.000777,0.997167
1373,test,smell,0,0,0.002809,0.019735
1373,test,stayingpower,0,0,0.001635,0.003797
1373,test,texture,0,0,0.002271,0.013702
1374,test,colour,0,0,0.0075,0.00666
1374,test,packing,0,0,0.002277,0.003753
1374,test,price,0,0,0.002261,0.002363
1374,test,shipping,0,0,0.010062,0.021081
1374,test,smell,0,0,0.008728,0.005842
1374,test,stayingpower,0,0,0.00166,0.001851
1374,test,texture,0,0,0.001434,0.00161
1375,test,colour,1,1,0.001157,0.998421
1375,test,packing,1,1,0.0034,0.990989
1375,test,price,0,0,0.002094,0.030104
1375,test,shipping,1,1,0.016582,0.98124
1375,test,smell,0,0,0.011115,0.077174
1375,test,stayingpower,0,0,0.006212,0.022819
1375,test,texture,1,1,0.002053,0.943534
1376,test,colour,0,2,0.486325,0.100628
1376,test,packing,0,0,0.286554,0.052262
1376,test,price,1,1,0.127393,0.694614
1376,test,shipping,0,0,0.086082,0.029635
1376,test,smell,0,0,0.133308,0.007727
1376,test,stayingpower,2,2,0.683728,0.222575
1376,test,texture,2,2,0.998476,0.001064
1377,test,colour,1,1,0.003662,0.948739
1377,test,packing,0,0,0.000255,0.002555
1377,test,price,0,0,0.004458,0.017728
1377,test,shipping,0,0,0.008499,0.023215
1377,test,smell,0,0,0.001595,0.004879
1377,test,stayingpower,0,1,0.010465,0.979703
1377,test,texture,0,0,0.033544,0.335513
1378,test,colour,0,0,0.000525,0.004443
1378,test,packing,0,0,0.001703,0.011302
1378,test,price,0,0,0.001336,0.003161
1378,test,shipping,0,0,0.003315,0.04407
1378,test,smell,0,0,0.001904,0.010309
1378,test,stayingpower,0,0,0.000858,0.014454
1378,test,texture,0,1,0.005827,0.567056
1379,test,colour,0,0,0.005096,0.022371
1379,test,packing,0,0,0.001792,0.021136
1379,test,price,0,0,0.001409,0.004223
1379,test,shipping,0,0,0.002605,0.04676
1379,test,smell,0,0,0.002465,0.007143
1379,test,stayingpower,0,0,0.00135,0.004463
1379,test,texture,0,0,0.001222,0.01218
1380,test,colour,0,0,0.016392,0.063714
1380,test,packing,1,1,0.054658,0.930019
1380,test,price,0,0,0.008268,0.012583
1380,test,shipping,2,2,0.999418,0.000539
1380,test,smell,0,0,0.007257,0.004081
1380,test,stayingpower,0,0,0.005072,0.010299
1380,test,texture,0,0,0.004121,0.013844
1381,test,colour,1,1,0.005212,0.993707
1381,test,packing,0,0,0.007015,0.072904
1381,test,price,1,1,0.002981,0.994735
1381,test,shipping,1,1,0.008877,0.979981
1381,test,smell,0,0,0.005837,0.005642
1381,test,stayingpower,0,0,0.011426,0.020746
1381,test,texture,0,0,0.115904,0.032348
1382,test,colour,0,0,0.005057,0.306599
1382,test,packing,0,1,0.001556,0.995546
1382,test,price,0,0,0.002522,0.020675
1382,test,shipping,0,1,0.000181,0.998296
1382,test,smell,0,0,0.001622,0.011509
1382,test,stayingpower,0,0,0.000479,0.003177
1382,test,texture,0,0,0.001084,0.027173
1383,test,colour,1,1,0.000347,0.999118
1383,test,packing,0,0,0.001572,0.020877
1383,test,price,0,0,0.004452,0.067654
1383,test,shipping,1,1,0.000321,0.997338
1383,test,smell,0,0,0.002304,0.014355
1383,test,stayingpower,0,0,0.004742,0.014647
1383,test,texture,1,0,0.00424,0.047608
1384,test,colour,3,2,0.9887,0.010055
1384,test,packing,0,0,0.013754,0.005873
1384,test,price,0,0,0.005583,0.014143
1384,test,shipping,0,0,0.022376,0.182556
1384,test,smell,3,2,0.96867,0.022518
1384,test,stayingpower,0,0,0.168525,0.032268
1384,test,texture,3,2,0.735376,0.183706
1385,test,colour,1,1,0.000365,0.997376
1385,test,packing,0,0,0.000291,0.001232
1385,test,price,0,0,0.000798,0.004754
1385,test,shipping,0,0,0.004099,0.014838
1385,test,smell,0,0,0.005668,0.047998
1385,test,stayingpower,0,0,0.004357,0.03473
1385,test,texture,1,1,0.003168,0.951653
1386,test,colour,1,1,0.022282,0.976182
1386,test,packing,0,0,0.002781,0.001435
1386,test,price,0,0,0.009847,0.028081
1386,test,shipping,0,0,0.035217,0.004107
1386,test,smell,2,2,0.990943,0.007003
1386,test,stayingpower,0,0,0.019213,0.015809
1386,test,texture,0,0,0.225131,0.043722
1387,test,colour,1,1,0.006562,0.992654
1387,test,packing,1,1,0.004364,0.988437
1387,test,price,0,0,0.009498,0.044933
1387,test,shipping,0,0,0.039013,0.071813
1387,test,smell,1,1,0.021684,0.977895
1387,test,stayingpower,0,0,0.010875,0.012984
1387,test,texture,0,0,0.018352,0.013612
1388,test,colour,0,0,0.010086,0.010833
1388,test,packing,0,0,0.007776,0.011782
1388,test,price,0,0,0.016932,0.021865
1388,test,shipping,2,2,0.998911,0.000869
1388,test,smell,0,0,0.002136,0.002835
1388,test,stayingpower,0,0,0.004041,0.02102
1388,test,texture,0,0,0.00544,0.011398
1389,test,colour,0,2,0.913391,0.04094
1389,test,packing,0,0,0.045286,0.00129
1389,test,price,0,0,0.027971,0.059656
1389,test,shipping,0,2,0.695577,0.220215
1389,test,smell,0,0,0.018263,0.000199
1389,test,stayingpower,0,0,0.016937,0.00338
1389,test,texture,0,2,0.729012,0.045038
1390,test,colour,1,1,0.005545,0.985879
1390,test,packing,0,0,0.001832,0.003245
1390,test,price,0,0,0.001432,0.010141
1390,test,shipping,0,0,0.001853,0.022851
1390,test,smell,1,1,0.120089,0.700475
1390,test,stayingpower,0,0,0.024874,0.022728
1390,test,texture,1,1,0.00039,0.999114
1391,test,colour,1,1,0.003738,0.978976
1391,test,packing,0,0,0.002406,0.005534
1391,test,price,0,0,0.000966,0.014158
1391,test,shipping,0,0,0.000789,0.007768
1391,test,smell,0,0,0.004034,0.032181
1391,test,stayingpower,0,0,0.050421,0.095206
1391,test,texture,1,1,0.000447,0.999005
1392,test,colour,1,1,0.000871,0.999025
1392,test,packing,0,0,0.00204,0.005769
1392,test,price,1,1,0.003298,0.99349
1392,test,shipping,0,0,0.004743,0.011948
1392,test,smell,0,0,0.005064,0.006256
1392,test,stayingpower,0,0,0.098921,0.053068
1392,test,texture,0,0,0.096201,0.102344
1393,test,colour,1,1,0.000602,0.99072
1393,test,packing,0,0,0.002679,0.023707
1393,test,price,0,0,0.002522,0.035416
1393,test,shipping,1,1,0.009025,0.986496
1393,test,smell,0,0,0.00234,0.046587
1393,test,stayingpower,1,1,0.101552,0.874712
1393,test,texture,1,1,0.000503,0.994744
1394,test,colour,1,1,0.044254,0.922336
1394,test,packing,0,0,0.003205,0.002302
1394,test,price,0,0,0.006404,0.006189
1394,test,shipping,0,0,0.01003,0.014173
1394,test,smell,0,0,0.008513,0.000863
1394,test,stayingpower,0,0,0.291116,0.126073
1394,test,texture,2,2,0.985754,0.003019
1395,test,colour,0,0,0.023787,0.012384
1395,test,packing,0,0,0.03265,0.036244
1395,test,price,0,0,0.005699,0.007606
1395,test,shipping,1,1,0.001183,0.998302
1395,test,smell,0,0,0.003271,0.003832
1395,test,stayingpower,0,0,0.001281,0.002684
1395,test,texture,0,0,0.00124,0.003321
1396,test,colour,1,1,0.008173,0.991475
1396,test,packing,0,0,0.017917,0.039316
1396,test,price,0,0,0.008214,0.055311
1396,test,shipping,0,0,0.04693,0.066564
1396,test,smell,0,0,0.056834,0.017277
1396,test,stayingpower,2,2,0.876172,0.116177
1396,test,texture,2,2,0.992859,0.005845
1397,test,colour,0,0,0.405373,0.11544
1397,test,packing,1,1,0.094351,0.902249
1397,test,price,0,0,0.005661,0.01647
1397,test,shipping,3,2,0.965352,0.032455
1397,test,smell,0,0,0.059716,0.018375
1397,test,stayingpower,0,0,0.03805,0.014285
1397,test,texture,1,1,0.023371,0.967174
1398,test,colour,0,0,0.155593,0.141184
1398,test,packing,0,0,0.0601,0.063099
1398,test,price,0,0,0.02951,0.045315
1398,test,shipping,0,0,0.002155,0.014757
1398,test,smell,1,1,0.02013,0.975718
1398,test,stayingpower,2,2,0.991601,0.007626
1398,test,texture,1,1,0.063037,0.902062
1399,test,colour,1,1,0.149135,0.827188
1399,test,packing,0,0,0.018472,0.015024
1399,test,price,0,1,0.088717,0.810434
1399,test,shipping,0,0,0.151064,0.007409
1399,test,smell,2,2,0.98576,0.013664
1399,test,stayingpower,0,0,0.030795,0.09115
1399,test,texture,0,0,0.146639,0.038244
1400,test,colour,0,0,0.010604,0.003124
1400,test,packing,0,0,0.009378,0.010428
1400,test,price,0,0,0.014328,0.036629
1400,test,shipping,0,0,0.004265,0.011618
1400,test,smell,0,0,0.006809,0.004618
1400,test,stayingpower,0,0,0.003295,0.009945
1400,test,texture,0,0,0.00653,0.006423
1401,test,colour,3,1,0.067611,0.904974
1401,test,packing,0,0,0.082138,0.108981
1401,test,price,1,1,0.01367,0.982111
1401,test,shipping,0,0,0.016628,0.017985
1401,test,smell,1,2,0.526241,0.469636
1401,test,stayingpower,3,1,0.347502,0.535138
1401,test,texture,3,2,0.945206,0.054361
1402,test,colour,0,2,0.818216,0.037846
1402,test,packing,0,0,0.036899,0.009803
1402,test,price,0,0,0.038443,0.042002
1402,test,shipping,0,0,0.016687,0.014313
1402,test,smell,2,2,0.964008,0.021084
1402,test,stayingpower,0,0,0.02301,0.002055
1402,test,texture,0,0,0.29618,0.031257
1403,test,colour,1,0,0.000728,0.085156
1403,test,packing,0,0,0.001136,0.025081
1403,test,price,0,0,0.001331,0.006969
1403,test,shipping,0,0,0.019315,0.133705
1403,test,smell,0,0,0.004781,0.022186
1403,test,stayingpower,0,0,0.000132,0.003021
1403,test,texture,0,0,0.000261,0.007334
1404,test,colour,0,0,0.003125,0.010673
1404,test,packing,0,0,0.00169,0.011453
1404,test,price,0,0,0.001899,0.00931
1404,test,shipping,0,0,0.000816,0.014626
1404,test,smell,0,0,0.004558,0.006899
1404,test,stayingpower,0,0,0.000601,0.001563
1404,test,texture,0,0,0.000637,0.004613
1405,test,colour,1,1,0.000284,0.999467
1405,test,packing,0,0,0.00172,0.02204
1405,test,price,0,0,0.001972,0.014447
1405,test,shipping,1,1,0.000508,0.978412
1405,test,smell,0,0,0.001736,0.014576
1405,test,stayingpower,0,0,0.003838,0.009002
1405,test,texture,0,0,0.003148,0.029757
1406,test,colour,0,0,0.025037,0.040789
1406,test,packing,0,0,0.026222,0.069666
1406,test,price,0,0,0.004968,0.03443
1406,test,shipping,0,0,0.048611,0.027736
1406,test,smell,0,0,0.000997,0.001079
1406,test,stayingpower,0,2,0.458909,0.149518
1406,test,texture,0,0,0.011144,0.077905
1407,test,colour,0,0,0.00544,0.013982
1407,test,packing,0,0,0.001156,0.002226
1407,test,price,0,0,0.002319,0.004612
1407,test,shipping,0,0,0.006226,0.012997
1407,test,smell,0,0,0.003029,0.002163
1407,test,stayingpower,0,0,0.000308,0.001756
1407,test,texture,0,0,0.00147,0.002035
1408,test,colour,0,0,0.005324,0.025065
1408,test,packing,0,0,0.00366,0.005249
1408,test,price,1,1,0.02791,0.95318
1408,test,shipping,2,2,0.998795,0.000461
1408,test,smell,0,0,0.009733,0.011105
1408,test,stayingpower,0,0,0.002938,0.03226
1408,test,texture,0,0,0.008918,0.014052
1409,test,colour,1,1,0.001437,0.997452
1409,test,packing,0,0,0.007321,0.07472
1409,test,price,0,0,0.003003,0.017061
1409,test,shipping,1,1,0.001552,0.995178
1409,test,smell,1,1,0.001088,0.998402
1409,test,stayingpower,0,0,0.004224,0.012707
1409,test,texture,0,0,0.004805,0.101604
1410,test,colour,1,1,0.000302,0.998249
1410,test,packing,0,0,0.001623,0.00746
1410,test,price,1,1,0.001527,0.997586
1410,test,shipping,0,0,0.003188,0.007058
1410,test,smell,1,1,0.222366,0.487269
1410,test,stayingpower,0,0,0.008129,0.0261
1410,test,texture,0,0,0.030227,0.209135
1411,test,colour,0,0,0.008941,0.017716
1411,test,packing,0,0,0.003276,0.006095
1411,test,price,0,0,0.00292,0.018168
1411,test,shipping,0,0,0.001564,0.017952
1411,test,smell,0,0,0.008588,0.006889
1411,test,stayingpower,0,0,0.000674,0.001247
1411,test,texture,0,0,0.001978,0.003287
1412,test,colour,0,0,0.00272,0.007224
1412,test,packing,0,0,0.003198,0.012379
1412,test,price,1,1,0.005246,0.991884
1412,test,shipping,0,0,0.003569,0.01313
1412,test,smell,0,0,0.007802,0.00568
1412,test,stayingpower,0,0,0.00022,0.002226
1412,test,texture,0,0,0.014791,0.011962
1413,test,colour,1,1,0.000579,0.997649
1413,test,packing,0,0,0.001569,0.01078
1413,test,price,1,1,0.00114,0.998431
1413,test,shipping,0,0,0.004843,0.01068
1413,test,smell,0,0,0.006231,0.013223
1413,test,stayingpower,0,0,0.006195,0.044476
1413,test,texture,0,0,0.04217,0.161275
1414,test,colour,0,0,0.004675,0.005827
1414,test,packing,0,0,0.008278,0.088811
1414,test,price,0,0,0.001079,0.00211
1414,test,shipping,0,0,0.003366,0.014387
1414,test,smell,0,0,0.000842,0.000557
1414,test,stayingpower,0,0,0.000514,0.001512
1414,test,texture,0,0,0.002531,0.005828
1415,test,colour,0,0,0.007638,0.185155
1415,test,packing,1,1,0.002774,0.995883
1415,test,price,0,0,0.000799,0.002994
1415,test,shipping,0,0,0.171739,0.063881
1415,test,smell,0,0,0.001596,0.002718
1415,test,stayingpower,0,0,0.000622,0.005336
1415,test,texture,0,0,0.002911,0.036671
1416,test,colour,0,0,0.062014,0.044968
1416,test,packing,0,0,0.014647,0.009487
1416,test,price,0,0,0.018006,0.047196
1416,test,shipping,0,0,0.002259,0.002333
1416,test,smell,0,0,0.006526,0.002424
1416,test,stayingpower,3,2,0.78978,0.206401
1416,test,texture,3,2,0.742178,0.24078
1417,test,colour,0,0,0.189791,0.013994
1417,test,packing,0,0,0.045073,0.007455
1417,test,price,2,0,0.03075,0.040823
1417,test,shipping,0,0,0.014242,0.030384
1417,test,smell,0,0,0.009986,0.000402
1417,test,stayingpower,0,0,0.13694,0.039537
1417,test,texture,0,2,0.995518,0.00138
1418,test,colour,0,0,0.003966,0.012239
1418,test,packing,1,1,0.002069,0.997351
1418,test,price,0,0,0.005044,0.022322
1418,test,shipping,1,1,0.000213,0.997671
1418,test,smell,0,0,0.003882,0.010236
1418,test,stayingpower,0,0,0.002059,0.004415
1418,test,texture,0,0,0.002291,0.01337
1419,test,colour,0,0,0.211392,0.096069
1419,test,packing,0,0,0.103102,0.013378
1419,test,price,1,1,0.019587,0.952582
1419,test,shipping,0,0,0.003001,0.003542
1419,test,smell,0,0,0.125058,0.025111
1419,test,stayingpower,0,0,0.127904,0.074
1419,test,texture,3,2,0.905056,0.094425
1420,test,colour,1,1,0.000968,0.998567
1420,test,packing,0,0,0.002124,0.03362
1420,test,price,1,1,0.004637,0.987009
1420,test,shipping,0,0,0.007472,0.016522
1420,test,smell,0,0,0.004987,0.010885
1420,test,stayingpower,0,0,0.002925,0.020881
1420,test,texture,0,0,0.003535,0.007018
1421,test,colour,0,0,0.014309,0.007878
1421,test,packing,0,0,0.001818,0.00203
1421,test,price,0,0,0.002665,0.002583
1421,test,shipping,0,0,0.001186,0.002873
1421,test,smell,0,0,0.024911,0.013218
1421,test,stayingpower,0,0,0.000924,0.00147
1421,test,texture,0,0,0.012334,0.014772
1422,test,colour,0,0,0.005464,0.159197
1422,test,packing,0,0,0.001009,0.019696
1422,test,price,0,0,0.000757,0.002101
1422,test,shipping,0,0,0.012785,0.329185
1422,test,smell,0,0,0.000721,0.003979
1422,test,stayingpower,0,0,0.000516,0.001157
1422,test,texture,0,0,0.000543,0.031505
1423,test,colour,0,0,0.399948,0.017072
1423,test,packing,0,0,0.161457,0.063173
1423,test,price,0,0,0.004581,0.007529
1423,test,shipping,2,2,0.99858,0.001097
1423,test,smell,0,0,0.058067,0.012502
1423,test,stayingpower,0,0,0.001994,0.002093
1423,test,texture,0,0,0.104992,0.085649
1424,test,colour,1,1,0.005293,0.994041
1424,test,packing,2,1,0.337479,0.518916
1424,test,price,0,0,0.003057,0.034999
1424,test,shipping,1,0,0.247862,0.12267
1424,test,smell,0,0,0.008454,0.007372
1424,test,stayingpower,0,0,0.038102,0.016792
1424,test,texture,1,1,0.008483,0.987726
1425,test,colour,0,0,0.003065,0.023637
1425,test,packing,0,0,0.007131,0.01739
1425,test,price,1,1,0.001982,0.996544
1425,test,shipping,1,1,0.001243,0.978824
1425,test,smell,0,0,0.002282,0.006964
1425,test,stayingpower,0,0,0.020462,0.064499
1425,test,texture,1,1,0.010843,0.910071
1426,test,colour,0,0,0.005132,0.084215
1426,test,packing,1,1,0.002066,0.995973
1426,test,price,0,0,0.004343,0.019568
1426,test,shipping,1,1,0.000212,0.998865
1426,test,smell,0,0,0.002134,0.010054
1426,test,stayingpower,0,0,0.000912,0.003845
1426,test,texture,0,0,0.000977,0.007165
1427,test,colour,1,1,0.001658,0.998255
1427,test,packing,0,0,0.002173,0.002699
1427,test,price,0,0,0.010654,0.08183
1427,test,shipping,0,0,0.011501,0.007394
1427,test,smell,0,0,0.201982,0.018557
1427,test,stayingpower,0,0,0.06312,0.061025
1427,test,texture,0,2,0.957414,0.008793
1428,test,colour,1,1,0.044413,0.949862
1428,test,packing,0,0,0.013681,0.029163
1428,test,price,1,1,0.002449,0.992636
1428,test,shipping,0,0,0.106037,0.114225
1428,test,smell,0,0,0.087791,0.042737
1428,test,stayingpower,2,2,0.983624,0.011439
1428,test,texture,0,0,0.029659,0.085363
1429,test,colour,1,1,0.000551,0.999082
1429,test,packing,0,0,0.001361,0.006911
1429,test,price,0,0,0.001622,0.006146
1429,test,shipping,3,1,0.386035,0.605828
1429,test,smell,0,0,0.00307,0.013677
1429,test,stayingpower,0,0,0.003239,0.016154
1429,test,texture,0,0,0.011104,0.084495
1430,test,colour,1,1,0.092477,0.902753
1430,test,packing,0,0,0.020895,0.018678
1430,test,price,1,1,0.008818,0.987351
1430,test,shipping,0,0,0.008826,0.007064
1430,test,smell,0,2,0.959904,0.033307
1430,test,stayingpower,3,2,0.810244,0.127297
1430,test,texture,1,2,0.955303,0.041138
1431,test,colour,1,1,0.000481,0.997634
1431,test,packing,1,1,0.009214,0.64894
1431,test,price,0,0,0.001309,0.014497
1431,test,shipping,0,0,0.003303,0.01812
1431,test,smell,0,0,0.002532,0.009773
1431,test,stayingpower,0,0,0.000579,0.003732
1431,test,texture,1,1,0.003142,0.896645
1432,test,colour,1,1,0.001574,0.997638
1432,test,packing,1,1,0.001217,0.997492
1432,test,price,0,0,0.002836,0.03184
1432,test,shipping,2,2,0.690569,0.147669
1432,test,smell,0,0,0.009777,0.008975
1432,test,stayingpower,0,0,0.000517,0.005104
1432,test,texture,0,0,0.002907,0.008675
1433,test,colour,1,1,0.000131,0.999655
1433,test,packing,0,0,0.000706,0.005886
1433,test,price,0,0,0.002686,0.018907
1433,test,shipping,0,0,0.003171,0.027222
1433,test,smell,0,0,0.005323,0.01211
1433,test,stayingpower,0,0,0.003166,0.00721
1433,test,texture,0,0,0.004016,0.017748
1434,test,colour,0,0,0.014138,0.019097
1434,test,packing,0,0,0.029408,0.013612
1434,test,price,1,1,0.01886,0.977036
1434,test,shipping,2,2,0.997851,0.00159
1434,test,smell,0,0,0.005938,0.007356
1434,test,stayingpower,0,0,0.131749,0.168717
1434,test,texture,1,1,0.132158,0.787673
1435,test,colour,0,0,0.005926,0.017994
1435,test,packing,1,1,0.005772,0.985481
1435,test,price,0,0,0.004006,0.011612
1435,test,shipping,1,1,0.000198,0.997886
1435,test,smell,0,0,0.002948,0.012056
1435,test,stayingpower,0,0,0.000507,0.001533
1435,test,texture,0,0,0.00038,0.002444
1436,test,colour,1,1,0.003144,0.756583
1436,test,packing,0,0,0.003093,0.017507
1436,test,price,0,0,0.004507,0.068789
1436,test,shipping,0,0,0.110175,0.027239
1436,test,smell,0,0,0.001084,0.013878
1436,test,stayingpower,1,1,0.077162,0.888693
1436,test,texture,1,1,0.000262,0.999369
1437,test,colour,0,0,0.013407,0.006725
1437,test,packing,0,0,0.004511,0.004765
1437,test,price,0,0,0.003182,0.002939
1437,test,shipping,0,0,0.02161,0.019643
1437,test,smell,0,0,0.013388,0.007216
1437,test,stayingpower,0,0,0.000979,0.001724
1437,test,texture,0,0,0.00101,0.001158
1438,test,colour,0,0,0.030956,0.026595
1438,test,packing,0,0,0.001499,0.005578
1438,test,price,0,0,0.001771,0.002336
1438,test,shipping,0,0,0.004294,0.016251
1438,test,smell,0,0,0.007438,0.006948
1438,test,stayingpower,0,0,0.001689,0.002815
1438,test,texture,0,0,0.000649,0.000715
1439,test,colour,0,0,0.008857,0.010628
1439,test,packing,1,1,0.012215,0.979564
1439,test,price,0,0,0.003101,0.014038
1439,test,shipping,1,1,0.000254,0.999161
1439,test,smell,0,0,0.003231,0.005113
1439,test,stayingpower,0,0,0.001862,0.003355
1439,test,texture,0,0,0.005368,0.03484
1440,test,colour,1,1,0.005938,0.99258
1440,test,packing,0,0,0.023971,0.03703
1440,test,price,0,0,0.024237,0.089315
1440,test,shipping,1,1,0.004956,0.993523
1440,test,smell,1,1,0.014247,0.983242
1440,test,stayingpower,0,0,0.323289,0.102906
1440,test,texture,2,2,0.797706,0.093009
1441,test,colour,0,0,0.008847,0.020381
1441,test,packing,0,0,0.005929,0.059287
1441,test,price,0,0,0.00393,0.006203
1441,test,shipping,0,0,0.008358,0.051767
1441,test,smell,0,0,0.006316,0.008886
1441,test,stayingpower,0,0,0.000882,0.005818
1441,test,texture,0,0,0.000457,0.000659
1442,test,colour,1,2,0.978774,0.016545
1442,test,packing,0,0,0.016513,0.00532
1442,test,price,1,1,0.00925,0.957385
1442,test,shipping,0,0,0.013714,0.051393
1442,test,smell,0,0,0.050637,0.032901
1442,test,stayingpower,0,0,0.389717,0.014851
1442,test,texture,1,1,0.003732,0.995185
1443,test,colour,1,1,0.005945,0.977689
1443,test,packing,1,1,0.004485,0.991902
1443,test,price,0,0,0.002753,0.040529
1443,test,shipping,1,1,0.00045,0.998484
1443,test,smell,0,0,0.007402,0.125185
1443,test,stayingpower,0,0,0.011505,0.061007
1443,test,texture,1,1,0.001333,0.988451
1444,test,colour,1,1,0.000533,0.999009
1444,test,packing,0,0,0.003138,0.035797
1444,test,price,1,1,0.003579,0.990468
1444,test,shipping,0,0,0.016548,0.041234
1444,test,smell,0,0,0.012619,0.033938
1444,test,stayingpower,0,0,0.002377,0.009932
1444,test,texture,0,0,0.007075,0.008042
1445,test,colour,0,0,0.015507,0.042332
1445,test,packing,0,0,0.00223,0.004469
1445,test,price,0,0,0.001993,0.004134
1445,test,shipping,0,0,0.012918,0.03271
1445,test,smell,0,0,0.011936,0.01368
1445,test,stayingpower,0,0,0.00491,0.00714
1445,test,texture,0,0,0.009046,0.027852
1446,test,colour,0,1,0.09555,0.676217
1446,test,packing,0,0,0.01211,0.06499
1446,test,price,0,0,0.005359,0.006698
1446,test,shipping,1,1,0.000609,0.998202
1446,test,smell,1,1,0.000936,0.99859
1446,test,stayingpower,0,0,0.004654,0.020002
1446,test,texture,0,0,0.006429,0.138893
1447,test,colour,0,0,0.008377,0.016176
1447,test,packing,0,0,0.002183,0.00739
1447,test,price,0,0,0.002919,0.014737
1447,test,shipping,0,0,0.00162,0.042346
1447,test,smell,0,0,0.004569,0.004588
1447,test,stayingpower,0,0,0.000254,0.000362
1447,test,texture,0,0,0.001577,0.003031
1448,test,colour,1,1,0.001636,0.992844
1448,test,packing,0,0,0.000369,0.005051
1448,test,price,1,1,0.003416,0.985985
1448,test,shipping,0,0,0.014108,0.012128
1448,test,smell,0,0,0.006198,0.019863
1448,test,stayingpower,0,0,0.000532,0.010956
1448,test,texture,0,0,0.0102,0.032433
1449,test,colour,1,1,0.001362,0.998592
1449,test,packing,0,0,0.002829,0.012238
1449,test,price,0,0,0.002177,0.01276
1449,test,shipping,1,1,0.003449,0.992742
1449,test,smell,0,0,0.002774,0.00682
1449,test,stayingpower,0,0,0.018551,0.021232
1449,test,texture,0,0,0.007332,0.049408
1450,test,colour,0,0,0.002094,0.006933
1450,test,packing,1,1,0.002914,0.995357
1450,test,price,0,0,0.006922,0.047785
1450,test,shipping,0,0,0.003735,0.033662
1450,test,smell,0,0,0.005792,0.009698
1450,test,stayingpower,0,0,0.000322,0.002013
1450,test,texture,0,0,0.001518,0.006505
1451,test,colour,0,0,0.00181,0.124114
1451,test,packing,0,0,0.002431,0.014199
1451,test,price,0,0,0.008124,0.056452
1451,test,shipping,0,0,0.001567,0.007861
1451,test,smell,0,0,0.002646,0.046709
1451,test,stayingpower,1,1,0.037448,0.956027
1451,test,texture,1,1,0.005119,0.992337
1452,test,colour,1,0,0.424224,0.043711
1452,test,packing,0,0,0.000686,0.000295
1452,test,price,0,0,0.005082,0.014578
1452,test,shipping,0,0,0.003713,0.005557
1452,test,smell,0,0,0.007079,0.001549
1452,test,stayingpower,0,0,0.000635,0.000947
1452,test,texture,0,0,0.013081,0.008984
1453,test,colour,0,0,0.003934,0.005129
1453,test,packing,0,0,0.002175,0.006149
1453,test,price,0,0,0.002466,0.003319
1453,test,shipping,0,0,0.00364,0.007971
1453,test,smell,0,0,0.010443,0.010642
1453,test,stayingpower,0,0,0.001147,0.007681
1453,test,texture,0,0,0.003376,0.013255
1454,test,colour,1,1,0.005916,0.988311
1454,test,packing,0,0,0.004439,0.030531
1454,test,price,0,0,0.013723,0.012551
1454,test,shipping,2,2,0.998782,0.000895
1454,test,smell,1,1,0.007735,0.986279
1454,test,stayingpower,0,0,0.030563,0.147601
1454,test,texture,0,0,0.008778,0.01861
1455,test,colour,0,0,0.099758,0.119985
1455,test,packing,0,0,0.017253,0.024366
1455,test,price,0,0,0.035125,0.049507
1455,test,shipping,0,0,0.00886,0.032489
1455,test,smell,1,1,0.027792,0.971247
1455,test,stayingpower,2,2,0.988293,0.009511
1455,test,texture,0,0,0.123226,0.252281
1456,test,colour,3,2,0.744013,0.226503
1456,test,packing,0,0,0.004667,0.004592
1456,test,price,0,0,0.006341,0.116155
1456,test,shipping,0,0,0.000559,0.007598
1456,test,smell,1,1,0.163504,0.748206
1456,test,stayingpower,0,0,0.047339,0.019093
1456,test,texture,1,1,0.001584,0.99814
1457,test,colour,0,0,0.002095,0.005635
1457,test,packing,0,0,0.00106,0.00241
1457,test,price,1,1,0.013292,0.888567
1457,test,shipping,0,0,0.049123,0.043828
1457,test,smell,0,0,0.003185,0.011448
1457,test,stayingpower,0,0,0.000126,0.001217
1457,test,texture,0,0,0.004068,0.028469
1458,test,colour,0,0,0.025037,0.040789
1458,test,packing,0,0,0.026222,0.069666
1458,test,price,0,0,0.004968,0.03443
1458,test,shipping,0,0,0.048611,0.027736
1458,test,smell,0,0,0.000997,0.001079
1458,test,stayingpower,0,2,0.458909,0.149518
1458,test,texture,0,0,0.011144,0.077905
1459,test,colour,0,0,0.003842,0.015821
1459,test,packing,0,0,0.001403,0.003069
1459,test,price,0,0,0.008588,0.018569
1459,test,shipping,0,0,0.001188,0.010085
1459,test,smell,1,1,0.004615,0.99194
1459,test,stayingpower,0,0,0.000887,0.002544
1459,test,texture,0,0,0.007281,0.063725
1460,test,colour,3,1,0.198953,0.800296
1460,test,packing,0,0,0.001142,0.000896
1460,test,price,0,0,0.003132,0.019889
1460,test,shipping,0,0,0.064132,0.015627
1460,test,smell,0,0,0.093056,0.055821
1460,test,stayingpower,0,0,0.026525,0.007214
1460,test,texture,1,1,0.129476,0.857423
1461,test,colour,0,0,0.009039,0.082242
1461,test,packing,0,0,0.004906,0.019851
1461,test,price,0,0,0.005609,0.009007
1461,test,shipping,2,2,0.998499,0.001039
1461,test,smell,0,0,0.004444,0.008415
1461,test,stayingpower,0,0,0.001852,0.007041
1461,test,texture,0,0,0.000662,0.00554
1462,test,colour,0,0,0.005593,0.017424
1462,test,packing,0,0,0.000828,0.002021
1462,test,price,0,0,0.002584,0.009912
1462,test,shipping,0,0,0.001815,0.018913
1462,test,smell,0,0,0.002032,0.003561
1462,test,stayingpower,0,0,0.000514,0.001342
1462,test,texture,0,0,0.001243,0.014928
1463,test,colour,1,1,0.038995,0.942502
1463,test,packing,0,0,0.000792,0.000764
1463,test,price,1,1,0.024561,0.95273
1463,test,shipping,0,0,0.007855,0.007314
1463,test,smell,1,1,0.024844,0.962065
1463,test,stayingpower,0,0,0.004346,0.007036
1463,test,texture,0,0,0.006957,0.012097
1464,test,colour,1,1,0.000722,0.998933
1464,test,packing,1,1,0.003071,0.976772
1464,test,price,0,0,0.001393,0.006807
1464,test,shipping,1,1,0.00213,0.991613
1464,test,smell,0,0,0.002892,0.011442
1464,test,stayingpower,0,0,0.001039,0.004362
1464,test,texture,0,0,0.001632,0.00406
1465,test,colour,1,1,0.00618,0.986768
1465,test,packing,1,1,0.006953,0.981951
1465,test,price,1,1,0.001502,0.994178
1465,test,shipping,0,0,0.378865,0.066899
1465,test,smell,0,0,0.005922,0.037663
1465,test,stayingpower,0,0,0.016715,0.236592
1465,test,texture,1,1,0.016069,0.948698
1466,test,colour,1,1,0.002037,0.997054
1466,test,packing,0,0,0.001973,0.004321
1466,test,price,0,0,0.006627,0.017516
1466,test,shipping,0,0,0.002769,0.008955
1466,test,smell,1,1,0.004039,0.995683
1466,test,stayingpower,0,0,0.003802,0.014344
1466,test,texture,0,0,0.009747,0.028326
1467,test,colour,0,0,0.009231,0.079054
1467,test,packing,0,0,0.011653,0.029188
1467,test,price,1,1,0.016928,0.97435
1467,test,shipping,2,2,0.999365,0.000399
1467,test,smell,0,0,0.013655,0.017585
1467,test,stayingpower,0,0,0.004821,0.018504
1467,test,texture,0,0,0.008352,0.028177
1468,test,colour,0,0,0.021033,0.147961
1468,test,packing,1,1,0.014279,0.982735
1468,test,price,0,0,0.002532,0.016665
1468,test,shipping,1,1,0.003785,0.99256
1468,test,smell,0,0,0.007547,0.054278
1468,test,stayingpower,0,0,0.005502,0.011796
1468,test,texture,1,1,0.0008,0.994031
1469,test,colour,0,0,0.004453,0.075764
1469,test,packing,0,0,0.002255,0.007177
1469,test,price,0,0,0.00189,0.013397
1469,test,shipping,0,0,0.002119,0.018376
1469,test,smell,0,0,0.002245,0.017107
1469,test,stayingpower,0,0,0.004201,0.023253
1469,test,texture,1,1,0.000512,0.997023
1470,test,colour,0,0,0.001545,0.003966
1470,test,packing,1,1,0.013131,0.982386
1470,test,price,1,1,0.004429,0.989944
1470,test,shipping,0,0,0.040254,0.039999
1470,test,smell,0,0,0.007786,0.014645
1470,test,stayingpower,0,0,0.001195,0.011016
1470,test,texture,0,0,0.00353,0.004815
1471,test,colour,0,0,0.003631,0.00712
1471,test,packing,0,0,0.003566,0.004429
1471,test,price,1,1,0.010111,0.984242
1471,test,shipping,0,0,0.026678,0.02169
1471,test,smell,0,0,0.008306,0.007055
1471,test,stayingpower,0,0,0.000255,0.001731
1471,test,texture,0,0,0.00458,0.004199
1472,test,colour,0,0,0.012588,0.009526
1472,test,packing,0,0,0.001941,0.001716
1472,test,price,0,0,0.006044,0.009064
1472,test,shipping,0,0,0.003494,0.003955
1472,test,smell,0,0,0.005653,0.002142
1472,test,stayingpower,0,0,0.000835,0.002496
1472,test,texture,0,0,0.003824,0.004043
1473,test,colour,1,1,0.012734,0.986721
1473,test,packing,0,0,0.002793,0.005173
1473,test,price,1,1,0.004431,0.99322
1473,test,shipping,0,0,0.079633,0.021785
1473,test,smell,0,0,0.012902,0.003132
1473,test,stayingpower,0,0,0.009096,0.012522
1473,test,texture,0,0,0.39931,0.01604
1474,test,colour,0,0,0.008358,0.003571
1474,test,packing,0,0,0.008566,0.01599
1474,test,price,0,0,0.005975,0.011586
1474,test,shipping,0,0,0.011797,0.019267
1474,test,smell,0,0,0.02484,0.011111
1474,test,stayingpower,0,0,0.000296,0.000438
1474,test,texture,0,0,0.001983,0.001727
1475,test,colour,1,0,0.003939,0.234532
1475,test,packing,0,0,0.0002,0.00078
1475,test,price,0,0,0.004065,0.036638
1475,test,shipping,0,0,0.000348,0.002881
1475,test,smell,0,0,0.00407,0.004378
1475,test,stayingpower,0,0,0.004287,0.067398
1475,test,texture,0,1,0.008747,0.556843
1476,test,colour,1,1,0.001994,0.997259
1476,test,packing,0,0,0.003192,0.011984
1476,test,price,0,0,0.009506,0.02978
1476,test,shipping,0,0,0.021364,0.033282
1476,test,smell,0,0,0.032431,0.005716
1476,test,stayingpower,0,0,0.041985,0.098676
1476,test,texture,2,2,0.99091,0.002533
1477,test,colour,1,1,0.009519,0.972968
1477,test,packing,0,0,0.001857,0.0134
1477,test,price,0,0,0.001784,0.009673
1477,test,shipping,0,0,0.001594,0.002995
1477,test,smell,0,0,0.003634,0.070122
1477,test,stayingpower,1,1,0.244671,0.750882
1477,test,texture,1,1,0.022256,0.970435
1478,test,colour,1,1,0.029984,0.893762
1478,test,packing,0,0,0.021743,0.038734
1478,test,price,0,0,0.019282,0.041765
1478,test,shipping,2,2,0.940223,0.021372
1478,test,smell,1,1,0.007556,0.991922
1478,test,stayingpower,2,2,0.583797,0.414823
1478,test,texture,3,0,0.216943,0.340596
1479,test,colour,1,1,0.000158,0.999615
1479,test,packing,0,0,0.000371,0.001848
1479,test,price,0,0,0.001385,0.016647
1479,test,shipping,0,0,0.001543,0.00471
1479,test,smell,0,0,0.002153,0.027664
1479,test,stayingpower,1,0,0.057877,0.468728
1479,test,texture,1,1,0.02587,0.938653
1480,test,colour,1,1,4.8e-05,0.999701
1480,test,packing,0,0,0.010228,0.484023
1480,test,price,0,0,0.005747,0.178922
1480,test,shipping,1,0,0.250178,0.254192
1480,test,smell,0,0,0.006504,0.037489
1480,test,stayingpower,1,1,0.017489,0.967529
1480,test,texture,1,1,0.014704,0.961774
1481,test,colour,1,2,0.579204,0.419352
1481,test,packing,0,0,0.011148,0.013265
1481,test,price,1,1,0.003463,0.987766
1481,test,shipping,0,0,0.058944,0.038861
1481,test,smell,0,0,0.054494,0.024133
1481,test,stayingpower,1,2,0.726761,0.264526
1481,test,texture,1,1,0.039626,0.951724
1482,test,colour,1,1,0.001218,0.998239
1482,test,packing,0,0,0.000425,0.001017
1482,test,price,0,0,0.00109,0.001716
1482,test,shipping,0,0,0.037096,0.027478
1482,test,smell,0,0,0.001955,0.005361
1482,test,stayingpower,0,0,0.002672,0.009649
1482,test,texture,0,0,0.007762,0.027502
1483,test,colour,1,1,0.002528,0.990942
1483,test,packing,0,0,0.003988,0.030819
1483,test,price,0,0,0.003718,0.017744
1483,test,shipping,1,1,0.010188,0.984878
1483,test,smell,1,1,0.005838,0.989353
1483,test,stayingpower,1,1,0.036328,0.956983
1483,test,texture,1,1,0.042429,0.904425
1484,test,colour,1,1,0.000405,0.998229
1484,test,packing,0,0,0.002492,0.006671
1484,test,price,1,1,0.002334,0.988249
1484,test,shipping,0,0,0.002602,0.004252
1484,test,smell,0,0,0.002195,0.026538
1484,test,stayingpower,3,1,0.045114,0.906514
1484,test,texture,1,1,0.036255,0.960696
1485,test,colour,0,0,0.009847,0.341107
1485,test,packing,1,1,0.003351,0.996045
1485,test,price,0,0,0.001048,0.010606
1485,test,shipping,0,0,0.015578,0.079473
1485,test,smell,0,0,0.00406,0.005527
1485,test,stayingpower,0,0,0.005258,0.009477
1485,test,texture,0,0,0.020149,0.304462
1486,test,colour,1,1,0.000735,0.999146
1486,test,packing,0,0,0.003982,0.031709
1486,test,price,1,1,0.003528,0.992117
1486,test,shipping,1,1,0.00425,0.943309
1486,test,smell,0,0,0.005746,0.030028
1486,test,stayingpower,0,0,0.028754,0.056877
1486,test,texture,0,0,0.035001,0.149655
1487,test,colour,0,0,0.004417,0.012693
1487,test,packing,0,0,0.001506,0.002236
1487,test,price,0,0,0.009569,0.010121
1487,test,shipping,0,0,0.001355,0.009957
1487,test,smell,1,1,0.011055,0.983242
1487,test,stayingpower,0,0,0.001829,0.006916
1487,test,texture,0,0,0.007639,0.025946
1488,test,colour,1,1,0.008621,0.984357
1488,test,packing,0,0,0.010785,0.023212
1488,test,price,0,0,0.007809,0.034976
1488,test,shipping,2,2,0.997959,0.001877
1488,test,smell,0,0,0.017249,0.063645
1488,test,stayingpower,0,0,0.130195,0.171912
1488,test,texture,1,1,0.001379,0.996054
1489,test,colour,0,0,0.044994,0.000975
1489,test,packing,0,0,0.013369,0.003599
1489,test,price,0,0,0.01145,0.038968
1489,test,shipping,0,0,0.063729,0.006639
1489,test,smell,0,0,0.036958,0.002184
1489,test,stayingpower,0,0,0.001693,0.001558
1489,test,texture,0,0,0.087349,0.015083
1490,test,colour,1,1,0.008581,0.990317
1490,test,packing,0,0,0.002483,0.006943
1490,test,price,1,1,0.005143,0.988935
1490,test,shipping,0,0,0.015742,0.05952
1490,test,smell,0,0,0.222196,0.095413
1490,test,stayingpower,2,2,0.881004,0.11422
1490,test,texture,0,0,0.071904,0.116213
1491,test,colour,0,0,0.002019,0.05737
1491,test,packing,0,0,0.000866,0.002918
1491,test,price,0,0,0.003355,0.021763
1491,test,shipping,0,0,0.001345,0.012168
1491,test,smell,0,0,0.001937,0.005126
1491,test,stayingpower,0,0,0.000282,0.000896
1491,test,texture,0,0,0.001716,0.007392
1492,test,colour,0,0,0.01303,0.09008
1492,test,packing,1,1,0.003322,0.995857
1492,test,price,0,0,0.006723,0.019222
1492,test,shipping,2,2,0.995229,0.00382
1492,test,smell,1,1,0.009017,0.95922
1492,test,stayingpower,0,0,0.002591,0.014191
1492,test,texture,0,0,0.003348,0.017386
1493,test,colour,1,1,0.398503,0.590173
1493,test,packing,1,1,0.062758,0.934781
1493,test,price,0,0,0.012751,0.065634
1493,test,shipping,2,2,0.966579,0.032126
1493,test,smell,3,1,0.053275,0.932106
1493,test,stayingpower,0,0,0.004136,0.003802
1493,test,texture,0,0,0.042058,0.095199
1494,test,colour,0,0,0.004043,0.049225
1494,test,packing,0,0,0.003812,0.014838
1494,test,price,0,0,0.005945,0.041095
1494,test,shipping,0,0,0.008813,0.022288
1494,test,smell,0,0,0.004588,0.026101
1494,test,stayingpower,1,1,0.006962,0.987959
1494,test,texture,0,0,0.063676,0.127488
1495,test,colour,1,1,0.001071,0.998622
1495,test,packing,0,0,0.002319,0.011618
1495,test,price,1,1,0.001956,0.994738
1495,test,shipping,0,0,0.004533,0.006094
1495,test,smell,0,0,0.012479,0.020444
1495,test,stayingpower,0,0,0.002083,0.010485
1495,test,texture,0,0,0.039015,0.085281
1496,test,colour,0,0,0.002226,0.018942
1496,test,packing,0,0,0.015946,0.108607
1496,test,price,1,1,0.001884,0.996182
1496,test,shipping,0,0,0.002781,0.050236
1496,test,smell,1,1,0.024339,0.84656
1496,test,stayingpower,0,0,0.000565,0.004467
1496,test,texture,1,1,0.001147,0.985188
1497,test,colour,0,0,0.003352,0.033973
1497,test,packing,1,1,0.003998,0.988574
1497,test,price,0,0,0.012986,0.171221
1497,test,shipping,1,1,0.00019,0.99896
1497,test,smell,0,0,0.001703,0.005047
1497,test,stayingpower,0,0,0.000633,0.003244
1497,test,texture,0,0,0.001556,0.007636
1498,test,colour,2,2,0.735554,0.179512
1498,test,packing,0,0,0.066637,0.01599
1498,test,price,1,1,0.040793,0.947478
1498,test,shipping,0,0,0.011106,0.034922
1498,test,smell,2,2,0.995512,0.003689
1498,test,stayingpower,0,0,0.303545,0.035633
1498,test,texture,2,2,0.986038,0.004707
1499,test,colour,0,0,0.005901,0.027921
1499,test,packing,0,0,0.001509,0.00371
1499,test,price,0,0,0.001316,0.00391
1499,test,shipping,0,0,0.001824,0.01323
1499,test,smell,0,0,0.009466,0.014875
1499,test,stayingpower,0,0,0.001457,0.005886
1499,test,texture,0,0,0.002568,0.00809
1500,test,colour,1,1,0.061764,0.937854
1500,test,packing,0,0,0.001897,0.003999
1500,test,price,0,0,0.002157,0.013847
1500,test,shipping,0,0,0.006083,0.017674
1500,test,smell,1,1,0.005945,0.993122
1500,test,stayingpower,0,0,0.05541,0.026915
1500,test,texture,1,1,0.005462,0.989059
1501,test,colour,1,1,0.000528,0.999108
1501,test,packing,1,1,0.001641,0.997306
1501,test,price,0,0,0.003857,0.050366
1501,test,shipping,0,0,0.014605,0.067727
1501,test,smell,0,0,0.012231,0.017226
1501,test,stayingpower,0,0,0.008245,0.014282
1501,test,texture,0,0,0.007257,0.014551
1502,test,colour,0,0,0.004913,0.049231
1502,test,packing,0,0,0.021442,0.097753
1502,test,price,0,0,0.010109,0.022124
1502,test,shipping,2,2,0.998022,0.001007
1502,test,smell,0,0,0.010658,0.010111
1502,test,stayingpower,1,1,0.115062,0.882918
1502,test,texture,3,1,0.071343,0.719153
1503,test,colour,1,1,0.018083,0.966451
1503,test,packing,0,0,0.000391,0.00181
1503,test,price,0,0,0.004078,0.037949
1503,test,shipping,0,0,0.001382,0.004102
1503,test,smell,0,0,0.000716,0.001685
1503,test,stayingpower,0,0,0.010033,0.085818
1503,test,texture,1,1,0.028974,0.960689
1504,test,colour,0,0,0.004871,0.14123
1504,test,packing,1,1,0.001837,0.997449
1504,test,price,0,0,0.0032,0.041428
1504,test,shipping,1,1,0.000294,0.998317
1504,test,smell,0,0,0.002364,0.014337
1504,test,stayingpower,0,0,0.000884,0.003963
1504,test,texture,0,0,0.002868,0.298824
1505,test,colour,1,1,0.148398,0.818071
1505,test,packing,1,1,0.195976,0.765634
1505,test,price,1,1,0.009305,0.988793
1505,test,shipping,1,1,0.089236,0.8952
1505,test,smell,1,1,0.192479,0.804917
1505,test,stayingpower,0,0,0.244126,0.054727
1505,test,texture,2,2,0.86578,0.062008
1506,test,colour,0,0,0.06102,0.024255
1506,test,packing,0,0,0.013028,0.006944
1506,test,price,1,1,0.042225,0.882754
1506,test,shipping,0,0,0.002661,0.009658
1506,test,smell,1,1,0.084773,0.913031
1506,test,stayingpower,2,2,0.984792,0.008718
1506,test,texture,1,1,0.016745,0.945767
1507,test,colour,1,1,0.006475,0.991278
1507,test,packing,0,0,0.008931,0.006838
1507,test,price,0,0,0.021591,0.098742
1507,test,shipping,0,0,0.003036,0.009238
1507,test,smell,2,2,0.922642,0.076094
1507,test,stayingpower,0,0,0.024769,0.017704
1507,test,texture,0,0,0.054886,0.042196
1508,test,colour,0,0,0.003084,0.013235
1508,test,packing,1,1,0.00138,0.998066
1508,test,price,0,0,0.003278,0.016012
1508,test,shipping,0,0,0.014093,0.160897
1508,test,smell,0,0,0.003578,0.006844
1508,test,stayingpower,0,0,0.000387,0.002549
1508,test,texture,0,0,0.003179,0.033172
1509,test,colour,0,0,0.006782,0.022173
1509,test,packing,0,0,0.001158,0.005469
1509,test,price,0,0,0.004682,0.017866
1509,test,shipping,0,0,0.000178,0.001916
1509,test,smell,0,0,0.011083,0.014797
1509,test,stayingpower,0,0,0.003725,0.005885
1509,test,texture,0,0,0.001177,0.001786
1510,test,colour,1,1,0.000151,0.999064
1510,test,packing,0,0,0.001618,0.093121
1510,test,price,0,0,0.003662,0.019381
1510,test,shipping,1,2,0.747205,0.231694
1510,test,smell,0,0,0.001676,0.015992
1510,test,stayingpower,1,1,0.015213,0.93282
1510,test,texture,0,0,0.002262,0.023268
1511,test,colour,0,0,0.002293,0.005213
1511,test,packing,1,1,0.003018,0.996603
1511,test,price,0,0,0.005738,0.01942
1511,test,shipping,0,0,0.01356,0.045621
1511,test,smell,0,0,0.003037,0.006558
1511,test,stayingpower,0,0,0.003579,0.011848
1511,test,texture,0,0,0.009589,0.078257
1512,test,colour,0,0,0.075329,0.018371
1512,test,packing,0,0,0.01867,0.022509
1512,test,price,0,0,0.003735,0.01277
1512,test,shipping,0,0,0.028233,0.021253
1512,test,smell,0,0,0.00261,0.000644
1512,test,stayingpower,0,0,0.330844,0.0735
1512,test,texture,0,0,0.012944,0.014132
1513,test,colour,0,0,0.007611,0.00223
1513,test,packing,0,0,0.023495,0.030456
1513,test,price,0,0,0.001298,0.000808
1513,test,shipping,0,0,0.016428,0.113665
1513,test,smell,0,0,0.005473,0.004313
1513,test,stayingpower,0,0,0.000211,0.000596
1513,test,texture,0,0,0.008709,0.007749
1514,test,colour,1,1,0.023763,0.900926
1514,test,packing,0,0,0.013435,0.0368
1514,test,price,0,0,0.012495,0.019497
1514,test,shipping,1,1,0.002703,0.996343
1514,test,smell,1,1,0.002471,0.995177
1514,test,stayingpower,1,1,0.360016,0.6018
1514,test,texture,3,1,0.023615,0.961513
1515,test,colour,0,0,0.025042,0.030295
1515,test,packing,0,0,0.00589,0.003331
1515,test,price,1,1,0.001585,0.998278
1515,test,shipping,0,0,0.018178,0.030641
1515,test,smell,0,0,0.006518,0.004986
1515,test,stayingpower,0,0,0.003324,0.007116
1515,test,texture,0,0,0.065321,0.231923
1516,test,colour,0,0,0.020368,0.17179
1516,test,packing,0,0,0.009309,0.028085
1516,test,price,0,0,0.014072,0.024423
1516,test,shipping,1,1,0.002493,0.996189
1516,test,smell,1,1,0.001453,0.997522
1516,test,stayingpower,0,0,0.004514,0.009953
1516,test,texture,0,0,0.001921,0.035952
1517,test,colour,0,0,0.002628,0.013176
1517,test,packing,0,0,0.001346,0.004614
1517,test,price,0,0,0.007502,0.080821
1517,test,shipping,0,0,0.00036,0.0077
1517,test,smell,0,0,0.002331,0.003645
1517,test,stayingpower,0,0,0.000171,0.000638
1517,test,texture,0,0,0.007286,0.234484
1518,test,colour,0,0,0.004949,0.021063
1518,test,packing,0,0,0.001703,0.006761
1518,test,price,0,0,0.004349,0.018326
1518,test,shipping,0,0,0.000901,0.01078
1518,test,smell,0,0,0.004391,0.010733
1518,test,stayingpower,0,0,0.000657,0.001197
1518,test,texture,0,0,0.000811,0.001465
1519,test,colour,1,1,0.004729,0.993329
1519,test,packing,2,1,0.034962,0.912985
1519,test,price,0,0,0.001882,0.003226
1519,test,shipping,1,1,0.003998,0.995304
1519,test,smell,0,0,0.003879,0.004614
1519,test,stayingpower,0,0,0.003373,0.002131
1519,test,texture,0,0,0.003415,0.006196
1520,test,colour,0,0,0.001524,0.057883
1520,test,packing,0,0,0.002087,0.010144
1520,test,price,0,0,0.000832,0.001642
1520,test,shipping,0,0,0.00266,0.041141
1520,test,smell,0,0,0.001224,0.001936
1520,test,stayingpower,0,0,0.001271,0.005031
1520,test,texture,0,0,0.010282,0.129774
1521,test,colour,0,0,0.00234,0.041581
1521,test,packing,0,0,0.002499,0.007347
1521,test,price,1,1,0.001016,0.998634
1521,test,shipping,0,0,0.002655,0.024208
1521,test,smell,0,0,0.005012,0.042345
1521,test,stayingpower,0,0,0.000857,0.004401
1521,test,texture,0,0,0.011411,0.187973
1522,test,colour,1,1,0.0004,0.998926
1522,test,packing,0,0,0.001488,0.014855
1522,test,price,0,0,0.005447,0.021485
1522,test,shipping,2,2,0.998896,0.0008
1522,test,smell,0,0,0.008116,0.02126
1522,test,stayingpower,0,0,0.021095,0.124677
1522,test,texture,0,0,0.017759,0.157466
1523,test,colour,0,0,0.003426,0.027982
1523,test,packing,0,0,0.000744,0.001036
1523,test,price,0,0,0.002014,0.00428
1523,test,shipping,0,0,0.014379,0.033799
1523,test,smell,0,0,0.002149,0.004033
1523,test,stayingpower,0,0,0.000335,0.001094
1523,test,texture,0,0,0.002458,0.007094
1524,test,colour,0,0,0.085441,0.213143
1524,test,packing,1,1,0.220763,0.731611
1524,test,price,1,1,0.003834,0.994655
1524,test,shipping,2,2,0.965665,0.032175
1524,test,smell,0,0,0.081979,0.077114
1524,test,stayingpower,2,2,0.979659,0.009397
1524,test,texture,1,1,0.116831,0.852296
1525,test,colour,0,0,0.00729,0.171754
1525,test,packing,1,1,0.00443,0.989847
1525,test,price,0,0,0.00227,0.011392
1525,test,shipping,1,1,0.002208,0.996315
1525,test,smell,0,0,0.00111,0.002588
1525,test,stayingpower,0,0,0.000202,0.001191
1525,test,texture,0,0,0.000627,0.006405
1526,test,colour,0,0,0.089154,0.05045
1526,test,packing,0,0,0.002103,0.008524
1526,test,price,0,0,0.002209,0.004625
1526,test,shipping,0,0,0.000119,0.002627
1526,test,smell,0,0,0.007764,0.000753
1526,test,stayingpower,0,0,0.015463,0.005912
1526,test,texture,0,0,0.006352,0.004954
1527,test,colour,0,2,0.560437,0.011723
1527,test,packing,0,0,0.148751,0.013778
1527,test,price,0,0,0.098691,0.181223
1527,test,shipping,0,0,0.047888,0.018818
1527,test,smell,0,0,0.08499,0.001166
1527,test,stayingpower,0,0,0.276418,0.03772
1527,test,texture,2,2,0.985655,0.008996
1528,test,colour,0,0,0.00703,0.066911
1528,test,packing,0,0,0.019623,0.056913
1528,test,price,1,1,0.008443,0.988631
1528,test,shipping,2,2,0.998507,0.001107
1528,test,smell,0,0,0.006797,0.013944
1528,test,stayingpower,0,0,0.005575,0.048471
1528,test,texture,0,0,0.006736,0.024743
1529,test,colour,0,0,0.002977,0.038081
1529,test,packing,0,0,0.010993,0.099867
1529,test,price,0,0,0.005789,0.033525
1529,test,shipping,0,0,0.016159,0.066177
1529,test,smell,1,1,0.001495,0.959884
1529,test,stayingpower,0,0,0.017827,0.198481
1529,test,texture,1,1,0.000196,0.998521
1530,test,colour,0,0,0.004671,0.106368
1530,test,packing,1,1,0.001214,0.998328
1530,test,price,0,0,0.003585,0.019897
1530,test,shipping,1,1,0.000367,0.995295
1530,test,smell,0,0,0.003005,0.011413
1530,test,stayingpower,0,0,0.000797,0.003492
1530,test,texture,0,0,0.000927,0.008577
1531,test,colour,1,1,0.001776,0.998063
1531,test,packing,0,0,0.004208,0.004834
1531,test,price,0,0,0.005944,0.02046
1531,test,shipping,0,0,0.028239,0.009253
1531,test,smell,1,2,0.932449,0.064095
1531,test,stayingpower,0,0,0.115154,0.034825
1531,test,texture,0,0,0.106321,0.336931
1532,test,colour,2,2,0.980089,0.019183
1532,test,packing,0,0,0.010074,0.004216
1532,test,price,0,0,0.010157,0.007715
1532,test,shipping,0,0,0.01934,0.070953
1532,test,smell,0,0,0.12322,0.006927
1532,test,stayingpower,0,0,0.007363,0.001568
1532,test,texture,0,0,0.021992,0.004972
1533,test,colour,0,0,0.015511,0.003034
1533,test,packing,0,0,0.153405,0.17459
1533,test,price,0,0,0.001664,0.003966
1533,test,shipping,1,2,0.583557,0.196793
1533,test,smell,0,0,0.001439,0.000374
1533,test,stayingpower,0,0,9.3e-05,0.000195
1533,test,texture,0,0,0.009641,0.015031
1534,test,colour,0,0,0.001522,0.007137
1534,test,packing,1,1,0.004602,0.992172
1534,test,price,0,0,0.004567,0.025514
1534,test,shipping,0,0,0.045774,0.230589
1534,test,smell,0,0,0.000937,0.00162
1534,test,stayingpower,0,0,0.000147,0.000887
1534,test,texture,0,0,0.000732,0.004245
1535,test,colour,0,0,0.008383,0.014896
1535,test,packing,0,0,0.000575,0.001031
1535,test,price,0,0,0.002618,0.004782
1535,test,shipping,0,0,0.001486,0.004714
1535,test,smell,0,0,0.005615,0.003541
1535,test,stayingpower,0,0,0.000583,0.002283
1535,test,texture,0,0,0.004926,0.008403
1536,test,colour,0,0,0.012391,0.068626
1536,test,packing,0,0,0.009905,0.02445
1536,test,price,0,0,0.002534,0.019774
1536,test,shipping,0,0,0.005997,0.021505
1536,test,smell,0,0,0.016194,0.094192
1536,test,stayingpower,3,2,0.528664,0.458352
1536,test,texture,1,1,0.000551,0.997746
1537,test,colour,0,0,0.016968,0.011596
1537,test,packing,0,0,0.003484,0.002333
1537,test,price,0,0,0.000827,0.000991
1537,test,shipping,0,2,0.540578,0.079584
1537,test,smell,0,0,0.001195,0.000798
1537,test,stayingpower,0,0,0.001221,0.009408
1537,test,texture,0,0,0.016734,0.008104
1538,test,colour,0,0,0.010166,0.082649
1538,test,packing,1,1,0.002756,0.993924
1538,test,price,0,0,0.006724,0.04893
1538,test,shipping,1,1,0.000227,0.99847
1538,test,smell,0,0,0.003065,0.011742
1538,test,stayingpower,0,0,0.000466,0.002563
1538,test,texture,0,0,0.000456,0.003233
1539,test,colour,1,1,0.002649,0.995829
1539,test,packing,0,0,0.002733,0.005008
1539,test,price,1,1,0.004032,0.992103
1539,test,shipping,0,0,0.009771,0.02121
1539,test,smell,0,0,0.011638,0.007614
1539,test,stayingpower,3,2,0.97223,0.020493
1539,test,texture,0,0,0.161927,0.165928
1540,test,colour,0,1,0.017021,0.931078
1540,test,packing,1,1,0.002497,0.996636
1540,test,price,0,0,0.003828,0.012134
1540,test,shipping,1,1,0.000377,0.998808
1540,test,smell,0,0,0.002509,0.004176
1540,test,stayingpower,0,0,0.001787,0.00539
1540,test,texture,0,0,0.002863,0.006876
1541,test,colour,1,1,0.000331,0.999139
1541,test,packing,1,1,0.001023,0.997534
1541,test,price,0,0,0.002547,0.026999
1541,test,shipping,1,1,0.001942,0.997129
1541,test,smell,0,0,0.003769,0.019786
1541,test,stayingpower,1,0,0.004628,0.036446
1541,test,texture,0,0,0.010969,0.063144
1542,test,colour,0,0,0.008475,0.037897
1542,test,packing,0,0,0.002167,0.008603
1542,test,price,0,0,0.002268,0.005618
1542,test,shipping,1,1,0.001417,0.99615
1542,test,smell,0,0,0.001508,0.00362
1542,test,stayingpower,0,0,0.001358,0.0078
1542,test,texture,0,0,0.000935,0.006181
1543,test,colour,1,1,0.004647,0.993441
1543,test,packing,0,0,0.002254,0.012291
1543,test,price,0,0,0.003838,0.020557
1543,test,shipping,2,2,0.998842,0.000674
1543,test,smell,0,0,0.038017,0.098067
1543,test,stayingpower,1,1,0.191213,0.798346
1543,test,texture,1,1,0.049268,0.909822
1544,test,colour,1,1,0.002011,0.997343
1544,test,packing,0,0,0.009126,0.028556
1544,test,price,1,1,0.003935,0.992538
1544,test,shipping,2,2,0.995922,0.000991
1544,test,smell,0,0,0.050067,0.021023
1544,test,stayingpower,0,0,0.127495,0.174827
1544,test,texture,1,1,0.03875,0.937977
1545,test,colour,3,1,0.302584,0.665972
1545,test,packing,0,0,0.00151,0.002906
1545,test,price,0,0,0.006151,0.008762
1545,test,shipping,0,0,0.005222,0.352166
1545,test,smell,1,1,0.001568,0.998147
1545,test,stayingpower,0,0,0.002583,0.007648
1545,test,texture,0,0,0.023594,0.112469
1546,test,colour,0,0,0.004057,0.022411
1546,test,packing,0,0,0.008052,0.067026
1546,test,price,0,0,0.005882,0.013906
1546,test,shipping,2,2,0.996974,0.00287
1546,test,smell,0,0,0.004848,0.014634
1546,test,stayingpower,0,0,0.00112,0.008084
1546,test,texture,0,0,0.007076,0.306733
1547,test,colour,0,0,0.001943,0.472016
1547,test,packing,0,0,0.000604,0.003319
1547,test,price,0,0,0.002204,0.007334
1547,test,shipping,0,0,0.008174,0.048638
1547,test,smell,0,0,0.00061,0.002798
1547,test,stayingpower,0,0,0.000571,0.003022
1547,test,texture,0,0,0.000405,0.005944
1548,test,colour,1,1,0.029562,0.968689
1548,test,packing,0,0,0.021368,0.016722
1548,test,price,1,1,0.004325,0.994939
1548,test,shipping,0,0,0.017138,0.012995
1548,test,smell,0,0,0.12075,0.019443
1548,test,stayingpower,0,0,0.118214,0.038544
1548,test,texture,2,2,0.883542,0.113861
1549,test,colour,0,0,0.00506,0.047449
1549,test,packing,1,1,0.001028,0.998799
1549,test,price,0,0,0.002376,0.018083
1549,test,shipping,0,1,0.062667,0.652742
1549,test,smell,0,0,0.001938,0.001762
1549,test,stayingpower,0,0,0.000644,0.003649
1549,test,texture,0,0,0.001805,0.011776
1550,test,colour,0,0,0.002059,0.179286
1550,test,packing,0,0,0.004024,0.189365
1550,test,price,0,0,0.005743,0.064546
1550,test,shipping,0,0,0.001552,0.044036
1550,test,smell,0,0,0.000989,0.003745
1550,test,stayingpower,0,0,0.000173,0.001175
1550,test,texture,0,0,0.000505,0.011241
1551,test,colour,0,0,0.142127,0.014216
1551,test,packing,0,0,0.000835,0.00168
1551,test,price,0,0,0.002183,0.002971
1551,test,shipping,0,0,0.057974,0.032526
1551,test,smell,0,0,0.017336,0.013045
1551,test,stayingpower,0,0,0.000309,0.00172
1551,test,texture,0,0,0.001716,0.006652
1552,test,colour,0,0,0.014782,0.340633
1552,test,packing,0,0,0.021403,0.090445
1552,test,price,1,1,0.003044,0.996582
1552,test,shipping,2,2,0.995283,0.003666
1552,test,smell,0,0,0.007026,0.017493
1552,test,stayingpower,0,0,0.009513,0.068855
1552,test,texture,0,0,0.02198,0.231509
1553,test,colour,0,0,0.003708,0.014365
1553,test,packing,0,0,0.005052,0.01036
1553,test,price,1,1,0.002708,0.996677
1553,test,shipping,0,0,0.006132,0.009302
1553,test,smell,0,0,0.005337,0.011184
1553,test,stayingpower,0,0,0.001669,0.008829
1553,test,texture,0,0,0.009309,0.032282
1554,test,colour,0,0,0.001753,0.080629
1554,test,packing,0,0,0.01092,0.061042
1554,test,price,0,0,0.01905,0.096666
1554,test,shipping,0,2,0.591699,0.034458
1554,test,smell,0,0,0.004224,0.068879
1554,test,stayingpower,1,1,0.04484,0.951457
1554,test,texture,1,1,0.00705,0.988072
1555,test,colour,0,0,0.003037,0.014666
1555,test,packing,1,1,0.003095,0.995846
1555,test,price,1,0,0.005891,0.032212
1555,test,shipping,1,1,0.000399,0.997189
1555,test,smell,0,0,0.002764,0.013346
1555,test,stayingpower,0,0,0.00117,0.002703
1555,test,texture,0,0,0.000535,0.002627
1556,test,colour,0,0,0.006064,0.023464
1556,test,packing,0,0,0.006422,0.022924
1556,test,price,0,0,0.001864,0.00379
1556,test,shipping,0,0,0.000117,0.000515
1556,test,smell,0,0,0.036029,0.134507
1556,test,stayingpower,0,0,0.002718,0.009413
1556,test,texture,3,1,0.0174,0.910658
1557,test,colour,1,1,0.005973,0.982845
1557,test,packing,1,1,0.008929,0.97729
1557,test,price,1,1,0.001815,0.992393
1557,test,shipping,1,1,0.001968,0.994424
1557,test,smell,0,0,0.013979,0.041015
1557,test,stayingpower,0,0,0.218224,0.192746
1557,test,texture,3,1,0.033923,0.959334
1558,test,colour,1,1,0.005071,0.98824
1558,test,packing,1,1,0.011581,0.979351
1558,test,price,1,1,0.002807,0.977558
1558,test,shipping,1,1,0.007168,0.985712
1558,test,smell,1,1,0.061231,0.846132
1558,test,stayingpower,0,0,0.042827,0.118175
1558,test,texture,1,1,0.001689,0.995685
1559,test,colour,0,1,0.005888,0.993776
1559,test,packing,0,0,0.0011,0.003712
1559,test,price,0,1,0.002184,0.994514
1559,test,shipping,0,0,0.033504,0.003804
1559,test,smell,0,0,0.059818,0.008523
1559,test,stayingpower,0,0,0.023051,0.163556
1559,test,texture,0,2,0.453013,0.177287
1560,test,colour,1,1,0.003777,0.991733
1560,test,packing,0,0,0.009598,0.06557
1560,test,price,1,1,0.0048,0.993468
1560,test,shipping,2,2,0.994888,0.001737
1560,test,smell,0,0,0.015892,0.008308
1560,test,stayingpower,0,0,0.009603,0.063248
1560,test,texture,0,0,0.016085,0.016366
1561,test,colour,0,0,0.006989,0.013967
1561,test,packing,0,0,0.004342,0.019433
1561,test,price,0,0,0.001689,0.004523
1561,test,shipping,0,0,0.010871,0.01216
1561,test,smell,0,0,0.01783,0.019912
1561,test,stayingpower,0,0,0.00335,0.003516
1561,test,texture,0,0,0.000685,0.002661
1562,test,colour,3,2,0.70373,0.294349
1562,test,packing,0,0,0.004373,0.003042
1562,test,price,0,0,0.014355,0.058936
1562,test,shipping,0,0,0.016038,0.006767
1562,test,smell,3,2,0.851535,0.147019
1562,test,stayingpower,2,2,0.9419,0.041644
1562,test,texture,0,0,0.308761,0.102338
1563,test,colour,0,0,0.003371,0.013124
1563,test,packing,1,1,0.011495,0.97851
1563,test,price,1,1,0.002733,0.995666
1563,test,shipping,0,0,0.007398,0.06261
1563,test,smell,0,0,0.009037,0.00854
1563,test,stayingpower,0,0,0.001223,0.004633
1563,test,texture,0,0,0.009246,0.019519
1564,test,colour,2,2,0.966714,0.026176
1564,test,packing,1,1,0.193961,0.801017
1564,test,price,0,0,0.016334,0.031449
1564,test,shipping,1,1,0.00373,0.992485
1564,test,smell,0,0,0.049404,0.006724
1564,test,stayingpower,0,0,0.026557,0.004695
1564,test,texture,0,0,0.048172,0.014316
1565,test,colour,1,1,0.001401,0.997191
1565,test,packing,0,0,0.016748,0.3169
1565,test,price,0,0,0.015162,0.088205
1565,test,shipping,2,2,0.990544,0.009109
1565,test,smell,1,1,0.007245,0.991955
1565,test,stayingpower,0,0,0.054332,0.197211
1565,test,texture,1,1,0.005826,0.983642
1566,test,colour,0,0,0.002036,0.010621
1566,test,packing,0,0,0.010277,0.080237
1566,test,price,0,0,0.00312,0.007868
1566,test,shipping,0,0,0.001044,0.009981
1566,test,smell,1,1,0.002175,0.995954
1566,test,stayingpower,0,0,0.003837,0.013783
1566,test,texture,0,1,0.0198,0.645817
1567,test,colour,3,2,0.507764,0.478587
1567,test,packing,0,0,0.008564,0.00431
1567,test,price,0,0,0.00995,0.156173
1567,test,shipping,0,0,0.034539,0.056663
1567,test,smell,0,0,0.048743,0.030027
1567,test,stayingpower,2,2,0.998186,0.001603
1567,test,texture,1,1,0.010262,0.988131
1568,test,colour,1,1,0.000233,0.999377
1568,test,packing,0,0,0.000978,0.015281
1568,test,price,1,1,0.002851,0.9902
1568,test,shipping,0,0,0.00877,0.019795
1568,test,smell,0,0,0.007092,0.036264
1568,test,stayingpower,0,0,0.001643,0.023984
1568,test,texture,0,0,0.008475,0.048485
1569,test,colour,0,0,0.07769,0.027306
1569,test,packing,0,0,0.028128,0.056212
1569,test,price,0,0,0.004879,0.005386
1569,test,shipping,1,1,0.001266,0.997737
1569,test,smell,0,0,0.002028,0.001007
1569,test,stayingpower,0,0,0.005742,0.005035
1569,test,texture,0,0,0.008257,0.007342
1570,test,colour,0,0,0.003769,0.014278
1570,test,packing,1,1,0.00533,0.992901
1570,test,price,0,0,0.003496,0.015134
1570,test,shipping,0,0,0.00271,0.019988
1570,test,smell,0,0,0.00433,0.002909
1570,test,stayingpower,0,0,0.00066,0.001962
1570,test,texture,0,0,0.005071,0.019748
1571,test,colour,0,0,0.006151,0.008424
1571,test,packing,0,0,0.10352,0.244273
1571,test,price,1,1,0.002646,0.997094
1571,test,shipping,0,0,0.03998,0.01485
1571,test,smell,0,0,0.011661,0.009533
1571,test,stayingpower,0,0,0.002366,0.006726
1571,test,texture,0,0,0.071411,0.01606
1572,test,colour,0,0,0.008361,0.001573
1572,test,packing,0,0,0.064228,0.112376
1572,test,price,0,0,0.011902,0.029241
1572,test,shipping,0,0,0.007956,0.00553
1572,test,smell,0,0,0.002132,0.001559
1572,test,stayingpower,0,0,0.227676,0.212885
1572,test,texture,0,0,0.160578,0.032517
1573,test,colour,0,0,0.221372,0.041119
1573,test,packing,2,2,0.606225,0.385722
1573,test,price,0,0,0.018282,0.095358
1573,test,shipping,2,2,0.997525,0.002272
1573,test,smell,0,0,0.007842,0.001134
1573,test,stayingpower,0,0,0.065884,0.025758
1573,test,texture,0,0,0.275964,0.126832
1574,test,colour,1,1,0.001747,0.995729
1574,test,packing,0,0,0.005034,0.022507
1574,test,price,0,0,0.005326,0.013309
1574,test,shipping,0,2,0.912156,0.00209
1574,test,smell,1,1,0.017952,0.953563
1574,test,stayingpower,0,1,0.073773,0.682297
1574,test,texture,1,2,0.634629,0.363428
1575,test,colour,0,0,0.002743,0.026763
1575,test,packing,0,0,0.002856,0.023351
1575,test,price,0,0,0.004542,0.012728
1575,test,shipping,1,1,0.000693,0.99316
1575,test,smell,0,0,0.001239,0.005883
1575,test,stayingpower,0,0,0.000667,0.003754
1575,test,texture,0,0,0.000445,0.00469
1576,test,colour,1,1,0.001536,0.997494
1576,test,packing,0,0,0.002467,0.027942
1576,test,price,0,0,0.006045,0.0196
1576,test,shipping,3,1,0.483533,0.507777
1576,test,smell,0,0,0.000878,0.002922
1576,test,stayingpower,0,0,0.003052,0.039915
1576,test,texture,0,0,0.002784,0.017331
1577,test,colour,0,0,0.135342,0.089659
1577,test,packing,0,0,0.077058,0.022693
1577,test,price,1,1,0.016609,0.977082
1577,test,shipping,0,0,0.112058,0.059701
1577,test,smell,0,0,0.272957,0.027479
1577,test,stayingpower,0,0,0.071005,0.065626
1577,test,texture,2,2,0.995759,0.00399
1578,test,colour,0,0,0.01367,0.063173
1578,test,packing,0,0,0.013316,0.032856
1578,test,price,1,1,0.001128,0.998741
1578,test,shipping,0,0,0.154284,0.056408
1578,test,smell,0,0,0.01359,0.029406
1578,test,stayingpower,0,0,0.000387,0.003375
1578,test,texture,0,0,0.035349,0.03392
1579,test,colour,2,2,0.93068,0.057756
1579,test,packing,0,0,0.00411,0.006976
1579,test,price,0,0,0.005206,0.00791
1579,test,shipping,0,0,0.056206,0.018799
1579,test,smell,0,0,0.010025,0.008073
1579,test,stayingpower,1,2,0.537531,0.458225
1579,test,texture,3,1,0.302376,0.627141
1580,test,colour,2,2,0.653117,0.288242
1580,test,packing,0,0,0.006461,0.020059
1580,test,price,0,0,0.005868,0.0529
1580,test,shipping,0,0,0.012057,0.013606
1580,test,smell,0,0,0.005621,0.006775
1580,test,stayingpower,1,1,0.474855,0.524537
1580,test,texture,1,1,0.093827,0.831297
1581,test,colour,1,1,0.00127,0.996394
1581,test,packing,0,1,0.006208,0.97396
1581,test,price,0,0,0.008649,0.074872
1581,test,shipping,2,2,0.996957,0.002418
1581,test,smell,0,0,0.014702,0.022764
1581,test,stayingpower,0,0,0.001089,0.007805
1581,test,texture,0,0,0.003085,0.02134
1582,test,colour,0,0,0.006055,0.033409
1582,test,packing,0,0,0.00566,0.038728
1582,test,price,0,0,0.001975,0.016854
1582,test,shipping,1,0,0.075165,0.271079
1582,test,smell,0,0,0.001364,0.012003
1582,test,stayingpower,0,0,0.0005,0.001978
1582,test,texture,1,1,0.000283,0.971002
1583,test,colour,1,1,0.000331,0.999379
1583,test,packing,1,1,0.001148,0.995503
1583,test,price,0,0,0.000654,0.003743
1583,test,shipping,0,0,0.033778,0.178881
1583,test,smell,0,0,0.010935,0.038218
1583,test,stayingpower,0,0,0.002198,0.014715
1583,test,texture,0,0,0.00341,0.008845
1584,test,colour,0,0,0.007121,0.066008
1584,test,packing,0,0,0.008234,0.044668
1584,test,price,1,1,0.00104,0.998606
1584,test,shipping,1,1,0.015037,0.548806
1584,test,smell,0,0,0.001222,0.011259
1584,test,stayingpower,0,0,0.006014,0.024402
1584,test,texture,0,0,0.007025,0.329862
1585,test,colour,1,1,0.159147,0.839787
1585,test,packing,0,0,0.001407,0.002212
1585,test,price,0,0,0.00151,0.002504
1585,test,shipping,0,0,0.002898,0.01118
1585,test,smell,0,0,0.004779,0.003292
1585,test,stayingpower,0,0,0.003816,0.005265
1585,test,texture,0,0,0.014222,0.003361
1586,test,colour,1,1,0.000175,0.99964
1586,test,packing,0,0,0.001354,0.009092
1586,test,price,1,1,0.002266,0.993839
1586,test,shipping,0,0,0.006568,0.025684
1586,test,smell,0,0,0.006241,0.023123
1586,test,stayingpower,0,0,0.007057,0.072374
1586,test,texture,0,0,0.017343,0.083696
1587,test,colour,0,0,0.029044,0.008135
1587,test,packing,0,0,0.013468,0.012248
1587,test,price,0,0,0.00221,0.007455
1587,test,shipping,1,2,0.704097,0.026958
1587,test,smell,0,0,0.000668,0.000154
1587,test,stayingpower,0,0,0.0006,0.001265
1587,test,texture,0,0,0.009192,0.002537
1588,test,colour,0,0,0.013338,0.070627
1588,test,packing,1,1,0.008222,0.979668
1588,test,price,0,0,0.003651,0.023827
1588,test,shipping,0,0,0.002698,0.044283
1588,test,smell,1,1,0.003485,0.971411
1588,test,stayingpower,0,0,0.012439,0.035846
1588,test,texture,1,1,0.000755,0.996963
1589,test,colour,1,1,0.005452,0.985441
1589,test,packing,1,1,0.008413,0.961279
1589,test,price,0,0,0.00191,0.030657
1589,test,shipping,1,1,0.000348,0.998904
1589,test,smell,0,0,0.005383,0.044882
1589,test,stayingpower,0,0,0.006178,0.020381
1589,test,texture,1,1,0.001859,0.987925
1590,test,colour,0,0,0.003673,0.005616
1590,test,packing,1,1,0.010848,0.970839
1590,test,price,0,0,0.002367,0.00656
1590,test,shipping,0,0,0.006714,0.020327
1590,test,smell,0,0,0.002259,0.001437
1590,test,stayingpower,0,0,0.000687,0.002521
1590,test,texture,0,0,0.001969,0.002521
1591,test,colour,0,0,0.003559,0.04468
1591,test,packing,0,0,0.00139,0.007841
1591,test,price,0,0,0.000732,0.001818
1591,test,shipping,0,0,0.007671,0.016424
1591,test,smell,0,0,0.001974,0.002488
1591,test,stayingpower,0,0,0.000831,0.001824
1591,test,texture,0,0,0.001443,0.010168
1592,test,colour,0,0,0.014235,0.089455
1592,test,packing,0,0,0.008948,0.031762
1592,test,price,0,0,0.015346,0.054062
1592,test,shipping,1,1,0.00039,0.996522
1592,test,smell,1,1,0.001256,0.99773
1592,test,stayingpower,0,0,0.002163,0.003781
1592,test,texture,0,0,0.002546,0.093781
1593,test,colour,1,1,0.000595,0.997283
1593,test,packing,1,1,0.001719,0.997533
1593,test,price,0,0,0.006082,0.043013
1593,test,shipping,0,0,0.166587,0.10666
1593,test,smell,1,1,0.005141,0.991576
1593,test,stayingpower,0,1,0.022342,0.661505
1593,test,texture,0,1,0.049696,0.549856
1594,test,colour,0,0,0.015086,0.027963
1594,test,packing,0,0,0.006638,0.016368
1594,test,price,0,0,0.021643,0.022034
1594,test,shipping,2,2,0.999347,0.000296
1594,test,smell,1,1,0.019016,0.969399
1594,test,stayingpower,0,0,0.020047,0.054004
1594,test,texture,0,0,0.012291,0.033033
1595,test,colour,0,0,0.001934,0.010215
1595,test,packing,0,0,0.001648,0.005954
1595,test,price,0,1,0.005867,0.988167
1595,test,shipping,0,0,0.011183,0.017124
1595,test,smell,0,0,0.002601,0.009546
1595,test,stayingpower,0,0,0.000245,0.003429
1595,test,texture,0,0,0.005162,0.039474
1596,test,colour,1,1,0.000912,0.998095
1596,test,packing,0,0,0.001025,0.011144
1596,test,price,0,0,0.002448,0.006896
1596,test,shipping,0,0,0.001095,0.016134
1596,test,smell,0,0,0.000896,0.001922
1596,test,stayingpower,0,0,0.007194,0.017719
1596,test,texture,0,0,0.002864,0.002575
1597,test,colour,1,1,0.386039,0.567715
1597,test,packing,1,1,0.031721,0.966024
1597,test,price,0,0,0.01412,0.026628
1597,test,shipping,1,1,0.010794,0.986005
1597,test,smell,2,2,0.906674,0.090288
1597,test,stayingpower,0,0,0.098638,0.016986
1597,test,texture,0,0,0.100532,0.045155
1598,test,colour,0,0,0.018314,0.015298
1598,test,packing,1,1,0.007998,0.991069
1598,test,price,0,0,0.00417,0.008898
1598,test,shipping,0,0,0.012746,0.071664
1598,test,smell,0,0,0.005093,0.003486
1598,test,stayingpower,0,0,0.003651,0.003855
1598,test,texture,0,0,0.001205,0.001748
1599,test,colour,0,0,0.004727,0.012113
1599,test,packing,0,1,0.002819,0.996249
1599,test,price,0,0,0.004281,0.01092
1599,test,shipping,0,1,0.000991,0.933062
1599,test,smell,0,0,0.00293,0.005222
1599,test,stayingpower,0,0,0.001208,0.002508
1599,test,texture,0,0,0.002357,0.003047
1600,test,colour,1,1,0.207311,0.792404
1600,test,packing,0,0,0.005603,0.003001
1600,test,price,0,0,0.007766,0.056478
1600,test,shipping,0,0,0.00405,0.011448
1600,test,smell,0,0,0.037141,0.006161
1600,test,stayingpower,0,0,0.236218,0.046924
1600,test,texture,2,2,0.952628,0.040583
1601,test,colour,1,1,0.003485,0.995957
1601,test,packing,1,1,0.014491,0.968755
1601,test,price,1,1,0.004508,0.993237
1601,test,shipping,0,0,0.148505,0.039217
1601,test,smell,0,0,0.280903,0.067628
1601,test,stayingpower,0,0,0.026788,0.036306
1601,test,texture,0,2,0.610748,0.079926
1602,test,colour,1,1,0.013557,0.982713
1602,test,packing,0,0,0.035099,0.080575
1602,test,price,0,0,0.00727,0.024568
1602,test,shipping,0,0,0.018988,0.049086
1602,test,smell,0,0,0.011153,0.006071
1602,test,stayingpower,0,0,0.161413,0.219486
1602,test,texture,2,2,0.997739,0.001465
1603,test,colour,0,0,0.011993,0.011241
1603,test,packing,0,0,0.034456,0.017919
1603,test,price,0,0,0.032977,0.235683
1603,test,shipping,1,2,0.938588,0.060758
1603,test,smell,0,0,0.001843,0.000493
1603,test,stayingpower,0,0,0.001051,0.002193
1603,test,texture,0,0,0.003365,0.006825
1604,test,colour,3,0,0.010283,0.034354
1604,test,packing,0,0,0.005084,0.013853
1604,test,price,0,0,0.009301,0.012843
1604,test,shipping,0,0,0.039774,0.018583
1604,test,smell,0,0,0.003129,0.015462
1604,test,stayingpower,1,1,0.131024,0.86664
1604,test,texture,3,1,0.126295,0.854217
1605,test,colour,0,0,0.015668,0.02742
1605,test,packing,1,1,0.003931,0.994646
1605,test,price,0,0,0.00098,0.00258
1605,test,shipping,0,0,0.111045,0.24429
1605,test,smell,0,0,0.003625,0.003284
1605,test,stayingpower,0,0,0.000192,0.000709
1605,test,texture,0,0,0.001099,0.006529
1606,test,colour,1,1,0.004085,0.995803
1606,test,packing,0,0,0.002838,0.006615
1606,test,price,1,1,0.012372,0.950076
1606,test,shipping,0,0,0.014633,0.018337
1606,test,smell,0,0,0.03389,0.009432
1606,test,stayingpower,0,0,0.249151,0.196999
1606,test,texture,2,2,0.990233,0.004963
1607,test,colour,0,0,0.005498,0.011152
1607,test,packing,0,0,0.005027,0.01135
1607,test,price,0,0,0.004713,0.009486
1607,test,shipping,0,0,0.002167,0.003231
1607,test,smell,0,0,0.001579,0.001086
1607,test,stayingpower,0,0,0.000388,0.001167
1607,test,texture,0,0,0.003062,0.004282
1608,test,colour,0,0,0.003446,0.005873
1608,test,packing,0,0,0.005004,0.011068
1608,test,price,0,0,0.001882,0.014916
1608,test,shipping,0,0,0.006543,0.025861
1608,test,smell,0,0,0.005696,0.033438
1608,test,stayingpower,0,0,0.001019,0.005559
1608,test,texture,1,1,0.001118,0.99146
1609,test,colour,1,2,0.828833,0.170193
1609,test,packing,0,0,0.00232,0.003599
1609,test,price,0,0,0.002365,0.001952
1609,test,shipping,0,0,0.004348,0.091708
1609,test,smell,0,0,0.009481,0.00365
1609,test,stayingpower,0,0,0.054076,0.010776
1609,test,texture,0,0,0.00761,0.006066
1610,test,colour,1,1,0.002314,0.992523
1610,test,packing,0,0,0.008099,0.053941
1610,test,price,0,0,0.001563,0.003599
1610,test,shipping,3,2,0.999554,0.000266
1610,test,smell,0,0,0.029965,0.101071
1610,test,stayingpower,0,0,0.02735,0.111256
1610,test,texture,1,1,0.006109,0.973438
1611,test,colour,1,1,0.001171,0.998368
1611,test,packing,0,0,0.014241,0.16915
1611,test,price,0,1,0.019288,0.928987
1611,test,shipping,2,2,0.997989,0.001305
1611,test,smell,1,1,0.016382,0.953269
1611,test,stayingpower,0,0,0.017148,0.125852
1611,test,texture,0,0,0.013485,0.069678
1612,test,colour,0,0,0.156215,0.006868
1612,test,packing,2,2,0.949626,0.048879
1612,test,price,1,1,0.132512,0.818254
1612,test,shipping,0,2,0.753258,0.123963
1612,test,smell,0,0,0.0999,0.004763
1612,test,stayingpower,0,0,0.044882,0.008491
1612,test,texture,0,2,0.532739,0.011822
1613,test,colour,0,0,0.003277,0.207393
1613,test,packing,0,0,0.002078,0.010417
1613,test,price,0,0,0.003016,0.007073
1613,test,shipping,0,0,0.001377,0.004251
1613,test,smell,0,0,0.003035,0.014857
1613,test,stayingpower,3,1,0.020462,0.974892
1613,test,texture,3,1,0.023142,0.953846
1614,test,colour,0,0,0.007309,0.018776
1614,test,packing,0,0,0.002651,0.003289
1614,test,price,0,0,0.004768,0.00703
1614,test,shipping,0,0,0.000725,0.00332
1614,test,smell,0,0,0.032158,0.025798
1614,test,stayingpower,0,0,0.00136,0.001459
1614,test,texture,0,0,0.006249,0.009096
1615,test,colour,1,1,0.000392,0.99918
1615,test,packing,1,1,0.00255,0.993179
1615,test,price,0,0,0.001854,0.008986
1615,test,shipping,0,0,0.03316,0.051589
1615,test,smell,0,0,0.010252,0.022828
1615,test,stayingpower,0,0,0.001768,0.009523
1615,test,texture,0,0,0.003828,0.009833
1616,test,colour,0,0,0.003873,0.011065
1616,test,packing,0,0,0.00602,0.01626
1616,test,price,0,0,0.006855,0.013271
1616,test,shipping,0,0,0.041413,0.035449
1616,test,smell,0,0,0.000678,0.000385
1616,test,stayingpower,0,0,9.5e-05,0.000545
1616,test,texture,0,0,0.001935,0.002328
1617,test,colour,0,0,0.003344,0.054145
1617,test,packing,0,0,0.005405,0.053891
1617,test,price,0,0,0.009326,0.024631
1617,test,shipping,2,2,0.996645,0.003195
1617,test,smell,0,0,0.003219,0.007336
1617,test,stayingpower,0,0,0.001267,0.009175
1617,test,texture,0,0,0.001932,0.027961
1618,test,colour,1,1,0.000406,0.998827
1618,test,packing,0,0,0.000961,0.009425
1618,test,price,0,0,0.002433,0.010105
1618,test,shipping,0,0,0.011115,0.057508
1618,test,smell,0,0,0.00472,0.030424
1618,test,stayingpower,0,0,0.001317,0.005239
1618,test,texture,0,0,0.000475,0.003226
1619,test,colour,3,2,0.835778,0.160763
1619,test,packing,0,0,0.120797,0.045104
1619,test,price,1,1,0.015149,0.982688
1619,test,shipping,0,0,0.151033,0.033899
1619,test,smell,1,1,0.394362,0.604456
1619,test,stayingpower,0,0,0.005928,0.002661
1619,test,texture,0,2,0.551031,0.071642
1620,test,colour,0,0,0.020167,0.078222
1620,test,packing,1,1,0.008156,0.991214
1620,test,price,0,0,0.011106,0.030522
1620,test,shipping,1,1,0.010735,0.986894
1620,test,smell,2,2,0.521949,0.466422
1620,test,stayingpower,0,0,0.014171,0.011803
1620,test,texture,0,0,0.006338,0.052081
1621,test,colour,0,0,0.131671,0.149735
1621,test,packing,0,0,0.012685,0.010036
1621,test,price,0,0,0.005096,0.042467
1621,test,shipping,0,0,0.001013,0.005413
1621,test,smell,0,0,0.130069,0.02047
1621,test,stayingpower,0,0,0.174068,0.020309
1621,test,texture,1,1,0.006001,0.993755
1622,test,colour,1,1,8.1e-05,0.999567
1622,test,packing,1,1,0.004172,0.862283
1622,test,price,0,0,0.002113,0.023207
1622,test,shipping,0,0,0.009664,0.038345
1622,test,smell,0,0,0.00295,0.008101
1622,test,stayingpower,0,0,0.00074,0.009577
1622,test,texture,0,0,0.004642,0.032333
